id,title,organization,role_family,country,location,availability_status,published_date,last_checked,record_type,source_quality,match_score,url,notes
job-00001,"Sr. Program Manager, Ops Integration",Amazon,Program Delivery,Egypt,Cairo,Available,2026-06-22,2026-07-24,Official Vacancy,A,94,https://www.amazon.jobs/en/search?country=EGY&loc_query=Egypt,"Amazon Job ID 10454746. Operations integration, program leadership and cross-functional delivery."
job-00002,"Launch Program Manager, Amazon Now",Amazon,Program Delivery,Egypt,Cairo,Available,2026-06-23,2026-07-24,Official Vacancy,A,92,https://www.amazon.jobs/en/search?country=EGY&loc_query=Egypt,"Amazon Job ID 10456264. Program strategy, end-to-end delivery, metrics and senior-stakeholder communication."
job-00003,"Program Manager - QC Inventory Health, Supply Chain",Amazon,Supply Chain Transformation,Egypt,Cairo,Available,2026-07-01,2026-07-24,Official Vacancy,A,90,https://amazon.jobs/es/search?base_query=&country=EGY&loc_query=Egypt&sort=relevant,Amazon Job ID 10463444. Cross-functional technology and operations program improvement using data and metrics.
job-00004,Global Continuous Improvement & Governance Lead,Unilever,Governance & Continuous Improvement,Egypt,6th of October City,Available,2026-07-22,2026-07-24,Official Vacancy,A,88,https://careers.unilever.com/en/Egypt,Current official Unilever Egypt listing focused on governance and continuous improvement. Verify details on the official career page.
job-00005,"Program Manager Inventory, Supply Chain",Amazon,Supply Chain Transformation,Egypt,Cairo,Available,2026-06-22,2026-07-24,Official Vacancy,A,88,https://www.amazon.jobs/en/search?country=EGY&loc_query=Egypt,"Amazon Job ID 10454589. Inventory, supply-chain program management and data-driven improvement."
job-00006,Category Manager - Terminal Procurement,A.P. Moller - Maersk,Supply Chain & Procurement,United Arab Emirates,Dubai,Available,2026-07-09,2026-07-24,Official Vacancy,A,82,https://www.maersk.com/careers/vacancies/wd/Category-Manager--Terminal-Procurement_R187082/jt-category-manager-terminal-procurement,International sourcing and terminal procurement within a global integrated logistics group.
job-00007,Egypt Warehouse Assistant Manager,Unilever,Supply Chain Leadership,Egypt,6th of October City,Available,2026-07-22,2026-07-24,Official Vacancy,A,80,https://careers.unilever.com/en/Egypt,Current official Unilever Egypt listing in warehouse and supply-chain leadership.
job-00008,"Operations City Manager, UAF",Amazon,Operations Leadership,Egypt,Cairo,Available,2026-07-02,2026-07-24,Official Vacancy,A,78,https://amazon.jobs/es/search?base_query=&country=EGY&loc_query=Egypt&sort=relevant,Amazon Job ID 10464467. Logistics and operational leadership.
job-00009,"Enterprise Architect, Data Integration and BI",Myers-Holum,Enterprise Architecture,Worldwide,Remote / location dependent,Available,,2026-07-20,Verified Vacancy,A,70,https://job-boards.greenhouse.io/mhi/jobs/6571212003,"Verify eligibility, deadline and work authorization on the linked source before applying."
job-00010,Solution/Enterprise Architect - Martech Consolidation,Exadel,Enterprise Architecture,Worldwide,Remote / contract,Available,,2026-07-20,Verified Vacancy,A,66,https://job-boards.greenhouse.io/externaljobboards/jobs/6109259004,"Verify eligibility, deadline and work authorization on the linked source before applying."
job-00011,Transformation Architect - Northern Europe,Zscaler,Enterprise Architecture,Worldwide,Remote Northern Europe,Available,,2026-07-20,Verified Vacancy,A,66,https://job-boards.greenhouse.io/zscaler/jobs/4998839007,"Verify eligibility, deadline and work authorization on the linked source before applying."
job-00012,Cloud Solutions Architect - Alliances,Canonical,Solution Architecture,Worldwide,Worldwide Remote,Available,2026-07-20,2026-07-20,Verified Vacancy,A,64,https://canonical.com/careers/all?search=cloud,"Verify eligibility, deadline and work authorization on the linked source before applying."
job-00013,Lead Data Governance Engineer,Canonical,Data & Governance,Worldwide,EMEA Remote,Available,2026-07-20,2026-07-20,Verified Vacancy,A,64,https://canonical.com/careers/all?search=App,"Verify eligibility, deadline and work authorization on the linked source before applying."
job-00014,Solution Architecture Manager,Canonical,Solution Architecture,Worldwide,Worldwide Remote,Available,2026-07-20,2026-07-20,Verified Vacancy,A,62,https://canonical.com/careers/all?search=public+cloud,"Verify eligibility, deadline and work authorization on the linked source before applying."
job-00015,Solutions Architect for Automotive,Canonical,Solution Architecture,Worldwide,Worldwide Remote,Available,2026-07-20,2026-07-20,Verified Vacancy,A,62,https://canonical.com/careers/all?search=cloud,"Verify eligibility, deadline and work authorization on the linked source before applying."
job-00016,Engineering Manager - Data Platform,Canonical,Data & Governance,Worldwide,Worldwide Remote,Available,2026-07-20,2026-07-20,Verified Vacancy,A,61,https://canonical.com/careers/all?search=App,"Verify eligibility, deadline and work authorization on the linked source before applying."
job-00017,Cloud Field Engineering Manager,Canonical,IT Leadership,Worldwide,Worldwide Remote,Available,2026-07-20,2026-07-20,Verified Vacancy,A,59,https://canonical.com/careers/all?search=cloud,"Verify eligibility, deadline and work authorization on the linked source before applying."
job-00018,Cloud Professional Services Manager,Canonical,IT Leadership,Worldwide,Worldwide Remote,Available,2026-07-20,2026-07-20,Verified Vacancy,A,59,https://canonical.com/careers/all?search=Home+based,"Verify eligibility, deadline and work authorization on the linked source before applying."
job-00019,Director of Enterprise Architecture,OneSource Virtual,Enterprise Architecture,United States,Remote / Verify,Expired,,2026-07-20,Platform-Indexed Vacancy,B,70,https://careers.ta.com/companies/onesource-virtual-2/jobs/69576711-director-of-enterprise-architecture,Confirm location and work authorization
job-00020,"Director, Solutions Architecture - Enterprise & Strategic",ClickHouse,Solution Architecture,United States,Remote-friendly,Expired,,2026-07-20,Platform-Indexed Vacancy,A,70,https://boards.greenhouse.io/clickhouse/jobs/6006037004,US role; remote-friendly company
job-00021,Enterprise and Solution Architect,Nagarro,Enterprise Architecture,Oman,Muscat,Possibly Available,2026-07-18,2026-07-20,Platform-Indexed Vacancy,B,70,https://om.linkedin.com/jobs/view/enterpise-and-solution-architect-at-nagarro-4436993214,"Verify eligibility, deadline and work authorization on the linked source before applying."
job-00022,"Senior Director, Enterprise Architecture",Foot Locker,Enterprise Architecture,United States,Fully remote,Expired,,2026-07-20,Platform-Indexed Vacancy,B,70,https://careers.footlocker.com/jobs/68535?lang=en-us,US only
job-00023,Data Solutions Presales Architect - English & French,Hewlett Packard Enterprise,Solution Architecture,Egypt,Cairo,Expired,,2026-07-20,Platform-Indexed Vacancy,B,69,https://www.linkedin.com/jobs/view/4340103624/,English and French required
job-00024,"Director, Digital Health and Informatics",Last Mile Health,Healthcare IT,Kenya,Kenya,Possibly Available,2026-07-06,2026-07-20,Platform-Indexed Vacancy,B,68,https://ke.linkedin.com/jobs/it-director-jobs,"Verify eligibility, deadline and work authorization on the linked source before applying."
job-00025,Enterprise Architect,Element Solutions,Enterprise Architecture,United States,Remote,Expired,,2026-07-20,Platform-Indexed Vacancy,A,68,https://jobs.lever.co/elementsolutions/d19d53b2-af7b-483e-adac-eb4d326a885d,US government-contract environment
job-00026,Enterprise Architect - Banking,JODAYN,Enterprise Architecture,Saudi Arabia,Riyadh,Expired,,2026-07-20,Platform-Indexed Vacancy,B,68,https://sa.linkedin.com/jobs/view/enterprise-architect-banking-at-jodayn-%D8%AC%D9%88%D8%AF%D9%8A%D9%86-4412552306,Verify eligibility
job-00027,Government Affairs & Regional Public Affairs Head - KSA,Sanofi,Healthcare IT & Digital Health,Saudi Arabia,Riyadh,Expired,,2026-07-20,Platform-Indexed Vacancy,B,68,https://jobs.sanofi.com/en/job/riyadh/government-affairs-and-reginal-public-affairs-head-ksa/2649/40769505536,Arabic and English mandatory
job-00028,Pre-Sales Enterprise Architect,NTT DATA,Enterprise Architecture,Germany,Remote,Expired,,2026-07-20,Platform-Indexed Vacancy,B,68,https://www.remoterocketship.com/jobs/enterprise-architect/,Germany; German language likely required
job-00029,Architecture Advisor Expert,SAP,Enterprise Architecture,Egypt,Cairo,Possibly Available,2026-07-06,2026-07-20,Platform-Indexed Vacancy,B,67,https://eg.linkedin.com/jobs/digital-transformation-manager-jobs?countryRedirected=1,"Verify eligibility, deadline and work authorization on the linked source before applying."
job-00030,Data Governance Lead,Intellias,Data Architecture & Governance,Egypt,Cairo,Expired,,2026-07-20,Platform-Indexed Vacancy,B,67,https://www.linkedin.com/jobs/view/4429998727/,Governance frameworks and data catalog experience
job-00031,Data Management Lead,SILO HUB,Data Architecture & Governance,Egypt,Heliopolis / Cairo,Expired,,2026-07-20,Platform-Indexed Vacancy,B,67,https://www.linkedin.com/jobs/view/4439744047/,Enterprise data strategy and stewardship
job-00032,Enterprise Architect,Veeam Software,Enterprise Architecture,Egypt,Egypt,Possibly Available,2026-07-13,2026-07-20,Platform-Indexed Vacancy,B,67,https://eg.linkedin.com/jobs/digital-transformation-manager-jobs?countryRedirected=1,"Verify eligibility, deadline and work authorization on the linked source before applying."
job-00033,"Enterprise Architect, Commercial",Coca-Cola HBC,Enterprise Architecture,Egypt,Cairo,Expired,,2026-07-20,Platform-Indexed Vacancy,B,67,https://eg.linkedin.com/jobs/view/enterprise-architect-commercial-at-coca-cola-hbc-4436710502,Verify listing remains open
job-00034,"Enterprise Architect, Planning",Coca-Cola HBC,Enterprise Architecture,Egypt,Cairo,Expired,,2026-07-20,Platform-Indexed Vacancy,B,67,https://www.linkedin.com/jobs/view/4436716196/,Verify listing remains open
job-00035,ETIC Solution Architecture Director,PwC,Solution Architecture,Egypt,Cairo,Possibly Available,2026-07-06,2026-07-20,Platform-Indexed Vacancy,B,67,https://eg.linkedin.com/jobs/digital-transformation-manager-jobs?countryRedirected=1,"Verify eligibility, deadline and work authorization on the linked source before applying."
job-00036,IT Enterprise Applications Architect,Confidential / LinkedIn listing,Enterprise Architecture,Egypt,Cairo,Expired,,2026-07-20,Platform-Indexed Vacancy,B,67,https://www.linkedin.com/jobs/view/4397919725/,Employer details may require sign-in
job-00037,Platform Architect - Employee Experience,Coca-Cola HBC,Enterprise Architecture,Egypt,New Cairo,Expired,,2026-07-20,Platform-Indexed Vacancy,B,67,https://www.linkedin.com/jobs/view/4413403409/,"SharePoint, Viva and Workday experience"
job-00038,Platform Architect - Manufacturing & Maintenance,Coca-Cola HBC,Enterprise Architecture,Egypt,Cairo,Expired,,2026-07-20,Platform-Indexed Vacancy,B,67,https://www.linkedin.com/jobs/view/4359796643/,SAP S/4HANA and manufacturing experience
job-00039,Senior Data Governance Specialist,SDG Group Middle East,Data Architecture & Governance,Egypt,Cairo,Expired,,2026-07-20,Platform-Indexed Vacancy,B,67,https://www.linkedin.com/jobs/view/4434543511/,Hands-on governance implementation
job-00040,Architect,Jobgether client,Enterprise Architecture,Turkey,Remote,Expired,,2026-07-20,Platform-Indexed Vacancy,A,66,https://jobs.lever.co/jobgether?location=Turkey,Remote role tied to Turkey
job-00041,Architect - AI Trainer,10x Team,Enterprise Architecture,Remote / Verify Countries,Fully remote freelance,Expired,,2026-07-20,Platform-Indexed Vacancy,B,66,https://jobs.ashbyhq.com/10xteam/f16425b1-895d-4103-9006-90a2ef8a27fa,Confirm accepted countries; 8–20 hours/week
job-00042,Business Architect,Ibility,Enterprise Architecture,United States / Verify,Remote,Expired,,2026-07-20,Platform-Indexed Vacancy,A,66,https://jobs.lever.co/ibility/b1c4684e-b4ee-42f3-9b6a-ec60cf9875fd,US-oriented role; TOGAF/FEAF experience requested
job-00043,Business Manager Digital Health (HealthCare IT),Siemens Healthineers,Healthcare IT & Digital Health,Saudi Arabia,Riyadh,Expired,,2026-07-20,Platform-Indexed Vacancy,B,66,https://jobs.siemens.com/nl_NL/externaljobs/JobDetail/513954,Saudi nationals
job-00044,Data Catalog & Data Governance Specialist,Jobgether client,Data Architecture & Governance,Belgium,Remote contract,Expired,,2026-07-20,Platform-Indexed Vacancy,A,66,https://jobs.lever.co/jobgether?location=Belgium,Belgium-based contract
job-00045,Enterprise Architect,FNRCO,Enterprise Architecture,Saudi Arabia,Riyadh,Expired,,2026-07-20,Platform-Indexed Vacancy,B,66,https://www.linkedin.com/jobs/view/4339458055/,Verify eligibility
job-00046,Enterprise Architect,Oman Housing Bank,Enterprise Architecture,Oman,Muscat,Expired,,2026-07-20,Platform-Indexed Vacancy,B,66,https://om.linkedin.com/jobs/view/enterprise-architect-at-oman-housing-bank-%D8%A8%D9%86%D9%83-%D8%A7%D9%84%D8%A5%D8%B3%D9%83%D8%A7%D9%86-%D8%A7%D9%84%D8%B9%D9%8F%D9%85%D8%A7%D9%86%D9%8A-4438960983,Verify eligibility
job-00047,Enterprise Architect,KalSoft,Enterprise Architecture,Oman,Muscat,Expired,,2026-07-20,Platform-Indexed Vacancy,B,66,https://om.linkedin.com/jobs/view/enterprise-architect-at-kalsoft-4429849156,Verify eligibility
job-00048,Enterprise Architect,Best Buy Canada,Enterprise Architecture,Canada,Remote,Expired,,2026-07-20,Platform-Indexed Vacancy,B,66,https://www.remoterocketship.com/jobs/enterprise-architect/,Canada remote
job-00049,Enterprise Architect,Wandelbots,Enterprise Architecture,Germany,Remote,Expired,,2026-07-20,Platform-Indexed Vacancy,B,66,https://www.remoterocketship.com/jobs/enterprise-architect/,Germany remote
job-00050,Enterprise Architect - P&C Insurance,Al-Futtaim / Orient Insurance,Enterprise Architecture,United Arab Emirates,Dubai,Expired,2026-07-20,2026-07-20,Platform-Indexed Vacancy,B,66,https://www.linkedin.com/jobs/view/4400399857/,P&C insurance experience preferred
job-00051,Enterprise Architecture Manager,Linnk Group,Enterprise Architecture,Saudi Arabia,Riyadh,Possibly Available,2026-07-20,2026-07-20,Platform-Indexed Vacancy,B,66,https://sa.linkedin.com/jobs/it-leadership-jobs,"Verify eligibility, deadline and work authorization on the linked source before applying."
job-00052,Enterprise Solutions Architect - Presales Expert,DXC Technology,Enterprise Architecture,Saudi Arabia,Riyadh,Expired,,2026-07-20,Platform-Indexed Vacancy,B,66,https://sa.linkedin.com/jobs/view/enterprise-solutions-architect-presales-expert-at-dxc-technology-4427443223,
job-00053,Enterprise Solutions Architect - Presales Expert,DXC Technology,Enterprise Architecture,United Arab Emirates,Dubai,Possibly Available,2026-07-18,2026-07-20,Platform-Indexed Vacancy,B,66,https://ae.linkedin.com/jobs/view/enterprise-solutions-architect-presales-expert-at-dxc-technology-4427440228,"Verify eligibility, deadline and work authorization on the linked source before applying."
job-00054,Information Systems - Open Source Technical Architect,Canonical,Enterprise Architecture,Worldwide / Verify,Home-based,Expired,,2026-07-20,Platform-Indexed Vacancy,A,66,https://canonical.com/careers/4551832,Confirm supported hiring country during application
job-00055,Key Account Manager - Diagnostics Laboratory,Siemens Healthineers,Healthcare IT & Digital Health,Saudi Arabia,Riyadh,Expired,2026-07-20,2026-07-20,Platform-Indexed Vacancy,B,66,https://jobs.siemens-healthineers.com/de_DE/searchjobs/JobDetail/511930,Saudi nationals only
job-00056,Laboratory Manager,M42 Health,Healthcare IT & Digital Health,United Arab Emirates,Abu Dhabi,Expired,2026-07-20,2026-07-20,Platform-Indexed Vacancy,B,66,https://ae.linkedin.com/jobs/view/laboratory-manager-at-m42-health-4187981228,Laboratory-management experience required
job-00057,Manager Enterprise Architect,Emirates Group,Enterprise Architecture,United Arab Emirates,Dubai,Expired,,2026-07-20,Platform-Indexed Vacancy,B,66,https://www.emiratesgroupcareers.com/search-and-apply/24681,Verify page remains open
job-00058,"Manager, Enterprise Architecture",Adobe,Enterprise Architecture,United States,Remote,Expired,,2026-07-20,Platform-Indexed Vacancy,B,66,https://careers.adobe.com/us/en/job/R167331/Manager-Enterprise-Architecture,Remote California / US eligibility
job-00059,Oracle Enterprise Architect,Oracle,Enterprise Architecture,Kuwait,Kuwait City,Expired,,2026-07-20,Platform-Indexed Vacancy,B,66,https://kw.linkedin.com/jobs/view/oracle-enterprise-architect-at-oracle-4071700994,Verify eligibility
job-00060,Principal Enterprise Architect,Landmark Group,Enterprise Architecture,United Arab Emirates,Dubai,Expired,,2026-07-20,Platform-Indexed Vacancy,B,66,https://ae.linkedin.com/jobs/view/principal-enterprise-architect-at-landmark-group-4425794046,Verify eligibility
job-00061,Senior Digital Architect,QatarEnergy,Enterprise Architecture,Qatar,Doha,Expired,,2026-07-20,Platform-Indexed Vacancy,B,66,https://careerportal.qatarenergy.qa/jobs,Verify detailed eligibility
job-00062,Senior Manager - Enterprise Architect,Mace,Enterprise Architecture,Saudi Arabia,Riyadh,Possibly Available,2026-07-15,2026-07-20,Platform-Indexed Vacancy,B,66,https://sa.linkedin.com/jobs/senior-manager-consulting-services-jobs?countryRedirected=1,"Verify eligibility, deadline and work authorization on the linked source before applying."
job-00063,"Senior Manager, Enterprise Architecture",Adobe,Enterprise Architecture,United States,Remote / Flexible,Expired,,2026-07-20,Platform-Indexed Vacancy,B,66,https://careers.adobe.com/us/en/job/R168299/Senior-Manager-of-Enterprise-Architecture,US hiring eligibility
job-00064,Solution Architect - Enterprise,Riyadh Air,Solution Architecture,Saudi Arabia,Riyadh,Possibly Available,2026-07-06,2026-07-20,Platform-Indexed Vacancy,B,66,https://sa.linkedin.com/jobs/digital-transformation-advisor-jobs?countryRedirected=1,"Verify eligibility, deadline and work authorization on the linked source before applying."
job-00065,Solution Enterprise Architect,CoorB,Enterprise Architecture,Saudi Arabia,Riyadh,Possibly Available,2026-07-19,2026-07-20,Platform-Indexed Vacancy,B,66,https://sa.linkedin.com/jobs/digital-transformation-advisor-jobs?countryRedirected=1,"Verify eligibility, deadline and work authorization on the linked source before applying."
job-00066,Associate Director - MENA Chief Data Officer,EY,Data & Governance,Egypt,Cairo,Possibly Available,2026-07-20,2026-07-20,Platform-Indexed Vacancy,B,65,https://eg.linkedin.com/jobs/digital-transformation-manager-jobs?countryRedirected=1,"Verify eligibility, deadline and work authorization on the linked source before applying."
job-00067,AWS Cloud Solution Architect (CDK Support),SSC HR Solutions,Solution Architecture,Egypt,New Cairo / Hybrid,Expired,,2026-07-20,Platform-Indexed Vacancy,A,65,https://jobs.workable.com/view/jX9DuPw6foy5n8FWKmrB1U/hybrid-aws-cloud-solution-architect-%28cdk-support%29-in-new-cairo-city-at-ssc-hr-solutions,Hybrid New Cairo
job-00068,Data Governance Manager — Bayt Live Search,Egypt,Live Job Search,Egypt,Live / varies,Possibly Available,,2026-07-20,Platform-Indexed Vacancy,B,65,https://www.bayt.com/en/egypt/jobs/Data%20Governance%20Manager-jobs/,"Egypt live-search pack. This is a live search link, not one fixed vacancy."
job-00069,Data Governance Manager — Bayt Live Search,Saudi Arabia,Live Job Search,Saudi Arabia,Live / varies,Possibly Available,,2026-07-20,Platform-Indexed Vacancy,B,65,https://www.bayt.com/en/saudi-arabia/jobs/Data%20Governance%20Manager-jobs/,"GCC live-search pack. This is a live search link, not one fixed vacancy."
job-00070,Data Governance Manager — Bayt Live Search,United Arab Emirates,Live Job Search,United Arab Emirates,Live / varies,Possibly Available,,2026-07-20,Platform-Indexed Vacancy,B,65,https://www.bayt.com/en/united-arab-emirates/jobs/Data%20Governance%20Manager-jobs/,"GCC live-search pack. This is a live search link, not one fixed vacancy."
job-00071,Data Governance Manager — Bayt Live Search,Qatar,Live Job Search,Qatar,Live / varies,Possibly Available,,2026-07-20,Platform-Indexed Vacancy,B,65,https://www.bayt.com/en/qatar/jobs/Data%20Governance%20Manager-jobs/,"GCC live-search pack. This is a live search link, not one fixed vacancy."
job-00072,Data Governance Manager — Bayt Live Search,Kuwait,Live Job Search,Kuwait,Live / varies,Possibly Available,,2026-07-20,Platform-Indexed Vacancy,B,65,https://www.bayt.com/en/kuwait/jobs/Data%20Governance%20Manager-jobs/,"GCC live-search pack. This is a live search link, not one fixed vacancy."
job-00073,Data Governance Manager — Bayt Live Search,Oman,Live Job Search,Oman,Live / varies,Possibly Available,,2026-07-20,Platform-Indexed Vacancy,B,65,https://www.bayt.com/en/oman/jobs/Data%20Governance%20Manager-jobs/,"GCC live-search pack. This is a live search link, not one fixed vacancy."
job-00074,Data Governance Manager — Bayt Live Search,Bahrain,Live Job Search,Bahrain,Live / varies,Possibly Available,,2026-07-20,Platform-Indexed Vacancy,B,65,https://www.bayt.com/en/bahrain/jobs/Data%20Governance%20Manager-jobs/,"GCC live-search pack. This is a live search link, not one fixed vacancy."
job-00075,Data Governance Manager — Google Live Search,Egypt,Live Job Search,Egypt,Live / varies,Possibly Available,,2026-07-20,Platform-Indexed Vacancy,B,65,https://www.google.com/search?q=Egypt+Data+Governance+Manager+jobs+posted+this+week,"Egypt live-search pack. This is a live search link, not one fixed vacancy."
job-00076,Data Governance Manager — GulfTalent Live Search,Saudi Arabia,Live Job Search,Saudi Arabia,Live / varies,Possibly Available,,2026-07-20,Platform-Indexed Vacancy,B,65,https://www.gulftalent.com/jobs?keywords=Data+Governance+Manager,"GCC live-search pack. This is a live search link, not one fixed vacancy."
job-00077,Data Governance Manager — GulfTalent Live Search,United Arab Emirates,Live Job Search,United Arab Emirates,Live / varies,Possibly Available,,2026-07-20,Platform-Indexed Vacancy,B,65,https://www.gulftalent.com/jobs?keywords=Data+Governance+Manager,"GCC live-search pack. This is a live search link, not one fixed vacancy."
job-00078,Data Governance Manager — GulfTalent Live Search,Qatar,Live Job Search,Qatar,Live / varies,Possibly Available,,2026-07-20,Platform-Indexed Vacancy,B,65,https://www.gulftalent.com/jobs?keywords=Data+Governance+Manager,"GCC live-search pack. This is a live search link, not one fixed vacancy."
job-00079,Data Governance Manager — GulfTalent Live Search,Kuwait,Live Job Search,Kuwait,Live / varies,Possibly Available,,2026-07-20,Platform-Indexed Vacancy,B,65,https://www.gulftalent.com/jobs?keywords=Data+Governance+Manager,"GCC live-search pack. This is a live search link, not one fixed vacancy."
job-00080,Data Governance Manager — GulfTalent Live Search,Oman,Live Job Search,Oman,Live / varies,Possibly Available,,2026-07-20,Platform-Indexed Vacancy,B,65,https://www.gulftalent.com/jobs?keywords=Data+Governance+Manager,"GCC live-search pack. This is a live search link, not one fixed vacancy."
job-00081,Data Governance Manager — GulfTalent Live Search,Bahrain,Live Job Search,Bahrain,Live / varies,Possibly Available,,2026-07-20,Platform-Indexed Vacancy,B,65,https://www.gulftalent.com/jobs?keywords=Data+Governance+Manager,"GCC live-search pack. This is a live search link, not one fixed vacancy."
job-00082,Data Governance Manager — LinkedIn Live Search,Egypt,Live Job Search,Egypt,Live / varies,Possibly Available,,2026-07-20,Platform-Indexed Vacancy,B,65,https://www.linkedin.com/jobs/search/?keywords=Data+Governance+Manager&sortBy=DD&location=Egypt,"Egypt live-search pack. This is a live search link, not one fixed vacancy."
job-00083,Data Governance Manager — LinkedIn Live Search,Saudi Arabia,Live Job Search,Saudi Arabia,Live / varies,Possibly Available,,2026-07-20,Platform-Indexed Vacancy,B,65,https://www.linkedin.com/jobs/search/?keywords=Data+Governance+Manager&sortBy=DD&location=Saudi+Arabia,"GCC live-search pack. This is a live search link, not one fixed vacancy."
job-00084,Data Governance Manager — LinkedIn Live Search,United Arab Emirates,Live Job Search,United Arab Emirates,Live / varies,Possibly Available,,2026-07-20,Platform-Indexed Vacancy,B,65,https://www.linkedin.com/jobs/search/?keywords=Data+Governance+Manager&sortBy=DD&location=United+Arab+Emirates,"GCC live-search pack. This is a live search link, not one fixed vacancy."
job-00085,Data Governance Manager — LinkedIn Live Search,Qatar,Live Job Search,Qatar,Live / varies,Possibly Available,,2026-07-20,Platform-Indexed Vacancy,B,65,https://www.linkedin.com/jobs/search/?keywords=Data+Governance+Manager&sortBy=DD&location=Qatar,"GCC live-search pack. This is a live search link, not one fixed vacancy."
job-00086,Data Governance Manager — LinkedIn Live Search,Kuwait,Live Job Search,Kuwait,Live / varies,Possibly Available,,2026-07-20,Platform-Indexed Vacancy,B,65,https://www.linkedin.com/jobs/search/?keywords=Data+Governance+Manager&sortBy=DD&location=Kuwait,"GCC live-search pack. This is a live search link, not one fixed vacancy."
job-00087,Data Governance Manager — LinkedIn Live Search,Oman,Live Job Search,Oman,Live / varies,Possibly Available,,2026-07-20,Platform-Indexed Vacancy,B,65,https://www.linkedin.com/jobs/search/?keywords=Data+Governance+Manager&sortBy=DD&location=Oman,"GCC live-search pack. This is a live search link, not one fixed vacancy."
job-00088,Data Governance Manager — LinkedIn Live Search,Bahrain,Live Job Search,Bahrain,Live / varies,Possibly Available,,2026-07-20,Platform-Indexed Vacancy,B,65,https://www.linkedin.com/jobs/search/?keywords=Data+Governance+Manager&sortBy=DD&location=Bahrain,"GCC live-search pack. This is a live search link, not one fixed vacancy."
job-00089,Data Governance Manager — Wuzzuf Live Search,Egypt,Live Job Search,Egypt,Live / varies,Possibly Available,,2026-07-20,Platform-Indexed Vacancy,B,65,https://wuzzuf.net/search/jobs/?q=Data+Governance+Manager&a=navbl,"Egypt live-search pack. This is a live search link, not one fixed vacancy."
job-00090,Digital Transformation Director,Dammam Airports Company,Digital Transformation & Strategy,Saudi Arabia,Dammam,Expired,2026-07-20,2026-07-20,Platform-Indexed Vacancy,B,65,https://careers.daco.sa/en/saudi-arabia/jobs/digital-transformation-director-1100040713/,Open nationality not stated
job-00091,Digital Transformation Manager / Solution Architect,Union Properties / Tetra Edge,Digital Transformation,United Arab Emirates,Dubai,Possibly Available,2026-07-16,2026-07-20,Platform-Indexed Vacancy,B,65,https://ae.linkedin.com/in/mohammed-hashim-1a13665b,"Verify eligibility, deadline and work authorization on the linked source before applying."
job-00092,Enterprise Applications & Digital Transformation Manager,Sunbulah Group,Digital Transformation,Saudi Arabia,Jeddah,Possibly Available,2026-07-06,2026-07-20,Platform-Indexed Vacancy,B,65,https://sa.linkedin.com/jobs/it-leadership-jobs,"Verify eligibility, deadline and work authorization on the linked source before applying."
job-00093,Enterprise Architect — Bayt Live Search,Egypt,Live Job Search,Egypt,Live / varies,Possibly Available,,2026-07-20,Platform-Indexed Vacancy,B,65,https://www.bayt.com/en/egypt/jobs/Enterprise%20Architect-jobs/,"Egypt live-search pack. This is a live search link, not one fixed vacancy."
job-00094,Enterprise Architect — Bayt Live Search,Saudi Arabia,Live Job Search,Saudi Arabia,Live / varies,Possibly Available,,2026-07-20,Platform-Indexed Vacancy,B,65,https://www.bayt.com/en/saudi-arabia/jobs/Enterprise%20Architect-jobs/,"GCC live-search pack. This is a live search link, not one fixed vacancy."
job-00095,Enterprise Architect — Bayt Live Search,United Arab Emirates,Live Job Search,United Arab Emirates,Live / varies,Possibly Available,,2026-07-20,Platform-Indexed Vacancy,B,65,https://www.bayt.com/en/united-arab-emirates/jobs/Enterprise%20Architect-jobs/,"GCC live-search pack. This is a live search link, not one fixed vacancy."
job-00096,Enterprise Architect — Bayt Live Search,Qatar,Live Job Search,Qatar,Live / varies,Possibly Available,,2026-07-20,Platform-Indexed Vacancy,B,65,https://www.bayt.com/en/qatar/jobs/Enterprise%20Architect-jobs/,"GCC live-search pack. This is a live search link, not one fixed vacancy."
job-00097,Enterprise Architect — Bayt Live Search,Kuwait,Live Job Search,Kuwait,Live / varies,Possibly Available,,2026-07-20,Platform-Indexed Vacancy,B,65,https://www.bayt.com/en/kuwait/jobs/Enterprise%20Architect-jobs/,"GCC live-search pack. This is a live search link, not one fixed vacancy."
job-00098,Enterprise Architect — Bayt Live Search,Oman,Live Job Search,Oman,Live / varies,Possibly Available,,2026-07-20,Platform-Indexed Vacancy,B,65,https://www.bayt.com/en/oman/jobs/Enterprise%20Architect-jobs/,"GCC live-search pack. This is a live search link, not one fixed vacancy."
job-00099,Enterprise Architect — Bayt Live Search,Bahrain,Live Job Search,Bahrain,Live / varies,Possibly Available,,2026-07-20,Platform-Indexed Vacancy,B,65,https://www.bayt.com/en/bahrain/jobs/Enterprise%20Architect-jobs/,"GCC live-search pack. This is a live search link, not one fixed vacancy."
job-00100,Enterprise Architect — Google Live Search,Egypt,Live Job Search,Egypt,Live / varies,Possibly Available,,2026-07-20,Platform-Indexed Vacancy,B,65,https://www.google.com/search?q=Egypt+Enterprise+Architect+jobs+posted+this+week,"Egypt live-search pack. This is a live search link, not one fixed vacancy."
job-00101,Enterprise Architect — GulfTalent Live Search,Saudi Arabia,Live Job Search,Saudi Arabia,Live / varies,Possibly Available,,2026-07-20,Platform-Indexed Vacancy,B,65,https://www.gulftalent.com/jobs?keywords=Enterprise+Architect,"GCC live-search pack. This is a live search link, not one fixed vacancy."
job-00102,Enterprise Architect — GulfTalent Live Search,United Arab Emirates,Live Job Search,United Arab Emirates,Live / varies,Possibly Available,,2026-07-20,Platform-Indexed Vacancy,B,65,https://www.gulftalent.com/jobs?keywords=Enterprise+Architect,"GCC live-search pack. This is a live search link, not one fixed vacancy."
job-00103,Enterprise Architect — GulfTalent Live Search,Qatar,Live Job Search,Qatar,Live / varies,Possibly Available,,2026-07-20,Platform-Indexed Vacancy,B,65,https://www.gulftalent.com/jobs?keywords=Enterprise+Architect,"GCC live-search pack. This is a live search link, not one fixed vacancy."
job-00104,Enterprise Architect — GulfTalent Live Search,Kuwait,Live Job Search,Kuwait,Live / varies,Possibly Available,,2026-07-20,Platform-Indexed Vacancy,B,65,https://www.gulftalent.com/jobs?keywords=Enterprise+Architect,"GCC live-search pack. This is a live search link, not one fixed vacancy."
job-00105,Enterprise Architect — GulfTalent Live Search,Oman,Live Job Search,Oman,Live / varies,Possibly Available,,2026-07-20,Platform-Indexed Vacancy,B,65,https://www.gulftalent.com/jobs?keywords=Enterprise+Architect,"GCC live-search pack. This is a live search link, not one fixed vacancy."
job-00106,Enterprise Architect — GulfTalent Live Search,Bahrain,Live Job Search,Bahrain,Live / varies,Possibly Available,,2026-07-20,Platform-Indexed Vacancy,B,65,https://www.gulftalent.com/jobs?keywords=Enterprise+Architect,"GCC live-search pack. This is a live search link, not one fixed vacancy."
job-00107,Enterprise Architect — LinkedIn Live Search,Egypt,Live Job Search,Egypt,Live / varies,Possibly Available,,2026-07-20,Platform-Indexed Vacancy,B,65,https://www.linkedin.com/jobs/search/?keywords=Enterprise+Architect&sortBy=DD&location=Egypt,"Egypt live-search pack. This is a live search link, not one fixed vacancy."
job-00108,Enterprise Architect — LinkedIn Live Search,Saudi Arabia,Live Job Search,Saudi Arabia,Live / varies,Possibly Available,,2026-07-20,Platform-Indexed Vacancy,B,65,https://www.linkedin.com/jobs/search/?keywords=Enterprise+Architect&sortBy=DD&location=Saudi+Arabia,"GCC live-search pack. This is a live search link, not one fixed vacancy."
job-00109,Enterprise Architect — LinkedIn Live Search,United Arab Emirates,Live Job Search,United Arab Emirates,Live / varies,Possibly Available,,2026-07-20,Platform-Indexed Vacancy,B,65,https://www.linkedin.com/jobs/search/?keywords=Enterprise+Architect&sortBy=DD&location=United+Arab+Emirates,"GCC live-search pack. This is a live search link, not one fixed vacancy."
job-00110,Enterprise Architect — LinkedIn Live Search,Qatar,Live Job Search,Qatar,Live / varies,Possibly Available,,2026-07-20,Platform-Indexed Vacancy,B,65,https://www.linkedin.com/jobs/search/?keywords=Enterprise+Architect&sortBy=DD&location=Qatar,"GCC live-search pack. This is a live search link, not one fixed vacancy."
job-00111,Enterprise Architect — LinkedIn Live Search,Kuwait,Live Job Search,Kuwait,Live / varies,Possibly Available,,2026-07-20,Platform-Indexed Vacancy,B,65,https://www.linkedin.com/jobs/search/?keywords=Enterprise+Architect&sortBy=DD&location=Kuwait,"GCC live-search pack. This is a live search link, not one fixed vacancy."
job-00112,Enterprise Architect — LinkedIn Live Search,Oman,Live Job Search,Oman,Live / varies,Possibly Available,,2026-07-20,Platform-Indexed Vacancy,B,65,https://www.linkedin.com/jobs/search/?keywords=Enterprise+Architect&sortBy=DD&location=Oman,"GCC live-search pack. This is a live search link, not one fixed vacancy."
job-00113,Enterprise Architect — LinkedIn Live Search,Bahrain,Live Job Search,Bahrain,Live / varies,Possibly Available,,2026-07-20,Platform-Indexed Vacancy,B,65,https://www.linkedin.com/jobs/search/?keywords=Enterprise+Architect&sortBy=DD&location=Bahrain,"GCC live-search pack. This is a live search link, not one fixed vacancy."
job-00114,Enterprise Architect — Wuzzuf Live Search,Egypt,Live Job Search,Egypt,Live / varies,Possibly Available,,2026-07-20,Platform-Indexed Vacancy,B,65,https://wuzzuf.net/search/jobs/?q=Enterprise+Architect&a=navbl,"Egypt live-search pack. This is a live search link, not one fixed vacancy."
job-00115,IT Director — Bayt Live Search,Egypt,Live Job Search,Egypt,Live / varies,Possibly Available,,2026-07-20,Platform-Indexed Vacancy,B,65,https://www.bayt.com/en/egypt/jobs/IT%20Director-jobs/,"Egypt live-search pack. This is a live search link, not one fixed vacancy."
job-00116,IT Director — Bayt Live Search,Saudi Arabia,Live Job Search,Saudi Arabia,Live / varies,Possibly Available,,2026-07-20,Platform-Indexed Vacancy,B,65,https://www.bayt.com/en/saudi-arabia/jobs/IT%20Director-jobs/,"GCC live-search pack. This is a live search link, not one fixed vacancy."
job-00117,IT Director — Bayt Live Search,United Arab Emirates,Live Job Search,United Arab Emirates,Live / varies,Possibly Available,,2026-07-20,Platform-Indexed Vacancy,B,65,https://www.bayt.com/en/united-arab-emirates/jobs/IT%20Director-jobs/,"GCC live-search pack. This is a live search link, not one fixed vacancy."
job-00118,IT Director — Bayt Live Search,Qatar,Live Job Search,Qatar,Live / varies,Possibly Available,,2026-07-20,Platform-Indexed Vacancy,B,65,https://www.bayt.com/en/qatar/jobs/IT%20Director-jobs/,"GCC live-search pack. This is a live search link, not one fixed vacancy."
job-00119,IT Director — Bayt Live Search,Kuwait,Live Job Search,Kuwait,Live / varies,Possibly Available,,2026-07-20,Platform-Indexed Vacancy,B,65,https://www.bayt.com/en/kuwait/jobs/IT%20Director-jobs/,"GCC live-search pack. This is a live search link, not one fixed vacancy."
job-00120,IT Director — Bayt Live Search,Oman,Live Job Search,Oman,Live / varies,Possibly Available,,2026-07-20,Platform-Indexed Vacancy,B,65,https://www.bayt.com/en/oman/jobs/IT%20Director-jobs/,"GCC live-search pack. This is a live search link, not one fixed vacancy."
job-00121,IT Director — Bayt Live Search,Bahrain,Live Job Search,Bahrain,Live / varies,Possibly Available,,2026-07-20,Platform-Indexed Vacancy,B,65,https://www.bayt.com/en/bahrain/jobs/IT%20Director-jobs/,"GCC live-search pack. This is a live search link, not one fixed vacancy."
job-00122,IT Director — Google Live Search,Egypt,Live Job Search,Egypt,Live / varies,Possibly Available,,2026-07-20,Platform-Indexed Vacancy,B,65,https://www.google.com/search?q=Egypt+IT+Director+jobs+posted+this+week,"Egypt live-search pack. This is a live search link, not one fixed vacancy."
job-00123,IT Director — GulfTalent Live Search,Saudi Arabia,Live Job Search,Saudi Arabia,Live / varies,Possibly Available,,2026-07-20,Platform-Indexed Vacancy,B,65,https://www.gulftalent.com/jobs?keywords=IT+Director,"GCC live-search pack. This is a live search link, not one fixed vacancy."
job-00124,IT Director — GulfTalent Live Search,United Arab Emirates,Live Job Search,United Arab Emirates,Live / varies,Possibly Available,,2026-07-20,Platform-Indexed Vacancy,B,65,https://www.gulftalent.com/jobs?keywords=IT+Director,"GCC live-search pack. This is a live search link, not one fixed vacancy."
job-00125,IT Director — GulfTalent Live Search,Qatar,Live Job Search,Qatar,Live / varies,Possibly Available,,2026-07-20,Platform-Indexed Vacancy,B,65,https://www.gulftalent.com/jobs?keywords=IT+Director,"GCC live-search pack. This is a live search link, not one fixed vacancy."
job-00126,IT Director — GulfTalent Live Search,Kuwait,Live Job Search,Kuwait,Live / varies,Possibly Available,,2026-07-20,Platform-Indexed Vacancy,B,65,https://www.gulftalent.com/jobs?keywords=IT+Director,"GCC live-search pack. This is a live search link, not one fixed vacancy."
job-00127,IT Director — GulfTalent Live Search,Oman,Live Job Search,Oman,Live / varies,Possibly Available,,2026-07-20,Platform-Indexed Vacancy,B,65,https://www.gulftalent.com/jobs?keywords=IT+Director,"GCC live-search pack. This is a live search link, not one fixed vacancy."
job-00128,IT Director — GulfTalent Live Search,Bahrain,Live Job Search,Bahrain,Live / varies,Possibly Available,,2026-07-20,Platform-Indexed Vacancy,B,65,https://www.gulftalent.com/jobs?keywords=IT+Director,"GCC live-search pack. This is a live search link, not one fixed vacancy."
job-00129,IT Director — LinkedIn Live Search,Egypt,Live Job Search,Egypt,Live / varies,Possibly Available,,2026-07-20,Platform-Indexed Vacancy,B,65,https://www.linkedin.com/jobs/search/?keywords=IT+Director&sortBy=DD&location=Egypt,"Egypt live-search pack. This is a live search link, not one fixed vacancy."
job-00130,IT Director — LinkedIn Live Search,Saudi Arabia,Live Job Search,Saudi Arabia,Live / varies,Possibly Available,,2026-07-20,Platform-Indexed Vacancy,B,65,https://www.linkedin.com/jobs/search/?keywords=IT+Director&sortBy=DD&location=Saudi+Arabia,"GCC live-search pack. This is a live search link, not one fixed vacancy."
job-00131,IT Director — LinkedIn Live Search,United Arab Emirates,Live Job Search,United Arab Emirates,Live / varies,Possibly Available,,2026-07-20,Platform-Indexed Vacancy,B,65,https://www.linkedin.com/jobs/search/?keywords=IT+Director&sortBy=DD&location=United+Arab+Emirates,"GCC live-search pack. This is a live search link, not one fixed vacancy."
job-00132,IT Director — LinkedIn Live Search,Qatar,Live Job Search,Qatar,Live / varies,Possibly Available,,2026-07-20,Platform-Indexed Vacancy,B,65,https://www.linkedin.com/jobs/search/?keywords=IT+Director&sortBy=DD&location=Qatar,"GCC live-search pack. This is a live search link, not one fixed vacancy."
job-00133,IT Director — LinkedIn Live Search,Kuwait,Live Job Search,Kuwait,Live / varies,Possibly Available,,2026-07-20,Platform-Indexed Vacancy,B,65,https://www.linkedin.com/jobs/search/?keywords=IT+Director&sortBy=DD&location=Kuwait,"GCC live-search pack. This is a live search link, not one fixed vacancy."
job-00134,IT Director — LinkedIn Live Search,Oman,Live Job Search,Oman,Live / varies,Possibly Available,,2026-07-20,Platform-Indexed Vacancy,B,65,https://www.linkedin.com/jobs/search/?keywords=IT+Director&sortBy=DD&location=Oman,"GCC live-search pack. This is a live search link, not one fixed vacancy."
job-00135,IT Director — LinkedIn Live Search,Bahrain,Live Job Search,Bahrain,Live / varies,Possibly Available,,2026-07-20,Platform-Indexed Vacancy,B,65,https://www.linkedin.com/jobs/search/?keywords=IT+Director&sortBy=DD&location=Bahrain,"GCC live-search pack. This is a live search link, not one fixed vacancy."
job-00136,IT Director — Wuzzuf Live Search,Egypt,Live Job Search,Egypt,Live / varies,Possibly Available,,2026-07-20,Platform-Indexed Vacancy,B,65,https://wuzzuf.net/search/jobs/?q=IT+Director&a=navbl,"Egypt live-search pack. This is a live search link, not one fixed vacancy."
job-00137,Lead Solution Architect - Open Finance & Digital Banking,Socium,Solution Architecture,United Arab Emirates,Abu Dhabi,Expired,,2026-07-20,Platform-Indexed Vacancy,B,65,https://ae.linkedin.com/jobs/view/lead-solution-architect-%E2%80%93-open-finance-digital-banking-transformation-at-socium-teams-done-differently-4428938364,
job-00138,Operational Excellence & Digitalization Director,The Coca-Cola Company,Digital Transformation & Strategy,Egypt,Cairo,Expired,,2026-07-20,Platform-Indexed Vacancy,B,65,https://www.linkedin.com/jobs/view/4402634138/,Director-level operational excellence experience
job-00139,Salesforce Architect,Cloud 11,Solution Architecture,Egypt,Cairo,Expired,,2026-07-20,Platform-Indexed Vacancy,B,65,https://www.linkedin.com/jobs/view/4435986280/,Salesforce architecture experience
job-00140,"Senior Applications Solutions Engineer - Fusion HCM, Health & Life Sciences",Oracle,Healthcare IT & Digital Health,Egypt,Egypt,Expired,,2026-07-20,Platform-Indexed Vacancy,B,65,https://www.linkedin.com/jobs/view/4361889046/,Oracle Fusion and presales expertise
job-00141,Sitecore Solution Architect (XM Cloud),Arcsen,Solution Architecture,Egypt,Maadi / Hybrid,Expired,,2026-07-20,Platform-Indexed Vacancy,A,65,https://jobs.workable.com/view/vrEjNQyZvDiNRzx2vGmZkj/hybrid-sitecore-solution-architect-%28xm-cloud%29-in-maadi-at-arcsen,Hybrid Maadi
job-00142,Sitecore Solution Architect (XM Cloud),Arcsen,Solution Architecture,United Arab Emirates,Dubai / Hybrid,Expired,,2026-07-20,Platform-Indexed Vacancy,A,65,https://jobs.workable.com/view/rwAMHfp2c5xsakchaNDZ6b/hybrid-sitecore-solution-architect-%28xm-cloud%29-in-dubai-at-arcsen,Hybrid Dubai
job-00143,Solution Architect - Technical Governance Lead,Konecta,Solution Architecture,Egypt,New Cairo,Possibly Available,2026-07-06,2026-07-20,Platform-Indexed Vacancy,B,65,https://www.linkedin.com/jobs/konecta-jobs-worldwide?f_AL=true,"Verify eligibility, deadline and work authorization on the linked source before applying."
job-00144,Technical Program Manager — Bayt Live Search,Egypt,Live Job Search,Egypt,Live / varies,Possibly Available,,2026-07-20,Platform-Indexed Vacancy,B,65,https://www.bayt.com/en/egypt/jobs/Technical%20Program%20Manager-jobs/,"Egypt live-search pack. This is a live search link, not one fixed vacancy."
job-00145,Technical Program Manager — Bayt Live Search,Saudi Arabia,Live Job Search,Saudi Arabia,Live / varies,Possibly Available,,2026-07-20,Platform-Indexed Vacancy,B,65,https://www.bayt.com/en/saudi-arabia/jobs/Technical%20Program%20Manager-jobs/,"GCC live-search pack. This is a live search link, not one fixed vacancy."
job-00146,Technical Program Manager — Bayt Live Search,United Arab Emirates,Live Job Search,United Arab Emirates,Live / varies,Possibly Available,,2026-07-20,Platform-Indexed Vacancy,B,65,https://www.bayt.com/en/united-arab-emirates/jobs/Technical%20Program%20Manager-jobs/,"GCC live-search pack. This is a live search link, not one fixed vacancy."
job-00147,Technical Program Manager — Bayt Live Search,Qatar,Live Job Search,Qatar,Live / varies,Possibly Available,,2026-07-20,Platform-Indexed Vacancy,B,65,https://www.bayt.com/en/qatar/jobs/Technical%20Program%20Manager-jobs/,"GCC live-search pack. This is a live search link, not one fixed vacancy."
job-00148,Technical Program Manager — Bayt Live Search,Kuwait,Live Job Search,Kuwait,Live / varies,Possibly Available,,2026-07-20,Platform-Indexed Vacancy,B,65,https://www.bayt.com/en/kuwait/jobs/Technical%20Program%20Manager-jobs/,"GCC live-search pack. This is a live search link, not one fixed vacancy."
job-00149,Technical Program Manager — Bayt Live Search,Oman,Live Job Search,Oman,Live / varies,Possibly Available,,2026-07-20,Platform-Indexed Vacancy,B,65,https://www.bayt.com/en/oman/jobs/Technical%20Program%20Manager-jobs/,"GCC live-search pack. This is a live search link, not one fixed vacancy."
job-00150,Technical Program Manager — Bayt Live Search,Bahrain,Live Job Search,Bahrain,Live / varies,Possibly Available,,2026-07-20,Platform-Indexed Vacancy,B,65,https://www.bayt.com/en/bahrain/jobs/Technical%20Program%20Manager-jobs/,"GCC live-search pack. This is a live search link, not one fixed vacancy."
job-00151,Technical Program Manager — Google Live Search,Egypt,Live Job Search,Egypt,Live / varies,Possibly Available,,2026-07-20,Platform-Indexed Vacancy,B,65,https://www.google.com/search?q=Egypt+Technical+Program+Manager+jobs+posted+this+week,"Egypt live-search pack. This is a live search link, not one fixed vacancy."
job-00152,Technical Program Manager — GulfTalent Live Search,Saudi Arabia,Live Job Search,Saudi Arabia,Live / varies,Possibly Available,,2026-07-20,Platform-Indexed Vacancy,B,65,https://www.gulftalent.com/jobs?keywords=Technical+Program+Manager,"GCC live-search pack. This is a live search link, not one fixed vacancy."
job-00153,Technical Program Manager — GulfTalent Live Search,United Arab Emirates,Live Job Search,United Arab Emirates,Live / varies,Possibly Available,,2026-07-20,Platform-Indexed Vacancy,B,65,https://www.gulftalent.com/jobs?keywords=Technical+Program+Manager,"GCC live-search pack. This is a live search link, not one fixed vacancy."
job-00154,Technical Program Manager — GulfTalent Live Search,Qatar,Live Job Search,Qatar,Live / varies,Possibly Available,,2026-07-20,Platform-Indexed Vacancy,B,65,https://www.gulftalent.com/jobs?keywords=Technical+Program+Manager,"GCC live-search pack. This is a live search link, not one fixed vacancy."
job-00155,Technical Program Manager — GulfTalent Live Search,Kuwait,Live Job Search,Kuwait,Live / varies,Possibly Available,,2026-07-20,Platform-Indexed Vacancy,B,65,https://www.gulftalent.com/jobs?keywords=Technical+Program+Manager,"GCC live-search pack. This is a live search link, not one fixed vacancy."
job-00156,Technical Program Manager — GulfTalent Live Search,Oman,Live Job Search,Oman,Live / varies,Possibly Available,,2026-07-20,Platform-Indexed Vacancy,B,65,https://www.gulftalent.com/jobs?keywords=Technical+Program+Manager,"GCC live-search pack. This is a live search link, not one fixed vacancy."
job-00157,Technical Program Manager — GulfTalent Live Search,Bahrain,Live Job Search,Bahrain,Live / varies,Possibly Available,,2026-07-20,Platform-Indexed Vacancy,B,65,https://www.gulftalent.com/jobs?keywords=Technical+Program+Manager,"GCC live-search pack. This is a live search link, not one fixed vacancy."
job-00158,Technical Program Manager — LinkedIn Live Search,Egypt,Live Job Search,Egypt,Live / varies,Possibly Available,,2026-07-20,Platform-Indexed Vacancy,B,65,https://www.linkedin.com/jobs/search/?keywords=Technical+Program+Manager&sortBy=DD&location=Egypt,"Egypt live-search pack. This is a live search link, not one fixed vacancy."
job-00159,Technical Program Manager — LinkedIn Live Search,Saudi Arabia,Live Job Search,Saudi Arabia,Live / varies,Possibly Available,,2026-07-20,Platform-Indexed Vacancy,B,65,https://www.linkedin.com/jobs/search/?keywords=Technical+Program+Manager&sortBy=DD&location=Saudi+Arabia,"GCC live-search pack. This is a live search link, not one fixed vacancy."
job-00160,Technical Program Manager — LinkedIn Live Search,United Arab Emirates,Live Job Search,United Arab Emirates,Live / varies,Possibly Available,,2026-07-20,Platform-Indexed Vacancy,B,65,https://www.linkedin.com/jobs/search/?keywords=Technical+Program+Manager&sortBy=DD&location=United+Arab+Emirates,"GCC live-search pack. This is a live search link, not one fixed vacancy."
job-00161,Technical Program Manager — LinkedIn Live Search,Qatar,Live Job Search,Qatar,Live / varies,Possibly Available,,2026-07-20,Platform-Indexed Vacancy,B,65,https://www.linkedin.com/jobs/search/?keywords=Technical+Program+Manager&sortBy=DD&location=Qatar,"GCC live-search pack. This is a live search link, not one fixed vacancy."
job-00162,Technical Program Manager — LinkedIn Live Search,Kuwait,Live Job Search,Kuwait,Live / varies,Possibly Available,,2026-07-20,Platform-Indexed Vacancy,B,65,https://www.linkedin.com/jobs/search/?keywords=Technical+Program+Manager&sortBy=DD&location=Kuwait,"GCC live-search pack. This is a live search link, not one fixed vacancy."
job-00163,Technical Program Manager — LinkedIn Live Search,Oman,Live Job Search,Oman,Live / varies,Possibly Available,,2026-07-20,Platform-Indexed Vacancy,B,65,https://www.linkedin.com/jobs/search/?keywords=Technical+Program+Manager&sortBy=DD&location=Oman,"GCC live-search pack. This is a live search link, not one fixed vacancy."
job-00164,Technical Program Manager — LinkedIn Live Search,Bahrain,Live Job Search,Bahrain,Live / varies,Possibly Available,,2026-07-20,Platform-Indexed Vacancy,B,65,https://www.linkedin.com/jobs/search/?keywords=Technical+Program+Manager&sortBy=DD&location=Bahrain,"GCC live-search pack. This is a live search link, not one fixed vacancy."
job-00165,Technical Program Manager — Wuzzuf Live Search,Egypt,Live Job Search,Egypt,Live / varies,Possibly Available,,2026-07-20,Platform-Indexed Vacancy,B,65,https://wuzzuf.net/search/jobs/?q=Technical+Program+Manager&a=navbl,"Egypt live-search pack. This is a live search link, not one fixed vacancy."
job-00166,Technology Director — Bayt Live Search,Egypt,Live Job Search,Egypt,Live / varies,Possibly Available,,2026-07-20,Platform-Indexed Vacancy,B,65,https://www.bayt.com/en/egypt/jobs/Technology%20Director-jobs/,"Egypt live-search pack. This is a live search link, not one fixed vacancy."
job-00167,Technology Director — Bayt Live Search,Saudi Arabia,Live Job Search,Saudi Arabia,Live / varies,Possibly Available,,2026-07-20,Platform-Indexed Vacancy,B,65,https://www.bayt.com/en/saudi-arabia/jobs/Technology%20Director-jobs/,"GCC live-search pack. This is a live search link, not one fixed vacancy."
job-00168,Technology Director — Bayt Live Search,United Arab Emirates,Live Job Search,United Arab Emirates,Live / varies,Possibly Available,,2026-07-20,Platform-Indexed Vacancy,B,65,https://www.bayt.com/en/united-arab-emirates/jobs/Technology%20Director-jobs/,"GCC live-search pack. This is a live search link, not one fixed vacancy."
job-00169,Technology Director — Bayt Live Search,Qatar,Live Job Search,Qatar,Live / varies,Possibly Available,,2026-07-20,Platform-Indexed Vacancy,B,65,https://www.bayt.com/en/qatar/jobs/Technology%20Director-jobs/,"GCC live-search pack. This is a live search link, not one fixed vacancy."
job-00170,Technology Director — Bayt Live Search,Kuwait,Live Job Search,Kuwait,Live / varies,Possibly Available,,2026-07-20,Platform-Indexed Vacancy,B,65,https://www.bayt.com/en/kuwait/jobs/Technology%20Director-jobs/,"GCC live-search pack. This is a live search link, not one fixed vacancy."
job-00171,Technology Director — Bayt Live Search,Oman,Live Job Search,Oman,Live / varies,Possibly Available,,2026-07-20,Platform-Indexed Vacancy,B,65,https://www.bayt.com/en/oman/jobs/Technology%20Director-jobs/,"GCC live-search pack. This is a live search link, not one fixed vacancy."
job-00172,Technology Director — Bayt Live Search,Bahrain,Live Job Search,Bahrain,Live / varies,Possibly Available,,2026-07-20,Platform-Indexed Vacancy,B,65,https://www.bayt.com/en/bahrain/jobs/Technology%20Director-jobs/,"GCC live-search pack. This is a live search link, not one fixed vacancy."
job-00173,Technology Director — Google Live Search,Egypt,Live Job Search,Egypt,Live / varies,Possibly Available,,2026-07-20,Platform-Indexed Vacancy,B,65,https://www.google.com/search?q=Egypt+Technology+Director+jobs+posted+this+week,"Egypt live-search pack. This is a live search link, not one fixed vacancy."
job-00174,Technology Director — GulfTalent Live Search,Saudi Arabia,Live Job Search,Saudi Arabia,Live / varies,Possibly Available,,2026-07-20,Platform-Indexed Vacancy,B,65,https://www.gulftalent.com/jobs?keywords=Technology+Director,"GCC live-search pack. This is a live search link, not one fixed vacancy."
job-00175,Technology Director — GulfTalent Live Search,United Arab Emirates,Live Job Search,United Arab Emirates,Live / varies,Possibly Available,,2026-07-20,Platform-Indexed Vacancy,B,65,https://www.gulftalent.com/jobs?keywords=Technology+Director,"GCC live-search pack. This is a live search link, not one fixed vacancy."
job-00176,Technology Director — GulfTalent Live Search,Qatar,Live Job Search,Qatar,Live / varies,Possibly Available,,2026-07-20,Platform-Indexed Vacancy,B,65,https://www.gulftalent.com/jobs?keywords=Technology+Director,"GCC live-search pack. This is a live search link, not one fixed vacancy."
job-00177,Technology Director — GulfTalent Live Search,Kuwait,Live Job Search,Kuwait,Live / varies,Possibly Available,,2026-07-20,Platform-Indexed Vacancy,B,65,https://www.gulftalent.com/jobs?keywords=Technology+Director,"GCC live-search pack. This is a live search link, not one fixed vacancy."
job-00178,Technology Director — GulfTalent Live Search,Oman,Live Job Search,Oman,Live / varies,Possibly Available,,2026-07-20,Platform-Indexed Vacancy,B,65,https://www.gulftalent.com/jobs?keywords=Technology+Director,"GCC live-search pack. This is a live search link, not one fixed vacancy."
job-00179,Technology Director — GulfTalent Live Search,Bahrain,Live Job Search,Bahrain,Live / varies,Possibly Available,,2026-07-20,Platform-Indexed Vacancy,B,65,https://www.gulftalent.com/jobs?keywords=Technology+Director,"GCC live-search pack. This is a live search link, not one fixed vacancy."
job-00180,Technology Director — LinkedIn Live Search,Egypt,Live Job Search,Egypt,Live / varies,Possibly Available,,2026-07-20,Platform-Indexed Vacancy,B,65,https://www.linkedin.com/jobs/search/?keywords=Technology+Director&sortBy=DD&location=Egypt,"Egypt live-search pack. This is a live search link, not one fixed vacancy."
job-00181,Technology Director — LinkedIn Live Search,Saudi Arabia,Live Job Search,Saudi Arabia,Live / varies,Possibly Available,,2026-07-20,Platform-Indexed Vacancy,B,65,https://www.linkedin.com/jobs/search/?keywords=Technology+Director&sortBy=DD&location=Saudi+Arabia,"GCC live-search pack. This is a live search link, not one fixed vacancy."
job-00182,Technology Director — LinkedIn Live Search,United Arab Emirates,Live Job Search,United Arab Emirates,Live / varies,Possibly Available,,2026-07-20,Platform-Indexed Vacancy,B,65,https://www.linkedin.com/jobs/search/?keywords=Technology+Director&sortBy=DD&location=United+Arab+Emirates,"GCC live-search pack. This is a live search link, not one fixed vacancy."
job-00183,Technology Director — LinkedIn Live Search,Qatar,Live Job Search,Qatar,Live / varies,Possibly Available,,2026-07-20,Platform-Indexed Vacancy,B,65,https://www.linkedin.com/jobs/search/?keywords=Technology+Director&sortBy=DD&location=Qatar,"GCC live-search pack. This is a live search link, not one fixed vacancy."
job-00184,Technology Director — LinkedIn Live Search,Kuwait,Live Job Search,Kuwait,Live / varies,Possibly Available,,2026-07-20,Platform-Indexed Vacancy,B,65,https://www.linkedin.com/jobs/search/?keywords=Technology+Director&sortBy=DD&location=Kuwait,"GCC live-search pack. This is a live search link, not one fixed vacancy."
job-00185,Technology Director — LinkedIn Live Search,Oman,Live Job Search,Oman,Live / varies,Possibly Available,,2026-07-20,Platform-Indexed Vacancy,B,65,https://www.linkedin.com/jobs/search/?keywords=Technology+Director&sortBy=DD&location=Oman,"GCC live-search pack. This is a live search link, not one fixed vacancy."
job-00186,Technology Director — LinkedIn Live Search,Bahrain,Live Job Search,Bahrain,Live / varies,Possibly Available,,2026-07-20,Platform-Indexed Vacancy,B,65,https://www.linkedin.com/jobs/search/?keywords=Technology+Director&sortBy=DD&location=Bahrain,"GCC live-search pack. This is a live search link, not one fixed vacancy."
job-00187,Technology Director — Wuzzuf Live Search,Egypt,Live Job Search,Egypt,Live / varies,Possibly Available,,2026-07-20,Platform-Indexed Vacancy,B,65,https://wuzzuf.net/search/jobs/?q=Technology+Director&a=navbl,"Egypt live-search pack. This is a live search link, not one fixed vacancy."
job-00188,AI Solution Architect,CodeNinja,Solution Architecture,Egypt,Remote,Expired,,2026-07-20,Platform-Indexed Vacancy,A,64,https://jobs.workable.com/view/2LNtkwJTBYeMQNxCZNYQii/remote-ai-solution-architect-in-egypt-at-codeninja,Remote Egypt
job-00189,"Consulting Manager - Digital, Visa Consulting and Analytics",Visa,Digital Transformation,Egypt,Egypt,Possibly Available,2026-07-16,2026-07-20,Platform-Indexed Vacancy,B,64,https://eg.linkedin.com/jobs/digital-transformation-manager-jobs?countryRedirected=1,"Verify eligibility, deadline and work authorization on the linked source before applying."
job-00190,Data Architecture Senior Tech Lead,Vodafone,Data Architecture & Governance,Egypt,Giza,Expired,,2026-07-20,Platform-Indexed Vacancy,B,64,https://www.linkedin.com/jobs/view/4435912448/,Senior data-platform leadership
job-00191,Data Governance Manager — LinkedIn Live Search,Worldwide Remote,Live Job Search,Worldwide Remote,Live / varies,Possibly Available,,2026-07-20,Platform-Indexed Vacancy,B,64,https://www.linkedin.com/jobs/search/?keywords=Data+Governance+Manager&sortBy=DD&location=Worldwide+Remote,"Global remote live-search pack. This is a live search link, not one fixed vacancy."
job-00192,Data Governance Manager — LinkedIn Live Search,EMEA Remote,Live Job Search,EMEA Remote,Live / varies,Possibly Available,,2026-07-20,Platform-Indexed Vacancy,B,64,https://www.linkedin.com/jobs/search/?keywords=Data+Governance+Manager&sortBy=DD&location=EMEA+Remote,"Global remote live-search pack. This is a live search link, not one fixed vacancy."
job-00193,Data Governance Manager — LinkedIn Live Search,Africa Remote,Live Job Search,Africa Remote,Live / varies,Possibly Available,,2026-07-20,Platform-Indexed Vacancy,B,64,https://www.linkedin.com/jobs/search/?keywords=Data+Governance+Manager&sortBy=DD&location=Africa+Remote,"Global remote live-search pack. This is a live search link, not one fixed vacancy."
job-00194,Data Governance Manager — LinkedIn Live Search,Middle East Remote,Live Job Search,Middle East Remote,Live / varies,Possibly Available,,2026-07-20,Platform-Indexed Vacancy,B,64,https://www.linkedin.com/jobs/search/?keywords=Data+Governance+Manager&sortBy=DD&location=Middle+East+Remote,"Global remote live-search pack. This is a live search link, not one fixed vacancy."
job-00195,Data Governance Manager — RemoteOK Live Search,Worldwide Remote,Live Job Search,Worldwide Remote,Live / varies,Possibly Available,,2026-07-20,Platform-Indexed Vacancy,B,64,https://remoteok.com/remote-data-governance-manager-jobs,"Global remote live-search pack. This is a live search link, not one fixed vacancy."
job-00196,Data Governance Manager — RemoteOK Live Search,EMEA Remote,Live Job Search,EMEA Remote,Live / varies,Possibly Available,,2026-07-20,Platform-Indexed Vacancy,B,64,https://remoteok.com/remote-data-governance-manager-jobs,"Global remote live-search pack. This is a live search link, not one fixed vacancy."
job-00197,Data Governance Manager — RemoteOK Live Search,Africa Remote,Live Job Search,Africa Remote,Live / varies,Possibly Available,,2026-07-20,Platform-Indexed Vacancy,B,64,https://remoteok.com/remote-data-governance-manager-jobs,"Global remote live-search pack. This is a live search link, not one fixed vacancy."
job-00198,Data Governance Manager — RemoteOK Live Search,Middle East Remote,Live Job Search,Middle East Remote,Live / varies,Possibly Available,,2026-07-20,Platform-Indexed Vacancy,B,64,https://remoteok.com/remote-data-governance-manager-jobs,"Global remote live-search pack. This is a live search link, not one fixed vacancy."
job-00199,Data Governance Manager — Wellfound Live Search,Worldwide Remote,Live Job Search,Worldwide Remote,Live / varies,Possibly Available,,2026-07-20,Platform-Indexed Vacancy,B,64,https://wellfound.com/jobs?q=Data+Governance+Manager&remote=True,"Global remote live-search pack. This is a live search link, not one fixed vacancy."
job-00200,Data Governance Manager — Wellfound Live Search,EMEA Remote,Live Job Search,EMEA Remote,Live / varies,Possibly Available,,2026-07-20,Platform-Indexed Vacancy,B,64,https://wellfound.com/jobs?q=Data+Governance+Manager&remote=True,"Global remote live-search pack. This is a live search link, not one fixed vacancy."
job-00201,Data Governance Manager — Wellfound Live Search,Africa Remote,Live Job Search,Africa Remote,Live / varies,Possibly Available,,2026-07-20,Platform-Indexed Vacancy,B,64,https://wellfound.com/jobs?q=Data+Governance+Manager&remote=True,"Global remote live-search pack. This is a live search link, not one fixed vacancy."
job-00202,Data Governance Manager — Wellfound Live Search,Middle East Remote,Live Job Search,Middle East Remote,Live / varies,Possibly Available,,2026-07-20,Platform-Indexed Vacancy,B,64,https://wellfound.com/jobs?q=Data+Governance+Manager&remote=True,"Global remote live-search pack. This is a live search link, not one fixed vacancy."
job-00203,Data Governance Manager — WeWorkRemotely Live Search,Worldwide Remote,Live Job Search,Worldwide Remote,Live / varies,Possibly Available,,2026-07-20,Platform-Indexed Vacancy,B,64,https://weworkremotely.com/remote-jobs/search?term=Data+Governance+Manager,"Global remote live-search pack. This is a live search link, not one fixed vacancy."
job-00204,Data Governance Manager — WeWorkRemotely Live Search,EMEA Remote,Live Job Search,EMEA Remote,Live / varies,Possibly Available,,2026-07-20,Platform-Indexed Vacancy,B,64,https://weworkremotely.com/remote-jobs/search?term=Data+Governance+Manager,"Global remote live-search pack. This is a live search link, not one fixed vacancy."
job-00205,Data Governance Manager — WeWorkRemotely Live Search,Africa Remote,Live Job Search,Africa Remote,Live / varies,Possibly Available,,2026-07-20,Platform-Indexed Vacancy,B,64,https://weworkremotely.com/remote-jobs/search?term=Data+Governance+Manager,"Global remote live-search pack. This is a live search link, not one fixed vacancy."
job-00206,Data Governance Manager — WeWorkRemotely Live Search,Middle East Remote,Live Job Search,Middle East Remote,Live / varies,Possibly Available,,2026-07-20,Platform-Indexed Vacancy,B,64,https://weworkremotely.com/remote-jobs/search?term=Data+Governance+Manager,"Global remote live-search pack. This is a live search link, not one fixed vacancy."
job-00207,Data Privacy Partner - Egypt,AstraZeneca,Data Architecture & Governance,Egypt,Cairo,Expired,,2026-07-20,Platform-Indexed Vacancy,B,64,https://www.linkedin.com/jobs/view/4408675290/,Privacy and regulatory background
job-00208,Data Privacy Specialist,Majid Al Futtaim,Data Architecture & Governance,Egypt,Cairo,Expired,,2026-07-20,Platform-Indexed Vacancy,B,64,https://www.linkedin.com/jobs/view/4440268003/,Privacy and compliance background
job-00209,Digital Transformation Manager - C# / .NET Consultant,Goahead Consulting,Digital Transformation & Strategy,Egypt,Cairo,Expired,,2026-07-20,Platform-Indexed Vacancy,B,64,https://eg.linkedin.com/jobs/view/digital-transformation-manager-c%23-dot-net-consultant-at-goahead-consulting-4108792756,On-site; .NET consulting background
job-00210,Enterprise Architect Lead,Securitas Security Services Europe,Enterprise Architecture,Kenya,Kenya,Possibly Available,2026-07-13,2026-07-20,Platform-Indexed Vacancy,B,64,https://ke.linkedin.com/jobs/digital-transformation-jobs,"Verify eligibility, deadline and work authorization on the linked source before applying."
job-00211,Enterprise Architect — LinkedIn Live Search,Worldwide Remote,Live Job Search,Worldwide Remote,Live / varies,Possibly Available,,2026-07-20,Platform-Indexed Vacancy,B,64,https://www.linkedin.com/jobs/search/?keywords=Enterprise+Architect&sortBy=DD&location=Worldwide+Remote,"Global remote live-search pack. This is a live search link, not one fixed vacancy."
job-00212,Enterprise Architect — LinkedIn Live Search,EMEA Remote,Live Job Search,EMEA Remote,Live / varies,Possibly Available,,2026-07-20,Platform-Indexed Vacancy,B,64,https://www.linkedin.com/jobs/search/?keywords=Enterprise+Architect&sortBy=DD&location=EMEA+Remote,"Global remote live-search pack. This is a live search link, not one fixed vacancy."
job-00213,Enterprise Architect — LinkedIn Live Search,Africa Remote,Live Job Search,Africa Remote,Live / varies,Possibly Available,,2026-07-20,Platform-Indexed Vacancy,B,64,https://www.linkedin.com/jobs/search/?keywords=Enterprise+Architect&sortBy=DD&location=Africa+Remote,"Global remote live-search pack. This is a live search link, not one fixed vacancy."
job-00214,Enterprise Architect — LinkedIn Live Search,Middle East Remote,Live Job Search,Middle East Remote,Live / varies,Possibly Available,,2026-07-20,Platform-Indexed Vacancy,B,64,https://www.linkedin.com/jobs/search/?keywords=Enterprise+Architect&sortBy=DD&location=Middle+East+Remote,"Global remote live-search pack. This is a live search link, not one fixed vacancy."
job-00215,Enterprise Architect — RemoteOK Live Search,Worldwide Remote,Live Job Search,Worldwide Remote,Live / varies,Possibly Available,,2026-07-20,Platform-Indexed Vacancy,B,64,https://remoteok.com/remote-enterprise-architect-jobs,"Global remote live-search pack. This is a live search link, not one fixed vacancy."
job-00216,Enterprise Architect — RemoteOK Live Search,EMEA Remote,Live Job Search,EMEA Remote,Live / varies,Possibly Available,,2026-07-20,Platform-Indexed Vacancy,B,64,https://remoteok.com/remote-enterprise-architect-jobs,"Global remote live-search pack. This is a live search link, not one fixed vacancy."
job-00217,Enterprise Architect — RemoteOK Live Search,Africa Remote,Live Job Search,Africa Remote,Live / varies,Possibly Available,,2026-07-20,Platform-Indexed Vacancy,B,64,https://remoteok.com/remote-enterprise-architect-jobs,"Global remote live-search pack. This is a live search link, not one fixed vacancy."
job-00218,Enterprise Architect — RemoteOK Live Search,Middle East Remote,Live Job Search,Middle East Remote,Live / varies,Possibly Available,,2026-07-20,Platform-Indexed Vacancy,B,64,https://remoteok.com/remote-enterprise-architect-jobs,"Global remote live-search pack. This is a live search link, not one fixed vacancy."
job-00219,Enterprise Architect — Wellfound Live Search,Worldwide Remote,Live Job Search,Worldwide Remote,Live / varies,Possibly Available,,2026-07-20,Platform-Indexed Vacancy,B,64,https://wellfound.com/jobs?q=Enterprise+Architect&remote=True,"Global remote live-search pack. This is a live search link, not one fixed vacancy."
job-00220,Enterprise Architect — Wellfound Live Search,EMEA Remote,Live Job Search,EMEA Remote,Live / varies,Possibly Available,,2026-07-20,Platform-Indexed Vacancy,B,64,https://wellfound.com/jobs?q=Enterprise+Architect&remote=True,"Global remote live-search pack. This is a live search link, not one fixed vacancy."
job-00221,Enterprise Architect — Wellfound Live Search,Africa Remote,Live Job Search,Africa Remote,Live / varies,Possibly Available,,2026-07-20,Platform-Indexed Vacancy,B,64,https://wellfound.com/jobs?q=Enterprise+Architect&remote=True,"Global remote live-search pack. This is a live search link, not one fixed vacancy."
job-00222,Enterprise Architect — Wellfound Live Search,Middle East Remote,Live Job Search,Middle East Remote,Live / varies,Possibly Available,,2026-07-20,Platform-Indexed Vacancy,B,64,https://wellfound.com/jobs?q=Enterprise+Architect&remote=True,"Global remote live-search pack. This is a live search link, not one fixed vacancy."
job-00223,Enterprise Architect — WeWorkRemotely Live Search,Worldwide Remote,Live Job Search,Worldwide Remote,Live / varies,Possibly Available,,2026-07-20,Platform-Indexed Vacancy,B,64,https://weworkremotely.com/remote-jobs/search?term=Enterprise+Architect,"Global remote live-search pack. This is a live search link, not one fixed vacancy."
job-00224,Enterprise Architect — WeWorkRemotely Live Search,EMEA Remote,Live Job Search,EMEA Remote,Live / varies,Possibly Available,,2026-07-20,Platform-Indexed Vacancy,B,64,https://weworkremotely.com/remote-jobs/search?term=Enterprise+Architect,"Global remote live-search pack. This is a live search link, not one fixed vacancy."
job-00225,Enterprise Architect — WeWorkRemotely Live Search,Africa Remote,Live Job Search,Africa Remote,Live / varies,Possibly Available,,2026-07-20,Platform-Indexed Vacancy,B,64,https://weworkremotely.com/remote-jobs/search?term=Enterprise+Architect,"Global remote live-search pack. This is a live search link, not one fixed vacancy."
job-00226,Enterprise Architect — WeWorkRemotely Live Search,Middle East Remote,Live Job Search,Middle East Remote,Live / varies,Possibly Available,,2026-07-20,Platform-Indexed Vacancy,B,64,https://weworkremotely.com/remote-jobs/search?term=Enterprise+Architect,"Global remote live-search pack. This is a live search link, not one fixed vacancy."
job-00227,Enterprise Security Architect,Banque Misr,Cybersecurity & Security Architecture,Egypt,Cairo,Expired,,2026-07-20,Platform-Indexed Vacancy,B,64,https://www.linkedin.com/jobs/view/4356370310/,Senior security architecture profile
job-00228,ERP Program Manager — Bayt Live Search,Egypt,Live Job Search,Egypt,Live / varies,Possibly Available,,2026-07-20,Platform-Indexed Vacancy,B,64,https://www.bayt.com/en/egypt/jobs/ERP%20Program%20Manager-jobs/,"Egypt live-search pack. This is a live search link, not one fixed vacancy."
job-00229,ERP Program Manager — Google Live Search,Egypt,Live Job Search,Egypt,Live / varies,Possibly Available,,2026-07-20,Platform-Indexed Vacancy,B,64,https://www.google.com/search?q=Egypt+ERP+Program+Manager+jobs+posted+this+week,"Egypt live-search pack. This is a live search link, not one fixed vacancy."
job-00230,ERP Program Manager — LinkedIn Live Search,Egypt,Live Job Search,Egypt,Live / varies,Possibly Available,,2026-07-20,Platform-Indexed Vacancy,B,64,https://www.linkedin.com/jobs/search/?keywords=ERP+Program+Manager&sortBy=DD&location=Egypt,"Egypt live-search pack. This is a live search link, not one fixed vacancy."
job-00231,ERP Program Manager — Wuzzuf Live Search,Egypt,Live Job Search,Egypt,Live / varies,Possibly Available,,2026-07-20,Platform-Indexed Vacancy,B,64,https://wuzzuf.net/search/jobs/?q=ERP+Program+Manager&a=navbl,"Egypt live-search pack. This is a live search link, not one fixed vacancy."
job-00232,Eskadenia Solutions Architect,Müller’s Solutions,Solution Architecture,Egypt,Cairo / Remote,Expired,,2026-07-20,Platform-Indexed Vacancy,A,64,https://jobs.workable.com/view/gBESCNVFPomv8EGGT9en18/remote-eskadenia-solutions-architect-in-cairo-at-m%C3%BCller%60s-solutions,Remote Cairo
job-00233,Healthcare IT Manager — Bayt Live Search,Egypt,Live Job Search,Egypt,Live / varies,Possibly Available,,2026-07-20,Platform-Indexed Vacancy,B,64,https://www.bayt.com/en/egypt/jobs/Healthcare%20IT%20Manager-jobs/,"Egypt live-search pack. This is a live search link, not one fixed vacancy."
job-00234,Healthcare IT Manager — Google Live Search,Egypt,Live Job Search,Egypt,Live / varies,Possibly Available,,2026-07-20,Platform-Indexed Vacancy,B,64,https://www.google.com/search?q=Egypt+Healthcare+IT+Manager+jobs+posted+this+week,"Egypt live-search pack. This is a live search link, not one fixed vacancy."
job-00235,Healthcare IT Manager — LinkedIn Live Search,Egypt,Live Job Search,Egypt,Live / varies,Possibly Available,,2026-07-20,Platform-Indexed Vacancy,B,64,https://www.linkedin.com/jobs/search/?keywords=Healthcare+IT+Manager&sortBy=DD&location=Egypt,"Egypt live-search pack. This is a live search link, not one fixed vacancy."
job-00236,Healthcare IT Manager — Wuzzuf Live Search,Egypt,Live Job Search,Egypt,Live / varies,Possibly Available,,2026-07-20,Platform-Indexed Vacancy,B,64,https://wuzzuf.net/search/jobs/?q=Healthcare+IT+Manager&a=navbl,"Egypt live-search pack. This is a live search link, not one fixed vacancy."
job-00237,Innovation Director - AI Trainer,10x Team,Digital Transformation & Strategy,Remote / Verify Countries,Fully remote freelance,Expired,,2026-07-20,Platform-Indexed Vacancy,B,64,https://jobs.ashbyhq.com/10xteam/e688f787-9daf-4785-960a-dbcc5c6a2faa,Confirm accepted countries; 8–20 hours/week
job-00238,Integration Architect — Bayt Live Search,Egypt,Live Job Search,Egypt,Live / varies,Possibly Available,,2026-07-20,Platform-Indexed Vacancy,B,64,https://www.bayt.com/en/egypt/jobs/Integration%20Architect-jobs/,"Egypt live-search pack. This is a live search link, not one fixed vacancy."
job-00239,Integration Architect — Google Live Search,Egypt,Live Job Search,Egypt,Live / varies,Possibly Available,,2026-07-20,Platform-Indexed Vacancy,B,64,https://www.google.com/search?q=Egypt+Integration+Architect+jobs+posted+this+week,"Egypt live-search pack. This is a live search link, not one fixed vacancy."
job-00240,Integration Architect — LinkedIn Live Search,Egypt,Live Job Search,Egypt,Live / varies,Possibly Available,,2026-07-20,Platform-Indexed Vacancy,B,64,https://www.linkedin.com/jobs/search/?keywords=Integration+Architect&sortBy=DD&location=Egypt,"Egypt live-search pack. This is a live search link, not one fixed vacancy."
job-00241,Integration Architect — Wuzzuf Live Search,Egypt,Live Job Search,Egypt,Live / varies,Possibly Available,,2026-07-20,Platform-Indexed Vacancy,B,64,https://wuzzuf.net/search/jobs/?q=Integration+Architect&a=navbl,"Egypt live-search pack. This is a live search link, not one fixed vacancy."
job-00242,IT Director — LinkedIn Live Search,Worldwide Remote,Live Job Search,Worldwide Remote,Live / varies,Possibly Available,,2026-07-20,Platform-Indexed Vacancy,B,64,https://www.linkedin.com/jobs/search/?keywords=IT+Director&sortBy=DD&location=Worldwide+Remote,"Global remote live-search pack. This is a live search link, not one fixed vacancy."
job-00243,IT Director — LinkedIn Live Search,EMEA Remote,Live Job Search,EMEA Remote,Live / varies,Possibly Available,,2026-07-20,Platform-Indexed Vacancy,B,64,https://www.linkedin.com/jobs/search/?keywords=IT+Director&sortBy=DD&location=EMEA+Remote,"Global remote live-search pack. This is a live search link, not one fixed vacancy."
job-00244,IT Director — LinkedIn Live Search,Africa Remote,Live Job Search,Africa Remote,Live / varies,Possibly Available,,2026-07-20,Platform-Indexed Vacancy,B,64,https://www.linkedin.com/jobs/search/?keywords=IT+Director&sortBy=DD&location=Africa+Remote,"Global remote live-search pack. This is a live search link, not one fixed vacancy."
job-00245,IT Director — LinkedIn Live Search,Middle East Remote,Live Job Search,Middle East Remote,Live / varies,Possibly Available,,2026-07-20,Platform-Indexed Vacancy,B,64,https://www.linkedin.com/jobs/search/?keywords=IT+Director&sortBy=DD&location=Middle+East+Remote,"Global remote live-search pack. This is a live search link, not one fixed vacancy."
job-00246,IT Director — RemoteOK Live Search,Worldwide Remote,Live Job Search,Worldwide Remote,Live / varies,Possibly Available,,2026-07-20,Platform-Indexed Vacancy,B,64,https://remoteok.com/remote-it-director-jobs,"Global remote live-search pack. This is a live search link, not one fixed vacancy."
job-00247,IT Director — RemoteOK Live Search,EMEA Remote,Live Job Search,EMEA Remote,Live / varies,Possibly Available,,2026-07-20,Platform-Indexed Vacancy,B,64,https://remoteok.com/remote-it-director-jobs,"Global remote live-search pack. This is a live search link, not one fixed vacancy."
job-00248,IT Director — RemoteOK Live Search,Africa Remote,Live Job Search,Africa Remote,Live / varies,Possibly Available,,2026-07-20,Platform-Indexed Vacancy,B,64,https://remoteok.com/remote-it-director-jobs,"Global remote live-search pack. This is a live search link, not one fixed vacancy."
job-00249,IT Director — RemoteOK Live Search,Middle East Remote,Live Job Search,Middle East Remote,Live / varies,Possibly Available,,2026-07-20,Platform-Indexed Vacancy,B,64,https://remoteok.com/remote-it-director-jobs,"Global remote live-search pack. This is a live search link, not one fixed vacancy."
job-00250,IT Director — Wellfound Live Search,Worldwide Remote,Live Job Search,Worldwide Remote,Live / varies,Possibly Available,,2026-07-20,Platform-Indexed Vacancy,B,64,https://wellfound.com/jobs?q=IT+Director&remote=True,"Global remote live-search pack. This is a live search link, not one fixed vacancy."
job-00251,IT Director — Wellfound Live Search,EMEA Remote,Live Job Search,EMEA Remote,Live / varies,Possibly Available,,2026-07-20,Platform-Indexed Vacancy,B,64,https://wellfound.com/jobs?q=IT+Director&remote=True,"Global remote live-search pack. This is a live search link, not one fixed vacancy."
job-00252,IT Director — Wellfound Live Search,Africa Remote,Live Job Search,Africa Remote,Live / varies,Possibly Available,,2026-07-20,Platform-Indexed Vacancy,B,64,https://wellfound.com/jobs?q=IT+Director&remote=True,"Global remote live-search pack. This is a live search link, not one fixed vacancy."
job-00253,IT Director — Wellfound Live Search,Middle East Remote,Live Job Search,Middle East Remote,Live / varies,Possibly Available,,2026-07-20,Platform-Indexed Vacancy,B,64,https://wellfound.com/jobs?q=IT+Director&remote=True,"Global remote live-search pack. This is a live search link, not one fixed vacancy."
job-00254,IT Director — WeWorkRemotely Live Search,Worldwide Remote,Live Job Search,Worldwide Remote,Live / varies,Possibly Available,,2026-07-20,Platform-Indexed Vacancy,B,64,https://weworkremotely.com/remote-jobs/search?term=IT+Director,"Global remote live-search pack. This is a live search link, not one fixed vacancy."
job-00255,IT Director — WeWorkRemotely Live Search,EMEA Remote,Live Job Search,EMEA Remote,Live / varies,Possibly Available,,2026-07-20,Platform-Indexed Vacancy,B,64,https://weworkremotely.com/remote-jobs/search?term=IT+Director,"Global remote live-search pack. This is a live search link, not one fixed vacancy."
job-00256,IT Director — WeWorkRemotely Live Search,Africa Remote,Live Job Search,Africa Remote,Live / varies,Possibly Available,,2026-07-20,Platform-Indexed Vacancy,B,64,https://weworkremotely.com/remote-jobs/search?term=IT+Director,"Global remote live-search pack. This is a live search link, not one fixed vacancy."
job-00257,IT Director — WeWorkRemotely Live Search,Middle East Remote,Live Job Search,Middle East Remote,Live / varies,Possibly Available,,2026-07-20,Platform-Indexed Vacancy,B,64,https://weworkremotely.com/remote-jobs/search?term=IT+Director,"Global remote live-search pack. This is a live search link, not one fixed vacancy."
job-00258,IT Solution Architect,VOIS,Solution Architecture,Egypt,Giza,Expired,,2026-07-20,Platform-Indexed Vacancy,B,64,https://www.linkedin.com/jobs/view/4356560149,Verify listing remains open
job-00259,Machine Learning Principal Solutions Architect,phData,Solution Architecture,United States,Remote,Expired,,2026-07-20,Platform-Indexed Vacancy,A,64,https://boards.greenhouse.io/phdata/jobs/7390457,US hiring eligibility
job-00260,Platform Architect - OT/IT,Coca-Cola HBC,Solution Architecture,Egypt,Cairo,Possibly Available,2026-07-13,2026-07-20,Platform-Indexed Vacancy,B,64,https://eg.linkedin.com/jobs/digital-transformation-manager-jobs?countryRedirected=1,"Verify eligibility, deadline and work authorization on the linked source before applying."
job-00261,Presales Consultant,Müller's Solutions,Solution Architecture,Egypt,Remote,Expired,,2026-07-20,Platform-Indexed Vacancy,A,64,https://jobs.workable.com/view/qbthsnFBmPkWV9WthvjQpq/presales-consultant-%28remote%29-in-cairo-at-m%C3%BCller%60s-solutions,Remote role associated with Cairo
job-00262,Program Manager / Head of PMO,QNBeyond Plus,"Program, Project & Delivery Management",Egypt,Cairo,Expired,,2026-07-20,Platform-Indexed Vacancy,B,64,https://www.linkedin.com/jobs/view/4437221415/,PMO establishment and governance experience
job-00263,"Regulatory Data Coordinator, Senior Associate",Pfizer,Data Architecture & Governance,Egypt,Cairo,Expired,,2026-07-20,Platform-Indexed Vacancy,B,64,https://www.linkedin.com/jobs/view/4340386487/,Regulatory data and master-data experience
job-00264,SAP Solution Architect - Integrated Order Management,Coca-Cola HBC,Solution Architecture,Egypt,Cairo,Expired,,2026-07-20,Platform-Indexed Vacancy,B,64,https://www.linkedin.com/jobs/view/4380330174/,SAP order-management architecture
job-00265,Senior Data Architect,SDG Group Middle East,Data Architecture & Governance,Egypt,Cairo,Expired,,2026-07-20,Platform-Indexed Vacancy,B,64,https://www.linkedin.com/jobs/view/4434534683/,Senior data architecture experience
job-00266,Senior Modern Workplace Solutions Architect,CareersTech.Hub,Solution Architecture,Egypt,Cairo,Expired,,2026-07-20,Platform-Indexed Vacancy,B,64,https://www.linkedin.com/jobs/view/4435659594/,Microsoft modern-workplace architecture
job-00267,Senior Solution Architect - Telecom & Network Services,Tech Mahindra,Solution Architecture,Egypt,Cairo,Expired,,2026-07-20,Platform-Indexed Vacancy,B,64,https://www.linkedin.com/jobs/view/4439869381/,Senior telecom architecture background
job-00268,Solution Architect,Konecta,Solution Architecture,Egypt,New Cairo,Possibly Available,2026-07-13,2026-07-20,Platform-Indexed Vacancy,B,64,https://www.linkedin.com/jobs/konecta-jobs-worldwide?f_AL=true,"Verify eligibility, deadline and work authorization on the linked source before applying."
job-00269,Solution Architect,Ericsson,Solution Architecture,Egypt,Smart Village / Cairo,Expired,,2026-07-20,Platform-Indexed Vacancy,B,64,https://www.linkedin.com/jobs/view/4439895071/,Telecom solution architecture experience
job-00270,Solution Architect - IIoT Manufacturing,Coca-Cola HBC,Solution Architecture,Egypt,New Cairo,Expired,,2026-07-20,Platform-Indexed Vacancy,B,64,https://www.linkedin.com/jobs/view/4371841602/,Industrial IoT and manufacturing systems
job-00271,Solutions Architect,QNBeyond Plus,Solution Architecture,Egypt,Cairo,Expired,,2026-07-20,Platform-Indexed Vacancy,B,64,https://www.linkedin.com/jobs/view/4437226292/,Verify detailed technical stack
job-00272,Solutions Architect - Pre-Sales,BlueCloud Services,Solution Architecture,United States,Remote,Expired,,2026-07-20,Platform-Indexed Vacancy,A,64,https://jobs.lever.co/blue/639d784c-c45c-48c6-8636-cacfec1d2d3c,US remote; Northeast preferred
job-00273,"Solutions Architect, Integrations",Sardine,Solution Architecture,UK / European Union,Remote,Expired,,2026-07-20,Platform-Indexed Vacancy,B,64,https://jobs.ashbyhq.com/sardine,UK or listed European countries
job-00274,Technical Program Manager — LinkedIn Live Search,Worldwide Remote,Live Job Search,Worldwide Remote,Live / varies,Possibly Available,,2026-07-20,Platform-Indexed Vacancy,B,64,https://www.linkedin.com/jobs/search/?keywords=Technical+Program+Manager&sortBy=DD&location=Worldwide+Remote,"Global remote live-search pack. This is a live search link, not one fixed vacancy."
job-00275,Technical Program Manager — LinkedIn Live Search,EMEA Remote,Live Job Search,EMEA Remote,Live / varies,Possibly Available,,2026-07-20,Platform-Indexed Vacancy,B,64,https://www.linkedin.com/jobs/search/?keywords=Technical+Program+Manager&sortBy=DD&location=EMEA+Remote,"Global remote live-search pack. This is a live search link, not one fixed vacancy."
job-00276,Technical Program Manager — LinkedIn Live Search,Africa Remote,Live Job Search,Africa Remote,Live / varies,Possibly Available,,2026-07-20,Platform-Indexed Vacancy,B,64,https://www.linkedin.com/jobs/search/?keywords=Technical+Program+Manager&sortBy=DD&location=Africa+Remote,"Global remote live-search pack. This is a live search link, not one fixed vacancy."
job-00277,Technical Program Manager — LinkedIn Live Search,Middle East Remote,Live Job Search,Middle East Remote,Live / varies,Possibly Available,,2026-07-20,Platform-Indexed Vacancy,B,64,https://www.linkedin.com/jobs/search/?keywords=Technical+Program+Manager&sortBy=DD&location=Middle+East+Remote,"Global remote live-search pack. This is a live search link, not one fixed vacancy."
job-00278,Technical Program Manager — RemoteOK Live Search,Worldwide Remote,Live Job Search,Worldwide Remote,Live / varies,Possibly Available,,2026-07-20,Platform-Indexed Vacancy,B,64,https://remoteok.com/remote-technical-program-manager-jobs,"Global remote live-search pack. This is a live search link, not one fixed vacancy."
job-00279,Technical Program Manager — RemoteOK Live Search,EMEA Remote,Live Job Search,EMEA Remote,Live / varies,Possibly Available,,2026-07-20,Platform-Indexed Vacancy,B,64,https://remoteok.com/remote-technical-program-manager-jobs,"Global remote live-search pack. This is a live search link, not one fixed vacancy."
job-00280,Technical Program Manager — RemoteOK Live Search,Africa Remote,Live Job Search,Africa Remote,Live / varies,Possibly Available,,2026-07-20,Platform-Indexed Vacancy,B,64,https://remoteok.com/remote-technical-program-manager-jobs,"Global remote live-search pack. This is a live search link, not one fixed vacancy."
job-00281,Technical Program Manager — RemoteOK Live Search,Middle East Remote,Live Job Search,Middle East Remote,Live / varies,Possibly Available,,2026-07-20,Platform-Indexed Vacancy,B,64,https://remoteok.com/remote-technical-program-manager-jobs,"Global remote live-search pack. This is a live search link, not one fixed vacancy."
job-00282,Technical Program Manager — Wellfound Live Search,Worldwide Remote,Live Job Search,Worldwide Remote,Live / varies,Possibly Available,,2026-07-20,Platform-Indexed Vacancy,B,64,https://wellfound.com/jobs?q=Technical+Program+Manager&remote=True,"Global remote live-search pack. This is a live search link, not one fixed vacancy."
job-00283,Technical Program Manager — Wellfound Live Search,EMEA Remote,Live Job Search,EMEA Remote,Live / varies,Possibly Available,,2026-07-20,Platform-Indexed Vacancy,B,64,https://wellfound.com/jobs?q=Technical+Program+Manager&remote=True,"Global remote live-search pack. This is a live search link, not one fixed vacancy."
job-00284,Technical Program Manager — Wellfound Live Search,Africa Remote,Live Job Search,Africa Remote,Live / varies,Possibly Available,,2026-07-20,Platform-Indexed Vacancy,B,64,https://wellfound.com/jobs?q=Technical+Program+Manager&remote=True,"Global remote live-search pack. This is a live search link, not one fixed vacancy."
job-00285,Technical Program Manager — Wellfound Live Search,Middle East Remote,Live Job Search,Middle East Remote,Live / varies,Possibly Available,,2026-07-20,Platform-Indexed Vacancy,B,64,https://wellfound.com/jobs?q=Technical+Program+Manager&remote=True,"Global remote live-search pack. This is a live search link, not one fixed vacancy."
job-00286,Technical Program Manager — WeWorkRemotely Live Search,Worldwide Remote,Live Job Search,Worldwide Remote,Live / varies,Possibly Available,,2026-07-20,Platform-Indexed Vacancy,B,64,https://weworkremotely.com/remote-jobs/search?term=Technical+Program+Manager,"Global remote live-search pack. This is a live search link, not one fixed vacancy."
job-00287,Technical Program Manager — WeWorkRemotely Live Search,EMEA Remote,Live Job Search,EMEA Remote,Live / varies,Possibly Available,,2026-07-20,Platform-Indexed Vacancy,B,64,https://weworkremotely.com/remote-jobs/search?term=Technical+Program+Manager,"Global remote live-search pack. This is a live search link, not one fixed vacancy."
job-00288,Technical Program Manager — WeWorkRemotely Live Search,Africa Remote,Live Job Search,Africa Remote,Live / varies,Possibly Available,,2026-07-20,Platform-Indexed Vacancy,B,64,https://weworkremotely.com/remote-jobs/search?term=Technical+Program+Manager,"Global remote live-search pack. This is a live search link, not one fixed vacancy."
job-00289,Technical Program Manager — WeWorkRemotely Live Search,Middle East Remote,Live Job Search,Middle East Remote,Live / varies,Possibly Available,,2026-07-20,Platform-Indexed Vacancy,B,64,https://weworkremotely.com/remote-jobs/search?term=Technical+Program+Manager,"Global remote live-search pack. This is a live search link, not one fixed vacancy."
job-00290,Technology Director — LinkedIn Live Search,Worldwide Remote,Live Job Search,Worldwide Remote,Live / varies,Possibly Available,,2026-07-20,Platform-Indexed Vacancy,B,64,https://www.linkedin.com/jobs/search/?keywords=Technology+Director&sortBy=DD&location=Worldwide+Remote,"Global remote live-search pack. This is a live search link, not one fixed vacancy."
job-00291,Technology Director — LinkedIn Live Search,EMEA Remote,Live Job Search,EMEA Remote,Live / varies,Possibly Available,,2026-07-20,Platform-Indexed Vacancy,B,64,https://www.linkedin.com/jobs/search/?keywords=Technology+Director&sortBy=DD&location=EMEA+Remote,"Global remote live-search pack. This is a live search link, not one fixed vacancy."
job-00292,Technology Director — LinkedIn Live Search,Africa Remote,Live Job Search,Africa Remote,Live / varies,Possibly Available,,2026-07-20,Platform-Indexed Vacancy,B,64,https://www.linkedin.com/jobs/search/?keywords=Technology+Director&sortBy=DD&location=Africa+Remote,"Global remote live-search pack. This is a live search link, not one fixed vacancy."
job-00293,Technology Director — LinkedIn Live Search,Middle East Remote,Live Job Search,Middle East Remote,Live / varies,Possibly Available,,2026-07-20,Platform-Indexed Vacancy,B,64,https://www.linkedin.com/jobs/search/?keywords=Technology+Director&sortBy=DD&location=Middle+East+Remote,"Global remote live-search pack. This is a live search link, not one fixed vacancy."
job-00294,Technology Director — RemoteOK Live Search,Worldwide Remote,Live Job Search,Worldwide Remote,Live / varies,Possibly Available,,2026-07-20,Platform-Indexed Vacancy,B,64,https://remoteok.com/remote-technology-director-jobs,"Global remote live-search pack. This is a live search link, not one fixed vacancy."
job-00295,Technology Director — RemoteOK Live Search,EMEA Remote,Live Job Search,EMEA Remote,Live / varies,Possibly Available,,2026-07-20,Platform-Indexed Vacancy,B,64,https://remoteok.com/remote-technology-director-jobs,"Global remote live-search pack. This is a live search link, not one fixed vacancy."
job-00296,Technology Director — RemoteOK Live Search,Africa Remote,Live Job Search,Africa Remote,Live / varies,Possibly Available,,2026-07-20,Platform-Indexed Vacancy,B,64,https://remoteok.com/remote-technology-director-jobs,"Global remote live-search pack. This is a live search link, not one fixed vacancy."
job-00297,Technology Director — RemoteOK Live Search,Middle East Remote,Live Job Search,Middle East Remote,Live / varies,Possibly Available,,2026-07-20,Platform-Indexed Vacancy,B,64,https://remoteok.com/remote-technology-director-jobs,"Global remote live-search pack. This is a live search link, not one fixed vacancy."
job-00298,Technology Director — Wellfound Live Search,Worldwide Remote,Live Job Search,Worldwide Remote,Live / varies,Possibly Available,,2026-07-20,Platform-Indexed Vacancy,B,64,https://wellfound.com/jobs?q=Technology+Director&remote=True,"Global remote live-search pack. This is a live search link, not one fixed vacancy."
job-00299,Technology Director — Wellfound Live Search,EMEA Remote,Live Job Search,EMEA Remote,Live / varies,Possibly Available,,2026-07-20,Platform-Indexed Vacancy,B,64,https://wellfound.com/jobs?q=Technology+Director&remote=True,"Global remote live-search pack. This is a live search link, not one fixed vacancy."
job-00300,Technology Director — Wellfound Live Search,Africa Remote,Live Job Search,Africa Remote,Live / varies,Possibly Available,,2026-07-20,Platform-Indexed Vacancy,B,64,https://wellfound.com/jobs?q=Technology+Director&remote=True,"Global remote live-search pack. This is a live search link, not one fixed vacancy."
job-00301,Technology Director — Wellfound Live Search,Middle East Remote,Live Job Search,Middle East Remote,Live / varies,Possibly Available,,2026-07-20,Platform-Indexed Vacancy,B,64,https://wellfound.com/jobs?q=Technology+Director&remote=True,"Global remote live-search pack. This is a live search link, not one fixed vacancy."
job-00302,Technology Director — WeWorkRemotely Live Search,Worldwide Remote,Live Job Search,Worldwide Remote,Live / varies,Possibly Available,,2026-07-20,Platform-Indexed Vacancy,B,64,https://weworkremotely.com/remote-jobs/search?term=Technology+Director,"Global remote live-search pack. This is a live search link, not one fixed vacancy."
job-00303,Technology Director — WeWorkRemotely Live Search,EMEA Remote,Live Job Search,EMEA Remote,Live / varies,Possibly Available,,2026-07-20,Platform-Indexed Vacancy,B,64,https://weworkremotely.com/remote-jobs/search?term=Technology+Director,"Global remote live-search pack. This is a live search link, not one fixed vacancy."
job-00304,Technology Director — WeWorkRemotely Live Search,Africa Remote,Live Job Search,Africa Remote,Live / varies,Possibly Available,,2026-07-20,Platform-Indexed Vacancy,B,64,https://weworkremotely.com/remote-jobs/search?term=Technology+Director,"Global remote live-search pack. This is a live search link, not one fixed vacancy."
job-00305,Technology Director — WeWorkRemotely Live Search,Middle East Remote,Live Job Search,Middle East Remote,Live / varies,Possibly Available,,2026-07-20,Platform-Indexed Vacancy,B,64,https://weworkremotely.com/remote-jobs/search?term=Technology+Director,"Global remote live-search pack. This is a live search link, not one fixed vacancy."
job-00306,AI Go-to-Market Solution Architect,NTT DATA,AI & Automation,Saudi Arabia,Riyadh,Possibly Available,2026-07-06,2026-07-20,Platform-Indexed Vacancy,B,63,https://sa.linkedin.com/jobs/digital-transformation-advisor-jobs?countryRedirected=1,"Verify eligibility, deadline and work authorization on the linked source before applying."
job-00307,Business & Technical Solutions Specialist,Master-Works,Solution Architecture,Saudi Arabia,Riyadh,Expired,,2026-07-20,Platform-Indexed Vacancy,A,63,https://jobs.workable.com/view/qpSMvV9trn6oggAE1Px44W/business-%26-technical-solutions%2C-specialist-in-riyadh-at-master-works,
job-00308,Data Architect,Landmark Group,Data Architecture & Governance,United Arab Emirates,Dubai,Expired,,2026-07-20,Platform-Indexed Vacancy,B,63,https://ae.linkedin.com/jobs/view/data-architect-at-landmark-group-4291753169,Verify eligibility
job-00309,Data Governance Manager — Google Live Search,Kenya,Live Job Search,Kenya,Live / varies,Possibly Available,,2026-07-20,Platform-Indexed Vacancy,B,63,https://www.google.com/search?q=Kenya+Data+Governance+Manager+jobs+posted+this+week,"Africa live-search pack. This is a live search link, not one fixed vacancy."
job-00310,Data Governance Manager — Google Live Search,Nigeria,Live Job Search,Nigeria,Live / varies,Possibly Available,,2026-07-20,Platform-Indexed Vacancy,B,63,https://www.google.com/search?q=Nigeria+Data+Governance+Manager+jobs+posted+this+week,"Africa live-search pack. This is a live search link, not one fixed vacancy."
job-00311,Data Governance Manager — Google Live Search,Ghana,Live Job Search,Ghana,Live / varies,Possibly Available,,2026-07-20,Platform-Indexed Vacancy,B,63,https://www.google.com/search?q=Ghana+Data+Governance+Manager+jobs+posted+this+week,"Africa live-search pack. This is a live search link, not one fixed vacancy."
job-00312,Data Governance Manager — Google Live Search,South Africa,Live Job Search,South Africa,Live / varies,Possibly Available,,2026-07-20,Platform-Indexed Vacancy,B,63,https://www.google.com/search?q=South+Africa+Data+Governance+Manager+jobs+posted+this+week,"Africa live-search pack. This is a live search link, not one fixed vacancy."
job-00313,Data Governance Manager — Google Live Search,Rwanda,Live Job Search,Rwanda,Live / varies,Possibly Available,,2026-07-20,Platform-Indexed Vacancy,B,63,https://www.google.com/search?q=Rwanda+Data+Governance+Manager+jobs+posted+this+week,"Africa live-search pack. This is a live search link, not one fixed vacancy."
job-00314,Data Governance Manager — Google Live Search,Uganda,Live Job Search,Uganda,Live / varies,Possibly Available,,2026-07-20,Platform-Indexed Vacancy,B,63,https://www.google.com/search?q=Uganda+Data+Governance+Manager+jobs+posted+this+week,"Africa live-search pack. This is a live search link, not one fixed vacancy."
job-00315,Data Governance Manager — Google Live Search,Tanzania,Live Job Search,Tanzania,Live / varies,Possibly Available,,2026-07-20,Platform-Indexed Vacancy,B,63,https://www.google.com/search?q=Tanzania+Data+Governance+Manager+jobs+posted+this+week,"Africa live-search pack. This is a live search link, not one fixed vacancy."
job-00316,Data Governance Manager — Google Live Search,Ethiopia,Live Job Search,Ethiopia,Live / varies,Possibly Available,,2026-07-20,Platform-Indexed Vacancy,B,63,https://www.google.com/search?q=Ethiopia+Data+Governance+Manager+jobs+posted+this+week,"Africa live-search pack. This is a live search link, not one fixed vacancy."
job-00317,Data Governance Manager — LinkedIn Live Search,Kenya,Live Job Search,Kenya,Live / varies,Possibly Available,,2026-07-20,Platform-Indexed Vacancy,B,63,https://www.linkedin.com/jobs/search/?keywords=Data+Governance+Manager&sortBy=DD&location=Kenya,"Africa live-search pack. This is a live search link, not one fixed vacancy."
job-00318,Data Governance Manager — LinkedIn Live Search,Nigeria,Live Job Search,Nigeria,Live / varies,Possibly Available,,2026-07-20,Platform-Indexed Vacancy,B,63,https://www.linkedin.com/jobs/search/?keywords=Data+Governance+Manager&sortBy=DD&location=Nigeria,"Africa live-search pack. This is a live search link, not one fixed vacancy."
job-00319,Data Governance Manager — LinkedIn Live Search,Ghana,Live Job Search,Ghana,Live / varies,Possibly Available,,2026-07-20,Platform-Indexed Vacancy,B,63,https://www.linkedin.com/jobs/search/?keywords=Data+Governance+Manager&sortBy=DD&location=Ghana,"Africa live-search pack. This is a live search link, not one fixed vacancy."
job-00320,Data Governance Manager — LinkedIn Live Search,South Africa,Live Job Search,South Africa,Live / varies,Possibly Available,,2026-07-20,Platform-Indexed Vacancy,B,63,https://www.linkedin.com/jobs/search/?keywords=Data+Governance+Manager&sortBy=DD&location=South+Africa,"Africa live-search pack. This is a live search link, not one fixed vacancy."
job-00321,Data Governance Manager — LinkedIn Live Search,Rwanda,Live Job Search,Rwanda,Live / varies,Possibly Available,,2026-07-20,Platform-Indexed Vacancy,B,63,https://www.linkedin.com/jobs/search/?keywords=Data+Governance+Manager&sortBy=DD&location=Rwanda,"Africa live-search pack. This is a live search link, not one fixed vacancy."
job-00322,Data Governance Manager — LinkedIn Live Search,Uganda,Live Job Search,Uganda,Live / varies,Possibly Available,,2026-07-20,Platform-Indexed Vacancy,B,63,https://www.linkedin.com/jobs/search/?keywords=Data+Governance+Manager&sortBy=DD&location=Uganda,"Africa live-search pack. This is a live search link, not one fixed vacancy."
job-00323,Data Governance Manager — LinkedIn Live Search,Tanzania,Live Job Search,Tanzania,Live / varies,Possibly Available,,2026-07-20,Platform-Indexed Vacancy,B,63,https://www.linkedin.com/jobs/search/?keywords=Data+Governance+Manager&sortBy=DD&location=Tanzania,"Africa live-search pack. This is a live search link, not one fixed vacancy."
job-00324,Data Governance Manager — LinkedIn Live Search,Ethiopia,Live Job Search,Ethiopia,Live / varies,Possibly Available,,2026-07-20,Platform-Indexed Vacancy,B,63,https://www.linkedin.com/jobs/search/?keywords=Data+Governance+Manager&sortBy=DD&location=Ethiopia,"Africa live-search pack. This is a live search link, not one fixed vacancy."
job-00325,Data Protection Officer,Reem Hospital,Data Architecture & Governance,United Arab Emirates,Abu Dhabi,Expired,2026-07-20,2026-07-20,Platform-Indexed Vacancy,B,63,https://www.linkedin.com/jobs/view/4348337161/,Privacy certification required
job-00326,Digital Solutions Architect / Lead Developer,Müller’s Solutions,Solution Architecture,Saudi Arabia,Riyadh,Expired,,2026-07-20,Platform-Indexed Vacancy,A,63,https://jobs.workable.com/view/xetoAqkQoxYvxmTjs5ih5M/digital-solutions-architect-%2F-lead-developer--arabic-speaker-%289-month-%29-in-riyadh-at-m%C3%BCller%60s-solutions,On-site Riyadh
job-00327,Digital Transformation & Business Technology Group Director,Victory Farms,IT Leadership,Kenya,Nairobi,Possibly Available,2026-07-16,2026-07-20,Platform-Indexed Vacancy,B,63,https://ke.linkedin.com/jobs/it-director-jobs,"Verify eligibility, deadline and work authorization on the linked source before applying."
job-00328,"Director, Digital Operations",Iron Mountain,"Cloud, Infrastructure & IT Operations",Kuwait,Kuwait,Expired,2026-07-20,2026-07-20,Platform-Indexed Vacancy,B,63,https://www.linkedin.com/jobs/view/4350519247/,Verify location details
job-00329,Enterprise Architect — Google Live Search,Kenya,Live Job Search,Kenya,Live / varies,Possibly Available,,2026-07-20,Platform-Indexed Vacancy,B,63,https://www.google.com/search?q=Kenya+Enterprise+Architect+jobs+posted+this+week,"Africa live-search pack. This is a live search link, not one fixed vacancy."
job-00330,Enterprise Architect — Google Live Search,Nigeria,Live Job Search,Nigeria,Live / varies,Possibly Available,,2026-07-20,Platform-Indexed Vacancy,B,63,https://www.google.com/search?q=Nigeria+Enterprise+Architect+jobs+posted+this+week,"Africa live-search pack. This is a live search link, not one fixed vacancy."
job-00331,Enterprise Architect — Google Live Search,Ghana,Live Job Search,Ghana,Live / varies,Possibly Available,,2026-07-20,Platform-Indexed Vacancy,B,63,https://www.google.com/search?q=Ghana+Enterprise+Architect+jobs+posted+this+week,"Africa live-search pack. This is a live search link, not one fixed vacancy."
job-00332,Enterprise Architect — Google Live Search,South Africa,Live Job Search,South Africa,Live / varies,Possibly Available,,2026-07-20,Platform-Indexed Vacancy,B,63,https://www.google.com/search?q=South+Africa+Enterprise+Architect+jobs+posted+this+week,"Africa live-search pack. This is a live search link, not one fixed vacancy."
job-00333,Enterprise Architect — Google Live Search,Rwanda,Live Job Search,Rwanda,Live / varies,Possibly Available,,2026-07-20,Platform-Indexed Vacancy,B,63,https://www.google.com/search?q=Rwanda+Enterprise+Architect+jobs+posted+this+week,"Africa live-search pack. This is a live search link, not one fixed vacancy."
job-00334,Enterprise Architect — Google Live Search,Uganda,Live Job Search,Uganda,Live / varies,Possibly Available,,2026-07-20,Platform-Indexed Vacancy,B,63,https://www.google.com/search?q=Uganda+Enterprise+Architect+jobs+posted+this+week,"Africa live-search pack. This is a live search link, not one fixed vacancy."
job-00335,Enterprise Architect — Google Live Search,Tanzania,Live Job Search,Tanzania,Live / varies,Possibly Available,,2026-07-20,Platform-Indexed Vacancy,B,63,https://www.google.com/search?q=Tanzania+Enterprise+Architect+jobs+posted+this+week,"Africa live-search pack. This is a live search link, not one fixed vacancy."
job-00336,Enterprise Architect — Google Live Search,Ethiopia,Live Job Search,Ethiopia,Live / varies,Possibly Available,,2026-07-20,Platform-Indexed Vacancy,B,63,https://www.google.com/search?q=Ethiopia+Enterprise+Architect+jobs+posted+this+week,"Africa live-search pack. This is a live search link, not one fixed vacancy."
job-00337,Enterprise Architect — LinkedIn Live Search,Kenya,Live Job Search,Kenya,Live / varies,Possibly Available,,2026-07-20,Platform-Indexed Vacancy,B,63,https://www.linkedin.com/jobs/search/?keywords=Enterprise+Architect&sortBy=DD&location=Kenya,"Africa live-search pack. This is a live search link, not one fixed vacancy."
job-00338,Enterprise Architect — LinkedIn Live Search,Nigeria,Live Job Search,Nigeria,Live / varies,Possibly Available,,2026-07-20,Platform-Indexed Vacancy,B,63,https://www.linkedin.com/jobs/search/?keywords=Enterprise+Architect&sortBy=DD&location=Nigeria,"Africa live-search pack. This is a live search link, not one fixed vacancy."
job-00339,Enterprise Architect — LinkedIn Live Search,Ghana,Live Job Search,Ghana,Live / varies,Possibly Available,,2026-07-20,Platform-Indexed Vacancy,B,63,https://www.linkedin.com/jobs/search/?keywords=Enterprise+Architect&sortBy=DD&location=Ghana,"Africa live-search pack. This is a live search link, not one fixed vacancy."
job-00340,Enterprise Architect — LinkedIn Live Search,South Africa,Live Job Search,South Africa,Live / varies,Possibly Available,,2026-07-20,Platform-Indexed Vacancy,B,63,https://www.linkedin.com/jobs/search/?keywords=Enterprise+Architect&sortBy=DD&location=South+Africa,"Africa live-search pack. This is a live search link, not one fixed vacancy."
job-00341,Enterprise Architect — LinkedIn Live Search,Rwanda,Live Job Search,Rwanda,Live / varies,Possibly Available,,2026-07-20,Platform-Indexed Vacancy,B,63,https://www.linkedin.com/jobs/search/?keywords=Enterprise+Architect&sortBy=DD&location=Rwanda,"Africa live-search pack. This is a live search link, not one fixed vacancy."
job-00342,Enterprise Architect — LinkedIn Live Search,Uganda,Live Job Search,Uganda,Live / varies,Possibly Available,,2026-07-20,Platform-Indexed Vacancy,B,63,https://www.linkedin.com/jobs/search/?keywords=Enterprise+Architect&sortBy=DD&location=Uganda,"Africa live-search pack. This is a live search link, not one fixed vacancy."
job-00343,Enterprise Architect — LinkedIn Live Search,Tanzania,Live Job Search,Tanzania,Live / varies,Possibly Available,,2026-07-20,Platform-Indexed Vacancy,B,63,https://www.linkedin.com/jobs/search/?keywords=Enterprise+Architect&sortBy=DD&location=Tanzania,"Africa live-search pack. This is a live search link, not one fixed vacancy."
job-00344,Enterprise Architect — LinkedIn Live Search,Ethiopia,Live Job Search,Ethiopia,Live / varies,Possibly Available,,2026-07-20,Platform-Indexed Vacancy,B,63,https://www.linkedin.com/jobs/search/?keywords=Enterprise+Architect&sortBy=DD&location=Ethiopia,"Africa live-search pack. This is a live search link, not one fixed vacancy."
job-00345,ERP Program Manager — Bayt Live Search,Saudi Arabia,Live Job Search,Saudi Arabia,Live / varies,Possibly Available,,2026-07-20,Platform-Indexed Vacancy,B,63,https://www.bayt.com/en/saudi-arabia/jobs/ERP%20Program%20Manager-jobs/,"GCC live-search pack. This is a live search link, not one fixed vacancy."
job-00346,ERP Program Manager — Bayt Live Search,United Arab Emirates,Live Job Search,United Arab Emirates,Live / varies,Possibly Available,,2026-07-20,Platform-Indexed Vacancy,B,63,https://www.bayt.com/en/united-arab-emirates/jobs/ERP%20Program%20Manager-jobs/,"GCC live-search pack. This is a live search link, not one fixed vacancy."
job-00347,ERP Program Manager — Bayt Live Search,Qatar,Live Job Search,Qatar,Live / varies,Possibly Available,,2026-07-20,Platform-Indexed Vacancy,B,63,https://www.bayt.com/en/qatar/jobs/ERP%20Program%20Manager-jobs/,"GCC live-search pack. This is a live search link, not one fixed vacancy."
job-00348,ERP Program Manager — Bayt Live Search,Kuwait,Live Job Search,Kuwait,Live / varies,Possibly Available,,2026-07-20,Platform-Indexed Vacancy,B,63,https://www.bayt.com/en/kuwait/jobs/ERP%20Program%20Manager-jobs/,"GCC live-search pack. This is a live search link, not one fixed vacancy."
job-00349,ERP Program Manager — Bayt Live Search,Oman,Live Job Search,Oman,Live / varies,Possibly Available,,2026-07-20,Platform-Indexed Vacancy,B,63,https://www.bayt.com/en/oman/jobs/ERP%20Program%20Manager-jobs/,"GCC live-search pack. This is a live search link, not one fixed vacancy."
job-00350,ERP Program Manager — Bayt Live Search,Bahrain,Live Job Search,Bahrain,Live / varies,Possibly Available,,2026-07-20,Platform-Indexed Vacancy,B,63,https://www.bayt.com/en/bahrain/jobs/ERP%20Program%20Manager-jobs/,"GCC live-search pack. This is a live search link, not one fixed vacancy."
job-00351,ERP Program Manager — GulfTalent Live Search,Saudi Arabia,Live Job Search,Saudi Arabia,Live / varies,Possibly Available,,2026-07-20,Platform-Indexed Vacancy,B,63,https://www.gulftalent.com/jobs?keywords=ERP+Program+Manager,"GCC live-search pack. This is a live search link, not one fixed vacancy."
job-00352,ERP Program Manager — GulfTalent Live Search,United Arab Emirates,Live Job Search,United Arab Emirates,Live / varies,Possibly Available,,2026-07-20,Platform-Indexed Vacancy,B,63,https://www.gulftalent.com/jobs?keywords=ERP+Program+Manager,"GCC live-search pack. This is a live search link, not one fixed vacancy."
job-00353,ERP Program Manager — GulfTalent Live Search,Qatar,Live Job Search,Qatar,Live / varies,Possibly Available,,2026-07-20,Platform-Indexed Vacancy,B,63,https://www.gulftalent.com/jobs?keywords=ERP+Program+Manager,"GCC live-search pack. This is a live search link, not one fixed vacancy."
job-00354,ERP Program Manager — GulfTalent Live Search,Kuwait,Live Job Search,Kuwait,Live / varies,Possibly Available,,2026-07-20,Platform-Indexed Vacancy,B,63,https://www.gulftalent.com/jobs?keywords=ERP+Program+Manager,"GCC live-search pack. This is a live search link, not one fixed vacancy."
job-00355,ERP Program Manager — GulfTalent Live Search,Oman,Live Job Search,Oman,Live / varies,Possibly Available,,2026-07-20,Platform-Indexed Vacancy,B,63,https://www.gulftalent.com/jobs?keywords=ERP+Program+Manager,"GCC live-search pack. This is a live search link, not one fixed vacancy."
job-00356,ERP Program Manager — GulfTalent Live Search,Bahrain,Live Job Search,Bahrain,Live / varies,Possibly Available,,2026-07-20,Platform-Indexed Vacancy,B,63,https://www.gulftalent.com/jobs?keywords=ERP+Program+Manager,"GCC live-search pack. This is a live search link, not one fixed vacancy."
job-00357,ERP Program Manager — LinkedIn Live Search,Saudi Arabia,Live Job Search,Saudi Arabia,Live / varies,Possibly Available,,2026-07-20,Platform-Indexed Vacancy,B,63,https://www.linkedin.com/jobs/search/?keywords=ERP+Program+Manager&sortBy=DD&location=Saudi+Arabia,"GCC live-search pack. This is a live search link, not one fixed vacancy."
job-00358,ERP Program Manager — LinkedIn Live Search,United Arab Emirates,Live Job Search,United Arab Emirates,Live / varies,Possibly Available,,2026-07-20,Platform-Indexed Vacancy,B,63,https://www.linkedin.com/jobs/search/?keywords=ERP+Program+Manager&sortBy=DD&location=United+Arab+Emirates,"GCC live-search pack. This is a live search link, not one fixed vacancy."
job-00359,ERP Program Manager — LinkedIn Live Search,Qatar,Live Job Search,Qatar,Live / varies,Possibly Available,,2026-07-20,Platform-Indexed Vacancy,B,63,https://www.linkedin.com/jobs/search/?keywords=ERP+Program+Manager&sortBy=DD&location=Qatar,"GCC live-search pack. This is a live search link, not one fixed vacancy."
job-00360,ERP Program Manager — LinkedIn Live Search,Kuwait,Live Job Search,Kuwait,Live / varies,Possibly Available,,2026-07-20,Platform-Indexed Vacancy,B,63,https://www.linkedin.com/jobs/search/?keywords=ERP+Program+Manager&sortBy=DD&location=Kuwait,"GCC live-search pack. This is a live search link, not one fixed vacancy."
job-00361,ERP Program Manager — LinkedIn Live Search,Oman,Live Job Search,Oman,Live / varies,Possibly Available,,2026-07-20,Platform-Indexed Vacancy,B,63,https://www.linkedin.com/jobs/search/?keywords=ERP+Program+Manager&sortBy=DD&location=Oman,"GCC live-search pack. This is a live search link, not one fixed vacancy."
job-00362,ERP Program Manager — LinkedIn Live Search,Bahrain,Live Job Search,Bahrain,Live / varies,Possibly Available,,2026-07-20,Platform-Indexed Vacancy,B,63,https://www.linkedin.com/jobs/search/?keywords=ERP+Program+Manager&sortBy=DD&location=Bahrain,"GCC live-search pack. This is a live search link, not one fixed vacancy."
job-00363,Healthcare IT Manager — Bayt Live Search,Saudi Arabia,Live Job Search,Saudi Arabia,Live / varies,Possibly Available,,2026-07-20,Platform-Indexed Vacancy,B,63,https://www.bayt.com/en/saudi-arabia/jobs/Healthcare%20IT%20Manager-jobs/,"GCC live-search pack. This is a live search link, not one fixed vacancy."
job-00364,Healthcare IT Manager — Bayt Live Search,United Arab Emirates,Live Job Search,United Arab Emirates,Live / varies,Possibly Available,,2026-07-20,Platform-Indexed Vacancy,B,63,https://www.bayt.com/en/united-arab-emirates/jobs/Healthcare%20IT%20Manager-jobs/,"GCC live-search pack. This is a live search link, not one fixed vacancy."
job-00365,Healthcare IT Manager — Bayt Live Search,Qatar,Live Job Search,Qatar,Live / varies,Possibly Available,,2026-07-20,Platform-Indexed Vacancy,B,63,https://www.bayt.com/en/qatar/jobs/Healthcare%20IT%20Manager-jobs/,"GCC live-search pack. This is a live search link, not one fixed vacancy."
job-00366,Healthcare IT Manager — Bayt Live Search,Kuwait,Live Job Search,Kuwait,Live / varies,Possibly Available,,2026-07-20,Platform-Indexed Vacancy,B,63,https://www.bayt.com/en/kuwait/jobs/Healthcare%20IT%20Manager-jobs/,"GCC live-search pack. This is a live search link, not one fixed vacancy."
job-00367,Healthcare IT Manager — Bayt Live Search,Oman,Live Job Search,Oman,Live / varies,Possibly Available,,2026-07-20,Platform-Indexed Vacancy,B,63,https://www.bayt.com/en/oman/jobs/Healthcare%20IT%20Manager-jobs/,"GCC live-search pack. This is a live search link, not one fixed vacancy."
job-00368,Healthcare IT Manager — Bayt Live Search,Bahrain,Live Job Search,Bahrain,Live / varies,Possibly Available,,2026-07-20,Platform-Indexed Vacancy,B,63,https://www.bayt.com/en/bahrain/jobs/Healthcare%20IT%20Manager-jobs/,"GCC live-search pack. This is a live search link, not one fixed vacancy."
job-00369,Healthcare IT Manager — GulfTalent Live Search,Saudi Arabia,Live Job Search,Saudi Arabia,Live / varies,Possibly Available,,2026-07-20,Platform-Indexed Vacancy,B,63,https://www.gulftalent.com/jobs?keywords=Healthcare+IT+Manager,"GCC live-search pack. This is a live search link, not one fixed vacancy."
job-00370,Healthcare IT Manager — GulfTalent Live Search,United Arab Emirates,Live Job Search,United Arab Emirates,Live / varies,Possibly Available,,2026-07-20,Platform-Indexed Vacancy,B,63,https://www.gulftalent.com/jobs?keywords=Healthcare+IT+Manager,"GCC live-search pack. This is a live search link, not one fixed vacancy."
job-00371,Healthcare IT Manager — GulfTalent Live Search,Qatar,Live Job Search,Qatar,Live / varies,Possibly Available,,2026-07-20,Platform-Indexed Vacancy,B,63,https://www.gulftalent.com/jobs?keywords=Healthcare+IT+Manager,"GCC live-search pack. This is a live search link, not one fixed vacancy."
job-00372,Healthcare IT Manager — GulfTalent Live Search,Kuwait,Live Job Search,Kuwait,Live / varies,Possibly Available,,2026-07-20,Platform-Indexed Vacancy,B,63,https://www.gulftalent.com/jobs?keywords=Healthcare+IT+Manager,"GCC live-search pack. This is a live search link, not one fixed vacancy."
job-00373,Healthcare IT Manager — GulfTalent Live Search,Oman,Live Job Search,Oman,Live / varies,Possibly Available,,2026-07-20,Platform-Indexed Vacancy,B,63,https://www.gulftalent.com/jobs?keywords=Healthcare+IT+Manager,"GCC live-search pack. This is a live search link, not one fixed vacancy."
job-00374,Healthcare IT Manager — GulfTalent Live Search,Bahrain,Live Job Search,Bahrain,Live / varies,Possibly Available,,2026-07-20,Platform-Indexed Vacancy,B,63,https://www.gulftalent.com/jobs?keywords=Healthcare+IT+Manager,"GCC live-search pack. This is a live search link, not one fixed vacancy."
job-00375,Healthcare IT Manager — LinkedIn Live Search,Saudi Arabia,Live Job Search,Saudi Arabia,Live / varies,Possibly Available,,2026-07-20,Platform-Indexed Vacancy,B,63,https://www.linkedin.com/jobs/search/?keywords=Healthcare+IT+Manager&sortBy=DD&location=Saudi+Arabia,"GCC live-search pack. This is a live search link, not one fixed vacancy."
job-00376,Healthcare IT Manager — LinkedIn Live Search,United Arab Emirates,Live Job Search,United Arab Emirates,Live / varies,Possibly Available,,2026-07-20,Platform-Indexed Vacancy,B,63,https://www.linkedin.com/jobs/search/?keywords=Healthcare+IT+Manager&sortBy=DD&location=United+Arab+Emirates,"GCC live-search pack. This is a live search link, not one fixed vacancy."
job-00377,Healthcare IT Manager — LinkedIn Live Search,Qatar,Live Job Search,Qatar,Live / varies,Possibly Available,,2026-07-20,Platform-Indexed Vacancy,B,63,https://www.linkedin.com/jobs/search/?keywords=Healthcare+IT+Manager&sortBy=DD&location=Qatar,"GCC live-search pack. This is a live search link, not one fixed vacancy."
job-00378,Healthcare IT Manager — LinkedIn Live Search,Kuwait,Live Job Search,Kuwait,Live / varies,Possibly Available,,2026-07-20,Platform-Indexed Vacancy,B,63,https://www.linkedin.com/jobs/search/?keywords=Healthcare+IT+Manager&sortBy=DD&location=Kuwait,"GCC live-search pack. This is a live search link, not one fixed vacancy."
job-00379,Healthcare IT Manager — LinkedIn Live Search,Oman,Live Job Search,Oman,Live / varies,Possibly Available,,2026-07-20,Platform-Indexed Vacancy,B,63,https://www.linkedin.com/jobs/search/?keywords=Healthcare+IT+Manager&sortBy=DD&location=Oman,"GCC live-search pack. This is a live search link, not one fixed vacancy."
job-00380,Healthcare IT Manager — LinkedIn Live Search,Bahrain,Live Job Search,Bahrain,Live / varies,Possibly Available,,2026-07-20,Platform-Indexed Vacancy,B,63,https://www.linkedin.com/jobs/search/?keywords=Healthcare+IT+Manager&sortBy=DD&location=Bahrain,"GCC live-search pack. This is a live search link, not one fixed vacancy."
job-00381,Integration Architect — Bayt Live Search,Saudi Arabia,Live Job Search,Saudi Arabia,Live / varies,Possibly Available,,2026-07-20,Platform-Indexed Vacancy,B,63,https://www.bayt.com/en/saudi-arabia/jobs/Integration%20Architect-jobs/,"GCC live-search pack. This is a live search link, not one fixed vacancy."
job-00382,Integration Architect — Bayt Live Search,United Arab Emirates,Live Job Search,United Arab Emirates,Live / varies,Possibly Available,,2026-07-20,Platform-Indexed Vacancy,B,63,https://www.bayt.com/en/united-arab-emirates/jobs/Integration%20Architect-jobs/,"GCC live-search pack. This is a live search link, not one fixed vacancy."
job-00383,Integration Architect — Bayt Live Search,Qatar,Live Job Search,Qatar,Live / varies,Possibly Available,,2026-07-20,Platform-Indexed Vacancy,B,63,https://www.bayt.com/en/qatar/jobs/Integration%20Architect-jobs/,"GCC live-search pack. This is a live search link, not one fixed vacancy."
job-00384,Integration Architect — Bayt Live Search,Kuwait,Live Job Search,Kuwait,Live / varies,Possibly Available,,2026-07-20,Platform-Indexed Vacancy,B,63,https://www.bayt.com/en/kuwait/jobs/Integration%20Architect-jobs/,"GCC live-search pack. This is a live search link, not one fixed vacancy."
job-00385,Integration Architect — Bayt Live Search,Oman,Live Job Search,Oman,Live / varies,Possibly Available,,2026-07-20,Platform-Indexed Vacancy,B,63,https://www.bayt.com/en/oman/jobs/Integration%20Architect-jobs/,"GCC live-search pack. This is a live search link, not one fixed vacancy."
job-00386,Integration Architect — Bayt Live Search,Bahrain,Live Job Search,Bahrain,Live / varies,Possibly Available,,2026-07-20,Platform-Indexed Vacancy,B,63,https://www.bayt.com/en/bahrain/jobs/Integration%20Architect-jobs/,"GCC live-search pack. This is a live search link, not one fixed vacancy."
job-00387,Integration Architect — GulfTalent Live Search,Saudi Arabia,Live Job Search,Saudi Arabia,Live / varies,Possibly Available,,2026-07-20,Platform-Indexed Vacancy,B,63,https://www.gulftalent.com/jobs?keywords=Integration+Architect,"GCC live-search pack. This is a live search link, not one fixed vacancy."
job-00388,Integration Architect — GulfTalent Live Search,United Arab Emirates,Live Job Search,United Arab Emirates,Live / varies,Possibly Available,,2026-07-20,Platform-Indexed Vacancy,B,63,https://www.gulftalent.com/jobs?keywords=Integration+Architect,"GCC live-search pack. This is a live search link, not one fixed vacancy."
job-00389,Integration Architect — GulfTalent Live Search,Qatar,Live Job Search,Qatar,Live / varies,Possibly Available,,2026-07-20,Platform-Indexed Vacancy,B,63,https://www.gulftalent.com/jobs?keywords=Integration+Architect,"GCC live-search pack. This is a live search link, not one fixed vacancy."
job-00390,Integration Architect — GulfTalent Live Search,Kuwait,Live Job Search,Kuwait,Live / varies,Possibly Available,,2026-07-20,Platform-Indexed Vacancy,B,63,https://www.gulftalent.com/jobs?keywords=Integration+Architect,"GCC live-search pack. This is a live search link, not one fixed vacancy."
job-00391,Integration Architect — GulfTalent Live Search,Oman,Live Job Search,Oman,Live / varies,Possibly Available,,2026-07-20,Platform-Indexed Vacancy,B,63,https://www.gulftalent.com/jobs?keywords=Integration+Architect,"GCC live-search pack. This is a live search link, not one fixed vacancy."
job-00392,Integration Architect — GulfTalent Live Search,Bahrain,Live Job Search,Bahrain,Live / varies,Possibly Available,,2026-07-20,Platform-Indexed Vacancy,B,63,https://www.gulftalent.com/jobs?keywords=Integration+Architect,"GCC live-search pack. This is a live search link, not one fixed vacancy."
job-00393,Integration Architect — LinkedIn Live Search,Saudi Arabia,Live Job Search,Saudi Arabia,Live / varies,Possibly Available,,2026-07-20,Platform-Indexed Vacancy,B,63,https://www.linkedin.com/jobs/search/?keywords=Integration+Architect&sortBy=DD&location=Saudi+Arabia,"GCC live-search pack. This is a live search link, not one fixed vacancy."
job-00394,Integration Architect — LinkedIn Live Search,United Arab Emirates,Live Job Search,United Arab Emirates,Live / varies,Possibly Available,,2026-07-20,Platform-Indexed Vacancy,B,63,https://www.linkedin.com/jobs/search/?keywords=Integration+Architect&sortBy=DD&location=United+Arab+Emirates,"GCC live-search pack. This is a live search link, not one fixed vacancy."
job-00395,Integration Architect — LinkedIn Live Search,Qatar,Live Job Search,Qatar,Live / varies,Possibly Available,,2026-07-20,Platform-Indexed Vacancy,B,63,https://www.linkedin.com/jobs/search/?keywords=Integration+Architect&sortBy=DD&location=Qatar,"GCC live-search pack. This is a live search link, not one fixed vacancy."
job-00396,Integration Architect — LinkedIn Live Search,Kuwait,Live Job Search,Kuwait,Live / varies,Possibly Available,,2026-07-20,Platform-Indexed Vacancy,B,63,https://www.linkedin.com/jobs/search/?keywords=Integration+Architect&sortBy=DD&location=Kuwait,"GCC live-search pack. This is a live search link, not one fixed vacancy."
job-00397,Integration Architect — LinkedIn Live Search,Oman,Live Job Search,Oman,Live / varies,Possibly Available,,2026-07-20,Platform-Indexed Vacancy,B,63,https://www.linkedin.com/jobs/search/?keywords=Integration+Architect&sortBy=DD&location=Oman,"GCC live-search pack. This is a live search link, not one fixed vacancy."
job-00398,Integration Architect — LinkedIn Live Search,Bahrain,Live Job Search,Bahrain,Live / varies,Possibly Available,,2026-07-20,Platform-Indexed Vacancy,B,63,https://www.linkedin.com/jobs/search/?keywords=Integration+Architect&sortBy=DD&location=Bahrain,"GCC live-search pack. This is a live search link, not one fixed vacancy."
job-00399,Integration Lead,Gathern,Integration & Enterprise Applications,Saudi Arabia,Riyadh,Expired,,2026-07-20,Platform-Indexed Vacancy,A,63,https://jobs.workable.com/view/kaDjbsUfhzxguzUTUWA3hs/integration-lead-in-riyadh-at-gathern,
job-00400,IT Director — Google Live Search,Kenya,Live Job Search,Kenya,Live / varies,Possibly Available,,2026-07-20,Platform-Indexed Vacancy,B,63,https://www.google.com/search?q=Kenya+IT+Director+jobs+posted+this+week,"Africa live-search pack. This is a live search link, not one fixed vacancy."
job-00401,IT Director — Google Live Search,Nigeria,Live Job Search,Nigeria,Live / varies,Possibly Available,,2026-07-20,Platform-Indexed Vacancy,B,63,https://www.google.com/search?q=Nigeria+IT+Director+jobs+posted+this+week,"Africa live-search pack. This is a live search link, not one fixed vacancy."
job-00402,IT Director — Google Live Search,Ghana,Live Job Search,Ghana,Live / varies,Possibly Available,,2026-07-20,Platform-Indexed Vacancy,B,63,https://www.google.com/search?q=Ghana+IT+Director+jobs+posted+this+week,"Africa live-search pack. This is a live search link, not one fixed vacancy."
job-00403,IT Director — Google Live Search,South Africa,Live Job Search,South Africa,Live / varies,Possibly Available,,2026-07-20,Platform-Indexed Vacancy,B,63,https://www.google.com/search?q=South+Africa+IT+Director+jobs+posted+this+week,"Africa live-search pack. This is a live search link, not one fixed vacancy."
job-00404,IT Director — Google Live Search,Rwanda,Live Job Search,Rwanda,Live / varies,Possibly Available,,2026-07-20,Platform-Indexed Vacancy,B,63,https://www.google.com/search?q=Rwanda+IT+Director+jobs+posted+this+week,"Africa live-search pack. This is a live search link, not one fixed vacancy."
job-00405,IT Director — Google Live Search,Uganda,Live Job Search,Uganda,Live / varies,Possibly Available,,2026-07-20,Platform-Indexed Vacancy,B,63,https://www.google.com/search?q=Uganda+IT+Director+jobs+posted+this+week,"Africa live-search pack. This is a live search link, not one fixed vacancy."
job-00406,IT Director — Google Live Search,Tanzania,Live Job Search,Tanzania,Live / varies,Possibly Available,,2026-07-20,Platform-Indexed Vacancy,B,63,https://www.google.com/search?q=Tanzania+IT+Director+jobs+posted+this+week,"Africa live-search pack. This is a live search link, not one fixed vacancy."
job-00407,IT Director — Google Live Search,Ethiopia,Live Job Search,Ethiopia,Live / varies,Possibly Available,,2026-07-20,Platform-Indexed Vacancy,B,63,https://www.google.com/search?q=Ethiopia+IT+Director+jobs+posted+this+week,"Africa live-search pack. This is a live search link, not one fixed vacancy."
job-00408,IT Director — LinkedIn Live Search,Kenya,Live Job Search,Kenya,Live / varies,Possibly Available,,2026-07-20,Platform-Indexed Vacancy,B,63,https://www.linkedin.com/jobs/search/?keywords=IT+Director&sortBy=DD&location=Kenya,"Africa live-search pack. This is a live search link, not one fixed vacancy."
job-00409,IT Director — LinkedIn Live Search,Nigeria,Live Job Search,Nigeria,Live / varies,Possibly Available,,2026-07-20,Platform-Indexed Vacancy,B,63,https://www.linkedin.com/jobs/search/?keywords=IT+Director&sortBy=DD&location=Nigeria,"Africa live-search pack. This is a live search link, not one fixed vacancy."
job-00410,IT Director — LinkedIn Live Search,Ghana,Live Job Search,Ghana,Live / varies,Possibly Available,,2026-07-20,Platform-Indexed Vacancy,B,63,https://www.linkedin.com/jobs/search/?keywords=IT+Director&sortBy=DD&location=Ghana,"Africa live-search pack. This is a live search link, not one fixed vacancy."
job-00411,IT Director — LinkedIn Live Search,South Africa,Live Job Search,South Africa,Live / varies,Possibly Available,,2026-07-20,Platform-Indexed Vacancy,B,63,https://www.linkedin.com/jobs/search/?keywords=IT+Director&sortBy=DD&location=South+Africa,"Africa live-search pack. This is a live search link, not one fixed vacancy."
job-00412,IT Director — LinkedIn Live Search,Rwanda,Live Job Search,Rwanda,Live / varies,Possibly Available,,2026-07-20,Platform-Indexed Vacancy,B,63,https://www.linkedin.com/jobs/search/?keywords=IT+Director&sortBy=DD&location=Rwanda,"Africa live-search pack. This is a live search link, not one fixed vacancy."
job-00413,IT Director — LinkedIn Live Search,Uganda,Live Job Search,Uganda,Live / varies,Possibly Available,,2026-07-20,Platform-Indexed Vacancy,B,63,https://www.linkedin.com/jobs/search/?keywords=IT+Director&sortBy=DD&location=Uganda,"Africa live-search pack. This is a live search link, not one fixed vacancy."
job-00414,IT Director — LinkedIn Live Search,Tanzania,Live Job Search,Tanzania,Live / varies,Possibly Available,,2026-07-20,Platform-Indexed Vacancy,B,63,https://www.linkedin.com/jobs/search/?keywords=IT+Director&sortBy=DD&location=Tanzania,"Africa live-search pack. This is a live search link, not one fixed vacancy."
job-00415,IT Director — LinkedIn Live Search,Ethiopia,Live Job Search,Ethiopia,Live / varies,Possibly Available,,2026-07-20,Platform-Indexed Vacancy,B,63,https://www.linkedin.com/jobs/search/?keywords=IT+Director&sortBy=DD&location=Ethiopia,"Africa live-search pack. This is a live search link, not one fixed vacancy."
job-00416,Lead Solution Architect,EWEC,Solution Architecture,United Arab Emirates,Abu Dhabi,Possibly Available,2026-07-20,2026-07-20,Platform-Indexed Vacancy,B,63,https://www.linkedin.com/jobs/view/4410476041/,"Verify eligibility, deadline and work authorization on the linked source before applying."
job-00417,Manager - IT Strategy and Planning,Qiddiya Investment Company,IT Governance & Service Management,Saudi Arabia,Riyadh,Expired,,2026-07-20,Platform-Indexed Vacancy,A,63,https://jobs.workable.com/view/ovBb3YbvhMDKGBERFdwLKB/manager---it-strategy-and-planning-in-riyadh-at-qiddiya-investment-company,On-site Riyadh
job-00418,Pre-Sales Consultant - Technology & Cybersecurity,Qode / ITHR,Solution Architecture,United Arab Emirates,Abu Dhabi / Dubai,Expired,,2026-07-20,Platform-Indexed Vacancy,A,63,https://jobs.workable.com/view/37fJPKyucerBQeNba3vVpS/pre-sales-consultant---technology-%26-cybersecurity-in-abu-dhabi-at-qode,
job-00419,"Pre-Sales Solution Architect - Smart Cities, IoT & Digital Twin",Confidential,Solution Architecture,United Arab Emirates,Abu Dhabi,Possibly Available,2026-07-14,2026-07-20,Platform-Indexed Vacancy,B,63,https://ae.linkedin.com/jobs/view/pre-sales-solution-architect-%E2%80%93-smart-cities-iot-digital-twin-at-confidential-4434839063,"Verify eligibility, deadline and work authorization on the linked source before applying."
job-00420,Principal Solutions Architect - Middle East,Nebius,Solution Architecture,United Arab Emirates,UAE / Middle East,Expired,,2026-07-20,Platform-Indexed Vacancy,B,63,https://www.linkedin.com/jobs/view/4437670321/,Verify work location
job-00421,Project Manager - Digital Transformation and Strategy (Banking),Nair Systems,Digital Transformation & Strategy,Qatar,Doha,Expired,,2026-07-20,Platform-Indexed Vacancy,B,63,https://qa.linkedin.com/jobs/view/project-manager-digital-transformation-and-strategy-banking-at-nair-systems-llc-4437950921,Banking experience preferred
job-00422,Senior Security Assurance Solutions Architect,Amazon Web Services,Solution Architecture,Saudi Arabia,Riyadh,Expired,,2026-07-20,Platform-Indexed Vacancy,B,63,https://amazon.jobs/en-gb/jobs/10464183/senior-security-assurance-solutions-architect-ksa-nationals-aws-security-assurance-services,KSA nationals
job-00423,Senior Software Solutions PreSales Consultant,Advansys,Solution Architecture,Saudi Arabia,Riyadh,Expired,,2026-07-20,Platform-Indexed Vacancy,A,63,https://jobs.workable.com/view/u6cks1auvAbp2HXt94WpDg/hybrid-senior-software-solutions-presales-consultant-in-riyadh-at-advansys,
job-00424,Senior Solution Architect,CodeNinja,Solution Architecture,Saudi Arabia,Riyadh,Expired,,2026-07-20,Platform-Indexed Vacancy,A,63,https://jobs.workable.com/view/tVupmTWz1rZkfJuzaKW3m4/senior-solution-architect-in-riyadh-at-codeninja,On-site Riyadh
job-00425,"Senior Solutions Architect, MEA",GitLab,Solution Architecture,United Arab Emirates,Remote UAE,Possibly Available,2026-07-20,2026-07-20,Platform-Indexed Vacancy,B,63,https://about.gitlab.com/jobs/all-jobs/,"Verify eligibility, deadline and work authorization on the linked source before applying."
job-00426,"Solution Architect - Senior Manager, GCC Lead",Visa,Solution Architecture,Saudi Arabia,Riyadh,Possibly Available,2026-07-13,2026-07-20,Platform-Indexed Vacancy,B,63,https://sa.linkedin.com/jobs/saudi-payments-jobs?countryRedirected=1,"Verify eligibility, deadline and work authorization on the linked source before applying."
job-00427,Technical Program Manager — Google Live Search,Kenya,Live Job Search,Kenya,Live / varies,Possibly Available,,2026-07-20,Platform-Indexed Vacancy,B,63,https://www.google.com/search?q=Kenya+Technical+Program+Manager+jobs+posted+this+week,"Africa live-search pack. This is a live search link, not one fixed vacancy."
job-00428,Technical Program Manager — Google Live Search,Nigeria,Live Job Search,Nigeria,Live / varies,Possibly Available,,2026-07-20,Platform-Indexed Vacancy,B,63,https://www.google.com/search?q=Nigeria+Technical+Program+Manager+jobs+posted+this+week,"Africa live-search pack. This is a live search link, not one fixed vacancy."
job-00429,Technical Program Manager — Google Live Search,Ghana,Live Job Search,Ghana,Live / varies,Possibly Available,,2026-07-20,Platform-Indexed Vacancy,B,63,https://www.google.com/search?q=Ghana+Technical+Program+Manager+jobs+posted+this+week,"Africa live-search pack. This is a live search link, not one fixed vacancy."
job-00430,Technical Program Manager — Google Live Search,South Africa,Live Job Search,South Africa,Live / varies,Possibly Available,,2026-07-20,Platform-Indexed Vacancy,B,63,https://www.google.com/search?q=South+Africa+Technical+Program+Manager+jobs+posted+this+week,"Africa live-search pack. This is a live search link, not one fixed vacancy."
job-00431,Technical Program Manager — Google Live Search,Rwanda,Live Job Search,Rwanda,Live / varies,Possibly Available,,2026-07-20,Platform-Indexed Vacancy,B,63,https://www.google.com/search?q=Rwanda+Technical+Program+Manager+jobs+posted+this+week,"Africa live-search pack. This is a live search link, not one fixed vacancy."
job-00432,Technical Program Manager — Google Live Search,Uganda,Live Job Search,Uganda,Live / varies,Possibly Available,,2026-07-20,Platform-Indexed Vacancy,B,63,https://www.google.com/search?q=Uganda+Technical+Program+Manager+jobs+posted+this+week,"Africa live-search pack. This is a live search link, not one fixed vacancy."
job-00433,Technical Program Manager — Google Live Search,Tanzania,Live Job Search,Tanzania,Live / varies,Possibly Available,,2026-07-20,Platform-Indexed Vacancy,B,63,https://www.google.com/search?q=Tanzania+Technical+Program+Manager+jobs+posted+this+week,"Africa live-search pack. This is a live search link, not one fixed vacancy."
job-00434,Technical Program Manager — Google Live Search,Ethiopia,Live Job Search,Ethiopia,Live / varies,Possibly Available,,2026-07-20,Platform-Indexed Vacancy,B,63,https://www.google.com/search?q=Ethiopia+Technical+Program+Manager+jobs+posted+this+week,"Africa live-search pack. This is a live search link, not one fixed vacancy."
job-00435,Technical Program Manager — LinkedIn Live Search,Kenya,Live Job Search,Kenya,Live / varies,Possibly Available,,2026-07-20,Platform-Indexed Vacancy,B,63,https://www.linkedin.com/jobs/search/?keywords=Technical+Program+Manager&sortBy=DD&location=Kenya,"Africa live-search pack. This is a live search link, not one fixed vacancy."
job-00436,Technical Program Manager — LinkedIn Live Search,Nigeria,Live Job Search,Nigeria,Live / varies,Possibly Available,,2026-07-20,Platform-Indexed Vacancy,B,63,https://www.linkedin.com/jobs/search/?keywords=Technical+Program+Manager&sortBy=DD&location=Nigeria,"Africa live-search pack. This is a live search link, not one fixed vacancy."
job-00437,Technical Program Manager — LinkedIn Live Search,Ghana,Live Job Search,Ghana,Live / varies,Possibly Available,,2026-07-20,Platform-Indexed Vacancy,B,63,https://www.linkedin.com/jobs/search/?keywords=Technical+Program+Manager&sortBy=DD&location=Ghana,"Africa live-search pack. This is a live search link, not one fixed vacancy."
job-00438,Technical Program Manager — LinkedIn Live Search,South Africa,Live Job Search,South Africa,Live / varies,Possibly Available,,2026-07-20,Platform-Indexed Vacancy,B,63,https://www.linkedin.com/jobs/search/?keywords=Technical+Program+Manager&sortBy=DD&location=South+Africa,"Africa live-search pack. This is a live search link, not one fixed vacancy."
job-00439,Technical Program Manager — LinkedIn Live Search,Rwanda,Live Job Search,Rwanda,Live / varies,Possibly Available,,2026-07-20,Platform-Indexed Vacancy,B,63,https://www.linkedin.com/jobs/search/?keywords=Technical+Program+Manager&sortBy=DD&location=Rwanda,"Africa live-search pack. This is a live search link, not one fixed vacancy."
job-00440,Technical Program Manager — LinkedIn Live Search,Uganda,Live Job Search,Uganda,Live / varies,Possibly Available,,2026-07-20,Platform-Indexed Vacancy,B,63,https://www.linkedin.com/jobs/search/?keywords=Technical+Program+Manager&sortBy=DD&location=Uganda,"Africa live-search pack. This is a live search link, not one fixed vacancy."
job-00441,Technical Program Manager — LinkedIn Live Search,Tanzania,Live Job Search,Tanzania,Live / varies,Possibly Available,,2026-07-20,Platform-Indexed Vacancy,B,63,https://www.linkedin.com/jobs/search/?keywords=Technical+Program+Manager&sortBy=DD&location=Tanzania,"Africa live-search pack. This is a live search link, not one fixed vacancy."
job-00442,Technical Program Manager — LinkedIn Live Search,Ethiopia,Live Job Search,Ethiopia,Live / varies,Possibly Available,,2026-07-20,Platform-Indexed Vacancy,B,63,https://www.linkedin.com/jobs/search/?keywords=Technical+Program+Manager&sortBy=DD&location=Ethiopia,"Africa live-search pack. This is a live search link, not one fixed vacancy."
job-00443,Technology Architect,Devoteam,Solution Architecture,Saudi Arabia,Riyadh,Possibly Available,2026-07-13,2026-07-20,Platform-Indexed Vacancy,B,63,https://sa.linkedin.com/jobs/digital-transformation-advisor-jobs?countryRedirected=1,"Verify eligibility, deadline and work authorization on the linked source before applying."
job-00444,Technology Director — Google Live Search,Kenya,Live Job Search,Kenya,Live / varies,Possibly Available,,2026-07-20,Platform-Indexed Vacancy,B,63,https://www.google.com/search?q=Kenya+Technology+Director+jobs+posted+this+week,"Africa live-search pack. This is a live search link, not one fixed vacancy."
job-00445,Technology Director — Google Live Search,Nigeria,Live Job Search,Nigeria,Live / varies,Possibly Available,,2026-07-20,Platform-Indexed Vacancy,B,63,https://www.google.com/search?q=Nigeria+Technology+Director+jobs+posted+this+week,"Africa live-search pack. This is a live search link, not one fixed vacancy."
job-00446,Technology Director — Google Live Search,Ghana,Live Job Search,Ghana,Live / varies,Possibly Available,,2026-07-20,Platform-Indexed Vacancy,B,63,https://www.google.com/search?q=Ghana+Technology+Director+jobs+posted+this+week,"Africa live-search pack. This is a live search link, not one fixed vacancy."
job-00447,Technology Director — Google Live Search,South Africa,Live Job Search,South Africa,Live / varies,Possibly Available,,2026-07-20,Platform-Indexed Vacancy,B,63,https://www.google.com/search?q=South+Africa+Technology+Director+jobs+posted+this+week,"Africa live-search pack. This is a live search link, not one fixed vacancy."
job-00448,Technology Director — Google Live Search,Rwanda,Live Job Search,Rwanda,Live / varies,Possibly Available,,2026-07-20,Platform-Indexed Vacancy,B,63,https://www.google.com/search?q=Rwanda+Technology+Director+jobs+posted+this+week,"Africa live-search pack. This is a live search link, not one fixed vacancy."
job-00449,Technology Director — Google Live Search,Uganda,Live Job Search,Uganda,Live / varies,Possibly Available,,2026-07-20,Platform-Indexed Vacancy,B,63,https://www.google.com/search?q=Uganda+Technology+Director+jobs+posted+this+week,"Africa live-search pack. This is a live search link, not one fixed vacancy."
job-00450,Technology Director — Google Live Search,Tanzania,Live Job Search,Tanzania,Live / varies,Possibly Available,,2026-07-20,Platform-Indexed Vacancy,B,63,https://www.google.com/search?q=Tanzania+Technology+Director+jobs+posted+this+week,"Africa live-search pack. This is a live search link, not one fixed vacancy."
job-00451,Technology Director — Google Live Search,Ethiopia,Live Job Search,Ethiopia,Live / varies,Possibly Available,,2026-07-20,Platform-Indexed Vacancy,B,63,https://www.google.com/search?q=Ethiopia+Technology+Director+jobs+posted+this+week,"Africa live-search pack. This is a live search link, not one fixed vacancy."
job-00452,Technology Director — LinkedIn Live Search,Kenya,Live Job Search,Kenya,Live / varies,Possibly Available,,2026-07-20,Platform-Indexed Vacancy,B,63,https://www.linkedin.com/jobs/search/?keywords=Technology+Director&sortBy=DD&location=Kenya,"Africa live-search pack. This is a live search link, not one fixed vacancy."
job-00453,Technology Director — LinkedIn Live Search,Nigeria,Live Job Search,Nigeria,Live / varies,Possibly Available,,2026-07-20,Platform-Indexed Vacancy,B,63,https://www.linkedin.com/jobs/search/?keywords=Technology+Director&sortBy=DD&location=Nigeria,"Africa live-search pack. This is a live search link, not one fixed vacancy."
job-00454,Technology Director — LinkedIn Live Search,Ghana,Live Job Search,Ghana,Live / varies,Possibly Available,,2026-07-20,Platform-Indexed Vacancy,B,63,https://www.linkedin.com/jobs/search/?keywords=Technology+Director&sortBy=DD&location=Ghana,"Africa live-search pack. This is a live search link, not one fixed vacancy."
job-00455,Technology Director — LinkedIn Live Search,South Africa,Live Job Search,South Africa,Live / varies,Possibly Available,,2026-07-20,Platform-Indexed Vacancy,B,63,https://www.linkedin.com/jobs/search/?keywords=Technology+Director&sortBy=DD&location=South+Africa,"Africa live-search pack. This is a live search link, not one fixed vacancy."
job-00456,Technology Director — LinkedIn Live Search,Rwanda,Live Job Search,Rwanda,Live / varies,Possibly Available,,2026-07-20,Platform-Indexed Vacancy,B,63,https://www.linkedin.com/jobs/search/?keywords=Technology+Director&sortBy=DD&location=Rwanda,"Africa live-search pack. This is a live search link, not one fixed vacancy."
job-00457,Technology Director — LinkedIn Live Search,Uganda,Live Job Search,Uganda,Live / varies,Possibly Available,,2026-07-20,Platform-Indexed Vacancy,B,63,https://www.linkedin.com/jobs/search/?keywords=Technology+Director&sortBy=DD&location=Uganda,"Africa live-search pack. This is a live search link, not one fixed vacancy."
job-00458,Technology Director — LinkedIn Live Search,Tanzania,Live Job Search,Tanzania,Live / varies,Possibly Available,,2026-07-20,Platform-Indexed Vacancy,B,63,https://www.linkedin.com/jobs/search/?keywords=Technology+Director&sortBy=DD&location=Tanzania,"Africa live-search pack. This is a live search link, not one fixed vacancy."
job-00459,Technology Director — LinkedIn Live Search,Ethiopia,Live Job Search,Ethiopia,Live / varies,Possibly Available,,2026-07-20,Platform-Indexed Vacancy,B,63,https://www.linkedin.com/jobs/search/?keywords=Technology+Director&sortBy=DD&location=Ethiopia,"Africa live-search pack. This is a live search link, not one fixed vacancy."
job-00460,AI & Agile Transformation Head,Crédit Agricole Egypt,Digital Transformation & Strategy,Egypt,Cairo,Expired,,2026-07-20,Platform-Indexed Vacancy,B,62,https://www.linkedin.com/jobs/view/4439740212/,Executive transformation profile
job-00461,AI Solution Architect — Bayt Live Search,Egypt,Live Job Search,Egypt,Live / varies,Possibly Available,,2026-07-20,Platform-Indexed Vacancy,B,62,https://www.bayt.com/en/egypt/jobs/AI%20Solution%20Architect-jobs/,"Egypt live-search pack. This is a live search link, not one fixed vacancy."
job-00462,AI Solution Architect — Google Live Search,Egypt,Live Job Search,Egypt,Live / varies,Possibly Available,,2026-07-20,Platform-Indexed Vacancy,B,62,https://www.google.com/search?q=Egypt+AI+Solution+Architect+jobs+posted+this+week,"Egypt live-search pack. This is a live search link, not one fixed vacancy."
job-00463,AI Solution Architect — LinkedIn Live Search,Egypt,Live Job Search,Egypt,Live / varies,Possibly Available,,2026-07-20,Platform-Indexed Vacancy,B,62,https://www.linkedin.com/jobs/search/?keywords=AI+Solution+Architect&sortBy=DD&location=Egypt,"Egypt live-search pack. This is a live search link, not one fixed vacancy."
job-00464,AI Solution Architect — Wuzzuf Live Search,Egypt,Live Job Search,Egypt,Live / varies,Possibly Available,,2026-07-20,Platform-Indexed Vacancy,B,62,https://wuzzuf.net/search/jobs/?q=AI+Solution+Architect&a=navbl,"Egypt live-search pack. This is a live search link, not one fixed vacancy."
job-00465,Azure Data Architect,Lingaro,Data Architecture & Governance,Poland,Remote,Expired,,2026-07-20,Platform-Indexed Vacancy,A,62,https://jobs.lever.co/lingarogroup,Remote within Poland
job-00466,Business Transformation Lead,VOIS,Digital Transformation,Egypt,Giza,Possibly Available,2026-07-13,2026-07-20,Platform-Indexed Vacancy,B,62,https://eg.linkedin.com/jobs/digital-transformation-manager-jobs?countryRedirected=1,"Verify eligibility, deadline and work authorization on the linked source before applying."
job-00467,Commercial Data Operations Manager,AstraZeneca,Data & Analytics,Egypt,Cairo,Expired,,2026-07-20,Platform-Indexed Vacancy,B,62,https://www.linkedin.com/jobs/view/4369159420/,Commercial data operations experience
job-00468,Consulting Architect - Search,Elastic,Solution Architecture,India,Remote,Expired,,2026-07-20,Platform-Indexed Vacancy,B,62,https://jobs.elastic.co/jobs/csg/india/consulting-architect-search/7447236,Remote role based in India
job-00469,Digital Transformation Architect,Orascom Development Egypt,Digital Transformation & Strategy,Egypt,Cairo,Expired,,2026-07-20,Platform-Indexed Vacancy,B,62,https://www.linkedin.com/jobs/view/4378177523/,Verify detailed eligibility
job-00470,Digital Transformation Governance Senior Executive,GB Corp,Digital Transformation & Strategy,Egypt,Giza,Expired,,2026-07-20,Platform-Indexed Vacancy,B,62,https://www.linkedin.com/jobs/view/4418678029/,Governance and transformation experience
job-00471,Digital Transformation Manager,CAREER141 client,Digital Transformation & Strategy,Egypt,Egypt,Expired,,2026-07-20,Platform-Indexed Vacancy,B,62,https://lk.linkedin.com/jobs/view/digital-transformation-manager-at-career141-4340119935,Recruiter-managed role; verify employer
job-00472,Digital Transformation Manager — Bayt Live Search,Egypt,Live Job Search,Egypt,Live / varies,Possibly Available,,2026-07-20,Platform-Indexed Vacancy,B,62,https://www.bayt.com/en/egypt/jobs/Digital%20Transformation%20Manager-jobs/,"Egypt live-search pack. This is a live search link, not one fixed vacancy."
job-00473,Digital Transformation Manager — Google Live Search,Egypt,Live Job Search,Egypt,Live / varies,Possibly Available,,2026-07-20,Platform-Indexed Vacancy,B,62,https://www.google.com/search?q=Egypt+Digital+Transformation+Manager+jobs+posted+this+week,"Egypt live-search pack. This is a live search link, not one fixed vacancy."
job-00474,Digital Transformation Manager — LinkedIn Live Search,Egypt,Live Job Search,Egypt,Live / varies,Possibly Available,,2026-07-20,Platform-Indexed Vacancy,B,62,https://www.linkedin.com/jobs/search/?keywords=Digital+Transformation+Manager&sortBy=DD&location=Egypt,"Egypt live-search pack. This is a live search link, not one fixed vacancy."
job-00475,Digital Transformation Manager — Wuzzuf Live Search,Egypt,Live Job Search,Egypt,Live / varies,Possibly Available,,2026-07-20,Platform-Indexed Vacancy,B,62,https://wuzzuf.net/search/jobs/?q=Digital+Transformation+Manager&a=navbl,"Egypt live-search pack. This is a live search link, not one fixed vacancy."
job-00476,Enterprise Applications Manager — Bayt Live Search,Egypt,Live Job Search,Egypt,Live / varies,Possibly Available,,2026-07-20,Platform-Indexed Vacancy,B,62,https://www.bayt.com/en/egypt/jobs/Enterprise%20Applications%20Manager-jobs/,"Egypt live-search pack. This is a live search link, not one fixed vacancy."
job-00477,Enterprise Applications Manager — Google Live Search,Egypt,Live Job Search,Egypt,Live / varies,Possibly Available,,2026-07-20,Platform-Indexed Vacancy,B,62,https://www.google.com/search?q=Egypt+Enterprise+Applications+Manager+jobs+posted+this+week,"Egypt live-search pack. This is a live search link, not one fixed vacancy."
job-00478,Enterprise Applications Manager — LinkedIn Live Search,Egypt,Live Job Search,Egypt,Live / varies,Possibly Available,,2026-07-20,Platform-Indexed Vacancy,B,62,https://www.linkedin.com/jobs/search/?keywords=Enterprise+Applications+Manager&sortBy=DD&location=Egypt,"Egypt live-search pack. This is a live search link, not one fixed vacancy."
job-00479,Enterprise Applications Manager — Wuzzuf Live Search,Egypt,Live Job Search,Egypt,Live / varies,Possibly Available,,2026-07-20,Platform-Indexed Vacancy,B,62,https://wuzzuf.net/search/jobs/?q=Enterprise+Applications+Manager&a=navbl,"Egypt live-search pack. This is a live search link, not one fixed vacancy."
job-00480,ERP Program Manager — LinkedIn Live Search,Worldwide Remote,Live Job Search,Worldwide Remote,Live / varies,Possibly Available,,2026-07-20,Platform-Indexed Vacancy,B,62,https://www.linkedin.com/jobs/search/?keywords=ERP+Program+Manager&sortBy=DD&location=Worldwide+Remote,"Global remote live-search pack. This is a live search link, not one fixed vacancy."
job-00481,ERP Program Manager — LinkedIn Live Search,EMEA Remote,Live Job Search,EMEA Remote,Live / varies,Possibly Available,,2026-07-20,Platform-Indexed Vacancy,B,62,https://www.linkedin.com/jobs/search/?keywords=ERP+Program+Manager&sortBy=DD&location=EMEA+Remote,"Global remote live-search pack. This is a live search link, not one fixed vacancy."
job-00482,ERP Program Manager — LinkedIn Live Search,Africa Remote,Live Job Search,Africa Remote,Live / varies,Possibly Available,,2026-07-20,Platform-Indexed Vacancy,B,62,https://www.linkedin.com/jobs/search/?keywords=ERP+Program+Manager&sortBy=DD&location=Africa+Remote,"Global remote live-search pack. This is a live search link, not one fixed vacancy."
job-00483,ERP Program Manager — LinkedIn Live Search,Middle East Remote,Live Job Search,Middle East Remote,Live / varies,Possibly Available,,2026-07-20,Platform-Indexed Vacancy,B,62,https://www.linkedin.com/jobs/search/?keywords=ERP+Program+Manager&sortBy=DD&location=Middle+East+Remote,"Global remote live-search pack. This is a live search link, not one fixed vacancy."
job-00484,ERP Program Manager — RemoteOK Live Search,Worldwide Remote,Live Job Search,Worldwide Remote,Live / varies,Possibly Available,,2026-07-20,Platform-Indexed Vacancy,B,62,https://remoteok.com/remote-erp-program-manager-jobs,"Global remote live-search pack. This is a live search link, not one fixed vacancy."
job-00485,ERP Program Manager — RemoteOK Live Search,EMEA Remote,Live Job Search,EMEA Remote,Live / varies,Possibly Available,,2026-07-20,Platform-Indexed Vacancy,B,62,https://remoteok.com/remote-erp-program-manager-jobs,"Global remote live-search pack. This is a live search link, not one fixed vacancy."
job-00486,ERP Program Manager — RemoteOK Live Search,Africa Remote,Live Job Search,Africa Remote,Live / varies,Possibly Available,,2026-07-20,Platform-Indexed Vacancy,B,62,https://remoteok.com/remote-erp-program-manager-jobs,"Global remote live-search pack. This is a live search link, not one fixed vacancy."
job-00487,ERP Program Manager — RemoteOK Live Search,Middle East Remote,Live Job Search,Middle East Remote,Live / varies,Possibly Available,,2026-07-20,Platform-Indexed Vacancy,B,62,https://remoteok.com/remote-erp-program-manager-jobs,"Global remote live-search pack. This is a live search link, not one fixed vacancy."
job-00488,ERP Program Manager — Wellfound Live Search,Worldwide Remote,Live Job Search,Worldwide Remote,Live / varies,Possibly Available,,2026-07-20,Platform-Indexed Vacancy,B,62,https://wellfound.com/jobs?q=ERP+Program+Manager&remote=True,"Global remote live-search pack. This is a live search link, not one fixed vacancy."
job-00489,ERP Program Manager — Wellfound Live Search,EMEA Remote,Live Job Search,EMEA Remote,Live / varies,Possibly Available,,2026-07-20,Platform-Indexed Vacancy,B,62,https://wellfound.com/jobs?q=ERP+Program+Manager&remote=True,"Global remote live-search pack. This is a live search link, not one fixed vacancy."
job-00490,ERP Program Manager — Wellfound Live Search,Africa Remote,Live Job Search,Africa Remote,Live / varies,Possibly Available,,2026-07-20,Platform-Indexed Vacancy,B,62,https://wellfound.com/jobs?q=ERP+Program+Manager&remote=True,"Global remote live-search pack. This is a live search link, not one fixed vacancy."
job-00491,ERP Program Manager — Wellfound Live Search,Middle East Remote,Live Job Search,Middle East Remote,Live / varies,Possibly Available,,2026-07-20,Platform-Indexed Vacancy,B,62,https://wellfound.com/jobs?q=ERP+Program+Manager&remote=True,"Global remote live-search pack. This is a live search link, not one fixed vacancy."
job-00492,ERP Program Manager — WeWorkRemotely Live Search,Worldwide Remote,Live Job Search,Worldwide Remote,Live / varies,Possibly Available,,2026-07-20,Platform-Indexed Vacancy,B,62,https://weworkremotely.com/remote-jobs/search?term=ERP+Program+Manager,"Global remote live-search pack. This is a live search link, not one fixed vacancy."
job-00493,ERP Program Manager — WeWorkRemotely Live Search,EMEA Remote,Live Job Search,EMEA Remote,Live / varies,Possibly Available,,2026-07-20,Platform-Indexed Vacancy,B,62,https://weworkremotely.com/remote-jobs/search?term=ERP+Program+Manager,"Global remote live-search pack. This is a live search link, not one fixed vacancy."
job-00494,ERP Program Manager — WeWorkRemotely Live Search,Africa Remote,Live Job Search,Africa Remote,Live / varies,Possibly Available,,2026-07-20,Platform-Indexed Vacancy,B,62,https://weworkremotely.com/remote-jobs/search?term=ERP+Program+Manager,"Global remote live-search pack. This is a live search link, not one fixed vacancy."
job-00495,ERP Program Manager — WeWorkRemotely Live Search,Middle East Remote,Live Job Search,Middle East Remote,Live / varies,Possibly Available,,2026-07-20,Platform-Indexed Vacancy,B,62,https://weworkremotely.com/remote-jobs/search?term=ERP+Program+Manager,"Global remote live-search pack. This is a live search link, not one fixed vacancy."
job-00496,GCP Data Architect,Lingaro,Data Architecture & Governance,Europe / Poland,Remote,Expired,,2026-07-20,Platform-Indexed Vacancy,A,62,https://jobs.lever.co/lingarogroup,European/Polish hiring location
job-00497,Head of Digital Transformation,Emirates NBD Egypt,Digital Transformation,Egypt,Cairo,Possibly Available,2026-07-06,2026-07-20,Platform-Indexed Vacancy,B,62,https://eg.linkedin.com/jobs/digital-transformation-manager-jobs?countryRedirected=1,"Verify eligibility, deadline and work authorization on the linked source before applying."
job-00498,Healthcare IT Manager — LinkedIn Live Search,Worldwide Remote,Live Job Search,Worldwide Remote,Live / varies,Possibly Available,,2026-07-20,Platform-Indexed Vacancy,B,62,https://www.linkedin.com/jobs/search/?keywords=Healthcare+IT+Manager&sortBy=DD&location=Worldwide+Remote,"Global remote live-search pack. This is a live search link, not one fixed vacancy."
job-00499,Healthcare IT Manager — LinkedIn Live Search,EMEA Remote,Live Job Search,EMEA Remote,Live / varies,Possibly Available,,2026-07-20,Platform-Indexed Vacancy,B,62,https://www.linkedin.com/jobs/search/?keywords=Healthcare+IT+Manager&sortBy=DD&location=EMEA+Remote,"Global remote live-search pack. This is a live search link, not one fixed vacancy."
job-00500,Healthcare IT Manager — LinkedIn Live Search,Africa Remote,Live Job Search,Africa Remote,Live / varies,Possibly Available,,2026-07-20,Platform-Indexed Vacancy,B,62,https://www.linkedin.com/jobs/search/?keywords=Healthcare+IT+Manager&sortBy=DD&location=Africa+Remote,"Global remote live-search pack. This is a live search link, not one fixed vacancy."
job-00501,Healthcare IT Manager — LinkedIn Live Search,Middle East Remote,Live Job Search,Middle East Remote,Live / varies,Possibly Available,,2026-07-20,Platform-Indexed Vacancy,B,62,https://www.linkedin.com/jobs/search/?keywords=Healthcare+IT+Manager&sortBy=DD&location=Middle+East+Remote,"Global remote live-search pack. This is a live search link, not one fixed vacancy."
job-00502,Healthcare IT Manager — RemoteOK Live Search,Worldwide Remote,Live Job Search,Worldwide Remote,Live / varies,Possibly Available,,2026-07-20,Platform-Indexed Vacancy,B,62,https://remoteok.com/remote-healthcare-it-manager-jobs,"Global remote live-search pack. This is a live search link, not one fixed vacancy."
job-00503,Healthcare IT Manager — RemoteOK Live Search,EMEA Remote,Live Job Search,EMEA Remote,Live / varies,Possibly Available,,2026-07-20,Platform-Indexed Vacancy,B,62,https://remoteok.com/remote-healthcare-it-manager-jobs,"Global remote live-search pack. This is a live search link, not one fixed vacancy."
job-00504,Healthcare IT Manager — RemoteOK Live Search,Africa Remote,Live Job Search,Africa Remote,Live / varies,Possibly Available,,2026-07-20,Platform-Indexed Vacancy,B,62,https://remoteok.com/remote-healthcare-it-manager-jobs,"Global remote live-search pack. This is a live search link, not one fixed vacancy."
job-00505,Healthcare IT Manager — RemoteOK Live Search,Middle East Remote,Live Job Search,Middle East Remote,Live / varies,Possibly Available,,2026-07-20,Platform-Indexed Vacancy,B,62,https://remoteok.com/remote-healthcare-it-manager-jobs,"Global remote live-search pack. This is a live search link, not one fixed vacancy."
job-00506,Healthcare IT Manager — Wellfound Live Search,Worldwide Remote,Live Job Search,Worldwide Remote,Live / varies,Possibly Available,,2026-07-20,Platform-Indexed Vacancy,B,62,https://wellfound.com/jobs?q=Healthcare+IT+Manager&remote=True,"Global remote live-search pack. This is a live search link, not one fixed vacancy."
job-00507,Healthcare IT Manager — Wellfound Live Search,EMEA Remote,Live Job Search,EMEA Remote,Live / varies,Possibly Available,,2026-07-20,Platform-Indexed Vacancy,B,62,https://wellfound.com/jobs?q=Healthcare+IT+Manager&remote=True,"Global remote live-search pack. This is a live search link, not one fixed vacancy."
job-00508,Healthcare IT Manager — Wellfound Live Search,Africa Remote,Live Job Search,Africa Remote,Live / varies,Possibly Available,,2026-07-20,Platform-Indexed Vacancy,B,62,https://wellfound.com/jobs?q=Healthcare+IT+Manager&remote=True,"Global remote live-search pack. This is a live search link, not one fixed vacancy."
job-00509,Healthcare IT Manager — Wellfound Live Search,Middle East Remote,Live Job Search,Middle East Remote,Live / varies,Possibly Available,,2026-07-20,Platform-Indexed Vacancy,B,62,https://wellfound.com/jobs?q=Healthcare+IT+Manager&remote=True,"Global remote live-search pack. This is a live search link, not one fixed vacancy."
job-00510,Healthcare IT Manager — WeWorkRemotely Live Search,Worldwide Remote,Live Job Search,Worldwide Remote,Live / varies,Possibly Available,,2026-07-20,Platform-Indexed Vacancy,B,62,https://weworkremotely.com/remote-jobs/search?term=Healthcare+IT+Manager,"Global remote live-search pack. This is a live search link, not one fixed vacancy."
job-00511,Healthcare IT Manager — WeWorkRemotely Live Search,EMEA Remote,Live Job Search,EMEA Remote,Live / varies,Possibly Available,,2026-07-20,Platform-Indexed Vacancy,B,62,https://weworkremotely.com/remote-jobs/search?term=Healthcare+IT+Manager,"Global remote live-search pack. This is a live search link, not one fixed vacancy."
job-00512,Healthcare IT Manager — WeWorkRemotely Live Search,Africa Remote,Live Job Search,Africa Remote,Live / varies,Possibly Available,,2026-07-20,Platform-Indexed Vacancy,B,62,https://weworkremotely.com/remote-jobs/search?term=Healthcare+IT+Manager,"Global remote live-search pack. This is a live search link, not one fixed vacancy."
job-00513,Healthcare IT Manager — WeWorkRemotely Live Search,Middle East Remote,Live Job Search,Middle East Remote,Live / varies,Possibly Available,,2026-07-20,Platform-Indexed Vacancy,B,62,https://weworkremotely.com/remote-jobs/search?term=Healthcare+IT+Manager,"Global remote live-search pack. This is a live search link, not one fixed vacancy."
job-00514,Integration Architect — LinkedIn Live Search,Worldwide Remote,Live Job Search,Worldwide Remote,Live / varies,Possibly Available,,2026-07-20,Platform-Indexed Vacancy,B,62,https://www.linkedin.com/jobs/search/?keywords=Integration+Architect&sortBy=DD&location=Worldwide+Remote,"Global remote live-search pack. This is a live search link, not one fixed vacancy."
job-00515,Integration Architect — LinkedIn Live Search,EMEA Remote,Live Job Search,EMEA Remote,Live / varies,Possibly Available,,2026-07-20,Platform-Indexed Vacancy,B,62,https://www.linkedin.com/jobs/search/?keywords=Integration+Architect&sortBy=DD&location=EMEA+Remote,"Global remote live-search pack. This is a live search link, not one fixed vacancy."
job-00516,Integration Architect — LinkedIn Live Search,Africa Remote,Live Job Search,Africa Remote,Live / varies,Possibly Available,,2026-07-20,Platform-Indexed Vacancy,B,62,https://www.linkedin.com/jobs/search/?keywords=Integration+Architect&sortBy=DD&location=Africa+Remote,"Global remote live-search pack. This is a live search link, not one fixed vacancy."
job-00517,Integration Architect — LinkedIn Live Search,Middle East Remote,Live Job Search,Middle East Remote,Live / varies,Possibly Available,,2026-07-20,Platform-Indexed Vacancy,B,62,https://www.linkedin.com/jobs/search/?keywords=Integration+Architect&sortBy=DD&location=Middle+East+Remote,"Global remote live-search pack. This is a live search link, not one fixed vacancy."
job-00518,Integration Architect — RemoteOK Live Search,Worldwide Remote,Live Job Search,Worldwide Remote,Live / varies,Possibly Available,,2026-07-20,Platform-Indexed Vacancy,B,62,https://remoteok.com/remote-integration-architect-jobs,"Global remote live-search pack. This is a live search link, not one fixed vacancy."
job-00519,Integration Architect — RemoteOK Live Search,EMEA Remote,Live Job Search,EMEA Remote,Live / varies,Possibly Available,,2026-07-20,Platform-Indexed Vacancy,B,62,https://remoteok.com/remote-integration-architect-jobs,"Global remote live-search pack. This is a live search link, not one fixed vacancy."
job-00520,Integration Architect — RemoteOK Live Search,Africa Remote,Live Job Search,Africa Remote,Live / varies,Possibly Available,,2026-07-20,Platform-Indexed Vacancy,B,62,https://remoteok.com/remote-integration-architect-jobs,"Global remote live-search pack. This is a live search link, not one fixed vacancy."
job-00521,Integration Architect — RemoteOK Live Search,Middle East Remote,Live Job Search,Middle East Remote,Live / varies,Possibly Available,,2026-07-20,Platform-Indexed Vacancy,B,62,https://remoteok.com/remote-integration-architect-jobs,"Global remote live-search pack. This is a live search link, not one fixed vacancy."
job-00522,Integration Architect — Wellfound Live Search,Worldwide Remote,Live Job Search,Worldwide Remote,Live / varies,Possibly Available,,2026-07-20,Platform-Indexed Vacancy,B,62,https://wellfound.com/jobs?q=Integration+Architect&remote=True,"Global remote live-search pack. This is a live search link, not one fixed vacancy."
job-00523,Integration Architect — Wellfound Live Search,EMEA Remote,Live Job Search,EMEA Remote,Live / varies,Possibly Available,,2026-07-20,Platform-Indexed Vacancy,B,62,https://wellfound.com/jobs?q=Integration+Architect&remote=True,"Global remote live-search pack. This is a live search link, not one fixed vacancy."
job-00524,Integration Architect — Wellfound Live Search,Africa Remote,Live Job Search,Africa Remote,Live / varies,Possibly Available,,2026-07-20,Platform-Indexed Vacancy,B,62,https://wellfound.com/jobs?q=Integration+Architect&remote=True,"Global remote live-search pack. This is a live search link, not one fixed vacancy."
job-00525,Integration Architect — Wellfound Live Search,Middle East Remote,Live Job Search,Middle East Remote,Live / varies,Possibly Available,,2026-07-20,Platform-Indexed Vacancy,B,62,https://wellfound.com/jobs?q=Integration+Architect&remote=True,"Global remote live-search pack. This is a live search link, not one fixed vacancy."
job-00526,Integration Architect — WeWorkRemotely Live Search,Worldwide Remote,Live Job Search,Worldwide Remote,Live / varies,Possibly Available,,2026-07-20,Platform-Indexed Vacancy,B,62,https://weworkremotely.com/remote-jobs/search?term=Integration+Architect,"Global remote live-search pack. This is a live search link, not one fixed vacancy."
job-00527,Integration Architect — WeWorkRemotely Live Search,EMEA Remote,Live Job Search,EMEA Remote,Live / varies,Possibly Available,,2026-07-20,Platform-Indexed Vacancy,B,62,https://weworkremotely.com/remote-jobs/search?term=Integration+Architect,"Global remote live-search pack. This is a live search link, not one fixed vacancy."
job-00528,Integration Architect — WeWorkRemotely Live Search,Africa Remote,Live Job Search,Africa Remote,Live / varies,Possibly Available,,2026-07-20,Platform-Indexed Vacancy,B,62,https://weworkremotely.com/remote-jobs/search?term=Integration+Architect,"Global remote live-search pack. This is a live search link, not one fixed vacancy."
job-00529,Integration Architect — WeWorkRemotely Live Search,Middle East Remote,Live Job Search,Middle East Remote,Live / varies,Possibly Available,,2026-07-20,Platform-Indexed Vacancy,B,62,https://weworkremotely.com/remote-jobs/search?term=Integration+Architect,"Global remote live-search pack. This is a live search link, not one fixed vacancy."
job-00530,IoT Solutions Architecture Manager,Canonical,Solution Architecture,Americas / EMEA / APAC,Remote,Expired,,2026-07-20,Platform-Indexed Vacancy,A,62,https://canonical.com/careers/6587365,Search result showed Americas role; other geographies may be recruited separately
job-00531,IT Strategy Manager — Bayt Live Search,Egypt,Live Job Search,Egypt,Live / varies,Possibly Available,,2026-07-20,Platform-Indexed Vacancy,B,62,https://www.bayt.com/en/egypt/jobs/IT%20Strategy%20Manager-jobs/,"Egypt live-search pack. This is a live search link, not one fixed vacancy."
job-00532,IT Strategy Manager — Google Live Search,Egypt,Live Job Search,Egypt,Live / varies,Possibly Available,,2026-07-20,Platform-Indexed Vacancy,B,62,https://www.google.com/search?q=Egypt+IT+Strategy+Manager+jobs+posted+this+week,"Egypt live-search pack. This is a live search link, not one fixed vacancy."
job-00533,IT Strategy Manager — LinkedIn Live Search,Egypt,Live Job Search,Egypt,Live / varies,Possibly Available,,2026-07-20,Platform-Indexed Vacancy,B,62,https://www.linkedin.com/jobs/search/?keywords=IT+Strategy+Manager&sortBy=DD&location=Egypt,"Egypt live-search pack. This is a live search link, not one fixed vacancy."
job-00534,IT Strategy Manager — Wuzzuf Live Search,Egypt,Live Job Search,Egypt,Live / varies,Possibly Available,,2026-07-20,Platform-Indexed Vacancy,B,62,https://wuzzuf.net/search/jobs/?q=IT+Strategy+Manager&a=navbl,"Egypt live-search pack. This is a live search link, not one fixed vacancy."
job-00535,"Manager, Digitalization",Juhayna Food Industries,Digital Transformation & Strategy,Egypt,Sheikh Zayed / Giza,Expired,,2026-07-20,Platform-Indexed Vacancy,B,62,https://eg.linkedin.com/jobs/view/manager-digitalization-at-juhayna-food-industries-4371440973,Industry 4.0 and manufacturing digitalization
job-00536,Mendix Solution Architect,Lingaro,Solution Architecture,Poland,Remote,Expired,,2026-07-20,Platform-Indexed Vacancy,A,62,https://jobs.lever.co/lingarogroup,Remote within Poland
job-00537,Odoo Implementer & Digital Transformation Manager,Misr Radiology Center,Digital Transformation,Egypt,Cairo,Possibly Available,2026-07-20,2026-07-20,Platform-Indexed Vacancy,B,62,https://eg.linkedin.com/jobs/digital-transformation-manager-jobs?countryRedirected=1,"Verify eligibility, deadline and work authorization on the linked source before applying."
job-00538,Oracle EPM Principal Consultant,Talent 360,Enterprise Applications & Software,Egypt,Maadi / Hybrid,Expired,,2026-07-20,Platform-Indexed Vacancy,A,62,https://jobs.workable.com/view/tsxMuHXXa1DbK4RGUPVVMk/hybrid-oracle-epm-principle-consultant-in-maadi-at-talent-360.me,Hybrid Maadi
job-00539,Principal AI Platform / Agentic AI Architect,Intellias,"AI, Data Science & Governance",Egypt,Cairo,Expired,,2026-07-20,Platform-Indexed Vacancy,B,62,https://www.linkedin.com/jobs/view/4440528085/,Principal-level AI platform experience
job-00540,Sales Engineer - EMEA,Socket,Solution Architecture,EMEA,Remote-first,Expired,,2026-07-20,Platform-Indexed Vacancy,B,62,https://jobs.ashbyhq.com/socket/b88a5ea5-fb24-4e42-b567-072bf14a14ba,EMEA; confirm country support
job-00541,Senior AI Solution Architect,Jobgether client,Solution Architecture,Belgium,Remote,Expired,,2026-07-20,Platform-Indexed Vacancy,A,62,https://jobs.lever.co/jobgether?location=Belgium,Remote role tied to Belgium
job-00542,Senior Solution Architect,Sanity,Solution Architecture,United States / Canada,Remote,Expired,,2026-07-20,Platform-Indexed Vacancy,B,62,https://jobs.ashbyhq.com/sanity/2efeec05-9eb0-4864-b505-62e952d685d7,Remote in the US or Canada
job-00543,Senior Solution Architect - EMEA North,Camunda,Solution Architecture,EMEA North / UK,Remote-first,Expired,,2026-07-20,Platform-Indexed Vacancy,B,62,https://jobs.ashbyhq.com/camunda/cfafe271-e3e9-4a00-8c0b-39ea10890d8a,Remote-first role based in London / EMEA North
job-00544,Senior Solutions Architect,GitLab,Solution Architecture,Germany,Remote,Expired,,2026-07-20,Platform-Indexed Vacancy,B,62,https://about.gitlab.com/jobs/all-jobs/,Remote within Germany
job-00545,Senior Solutions Architect - Europe,Deepgram,Solution Architecture,European Union,Remote,Expired,,2026-07-20,Platform-Indexed Vacancy,B,62,https://jobs.ashbyhq.com/Deepgram?employmentType=FullTime,EU remote
job-00546,"Senior Solutions Architect, AI / Core DevOps - EMEA",GitLab,Solution Architecture,Worldwide,Remote United Kingdom / EMEA,Possibly Available,2026-07-20,2026-07-20,Platform-Indexed Vacancy,B,62,https://about.gitlab.com/jobs/all-jobs/,"Verify eligibility, deadline and work authorization on the linked source before applying."
job-00547,Solution Architect,Lingaro,Solution Architecture,Poland,Remote,Expired,,2026-07-20,Platform-Indexed Vacancy,A,62,https://jobs.lever.co/lingarogroup,Remote within Poland
job-00548,Solution Architect — Bayt Live Search,Egypt,Live Job Search,Egypt,Live / varies,Possibly Available,,2026-07-20,Platform-Indexed Vacancy,B,62,https://www.bayt.com/en/egypt/jobs/Solution%20Architect-jobs/,"Egypt live-search pack. This is a live search link, not one fixed vacancy."
job-00549,Solution Architect — Google Live Search,Egypt,Live Job Search,Egypt,Live / varies,Possibly Available,,2026-07-20,Platform-Indexed Vacancy,B,62,https://www.google.com/search?q=Egypt+Solution+Architect+jobs+posted+this+week,"Egypt live-search pack. This is a live search link, not one fixed vacancy."
job-00550,Solution Architect — LinkedIn Live Search,Egypt,Live Job Search,Egypt,Live / varies,Possibly Available,,2026-07-20,Platform-Indexed Vacancy,B,62,https://www.linkedin.com/jobs/search/?keywords=Solution+Architect&sortBy=DD&location=Egypt,"Egypt live-search pack. This is a live search link, not one fixed vacancy."
job-00551,Solution Architect — Wuzzuf Live Search,Egypt,Live Job Search,Egypt,Live / varies,Possibly Available,,2026-07-20,Platform-Indexed Vacancy,B,62,https://wuzzuf.net/search/jobs/?q=Solution+Architect&a=navbl,"Egypt live-search pack. This is a live search link, not one fixed vacancy."
job-00552,Solutions Architect,GitLab,Solution Architecture,Remote - Multiple Regions,Remote,Expired,,2026-07-20,Platform-Indexed Vacancy,B,62,https://about.gitlab.com/jobs/all-jobs/,Use GitLab location filter and confirm Egypt is supported
job-00553,Solutions Architect - East Asia,Cape,Solution Architecture,East Asia,Remote,Expired,,2026-07-20,Platform-Indexed Vacancy,B,62,https://jobs.ashbyhq.com/cape/b693064d-36d2-4035-ace2-a26aa910961e,East Asia regional role
job-00554,Strategic Partnerships Lead - Banking Distribution COO,JUMO,Digital Transformation & Strategy,UTC 0 to UTC+3 / Selected countries,Remote-first,Expired,,2026-07-20,Platform-Indexed Vacancy,A,62,https://boards.greenhouse.io/jumo/jobs/7870659,Job board references remote hiring within UTC 0 to UTC+3; confirm Egypt eligibility
job-00555,Technical Delivery Manager,Beetleware,"Program, Project & Delivery Management",Egypt,Cairo,Expired,,2026-07-20,Platform-Indexed Vacancy,B,62,https://www.linkedin.com/jobs/view/4438472898/,Technical delivery leadership
job-00556,Web Portal Support Specialist - Tech,Mediconsult,Healthcare IT & Digital Health,Egypt,Giza,Expired,,2026-07-20,Platform-Indexed Vacancy,B,62,https://www.linkedin.com/jobs/view/4346231591/,Portal support role
job-00557,AI Solution Architect — Bayt Live Search,Saudi Arabia,Live Job Search,Saudi Arabia,Live / varies,Possibly Available,,2026-07-20,Platform-Indexed Vacancy,B,61,https://www.bayt.com/en/saudi-arabia/jobs/AI%20Solution%20Architect-jobs/,"GCC live-search pack. This is a live search link, not one fixed vacancy."
job-00558,AI Solution Architect — Bayt Live Search,United Arab Emirates,Live Job Search,United Arab Emirates,Live / varies,Possibly Available,,2026-07-20,Platform-Indexed Vacancy,B,61,https://www.bayt.com/en/united-arab-emirates/jobs/AI%20Solution%20Architect-jobs/,"GCC live-search pack. This is a live search link, not one fixed vacancy."
job-00559,AI Solution Architect — Bayt Live Search,Qatar,Live Job Search,Qatar,Live / varies,Possibly Available,,2026-07-20,Platform-Indexed Vacancy,B,61,https://www.bayt.com/en/qatar/jobs/AI%20Solution%20Architect-jobs/,"GCC live-search pack. This is a live search link, not one fixed vacancy."
job-00560,AI Solution Architect — Bayt Live Search,Kuwait,Live Job Search,Kuwait,Live / varies,Possibly Available,,2026-07-20,Platform-Indexed Vacancy,B,61,https://www.bayt.com/en/kuwait/jobs/AI%20Solution%20Architect-jobs/,"GCC live-search pack. This is a live search link, not one fixed vacancy."
job-00561,AI Solution Architect — Bayt Live Search,Oman,Live Job Search,Oman,Live / varies,Possibly Available,,2026-07-20,Platform-Indexed Vacancy,B,61,https://www.bayt.com/en/oman/jobs/AI%20Solution%20Architect-jobs/,"GCC live-search pack. This is a live search link, not one fixed vacancy."
job-00562,AI Solution Architect — Bayt Live Search,Bahrain,Live Job Search,Bahrain,Live / varies,Possibly Available,,2026-07-20,Platform-Indexed Vacancy,B,61,https://www.bayt.com/en/bahrain/jobs/AI%20Solution%20Architect-jobs/,"GCC live-search pack. This is a live search link, not one fixed vacancy."
job-00563,AI Solution Architect — GulfTalent Live Search,Saudi Arabia,Live Job Search,Saudi Arabia,Live / varies,Possibly Available,,2026-07-20,Platform-Indexed Vacancy,B,61,https://www.gulftalent.com/jobs?keywords=AI+Solution+Architect,"GCC live-search pack. This is a live search link, not one fixed vacancy."
job-00564,AI Solution Architect — GulfTalent Live Search,United Arab Emirates,Live Job Search,United Arab Emirates,Live / varies,Possibly Available,,2026-07-20,Platform-Indexed Vacancy,B,61,https://www.gulftalent.com/jobs?keywords=AI+Solution+Architect,"GCC live-search pack. This is a live search link, not one fixed vacancy."
job-00565,AI Solution Architect — GulfTalent Live Search,Qatar,Live Job Search,Qatar,Live / varies,Possibly Available,,2026-07-20,Platform-Indexed Vacancy,B,61,https://www.gulftalent.com/jobs?keywords=AI+Solution+Architect,"GCC live-search pack. This is a live search link, not one fixed vacancy."
job-00566,AI Solution Architect — GulfTalent Live Search,Kuwait,Live Job Search,Kuwait,Live / varies,Possibly Available,,2026-07-20,Platform-Indexed Vacancy,B,61,https://www.gulftalent.com/jobs?keywords=AI+Solution+Architect,"GCC live-search pack. This is a live search link, not one fixed vacancy."
job-00567,AI Solution Architect — GulfTalent Live Search,Oman,Live Job Search,Oman,Live / varies,Possibly Available,,2026-07-20,Platform-Indexed Vacancy,B,61,https://www.gulftalent.com/jobs?keywords=AI+Solution+Architect,"GCC live-search pack. This is a live search link, not one fixed vacancy."
job-00568,AI Solution Architect — GulfTalent Live Search,Bahrain,Live Job Search,Bahrain,Live / varies,Possibly Available,,2026-07-20,Platform-Indexed Vacancy,B,61,https://www.gulftalent.com/jobs?keywords=AI+Solution+Architect,"GCC live-search pack. This is a live search link, not one fixed vacancy."
job-00569,AI Solution Architect — LinkedIn Live Search,Saudi Arabia,Live Job Search,Saudi Arabia,Live / varies,Possibly Available,,2026-07-20,Platform-Indexed Vacancy,B,61,https://www.linkedin.com/jobs/search/?keywords=AI+Solution+Architect&sortBy=DD&location=Saudi+Arabia,"GCC live-search pack. This is a live search link, not one fixed vacancy."
job-00570,AI Solution Architect — LinkedIn Live Search,United Arab Emirates,Live Job Search,United Arab Emirates,Live / varies,Possibly Available,,2026-07-20,Platform-Indexed Vacancy,B,61,https://www.linkedin.com/jobs/search/?keywords=AI+Solution+Architect&sortBy=DD&location=United+Arab+Emirates,"GCC live-search pack. This is a live search link, not one fixed vacancy."
job-00571,AI Solution Architect — LinkedIn Live Search,Qatar,Live Job Search,Qatar,Live / varies,Possibly Available,,2026-07-20,Platform-Indexed Vacancy,B,61,https://www.linkedin.com/jobs/search/?keywords=AI+Solution+Architect&sortBy=DD&location=Qatar,"GCC live-search pack. This is a live search link, not one fixed vacancy."
job-00572,AI Solution Architect — LinkedIn Live Search,Kuwait,Live Job Search,Kuwait,Live / varies,Possibly Available,,2026-07-20,Platform-Indexed Vacancy,B,61,https://www.linkedin.com/jobs/search/?keywords=AI+Solution+Architect&sortBy=DD&location=Kuwait,"GCC live-search pack. This is a live search link, not one fixed vacancy."
job-00573,AI Solution Architect — LinkedIn Live Search,Oman,Live Job Search,Oman,Live / varies,Possibly Available,,2026-07-20,Platform-Indexed Vacancy,B,61,https://www.linkedin.com/jobs/search/?keywords=AI+Solution+Architect&sortBy=DD&location=Oman,"GCC live-search pack. This is a live search link, not one fixed vacancy."
job-00574,AI Solution Architect — LinkedIn Live Search,Bahrain,Live Job Search,Bahrain,Live / varies,Possibly Available,,2026-07-20,Platform-Indexed Vacancy,B,61,https://www.linkedin.com/jobs/search/?keywords=AI+Solution+Architect&sortBy=DD&location=Bahrain,"GCC live-search pack. This is a live search link, not one fixed vacancy."
job-00575,AI Solution Architect — LinkedIn Live Search,Worldwide Remote,Live Job Search,Worldwide Remote,Live / varies,Possibly Available,,2026-07-20,Platform-Indexed Vacancy,B,61,https://www.linkedin.com/jobs/search/?keywords=AI+Solution+Architect&sortBy=DD&location=Worldwide+Remote,"Global remote live-search pack. This is a live search link, not one fixed vacancy."
job-00576,AI Solution Architect — LinkedIn Live Search,EMEA Remote,Live Job Search,EMEA Remote,Live / varies,Possibly Available,,2026-07-20,Platform-Indexed Vacancy,B,61,https://www.linkedin.com/jobs/search/?keywords=AI+Solution+Architect&sortBy=DD&location=EMEA+Remote,"Global remote live-search pack. This is a live search link, not one fixed vacancy."
job-00577,AI Solution Architect — LinkedIn Live Search,Africa Remote,Live Job Search,Africa Remote,Live / varies,Possibly Available,,2026-07-20,Platform-Indexed Vacancy,B,61,https://www.linkedin.com/jobs/search/?keywords=AI+Solution+Architect&sortBy=DD&location=Africa+Remote,"Global remote live-search pack. This is a live search link, not one fixed vacancy."
job-00578,AI Solution Architect — LinkedIn Live Search,Middle East Remote,Live Job Search,Middle East Remote,Live / varies,Possibly Available,,2026-07-20,Platform-Indexed Vacancy,B,61,https://www.linkedin.com/jobs/search/?keywords=AI+Solution+Architect&sortBy=DD&location=Middle+East+Remote,"Global remote live-search pack. This is a live search link, not one fixed vacancy."
job-00579,AI Solution Architect — RemoteOK Live Search,Worldwide Remote,Live Job Search,Worldwide Remote,Live / varies,Possibly Available,,2026-07-20,Platform-Indexed Vacancy,B,61,https://remoteok.com/remote-ai-solution-architect-jobs,"Global remote live-search pack. This is a live search link, not one fixed vacancy."
job-00580,AI Solution Architect — RemoteOK Live Search,EMEA Remote,Live Job Search,EMEA Remote,Live / varies,Possibly Available,,2026-07-20,Platform-Indexed Vacancy,B,61,https://remoteok.com/remote-ai-solution-architect-jobs,"Global remote live-search pack. This is a live search link, not one fixed vacancy."
job-00581,AI Solution Architect — RemoteOK Live Search,Africa Remote,Live Job Search,Africa Remote,Live / varies,Possibly Available,,2026-07-20,Platform-Indexed Vacancy,B,61,https://remoteok.com/remote-ai-solution-architect-jobs,"Global remote live-search pack. This is a live search link, not one fixed vacancy."
job-00582,AI Solution Architect — RemoteOK Live Search,Middle East Remote,Live Job Search,Middle East Remote,Live / varies,Possibly Available,,2026-07-20,Platform-Indexed Vacancy,B,61,https://remoteok.com/remote-ai-solution-architect-jobs,"Global remote live-search pack. This is a live search link, not one fixed vacancy."
job-00583,AI Solution Architect — Wellfound Live Search,Worldwide Remote,Live Job Search,Worldwide Remote,Live / varies,Possibly Available,,2026-07-20,Platform-Indexed Vacancy,B,61,https://wellfound.com/jobs?q=AI+Solution+Architect&remote=True,"Global remote live-search pack. This is a live search link, not one fixed vacancy."
job-00584,AI Solution Architect — Wellfound Live Search,EMEA Remote,Live Job Search,EMEA Remote,Live / varies,Possibly Available,,2026-07-20,Platform-Indexed Vacancy,B,61,https://wellfound.com/jobs?q=AI+Solution+Architect&remote=True,"Global remote live-search pack. This is a live search link, not one fixed vacancy."
job-00585,AI Solution Architect — Wellfound Live Search,Africa Remote,Live Job Search,Africa Remote,Live / varies,Possibly Available,,2026-07-20,Platform-Indexed Vacancy,B,61,https://wellfound.com/jobs?q=AI+Solution+Architect&remote=True,"Global remote live-search pack. This is a live search link, not one fixed vacancy."
job-00586,AI Solution Architect — Wellfound Live Search,Middle East Remote,Live Job Search,Middle East Remote,Live / varies,Possibly Available,,2026-07-20,Platform-Indexed Vacancy,B,61,https://wellfound.com/jobs?q=AI+Solution+Architect&remote=True,"Global remote live-search pack. This is a live search link, not one fixed vacancy."
job-00587,AI Solution Architect — WeWorkRemotely Live Search,Worldwide Remote,Live Job Search,Worldwide Remote,Live / varies,Possibly Available,,2026-07-20,Platform-Indexed Vacancy,B,61,https://weworkremotely.com/remote-jobs/search?term=AI+Solution+Architect,"Global remote live-search pack. This is a live search link, not one fixed vacancy."
job-00588,AI Solution Architect — WeWorkRemotely Live Search,EMEA Remote,Live Job Search,EMEA Remote,Live / varies,Possibly Available,,2026-07-20,Platform-Indexed Vacancy,B,61,https://weworkremotely.com/remote-jobs/search?term=AI+Solution+Architect,"Global remote live-search pack. This is a live search link, not one fixed vacancy."
job-00589,AI Solution Architect — WeWorkRemotely Live Search,Africa Remote,Live Job Search,Africa Remote,Live / varies,Possibly Available,,2026-07-20,Platform-Indexed Vacancy,B,61,https://weworkremotely.com/remote-jobs/search?term=AI+Solution+Architect,"Global remote live-search pack. This is a live search link, not one fixed vacancy."
job-00590,AI Solution Architect — WeWorkRemotely Live Search,Middle East Remote,Live Job Search,Middle East Remote,Live / varies,Possibly Available,,2026-07-20,Platform-Indexed Vacancy,B,61,https://weworkremotely.com/remote-jobs/search?term=AI+Solution+Architect,"Global remote live-search pack. This is a live search link, not one fixed vacancy."
job-00591,AI Strategy Manager - Strategic Operations & Business Transformation,Human Intelligence,Digital Transformation & Strategy,Indonesia / Verify,Remote,Expired,,2026-07-20,Platform-Indexed Vacancy,A,61,https://jobs.workable.com/view/hgG7eFbC7SCYe8KfNHBtMv/remote-ai-strategy-manager-%7C-strategic-operations-%26-business-transformation-in-jakarta-at-human-intelligence,Remote role linked to Jakarta
job-00592,Department Head - Digital Solutions & Technology,Doha Bank,Digital Transformation & Strategy,Qatar,Doha,Expired,,2026-07-20,Platform-Indexed Vacancy,B,61,https://www.dohabank.com.qa/job/department-head-digital-solutions-technology/,Verify eligibility
job-00593,Digital Office Manager,QAFCO,Digital Transformation,Qatar,Doha,Possibly Available,2026-07-06,2026-07-20,Platform-Indexed Vacancy,B,61,https://www.linkedin.com/jobs/aramco-digital-jobs-worldwide,"Verify eligibility, deadline and work authorization on the linked source before applying."
job-00594,Digital Services Senior Manager,Takامل Holding,Digital Transformation,Saudi Arabia,Riyadh,Possibly Available,2026-06-29,2026-07-20,Platform-Indexed Vacancy,B,61,https://sa.linkedin.com/jobs/it-leadership-jobs,"Verify eligibility, deadline and work authorization on the linked source before applying."
job-00595,Digital Transformation Manager,Seven Blocks,Digital Transformation & Strategy,Bahrain,Remote - Bahrain,Expired,,2026-07-20,Platform-Indexed Vacancy,B,61,https://bh.linkedin.com/jobs/view/digital-transformation-manager-at-seven-blocks-%E2%84%A2-4429602278,Remote role based in Bahrain
job-00596,Digital Transformation Manager — Bayt Live Search,Saudi Arabia,Live Job Search,Saudi Arabia,Live / varies,Possibly Available,,2026-07-20,Platform-Indexed Vacancy,B,61,https://www.bayt.com/en/saudi-arabia/jobs/Digital%20Transformation%20Manager-jobs/,"GCC live-search pack. This is a live search link, not one fixed vacancy."
job-00597,Digital Transformation Manager — Bayt Live Search,United Arab Emirates,Live Job Search,United Arab Emirates,Live / varies,Possibly Available,,2026-07-20,Platform-Indexed Vacancy,B,61,https://www.bayt.com/en/united-arab-emirates/jobs/Digital%20Transformation%20Manager-jobs/,"GCC live-search pack. This is a live search link, not one fixed vacancy."
job-00598,Digital Transformation Manager — Bayt Live Search,Qatar,Live Job Search,Qatar,Live / varies,Possibly Available,,2026-07-20,Platform-Indexed Vacancy,B,61,https://www.bayt.com/en/qatar/jobs/Digital%20Transformation%20Manager-jobs/,"GCC live-search pack. This is a live search link, not one fixed vacancy."
job-00599,Digital Transformation Manager — Bayt Live Search,Kuwait,Live Job Search,Kuwait,Live / varies,Possibly Available,,2026-07-20,Platform-Indexed Vacancy,B,61,https://www.bayt.com/en/kuwait/jobs/Digital%20Transformation%20Manager-jobs/,"GCC live-search pack. This is a live search link, not one fixed vacancy."
job-00600,Digital Transformation Manager — Bayt Live Search,Oman,Live Job Search,Oman,Live / varies,Possibly Available,,2026-07-20,Platform-Indexed Vacancy,B,61,https://www.bayt.com/en/oman/jobs/Digital%20Transformation%20Manager-jobs/,"GCC live-search pack. This is a live search link, not one fixed vacancy."
job-00601,Digital Transformation Manager — Bayt Live Search,Bahrain,Live Job Search,Bahrain,Live / varies,Possibly Available,,2026-07-20,Platform-Indexed Vacancy,B,61,https://www.bayt.com/en/bahrain/jobs/Digital%20Transformation%20Manager-jobs/,"GCC live-search pack. This is a live search link, not one fixed vacancy."
job-00602,Digital Transformation Manager — GulfTalent Live Search,Saudi Arabia,Live Job Search,Saudi Arabia,Live / varies,Possibly Available,,2026-07-20,Platform-Indexed Vacancy,B,61,https://www.gulftalent.com/jobs?keywords=Digital+Transformation+Manager,"GCC live-search pack. This is a live search link, not one fixed vacancy."
job-00603,Digital Transformation Manager — GulfTalent Live Search,United Arab Emirates,Live Job Search,United Arab Emirates,Live / varies,Possibly Available,,2026-07-20,Platform-Indexed Vacancy,B,61,https://www.gulftalent.com/jobs?keywords=Digital+Transformation+Manager,"GCC live-search pack. This is a live search link, not one fixed vacancy."
job-00604,Digital Transformation Manager — GulfTalent Live Search,Qatar,Live Job Search,Qatar,Live / varies,Possibly Available,,2026-07-20,Platform-Indexed Vacancy,B,61,https://www.gulftalent.com/jobs?keywords=Digital+Transformation+Manager,"GCC live-search pack. This is a live search link, not one fixed vacancy."
job-00605,Digital Transformation Manager — GulfTalent Live Search,Kuwait,Live Job Search,Kuwait,Live / varies,Possibly Available,,2026-07-20,Platform-Indexed Vacancy,B,61,https://www.gulftalent.com/jobs?keywords=Digital+Transformation+Manager,"GCC live-search pack. This is a live search link, not one fixed vacancy."
job-00606,Digital Transformation Manager — GulfTalent Live Search,Oman,Live Job Search,Oman,Live / varies,Possibly Available,,2026-07-20,Platform-Indexed Vacancy,B,61,https://www.gulftalent.com/jobs?keywords=Digital+Transformation+Manager,"GCC live-search pack. This is a live search link, not one fixed vacancy."
job-00607,Digital Transformation Manager — GulfTalent Live Search,Bahrain,Live Job Search,Bahrain,Live / varies,Possibly Available,,2026-07-20,Platform-Indexed Vacancy,B,61,https://www.gulftalent.com/jobs?keywords=Digital+Transformation+Manager,"GCC live-search pack. This is a live search link, not one fixed vacancy."
job-00608,Digital Transformation Manager — LinkedIn Live Search,Saudi Arabia,Live Job Search,Saudi Arabia,Live / varies,Possibly Available,,2026-07-20,Platform-Indexed Vacancy,B,61,https://www.linkedin.com/jobs/search/?keywords=Digital+Transformation+Manager&sortBy=DD&location=Saudi+Arabia,"GCC live-search pack. This is a live search link, not one fixed vacancy."
job-00609,Digital Transformation Manager — LinkedIn Live Search,United Arab Emirates,Live Job Search,United Arab Emirates,Live / varies,Possibly Available,,2026-07-20,Platform-Indexed Vacancy,B,61,https://www.linkedin.com/jobs/search/?keywords=Digital+Transformation+Manager&sortBy=DD&location=United+Arab+Emirates,"GCC live-search pack. This is a live search link, not one fixed vacancy."
job-00610,Digital Transformation Manager — LinkedIn Live Search,Qatar,Live Job Search,Qatar,Live / varies,Possibly Available,,2026-07-20,Platform-Indexed Vacancy,B,61,https://www.linkedin.com/jobs/search/?keywords=Digital+Transformation+Manager&sortBy=DD&location=Qatar,"GCC live-search pack. This is a live search link, not one fixed vacancy."
job-00611,Digital Transformation Manager — LinkedIn Live Search,Kuwait,Live Job Search,Kuwait,Live / varies,Possibly Available,,2026-07-20,Platform-Indexed Vacancy,B,61,https://www.linkedin.com/jobs/search/?keywords=Digital+Transformation+Manager&sortBy=DD&location=Kuwait,"GCC live-search pack. This is a live search link, not one fixed vacancy."
job-00612,Digital Transformation Manager — LinkedIn Live Search,Oman,Live Job Search,Oman,Live / varies,Possibly Available,,2026-07-20,Platform-Indexed Vacancy,B,61,https://www.linkedin.com/jobs/search/?keywords=Digital+Transformation+Manager&sortBy=DD&location=Oman,"GCC live-search pack. This is a live search link, not one fixed vacancy."
job-00613,Digital Transformation Manager — LinkedIn Live Search,Bahrain,Live Job Search,Bahrain,Live / varies,Possibly Available,,2026-07-20,Platform-Indexed Vacancy,B,61,https://www.linkedin.com/jobs/search/?keywords=Digital+Transformation+Manager&sortBy=DD&location=Bahrain,"GCC live-search pack. This is a live search link, not one fixed vacancy."
job-00614,Digital Transformation Manager — LinkedIn Live Search,Worldwide Remote,Live Job Search,Worldwide Remote,Live / varies,Possibly Available,,2026-07-20,Platform-Indexed Vacancy,B,61,https://www.linkedin.com/jobs/search/?keywords=Digital+Transformation+Manager&sortBy=DD&location=Worldwide+Remote,"Global remote live-search pack. This is a live search link, not one fixed vacancy."
job-00615,Digital Transformation Manager — LinkedIn Live Search,EMEA Remote,Live Job Search,EMEA Remote,Live / varies,Possibly Available,,2026-07-20,Platform-Indexed Vacancy,B,61,https://www.linkedin.com/jobs/search/?keywords=Digital+Transformation+Manager&sortBy=DD&location=EMEA+Remote,"Global remote live-search pack. This is a live search link, not one fixed vacancy."
job-00616,Digital Transformation Manager — LinkedIn Live Search,Africa Remote,Live Job Search,Africa Remote,Live / varies,Possibly Available,,2026-07-20,Platform-Indexed Vacancy,B,61,https://www.linkedin.com/jobs/search/?keywords=Digital+Transformation+Manager&sortBy=DD&location=Africa+Remote,"Global remote live-search pack. This is a live search link, not one fixed vacancy."
job-00617,Digital Transformation Manager — LinkedIn Live Search,Middle East Remote,Live Job Search,Middle East Remote,Live / varies,Possibly Available,,2026-07-20,Platform-Indexed Vacancy,B,61,https://www.linkedin.com/jobs/search/?keywords=Digital+Transformation+Manager&sortBy=DD&location=Middle+East+Remote,"Global remote live-search pack. This is a live search link, not one fixed vacancy."
job-00618,Digital Transformation Manager — RemoteOK Live Search,Worldwide Remote,Live Job Search,Worldwide Remote,Live / varies,Possibly Available,,2026-07-20,Platform-Indexed Vacancy,B,61,https://remoteok.com/remote-digital-transformation-manager-jobs,"Global remote live-search pack. This is a live search link, not one fixed vacancy."
job-00619,Digital Transformation Manager — RemoteOK Live Search,EMEA Remote,Live Job Search,EMEA Remote,Live / varies,Possibly Available,,2026-07-20,Platform-Indexed Vacancy,B,61,https://remoteok.com/remote-digital-transformation-manager-jobs,"Global remote live-search pack. This is a live search link, not one fixed vacancy."
job-00620,Digital Transformation Manager — RemoteOK Live Search,Africa Remote,Live Job Search,Africa Remote,Live / varies,Possibly Available,,2026-07-20,Platform-Indexed Vacancy,B,61,https://remoteok.com/remote-digital-transformation-manager-jobs,"Global remote live-search pack. This is a live search link, not one fixed vacancy."
job-00621,Digital Transformation Manager — RemoteOK Live Search,Middle East Remote,Live Job Search,Middle East Remote,Live / varies,Possibly Available,,2026-07-20,Platform-Indexed Vacancy,B,61,https://remoteok.com/remote-digital-transformation-manager-jobs,"Global remote live-search pack. This is a live search link, not one fixed vacancy."
job-00622,Digital Transformation Manager — Wellfound Live Search,Worldwide Remote,Live Job Search,Worldwide Remote,Live / varies,Possibly Available,,2026-07-20,Platform-Indexed Vacancy,B,61,https://wellfound.com/jobs?q=Digital+Transformation+Manager&remote=True,"Global remote live-search pack. This is a live search link, not one fixed vacancy."
job-00623,Digital Transformation Manager — Wellfound Live Search,EMEA Remote,Live Job Search,EMEA Remote,Live / varies,Possibly Available,,2026-07-20,Platform-Indexed Vacancy,B,61,https://wellfound.com/jobs?q=Digital+Transformation+Manager&remote=True,"Global remote live-search pack. This is a live search link, not one fixed vacancy."
job-00624,Digital Transformation Manager — Wellfound Live Search,Africa Remote,Live Job Search,Africa Remote,Live / varies,Possibly Available,,2026-07-20,Platform-Indexed Vacancy,B,61,https://wellfound.com/jobs?q=Digital+Transformation+Manager&remote=True,"Global remote live-search pack. This is a live search link, not one fixed vacancy."
job-00625,Digital Transformation Manager — Wellfound Live Search,Middle East Remote,Live Job Search,Middle East Remote,Live / varies,Possibly Available,,2026-07-20,Platform-Indexed Vacancy,B,61,https://wellfound.com/jobs?q=Digital+Transformation+Manager&remote=True,"Global remote live-search pack. This is a live search link, not one fixed vacancy."
job-00626,Digital Transformation Manager — WeWorkRemotely Live Search,Worldwide Remote,Live Job Search,Worldwide Remote,Live / varies,Possibly Available,,2026-07-20,Platform-Indexed Vacancy,B,61,https://weworkremotely.com/remote-jobs/search?term=Digital+Transformation+Manager,"Global remote live-search pack. This is a live search link, not one fixed vacancy."
job-00627,Digital Transformation Manager — WeWorkRemotely Live Search,EMEA Remote,Live Job Search,EMEA Remote,Live / varies,Possibly Available,,2026-07-20,Platform-Indexed Vacancy,B,61,https://weworkremotely.com/remote-jobs/search?term=Digital+Transformation+Manager,"Global remote live-search pack. This is a live search link, not one fixed vacancy."
job-00628,Digital Transformation Manager — WeWorkRemotely Live Search,Africa Remote,Live Job Search,Africa Remote,Live / varies,Possibly Available,,2026-07-20,Platform-Indexed Vacancy,B,61,https://weworkremotely.com/remote-jobs/search?term=Digital+Transformation+Manager,"Global remote live-search pack. This is a live search link, not one fixed vacancy."
job-00629,Digital Transformation Manager — WeWorkRemotely Live Search,Middle East Remote,Live Job Search,Middle East Remote,Live / varies,Possibly Available,,2026-07-20,Platform-Indexed Vacancy,B,61,https://weworkremotely.com/remote-jobs/search?term=Digital+Transformation+Manager,"Global remote live-search pack. This is a live search link, not one fixed vacancy."
job-00630,Enterprise Applications Manager — Bayt Live Search,Saudi Arabia,Live Job Search,Saudi Arabia,Live / varies,Possibly Available,,2026-07-20,Platform-Indexed Vacancy,B,61,https://www.bayt.com/en/saudi-arabia/jobs/Enterprise%20Applications%20Manager-jobs/,"GCC live-search pack. This is a live search link, not one fixed vacancy."
job-00631,Enterprise Applications Manager — Bayt Live Search,United Arab Emirates,Live Job Search,United Arab Emirates,Live / varies,Possibly Available,,2026-07-20,Platform-Indexed Vacancy,B,61,https://www.bayt.com/en/united-arab-emirates/jobs/Enterprise%20Applications%20Manager-jobs/,"GCC live-search pack. This is a live search link, not one fixed vacancy."
job-00632,Enterprise Applications Manager — Bayt Live Search,Qatar,Live Job Search,Qatar,Live / varies,Possibly Available,,2026-07-20,Platform-Indexed Vacancy,B,61,https://www.bayt.com/en/qatar/jobs/Enterprise%20Applications%20Manager-jobs/,"GCC live-search pack. This is a live search link, not one fixed vacancy."
job-00633,Enterprise Applications Manager — Bayt Live Search,Kuwait,Live Job Search,Kuwait,Live / varies,Possibly Available,,2026-07-20,Platform-Indexed Vacancy,B,61,https://www.bayt.com/en/kuwait/jobs/Enterprise%20Applications%20Manager-jobs/,"GCC live-search pack. This is a live search link, not one fixed vacancy."
job-00634,Enterprise Applications Manager — Bayt Live Search,Oman,Live Job Search,Oman,Live / varies,Possibly Available,,2026-07-20,Platform-Indexed Vacancy,B,61,https://www.bayt.com/en/oman/jobs/Enterprise%20Applications%20Manager-jobs/,"GCC live-search pack. This is a live search link, not one fixed vacancy."
job-00635,Enterprise Applications Manager — Bayt Live Search,Bahrain,Live Job Search,Bahrain,Live / varies,Possibly Available,,2026-07-20,Platform-Indexed Vacancy,B,61,https://www.bayt.com/en/bahrain/jobs/Enterprise%20Applications%20Manager-jobs/,"GCC live-search pack. This is a live search link, not one fixed vacancy."
job-00636,Enterprise Applications Manager — GulfTalent Live Search,Saudi Arabia,Live Job Search,Saudi Arabia,Live / varies,Possibly Available,,2026-07-20,Platform-Indexed Vacancy,B,61,https://www.gulftalent.com/jobs?keywords=Enterprise+Applications+Manager,"GCC live-search pack. This is a live search link, not one fixed vacancy."
job-00637,Enterprise Applications Manager — GulfTalent Live Search,United Arab Emirates,Live Job Search,United Arab Emirates,Live / varies,Possibly Available,,2026-07-20,Platform-Indexed Vacancy,B,61,https://www.gulftalent.com/jobs?keywords=Enterprise+Applications+Manager,"GCC live-search pack. This is a live search link, not one fixed vacancy."
job-00638,Enterprise Applications Manager — GulfTalent Live Search,Qatar,Live Job Search,Qatar,Live / varies,Possibly Available,,2026-07-20,Platform-Indexed Vacancy,B,61,https://www.gulftalent.com/jobs?keywords=Enterprise+Applications+Manager,"GCC live-search pack. This is a live search link, not one fixed vacancy."
job-00639,Enterprise Applications Manager — GulfTalent Live Search,Kuwait,Live Job Search,Kuwait,Live / varies,Possibly Available,,2026-07-20,Platform-Indexed Vacancy,B,61,https://www.gulftalent.com/jobs?keywords=Enterprise+Applications+Manager,"GCC live-search pack. This is a live search link, not one fixed vacancy."
job-00640,Enterprise Applications Manager — GulfTalent Live Search,Oman,Live Job Search,Oman,Live / varies,Possibly Available,,2026-07-20,Platform-Indexed Vacancy,B,61,https://www.gulftalent.com/jobs?keywords=Enterprise+Applications+Manager,"GCC live-search pack. This is a live search link, not one fixed vacancy."
job-00641,Enterprise Applications Manager — GulfTalent Live Search,Bahrain,Live Job Search,Bahrain,Live / varies,Possibly Available,,2026-07-20,Platform-Indexed Vacancy,B,61,https://www.gulftalent.com/jobs?keywords=Enterprise+Applications+Manager,"GCC live-search pack. This is a live search link, not one fixed vacancy."
job-00642,Enterprise Applications Manager — LinkedIn Live Search,Saudi Arabia,Live Job Search,Saudi Arabia,Live / varies,Possibly Available,,2026-07-20,Platform-Indexed Vacancy,B,61,https://www.linkedin.com/jobs/search/?keywords=Enterprise+Applications+Manager&sortBy=DD&location=Saudi+Arabia,"GCC live-search pack. This is a live search link, not one fixed vacancy."
job-00643,Enterprise Applications Manager — LinkedIn Live Search,United Arab Emirates,Live Job Search,United Arab Emirates,Live / varies,Possibly Available,,2026-07-20,Platform-Indexed Vacancy,B,61,https://www.linkedin.com/jobs/search/?keywords=Enterprise+Applications+Manager&sortBy=DD&location=United+Arab+Emirates,"GCC live-search pack. This is a live search link, not one fixed vacancy."
job-00644,Enterprise Applications Manager — LinkedIn Live Search,Qatar,Live Job Search,Qatar,Live / varies,Possibly Available,,2026-07-20,Platform-Indexed Vacancy,B,61,https://www.linkedin.com/jobs/search/?keywords=Enterprise+Applications+Manager&sortBy=DD&location=Qatar,"GCC live-search pack. This is a live search link, not one fixed vacancy."
job-00645,Enterprise Applications Manager — LinkedIn Live Search,Kuwait,Live Job Search,Kuwait,Live / varies,Possibly Available,,2026-07-20,Platform-Indexed Vacancy,B,61,https://www.linkedin.com/jobs/search/?keywords=Enterprise+Applications+Manager&sortBy=DD&location=Kuwait,"GCC live-search pack. This is a live search link, not one fixed vacancy."
job-00646,Enterprise Applications Manager — LinkedIn Live Search,Oman,Live Job Search,Oman,Live / varies,Possibly Available,,2026-07-20,Platform-Indexed Vacancy,B,61,https://www.linkedin.com/jobs/search/?keywords=Enterprise+Applications+Manager&sortBy=DD&location=Oman,"GCC live-search pack. This is a live search link, not one fixed vacancy."
job-00647,Enterprise Applications Manager — LinkedIn Live Search,Bahrain,Live Job Search,Bahrain,Live / varies,Possibly Available,,2026-07-20,Platform-Indexed Vacancy,B,61,https://www.linkedin.com/jobs/search/?keywords=Enterprise+Applications+Manager&sortBy=DD&location=Bahrain,"GCC live-search pack. This is a live search link, not one fixed vacancy."
job-00648,ERP Program Manager — Google Live Search,Kenya,Live Job Search,Kenya,Live / varies,Possibly Available,,2026-07-20,Platform-Indexed Vacancy,B,61,https://www.google.com/search?q=Kenya+ERP+Program+Manager+jobs+posted+this+week,"Africa live-search pack. This is a live search link, not one fixed vacancy."
job-00649,ERP Program Manager — Google Live Search,Nigeria,Live Job Search,Nigeria,Live / varies,Possibly Available,,2026-07-20,Platform-Indexed Vacancy,B,61,https://www.google.com/search?q=Nigeria+ERP+Program+Manager+jobs+posted+this+week,"Africa live-search pack. This is a live search link, not one fixed vacancy."
job-00650,ERP Program Manager — Google Live Search,Ghana,Live Job Search,Ghana,Live / varies,Possibly Available,,2026-07-20,Platform-Indexed Vacancy,B,61,https://www.google.com/search?q=Ghana+ERP+Program+Manager+jobs+posted+this+week,"Africa live-search pack. This is a live search link, not one fixed vacancy."
job-00651,ERP Program Manager — Google Live Search,South Africa,Live Job Search,South Africa,Live / varies,Possibly Available,,2026-07-20,Platform-Indexed Vacancy,B,61,https://www.google.com/search?q=South+Africa+ERP+Program+Manager+jobs+posted+this+week,"Africa live-search pack. This is a live search link, not one fixed vacancy."
job-00652,ERP Program Manager — Google Live Search,Rwanda,Live Job Search,Rwanda,Live / varies,Possibly Available,,2026-07-20,Platform-Indexed Vacancy,B,61,https://www.google.com/search?q=Rwanda+ERP+Program+Manager+jobs+posted+this+week,"Africa live-search pack. This is a live search link, not one fixed vacancy."
job-00653,ERP Program Manager — Google Live Search,Uganda,Live Job Search,Uganda,Live / varies,Possibly Available,,2026-07-20,Platform-Indexed Vacancy,B,61,https://www.google.com/search?q=Uganda+ERP+Program+Manager+jobs+posted+this+week,"Africa live-search pack. This is a live search link, not one fixed vacancy."
job-00654,ERP Program Manager — Google Live Search,Tanzania,Live Job Search,Tanzania,Live / varies,Possibly Available,,2026-07-20,Platform-Indexed Vacancy,B,61,https://www.google.com/search?q=Tanzania+ERP+Program+Manager+jobs+posted+this+week,"Africa live-search pack. This is a live search link, not one fixed vacancy."
job-00655,ERP Program Manager — Google Live Search,Ethiopia,Live Job Search,Ethiopia,Live / varies,Possibly Available,,2026-07-20,Platform-Indexed Vacancy,B,61,https://www.google.com/search?q=Ethiopia+ERP+Program+Manager+jobs+posted+this+week,"Africa live-search pack. This is a live search link, not one fixed vacancy."
job-00656,ERP Program Manager — LinkedIn Live Search,Kenya,Live Job Search,Kenya,Live / varies,Possibly Available,,2026-07-20,Platform-Indexed Vacancy,B,61,https://www.linkedin.com/jobs/search/?keywords=ERP+Program+Manager&sortBy=DD&location=Kenya,"Africa live-search pack. This is a live search link, not one fixed vacancy."
job-00657,ERP Program Manager — LinkedIn Live Search,Nigeria,Live Job Search,Nigeria,Live / varies,Possibly Available,,2026-07-20,Platform-Indexed Vacancy,B,61,https://www.linkedin.com/jobs/search/?keywords=ERP+Program+Manager&sortBy=DD&location=Nigeria,"Africa live-search pack. This is a live search link, not one fixed vacancy."
job-00658,ERP Program Manager — LinkedIn Live Search,Ghana,Live Job Search,Ghana,Live / varies,Possibly Available,,2026-07-20,Platform-Indexed Vacancy,B,61,https://www.linkedin.com/jobs/search/?keywords=ERP+Program+Manager&sortBy=DD&location=Ghana,"Africa live-search pack. This is a live search link, not one fixed vacancy."
job-00659,ERP Program Manager — LinkedIn Live Search,South Africa,Live Job Search,South Africa,Live / varies,Possibly Available,,2026-07-20,Platform-Indexed Vacancy,B,61,https://www.linkedin.com/jobs/search/?keywords=ERP+Program+Manager&sortBy=DD&location=South+Africa,"Africa live-search pack. This is a live search link, not one fixed vacancy."
job-00660,ERP Program Manager — LinkedIn Live Search,Rwanda,Live Job Search,Rwanda,Live / varies,Possibly Available,,2026-07-20,Platform-Indexed Vacancy,B,61,https://www.linkedin.com/jobs/search/?keywords=ERP+Program+Manager&sortBy=DD&location=Rwanda,"Africa live-search pack. This is a live search link, not one fixed vacancy."
job-00661,ERP Program Manager — LinkedIn Live Search,Uganda,Live Job Search,Uganda,Live / varies,Possibly Available,,2026-07-20,Platform-Indexed Vacancy,B,61,https://www.linkedin.com/jobs/search/?keywords=ERP+Program+Manager&sortBy=DD&location=Uganda,"Africa live-search pack. This is a live search link, not one fixed vacancy."
job-00662,ERP Program Manager — LinkedIn Live Search,Tanzania,Live Job Search,Tanzania,Live / varies,Possibly Available,,2026-07-20,Platform-Indexed Vacancy,B,61,https://www.linkedin.com/jobs/search/?keywords=ERP+Program+Manager&sortBy=DD&location=Tanzania,"Africa live-search pack. This is a live search link, not one fixed vacancy."
job-00663,ERP Program Manager — LinkedIn Live Search,Ethiopia,Live Job Search,Ethiopia,Live / varies,Possibly Available,,2026-07-20,Platform-Indexed Vacancy,B,61,https://www.linkedin.com/jobs/search/?keywords=ERP+Program+Manager&sortBy=DD&location=Ethiopia,"Africa live-search pack. This is a live search link, not one fixed vacancy."
job-00664,Head of A2R Greater Gulf and Tax Compliance,Sanofi,Digital Transformation & Strategy,Saudi Arabia,Riyadh,Expired,,2026-07-20,Platform-Indexed Vacancy,B,61,https://jobs.sanofi.com/en/job/riyadh/head-of-a2r-greater-gulf-and-tax-compliance/2649/41324693824,Verify eligibility
job-00665,Head of Data & Analytics,Millar Cameron client,Data & Governance,Kenya,Nairobi,Possibly Available,2026-07-06,2026-07-20,Platform-Indexed Vacancy,B,61,https://ke.linkedin.com/jobs/digital-transformation-jobs,"Verify eligibility, deadline and work authorization on the linked source before applying."
job-00666,Head of Digital Transformation & Technology,Al Ansari,Digital Transformation & Strategy,Oman,Muscat,Expired,2026-07-20,2026-07-20,Platform-Indexed Vacancy,B,61,https://om.linkedin.com/jobs/view/head-of-digital-transformation-technology-at-al-ansari-4280662485,Executive leadership
job-00667,Healthcare IT Manager — Google Live Search,Kenya,Live Job Search,Kenya,Live / varies,Possibly Available,,2026-07-20,Platform-Indexed Vacancy,B,61,https://www.google.com/search?q=Kenya+Healthcare+IT+Manager+jobs+posted+this+week,"Africa live-search pack. This is a live search link, not one fixed vacancy."
job-00668,Healthcare IT Manager — Google Live Search,Nigeria,Live Job Search,Nigeria,Live / varies,Possibly Available,,2026-07-20,Platform-Indexed Vacancy,B,61,https://www.google.com/search?q=Nigeria+Healthcare+IT+Manager+jobs+posted+this+week,"Africa live-search pack. This is a live search link, not one fixed vacancy."
job-00669,Healthcare IT Manager — Google Live Search,Ghana,Live Job Search,Ghana,Live / varies,Possibly Available,,2026-07-20,Platform-Indexed Vacancy,B,61,https://www.google.com/search?q=Ghana+Healthcare+IT+Manager+jobs+posted+this+week,"Africa live-search pack. This is a live search link, not one fixed vacancy."
job-00670,Healthcare IT Manager — Google Live Search,South Africa,Live Job Search,South Africa,Live / varies,Possibly Available,,2026-07-20,Platform-Indexed Vacancy,B,61,https://www.google.com/search?q=South+Africa+Healthcare+IT+Manager+jobs+posted+this+week,"Africa live-search pack. This is a live search link, not one fixed vacancy."
job-00671,Healthcare IT Manager — Google Live Search,Rwanda,Live Job Search,Rwanda,Live / varies,Possibly Available,,2026-07-20,Platform-Indexed Vacancy,B,61,https://www.google.com/search?q=Rwanda+Healthcare+IT+Manager+jobs+posted+this+week,"Africa live-search pack. This is a live search link, not one fixed vacancy."
job-00672,Healthcare IT Manager — Google Live Search,Uganda,Live Job Search,Uganda,Live / varies,Possibly Available,,2026-07-20,Platform-Indexed Vacancy,B,61,https://www.google.com/search?q=Uganda+Healthcare+IT+Manager+jobs+posted+this+week,"Africa live-search pack. This is a live search link, not one fixed vacancy."
job-00673,Healthcare IT Manager — Google Live Search,Tanzania,Live Job Search,Tanzania,Live / varies,Possibly Available,,2026-07-20,Platform-Indexed Vacancy,B,61,https://www.google.com/search?q=Tanzania+Healthcare+IT+Manager+jobs+posted+this+week,"Africa live-search pack. This is a live search link, not one fixed vacancy."
job-00674,Healthcare IT Manager — Google Live Search,Ethiopia,Live Job Search,Ethiopia,Live / varies,Possibly Available,,2026-07-20,Platform-Indexed Vacancy,B,61,https://www.google.com/search?q=Ethiopia+Healthcare+IT+Manager+jobs+posted+this+week,"Africa live-search pack. This is a live search link, not one fixed vacancy."
job-00675,Healthcare IT Manager — LinkedIn Live Search,Kenya,Live Job Search,Kenya,Live / varies,Possibly Available,,2026-07-20,Platform-Indexed Vacancy,B,61,https://www.linkedin.com/jobs/search/?keywords=Healthcare+IT+Manager&sortBy=DD&location=Kenya,"Africa live-search pack. This is a live search link, not one fixed vacancy."
job-00676,Healthcare IT Manager — LinkedIn Live Search,Nigeria,Live Job Search,Nigeria,Live / varies,Possibly Available,,2026-07-20,Platform-Indexed Vacancy,B,61,https://www.linkedin.com/jobs/search/?keywords=Healthcare+IT+Manager&sortBy=DD&location=Nigeria,"Africa live-search pack. This is a live search link, not one fixed vacancy."
job-00677,Healthcare IT Manager — LinkedIn Live Search,Ghana,Live Job Search,Ghana,Live / varies,Possibly Available,,2026-07-20,Platform-Indexed Vacancy,B,61,https://www.linkedin.com/jobs/search/?keywords=Healthcare+IT+Manager&sortBy=DD&location=Ghana,"Africa live-search pack. This is a live search link, not one fixed vacancy."
job-00678,Healthcare IT Manager — LinkedIn Live Search,South Africa,Live Job Search,South Africa,Live / varies,Possibly Available,,2026-07-20,Platform-Indexed Vacancy,B,61,https://www.linkedin.com/jobs/search/?keywords=Healthcare+IT+Manager&sortBy=DD&location=South+Africa,"Africa live-search pack. This is a live search link, not one fixed vacancy."
job-00679,Healthcare IT Manager — LinkedIn Live Search,Rwanda,Live Job Search,Rwanda,Live / varies,Possibly Available,,2026-07-20,Platform-Indexed Vacancy,B,61,https://www.linkedin.com/jobs/search/?keywords=Healthcare+IT+Manager&sortBy=DD&location=Rwanda,"Africa live-search pack. This is a live search link, not one fixed vacancy."
job-00680,Healthcare IT Manager — LinkedIn Live Search,Uganda,Live Job Search,Uganda,Live / varies,Possibly Available,,2026-07-20,Platform-Indexed Vacancy,B,61,https://www.linkedin.com/jobs/search/?keywords=Healthcare+IT+Manager&sortBy=DD&location=Uganda,"Africa live-search pack. This is a live search link, not one fixed vacancy."
job-00681,Healthcare IT Manager — LinkedIn Live Search,Tanzania,Live Job Search,Tanzania,Live / varies,Possibly Available,,2026-07-20,Platform-Indexed Vacancy,B,61,https://www.linkedin.com/jobs/search/?keywords=Healthcare+IT+Manager&sortBy=DD&location=Tanzania,"Africa live-search pack. This is a live search link, not one fixed vacancy."
job-00682,Healthcare IT Manager — LinkedIn Live Search,Ethiopia,Live Job Search,Ethiopia,Live / varies,Possibly Available,,2026-07-20,Platform-Indexed Vacancy,B,61,https://www.linkedin.com/jobs/search/?keywords=Healthcare+IT+Manager&sortBy=DD&location=Ethiopia,"Africa live-search pack. This is a live search link, not one fixed vacancy."
job-00683,Healthcare Nutrition Specialist - Riyadh,Danone,Healthcare IT & Digital Health,Saudi Arabia,Riyadh,Expired,,2026-07-20,Platform-Indexed Vacancy,B,61,https://sa.linkedin.com/jobs/view/healthcare-nutrition-specialist-riyadh-at-danone-4439752427,Verify eligibility
job-00684,Healthcare Relations Consultant,Docspert Health,Healthcare IT & Digital Health,Saudi Arabia,Western Region,Expired,,2026-07-20,Platform-Indexed Vacancy,B,61,https://sa.linkedin.com/jobs/view/healthcare-relations-consultant-at-docspert-health-4431922581,Strong local healthcare network required
job-00685,Integration Architect — Google Live Search,Kenya,Live Job Search,Kenya,Live / varies,Possibly Available,,2026-07-20,Platform-Indexed Vacancy,B,61,https://www.google.com/search?q=Kenya+Integration+Architect+jobs+posted+this+week,"Africa live-search pack. This is a live search link, not one fixed vacancy."
job-00686,Integration Architect — Google Live Search,Nigeria,Live Job Search,Nigeria,Live / varies,Possibly Available,,2026-07-20,Platform-Indexed Vacancy,B,61,https://www.google.com/search?q=Nigeria+Integration+Architect+jobs+posted+this+week,"Africa live-search pack. This is a live search link, not one fixed vacancy."
job-00687,Integration Architect — Google Live Search,Ghana,Live Job Search,Ghana,Live / varies,Possibly Available,,2026-07-20,Platform-Indexed Vacancy,B,61,https://www.google.com/search?q=Ghana+Integration+Architect+jobs+posted+this+week,"Africa live-search pack. This is a live search link, not one fixed vacancy."
job-00688,Integration Architect — Google Live Search,South Africa,Live Job Search,South Africa,Live / varies,Possibly Available,,2026-07-20,Platform-Indexed Vacancy,B,61,https://www.google.com/search?q=South+Africa+Integration+Architect+jobs+posted+this+week,"Africa live-search pack. This is a live search link, not one fixed vacancy."
job-00689,Integration Architect — Google Live Search,Rwanda,Live Job Search,Rwanda,Live / varies,Possibly Available,,2026-07-20,Platform-Indexed Vacancy,B,61,https://www.google.com/search?q=Rwanda+Integration+Architect+jobs+posted+this+week,"Africa live-search pack. This is a live search link, not one fixed vacancy."
job-00690,Integration Architect — Google Live Search,Uganda,Live Job Search,Uganda,Live / varies,Possibly Available,,2026-07-20,Platform-Indexed Vacancy,B,61,https://www.google.com/search?q=Uganda+Integration+Architect+jobs+posted+this+week,"Africa live-search pack. This is a live search link, not one fixed vacancy."
job-00691,Integration Architect — Google Live Search,Tanzania,Live Job Search,Tanzania,Live / varies,Possibly Available,,2026-07-20,Platform-Indexed Vacancy,B,61,https://www.google.com/search?q=Tanzania+Integration+Architect+jobs+posted+this+week,"Africa live-search pack. This is a live search link, not one fixed vacancy."
job-00692,Integration Architect — Google Live Search,Ethiopia,Live Job Search,Ethiopia,Live / varies,Possibly Available,,2026-07-20,Platform-Indexed Vacancy,B,61,https://www.google.com/search?q=Ethiopia+Integration+Architect+jobs+posted+this+week,"Africa live-search pack. This is a live search link, not one fixed vacancy."
job-00693,Integration Architect — LinkedIn Live Search,Kenya,Live Job Search,Kenya,Live / varies,Possibly Available,,2026-07-20,Platform-Indexed Vacancy,B,61,https://www.linkedin.com/jobs/search/?keywords=Integration+Architect&sortBy=DD&location=Kenya,"Africa live-search pack. This is a live search link, not one fixed vacancy."
job-00694,Integration Architect — LinkedIn Live Search,Nigeria,Live Job Search,Nigeria,Live / varies,Possibly Available,,2026-07-20,Platform-Indexed Vacancy,B,61,https://www.linkedin.com/jobs/search/?keywords=Integration+Architect&sortBy=DD&location=Nigeria,"Africa live-search pack. This is a live search link, not one fixed vacancy."
job-00695,Integration Architect — LinkedIn Live Search,Ghana,Live Job Search,Ghana,Live / varies,Possibly Available,,2026-07-20,Platform-Indexed Vacancy,B,61,https://www.linkedin.com/jobs/search/?keywords=Integration+Architect&sortBy=DD&location=Ghana,"Africa live-search pack. This is a live search link, not one fixed vacancy."
job-00696,Integration Architect — LinkedIn Live Search,South Africa,Live Job Search,South Africa,Live / varies,Possibly Available,,2026-07-20,Platform-Indexed Vacancy,B,61,https://www.linkedin.com/jobs/search/?keywords=Integration+Architect&sortBy=DD&location=South+Africa,"Africa live-search pack. This is a live search link, not one fixed vacancy."
job-00697,Integration Architect — LinkedIn Live Search,Rwanda,Live Job Search,Rwanda,Live / varies,Possibly Available,,2026-07-20,Platform-Indexed Vacancy,B,61,https://www.linkedin.com/jobs/search/?keywords=Integration+Architect&sortBy=DD&location=Rwanda,"Africa live-search pack. This is a live search link, not one fixed vacancy."
job-00698,Integration Architect — LinkedIn Live Search,Uganda,Live Job Search,Uganda,Live / varies,Possibly Available,,2026-07-20,Platform-Indexed Vacancy,B,61,https://www.linkedin.com/jobs/search/?keywords=Integration+Architect&sortBy=DD&location=Uganda,"Africa live-search pack. This is a live search link, not one fixed vacancy."
job-00699,Integration Architect — LinkedIn Live Search,Tanzania,Live Job Search,Tanzania,Live / varies,Possibly Available,,2026-07-20,Platform-Indexed Vacancy,B,61,https://www.linkedin.com/jobs/search/?keywords=Integration+Architect&sortBy=DD&location=Tanzania,"Africa live-search pack. This is a live search link, not one fixed vacancy."
job-00700,Integration Architect — LinkedIn Live Search,Ethiopia,Live Job Search,Ethiopia,Live / varies,Possibly Available,,2026-07-20,Platform-Indexed Vacancy,B,61,https://www.linkedin.com/jobs/search/?keywords=Integration+Architect&sortBy=DD&location=Ethiopia,"Africa live-search pack. This is a live search link, not one fixed vacancy."
job-00701,IT & Digital Transformation Manager,Swan Global,Digital Transformation & Strategy,Qatar,Doha,Expired,,2026-07-20,Platform-Indexed Vacancy,B,61,https://qa.linkedin.com/jobs/view/it-digital-transformation-manager-at-swan-global-4433961440,Verify eligibility
job-00702,IT Lead - Point of Sales,Alghanim Industries,Enterprise Applications & Software,Kuwait,Kuwait,Expired,2026-07-20,2026-07-20,Platform-Indexed Vacancy,B,61,https://www.linkedin.com/jobs/view/4336792254/,POS experience preferred
job-00703,IT Manager / Digital Transformation Manager,Ignite Search and Selection,Digital Transformation & Strategy,Qatar,Doha,Expired,,2026-07-20,Platform-Indexed Vacancy,B,61,https://qa.linkedin.com/jobs/view/it-manager-digital-transformation-manager-at-ignite-search-and-selection-4436626208,Client requirements apply
job-00704,IT Strategy Manager — Bayt Live Search,Saudi Arabia,Live Job Search,Saudi Arabia,Live / varies,Possibly Available,,2026-07-20,Platform-Indexed Vacancy,B,61,https://www.bayt.com/en/saudi-arabia/jobs/IT%20Strategy%20Manager-jobs/,"GCC live-search pack. This is a live search link, not one fixed vacancy."
job-00705,IT Strategy Manager — Bayt Live Search,United Arab Emirates,Live Job Search,United Arab Emirates,Live / varies,Possibly Available,,2026-07-20,Platform-Indexed Vacancy,B,61,https://www.bayt.com/en/united-arab-emirates/jobs/IT%20Strategy%20Manager-jobs/,"GCC live-search pack. This is a live search link, not one fixed vacancy."
job-00706,IT Strategy Manager — Bayt Live Search,Qatar,Live Job Search,Qatar,Live / varies,Possibly Available,,2026-07-20,Platform-Indexed Vacancy,B,61,https://www.bayt.com/en/qatar/jobs/IT%20Strategy%20Manager-jobs/,"GCC live-search pack. This is a live search link, not one fixed vacancy."
job-00707,IT Strategy Manager — Bayt Live Search,Kuwait,Live Job Search,Kuwait,Live / varies,Possibly Available,,2026-07-20,Platform-Indexed Vacancy,B,61,https://www.bayt.com/en/kuwait/jobs/IT%20Strategy%20Manager-jobs/,"GCC live-search pack. This is a live search link, not one fixed vacancy."
job-00708,IT Strategy Manager — Bayt Live Search,Oman,Live Job Search,Oman,Live / varies,Possibly Available,,2026-07-20,Platform-Indexed Vacancy,B,61,https://www.bayt.com/en/oman/jobs/IT%20Strategy%20Manager-jobs/,"GCC live-search pack. This is a live search link, not one fixed vacancy."
job-00709,IT Strategy Manager — Bayt Live Search,Bahrain,Live Job Search,Bahrain,Live / varies,Possibly Available,,2026-07-20,Platform-Indexed Vacancy,B,61,https://www.bayt.com/en/bahrain/jobs/IT%20Strategy%20Manager-jobs/,"GCC live-search pack. This is a live search link, not one fixed vacancy."
job-00710,IT Strategy Manager — GulfTalent Live Search,Saudi Arabia,Live Job Search,Saudi Arabia,Live / varies,Possibly Available,,2026-07-20,Platform-Indexed Vacancy,B,61,https://www.gulftalent.com/jobs?keywords=IT+Strategy+Manager,"GCC live-search pack. This is a live search link, not one fixed vacancy."
job-00711,IT Strategy Manager — GulfTalent Live Search,United Arab Emirates,Live Job Search,United Arab Emirates,Live / varies,Possibly Available,,2026-07-20,Platform-Indexed Vacancy,B,61,https://www.gulftalent.com/jobs?keywords=IT+Strategy+Manager,"GCC live-search pack. This is a live search link, not one fixed vacancy."
job-00712,IT Strategy Manager — GulfTalent Live Search,Qatar,Live Job Search,Qatar,Live / varies,Possibly Available,,2026-07-20,Platform-Indexed Vacancy,B,61,https://www.gulftalent.com/jobs?keywords=IT+Strategy+Manager,"GCC live-search pack. This is a live search link, not one fixed vacancy."
job-00713,IT Strategy Manager — GulfTalent Live Search,Kuwait,Live Job Search,Kuwait,Live / varies,Possibly Available,,2026-07-20,Platform-Indexed Vacancy,B,61,https://www.gulftalent.com/jobs?keywords=IT+Strategy+Manager,"GCC live-search pack. This is a live search link, not one fixed vacancy."
job-00714,IT Strategy Manager — GulfTalent Live Search,Oman,Live Job Search,Oman,Live / varies,Possibly Available,,2026-07-20,Platform-Indexed Vacancy,B,61,https://www.gulftalent.com/jobs?keywords=IT+Strategy+Manager,"GCC live-search pack. This is a live search link, not one fixed vacancy."
job-00715,IT Strategy Manager — GulfTalent Live Search,Bahrain,Live Job Search,Bahrain,Live / varies,Possibly Available,,2026-07-20,Platform-Indexed Vacancy,B,61,https://www.gulftalent.com/jobs?keywords=IT+Strategy+Manager,"GCC live-search pack. This is a live search link, not one fixed vacancy."
job-00716,IT Strategy Manager — LinkedIn Live Search,Saudi Arabia,Live Job Search,Saudi Arabia,Live / varies,Possibly Available,,2026-07-20,Platform-Indexed Vacancy,B,61,https://www.linkedin.com/jobs/search/?keywords=IT+Strategy+Manager&sortBy=DD&location=Saudi+Arabia,"GCC live-search pack. This is a live search link, not one fixed vacancy."
job-00717,IT Strategy Manager — LinkedIn Live Search,United Arab Emirates,Live Job Search,United Arab Emirates,Live / varies,Possibly Available,,2026-07-20,Platform-Indexed Vacancy,B,61,https://www.linkedin.com/jobs/search/?keywords=IT+Strategy+Manager&sortBy=DD&location=United+Arab+Emirates,"GCC live-search pack. This is a live search link, not one fixed vacancy."
job-00718,IT Strategy Manager — LinkedIn Live Search,Qatar,Live Job Search,Qatar,Live / varies,Possibly Available,,2026-07-20,Platform-Indexed Vacancy,B,61,https://www.linkedin.com/jobs/search/?keywords=IT+Strategy+Manager&sortBy=DD&location=Qatar,"GCC live-search pack. This is a live search link, not one fixed vacancy."
job-00719,IT Strategy Manager — LinkedIn Live Search,Kuwait,Live Job Search,Kuwait,Live / varies,Possibly Available,,2026-07-20,Platform-Indexed Vacancy,B,61,https://www.linkedin.com/jobs/search/?keywords=IT+Strategy+Manager&sortBy=DD&location=Kuwait,"GCC live-search pack. This is a live search link, not one fixed vacancy."
job-00720,IT Strategy Manager — LinkedIn Live Search,Oman,Live Job Search,Oman,Live / varies,Possibly Available,,2026-07-20,Platform-Indexed Vacancy,B,61,https://www.linkedin.com/jobs/search/?keywords=IT+Strategy+Manager&sortBy=DD&location=Oman,"GCC live-search pack. This is a live search link, not one fixed vacancy."
job-00721,IT Strategy Manager — LinkedIn Live Search,Bahrain,Live Job Search,Bahrain,Live / varies,Possibly Available,,2026-07-20,Platform-Indexed Vacancy,B,61,https://www.linkedin.com/jobs/search/?keywords=IT+Strategy+Manager&sortBy=DD&location=Bahrain,"GCC live-search pack. This is a live search link, not one fixed vacancy."
job-00722,IT Strategy Manager — LinkedIn Live Search,Worldwide Remote,Live Job Search,Worldwide Remote,Live / varies,Possibly Available,,2026-07-20,Platform-Indexed Vacancy,B,61,https://www.linkedin.com/jobs/search/?keywords=IT+Strategy+Manager&sortBy=DD&location=Worldwide+Remote,"Global remote live-search pack. This is a live search link, not one fixed vacancy."
job-00723,IT Strategy Manager — LinkedIn Live Search,EMEA Remote,Live Job Search,EMEA Remote,Live / varies,Possibly Available,,2026-07-20,Platform-Indexed Vacancy,B,61,https://www.linkedin.com/jobs/search/?keywords=IT+Strategy+Manager&sortBy=DD&location=EMEA+Remote,"Global remote live-search pack. This is a live search link, not one fixed vacancy."
job-00724,IT Strategy Manager — LinkedIn Live Search,Africa Remote,Live Job Search,Africa Remote,Live / varies,Possibly Available,,2026-07-20,Platform-Indexed Vacancy,B,61,https://www.linkedin.com/jobs/search/?keywords=IT+Strategy+Manager&sortBy=DD&location=Africa+Remote,"Global remote live-search pack. This is a live search link, not one fixed vacancy."
job-00725,IT Strategy Manager — LinkedIn Live Search,Middle East Remote,Live Job Search,Middle East Remote,Live / varies,Possibly Available,,2026-07-20,Platform-Indexed Vacancy,B,61,https://www.linkedin.com/jobs/search/?keywords=IT+Strategy+Manager&sortBy=DD&location=Middle+East+Remote,"Global remote live-search pack. This is a live search link, not one fixed vacancy."
job-00726,IT Strategy Manager — RemoteOK Live Search,Worldwide Remote,Live Job Search,Worldwide Remote,Live / varies,Possibly Available,,2026-07-20,Platform-Indexed Vacancy,B,61,https://remoteok.com/remote-it-strategy-manager-jobs,"Global remote live-search pack. This is a live search link, not one fixed vacancy."
job-00727,IT Strategy Manager — RemoteOK Live Search,EMEA Remote,Live Job Search,EMEA Remote,Live / varies,Possibly Available,,2026-07-20,Platform-Indexed Vacancy,B,61,https://remoteok.com/remote-it-strategy-manager-jobs,"Global remote live-search pack. This is a live search link, not one fixed vacancy."
job-00728,IT Strategy Manager — RemoteOK Live Search,Africa Remote,Live Job Search,Africa Remote,Live / varies,Possibly Available,,2026-07-20,Platform-Indexed Vacancy,B,61,https://remoteok.com/remote-it-strategy-manager-jobs,"Global remote live-search pack. This is a live search link, not one fixed vacancy."
job-00729,IT Strategy Manager — RemoteOK Live Search,Middle East Remote,Live Job Search,Middle East Remote,Live / varies,Possibly Available,,2026-07-20,Platform-Indexed Vacancy,B,61,https://remoteok.com/remote-it-strategy-manager-jobs,"Global remote live-search pack. This is a live search link, not one fixed vacancy."
job-00730,IT Strategy Manager — Wellfound Live Search,Worldwide Remote,Live Job Search,Worldwide Remote,Live / varies,Possibly Available,,2026-07-20,Platform-Indexed Vacancy,B,61,https://wellfound.com/jobs?q=IT+Strategy+Manager&remote=True,"Global remote live-search pack. This is a live search link, not one fixed vacancy."
job-00731,IT Strategy Manager — Wellfound Live Search,EMEA Remote,Live Job Search,EMEA Remote,Live / varies,Possibly Available,,2026-07-20,Platform-Indexed Vacancy,B,61,https://wellfound.com/jobs?q=IT+Strategy+Manager&remote=True,"Global remote live-search pack. This is a live search link, not one fixed vacancy."
job-00732,IT Strategy Manager — Wellfound Live Search,Africa Remote,Live Job Search,Africa Remote,Live / varies,Possibly Available,,2026-07-20,Platform-Indexed Vacancy,B,61,https://wellfound.com/jobs?q=IT+Strategy+Manager&remote=True,"Global remote live-search pack. This is a live search link, not one fixed vacancy."
job-00733,IT Strategy Manager — Wellfound Live Search,Middle East Remote,Live Job Search,Middle East Remote,Live / varies,Possibly Available,,2026-07-20,Platform-Indexed Vacancy,B,61,https://wellfound.com/jobs?q=IT+Strategy+Manager&remote=True,"Global remote live-search pack. This is a live search link, not one fixed vacancy."
job-00734,IT Strategy Manager — WeWorkRemotely Live Search,Worldwide Remote,Live Job Search,Worldwide Remote,Live / varies,Possibly Available,,2026-07-20,Platform-Indexed Vacancy,B,61,https://weworkremotely.com/remote-jobs/search?term=IT+Strategy+Manager,"Global remote live-search pack. This is a live search link, not one fixed vacancy."
job-00735,IT Strategy Manager — WeWorkRemotely Live Search,EMEA Remote,Live Job Search,EMEA Remote,Live / varies,Possibly Available,,2026-07-20,Platform-Indexed Vacancy,B,61,https://weworkremotely.com/remote-jobs/search?term=IT+Strategy+Manager,"Global remote live-search pack. This is a live search link, not one fixed vacancy."
job-00736,IT Strategy Manager — WeWorkRemotely Live Search,Africa Remote,Live Job Search,Africa Remote,Live / varies,Possibly Available,,2026-07-20,Platform-Indexed Vacancy,B,61,https://weworkremotely.com/remote-jobs/search?term=IT+Strategy+Manager,"Global remote live-search pack. This is a live search link, not one fixed vacancy."
job-00737,IT Strategy Manager — WeWorkRemotely Live Search,Middle East Remote,Live Job Search,Middle East Remote,Live / varies,Possibly Available,,2026-07-20,Platform-Indexed Vacancy,B,61,https://weworkremotely.com/remote-jobs/search?term=IT+Strategy+Manager,"Global remote live-search pack. This is a live search link, not one fixed vacancy."
job-00738,Manager - IT Strategy and Planning,Qiddiya,IT Leadership,Saudi Arabia,Riyadh,Possibly Available,2026-07-15,2026-07-20,Platform-Indexed Vacancy,B,61,https://sa.linkedin.com/jobs/digital-transformation-advisor-jobs?countryRedirected=1,"Verify eligibility, deadline and work authorization on the linked source before applying."
job-00739,"Manager, Digital Transformation",Saudia Technic,Digital Transformation & Strategy,Saudi Arabia,Saudi Arabia,Expired,2026-07-20,2026-07-20,Platform-Indexed Vacancy,B,61,https://careers.saudiatechnic.com/en/saudi-arabia/jobs/manager-digital-transformation-1100046035/,Verify eligibility
job-00740,PA and Sales & Operations Support,GE HealthCare,Healthcare IT & Digital Health,United Arab Emirates,Dubai,Expired,,2026-07-20,Platform-Indexed Vacancy,B,61,https://ae.linkedin.com/jobs/view/pa-and-sales-operations-support-at-ge-healthcare-4359735767,Verify listing remains open
job-00741,"Pricing Manager, MENA",Stryker,Digital Transformation & Strategy,Saudi Arabia / UAE,Dubai / Riyadh,Expired,2026-07-20,2026-07-20,Platform-Indexed Vacancy,B,61,https://careers.stryker.com/pricing-manager-mena/job/6D1E7A874D062C514E5E8F5BC3406002,No relocation
job-00742,Principal Smart & Digital Consultant,WSP,Digital Transformation,Saudi Arabia,Riyadh,Possibly Available,2026-07-14,2026-07-20,Platform-Indexed Vacancy,B,61,https://sa.linkedin.com/jobs/senior-manager-consulting-services-jobs?countryRedirected=1,"Verify eligibility, deadline and work authorization on the linked source before applying."
job-00743,Process Improvement Manager,Confidential / Recruitment listing,Digital Transformation & Strategy,Bahrain,Bahrain,Expired,,2026-07-20,Platform-Indexed Vacancy,B,61,https://uk.linkedin.com/jobs/view/d-f-h-d-h-at-ju-cs-it-placements-pg-4431676044,Verify employer and eligibility
job-00744,Product Manager - Digital Identity & AI,Experts Plus Recruitment Services,Digital Transformation & Strategy,United Arab Emirates,Dubai,Expired,,2026-07-20,Platform-Indexed Vacancy,A,61,https://jobs.workable.com/view/6U3b5QxUJvaoisv3KLpadP/product-manager-digital-identity-%26-ai-%28arabic-speaker%29-in-dubai-at-experts-plus-recruitment-services,
job-00745,"Regional Delivery Manager - CIS, Middle East & Africa",Thales,"Program, Project & Delivery Management",United Arab Emirates,Dubai / Regional,Expired,2026-07-20,2026-07-20,Platform-Indexed Vacancy,B,61,https://ae.linkedin.com/jobs/view/regional-delivery-manager-cis-middle-east-africa-cismea-at-thales-4316806318,Regional scope
job-00746,Senior .NET Developer,Emaratech,Enterprise Applications & Software,United Arab Emirates,Dubai,Expired,,2026-07-20,Platform-Indexed Vacancy,A,61,https://jobs.workable.com/view/qfwumSkn4MN1mTFUD54SYW/senior-dot-net-developer-in-dubai-at-emaratech,
job-00747,Senior Presales Digital Transformation Solutions Architect,stc Kuwait,Digital Transformation,Kuwait,Kuwait,Possibly Available,,2026-07-20,Platform-Indexed Vacancy,B,61,https://www.linkedin.com/jobs/view/4427100248/,"Verify eligibility, deadline and work authorization on the linked source before applying."
job-00748,Smart City IT Lead Consultant,JLL,Digital Transformation,Saudi Arabia,Riyadh,Possibly Available,2026-06-29,2026-07-20,Platform-Indexed Vacancy,B,61,https://sa.linkedin.com/jobs/it-leadership-jobs,"Verify eligibility, deadline and work authorization on the linked source before applying."
job-00749,Solution Architect — Bayt Live Search,Saudi Arabia,Live Job Search,Saudi Arabia,Live / varies,Possibly Available,,2026-07-20,Platform-Indexed Vacancy,B,61,https://www.bayt.com/en/saudi-arabia/jobs/Solution%20Architect-jobs/,"GCC live-search pack. This is a live search link, not one fixed vacancy."
job-00750,Solution Architect — Bayt Live Search,United Arab Emirates,Live Job Search,United Arab Emirates,Live / varies,Possibly Available,,2026-07-20,Platform-Indexed Vacancy,B,61,https://www.bayt.com/en/united-arab-emirates/jobs/Solution%20Architect-jobs/,"GCC live-search pack. This is a live search link, not one fixed vacancy."
job-00751,Solution Architect — Bayt Live Search,Qatar,Live Job Search,Qatar,Live / varies,Possibly Available,,2026-07-20,Platform-Indexed Vacancy,B,61,https://www.bayt.com/en/qatar/jobs/Solution%20Architect-jobs/,"GCC live-search pack. This is a live search link, not one fixed vacancy."
job-00752,Solution Architect — Bayt Live Search,Kuwait,Live Job Search,Kuwait,Live / varies,Possibly Available,,2026-07-20,Platform-Indexed Vacancy,B,61,https://www.bayt.com/en/kuwait/jobs/Solution%20Architect-jobs/,"GCC live-search pack. This is a live search link, not one fixed vacancy."
job-00753,Solution Architect — Bayt Live Search,Oman,Live Job Search,Oman,Live / varies,Possibly Available,,2026-07-20,Platform-Indexed Vacancy,B,61,https://www.bayt.com/en/oman/jobs/Solution%20Architect-jobs/,"GCC live-search pack. This is a live search link, not one fixed vacancy."
job-00754,Solution Architect — Bayt Live Search,Bahrain,Live Job Search,Bahrain,Live / varies,Possibly Available,,2026-07-20,Platform-Indexed Vacancy,B,61,https://www.bayt.com/en/bahrain/jobs/Solution%20Architect-jobs/,"GCC live-search pack. This is a live search link, not one fixed vacancy."
job-00755,Solution Architect — GulfTalent Live Search,Saudi Arabia,Live Job Search,Saudi Arabia,Live / varies,Possibly Available,,2026-07-20,Platform-Indexed Vacancy,B,61,https://www.gulftalent.com/jobs?keywords=Solution+Architect,"GCC live-search pack. This is a live search link, not one fixed vacancy."
job-00756,Solution Architect — GulfTalent Live Search,United Arab Emirates,Live Job Search,United Arab Emirates,Live / varies,Possibly Available,,2026-07-20,Platform-Indexed Vacancy,B,61,https://www.gulftalent.com/jobs?keywords=Solution+Architect,"GCC live-search pack. This is a live search link, not one fixed vacancy."
job-00757,Solution Architect — GulfTalent Live Search,Qatar,Live Job Search,Qatar,Live / varies,Possibly Available,,2026-07-20,Platform-Indexed Vacancy,B,61,https://www.gulftalent.com/jobs?keywords=Solution+Architect,"GCC live-search pack. This is a live search link, not one fixed vacancy."
job-00758,Solution Architect — GulfTalent Live Search,Kuwait,Live Job Search,Kuwait,Live / varies,Possibly Available,,2026-07-20,Platform-Indexed Vacancy,B,61,https://www.gulftalent.com/jobs?keywords=Solution+Architect,"GCC live-search pack. This is a live search link, not one fixed vacancy."
job-00759,Solution Architect — GulfTalent Live Search,Oman,Live Job Search,Oman,Live / varies,Possibly Available,,2026-07-20,Platform-Indexed Vacancy,B,61,https://www.gulftalent.com/jobs?keywords=Solution+Architect,"GCC live-search pack. This is a live search link, not one fixed vacancy."
job-00760,Solution Architect — GulfTalent Live Search,Bahrain,Live Job Search,Bahrain,Live / varies,Possibly Available,,2026-07-20,Platform-Indexed Vacancy,B,61,https://www.gulftalent.com/jobs?keywords=Solution+Architect,"GCC live-search pack. This is a live search link, not one fixed vacancy."
job-00761,Solution Architect — LinkedIn Live Search,Saudi Arabia,Live Job Search,Saudi Arabia,Live / varies,Possibly Available,,2026-07-20,Platform-Indexed Vacancy,B,61,https://www.linkedin.com/jobs/search/?keywords=Solution+Architect&sortBy=DD&location=Saudi+Arabia,"GCC live-search pack. This is a live search link, not one fixed vacancy."
job-00762,Solution Architect — LinkedIn Live Search,United Arab Emirates,Live Job Search,United Arab Emirates,Live / varies,Possibly Available,,2026-07-20,Platform-Indexed Vacancy,B,61,https://www.linkedin.com/jobs/search/?keywords=Solution+Architect&sortBy=DD&location=United+Arab+Emirates,"GCC live-search pack. This is a live search link, not one fixed vacancy."
job-00763,Solution Architect — LinkedIn Live Search,Qatar,Live Job Search,Qatar,Live / varies,Possibly Available,,2026-07-20,Platform-Indexed Vacancy,B,61,https://www.linkedin.com/jobs/search/?keywords=Solution+Architect&sortBy=DD&location=Qatar,"GCC live-search pack. This is a live search link, not one fixed vacancy."
job-00764,Solution Architect — LinkedIn Live Search,Kuwait,Live Job Search,Kuwait,Live / varies,Possibly Available,,2026-07-20,Platform-Indexed Vacancy,B,61,https://www.linkedin.com/jobs/search/?keywords=Solution+Architect&sortBy=DD&location=Kuwait,"GCC live-search pack. This is a live search link, not one fixed vacancy."
job-00765,Solution Architect — LinkedIn Live Search,Oman,Live Job Search,Oman,Live / varies,Possibly Available,,2026-07-20,Platform-Indexed Vacancy,B,61,https://www.linkedin.com/jobs/search/?keywords=Solution+Architect&sortBy=DD&location=Oman,"GCC live-search pack. This is a live search link, not one fixed vacancy."
job-00766,Solution Architect — LinkedIn Live Search,Bahrain,Live Job Search,Bahrain,Live / varies,Possibly Available,,2026-07-20,Platform-Indexed Vacancy,B,61,https://www.linkedin.com/jobs/search/?keywords=Solution+Architect&sortBy=DD&location=Bahrain,"GCC live-search pack. This is a live search link, not one fixed vacancy."
job-00767,Solution Architect — LinkedIn Live Search,Worldwide Remote,Live Job Search,Worldwide Remote,Live / varies,Possibly Available,,2026-07-20,Platform-Indexed Vacancy,B,61,https://www.linkedin.com/jobs/search/?keywords=Solution+Architect&sortBy=DD&location=Worldwide+Remote,"Global remote live-search pack. This is a live search link, not one fixed vacancy."
job-00768,Solution Architect — LinkedIn Live Search,EMEA Remote,Live Job Search,EMEA Remote,Live / varies,Possibly Available,,2026-07-20,Platform-Indexed Vacancy,B,61,https://www.linkedin.com/jobs/search/?keywords=Solution+Architect&sortBy=DD&location=EMEA+Remote,"Global remote live-search pack. This is a live search link, not one fixed vacancy."
job-00769,Solution Architect — LinkedIn Live Search,Africa Remote,Live Job Search,Africa Remote,Live / varies,Possibly Available,,2026-07-20,Platform-Indexed Vacancy,B,61,https://www.linkedin.com/jobs/search/?keywords=Solution+Architect&sortBy=DD&location=Africa+Remote,"Global remote live-search pack. This is a live search link, not one fixed vacancy."
job-00770,Solution Architect — LinkedIn Live Search,Middle East Remote,Live Job Search,Middle East Remote,Live / varies,Possibly Available,,2026-07-20,Platform-Indexed Vacancy,B,61,https://www.linkedin.com/jobs/search/?keywords=Solution+Architect&sortBy=DD&location=Middle+East+Remote,"Global remote live-search pack. This is a live search link, not one fixed vacancy."
job-00771,Solution Architect — RemoteOK Live Search,Worldwide Remote,Live Job Search,Worldwide Remote,Live / varies,Possibly Available,,2026-07-20,Platform-Indexed Vacancy,B,61,https://remoteok.com/remote-solution-architect-jobs,"Global remote live-search pack. This is a live search link, not one fixed vacancy."
job-00772,Solution Architect — RemoteOK Live Search,EMEA Remote,Live Job Search,EMEA Remote,Live / varies,Possibly Available,,2026-07-20,Platform-Indexed Vacancy,B,61,https://remoteok.com/remote-solution-architect-jobs,"Global remote live-search pack. This is a live search link, not one fixed vacancy."
job-00773,Solution Architect — RemoteOK Live Search,Africa Remote,Live Job Search,Africa Remote,Live / varies,Possibly Available,,2026-07-20,Platform-Indexed Vacancy,B,61,https://remoteok.com/remote-solution-architect-jobs,"Global remote live-search pack. This is a live search link, not one fixed vacancy."
job-00774,Solution Architect — RemoteOK Live Search,Middle East Remote,Live Job Search,Middle East Remote,Live / varies,Possibly Available,,2026-07-20,Platform-Indexed Vacancy,B,61,https://remoteok.com/remote-solution-architect-jobs,"Global remote live-search pack. This is a live search link, not one fixed vacancy."
job-00775,Solution Architect — Wellfound Live Search,Worldwide Remote,Live Job Search,Worldwide Remote,Live / varies,Possibly Available,,2026-07-20,Platform-Indexed Vacancy,B,61,https://wellfound.com/jobs?q=Solution+Architect&remote=True,"Global remote live-search pack. This is a live search link, not one fixed vacancy."
job-00776,Solution Architect — Wellfound Live Search,EMEA Remote,Live Job Search,EMEA Remote,Live / varies,Possibly Available,,2026-07-20,Platform-Indexed Vacancy,B,61,https://wellfound.com/jobs?q=Solution+Architect&remote=True,"Global remote live-search pack. This is a live search link, not one fixed vacancy."
job-00777,Solution Architect — Wellfound Live Search,Africa Remote,Live Job Search,Africa Remote,Live / varies,Possibly Available,,2026-07-20,Platform-Indexed Vacancy,B,61,https://wellfound.com/jobs?q=Solution+Architect&remote=True,"Global remote live-search pack. This is a live search link, not one fixed vacancy."
job-00778,Solution Architect — Wellfound Live Search,Middle East Remote,Live Job Search,Middle East Remote,Live / varies,Possibly Available,,2026-07-20,Platform-Indexed Vacancy,B,61,https://wellfound.com/jobs?q=Solution+Architect&remote=True,"Global remote live-search pack. This is a live search link, not one fixed vacancy."
job-00779,Solution Architect — WeWorkRemotely Live Search,Worldwide Remote,Live Job Search,Worldwide Remote,Live / varies,Possibly Available,,2026-07-20,Platform-Indexed Vacancy,B,61,https://weworkremotely.com/remote-jobs/search?term=Solution+Architect,"Global remote live-search pack. This is a live search link, not one fixed vacancy."
job-00780,Solution Architect — WeWorkRemotely Live Search,EMEA Remote,Live Job Search,EMEA Remote,Live / varies,Possibly Available,,2026-07-20,Platform-Indexed Vacancy,B,61,https://weworkremotely.com/remote-jobs/search?term=Solution+Architect,"Global remote live-search pack. This is a live search link, not one fixed vacancy."
job-00781,Solution Architect — WeWorkRemotely Live Search,Africa Remote,Live Job Search,Africa Remote,Live / varies,Possibly Available,,2026-07-20,Platform-Indexed Vacancy,B,61,https://weworkremotely.com/remote-jobs/search?term=Solution+Architect,"Global remote live-search pack. This is a live search link, not one fixed vacancy."
job-00782,Solution Architect — WeWorkRemotely Live Search,Middle East Remote,Live Job Search,Middle East Remote,Live / varies,Possibly Available,,2026-07-20,Platform-Indexed Vacancy,B,61,https://weworkremotely.com/remote-jobs/search?term=Solution+Architect,"Global remote live-search pack. This is a live search link, not one fixed vacancy."
job-00783,Technology Strategy & Advisory Manager / Senior Manager,Accenture Middle East,Digital Transformation & Strategy,Qatar,Doha,Expired,,2026-07-20,Platform-Indexed Vacancy,B,61,https://qa.linkedin.com/jobs/view/technology-strategy-advisory-manager-senior-manager-at-accenture-middle-east-3772808296,Arabic preferred
job-00784,Chief Data Officer — Bayt Live Search,Egypt,Live Job Search,Egypt,Live / varies,Possibly Available,,2026-07-20,Platform-Indexed Vacancy,B,60,https://www.bayt.com/en/egypt/jobs/Chief%20Data%20Officer-jobs/,"Egypt live-search pack. This is a live search link, not one fixed vacancy."
job-00785,Chief Data Officer — Google Live Search,Egypt,Live Job Search,Egypt,Live / varies,Possibly Available,,2026-07-20,Platform-Indexed Vacancy,B,60,https://www.google.com/search?q=Egypt+Chief+Data+Officer+jobs+posted+this+week,"Egypt live-search pack. This is a live search link, not one fixed vacancy."
job-00786,Chief Data Officer — LinkedIn Live Search,Egypt,Live Job Search,Egypt,Live / varies,Possibly Available,,2026-07-20,Platform-Indexed Vacancy,B,60,https://www.linkedin.com/jobs/search/?keywords=Chief+Data+Officer&sortBy=DD&location=Egypt,"Egypt live-search pack. This is a live search link, not one fixed vacancy."
job-00787,Chief Data Officer — Wuzzuf Live Search,Egypt,Live Job Search,Egypt,Live / varies,Possibly Available,,2026-07-20,Platform-Indexed Vacancy,B,60,https://wuzzuf.net/search/jobs/?q=Chief+Data+Officer&a=navbl,"Egypt live-search pack. This is a live search link, not one fixed vacancy."
job-00788,Cloud Architect Section Head,eFinance,Cloud & Platforms,Egypt,Giza,Possibly Available,2026-07-18,2026-07-20,Platform-Indexed Vacancy,B,60,https://eg.linkedin.com/jobs/digital-transformation-manager-jobs?countryRedirected=1,"Verify eligibility, deadline and work authorization on the linked source before applying."
job-00789,Cloud Architect — Bayt Live Search,Egypt,Live Job Search,Egypt,Live / varies,Possibly Available,,2026-07-20,Platform-Indexed Vacancy,B,60,https://www.bayt.com/en/egypt/jobs/Cloud%20Architect-jobs/,"Egypt live-search pack. This is a live search link, not one fixed vacancy."
job-00790,Cloud Architect — Google Live Search,Egypt,Live Job Search,Egypt,Live / varies,Possibly Available,,2026-07-20,Platform-Indexed Vacancy,B,60,https://www.google.com/search?q=Egypt+Cloud+Architect+jobs+posted+this+week,"Egypt live-search pack. This is a live search link, not one fixed vacancy."
job-00791,Cloud Architect — LinkedIn Live Search,Egypt,Live Job Search,Egypt,Live / varies,Possibly Available,,2026-07-20,Platform-Indexed Vacancy,B,60,https://www.linkedin.com/jobs/search/?keywords=Cloud+Architect&sortBy=DD&location=Egypt,"Egypt live-search pack. This is a live search link, not one fixed vacancy."
job-00792,Cloud Architect — Wuzzuf Live Search,Egypt,Live Job Search,Egypt,Live / varies,Possibly Available,,2026-07-20,Platform-Indexed Vacancy,B,60,https://wuzzuf.net/search/jobs/?q=Cloud+Architect&a=navbl,"Egypt live-search pack. This is a live search link, not one fixed vacancy."
job-00793,Data Architect — Bayt Live Search,Egypt,Live Job Search,Egypt,Live / varies,Possibly Available,,2026-07-20,Platform-Indexed Vacancy,B,60,https://www.bayt.com/en/egypt/jobs/Data%20Architect-jobs/,"Egypt live-search pack. This is a live search link, not one fixed vacancy."
job-00794,Data Architect — Google Live Search,Egypt,Live Job Search,Egypt,Live / varies,Possibly Available,,2026-07-20,Platform-Indexed Vacancy,B,60,https://www.google.com/search?q=Egypt+Data+Architect+jobs+posted+this+week,"Egypt live-search pack. This is a live search link, not one fixed vacancy."
job-00795,Data Architect — LinkedIn Live Search,Egypt,Live Job Search,Egypt,Live / varies,Possibly Available,,2026-07-20,Platform-Indexed Vacancy,B,60,https://www.linkedin.com/jobs/search/?keywords=Data+Architect&sortBy=DD&location=Egypt,"Egypt live-search pack. This is a live search link, not one fixed vacancy."
job-00796,Data Architect — Wuzzuf Live Search,Egypt,Live Job Search,Egypt,Live / varies,Possibly Available,,2026-07-20,Platform-Indexed Vacancy,B,60,https://wuzzuf.net/search/jobs/?q=Data+Architect&a=navbl,"Egypt live-search pack. This is a live search link, not one fixed vacancy."
job-00797,Enterprise Applications Manager — LinkedIn Live Search,Worldwide Remote,Live Job Search,Worldwide Remote,Live / varies,Possibly Available,,2026-07-20,Platform-Indexed Vacancy,B,60,https://www.linkedin.com/jobs/search/?keywords=Enterprise+Applications+Manager&sortBy=DD&location=Worldwide+Remote,"Global remote live-search pack. This is a live search link, not one fixed vacancy."
job-00798,Enterprise Applications Manager — LinkedIn Live Search,EMEA Remote,Live Job Search,EMEA Remote,Live / varies,Possibly Available,,2026-07-20,Platform-Indexed Vacancy,B,60,https://www.linkedin.com/jobs/search/?keywords=Enterprise+Applications+Manager&sortBy=DD&location=EMEA+Remote,"Global remote live-search pack. This is a live search link, not one fixed vacancy."
job-00799,Enterprise Applications Manager — LinkedIn Live Search,Africa Remote,Live Job Search,Africa Remote,Live / varies,Possibly Available,,2026-07-20,Platform-Indexed Vacancy,B,60,https://www.linkedin.com/jobs/search/?keywords=Enterprise+Applications+Manager&sortBy=DD&location=Africa+Remote,"Global remote live-search pack. This is a live search link, not one fixed vacancy."
job-00800,Enterprise Applications Manager — LinkedIn Live Search,Middle East Remote,Live Job Search,Middle East Remote,Live / varies,Possibly Available,,2026-07-20,Platform-Indexed Vacancy,B,60,https://www.linkedin.com/jobs/search/?keywords=Enterprise+Applications+Manager&sortBy=DD&location=Middle+East+Remote,"Global remote live-search pack. This is a live search link, not one fixed vacancy."
job-00801,Enterprise Applications Manager — RemoteOK Live Search,Worldwide Remote,Live Job Search,Worldwide Remote,Live / varies,Possibly Available,,2026-07-20,Platform-Indexed Vacancy,B,60,https://remoteok.com/remote-enterprise-applications-manager-jobs,"Global remote live-search pack. This is a live search link, not one fixed vacancy."
job-00802,Enterprise Applications Manager — RemoteOK Live Search,EMEA Remote,Live Job Search,EMEA Remote,Live / varies,Possibly Available,,2026-07-20,Platform-Indexed Vacancy,B,60,https://remoteok.com/remote-enterprise-applications-manager-jobs,"Global remote live-search pack. This is a live search link, not one fixed vacancy."
job-00803,Enterprise Applications Manager — RemoteOK Live Search,Africa Remote,Live Job Search,Africa Remote,Live / varies,Possibly Available,,2026-07-20,Platform-Indexed Vacancy,B,60,https://remoteok.com/remote-enterprise-applications-manager-jobs,"Global remote live-search pack. This is a live search link, not one fixed vacancy."
job-00804,Enterprise Applications Manager — RemoteOK Live Search,Middle East Remote,Live Job Search,Middle East Remote,Live / varies,Possibly Available,,2026-07-20,Platform-Indexed Vacancy,B,60,https://remoteok.com/remote-enterprise-applications-manager-jobs,"Global remote live-search pack. This is a live search link, not one fixed vacancy."
job-00805,Enterprise Applications Manager — Wellfound Live Search,Worldwide Remote,Live Job Search,Worldwide Remote,Live / varies,Possibly Available,,2026-07-20,Platform-Indexed Vacancy,B,60,https://wellfound.com/jobs?q=Enterprise+Applications+Manager&remote=True,"Global remote live-search pack. This is a live search link, not one fixed vacancy."
job-00806,Enterprise Applications Manager — Wellfound Live Search,EMEA Remote,Live Job Search,EMEA Remote,Live / varies,Possibly Available,,2026-07-20,Platform-Indexed Vacancy,B,60,https://wellfound.com/jobs?q=Enterprise+Applications+Manager&remote=True,"Global remote live-search pack. This is a live search link, not one fixed vacancy."
job-00807,Enterprise Applications Manager — Wellfound Live Search,Africa Remote,Live Job Search,Africa Remote,Live / varies,Possibly Available,,2026-07-20,Platform-Indexed Vacancy,B,60,https://wellfound.com/jobs?q=Enterprise+Applications+Manager&remote=True,"Global remote live-search pack. This is a live search link, not one fixed vacancy."
job-00808,Enterprise Applications Manager — Wellfound Live Search,Middle East Remote,Live Job Search,Middle East Remote,Live / varies,Possibly Available,,2026-07-20,Platform-Indexed Vacancy,B,60,https://wellfound.com/jobs?q=Enterprise+Applications+Manager&remote=True,"Global remote live-search pack. This is a live search link, not one fixed vacancy."
job-00809,Enterprise Applications Manager — WeWorkRemotely Live Search,Worldwide Remote,Live Job Search,Worldwide Remote,Live / varies,Possibly Available,,2026-07-20,Platform-Indexed Vacancy,B,60,https://weworkremotely.com/remote-jobs/search?term=Enterprise+Applications+Manager,"Global remote live-search pack. This is a live search link, not one fixed vacancy."
job-00810,Enterprise Applications Manager — WeWorkRemotely Live Search,EMEA Remote,Live Job Search,EMEA Remote,Live / varies,Possibly Available,,2026-07-20,Platform-Indexed Vacancy,B,60,https://weworkremotely.com/remote-jobs/search?term=Enterprise+Applications+Manager,"Global remote live-search pack. This is a live search link, not one fixed vacancy."
job-00811,Enterprise Applications Manager — WeWorkRemotely Live Search,Africa Remote,Live Job Search,Africa Remote,Live / varies,Possibly Available,,2026-07-20,Platform-Indexed Vacancy,B,60,https://weworkremotely.com/remote-jobs/search?term=Enterprise+Applications+Manager,"Global remote live-search pack. This is a live search link, not one fixed vacancy."
job-00812,Enterprise Applications Manager — WeWorkRemotely Live Search,Middle East Remote,Live Job Search,Middle East Remote,Live / varies,Possibly Available,,2026-07-20,Platform-Indexed Vacancy,B,60,https://weworkremotely.com/remote-jobs/search?term=Enterprise+Applications+Manager,"Global remote live-search pack. This is a live search link, not one fixed vacancy."
job-00813,Oracle Cloud Senior Consultant - PPM,Highstreet IT Solutions,Enterprise Applications & Software,United States / Verify,Remote / Client delivery,Expired,,2026-07-20,Platform-Indexed Vacancy,A,60,https://jobs.lever.co/highstreetit/caf00c7d-6be8-4dd3-8e0d-9300e6c59ce0,Confirm supported work location
job-00814,Project Manager - Core Banking,QNB Egypt,"Program, Project & Delivery Management",Egypt,Cairo,Expired,,2026-07-20,Platform-Indexed Vacancy,B,60,https://www.linkedin.com/jobs/view/4437222427/,Core-banking project experience
job-00815,Project Manager - CRM,QNBeyond Plus,"Program, Project & Delivery Management",Egypt,Cairo,Expired,,2026-07-20,Platform-Indexed Vacancy,B,60,https://www.linkedin.com/jobs/view/4437221417/,CRM implementation experience
job-00816,Project Manager / Senior Project Manager,RSA Security,Cybersecurity & Security Architecture,Egypt,Cairo,Expired,,2026-07-20,Platform-Indexed Vacancy,B,60,https://www.linkedin.com/jobs/view/4440536994/,Professional-services delivery experience
job-00817,Senior AI / Digital Transformation Expert,Accenture,AI & Automation,Egypt,Cairo,Possibly Available,2026-07-13,2026-07-20,Platform-Indexed Vacancy,B,60,https://eg.linkedin.com/jobs/digital-transformation-manager-jobs?countryRedirected=1,"Verify eligibility, deadline and work authorization on the linked source before applying."
job-00818,Senior AI Governance,BBI,"AI, Data Science & Governance",Egypt,Cairo,Expired,,2026-07-20,Platform-Indexed Vacancy,B,60,https://www.linkedin.com/jobs/view/4434827215/,AI governance and risk experience
job-00819,Senior Business Analyst - Digital Transformation,SSC HR Solutions,Digital Transformation & Strategy,Egypt,Remote,Expired,,2026-07-20,Platform-Indexed Vacancy,A,60,https://jobs.workable.com/view/wsPs2e4w3rx9Keer3PZj6X/remote-senior-business-analyst-%28digital-transformation%29-in-egypt-at-ssc-hr-solutions,Remote Egypt role
job-00820,Senior Consultant - Transformation Architecture,EY,Other Technology Role,Egypt,Cairo,Expired,,2026-07-20,Platform-Indexed Vacancy,B,60,https://www.linkedin.com/jobs/view/senior-consultant-transformation-architecture-business-transformation-egypt-at-ey-4413619229,Consulting experience preferred
job-00821,Senior Enterprise Infrastructure Manager,Turning Point,IT Leadership & Management,United Kingdom,Flexible remote,Expired,,2026-07-20,Platform-Indexed Vacancy,B,60,https://careers.turning-point.co.uk/jobs/job/Senior-Enterprise-Infrastructure-Manager/12775,UK role with occasional London/Manchester travel
job-00822,AI Solution Architect — Google Live Search,Kenya,Live Job Search,Kenya,Live / varies,Possibly Available,,2026-07-20,Platform-Indexed Vacancy,B,59,https://www.google.com/search?q=Kenya+AI+Solution+Architect+jobs+posted+this+week,"Africa live-search pack. This is a live search link, not one fixed vacancy."
job-00823,AI Solution Architect — Google Live Search,Nigeria,Live Job Search,Nigeria,Live / varies,Possibly Available,,2026-07-20,Platform-Indexed Vacancy,B,59,https://www.google.com/search?q=Nigeria+AI+Solution+Architect+jobs+posted+this+week,"Africa live-search pack. This is a live search link, not one fixed vacancy."
job-00824,AI Solution Architect — Google Live Search,Ghana,Live Job Search,Ghana,Live / varies,Possibly Available,,2026-07-20,Platform-Indexed Vacancy,B,59,https://www.google.com/search?q=Ghana+AI+Solution+Architect+jobs+posted+this+week,"Africa live-search pack. This is a live search link, not one fixed vacancy."
job-00825,AI Solution Architect — Google Live Search,South Africa,Live Job Search,South Africa,Live / varies,Possibly Available,,2026-07-20,Platform-Indexed Vacancy,B,59,https://www.google.com/search?q=South+Africa+AI+Solution+Architect+jobs+posted+this+week,"Africa live-search pack. This is a live search link, not one fixed vacancy."
job-00826,AI Solution Architect — Google Live Search,Rwanda,Live Job Search,Rwanda,Live / varies,Possibly Available,,2026-07-20,Platform-Indexed Vacancy,B,59,https://www.google.com/search?q=Rwanda+AI+Solution+Architect+jobs+posted+this+week,"Africa live-search pack. This is a live search link, not one fixed vacancy."
job-00827,AI Solution Architect — Google Live Search,Uganda,Live Job Search,Uganda,Live / varies,Possibly Available,,2026-07-20,Platform-Indexed Vacancy,B,59,https://www.google.com/search?q=Uganda+AI+Solution+Architect+jobs+posted+this+week,"Africa live-search pack. This is a live search link, not one fixed vacancy."
job-00828,AI Solution Architect — Google Live Search,Tanzania,Live Job Search,Tanzania,Live / varies,Possibly Available,,2026-07-20,Platform-Indexed Vacancy,B,59,https://www.google.com/search?q=Tanzania+AI+Solution+Architect+jobs+posted+this+week,"Africa live-search pack. This is a live search link, not one fixed vacancy."
job-00829,AI Solution Architect — Google Live Search,Ethiopia,Live Job Search,Ethiopia,Live / varies,Possibly Available,,2026-07-20,Platform-Indexed Vacancy,B,59,https://www.google.com/search?q=Ethiopia+AI+Solution+Architect+jobs+posted+this+week,"Africa live-search pack. This is a live search link, not one fixed vacancy."
job-00830,AI Solution Architect — LinkedIn Live Search,Kenya,Live Job Search,Kenya,Live / varies,Possibly Available,,2026-07-20,Platform-Indexed Vacancy,B,59,https://www.linkedin.com/jobs/search/?keywords=AI+Solution+Architect&sortBy=DD&location=Kenya,"Africa live-search pack. This is a live search link, not one fixed vacancy."
job-00831,AI Solution Architect — LinkedIn Live Search,Nigeria,Live Job Search,Nigeria,Live / varies,Possibly Available,,2026-07-20,Platform-Indexed Vacancy,B,59,https://www.linkedin.com/jobs/search/?keywords=AI+Solution+Architect&sortBy=DD&location=Nigeria,"Africa live-search pack. This is a live search link, not one fixed vacancy."
job-00832,AI Solution Architect — LinkedIn Live Search,Ghana,Live Job Search,Ghana,Live / varies,Possibly Available,,2026-07-20,Platform-Indexed Vacancy,B,59,https://www.linkedin.com/jobs/search/?keywords=AI+Solution+Architect&sortBy=DD&location=Ghana,"Africa live-search pack. This is a live search link, not one fixed vacancy."
job-00833,AI Solution Architect — LinkedIn Live Search,South Africa,Live Job Search,South Africa,Live / varies,Possibly Available,,2026-07-20,Platform-Indexed Vacancy,B,59,https://www.linkedin.com/jobs/search/?keywords=AI+Solution+Architect&sortBy=DD&location=South+Africa,"Africa live-search pack. This is a live search link, not one fixed vacancy."
job-00834,AI Solution Architect — LinkedIn Live Search,Rwanda,Live Job Search,Rwanda,Live / varies,Possibly Available,,2026-07-20,Platform-Indexed Vacancy,B,59,https://www.linkedin.com/jobs/search/?keywords=AI+Solution+Architect&sortBy=DD&location=Rwanda,"Africa live-search pack. This is a live search link, not one fixed vacancy."
job-00835,AI Solution Architect — LinkedIn Live Search,Uganda,Live Job Search,Uganda,Live / varies,Possibly Available,,2026-07-20,Platform-Indexed Vacancy,B,59,https://www.linkedin.com/jobs/search/?keywords=AI+Solution+Architect&sortBy=DD&location=Uganda,"Africa live-search pack. This is a live search link, not one fixed vacancy."
job-00836,AI Solution Architect — LinkedIn Live Search,Tanzania,Live Job Search,Tanzania,Live / varies,Possibly Available,,2026-07-20,Platform-Indexed Vacancy,B,59,https://www.linkedin.com/jobs/search/?keywords=AI+Solution+Architect&sortBy=DD&location=Tanzania,"Africa live-search pack. This is a live search link, not one fixed vacancy."
job-00837,AI Solution Architect — LinkedIn Live Search,Ethiopia,Live Job Search,Ethiopia,Live / varies,Possibly Available,,2026-07-20,Platform-Indexed Vacancy,B,59,https://www.linkedin.com/jobs/search/?keywords=AI+Solution+Architect&sortBy=DD&location=Ethiopia,"Africa live-search pack. This is a live search link, not one fixed vacancy."
job-00838,Chief Data Officer — Bayt Live Search,Saudi Arabia,Live Job Search,Saudi Arabia,Live / varies,Possibly Available,,2026-07-20,Platform-Indexed Vacancy,B,59,https://www.bayt.com/en/saudi-arabia/jobs/Chief%20Data%20Officer-jobs/,"GCC live-search pack. This is a live search link, not one fixed vacancy."
job-00839,Chief Data Officer — Bayt Live Search,United Arab Emirates,Live Job Search,United Arab Emirates,Live / varies,Possibly Available,,2026-07-20,Platform-Indexed Vacancy,B,59,https://www.bayt.com/en/united-arab-emirates/jobs/Chief%20Data%20Officer-jobs/,"GCC live-search pack. This is a live search link, not one fixed vacancy."
job-00840,Chief Data Officer — Bayt Live Search,Qatar,Live Job Search,Qatar,Live / varies,Possibly Available,,2026-07-20,Platform-Indexed Vacancy,B,59,https://www.bayt.com/en/qatar/jobs/Chief%20Data%20Officer-jobs/,"GCC live-search pack. This is a live search link, not one fixed vacancy."
job-00841,Chief Data Officer — Bayt Live Search,Kuwait,Live Job Search,Kuwait,Live / varies,Possibly Available,,2026-07-20,Platform-Indexed Vacancy,B,59,https://www.bayt.com/en/kuwait/jobs/Chief%20Data%20Officer-jobs/,"GCC live-search pack. This is a live search link, not one fixed vacancy."
job-00842,Chief Data Officer — Bayt Live Search,Oman,Live Job Search,Oman,Live / varies,Possibly Available,,2026-07-20,Platform-Indexed Vacancy,B,59,https://www.bayt.com/en/oman/jobs/Chief%20Data%20Officer-jobs/,"GCC live-search pack. This is a live search link, not one fixed vacancy."
job-00843,Chief Data Officer — Bayt Live Search,Bahrain,Live Job Search,Bahrain,Live / varies,Possibly Available,,2026-07-20,Platform-Indexed Vacancy,B,59,https://www.bayt.com/en/bahrain/jobs/Chief%20Data%20Officer-jobs/,"GCC live-search pack. This is a live search link, not one fixed vacancy."
job-00844,Chief Data Officer — GulfTalent Live Search,Saudi Arabia,Live Job Search,Saudi Arabia,Live / varies,Possibly Available,,2026-07-20,Platform-Indexed Vacancy,B,59,https://www.gulftalent.com/jobs?keywords=Chief+Data+Officer,"GCC live-search pack. This is a live search link, not one fixed vacancy."
job-00845,Chief Data Officer — GulfTalent Live Search,United Arab Emirates,Live Job Search,United Arab Emirates,Live / varies,Possibly Available,,2026-07-20,Platform-Indexed Vacancy,B,59,https://www.gulftalent.com/jobs?keywords=Chief+Data+Officer,"GCC live-search pack. This is a live search link, not one fixed vacancy."
job-00846,Chief Data Officer — GulfTalent Live Search,Qatar,Live Job Search,Qatar,Live / varies,Possibly Available,,2026-07-20,Platform-Indexed Vacancy,B,59,https://www.gulftalent.com/jobs?keywords=Chief+Data+Officer,"GCC live-search pack. This is a live search link, not one fixed vacancy."
job-00847,Chief Data Officer — GulfTalent Live Search,Kuwait,Live Job Search,Kuwait,Live / varies,Possibly Available,,2026-07-20,Platform-Indexed Vacancy,B,59,https://www.gulftalent.com/jobs?keywords=Chief+Data+Officer,"GCC live-search pack. This is a live search link, not one fixed vacancy."
job-00848,Chief Data Officer — GulfTalent Live Search,Oman,Live Job Search,Oman,Live / varies,Possibly Available,,2026-07-20,Platform-Indexed Vacancy,B,59,https://www.gulftalent.com/jobs?keywords=Chief+Data+Officer,"GCC live-search pack. This is a live search link, not one fixed vacancy."
job-00849,Chief Data Officer — GulfTalent Live Search,Bahrain,Live Job Search,Bahrain,Live / varies,Possibly Available,,2026-07-20,Platform-Indexed Vacancy,B,59,https://www.gulftalent.com/jobs?keywords=Chief+Data+Officer,"GCC live-search pack. This is a live search link, not one fixed vacancy."
job-00850,Chief Data Officer — LinkedIn Live Search,Saudi Arabia,Live Job Search,Saudi Arabia,Live / varies,Possibly Available,,2026-07-20,Platform-Indexed Vacancy,B,59,https://www.linkedin.com/jobs/search/?keywords=Chief+Data+Officer&sortBy=DD&location=Saudi+Arabia,"GCC live-search pack. This is a live search link, not one fixed vacancy."
job-00851,Chief Data Officer — LinkedIn Live Search,United Arab Emirates,Live Job Search,United Arab Emirates,Live / varies,Possibly Available,,2026-07-20,Platform-Indexed Vacancy,B,59,https://www.linkedin.com/jobs/search/?keywords=Chief+Data+Officer&sortBy=DD&location=United+Arab+Emirates,"GCC live-search pack. This is a live search link, not one fixed vacancy."
job-00852,Chief Data Officer — LinkedIn Live Search,Qatar,Live Job Search,Qatar,Live / varies,Possibly Available,,2026-07-20,Platform-Indexed Vacancy,B,59,https://www.linkedin.com/jobs/search/?keywords=Chief+Data+Officer&sortBy=DD&location=Qatar,"GCC live-search pack. This is a live search link, not one fixed vacancy."
job-00853,Chief Data Officer — LinkedIn Live Search,Kuwait,Live Job Search,Kuwait,Live / varies,Possibly Available,,2026-07-20,Platform-Indexed Vacancy,B,59,https://www.linkedin.com/jobs/search/?keywords=Chief+Data+Officer&sortBy=DD&location=Kuwait,"GCC live-search pack. This is a live search link, not one fixed vacancy."
job-00854,Chief Data Officer — LinkedIn Live Search,Oman,Live Job Search,Oman,Live / varies,Possibly Available,,2026-07-20,Platform-Indexed Vacancy,B,59,https://www.linkedin.com/jobs/search/?keywords=Chief+Data+Officer&sortBy=DD&location=Oman,"GCC live-search pack. This is a live search link, not one fixed vacancy."
job-00855,Chief Data Officer — LinkedIn Live Search,Bahrain,Live Job Search,Bahrain,Live / varies,Possibly Available,,2026-07-20,Platform-Indexed Vacancy,B,59,https://www.linkedin.com/jobs/search/?keywords=Chief+Data+Officer&sortBy=DD&location=Bahrain,"GCC live-search pack. This is a live search link, not one fixed vacancy."
job-00856,Chief Data Officer — LinkedIn Live Search,Worldwide Remote,Live Job Search,Worldwide Remote,Live / varies,Possibly Available,,2026-07-20,Platform-Indexed Vacancy,B,59,https://www.linkedin.com/jobs/search/?keywords=Chief+Data+Officer&sortBy=DD&location=Worldwide+Remote,"Global remote live-search pack. This is a live search link, not one fixed vacancy."
job-00857,Chief Data Officer — LinkedIn Live Search,EMEA Remote,Live Job Search,EMEA Remote,Live / varies,Possibly Available,,2026-07-20,Platform-Indexed Vacancy,B,59,https://www.linkedin.com/jobs/search/?keywords=Chief+Data+Officer&sortBy=DD&location=EMEA+Remote,"Global remote live-search pack. This is a live search link, not one fixed vacancy."
job-00858,Chief Data Officer — LinkedIn Live Search,Africa Remote,Live Job Search,Africa Remote,Live / varies,Possibly Available,,2026-07-20,Platform-Indexed Vacancy,B,59,https://www.linkedin.com/jobs/search/?keywords=Chief+Data+Officer&sortBy=DD&location=Africa+Remote,"Global remote live-search pack. This is a live search link, not one fixed vacancy."
job-00859,Chief Data Officer — LinkedIn Live Search,Middle East Remote,Live Job Search,Middle East Remote,Live / varies,Possibly Available,,2026-07-20,Platform-Indexed Vacancy,B,59,https://www.linkedin.com/jobs/search/?keywords=Chief+Data+Officer&sortBy=DD&location=Middle+East+Remote,"Global remote live-search pack. This is a live search link, not one fixed vacancy."
job-00860,Chief Data Officer — RemoteOK Live Search,Worldwide Remote,Live Job Search,Worldwide Remote,Live / varies,Possibly Available,,2026-07-20,Platform-Indexed Vacancy,B,59,https://remoteok.com/remote-chief-data-officer-jobs,"Global remote live-search pack. This is a live search link, not one fixed vacancy."
job-00861,Chief Data Officer — RemoteOK Live Search,EMEA Remote,Live Job Search,EMEA Remote,Live / varies,Possibly Available,,2026-07-20,Platform-Indexed Vacancy,B,59,https://remoteok.com/remote-chief-data-officer-jobs,"Global remote live-search pack. This is a live search link, not one fixed vacancy."
job-00862,Chief Data Officer — RemoteOK Live Search,Africa Remote,Live Job Search,Africa Remote,Live / varies,Possibly Available,,2026-07-20,Platform-Indexed Vacancy,B,59,https://remoteok.com/remote-chief-data-officer-jobs,"Global remote live-search pack. This is a live search link, not one fixed vacancy."
job-00863,Chief Data Officer — RemoteOK Live Search,Middle East Remote,Live Job Search,Middle East Remote,Live / varies,Possibly Available,,2026-07-20,Platform-Indexed Vacancy,B,59,https://remoteok.com/remote-chief-data-officer-jobs,"Global remote live-search pack. This is a live search link, not one fixed vacancy."
job-00864,Chief Data Officer — Wellfound Live Search,Worldwide Remote,Live Job Search,Worldwide Remote,Live / varies,Possibly Available,,2026-07-20,Platform-Indexed Vacancy,B,59,https://wellfound.com/jobs?q=Chief+Data+Officer&remote=True,"Global remote live-search pack. This is a live search link, not one fixed vacancy."
job-00865,Chief Data Officer — Wellfound Live Search,EMEA Remote,Live Job Search,EMEA Remote,Live / varies,Possibly Available,,2026-07-20,Platform-Indexed Vacancy,B,59,https://wellfound.com/jobs?q=Chief+Data+Officer&remote=True,"Global remote live-search pack. This is a live search link, not one fixed vacancy."
job-00866,Chief Data Officer — Wellfound Live Search,Africa Remote,Live Job Search,Africa Remote,Live / varies,Possibly Available,,2026-07-20,Platform-Indexed Vacancy,B,59,https://wellfound.com/jobs?q=Chief+Data+Officer&remote=True,"Global remote live-search pack. This is a live search link, not one fixed vacancy."
job-00867,Chief Data Officer — Wellfound Live Search,Middle East Remote,Live Job Search,Middle East Remote,Live / varies,Possibly Available,,2026-07-20,Platform-Indexed Vacancy,B,59,https://wellfound.com/jobs?q=Chief+Data+Officer&remote=True,"Global remote live-search pack. This is a live search link, not one fixed vacancy."
job-00868,Chief Data Officer — WeWorkRemotely Live Search,Worldwide Remote,Live Job Search,Worldwide Remote,Live / varies,Possibly Available,,2026-07-20,Platform-Indexed Vacancy,B,59,https://weworkremotely.com/remote-jobs/search?term=Chief+Data+Officer,"Global remote live-search pack. This is a live search link, not one fixed vacancy."
job-00869,Chief Data Officer — WeWorkRemotely Live Search,EMEA Remote,Live Job Search,EMEA Remote,Live / varies,Possibly Available,,2026-07-20,Platform-Indexed Vacancy,B,59,https://weworkremotely.com/remote-jobs/search?term=Chief+Data+Officer,"Global remote live-search pack. This is a live search link, not one fixed vacancy."
job-00870,Chief Data Officer — WeWorkRemotely Live Search,Africa Remote,Live Job Search,Africa Remote,Live / varies,Possibly Available,,2026-07-20,Platform-Indexed Vacancy,B,59,https://weworkremotely.com/remote-jobs/search?term=Chief+Data+Officer,"Global remote live-search pack. This is a live search link, not one fixed vacancy."
job-00871,Chief Data Officer — WeWorkRemotely Live Search,Middle East Remote,Live Job Search,Middle East Remote,Live / varies,Possibly Available,,2026-07-20,Platform-Indexed Vacancy,B,59,https://weworkremotely.com/remote-jobs/search?term=Chief+Data+Officer,"Global remote live-search pack. This is a live search link, not one fixed vacancy."
job-00872,Cloud Architect — Bayt Live Search,Saudi Arabia,Live Job Search,Saudi Arabia,Live / varies,Possibly Available,,2026-07-20,Platform-Indexed Vacancy,B,59,https://www.bayt.com/en/saudi-arabia/jobs/Cloud%20Architect-jobs/,"GCC live-search pack. This is a live search link, not one fixed vacancy."
job-00873,Cloud Architect — Bayt Live Search,United Arab Emirates,Live Job Search,United Arab Emirates,Live / varies,Possibly Available,,2026-07-20,Platform-Indexed Vacancy,B,59,https://www.bayt.com/en/united-arab-emirates/jobs/Cloud%20Architect-jobs/,"GCC live-search pack. This is a live search link, not one fixed vacancy."
job-00874,Cloud Architect — Bayt Live Search,Qatar,Live Job Search,Qatar,Live / varies,Possibly Available,,2026-07-20,Platform-Indexed Vacancy,B,59,https://www.bayt.com/en/qatar/jobs/Cloud%20Architect-jobs/,"GCC live-search pack. This is a live search link, not one fixed vacancy."
job-00875,Cloud Architect — Bayt Live Search,Kuwait,Live Job Search,Kuwait,Live / varies,Possibly Available,,2026-07-20,Platform-Indexed Vacancy,B,59,https://www.bayt.com/en/kuwait/jobs/Cloud%20Architect-jobs/,"GCC live-search pack. This is a live search link, not one fixed vacancy."
job-00876,Cloud Architect — Bayt Live Search,Oman,Live Job Search,Oman,Live / varies,Possibly Available,,2026-07-20,Platform-Indexed Vacancy,B,59,https://www.bayt.com/en/oman/jobs/Cloud%20Architect-jobs/,"GCC live-search pack. This is a live search link, not one fixed vacancy."
job-00877,Cloud Architect — Bayt Live Search,Bahrain,Live Job Search,Bahrain,Live / varies,Possibly Available,,2026-07-20,Platform-Indexed Vacancy,B,59,https://www.bayt.com/en/bahrain/jobs/Cloud%20Architect-jobs/,"GCC live-search pack. This is a live search link, not one fixed vacancy."
job-00878,Cloud Architect — GulfTalent Live Search,Saudi Arabia,Live Job Search,Saudi Arabia,Live / varies,Possibly Available,,2026-07-20,Platform-Indexed Vacancy,B,59,https://www.gulftalent.com/jobs?keywords=Cloud+Architect,"GCC live-search pack. This is a live search link, not one fixed vacancy."
job-00879,Cloud Architect — GulfTalent Live Search,United Arab Emirates,Live Job Search,United Arab Emirates,Live / varies,Possibly Available,,2026-07-20,Platform-Indexed Vacancy,B,59,https://www.gulftalent.com/jobs?keywords=Cloud+Architect,"GCC live-search pack. This is a live search link, not one fixed vacancy."
job-00880,Cloud Architect — GulfTalent Live Search,Qatar,Live Job Search,Qatar,Live / varies,Possibly Available,,2026-07-20,Platform-Indexed Vacancy,B,59,https://www.gulftalent.com/jobs?keywords=Cloud+Architect,"GCC live-search pack. This is a live search link, not one fixed vacancy."
job-00881,Cloud Architect — GulfTalent Live Search,Kuwait,Live Job Search,Kuwait,Live / varies,Possibly Available,,2026-07-20,Platform-Indexed Vacancy,B,59,https://www.gulftalent.com/jobs?keywords=Cloud+Architect,"GCC live-search pack. This is a live search link, not one fixed vacancy."
job-00882,Cloud Architect — GulfTalent Live Search,Oman,Live Job Search,Oman,Live / varies,Possibly Available,,2026-07-20,Platform-Indexed Vacancy,B,59,https://www.gulftalent.com/jobs?keywords=Cloud+Architect,"GCC live-search pack. This is a live search link, not one fixed vacancy."
job-00883,Cloud Architect — GulfTalent Live Search,Bahrain,Live Job Search,Bahrain,Live / varies,Possibly Available,,2026-07-20,Platform-Indexed Vacancy,B,59,https://www.gulftalent.com/jobs?keywords=Cloud+Architect,"GCC live-search pack. This is a live search link, not one fixed vacancy."
job-00884,Cloud Architect — LinkedIn Live Search,Saudi Arabia,Live Job Search,Saudi Arabia,Live / varies,Possibly Available,,2026-07-20,Platform-Indexed Vacancy,B,59,https://www.linkedin.com/jobs/search/?keywords=Cloud+Architect&sortBy=DD&location=Saudi+Arabia,"GCC live-search pack. This is a live search link, not one fixed vacancy."
job-00885,Cloud Architect — LinkedIn Live Search,United Arab Emirates,Live Job Search,United Arab Emirates,Live / varies,Possibly Available,,2026-07-20,Platform-Indexed Vacancy,B,59,https://www.linkedin.com/jobs/search/?keywords=Cloud+Architect&sortBy=DD&location=United+Arab+Emirates,"GCC live-search pack. This is a live search link, not one fixed vacancy."
job-00886,Cloud Architect — LinkedIn Live Search,Qatar,Live Job Search,Qatar,Live / varies,Possibly Available,,2026-07-20,Platform-Indexed Vacancy,B,59,https://www.linkedin.com/jobs/search/?keywords=Cloud+Architect&sortBy=DD&location=Qatar,"GCC live-search pack. This is a live search link, not one fixed vacancy."
job-00887,Cloud Architect — LinkedIn Live Search,Kuwait,Live Job Search,Kuwait,Live / varies,Possibly Available,,2026-07-20,Platform-Indexed Vacancy,B,59,https://www.linkedin.com/jobs/search/?keywords=Cloud+Architect&sortBy=DD&location=Kuwait,"GCC live-search pack. This is a live search link, not one fixed vacancy."
job-00888,Cloud Architect — LinkedIn Live Search,Oman,Live Job Search,Oman,Live / varies,Possibly Available,,2026-07-20,Platform-Indexed Vacancy,B,59,https://www.linkedin.com/jobs/search/?keywords=Cloud+Architect&sortBy=DD&location=Oman,"GCC live-search pack. This is a live search link, not one fixed vacancy."
job-00889,Cloud Architect — LinkedIn Live Search,Bahrain,Live Job Search,Bahrain,Live / varies,Possibly Available,,2026-07-20,Platform-Indexed Vacancy,B,59,https://www.linkedin.com/jobs/search/?keywords=Cloud+Architect&sortBy=DD&location=Bahrain,"GCC live-search pack. This is a live search link, not one fixed vacancy."
job-00890,Cloud Architect — LinkedIn Live Search,Worldwide Remote,Live Job Search,Worldwide Remote,Live / varies,Possibly Available,,2026-07-20,Platform-Indexed Vacancy,B,59,https://www.linkedin.com/jobs/search/?keywords=Cloud+Architect&sortBy=DD&location=Worldwide+Remote,"Global remote live-search pack. This is a live search link, not one fixed vacancy."
job-00891,Cloud Architect — LinkedIn Live Search,EMEA Remote,Live Job Search,EMEA Remote,Live / varies,Possibly Available,,2026-07-20,Platform-Indexed Vacancy,B,59,https://www.linkedin.com/jobs/search/?keywords=Cloud+Architect&sortBy=DD&location=EMEA+Remote,"Global remote live-search pack. This is a live search link, not one fixed vacancy."
job-00892,Cloud Architect — LinkedIn Live Search,Africa Remote,Live Job Search,Africa Remote,Live / varies,Possibly Available,,2026-07-20,Platform-Indexed Vacancy,B,59,https://www.linkedin.com/jobs/search/?keywords=Cloud+Architect&sortBy=DD&location=Africa+Remote,"Global remote live-search pack. This is a live search link, not one fixed vacancy."
job-00893,Cloud Architect — LinkedIn Live Search,Middle East Remote,Live Job Search,Middle East Remote,Live / varies,Possibly Available,,2026-07-20,Platform-Indexed Vacancy,B,59,https://www.linkedin.com/jobs/search/?keywords=Cloud+Architect&sortBy=DD&location=Middle+East+Remote,"Global remote live-search pack. This is a live search link, not one fixed vacancy."
job-00894,Cloud Architect — RemoteOK Live Search,Worldwide Remote,Live Job Search,Worldwide Remote,Live / varies,Possibly Available,,2026-07-20,Platform-Indexed Vacancy,B,59,https://remoteok.com/remote-cloud-architect-jobs,"Global remote live-search pack. This is a live search link, not one fixed vacancy."
job-00895,Cloud Architect — RemoteOK Live Search,EMEA Remote,Live Job Search,EMEA Remote,Live / varies,Possibly Available,,2026-07-20,Platform-Indexed Vacancy,B,59,https://remoteok.com/remote-cloud-architect-jobs,"Global remote live-search pack. This is a live search link, not one fixed vacancy."
job-00896,Cloud Architect — RemoteOK Live Search,Africa Remote,Live Job Search,Africa Remote,Live / varies,Possibly Available,,2026-07-20,Platform-Indexed Vacancy,B,59,https://remoteok.com/remote-cloud-architect-jobs,"Global remote live-search pack. This is a live search link, not one fixed vacancy."
job-00897,Cloud Architect — RemoteOK Live Search,Middle East Remote,Live Job Search,Middle East Remote,Live / varies,Possibly Available,,2026-07-20,Platform-Indexed Vacancy,B,59,https://remoteok.com/remote-cloud-architect-jobs,"Global remote live-search pack. This is a live search link, not one fixed vacancy."
job-00898,Cloud Architect — Wellfound Live Search,Worldwide Remote,Live Job Search,Worldwide Remote,Live / varies,Possibly Available,,2026-07-20,Platform-Indexed Vacancy,B,59,https://wellfound.com/jobs?q=Cloud+Architect&remote=True,"Global remote live-search pack. This is a live search link, not one fixed vacancy."
job-00899,Cloud Architect — Wellfound Live Search,EMEA Remote,Live Job Search,EMEA Remote,Live / varies,Possibly Available,,2026-07-20,Platform-Indexed Vacancy,B,59,https://wellfound.com/jobs?q=Cloud+Architect&remote=True,"Global remote live-search pack. This is a live search link, not one fixed vacancy."
job-00900,Cloud Architect — Wellfound Live Search,Africa Remote,Live Job Search,Africa Remote,Live / varies,Possibly Available,,2026-07-20,Platform-Indexed Vacancy,B,59,https://wellfound.com/jobs?q=Cloud+Architect&remote=True,"Global remote live-search pack. This is a live search link, not one fixed vacancy."
job-00901,Cloud Architect — Wellfound Live Search,Middle East Remote,Live Job Search,Middle East Remote,Live / varies,Possibly Available,,2026-07-20,Platform-Indexed Vacancy,B,59,https://wellfound.com/jobs?q=Cloud+Architect&remote=True,"Global remote live-search pack. This is a live search link, not one fixed vacancy."
job-00902,Cloud Architect — WeWorkRemotely Live Search,Worldwide Remote,Live Job Search,Worldwide Remote,Live / varies,Possibly Available,,2026-07-20,Platform-Indexed Vacancy,B,59,https://weworkremotely.com/remote-jobs/search?term=Cloud+Architect,"Global remote live-search pack. This is a live search link, not one fixed vacancy."
job-00903,Cloud Architect — WeWorkRemotely Live Search,EMEA Remote,Live Job Search,EMEA Remote,Live / varies,Possibly Available,,2026-07-20,Platform-Indexed Vacancy,B,59,https://weworkremotely.com/remote-jobs/search?term=Cloud+Architect,"Global remote live-search pack. This is a live search link, not one fixed vacancy."
job-00904,Cloud Architect — WeWorkRemotely Live Search,Africa Remote,Live Job Search,Africa Remote,Live / varies,Possibly Available,,2026-07-20,Platform-Indexed Vacancy,B,59,https://weworkremotely.com/remote-jobs/search?term=Cloud+Architect,"Global remote live-search pack. This is a live search link, not one fixed vacancy."
job-00905,Cloud Architect — WeWorkRemotely Live Search,Middle East Remote,Live Job Search,Middle East Remote,Live / varies,Possibly Available,,2026-07-20,Platform-Indexed Vacancy,B,59,https://weworkremotely.com/remote-jobs/search?term=Cloud+Architect,"Global remote live-search pack. This is a live search link, not one fixed vacancy."
job-00906,Cyber Security Consultant - Manager,RSM Kuwait,Cybersecurity & Security Architecture,Kuwait,Kuwait,Expired,,2026-07-20,Platform-Indexed Vacancy,B,59,https://www.linkedin.com/jobs/view/4422353081/,Cybersecurity consulting experience
job-00907,Data Architect — Bayt Live Search,Saudi Arabia,Live Job Search,Saudi Arabia,Live / varies,Possibly Available,,2026-07-20,Platform-Indexed Vacancy,B,59,https://www.bayt.com/en/saudi-arabia/jobs/Data%20Architect-jobs/,"GCC live-search pack. This is a live search link, not one fixed vacancy."
job-00908,Data Architect — Bayt Live Search,United Arab Emirates,Live Job Search,United Arab Emirates,Live / varies,Possibly Available,,2026-07-20,Platform-Indexed Vacancy,B,59,https://www.bayt.com/en/united-arab-emirates/jobs/Data%20Architect-jobs/,"GCC live-search pack. This is a live search link, not one fixed vacancy."
job-00909,Data Architect — Bayt Live Search,Qatar,Live Job Search,Qatar,Live / varies,Possibly Available,,2026-07-20,Platform-Indexed Vacancy,B,59,https://www.bayt.com/en/qatar/jobs/Data%20Architect-jobs/,"GCC live-search pack. This is a live search link, not one fixed vacancy."
job-00910,Data Architect — Bayt Live Search,Kuwait,Live Job Search,Kuwait,Live / varies,Possibly Available,,2026-07-20,Platform-Indexed Vacancy,B,59,https://www.bayt.com/en/kuwait/jobs/Data%20Architect-jobs/,"GCC live-search pack. This is a live search link, not one fixed vacancy."
job-00911,Data Architect — Bayt Live Search,Oman,Live Job Search,Oman,Live / varies,Possibly Available,,2026-07-20,Platform-Indexed Vacancy,B,59,https://www.bayt.com/en/oman/jobs/Data%20Architect-jobs/,"GCC live-search pack. This is a live search link, not one fixed vacancy."
job-00912,Data Architect — Bayt Live Search,Bahrain,Live Job Search,Bahrain,Live / varies,Possibly Available,,2026-07-20,Platform-Indexed Vacancy,B,59,https://www.bayt.com/en/bahrain/jobs/Data%20Architect-jobs/,"GCC live-search pack. This is a live search link, not one fixed vacancy."
job-00913,Data Architect — GulfTalent Live Search,Saudi Arabia,Live Job Search,Saudi Arabia,Live / varies,Possibly Available,,2026-07-20,Platform-Indexed Vacancy,B,59,https://www.gulftalent.com/jobs?keywords=Data+Architect,"GCC live-search pack. This is a live search link, not one fixed vacancy."
job-00914,Data Architect — GulfTalent Live Search,United Arab Emirates,Live Job Search,United Arab Emirates,Live / varies,Possibly Available,,2026-07-20,Platform-Indexed Vacancy,B,59,https://www.gulftalent.com/jobs?keywords=Data+Architect,"GCC live-search pack. This is a live search link, not one fixed vacancy."
job-00915,Data Architect — GulfTalent Live Search,Qatar,Live Job Search,Qatar,Live / varies,Possibly Available,,2026-07-20,Platform-Indexed Vacancy,B,59,https://www.gulftalent.com/jobs?keywords=Data+Architect,"GCC live-search pack. This is a live search link, not one fixed vacancy."
job-00916,Data Architect — GulfTalent Live Search,Kuwait,Live Job Search,Kuwait,Live / varies,Possibly Available,,2026-07-20,Platform-Indexed Vacancy,B,59,https://www.gulftalent.com/jobs?keywords=Data+Architect,"GCC live-search pack. This is a live search link, not one fixed vacancy."
job-00917,Data Architect — GulfTalent Live Search,Oman,Live Job Search,Oman,Live / varies,Possibly Available,,2026-07-20,Platform-Indexed Vacancy,B,59,https://www.gulftalent.com/jobs?keywords=Data+Architect,"GCC live-search pack. This is a live search link, not one fixed vacancy."
job-00918,Data Architect — GulfTalent Live Search,Bahrain,Live Job Search,Bahrain,Live / varies,Possibly Available,,2026-07-20,Platform-Indexed Vacancy,B,59,https://www.gulftalent.com/jobs?keywords=Data+Architect,"GCC live-search pack. This is a live search link, not one fixed vacancy."
job-00919,Data Architect — LinkedIn Live Search,Saudi Arabia,Live Job Search,Saudi Arabia,Live / varies,Possibly Available,,2026-07-20,Platform-Indexed Vacancy,B,59,https://www.linkedin.com/jobs/search/?keywords=Data+Architect&sortBy=DD&location=Saudi+Arabia,"GCC live-search pack. This is a live search link, not one fixed vacancy."
job-00920,Data Architect — LinkedIn Live Search,United Arab Emirates,Live Job Search,United Arab Emirates,Live / varies,Possibly Available,,2026-07-20,Platform-Indexed Vacancy,B,59,https://www.linkedin.com/jobs/search/?keywords=Data+Architect&sortBy=DD&location=United+Arab+Emirates,"GCC live-search pack. This is a live search link, not one fixed vacancy."
job-00921,Data Architect — LinkedIn Live Search,Qatar,Live Job Search,Qatar,Live / varies,Possibly Available,,2026-07-20,Platform-Indexed Vacancy,B,59,https://www.linkedin.com/jobs/search/?keywords=Data+Architect&sortBy=DD&location=Qatar,"GCC live-search pack. This is a live search link, not one fixed vacancy."
job-00922,Data Architect — LinkedIn Live Search,Kuwait,Live Job Search,Kuwait,Live / varies,Possibly Available,,2026-07-20,Platform-Indexed Vacancy,B,59,https://www.linkedin.com/jobs/search/?keywords=Data+Architect&sortBy=DD&location=Kuwait,"GCC live-search pack. This is a live search link, not one fixed vacancy."
job-00923,Data Architect — LinkedIn Live Search,Oman,Live Job Search,Oman,Live / varies,Possibly Available,,2026-07-20,Platform-Indexed Vacancy,B,59,https://www.linkedin.com/jobs/search/?keywords=Data+Architect&sortBy=DD&location=Oman,"GCC live-search pack. This is a live search link, not one fixed vacancy."
job-00924,Data Architect — LinkedIn Live Search,Bahrain,Live Job Search,Bahrain,Live / varies,Possibly Available,,2026-07-20,Platform-Indexed Vacancy,B,59,https://www.linkedin.com/jobs/search/?keywords=Data+Architect&sortBy=DD&location=Bahrain,"GCC live-search pack. This is a live search link, not one fixed vacancy."
job-00925,Data Architect — LinkedIn Live Search,Worldwide Remote,Live Job Search,Worldwide Remote,Live / varies,Possibly Available,,2026-07-20,Platform-Indexed Vacancy,B,59,https://www.linkedin.com/jobs/search/?keywords=Data+Architect&sortBy=DD&location=Worldwide+Remote,"Global remote live-search pack. This is a live search link, not one fixed vacancy."
job-00926,Data Architect — LinkedIn Live Search,EMEA Remote,Live Job Search,EMEA Remote,Live / varies,Possibly Available,,2026-07-20,Platform-Indexed Vacancy,B,59,https://www.linkedin.com/jobs/search/?keywords=Data+Architect&sortBy=DD&location=EMEA+Remote,"Global remote live-search pack. This is a live search link, not one fixed vacancy."
job-00927,Data Architect — LinkedIn Live Search,Africa Remote,Live Job Search,Africa Remote,Live / varies,Possibly Available,,2026-07-20,Platform-Indexed Vacancy,B,59,https://www.linkedin.com/jobs/search/?keywords=Data+Architect&sortBy=DD&location=Africa+Remote,"Global remote live-search pack. This is a live search link, not one fixed vacancy."
job-00928,Data Architect — LinkedIn Live Search,Middle East Remote,Live Job Search,Middle East Remote,Live / varies,Possibly Available,,2026-07-20,Platform-Indexed Vacancy,B,59,https://www.linkedin.com/jobs/search/?keywords=Data+Architect&sortBy=DD&location=Middle+East+Remote,"Global remote live-search pack. This is a live search link, not one fixed vacancy."
job-00929,Data Architect — RemoteOK Live Search,Worldwide Remote,Live Job Search,Worldwide Remote,Live / varies,Possibly Available,,2026-07-20,Platform-Indexed Vacancy,B,59,https://remoteok.com/remote-data-architect-jobs,"Global remote live-search pack. This is a live search link, not one fixed vacancy."
job-00930,Data Architect — RemoteOK Live Search,EMEA Remote,Live Job Search,EMEA Remote,Live / varies,Possibly Available,,2026-07-20,Platform-Indexed Vacancy,B,59,https://remoteok.com/remote-data-architect-jobs,"Global remote live-search pack. This is a live search link, not one fixed vacancy."
job-00931,Data Architect — RemoteOK Live Search,Africa Remote,Live Job Search,Africa Remote,Live / varies,Possibly Available,,2026-07-20,Platform-Indexed Vacancy,B,59,https://remoteok.com/remote-data-architect-jobs,"Global remote live-search pack. This is a live search link, not one fixed vacancy."
job-00932,Data Architect — RemoteOK Live Search,Middle East Remote,Live Job Search,Middle East Remote,Live / varies,Possibly Available,,2026-07-20,Platform-Indexed Vacancy,B,59,https://remoteok.com/remote-data-architect-jobs,"Global remote live-search pack. This is a live search link, not one fixed vacancy."
job-00933,Data Architect — Wellfound Live Search,Worldwide Remote,Live Job Search,Worldwide Remote,Live / varies,Possibly Available,,2026-07-20,Platform-Indexed Vacancy,B,59,https://wellfound.com/jobs?q=Data+Architect&remote=True,"Global remote live-search pack. This is a live search link, not one fixed vacancy."
job-00934,Data Architect — Wellfound Live Search,EMEA Remote,Live Job Search,EMEA Remote,Live / varies,Possibly Available,,2026-07-20,Platform-Indexed Vacancy,B,59,https://wellfound.com/jobs?q=Data+Architect&remote=True,"Global remote live-search pack. This is a live search link, not one fixed vacancy."
job-00935,Data Architect — Wellfound Live Search,Africa Remote,Live Job Search,Africa Remote,Live / varies,Possibly Available,,2026-07-20,Platform-Indexed Vacancy,B,59,https://wellfound.com/jobs?q=Data+Architect&remote=True,"Global remote live-search pack. This is a live search link, not one fixed vacancy."
job-00936,Data Architect — Wellfound Live Search,Middle East Remote,Live Job Search,Middle East Remote,Live / varies,Possibly Available,,2026-07-20,Platform-Indexed Vacancy,B,59,https://wellfound.com/jobs?q=Data+Architect&remote=True,"Global remote live-search pack. This is a live search link, not one fixed vacancy."
job-00937,Data Architect — WeWorkRemotely Live Search,Worldwide Remote,Live Job Search,Worldwide Remote,Live / varies,Possibly Available,,2026-07-20,Platform-Indexed Vacancy,B,59,https://weworkremotely.com/remote-jobs/search?term=Data+Architect,"Global remote live-search pack. This is a live search link, not one fixed vacancy."
job-00938,Data Architect — WeWorkRemotely Live Search,EMEA Remote,Live Job Search,EMEA Remote,Live / varies,Possibly Available,,2026-07-20,Platform-Indexed Vacancy,B,59,https://weworkremotely.com/remote-jobs/search?term=Data+Architect,"Global remote live-search pack. This is a live search link, not one fixed vacancy."
job-00939,Data Architect — WeWorkRemotely Live Search,Africa Remote,Live Job Search,Africa Remote,Live / varies,Possibly Available,,2026-07-20,Platform-Indexed Vacancy,B,59,https://weworkremotely.com/remote-jobs/search?term=Data+Architect,"Global remote live-search pack. This is a live search link, not one fixed vacancy."
job-00940,Data Architect — WeWorkRemotely Live Search,Middle East Remote,Live Job Search,Middle East Remote,Live / varies,Possibly Available,,2026-07-20,Platform-Indexed Vacancy,B,59,https://weworkremotely.com/remote-jobs/search?term=Data+Architect,"Global remote live-search pack. This is a live search link, not one fixed vacancy."
job-00941,Digital Transformation Consultant - Project Based,Al Emadi Enterprises,Digital Transformation & Strategy,Qatar,Doha,Expired,,2026-07-20,Platform-Indexed Vacancy,B,59,https://qa.linkedin.com/jobs/view/digital-transformation-consultant-project-based-at-al-emadi-enterprises-4404162778,Project-based engagement
job-00942,Digital Transformation Manager — Google Live Search,Kenya,Live Job Search,Kenya,Live / varies,Possibly Available,,2026-07-20,Platform-Indexed Vacancy,B,59,https://www.google.com/search?q=Kenya+Digital+Transformation+Manager+jobs+posted+this+week,"Africa live-search pack. This is a live search link, not one fixed vacancy."
job-00943,Digital Transformation Manager — Google Live Search,Nigeria,Live Job Search,Nigeria,Live / varies,Possibly Available,,2026-07-20,Platform-Indexed Vacancy,B,59,https://www.google.com/search?q=Nigeria+Digital+Transformation+Manager+jobs+posted+this+week,"Africa live-search pack. This is a live search link, not one fixed vacancy."
job-00944,Digital Transformation Manager — Google Live Search,Ghana,Live Job Search,Ghana,Live / varies,Possibly Available,,2026-07-20,Platform-Indexed Vacancy,B,59,https://www.google.com/search?q=Ghana+Digital+Transformation+Manager+jobs+posted+this+week,"Africa live-search pack. This is a live search link, not one fixed vacancy."
job-00945,Digital Transformation Manager — Google Live Search,South Africa,Live Job Search,South Africa,Live / varies,Possibly Available,,2026-07-20,Platform-Indexed Vacancy,B,59,https://www.google.com/search?q=South+Africa+Digital+Transformation+Manager+jobs+posted+this+week,"Africa live-search pack. This is a live search link, not one fixed vacancy."
job-00946,Digital Transformation Manager — Google Live Search,Rwanda,Live Job Search,Rwanda,Live / varies,Possibly Available,,2026-07-20,Platform-Indexed Vacancy,B,59,https://www.google.com/search?q=Rwanda+Digital+Transformation+Manager+jobs+posted+this+week,"Africa live-search pack. This is a live search link, not one fixed vacancy."
job-00947,Digital Transformation Manager — Google Live Search,Uganda,Live Job Search,Uganda,Live / varies,Possibly Available,,2026-07-20,Platform-Indexed Vacancy,B,59,https://www.google.com/search?q=Uganda+Digital+Transformation+Manager+jobs+posted+this+week,"Africa live-search pack. This is a live search link, not one fixed vacancy."
job-00948,Digital Transformation Manager — Google Live Search,Tanzania,Live Job Search,Tanzania,Live / varies,Possibly Available,,2026-07-20,Platform-Indexed Vacancy,B,59,https://www.google.com/search?q=Tanzania+Digital+Transformation+Manager+jobs+posted+this+week,"Africa live-search pack. This is a live search link, not one fixed vacancy."
job-00949,Digital Transformation Manager — Google Live Search,Ethiopia,Live Job Search,Ethiopia,Live / varies,Possibly Available,,2026-07-20,Platform-Indexed Vacancy,B,59,https://www.google.com/search?q=Ethiopia+Digital+Transformation+Manager+jobs+posted+this+week,"Africa live-search pack. This is a live search link, not one fixed vacancy."
job-00950,Digital Transformation Manager — LinkedIn Live Search,Kenya,Live Job Search,Kenya,Live / varies,Possibly Available,,2026-07-20,Platform-Indexed Vacancy,B,59,https://www.linkedin.com/jobs/search/?keywords=Digital+Transformation+Manager&sortBy=DD&location=Kenya,"Africa live-search pack. This is a live search link, not one fixed vacancy."
job-00951,Digital Transformation Manager — LinkedIn Live Search,Nigeria,Live Job Search,Nigeria,Live / varies,Possibly Available,,2026-07-20,Platform-Indexed Vacancy,B,59,https://www.linkedin.com/jobs/search/?keywords=Digital+Transformation+Manager&sortBy=DD&location=Nigeria,"Africa live-search pack. This is a live search link, not one fixed vacancy."
job-00952,Digital Transformation Manager — LinkedIn Live Search,Ghana,Live Job Search,Ghana,Live / varies,Possibly Available,,2026-07-20,Platform-Indexed Vacancy,B,59,https://www.linkedin.com/jobs/search/?keywords=Digital+Transformation+Manager&sortBy=DD&location=Ghana,"Africa live-search pack. This is a live search link, not one fixed vacancy."
job-00953,Digital Transformation Manager — LinkedIn Live Search,South Africa,Live Job Search,South Africa,Live / varies,Possibly Available,,2026-07-20,Platform-Indexed Vacancy,B,59,https://www.linkedin.com/jobs/search/?keywords=Digital+Transformation+Manager&sortBy=DD&location=South+Africa,"Africa live-search pack. This is a live search link, not one fixed vacancy."
job-00954,Digital Transformation Manager — LinkedIn Live Search,Rwanda,Live Job Search,Rwanda,Live / varies,Possibly Available,,2026-07-20,Platform-Indexed Vacancy,B,59,https://www.linkedin.com/jobs/search/?keywords=Digital+Transformation+Manager&sortBy=DD&location=Rwanda,"Africa live-search pack. This is a live search link, not one fixed vacancy."
job-00955,Digital Transformation Manager — LinkedIn Live Search,Uganda,Live Job Search,Uganda,Live / varies,Possibly Available,,2026-07-20,Platform-Indexed Vacancy,B,59,https://www.linkedin.com/jobs/search/?keywords=Digital+Transformation+Manager&sortBy=DD&location=Uganda,"Africa live-search pack. This is a live search link, not one fixed vacancy."
job-00956,Digital Transformation Manager — LinkedIn Live Search,Tanzania,Live Job Search,Tanzania,Live / varies,Possibly Available,,2026-07-20,Platform-Indexed Vacancy,B,59,https://www.linkedin.com/jobs/search/?keywords=Digital+Transformation+Manager&sortBy=DD&location=Tanzania,"Africa live-search pack. This is a live search link, not one fixed vacancy."
job-00957,Digital Transformation Manager — LinkedIn Live Search,Ethiopia,Live Job Search,Ethiopia,Live / varies,Possibly Available,,2026-07-20,Platform-Indexed Vacancy,B,59,https://www.linkedin.com/jobs/search/?keywords=Digital+Transformation+Manager&sortBy=DD&location=Ethiopia,"Africa live-search pack. This is a live search link, not one fixed vacancy."
job-00958,Digital Transformation Project Manager,World Vision,Programme & Delivery,Kenya,Kenya,Possibly Available,2026-07-06,2026-07-20,Platform-Indexed Vacancy,B,59,https://ke.linkedin.com/jobs/it-director-jobs,"Verify eligibility, deadline and work authorization on the linked source before applying."
job-00959,Enterprise Applications Manager — Google Live Search,Kenya,Live Job Search,Kenya,Live / varies,Possibly Available,,2026-07-20,Platform-Indexed Vacancy,B,59,https://www.google.com/search?q=Kenya+Enterprise+Applications+Manager+jobs+posted+this+week,"Africa live-search pack. This is a live search link, not one fixed vacancy."
job-00960,Enterprise Applications Manager — Google Live Search,Nigeria,Live Job Search,Nigeria,Live / varies,Possibly Available,,2026-07-20,Platform-Indexed Vacancy,B,59,https://www.google.com/search?q=Nigeria+Enterprise+Applications+Manager+jobs+posted+this+week,"Africa live-search pack. This is a live search link, not one fixed vacancy."
job-00961,Enterprise Applications Manager — Google Live Search,Ghana,Live Job Search,Ghana,Live / varies,Possibly Available,,2026-07-20,Platform-Indexed Vacancy,B,59,https://www.google.com/search?q=Ghana+Enterprise+Applications+Manager+jobs+posted+this+week,"Africa live-search pack. This is a live search link, not one fixed vacancy."
job-00962,Enterprise Applications Manager — Google Live Search,South Africa,Live Job Search,South Africa,Live / varies,Possibly Available,,2026-07-20,Platform-Indexed Vacancy,B,59,https://www.google.com/search?q=South+Africa+Enterprise+Applications+Manager+jobs+posted+this+week,"Africa live-search pack. This is a live search link, not one fixed vacancy."
job-00963,Enterprise Applications Manager — Google Live Search,Rwanda,Live Job Search,Rwanda,Live / varies,Possibly Available,,2026-07-20,Platform-Indexed Vacancy,B,59,https://www.google.com/search?q=Rwanda+Enterprise+Applications+Manager+jobs+posted+this+week,"Africa live-search pack. This is a live search link, not one fixed vacancy."
job-00964,Enterprise Applications Manager — Google Live Search,Uganda,Live Job Search,Uganda,Live / varies,Possibly Available,,2026-07-20,Platform-Indexed Vacancy,B,59,https://www.google.com/search?q=Uganda+Enterprise+Applications+Manager+jobs+posted+this+week,"Africa live-search pack. This is a live search link, not one fixed vacancy."
job-00965,Enterprise Applications Manager — Google Live Search,Tanzania,Live Job Search,Tanzania,Live / varies,Possibly Available,,2026-07-20,Platform-Indexed Vacancy,B,59,https://www.google.com/search?q=Tanzania+Enterprise+Applications+Manager+jobs+posted+this+week,"Africa live-search pack. This is a live search link, not one fixed vacancy."
job-00966,Enterprise Applications Manager — Google Live Search,Ethiopia,Live Job Search,Ethiopia,Live / varies,Possibly Available,,2026-07-20,Platform-Indexed Vacancy,B,59,https://www.google.com/search?q=Ethiopia+Enterprise+Applications+Manager+jobs+posted+this+week,"Africa live-search pack. This is a live search link, not one fixed vacancy."
job-00967,Enterprise Applications Manager — LinkedIn Live Search,Kenya,Live Job Search,Kenya,Live / varies,Possibly Available,,2026-07-20,Platform-Indexed Vacancy,B,59,https://www.linkedin.com/jobs/search/?keywords=Enterprise+Applications+Manager&sortBy=DD&location=Kenya,"Africa live-search pack. This is a live search link, not one fixed vacancy."
job-00968,Enterprise Applications Manager — LinkedIn Live Search,Nigeria,Live Job Search,Nigeria,Live / varies,Possibly Available,,2026-07-20,Platform-Indexed Vacancy,B,59,https://www.linkedin.com/jobs/search/?keywords=Enterprise+Applications+Manager&sortBy=DD&location=Nigeria,"Africa live-search pack. This is a live search link, not one fixed vacancy."
job-00969,Enterprise Applications Manager — LinkedIn Live Search,Ghana,Live Job Search,Ghana,Live / varies,Possibly Available,,2026-07-20,Platform-Indexed Vacancy,B,59,https://www.linkedin.com/jobs/search/?keywords=Enterprise+Applications+Manager&sortBy=DD&location=Ghana,"Africa live-search pack. This is a live search link, not one fixed vacancy."
job-00970,Enterprise Applications Manager — LinkedIn Live Search,South Africa,Live Job Search,South Africa,Live / varies,Possibly Available,,2026-07-20,Platform-Indexed Vacancy,B,59,https://www.linkedin.com/jobs/search/?keywords=Enterprise+Applications+Manager&sortBy=DD&location=South+Africa,"Africa live-search pack. This is a live search link, not one fixed vacancy."
job-00971,Enterprise Applications Manager — LinkedIn Live Search,Rwanda,Live Job Search,Rwanda,Live / varies,Possibly Available,,2026-07-20,Platform-Indexed Vacancy,B,59,https://www.linkedin.com/jobs/search/?keywords=Enterprise+Applications+Manager&sortBy=DD&location=Rwanda,"Africa live-search pack. This is a live search link, not one fixed vacancy."
job-00972,Enterprise Applications Manager — LinkedIn Live Search,Uganda,Live Job Search,Uganda,Live / varies,Possibly Available,,2026-07-20,Platform-Indexed Vacancy,B,59,https://www.linkedin.com/jobs/search/?keywords=Enterprise+Applications+Manager&sortBy=DD&location=Uganda,"Africa live-search pack. This is a live search link, not one fixed vacancy."
job-00973,Enterprise Applications Manager — LinkedIn Live Search,Tanzania,Live Job Search,Tanzania,Live / varies,Possibly Available,,2026-07-20,Platform-Indexed Vacancy,B,59,https://www.linkedin.com/jobs/search/?keywords=Enterprise+Applications+Manager&sortBy=DD&location=Tanzania,"Africa live-search pack. This is a live search link, not one fixed vacancy."
job-00974,Enterprise Applications Manager — LinkedIn Live Search,Ethiopia,Live Job Search,Ethiopia,Live / varies,Possibly Available,,2026-07-20,Platform-Indexed Vacancy,B,59,https://www.linkedin.com/jobs/search/?keywords=Enterprise+Applications+Manager&sortBy=DD&location=Ethiopia,"Africa live-search pack. This is a live search link, not one fixed vacancy."
job-00975,IT Strategy Manager — Google Live Search,Kenya,Live Job Search,Kenya,Live / varies,Possibly Available,,2026-07-20,Platform-Indexed Vacancy,B,59,https://www.google.com/search?q=Kenya+IT+Strategy+Manager+jobs+posted+this+week,"Africa live-search pack. This is a live search link, not one fixed vacancy."
job-00976,IT Strategy Manager — Google Live Search,Nigeria,Live Job Search,Nigeria,Live / varies,Possibly Available,,2026-07-20,Platform-Indexed Vacancy,B,59,https://www.google.com/search?q=Nigeria+IT+Strategy+Manager+jobs+posted+this+week,"Africa live-search pack. This is a live search link, not one fixed vacancy."
job-00977,IT Strategy Manager — Google Live Search,Ghana,Live Job Search,Ghana,Live / varies,Possibly Available,,2026-07-20,Platform-Indexed Vacancy,B,59,https://www.google.com/search?q=Ghana+IT+Strategy+Manager+jobs+posted+this+week,"Africa live-search pack. This is a live search link, not one fixed vacancy."
job-00978,IT Strategy Manager — Google Live Search,South Africa,Live Job Search,South Africa,Live / varies,Possibly Available,,2026-07-20,Platform-Indexed Vacancy,B,59,https://www.google.com/search?q=South+Africa+IT+Strategy+Manager+jobs+posted+this+week,"Africa live-search pack. This is a live search link, not one fixed vacancy."
job-00979,IT Strategy Manager — Google Live Search,Rwanda,Live Job Search,Rwanda,Live / varies,Possibly Available,,2026-07-20,Platform-Indexed Vacancy,B,59,https://www.google.com/search?q=Rwanda+IT+Strategy+Manager+jobs+posted+this+week,"Africa live-search pack. This is a live search link, not one fixed vacancy."
job-00980,IT Strategy Manager — Google Live Search,Uganda,Live Job Search,Uganda,Live / varies,Possibly Available,,2026-07-20,Platform-Indexed Vacancy,B,59,https://www.google.com/search?q=Uganda+IT+Strategy+Manager+jobs+posted+this+week,"Africa live-search pack. This is a live search link, not one fixed vacancy."
job-00981,IT Strategy Manager — Google Live Search,Tanzania,Live Job Search,Tanzania,Live / varies,Possibly Available,,2026-07-20,Platform-Indexed Vacancy,B,59,https://www.google.com/search?q=Tanzania+IT+Strategy+Manager+jobs+posted+this+week,"Africa live-search pack. This is a live search link, not one fixed vacancy."
job-00982,IT Strategy Manager — Google Live Search,Ethiopia,Live Job Search,Ethiopia,Live / varies,Possibly Available,,2026-07-20,Platform-Indexed Vacancy,B,59,https://www.google.com/search?q=Ethiopia+IT+Strategy+Manager+jobs+posted+this+week,"Africa live-search pack. This is a live search link, not one fixed vacancy."
job-00983,IT Strategy Manager — LinkedIn Live Search,Kenya,Live Job Search,Kenya,Live / varies,Possibly Available,,2026-07-20,Platform-Indexed Vacancy,B,59,https://www.linkedin.com/jobs/search/?keywords=IT+Strategy+Manager&sortBy=DD&location=Kenya,"Africa live-search pack. This is a live search link, not one fixed vacancy."
job-00984,IT Strategy Manager — LinkedIn Live Search,Nigeria,Live Job Search,Nigeria,Live / varies,Possibly Available,,2026-07-20,Platform-Indexed Vacancy,B,59,https://www.linkedin.com/jobs/search/?keywords=IT+Strategy+Manager&sortBy=DD&location=Nigeria,"Africa live-search pack. This is a live search link, not one fixed vacancy."
job-00985,IT Strategy Manager — LinkedIn Live Search,Ghana,Live Job Search,Ghana,Live / varies,Possibly Available,,2026-07-20,Platform-Indexed Vacancy,B,59,https://www.linkedin.com/jobs/search/?keywords=IT+Strategy+Manager&sortBy=DD&location=Ghana,"Africa live-search pack. This is a live search link, not one fixed vacancy."
job-00986,IT Strategy Manager — LinkedIn Live Search,South Africa,Live Job Search,South Africa,Live / varies,Possibly Available,,2026-07-20,Platform-Indexed Vacancy,B,59,https://www.linkedin.com/jobs/search/?keywords=IT+Strategy+Manager&sortBy=DD&location=South+Africa,"Africa live-search pack. This is a live search link, not one fixed vacancy."
job-00987,IT Strategy Manager — LinkedIn Live Search,Rwanda,Live Job Search,Rwanda,Live / varies,Possibly Available,,2026-07-20,Platform-Indexed Vacancy,B,59,https://www.linkedin.com/jobs/search/?keywords=IT+Strategy+Manager&sortBy=DD&location=Rwanda,"Africa live-search pack. This is a live search link, not one fixed vacancy."
job-00988,IT Strategy Manager — LinkedIn Live Search,Uganda,Live Job Search,Uganda,Live / varies,Possibly Available,,2026-07-20,Platform-Indexed Vacancy,B,59,https://www.linkedin.com/jobs/search/?keywords=IT+Strategy+Manager&sortBy=DD&location=Uganda,"Africa live-search pack. This is a live search link, not one fixed vacancy."
job-00989,IT Strategy Manager — LinkedIn Live Search,Tanzania,Live Job Search,Tanzania,Live / varies,Possibly Available,,2026-07-20,Platform-Indexed Vacancy,B,59,https://www.linkedin.com/jobs/search/?keywords=IT+Strategy+Manager&sortBy=DD&location=Tanzania,"Africa live-search pack. This is a live search link, not one fixed vacancy."
job-00990,IT Strategy Manager — LinkedIn Live Search,Ethiopia,Live Job Search,Ethiopia,Live / varies,Possibly Available,,2026-07-20,Platform-Indexed Vacancy,B,59,https://www.linkedin.com/jobs/search/?keywords=IT+Strategy+Manager&sortBy=DD&location=Ethiopia,"Africa live-search pack. This is a live search link, not one fixed vacancy."
job-00991,Senior Manager - Cybersecurity Risk Management,Qiddiya Investment Company,Cybersecurity & Security Architecture,Saudi Arabia,Riyadh,Expired,,2026-07-20,Platform-Indexed Vacancy,A,59,https://jobs.workable.com/view/ihrEDj6TaJKTjLXAwJKknH/senior-manager---cybersecurity-risk-management-in-riyadh-at-qiddiya-investment-company,
job-00992,Software Architect - Containers / Virtualisation,Canonical,"Cloud, Infrastructure & IT Operations",EMEA & Americas,Home based,Expired,,2026-07-20,Platform-Indexed Vacancy,A,59,https://canonical.com/careers/5881447/software-architect-containers-virtualisation-remote,EMEA / Americas remote
job-00993,Solution Architect — Google Live Search,Kenya,Live Job Search,Kenya,Live / varies,Possibly Available,,2026-07-20,Platform-Indexed Vacancy,B,59,https://www.google.com/search?q=Kenya+Solution+Architect+jobs+posted+this+week,"Africa live-search pack. This is a live search link, not one fixed vacancy."
job-00994,Solution Architect — Google Live Search,Nigeria,Live Job Search,Nigeria,Live / varies,Possibly Available,,2026-07-20,Platform-Indexed Vacancy,B,59,https://www.google.com/search?q=Nigeria+Solution+Architect+jobs+posted+this+week,"Africa live-search pack. This is a live search link, not one fixed vacancy."
job-00995,Solution Architect — Google Live Search,Ghana,Live Job Search,Ghana,Live / varies,Possibly Available,,2026-07-20,Platform-Indexed Vacancy,B,59,https://www.google.com/search?q=Ghana+Solution+Architect+jobs+posted+this+week,"Africa live-search pack. This is a live search link, not one fixed vacancy."
job-00996,Solution Architect — Google Live Search,South Africa,Live Job Search,South Africa,Live / varies,Possibly Available,,2026-07-20,Platform-Indexed Vacancy,B,59,https://www.google.com/search?q=South+Africa+Solution+Architect+jobs+posted+this+week,"Africa live-search pack. This is a live search link, not one fixed vacancy."
job-00997,Solution Architect — Google Live Search,Rwanda,Live Job Search,Rwanda,Live / varies,Possibly Available,,2026-07-20,Platform-Indexed Vacancy,B,59,https://www.google.com/search?q=Rwanda+Solution+Architect+jobs+posted+this+week,"Africa live-search pack. This is a live search link, not one fixed vacancy."
job-00998,Solution Architect — Google Live Search,Uganda,Live Job Search,Uganda,Live / varies,Possibly Available,,2026-07-20,Platform-Indexed Vacancy,B,59,https://www.google.com/search?q=Uganda+Solution+Architect+jobs+posted+this+week,"Africa live-search pack. This is a live search link, not one fixed vacancy."
job-00999,Solution Architect — Google Live Search,Tanzania,Live Job Search,Tanzania,Live / varies,Possibly Available,,2026-07-20,Platform-Indexed Vacancy,B,59,https://www.google.com/search?q=Tanzania+Solution+Architect+jobs+posted+this+week,"Africa live-search pack. This is a live search link, not one fixed vacancy."
job-01000,Solution Architect — Google Live Search,Ethiopia,Live Job Search,Ethiopia,Live / varies,Possibly Available,,2026-07-20,Platform-Indexed Vacancy,B,59,https://www.google.com/search?q=Ethiopia+Solution+Architect+jobs+posted+this+week,"Africa live-search pack. This is a live search link, not one fixed vacancy."
job-01001,Solution Architect — LinkedIn Live Search,Kenya,Live Job Search,Kenya,Live / varies,Possibly Available,,2026-07-20,Platform-Indexed Vacancy,B,59,https://www.linkedin.com/jobs/search/?keywords=Solution+Architect&sortBy=DD&location=Kenya,"Africa live-search pack. This is a live search link, not one fixed vacancy."
job-01002,Solution Architect — LinkedIn Live Search,Nigeria,Live Job Search,Nigeria,Live / varies,Possibly Available,,2026-07-20,Platform-Indexed Vacancy,B,59,https://www.linkedin.com/jobs/search/?keywords=Solution+Architect&sortBy=DD&location=Nigeria,"Africa live-search pack. This is a live search link, not one fixed vacancy."
job-01003,Solution Architect — LinkedIn Live Search,Ghana,Live Job Search,Ghana,Live / varies,Possibly Available,,2026-07-20,Platform-Indexed Vacancy,B,59,https://www.linkedin.com/jobs/search/?keywords=Solution+Architect&sortBy=DD&location=Ghana,"Africa live-search pack. This is a live search link, not one fixed vacancy."
job-01004,Solution Architect — LinkedIn Live Search,South Africa,Live Job Search,South Africa,Live / varies,Possibly Available,,2026-07-20,Platform-Indexed Vacancy,B,59,https://www.linkedin.com/jobs/search/?keywords=Solution+Architect&sortBy=DD&location=South+Africa,"Africa live-search pack. This is a live search link, not one fixed vacancy."
job-01005,Solution Architect — LinkedIn Live Search,Rwanda,Live Job Search,Rwanda,Live / varies,Possibly Available,,2026-07-20,Platform-Indexed Vacancy,B,59,https://www.linkedin.com/jobs/search/?keywords=Solution+Architect&sortBy=DD&location=Rwanda,"Africa live-search pack. This is a live search link, not one fixed vacancy."
job-01006,Solution Architect — LinkedIn Live Search,Uganda,Live Job Search,Uganda,Live / varies,Possibly Available,,2026-07-20,Platform-Indexed Vacancy,B,59,https://www.linkedin.com/jobs/search/?keywords=Solution+Architect&sortBy=DD&location=Uganda,"Africa live-search pack. This is a live search link, not one fixed vacancy."
job-01007,Solution Architect — LinkedIn Live Search,Tanzania,Live Job Search,Tanzania,Live / varies,Possibly Available,,2026-07-20,Platform-Indexed Vacancy,B,59,https://www.linkedin.com/jobs/search/?keywords=Solution+Architect&sortBy=DD&location=Tanzania,"Africa live-search pack. This is a live search link, not one fixed vacancy."
job-01008,Solution Architect — LinkedIn Live Search,Ethiopia,Live Job Search,Ethiopia,Live / varies,Possibly Available,,2026-07-20,Platform-Indexed Vacancy,B,59,https://www.linkedin.com/jobs/search/?keywords=Solution+Architect&sortBy=DD&location=Ethiopia,"Africa live-search pack. This is a live search link, not one fixed vacancy."
job-01009,Technology Strategy & Governance Head,Robert Walters client,IT Governance & Service Management,Bahrain,Bahrain,Expired,2026-07-20,2026-07-20,Platform-Indexed Vacancy,B,59,https://sg.linkedin.com/jobs/view/technology-strategy-governance-head-based-in-bahrain-at-robert-walters-4357419305,Based in Bahrain
job-01010,AI Architect,Deloitte Innovation Hub,AI & Automation,Egypt,Cairo,Possibly Available,2026-07-13,2026-07-20,Platform-Indexed Vacancy,B,58,https://eg.linkedin.com/jobs/digital-transformation-manager-jobs?countryRedirected=1,"Verify eligibility, deadline and work authorization on the linked source before applying."
job-01011,AI Product Manager - Delivery & Operations,SSC HR Solutions,"Program, Project & Delivery Management",Egypt,Cairo,Expired,,2026-07-20,Platform-Indexed Vacancy,A,58,https://jobs.workable.com/view/nnPKoYzBPzxDQYcQQGXZB3/hybrid-ai-product-manager---delivery-%26-operations-in-cairo-at-ssc-hr-solutions,
job-01012,Business Transformation Manager — Bayt Live Search,Egypt,Live Job Search,Egypt,Live / varies,Possibly Available,,2026-07-20,Platform-Indexed Vacancy,B,58,https://www.bayt.com/en/egypt/jobs/Business%20Transformation%20Manager-jobs/,"Egypt live-search pack. This is a live search link, not one fixed vacancy."
job-01013,Business Transformation Manager — Bayt Live Search,Saudi Arabia,Live Job Search,Saudi Arabia,Live / varies,Possibly Available,,2026-07-20,Platform-Indexed Vacancy,B,58,https://www.bayt.com/en/saudi-arabia/jobs/Business%20Transformation%20Manager-jobs/,"GCC live-search pack. This is a live search link, not one fixed vacancy."
job-01014,Business Transformation Manager — Bayt Live Search,United Arab Emirates,Live Job Search,United Arab Emirates,Live / varies,Possibly Available,,2026-07-20,Platform-Indexed Vacancy,B,58,https://www.bayt.com/en/united-arab-emirates/jobs/Business%20Transformation%20Manager-jobs/,"GCC live-search pack. This is a live search link, not one fixed vacancy."
job-01015,Business Transformation Manager — Bayt Live Search,Qatar,Live Job Search,Qatar,Live / varies,Possibly Available,,2026-07-20,Platform-Indexed Vacancy,B,58,https://www.bayt.com/en/qatar/jobs/Business%20Transformation%20Manager-jobs/,"GCC live-search pack. This is a live search link, not one fixed vacancy."
job-01016,Business Transformation Manager — Bayt Live Search,Kuwait,Live Job Search,Kuwait,Live / varies,Possibly Available,,2026-07-20,Platform-Indexed Vacancy,B,58,https://www.bayt.com/en/kuwait/jobs/Business%20Transformation%20Manager-jobs/,"GCC live-search pack. This is a live search link, not one fixed vacancy."
job-01017,Business Transformation Manager — Bayt Live Search,Oman,Live Job Search,Oman,Live / varies,Possibly Available,,2026-07-20,Platform-Indexed Vacancy,B,58,https://www.bayt.com/en/oman/jobs/Business%20Transformation%20Manager-jobs/,"GCC live-search pack. This is a live search link, not one fixed vacancy."
job-01018,Business Transformation Manager — Bayt Live Search,Bahrain,Live Job Search,Bahrain,Live / varies,Possibly Available,,2026-07-20,Platform-Indexed Vacancy,B,58,https://www.bayt.com/en/bahrain/jobs/Business%20Transformation%20Manager-jobs/,"GCC live-search pack. This is a live search link, not one fixed vacancy."
job-01019,Business Transformation Manager — Google Live Search,Egypt,Live Job Search,Egypt,Live / varies,Possibly Available,,2026-07-20,Platform-Indexed Vacancy,B,58,https://www.google.com/search?q=Egypt+Business+Transformation+Manager+jobs+posted+this+week,"Egypt live-search pack. This is a live search link, not one fixed vacancy."
job-01020,Business Transformation Manager — GulfTalent Live Search,Saudi Arabia,Live Job Search,Saudi Arabia,Live / varies,Possibly Available,,2026-07-20,Platform-Indexed Vacancy,B,58,https://www.gulftalent.com/jobs?keywords=Business+Transformation+Manager,"GCC live-search pack. This is a live search link, not one fixed vacancy."
job-01021,Business Transformation Manager — GulfTalent Live Search,United Arab Emirates,Live Job Search,United Arab Emirates,Live / varies,Possibly Available,,2026-07-20,Platform-Indexed Vacancy,B,58,https://www.gulftalent.com/jobs?keywords=Business+Transformation+Manager,"GCC live-search pack. This is a live search link, not one fixed vacancy."
job-01022,Business Transformation Manager — GulfTalent Live Search,Qatar,Live Job Search,Qatar,Live / varies,Possibly Available,,2026-07-20,Platform-Indexed Vacancy,B,58,https://www.gulftalent.com/jobs?keywords=Business+Transformation+Manager,"GCC live-search pack. This is a live search link, not one fixed vacancy."
job-01023,Business Transformation Manager — GulfTalent Live Search,Kuwait,Live Job Search,Kuwait,Live / varies,Possibly Available,,2026-07-20,Platform-Indexed Vacancy,B,58,https://www.gulftalent.com/jobs?keywords=Business+Transformation+Manager,"GCC live-search pack. This is a live search link, not one fixed vacancy."
job-01024,Business Transformation Manager — GulfTalent Live Search,Oman,Live Job Search,Oman,Live / varies,Possibly Available,,2026-07-20,Platform-Indexed Vacancy,B,58,https://www.gulftalent.com/jobs?keywords=Business+Transformation+Manager,"GCC live-search pack. This is a live search link, not one fixed vacancy."
job-01025,Business Transformation Manager — GulfTalent Live Search,Bahrain,Live Job Search,Bahrain,Live / varies,Possibly Available,,2026-07-20,Platform-Indexed Vacancy,B,58,https://www.gulftalent.com/jobs?keywords=Business+Transformation+Manager,"GCC live-search pack. This is a live search link, not one fixed vacancy."
job-01026,Business Transformation Manager — LinkedIn Live Search,Egypt,Live Job Search,Egypt,Live / varies,Possibly Available,,2026-07-20,Platform-Indexed Vacancy,B,58,https://www.linkedin.com/jobs/search/?keywords=Business+Transformation+Manager&sortBy=DD&location=Egypt,"Egypt live-search pack. This is a live search link, not one fixed vacancy."
job-01027,Business Transformation Manager — LinkedIn Live Search,Saudi Arabia,Live Job Search,Saudi Arabia,Live / varies,Possibly Available,,2026-07-20,Platform-Indexed Vacancy,B,58,https://www.linkedin.com/jobs/search/?keywords=Business+Transformation+Manager&sortBy=DD&location=Saudi+Arabia,"GCC live-search pack. This is a live search link, not one fixed vacancy."
job-01028,Business Transformation Manager — LinkedIn Live Search,United Arab Emirates,Live Job Search,United Arab Emirates,Live / varies,Possibly Available,,2026-07-20,Platform-Indexed Vacancy,B,58,https://www.linkedin.com/jobs/search/?keywords=Business+Transformation+Manager&sortBy=DD&location=United+Arab+Emirates,"GCC live-search pack. This is a live search link, not one fixed vacancy."
job-01029,Business Transformation Manager — LinkedIn Live Search,Qatar,Live Job Search,Qatar,Live / varies,Possibly Available,,2026-07-20,Platform-Indexed Vacancy,B,58,https://www.linkedin.com/jobs/search/?keywords=Business+Transformation+Manager&sortBy=DD&location=Qatar,"GCC live-search pack. This is a live search link, not one fixed vacancy."
job-01030,Business Transformation Manager — LinkedIn Live Search,Kuwait,Live Job Search,Kuwait,Live / varies,Possibly Available,,2026-07-20,Platform-Indexed Vacancy,B,58,https://www.linkedin.com/jobs/search/?keywords=Business+Transformation+Manager&sortBy=DD&location=Kuwait,"GCC live-search pack. This is a live search link, not one fixed vacancy."
job-01031,Business Transformation Manager — LinkedIn Live Search,Oman,Live Job Search,Oman,Live / varies,Possibly Available,,2026-07-20,Platform-Indexed Vacancy,B,58,https://www.linkedin.com/jobs/search/?keywords=Business+Transformation+Manager&sortBy=DD&location=Oman,"GCC live-search pack. This is a live search link, not one fixed vacancy."
job-01032,Business Transformation Manager — LinkedIn Live Search,Bahrain,Live Job Search,Bahrain,Live / varies,Possibly Available,,2026-07-20,Platform-Indexed Vacancy,B,58,https://www.linkedin.com/jobs/search/?keywords=Business+Transformation+Manager&sortBy=DD&location=Bahrain,"GCC live-search pack. This is a live search link, not one fixed vacancy."
job-01033,Business Transformation Manager — Wuzzuf Live Search,Egypt,Live Job Search,Egypt,Live / varies,Possibly Available,,2026-07-20,Platform-Indexed Vacancy,B,58,https://wuzzuf.net/search/jobs/?q=Business+Transformation+Manager&a=navbl,"Egypt live-search pack. This is a live search link, not one fixed vacancy."
job-01034,Cybersecurity Manager — Bayt Live Search,Egypt,Live Job Search,Egypt,Live / varies,Possibly Available,,2026-07-20,Platform-Indexed Vacancy,B,58,https://www.bayt.com/en/egypt/jobs/Cybersecurity%20Manager-jobs/,"Egypt live-search pack. This is a live search link, not one fixed vacancy."
job-01035,Cybersecurity Manager — Bayt Live Search,Saudi Arabia,Live Job Search,Saudi Arabia,Live / varies,Possibly Available,,2026-07-20,Platform-Indexed Vacancy,B,58,https://www.bayt.com/en/saudi-arabia/jobs/Cybersecurity%20Manager-jobs/,"GCC live-search pack. This is a live search link, not one fixed vacancy."
job-01036,Cybersecurity Manager — Bayt Live Search,United Arab Emirates,Live Job Search,United Arab Emirates,Live / varies,Possibly Available,,2026-07-20,Platform-Indexed Vacancy,B,58,https://www.bayt.com/en/united-arab-emirates/jobs/Cybersecurity%20Manager-jobs/,"GCC live-search pack. This is a live search link, not one fixed vacancy."
job-01037,Cybersecurity Manager — Bayt Live Search,Qatar,Live Job Search,Qatar,Live / varies,Possibly Available,,2026-07-20,Platform-Indexed Vacancy,B,58,https://www.bayt.com/en/qatar/jobs/Cybersecurity%20Manager-jobs/,"GCC live-search pack. This is a live search link, not one fixed vacancy."
job-01038,Cybersecurity Manager — Bayt Live Search,Kuwait,Live Job Search,Kuwait,Live / varies,Possibly Available,,2026-07-20,Platform-Indexed Vacancy,B,58,https://www.bayt.com/en/kuwait/jobs/Cybersecurity%20Manager-jobs/,"GCC live-search pack. This is a live search link, not one fixed vacancy."
job-01039,Cybersecurity Manager — Bayt Live Search,Oman,Live Job Search,Oman,Live / varies,Possibly Available,,2026-07-20,Platform-Indexed Vacancy,B,58,https://www.bayt.com/en/oman/jobs/Cybersecurity%20Manager-jobs/,"GCC live-search pack. This is a live search link, not one fixed vacancy."
job-01040,Cybersecurity Manager — Bayt Live Search,Bahrain,Live Job Search,Bahrain,Live / varies,Possibly Available,,2026-07-20,Platform-Indexed Vacancy,B,58,https://www.bayt.com/en/bahrain/jobs/Cybersecurity%20Manager-jobs/,"GCC live-search pack. This is a live search link, not one fixed vacancy."
job-01041,Cybersecurity Manager — Google Live Search,Egypt,Live Job Search,Egypt,Live / varies,Possibly Available,,2026-07-20,Platform-Indexed Vacancy,B,58,https://www.google.com/search?q=Egypt+Cybersecurity+Manager+jobs+posted+this+week,"Egypt live-search pack. This is a live search link, not one fixed vacancy."
job-01042,Cybersecurity Manager — GulfTalent Live Search,Saudi Arabia,Live Job Search,Saudi Arabia,Live / varies,Possibly Available,,2026-07-20,Platform-Indexed Vacancy,B,58,https://www.gulftalent.com/jobs?keywords=Cybersecurity+Manager,"GCC live-search pack. This is a live search link, not one fixed vacancy."
job-01043,Cybersecurity Manager — GulfTalent Live Search,United Arab Emirates,Live Job Search,United Arab Emirates,Live / varies,Possibly Available,,2026-07-20,Platform-Indexed Vacancy,B,58,https://www.gulftalent.com/jobs?keywords=Cybersecurity+Manager,"GCC live-search pack. This is a live search link, not one fixed vacancy."
job-01044,Cybersecurity Manager — GulfTalent Live Search,Qatar,Live Job Search,Qatar,Live / varies,Possibly Available,,2026-07-20,Platform-Indexed Vacancy,B,58,https://www.gulftalent.com/jobs?keywords=Cybersecurity+Manager,"GCC live-search pack. This is a live search link, not one fixed vacancy."
job-01045,Cybersecurity Manager — GulfTalent Live Search,Kuwait,Live Job Search,Kuwait,Live / varies,Possibly Available,,2026-07-20,Platform-Indexed Vacancy,B,58,https://www.gulftalent.com/jobs?keywords=Cybersecurity+Manager,"GCC live-search pack. This is a live search link, not one fixed vacancy."
job-01046,Cybersecurity Manager — GulfTalent Live Search,Oman,Live Job Search,Oman,Live / varies,Possibly Available,,2026-07-20,Platform-Indexed Vacancy,B,58,https://www.gulftalent.com/jobs?keywords=Cybersecurity+Manager,"GCC live-search pack. This is a live search link, not one fixed vacancy."
job-01047,Cybersecurity Manager — GulfTalent Live Search,Bahrain,Live Job Search,Bahrain,Live / varies,Possibly Available,,2026-07-20,Platform-Indexed Vacancy,B,58,https://www.gulftalent.com/jobs?keywords=Cybersecurity+Manager,"GCC live-search pack. This is a live search link, not one fixed vacancy."
job-01048,Cybersecurity Manager — LinkedIn Live Search,Egypt,Live Job Search,Egypt,Live / varies,Possibly Available,,2026-07-20,Platform-Indexed Vacancy,B,58,https://www.linkedin.com/jobs/search/?keywords=Cybersecurity+Manager&sortBy=DD&location=Egypt,"Egypt live-search pack. This is a live search link, not one fixed vacancy."
job-01049,Cybersecurity Manager — LinkedIn Live Search,Saudi Arabia,Live Job Search,Saudi Arabia,Live / varies,Possibly Available,,2026-07-20,Platform-Indexed Vacancy,B,58,https://www.linkedin.com/jobs/search/?keywords=Cybersecurity+Manager&sortBy=DD&location=Saudi+Arabia,"GCC live-search pack. This is a live search link, not one fixed vacancy."
job-01050,Cybersecurity Manager — LinkedIn Live Search,United Arab Emirates,Live Job Search,United Arab Emirates,Live / varies,Possibly Available,,2026-07-20,Platform-Indexed Vacancy,B,58,https://www.linkedin.com/jobs/search/?keywords=Cybersecurity+Manager&sortBy=DD&location=United+Arab+Emirates,"GCC live-search pack. This is a live search link, not one fixed vacancy."
job-01051,Cybersecurity Manager — LinkedIn Live Search,Qatar,Live Job Search,Qatar,Live / varies,Possibly Available,,2026-07-20,Platform-Indexed Vacancy,B,58,https://www.linkedin.com/jobs/search/?keywords=Cybersecurity+Manager&sortBy=DD&location=Qatar,"GCC live-search pack. This is a live search link, not one fixed vacancy."
job-01052,Cybersecurity Manager — LinkedIn Live Search,Kuwait,Live Job Search,Kuwait,Live / varies,Possibly Available,,2026-07-20,Platform-Indexed Vacancy,B,58,https://www.linkedin.com/jobs/search/?keywords=Cybersecurity+Manager&sortBy=DD&location=Kuwait,"GCC live-search pack. This is a live search link, not one fixed vacancy."
job-01053,Cybersecurity Manager — LinkedIn Live Search,Oman,Live Job Search,Oman,Live / varies,Possibly Available,,2026-07-20,Platform-Indexed Vacancy,B,58,https://www.linkedin.com/jobs/search/?keywords=Cybersecurity+Manager&sortBy=DD&location=Oman,"GCC live-search pack. This is a live search link, not one fixed vacancy."
job-01054,Cybersecurity Manager — LinkedIn Live Search,Bahrain,Live Job Search,Bahrain,Live / varies,Possibly Available,,2026-07-20,Platform-Indexed Vacancy,B,58,https://www.linkedin.com/jobs/search/?keywords=Cybersecurity+Manager&sortBy=DD&location=Bahrain,"GCC live-search pack. This is a live search link, not one fixed vacancy."
job-01055,Cybersecurity Manager — Wuzzuf Live Search,Egypt,Live Job Search,Egypt,Live / varies,Possibly Available,,2026-07-20,Platform-Indexed Vacancy,B,58,https://wuzzuf.net/search/jobs/?q=Cybersecurity+Manager&a=navbl,"Egypt live-search pack. This is a live search link, not one fixed vacancy."
job-01056,Digital Health — Bayt Live Search,Egypt,Live Job Search,Egypt,Live / varies,Possibly Available,,2026-07-20,Platform-Indexed Vacancy,B,58,https://www.bayt.com/en/egypt/jobs/Digital%20Health-jobs/,"Egypt live-search pack. This is a live search link, not one fixed vacancy."
job-01057,Digital Health — Google Live Search,Egypt,Live Job Search,Egypt,Live / varies,Possibly Available,,2026-07-20,Platform-Indexed Vacancy,B,58,https://www.google.com/search?q=Egypt+Digital+Health+jobs+posted+this+week,"Egypt live-search pack. This is a live search link, not one fixed vacancy."
job-01058,Digital Health — LinkedIn Live Search,Egypt,Live Job Search,Egypt,Live / varies,Possibly Available,,2026-07-20,Platform-Indexed Vacancy,B,58,https://www.linkedin.com/jobs/search/?keywords=Digital+Health&sortBy=DD&location=Egypt,"Egypt live-search pack. This is a live search link, not one fixed vacancy."
job-01059,Digital Health — Wuzzuf Live Search,Egypt,Live Job Search,Egypt,Live / varies,Possibly Available,,2026-07-20,Platform-Indexed Vacancy,B,58,https://wuzzuf.net/search/jobs/?q=Digital+Health&a=navbl,"Egypt live-search pack. This is a live search link, not one fixed vacancy."
job-01060,Digital Technology & IT Manager,The Translation Gate,IT Leadership & Management,Egypt,"Maadi, Cairo",Expired,,2026-07-20,Platform-Indexed Vacancy,B,58,https://www.linkedin.com/jobs/view/4358822123/,Strategic technology leadership role
job-01061,Head of Technology — Bayt Live Search,Egypt,Live Job Search,Egypt,Live / varies,Possibly Available,,2026-07-20,Platform-Indexed Vacancy,B,58,https://www.bayt.com/en/egypt/jobs/Head%20of%20Technology-jobs/,"Egypt live-search pack. This is a live search link, not one fixed vacancy."
job-01062,Head of Technology — Bayt Live Search,Saudi Arabia,Live Job Search,Saudi Arabia,Live / varies,Possibly Available,,2026-07-20,Platform-Indexed Vacancy,B,58,https://www.bayt.com/en/saudi-arabia/jobs/Head%20of%20Technology-jobs/,"GCC live-search pack. This is a live search link, not one fixed vacancy."
job-01063,Head of Technology — Bayt Live Search,United Arab Emirates,Live Job Search,United Arab Emirates,Live / varies,Possibly Available,,2026-07-20,Platform-Indexed Vacancy,B,58,https://www.bayt.com/en/united-arab-emirates/jobs/Head%20of%20Technology-jobs/,"GCC live-search pack. This is a live search link, not one fixed vacancy."
job-01064,Head of Technology — Bayt Live Search,Qatar,Live Job Search,Qatar,Live / varies,Possibly Available,,2026-07-20,Platform-Indexed Vacancy,B,58,https://www.bayt.com/en/qatar/jobs/Head%20of%20Technology-jobs/,"GCC live-search pack. This is a live search link, not one fixed vacancy."
job-01065,Head of Technology — Bayt Live Search,Kuwait,Live Job Search,Kuwait,Live / varies,Possibly Available,,2026-07-20,Platform-Indexed Vacancy,B,58,https://www.bayt.com/en/kuwait/jobs/Head%20of%20Technology-jobs/,"GCC live-search pack. This is a live search link, not one fixed vacancy."
job-01066,Head of Technology — Bayt Live Search,Oman,Live Job Search,Oman,Live / varies,Possibly Available,,2026-07-20,Platform-Indexed Vacancy,B,58,https://www.bayt.com/en/oman/jobs/Head%20of%20Technology-jobs/,"GCC live-search pack. This is a live search link, not one fixed vacancy."
job-01067,Head of Technology — Bayt Live Search,Bahrain,Live Job Search,Bahrain,Live / varies,Possibly Available,,2026-07-20,Platform-Indexed Vacancy,B,58,https://www.bayt.com/en/bahrain/jobs/Head%20of%20Technology-jobs/,"GCC live-search pack. This is a live search link, not one fixed vacancy."
job-01068,Head of Technology — Google Live Search,Egypt,Live Job Search,Egypt,Live / varies,Possibly Available,,2026-07-20,Platform-Indexed Vacancy,B,58,https://www.google.com/search?q=Egypt+Head+of+Technology+jobs+posted+this+week,"Egypt live-search pack. This is a live search link, not one fixed vacancy."
job-01069,Head of Technology — GulfTalent Live Search,Saudi Arabia,Live Job Search,Saudi Arabia,Live / varies,Possibly Available,,2026-07-20,Platform-Indexed Vacancy,B,58,https://www.gulftalent.com/jobs?keywords=Head+of+Technology,"GCC live-search pack. This is a live search link, not one fixed vacancy."
job-01070,Head of Technology — GulfTalent Live Search,United Arab Emirates,Live Job Search,United Arab Emirates,Live / varies,Possibly Available,,2026-07-20,Platform-Indexed Vacancy,B,58,https://www.gulftalent.com/jobs?keywords=Head+of+Technology,"GCC live-search pack. This is a live search link, not one fixed vacancy."
job-01071,Head of Technology — GulfTalent Live Search,Qatar,Live Job Search,Qatar,Live / varies,Possibly Available,,2026-07-20,Platform-Indexed Vacancy,B,58,https://www.gulftalent.com/jobs?keywords=Head+of+Technology,"GCC live-search pack. This is a live search link, not one fixed vacancy."
job-01072,Head of Technology — GulfTalent Live Search,Kuwait,Live Job Search,Kuwait,Live / varies,Possibly Available,,2026-07-20,Platform-Indexed Vacancy,B,58,https://www.gulftalent.com/jobs?keywords=Head+of+Technology,"GCC live-search pack. This is a live search link, not one fixed vacancy."
job-01073,Head of Technology — GulfTalent Live Search,Oman,Live Job Search,Oman,Live / varies,Possibly Available,,2026-07-20,Platform-Indexed Vacancy,B,58,https://www.gulftalent.com/jobs?keywords=Head+of+Technology,"GCC live-search pack. This is a live search link, not one fixed vacancy."
job-01074,Head of Technology — GulfTalent Live Search,Bahrain,Live Job Search,Bahrain,Live / varies,Possibly Available,,2026-07-20,Platform-Indexed Vacancy,B,58,https://www.gulftalent.com/jobs?keywords=Head+of+Technology,"GCC live-search pack. This is a live search link, not one fixed vacancy."
job-01075,Head of Technology — LinkedIn Live Search,Egypt,Live Job Search,Egypt,Live / varies,Possibly Available,,2026-07-20,Platform-Indexed Vacancy,B,58,https://www.linkedin.com/jobs/search/?keywords=Head+of+Technology&sortBy=DD&location=Egypt,"Egypt live-search pack. This is a live search link, not one fixed vacancy."
job-01076,Head of Technology — LinkedIn Live Search,Saudi Arabia,Live Job Search,Saudi Arabia,Live / varies,Possibly Available,,2026-07-20,Platform-Indexed Vacancy,B,58,https://www.linkedin.com/jobs/search/?keywords=Head+of+Technology&sortBy=DD&location=Saudi+Arabia,"GCC live-search pack. This is a live search link, not one fixed vacancy."
job-01077,Head of Technology — LinkedIn Live Search,United Arab Emirates,Live Job Search,United Arab Emirates,Live / varies,Possibly Available,,2026-07-20,Platform-Indexed Vacancy,B,58,https://www.linkedin.com/jobs/search/?keywords=Head+of+Technology&sortBy=DD&location=United+Arab+Emirates,"GCC live-search pack. This is a live search link, not one fixed vacancy."
job-01078,Head of Technology — LinkedIn Live Search,Qatar,Live Job Search,Qatar,Live / varies,Possibly Available,,2026-07-20,Platform-Indexed Vacancy,B,58,https://www.linkedin.com/jobs/search/?keywords=Head+of+Technology&sortBy=DD&location=Qatar,"GCC live-search pack. This is a live search link, not one fixed vacancy."
job-01079,Head of Technology — LinkedIn Live Search,Kuwait,Live Job Search,Kuwait,Live / varies,Possibly Available,,2026-07-20,Platform-Indexed Vacancy,B,58,https://www.linkedin.com/jobs/search/?keywords=Head+of+Technology&sortBy=DD&location=Kuwait,"GCC live-search pack. This is a live search link, not one fixed vacancy."
job-01080,Head of Technology — LinkedIn Live Search,Oman,Live Job Search,Oman,Live / varies,Possibly Available,,2026-07-20,Platform-Indexed Vacancy,B,58,https://www.linkedin.com/jobs/search/?keywords=Head+of+Technology&sortBy=DD&location=Oman,"GCC live-search pack. This is a live search link, not one fixed vacancy."
job-01081,Head of Technology — LinkedIn Live Search,Bahrain,Live Job Search,Bahrain,Live / varies,Possibly Available,,2026-07-20,Platform-Indexed Vacancy,B,58,https://www.linkedin.com/jobs/search/?keywords=Head+of+Technology&sortBy=DD&location=Bahrain,"GCC live-search pack. This is a live search link, not one fixed vacancy."
job-01082,Head of Technology — Wuzzuf Live Search,Egypt,Live Job Search,Egypt,Live / varies,Possibly Available,,2026-07-20,Platform-Indexed Vacancy,B,58,https://wuzzuf.net/search/jobs/?q=Head+of+Technology&a=navbl,"Egypt live-search pack. This is a live search link, not one fixed vacancy."
job-01083,Health Informatics Supervisor,eHealth,Healthcare IT,Egypt,Giza,Possibly Available,2026-07-13,2026-07-20,Platform-Indexed Vacancy,B,58,https://eg.linkedin.com/jobs/view/health-informatics-supervisor-at-ehealth-4437768572,"Verify eligibility, deadline and work authorization on the linked source before applying."
job-01084,ICT Manager — Bayt Live Search,Egypt,Live Job Search,Egypt,Live / varies,Possibly Available,,2026-07-20,Platform-Indexed Vacancy,B,58,https://www.bayt.com/en/egypt/jobs/ICT%20Manager-jobs/,"Egypt live-search pack. This is a live search link, not one fixed vacancy."
job-01085,ICT Manager — Bayt Live Search,Saudi Arabia,Live Job Search,Saudi Arabia,Live / varies,Possibly Available,,2026-07-20,Platform-Indexed Vacancy,B,58,https://www.bayt.com/en/saudi-arabia/jobs/ICT%20Manager-jobs/,"GCC live-search pack. This is a live search link, not one fixed vacancy."
job-01086,ICT Manager — Bayt Live Search,United Arab Emirates,Live Job Search,United Arab Emirates,Live / varies,Possibly Available,,2026-07-20,Platform-Indexed Vacancy,B,58,https://www.bayt.com/en/united-arab-emirates/jobs/ICT%20Manager-jobs/,"GCC live-search pack. This is a live search link, not one fixed vacancy."
job-01087,ICT Manager — Bayt Live Search,Qatar,Live Job Search,Qatar,Live / varies,Possibly Available,,2026-07-20,Platform-Indexed Vacancy,B,58,https://www.bayt.com/en/qatar/jobs/ICT%20Manager-jobs/,"GCC live-search pack. This is a live search link, not one fixed vacancy."
job-01088,ICT Manager — Bayt Live Search,Kuwait,Live Job Search,Kuwait,Live / varies,Possibly Available,,2026-07-20,Platform-Indexed Vacancy,B,58,https://www.bayt.com/en/kuwait/jobs/ICT%20Manager-jobs/,"GCC live-search pack. This is a live search link, not one fixed vacancy."
job-01089,ICT Manager — Bayt Live Search,Oman,Live Job Search,Oman,Live / varies,Possibly Available,,2026-07-20,Platform-Indexed Vacancy,B,58,https://www.bayt.com/en/oman/jobs/ICT%20Manager-jobs/,"GCC live-search pack. This is a live search link, not one fixed vacancy."
job-01090,ICT Manager — Bayt Live Search,Bahrain,Live Job Search,Bahrain,Live / varies,Possibly Available,,2026-07-20,Platform-Indexed Vacancy,B,58,https://www.bayt.com/en/bahrain/jobs/ICT%20Manager-jobs/,"GCC live-search pack. This is a live search link, not one fixed vacancy."
job-01091,ICT Manager — Google Live Search,Egypt,Live Job Search,Egypt,Live / varies,Possibly Available,,2026-07-20,Platform-Indexed Vacancy,B,58,https://www.google.com/search?q=Egypt+ICT+Manager+jobs+posted+this+week,"Egypt live-search pack. This is a live search link, not one fixed vacancy."
job-01092,ICT Manager — GulfTalent Live Search,Saudi Arabia,Live Job Search,Saudi Arabia,Live / varies,Possibly Available,,2026-07-20,Platform-Indexed Vacancy,B,58,https://www.gulftalent.com/jobs?keywords=ICT+Manager,"GCC live-search pack. This is a live search link, not one fixed vacancy."
job-01093,ICT Manager — GulfTalent Live Search,United Arab Emirates,Live Job Search,United Arab Emirates,Live / varies,Possibly Available,,2026-07-20,Platform-Indexed Vacancy,B,58,https://www.gulftalent.com/jobs?keywords=ICT+Manager,"GCC live-search pack. This is a live search link, not one fixed vacancy."
job-01094,ICT Manager — GulfTalent Live Search,Qatar,Live Job Search,Qatar,Live / varies,Possibly Available,,2026-07-20,Platform-Indexed Vacancy,B,58,https://www.gulftalent.com/jobs?keywords=ICT+Manager,"GCC live-search pack. This is a live search link, not one fixed vacancy."
job-01095,ICT Manager — GulfTalent Live Search,Kuwait,Live Job Search,Kuwait,Live / varies,Possibly Available,,2026-07-20,Platform-Indexed Vacancy,B,58,https://www.gulftalent.com/jobs?keywords=ICT+Manager,"GCC live-search pack. This is a live search link, not one fixed vacancy."
job-01096,ICT Manager — GulfTalent Live Search,Oman,Live Job Search,Oman,Live / varies,Possibly Available,,2026-07-20,Platform-Indexed Vacancy,B,58,https://www.gulftalent.com/jobs?keywords=ICT+Manager,"GCC live-search pack. This is a live search link, not one fixed vacancy."
job-01097,ICT Manager — GulfTalent Live Search,Bahrain,Live Job Search,Bahrain,Live / varies,Possibly Available,,2026-07-20,Platform-Indexed Vacancy,B,58,https://www.gulftalent.com/jobs?keywords=ICT+Manager,"GCC live-search pack. This is a live search link, not one fixed vacancy."
job-01098,ICT Manager — LinkedIn Live Search,Egypt,Live Job Search,Egypt,Live / varies,Possibly Available,,2026-07-20,Platform-Indexed Vacancy,B,58,https://www.linkedin.com/jobs/search/?keywords=ICT+Manager&sortBy=DD&location=Egypt,"Egypt live-search pack. This is a live search link, not one fixed vacancy."
job-01099,ICT Manager — LinkedIn Live Search,Saudi Arabia,Live Job Search,Saudi Arabia,Live / varies,Possibly Available,,2026-07-20,Platform-Indexed Vacancy,B,58,https://www.linkedin.com/jobs/search/?keywords=ICT+Manager&sortBy=DD&location=Saudi+Arabia,"GCC live-search pack. This is a live search link, not one fixed vacancy."
job-01100,ICT Manager — LinkedIn Live Search,United Arab Emirates,Live Job Search,United Arab Emirates,Live / varies,Possibly Available,,2026-07-20,Platform-Indexed Vacancy,B,58,https://www.linkedin.com/jobs/search/?keywords=ICT+Manager&sortBy=DD&location=United+Arab+Emirates,"GCC live-search pack. This is a live search link, not one fixed vacancy."
job-01101,ICT Manager — LinkedIn Live Search,Qatar,Live Job Search,Qatar,Live / varies,Possibly Available,,2026-07-20,Platform-Indexed Vacancy,B,58,https://www.linkedin.com/jobs/search/?keywords=ICT+Manager&sortBy=DD&location=Qatar,"GCC live-search pack. This is a live search link, not one fixed vacancy."
job-01102,ICT Manager — LinkedIn Live Search,Kuwait,Live Job Search,Kuwait,Live / varies,Possibly Available,,2026-07-20,Platform-Indexed Vacancy,B,58,https://www.linkedin.com/jobs/search/?keywords=ICT+Manager&sortBy=DD&location=Kuwait,"GCC live-search pack. This is a live search link, not one fixed vacancy."
job-01103,ICT Manager — LinkedIn Live Search,Oman,Live Job Search,Oman,Live / varies,Possibly Available,,2026-07-20,Platform-Indexed Vacancy,B,58,https://www.linkedin.com/jobs/search/?keywords=ICT+Manager&sortBy=DD&location=Oman,"GCC live-search pack. This is a live search link, not one fixed vacancy."
job-01104,ICT Manager — LinkedIn Live Search,Bahrain,Live Job Search,Bahrain,Live / varies,Possibly Available,,2026-07-20,Platform-Indexed Vacancy,B,58,https://www.linkedin.com/jobs/search/?keywords=ICT+Manager&sortBy=DD&location=Bahrain,"GCC live-search pack. This is a live search link, not one fixed vacancy."
job-01105,ICT Manager — Wuzzuf Live Search,Egypt,Live Job Search,Egypt,Live / varies,Possibly Available,,2026-07-20,Platform-Indexed Vacancy,B,58,https://wuzzuf.net/search/jobs/?q=ICT+Manager&a=navbl,"Egypt live-search pack. This is a live search link, not one fixed vacancy."
job-01106,Information Technology Manager,SolutionMall,IT Leadership & Management,Egypt,Cairo,Expired,,2026-07-20,Platform-Indexed Vacancy,B,58,https://www.linkedin.com/jobs/view/information-technology-manager-at-solutionmall-4392852334,Verify company and detailed scope
job-01107,IT Business Partner,Alghanim Industries,IT Leadership & Management,Kuwait,Kuwait,Expired,,2026-07-20,Platform-Indexed Vacancy,B,58,https://www.linkedin.com/jobs/view/4416028048/,Verify eligibility
job-01108,IT Manager,SSC HR Solutions,IT Leadership & Management,Saudi Arabia,Jeddah,Expired,,2026-07-20,Platform-Indexed Vacancy,A,58,https://jobs.workable.com/view/i2Vvp2wtAG7Myjc3he2WvD/it-manager-in-jeddah-at-ssc-hr-solutions,On-site Jeddah
job-01109,IT Portfolio Manager — Bayt Live Search,Egypt,Live Job Search,Egypt,Live / varies,Possibly Available,,2026-07-20,Platform-Indexed Vacancy,B,58,https://www.bayt.com/en/egypt/jobs/IT%20Portfolio%20Manager-jobs/,"Egypt live-search pack. This is a live search link, not one fixed vacancy."
job-01110,IT Portfolio Manager — Bayt Live Search,Saudi Arabia,Live Job Search,Saudi Arabia,Live / varies,Possibly Available,,2026-07-20,Platform-Indexed Vacancy,B,58,https://www.bayt.com/en/saudi-arabia/jobs/IT%20Portfolio%20Manager-jobs/,"GCC live-search pack. This is a live search link, not one fixed vacancy."
job-01111,IT Portfolio Manager — Bayt Live Search,United Arab Emirates,Live Job Search,United Arab Emirates,Live / varies,Possibly Available,,2026-07-20,Platform-Indexed Vacancy,B,58,https://www.bayt.com/en/united-arab-emirates/jobs/IT%20Portfolio%20Manager-jobs/,"GCC live-search pack. This is a live search link, not one fixed vacancy."
job-01112,IT Portfolio Manager — Bayt Live Search,Qatar,Live Job Search,Qatar,Live / varies,Possibly Available,,2026-07-20,Platform-Indexed Vacancy,B,58,https://www.bayt.com/en/qatar/jobs/IT%20Portfolio%20Manager-jobs/,"GCC live-search pack. This is a live search link, not one fixed vacancy."
job-01113,IT Portfolio Manager — Bayt Live Search,Kuwait,Live Job Search,Kuwait,Live / varies,Possibly Available,,2026-07-20,Platform-Indexed Vacancy,B,58,https://www.bayt.com/en/kuwait/jobs/IT%20Portfolio%20Manager-jobs/,"GCC live-search pack. This is a live search link, not one fixed vacancy."
job-01114,IT Portfolio Manager — Bayt Live Search,Oman,Live Job Search,Oman,Live / varies,Possibly Available,,2026-07-20,Platform-Indexed Vacancy,B,58,https://www.bayt.com/en/oman/jobs/IT%20Portfolio%20Manager-jobs/,"GCC live-search pack. This is a live search link, not one fixed vacancy."
job-01115,IT Portfolio Manager — Bayt Live Search,Bahrain,Live Job Search,Bahrain,Live / varies,Possibly Available,,2026-07-20,Platform-Indexed Vacancy,B,58,https://www.bayt.com/en/bahrain/jobs/IT%20Portfolio%20Manager-jobs/,"GCC live-search pack. This is a live search link, not one fixed vacancy."
job-01116,IT Portfolio Manager — Google Live Search,Egypt,Live Job Search,Egypt,Live / varies,Possibly Available,,2026-07-20,Platform-Indexed Vacancy,B,58,https://www.google.com/search?q=Egypt+IT+Portfolio+Manager+jobs+posted+this+week,"Egypt live-search pack. This is a live search link, not one fixed vacancy."
job-01117,IT Portfolio Manager — GulfTalent Live Search,Saudi Arabia,Live Job Search,Saudi Arabia,Live / varies,Possibly Available,,2026-07-20,Platform-Indexed Vacancy,B,58,https://www.gulftalent.com/jobs?keywords=IT+Portfolio+Manager,"GCC live-search pack. This is a live search link, not one fixed vacancy."
job-01118,IT Portfolio Manager — GulfTalent Live Search,United Arab Emirates,Live Job Search,United Arab Emirates,Live / varies,Possibly Available,,2026-07-20,Platform-Indexed Vacancy,B,58,https://www.gulftalent.com/jobs?keywords=IT+Portfolio+Manager,"GCC live-search pack. This is a live search link, not one fixed vacancy."
job-01119,IT Portfolio Manager — GulfTalent Live Search,Qatar,Live Job Search,Qatar,Live / varies,Possibly Available,,2026-07-20,Platform-Indexed Vacancy,B,58,https://www.gulftalent.com/jobs?keywords=IT+Portfolio+Manager,"GCC live-search pack. This is a live search link, not one fixed vacancy."
job-01120,IT Portfolio Manager — GulfTalent Live Search,Kuwait,Live Job Search,Kuwait,Live / varies,Possibly Available,,2026-07-20,Platform-Indexed Vacancy,B,58,https://www.gulftalent.com/jobs?keywords=IT+Portfolio+Manager,"GCC live-search pack. This is a live search link, not one fixed vacancy."
job-01121,IT Portfolio Manager — GulfTalent Live Search,Oman,Live Job Search,Oman,Live / varies,Possibly Available,,2026-07-20,Platform-Indexed Vacancy,B,58,https://www.gulftalent.com/jobs?keywords=IT+Portfolio+Manager,"GCC live-search pack. This is a live search link, not one fixed vacancy."
job-01122,IT Portfolio Manager — GulfTalent Live Search,Bahrain,Live Job Search,Bahrain,Live / varies,Possibly Available,,2026-07-20,Platform-Indexed Vacancy,B,58,https://www.gulftalent.com/jobs?keywords=IT+Portfolio+Manager,"GCC live-search pack. This is a live search link, not one fixed vacancy."
job-01123,IT Portfolio Manager — LinkedIn Live Search,Egypt,Live Job Search,Egypt,Live / varies,Possibly Available,,2026-07-20,Platform-Indexed Vacancy,B,58,https://www.linkedin.com/jobs/search/?keywords=IT+Portfolio+Manager&sortBy=DD&location=Egypt,"Egypt live-search pack. This is a live search link, not one fixed vacancy."
job-01124,IT Portfolio Manager — LinkedIn Live Search,Saudi Arabia,Live Job Search,Saudi Arabia,Live / varies,Possibly Available,,2026-07-20,Platform-Indexed Vacancy,B,58,https://www.linkedin.com/jobs/search/?keywords=IT+Portfolio+Manager&sortBy=DD&location=Saudi+Arabia,"GCC live-search pack. This is a live search link, not one fixed vacancy."
job-01125,IT Portfolio Manager — LinkedIn Live Search,United Arab Emirates,Live Job Search,United Arab Emirates,Live / varies,Possibly Available,,2026-07-20,Platform-Indexed Vacancy,B,58,https://www.linkedin.com/jobs/search/?keywords=IT+Portfolio+Manager&sortBy=DD&location=United+Arab+Emirates,"GCC live-search pack. This is a live search link, not one fixed vacancy."
job-01126,IT Portfolio Manager — LinkedIn Live Search,Qatar,Live Job Search,Qatar,Live / varies,Possibly Available,,2026-07-20,Platform-Indexed Vacancy,B,58,https://www.linkedin.com/jobs/search/?keywords=IT+Portfolio+Manager&sortBy=DD&location=Qatar,"GCC live-search pack. This is a live search link, not one fixed vacancy."
job-01127,IT Portfolio Manager — LinkedIn Live Search,Kuwait,Live Job Search,Kuwait,Live / varies,Possibly Available,,2026-07-20,Platform-Indexed Vacancy,B,58,https://www.linkedin.com/jobs/search/?keywords=IT+Portfolio+Manager&sortBy=DD&location=Kuwait,"GCC live-search pack. This is a live search link, not one fixed vacancy."
job-01128,IT Portfolio Manager — LinkedIn Live Search,Oman,Live Job Search,Oman,Live / varies,Possibly Available,,2026-07-20,Platform-Indexed Vacancy,B,58,https://www.linkedin.com/jobs/search/?keywords=IT+Portfolio+Manager&sortBy=DD&location=Oman,"GCC live-search pack. This is a live search link, not one fixed vacancy."
job-01129,IT Portfolio Manager — LinkedIn Live Search,Bahrain,Live Job Search,Bahrain,Live / varies,Possibly Available,,2026-07-20,Platform-Indexed Vacancy,B,58,https://www.linkedin.com/jobs/search/?keywords=IT+Portfolio+Manager&sortBy=DD&location=Bahrain,"GCC live-search pack. This is a live search link, not one fixed vacancy."
job-01130,IT Portfolio Manager — Wuzzuf Live Search,Egypt,Live Job Search,Egypt,Live / varies,Possibly Available,,2026-07-20,Platform-Indexed Vacancy,B,58,https://wuzzuf.net/search/jobs/?q=IT+Portfolio+Manager&a=navbl,"Egypt live-search pack. This is a live search link, not one fixed vacancy."
job-01131,Manager - IT Delivery Management,Qiddiya Investment Company,"Program, Project & Delivery Management",Saudi Arabia,Riyadh,Expired,,2026-07-20,Platform-Indexed Vacancy,A,58,https://jobs.workable.com/view/4pnsntXVAwmcL32FjotbRQ/manager---it-delivery-management-in-riyadh-at-qiddiya-investment-company,On-site Riyadh
job-01132,Middle East IT Service Senior Manager,Boston Consulting Group,IT Leadership & Management,Multiple GCC,Dubai / Riyadh / Doha / Abu Dhabi / Kuwait,Expired,2026-07-20,2026-07-20,Platform-Indexed Vacancy,B,58,https://www.linkedin.com/jobs/view/4401179503/,Regional travel and leadership role
job-01133,PMO Manager — Bayt Live Search,Egypt,Live Job Search,Egypt,Live / varies,Possibly Available,,2026-07-20,Platform-Indexed Vacancy,B,58,https://www.bayt.com/en/egypt/jobs/PMO%20Manager-jobs/,"Egypt live-search pack. This is a live search link, not one fixed vacancy."
job-01134,PMO Manager — Bayt Live Search,Saudi Arabia,Live Job Search,Saudi Arabia,Live / varies,Possibly Available,,2026-07-20,Platform-Indexed Vacancy,B,58,https://www.bayt.com/en/saudi-arabia/jobs/PMO%20Manager-jobs/,"GCC live-search pack. This is a live search link, not one fixed vacancy."
job-01135,PMO Manager — Bayt Live Search,United Arab Emirates,Live Job Search,United Arab Emirates,Live / varies,Possibly Available,,2026-07-20,Platform-Indexed Vacancy,B,58,https://www.bayt.com/en/united-arab-emirates/jobs/PMO%20Manager-jobs/,"GCC live-search pack. This is a live search link, not one fixed vacancy."
job-01136,PMO Manager — Bayt Live Search,Qatar,Live Job Search,Qatar,Live / varies,Possibly Available,,2026-07-20,Platform-Indexed Vacancy,B,58,https://www.bayt.com/en/qatar/jobs/PMO%20Manager-jobs/,"GCC live-search pack. This is a live search link, not one fixed vacancy."
job-01137,PMO Manager — Bayt Live Search,Kuwait,Live Job Search,Kuwait,Live / varies,Possibly Available,,2026-07-20,Platform-Indexed Vacancy,B,58,https://www.bayt.com/en/kuwait/jobs/PMO%20Manager-jobs/,"GCC live-search pack. This is a live search link, not one fixed vacancy."
job-01138,PMO Manager — Bayt Live Search,Oman,Live Job Search,Oman,Live / varies,Possibly Available,,2026-07-20,Platform-Indexed Vacancy,B,58,https://www.bayt.com/en/oman/jobs/PMO%20Manager-jobs/,"GCC live-search pack. This is a live search link, not one fixed vacancy."
job-01139,PMO Manager — Bayt Live Search,Bahrain,Live Job Search,Bahrain,Live / varies,Possibly Available,,2026-07-20,Platform-Indexed Vacancy,B,58,https://www.bayt.com/en/bahrain/jobs/PMO%20Manager-jobs/,"GCC live-search pack. This is a live search link, not one fixed vacancy."
job-01140,PMO Manager — Google Live Search,Egypt,Live Job Search,Egypt,Live / varies,Possibly Available,,2026-07-20,Platform-Indexed Vacancy,B,58,https://www.google.com/search?q=Egypt+PMO+Manager+jobs+posted+this+week,"Egypt live-search pack. This is a live search link, not one fixed vacancy."
job-01141,PMO Manager — GulfTalent Live Search,Saudi Arabia,Live Job Search,Saudi Arabia,Live / varies,Possibly Available,,2026-07-20,Platform-Indexed Vacancy,B,58,https://www.gulftalent.com/jobs?keywords=PMO+Manager,"GCC live-search pack. This is a live search link, not one fixed vacancy."
job-01142,PMO Manager — GulfTalent Live Search,United Arab Emirates,Live Job Search,United Arab Emirates,Live / varies,Possibly Available,,2026-07-20,Platform-Indexed Vacancy,B,58,https://www.gulftalent.com/jobs?keywords=PMO+Manager,"GCC live-search pack. This is a live search link, not one fixed vacancy."
job-01143,PMO Manager — GulfTalent Live Search,Qatar,Live Job Search,Qatar,Live / varies,Possibly Available,,2026-07-20,Platform-Indexed Vacancy,B,58,https://www.gulftalent.com/jobs?keywords=PMO+Manager,"GCC live-search pack. This is a live search link, not one fixed vacancy."
job-01144,PMO Manager — GulfTalent Live Search,Kuwait,Live Job Search,Kuwait,Live / varies,Possibly Available,,2026-07-20,Platform-Indexed Vacancy,B,58,https://www.gulftalent.com/jobs?keywords=PMO+Manager,"GCC live-search pack. This is a live search link, not one fixed vacancy."
job-01145,PMO Manager — GulfTalent Live Search,Oman,Live Job Search,Oman,Live / varies,Possibly Available,,2026-07-20,Platform-Indexed Vacancy,B,58,https://www.gulftalent.com/jobs?keywords=PMO+Manager,"GCC live-search pack. This is a live search link, not one fixed vacancy."
job-01146,PMO Manager — GulfTalent Live Search,Bahrain,Live Job Search,Bahrain,Live / varies,Possibly Available,,2026-07-20,Platform-Indexed Vacancy,B,58,https://www.gulftalent.com/jobs?keywords=PMO+Manager,"GCC live-search pack. This is a live search link, not one fixed vacancy."
job-01147,PMO Manager — LinkedIn Live Search,Egypt,Live Job Search,Egypt,Live / varies,Possibly Available,,2026-07-20,Platform-Indexed Vacancy,B,58,https://www.linkedin.com/jobs/search/?keywords=PMO+Manager&sortBy=DD&location=Egypt,"Egypt live-search pack. This is a live search link, not one fixed vacancy."
job-01148,PMO Manager — LinkedIn Live Search,Saudi Arabia,Live Job Search,Saudi Arabia,Live / varies,Possibly Available,,2026-07-20,Platform-Indexed Vacancy,B,58,https://www.linkedin.com/jobs/search/?keywords=PMO+Manager&sortBy=DD&location=Saudi+Arabia,"GCC live-search pack. This is a live search link, not one fixed vacancy."
job-01149,PMO Manager — LinkedIn Live Search,United Arab Emirates,Live Job Search,United Arab Emirates,Live / varies,Possibly Available,,2026-07-20,Platform-Indexed Vacancy,B,58,https://www.linkedin.com/jobs/search/?keywords=PMO+Manager&sortBy=DD&location=United+Arab+Emirates,"GCC live-search pack. This is a live search link, not one fixed vacancy."
job-01150,PMO Manager — LinkedIn Live Search,Qatar,Live Job Search,Qatar,Live / varies,Possibly Available,,2026-07-20,Platform-Indexed Vacancy,B,58,https://www.linkedin.com/jobs/search/?keywords=PMO+Manager&sortBy=DD&location=Qatar,"GCC live-search pack. This is a live search link, not one fixed vacancy."
job-01151,PMO Manager — LinkedIn Live Search,Kuwait,Live Job Search,Kuwait,Live / varies,Possibly Available,,2026-07-20,Platform-Indexed Vacancy,B,58,https://www.linkedin.com/jobs/search/?keywords=PMO+Manager&sortBy=DD&location=Kuwait,"GCC live-search pack. This is a live search link, not one fixed vacancy."
job-01152,PMO Manager — LinkedIn Live Search,Oman,Live Job Search,Oman,Live / varies,Possibly Available,,2026-07-20,Platform-Indexed Vacancy,B,58,https://www.linkedin.com/jobs/search/?keywords=PMO+Manager&sortBy=DD&location=Oman,"GCC live-search pack. This is a live search link, not one fixed vacancy."
job-01153,PMO Manager — LinkedIn Live Search,Bahrain,Live Job Search,Bahrain,Live / varies,Possibly Available,,2026-07-20,Platform-Indexed Vacancy,B,58,https://www.linkedin.com/jobs/search/?keywords=PMO+Manager&sortBy=DD&location=Bahrain,"GCC live-search pack. This is a live search link, not one fixed vacancy."
job-01154,PMO Manager — Wuzzuf Live Search,Egypt,Live Job Search,Egypt,Live / varies,Possibly Available,,2026-07-20,Platform-Indexed Vacancy,B,58,https://wuzzuf.net/search/jobs/?q=PMO+Manager&a=navbl,"Egypt live-search pack. This is a live search link, not one fixed vacancy."
job-01155,Principal GRC Consultant,Innovative Solutions SA,Cybersecurity,Saudi Arabia,Riyadh,Possibly Available,2026-07-19,2026-07-20,Platform-Indexed Vacancy,B,58,https://sa.linkedin.com/jobs/it-leadership-jobs,"Verify eligibility, deadline and work authorization on the linked source before applying."
job-01156,ServiceNow Architect — Bayt Live Search,Egypt,Live Job Search,Egypt,Live / varies,Possibly Available,,2026-07-20,Platform-Indexed Vacancy,B,58,https://www.bayt.com/en/egypt/jobs/ServiceNow%20Architect-jobs/,"Egypt live-search pack. This is a live search link, not one fixed vacancy."
job-01157,ServiceNow Architect — Bayt Live Search,Saudi Arabia,Live Job Search,Saudi Arabia,Live / varies,Possibly Available,,2026-07-20,Platform-Indexed Vacancy,B,58,https://www.bayt.com/en/saudi-arabia/jobs/ServiceNow%20Architect-jobs/,"GCC live-search pack. This is a live search link, not one fixed vacancy."
job-01158,ServiceNow Architect — Bayt Live Search,United Arab Emirates,Live Job Search,United Arab Emirates,Live / varies,Possibly Available,,2026-07-20,Platform-Indexed Vacancy,B,58,https://www.bayt.com/en/united-arab-emirates/jobs/ServiceNow%20Architect-jobs/,"GCC live-search pack. This is a live search link, not one fixed vacancy."
job-01159,ServiceNow Architect — Bayt Live Search,Qatar,Live Job Search,Qatar,Live / varies,Possibly Available,,2026-07-20,Platform-Indexed Vacancy,B,58,https://www.bayt.com/en/qatar/jobs/ServiceNow%20Architect-jobs/,"GCC live-search pack. This is a live search link, not one fixed vacancy."
job-01160,ServiceNow Architect — Bayt Live Search,Kuwait,Live Job Search,Kuwait,Live / varies,Possibly Available,,2026-07-20,Platform-Indexed Vacancy,B,58,https://www.bayt.com/en/kuwait/jobs/ServiceNow%20Architect-jobs/,"GCC live-search pack. This is a live search link, not one fixed vacancy."
job-01161,ServiceNow Architect — Bayt Live Search,Oman,Live Job Search,Oman,Live / varies,Possibly Available,,2026-07-20,Platform-Indexed Vacancy,B,58,https://www.bayt.com/en/oman/jobs/ServiceNow%20Architect-jobs/,"GCC live-search pack. This is a live search link, not one fixed vacancy."
job-01162,ServiceNow Architect — Bayt Live Search,Bahrain,Live Job Search,Bahrain,Live / varies,Possibly Available,,2026-07-20,Platform-Indexed Vacancy,B,58,https://www.bayt.com/en/bahrain/jobs/ServiceNow%20Architect-jobs/,"GCC live-search pack. This is a live search link, not one fixed vacancy."
job-01163,ServiceNow Architect — Google Live Search,Egypt,Live Job Search,Egypt,Live / varies,Possibly Available,,2026-07-20,Platform-Indexed Vacancy,B,58,https://www.google.com/search?q=Egypt+ServiceNow+Architect+jobs+posted+this+week,"Egypt live-search pack. This is a live search link, not one fixed vacancy."
job-01164,ServiceNow Architect — GulfTalent Live Search,Saudi Arabia,Live Job Search,Saudi Arabia,Live / varies,Possibly Available,,2026-07-20,Platform-Indexed Vacancy,B,58,https://www.gulftalent.com/jobs?keywords=ServiceNow+Architect,"GCC live-search pack. This is a live search link, not one fixed vacancy."
job-01165,ServiceNow Architect — GulfTalent Live Search,United Arab Emirates,Live Job Search,United Arab Emirates,Live / varies,Possibly Available,,2026-07-20,Platform-Indexed Vacancy,B,58,https://www.gulftalent.com/jobs?keywords=ServiceNow+Architect,"GCC live-search pack. This is a live search link, not one fixed vacancy."
job-01166,ServiceNow Architect — GulfTalent Live Search,Qatar,Live Job Search,Qatar,Live / varies,Possibly Available,,2026-07-20,Platform-Indexed Vacancy,B,58,https://www.gulftalent.com/jobs?keywords=ServiceNow+Architect,"GCC live-search pack. This is a live search link, not one fixed vacancy."
job-01167,ServiceNow Architect — GulfTalent Live Search,Kuwait,Live Job Search,Kuwait,Live / varies,Possibly Available,,2026-07-20,Platform-Indexed Vacancy,B,58,https://www.gulftalent.com/jobs?keywords=ServiceNow+Architect,"GCC live-search pack. This is a live search link, not one fixed vacancy."
job-01168,ServiceNow Architect — GulfTalent Live Search,Oman,Live Job Search,Oman,Live / varies,Possibly Available,,2026-07-20,Platform-Indexed Vacancy,B,58,https://www.gulftalent.com/jobs?keywords=ServiceNow+Architect,"GCC live-search pack. This is a live search link, not one fixed vacancy."
job-01169,ServiceNow Architect — GulfTalent Live Search,Bahrain,Live Job Search,Bahrain,Live / varies,Possibly Available,,2026-07-20,Platform-Indexed Vacancy,B,58,https://www.gulftalent.com/jobs?keywords=ServiceNow+Architect,"GCC live-search pack. This is a live search link, not one fixed vacancy."
job-01170,ServiceNow Architect — LinkedIn Live Search,Egypt,Live Job Search,Egypt,Live / varies,Possibly Available,,2026-07-20,Platform-Indexed Vacancy,B,58,https://www.linkedin.com/jobs/search/?keywords=ServiceNow+Architect&sortBy=DD&location=Egypt,"Egypt live-search pack. This is a live search link, not one fixed vacancy."
job-01171,ServiceNow Architect — LinkedIn Live Search,Saudi Arabia,Live Job Search,Saudi Arabia,Live / varies,Possibly Available,,2026-07-20,Platform-Indexed Vacancy,B,58,https://www.linkedin.com/jobs/search/?keywords=ServiceNow+Architect&sortBy=DD&location=Saudi+Arabia,"GCC live-search pack. This is a live search link, not one fixed vacancy."
job-01172,ServiceNow Architect — LinkedIn Live Search,United Arab Emirates,Live Job Search,United Arab Emirates,Live / varies,Possibly Available,,2026-07-20,Platform-Indexed Vacancy,B,58,https://www.linkedin.com/jobs/search/?keywords=ServiceNow+Architect&sortBy=DD&location=United+Arab+Emirates,"GCC live-search pack. This is a live search link, not one fixed vacancy."
job-01173,ServiceNow Architect — LinkedIn Live Search,Qatar,Live Job Search,Qatar,Live / varies,Possibly Available,,2026-07-20,Platform-Indexed Vacancy,B,58,https://www.linkedin.com/jobs/search/?keywords=ServiceNow+Architect&sortBy=DD&location=Qatar,"GCC live-search pack. This is a live search link, not one fixed vacancy."
job-01174,ServiceNow Architect — LinkedIn Live Search,Kuwait,Live Job Search,Kuwait,Live / varies,Possibly Available,,2026-07-20,Platform-Indexed Vacancy,B,58,https://www.linkedin.com/jobs/search/?keywords=ServiceNow+Architect&sortBy=DD&location=Kuwait,"GCC live-search pack. This is a live search link, not one fixed vacancy."
job-01175,ServiceNow Architect — LinkedIn Live Search,Oman,Live Job Search,Oman,Live / varies,Possibly Available,,2026-07-20,Platform-Indexed Vacancy,B,58,https://www.linkedin.com/jobs/search/?keywords=ServiceNow+Architect&sortBy=DD&location=Oman,"GCC live-search pack. This is a live search link, not one fixed vacancy."
job-01176,ServiceNow Architect — LinkedIn Live Search,Bahrain,Live Job Search,Bahrain,Live / varies,Possibly Available,,2026-07-20,Platform-Indexed Vacancy,B,58,https://www.linkedin.com/jobs/search/?keywords=ServiceNow+Architect&sortBy=DD&location=Bahrain,"GCC live-search pack. This is a live search link, not one fixed vacancy."
job-01177,ServiceNow Architect — Wuzzuf Live Search,Egypt,Live Job Search,Egypt,Live / varies,Possibly Available,,2026-07-20,Platform-Indexed Vacancy,B,58,https://wuzzuf.net/search/jobs/?q=ServiceNow+Architect&a=navbl,"Egypt live-search pack. This is a live search link, not one fixed vacancy."
job-01178,Business Transformation Manager — LinkedIn Live Search,Worldwide Remote,Live Job Search,Worldwide Remote,Live / varies,Possibly Available,,2026-07-20,Platform-Indexed Vacancy,B,57,https://www.linkedin.com/jobs/search/?keywords=Business+Transformation+Manager&sortBy=DD&location=Worldwide+Remote,"Global remote live-search pack. This is a live search link, not one fixed vacancy."
job-01179,Business Transformation Manager — LinkedIn Live Search,EMEA Remote,Live Job Search,EMEA Remote,Live / varies,Possibly Available,,2026-07-20,Platform-Indexed Vacancy,B,57,https://www.linkedin.com/jobs/search/?keywords=Business+Transformation+Manager&sortBy=DD&location=EMEA+Remote,"Global remote live-search pack. This is a live search link, not one fixed vacancy."
job-01180,Business Transformation Manager — LinkedIn Live Search,Africa Remote,Live Job Search,Africa Remote,Live / varies,Possibly Available,,2026-07-20,Platform-Indexed Vacancy,B,57,https://www.linkedin.com/jobs/search/?keywords=Business+Transformation+Manager&sortBy=DD&location=Africa+Remote,"Global remote live-search pack. This is a live search link, not one fixed vacancy."
job-01181,Business Transformation Manager — LinkedIn Live Search,Middle East Remote,Live Job Search,Middle East Remote,Live / varies,Possibly Available,,2026-07-20,Platform-Indexed Vacancy,B,57,https://www.linkedin.com/jobs/search/?keywords=Business+Transformation+Manager&sortBy=DD&location=Middle+East+Remote,"Global remote live-search pack. This is a live search link, not one fixed vacancy."
job-01182,Business Transformation Manager — RemoteOK Live Search,Worldwide Remote,Live Job Search,Worldwide Remote,Live / varies,Possibly Available,,2026-07-20,Platform-Indexed Vacancy,B,57,https://remoteok.com/remote-business-transformation-manager-jobs,"Global remote live-search pack. This is a live search link, not one fixed vacancy."
job-01183,Business Transformation Manager — RemoteOK Live Search,EMEA Remote,Live Job Search,EMEA Remote,Live / varies,Possibly Available,,2026-07-20,Platform-Indexed Vacancy,B,57,https://remoteok.com/remote-business-transformation-manager-jobs,"Global remote live-search pack. This is a live search link, not one fixed vacancy."
job-01184,Business Transformation Manager — RemoteOK Live Search,Africa Remote,Live Job Search,Africa Remote,Live / varies,Possibly Available,,2026-07-20,Platform-Indexed Vacancy,B,57,https://remoteok.com/remote-business-transformation-manager-jobs,"Global remote live-search pack. This is a live search link, not one fixed vacancy."
job-01185,Business Transformation Manager — RemoteOK Live Search,Middle East Remote,Live Job Search,Middle East Remote,Live / varies,Possibly Available,,2026-07-20,Platform-Indexed Vacancy,B,57,https://remoteok.com/remote-business-transformation-manager-jobs,"Global remote live-search pack. This is a live search link, not one fixed vacancy."
job-01186,Business Transformation Manager — Wellfound Live Search,Worldwide Remote,Live Job Search,Worldwide Remote,Live / varies,Possibly Available,,2026-07-20,Platform-Indexed Vacancy,B,57,https://wellfound.com/jobs?q=Business+Transformation+Manager&remote=True,"Global remote live-search pack. This is a live search link, not one fixed vacancy."
job-01187,Business Transformation Manager — Wellfound Live Search,EMEA Remote,Live Job Search,EMEA Remote,Live / varies,Possibly Available,,2026-07-20,Platform-Indexed Vacancy,B,57,https://wellfound.com/jobs?q=Business+Transformation+Manager&remote=True,"Global remote live-search pack. This is a live search link, not one fixed vacancy."
job-01188,Business Transformation Manager — Wellfound Live Search,Africa Remote,Live Job Search,Africa Remote,Live / varies,Possibly Available,,2026-07-20,Platform-Indexed Vacancy,B,57,https://wellfound.com/jobs?q=Business+Transformation+Manager&remote=True,"Global remote live-search pack. This is a live search link, not one fixed vacancy."
job-01189,Business Transformation Manager — Wellfound Live Search,Middle East Remote,Live Job Search,Middle East Remote,Live / varies,Possibly Available,,2026-07-20,Platform-Indexed Vacancy,B,57,https://wellfound.com/jobs?q=Business+Transformation+Manager&remote=True,"Global remote live-search pack. This is a live search link, not one fixed vacancy."
job-01190,Business Transformation Manager — WeWorkRemotely Live Search,Worldwide Remote,Live Job Search,Worldwide Remote,Live / varies,Possibly Available,,2026-07-20,Platform-Indexed Vacancy,B,57,https://weworkremotely.com/remote-jobs/search?term=Business+Transformation+Manager,"Global remote live-search pack. This is a live search link, not one fixed vacancy."
job-01191,Business Transformation Manager — WeWorkRemotely Live Search,EMEA Remote,Live Job Search,EMEA Remote,Live / varies,Possibly Available,,2026-07-20,Platform-Indexed Vacancy,B,57,https://weworkremotely.com/remote-jobs/search?term=Business+Transformation+Manager,"Global remote live-search pack. This is a live search link, not one fixed vacancy."
job-01192,Business Transformation Manager — WeWorkRemotely Live Search,Africa Remote,Live Job Search,Africa Remote,Live / varies,Possibly Available,,2026-07-20,Platform-Indexed Vacancy,B,57,https://weworkremotely.com/remote-jobs/search?term=Business+Transformation+Manager,"Global remote live-search pack. This is a live search link, not one fixed vacancy."
job-01193,Business Transformation Manager — WeWorkRemotely Live Search,Middle East Remote,Live Job Search,Middle East Remote,Live / varies,Possibly Available,,2026-07-20,Platform-Indexed Vacancy,B,57,https://weworkremotely.com/remote-jobs/search?term=Business+Transformation+Manager,"Global remote live-search pack. This is a live search link, not one fixed vacancy."
job-01194,Chief Data Officer — Google Live Search,Kenya,Live Job Search,Kenya,Live / varies,Possibly Available,,2026-07-20,Platform-Indexed Vacancy,B,57,https://www.google.com/search?q=Kenya+Chief+Data+Officer+jobs+posted+this+week,"Africa live-search pack. This is a live search link, not one fixed vacancy."
job-01195,Chief Data Officer — Google Live Search,Nigeria,Live Job Search,Nigeria,Live / varies,Possibly Available,,2026-07-20,Platform-Indexed Vacancy,B,57,https://www.google.com/search?q=Nigeria+Chief+Data+Officer+jobs+posted+this+week,"Africa live-search pack. This is a live search link, not one fixed vacancy."
job-01196,Chief Data Officer — Google Live Search,Ghana,Live Job Search,Ghana,Live / varies,Possibly Available,,2026-07-20,Platform-Indexed Vacancy,B,57,https://www.google.com/search?q=Ghana+Chief+Data+Officer+jobs+posted+this+week,"Africa live-search pack. This is a live search link, not one fixed vacancy."
job-01197,Chief Data Officer — Google Live Search,South Africa,Live Job Search,South Africa,Live / varies,Possibly Available,,2026-07-20,Platform-Indexed Vacancy,B,57,https://www.google.com/search?q=South+Africa+Chief+Data+Officer+jobs+posted+this+week,"Africa live-search pack. This is a live search link, not one fixed vacancy."
job-01198,Chief Data Officer — Google Live Search,Rwanda,Live Job Search,Rwanda,Live / varies,Possibly Available,,2026-07-20,Platform-Indexed Vacancy,B,57,https://www.google.com/search?q=Rwanda+Chief+Data+Officer+jobs+posted+this+week,"Africa live-search pack. This is a live search link, not one fixed vacancy."
job-01199,Chief Data Officer — Google Live Search,Uganda,Live Job Search,Uganda,Live / varies,Possibly Available,,2026-07-20,Platform-Indexed Vacancy,B,57,https://www.google.com/search?q=Uganda+Chief+Data+Officer+jobs+posted+this+week,"Africa live-search pack. This is a live search link, not one fixed vacancy."
job-01200,Chief Data Officer — Google Live Search,Tanzania,Live Job Search,Tanzania,Live / varies,Possibly Available,,2026-07-20,Platform-Indexed Vacancy,B,57,https://www.google.com/search?q=Tanzania+Chief+Data+Officer+jobs+posted+this+week,"Africa live-search pack. This is a live search link, not one fixed vacancy."
job-01201,Chief Data Officer — Google Live Search,Ethiopia,Live Job Search,Ethiopia,Live / varies,Possibly Available,,2026-07-20,Platform-Indexed Vacancy,B,57,https://www.google.com/search?q=Ethiopia+Chief+Data+Officer+jobs+posted+this+week,"Africa live-search pack. This is a live search link, not one fixed vacancy."
job-01202,Chief Data Officer — LinkedIn Live Search,Kenya,Live Job Search,Kenya,Live / varies,Possibly Available,,2026-07-20,Platform-Indexed Vacancy,B,57,https://www.linkedin.com/jobs/search/?keywords=Chief+Data+Officer&sortBy=DD&location=Kenya,"Africa live-search pack. This is a live search link, not one fixed vacancy."
job-01203,Chief Data Officer — LinkedIn Live Search,Nigeria,Live Job Search,Nigeria,Live / varies,Possibly Available,,2026-07-20,Platform-Indexed Vacancy,B,57,https://www.linkedin.com/jobs/search/?keywords=Chief+Data+Officer&sortBy=DD&location=Nigeria,"Africa live-search pack. This is a live search link, not one fixed vacancy."
job-01204,Chief Data Officer — LinkedIn Live Search,Ghana,Live Job Search,Ghana,Live / varies,Possibly Available,,2026-07-20,Platform-Indexed Vacancy,B,57,https://www.linkedin.com/jobs/search/?keywords=Chief+Data+Officer&sortBy=DD&location=Ghana,"Africa live-search pack. This is a live search link, not one fixed vacancy."
job-01205,Chief Data Officer — LinkedIn Live Search,South Africa,Live Job Search,South Africa,Live / varies,Possibly Available,,2026-07-20,Platform-Indexed Vacancy,B,57,https://www.linkedin.com/jobs/search/?keywords=Chief+Data+Officer&sortBy=DD&location=South+Africa,"Africa live-search pack. This is a live search link, not one fixed vacancy."
job-01206,Chief Data Officer — LinkedIn Live Search,Rwanda,Live Job Search,Rwanda,Live / varies,Possibly Available,,2026-07-20,Platform-Indexed Vacancy,B,57,https://www.linkedin.com/jobs/search/?keywords=Chief+Data+Officer&sortBy=DD&location=Rwanda,"Africa live-search pack. This is a live search link, not one fixed vacancy."
job-01207,Chief Data Officer — LinkedIn Live Search,Uganda,Live Job Search,Uganda,Live / varies,Possibly Available,,2026-07-20,Platform-Indexed Vacancy,B,57,https://www.linkedin.com/jobs/search/?keywords=Chief+Data+Officer&sortBy=DD&location=Uganda,"Africa live-search pack. This is a live search link, not one fixed vacancy."
job-01208,Chief Data Officer — LinkedIn Live Search,Tanzania,Live Job Search,Tanzania,Live / varies,Possibly Available,,2026-07-20,Platform-Indexed Vacancy,B,57,https://www.linkedin.com/jobs/search/?keywords=Chief+Data+Officer&sortBy=DD&location=Tanzania,"Africa live-search pack. This is a live search link, not one fixed vacancy."
job-01209,Chief Data Officer — LinkedIn Live Search,Ethiopia,Live Job Search,Ethiopia,Live / varies,Possibly Available,,2026-07-20,Platform-Indexed Vacancy,B,57,https://www.linkedin.com/jobs/search/?keywords=Chief+Data+Officer&sortBy=DD&location=Ethiopia,"Africa live-search pack. This is a live search link, not one fixed vacancy."
job-01210,Cloud Architect — Google Live Search,Kenya,Live Job Search,Kenya,Live / varies,Possibly Available,,2026-07-20,Platform-Indexed Vacancy,B,57,https://www.google.com/search?q=Kenya+Cloud+Architect+jobs+posted+this+week,"Africa live-search pack. This is a live search link, not one fixed vacancy."
job-01211,Cloud Architect — Google Live Search,Nigeria,Live Job Search,Nigeria,Live / varies,Possibly Available,,2026-07-20,Platform-Indexed Vacancy,B,57,https://www.google.com/search?q=Nigeria+Cloud+Architect+jobs+posted+this+week,"Africa live-search pack. This is a live search link, not one fixed vacancy."
job-01212,Cloud Architect — Google Live Search,Ghana,Live Job Search,Ghana,Live / varies,Possibly Available,,2026-07-20,Platform-Indexed Vacancy,B,57,https://www.google.com/search?q=Ghana+Cloud+Architect+jobs+posted+this+week,"Africa live-search pack. This is a live search link, not one fixed vacancy."
job-01213,Cloud Architect — Google Live Search,South Africa,Live Job Search,South Africa,Live / varies,Possibly Available,,2026-07-20,Platform-Indexed Vacancy,B,57,https://www.google.com/search?q=South+Africa+Cloud+Architect+jobs+posted+this+week,"Africa live-search pack. This is a live search link, not one fixed vacancy."
job-01214,Cloud Architect — Google Live Search,Rwanda,Live Job Search,Rwanda,Live / varies,Possibly Available,,2026-07-20,Platform-Indexed Vacancy,B,57,https://www.google.com/search?q=Rwanda+Cloud+Architect+jobs+posted+this+week,"Africa live-search pack. This is a live search link, not one fixed vacancy."
job-01215,Cloud Architect — Google Live Search,Uganda,Live Job Search,Uganda,Live / varies,Possibly Available,,2026-07-20,Platform-Indexed Vacancy,B,57,https://www.google.com/search?q=Uganda+Cloud+Architect+jobs+posted+this+week,"Africa live-search pack. This is a live search link, not one fixed vacancy."
job-01216,Cloud Architect — Google Live Search,Tanzania,Live Job Search,Tanzania,Live / varies,Possibly Available,,2026-07-20,Platform-Indexed Vacancy,B,57,https://www.google.com/search?q=Tanzania+Cloud+Architect+jobs+posted+this+week,"Africa live-search pack. This is a live search link, not one fixed vacancy."
job-01217,Cloud Architect — Google Live Search,Ethiopia,Live Job Search,Ethiopia,Live / varies,Possibly Available,,2026-07-20,Platform-Indexed Vacancy,B,57,https://www.google.com/search?q=Ethiopia+Cloud+Architect+jobs+posted+this+week,"Africa live-search pack. This is a live search link, not one fixed vacancy."
job-01218,Cloud Architect — LinkedIn Live Search,Kenya,Live Job Search,Kenya,Live / varies,Possibly Available,,2026-07-20,Platform-Indexed Vacancy,B,57,https://www.linkedin.com/jobs/search/?keywords=Cloud+Architect&sortBy=DD&location=Kenya,"Africa live-search pack. This is a live search link, not one fixed vacancy."
job-01219,Cloud Architect — LinkedIn Live Search,Nigeria,Live Job Search,Nigeria,Live / varies,Possibly Available,,2026-07-20,Platform-Indexed Vacancy,B,57,https://www.linkedin.com/jobs/search/?keywords=Cloud+Architect&sortBy=DD&location=Nigeria,"Africa live-search pack. This is a live search link, not one fixed vacancy."
job-01220,Cloud Architect — LinkedIn Live Search,Ghana,Live Job Search,Ghana,Live / varies,Possibly Available,,2026-07-20,Platform-Indexed Vacancy,B,57,https://www.linkedin.com/jobs/search/?keywords=Cloud+Architect&sortBy=DD&location=Ghana,"Africa live-search pack. This is a live search link, not one fixed vacancy."
job-01221,Cloud Architect — LinkedIn Live Search,South Africa,Live Job Search,South Africa,Live / varies,Possibly Available,,2026-07-20,Platform-Indexed Vacancy,B,57,https://www.linkedin.com/jobs/search/?keywords=Cloud+Architect&sortBy=DD&location=South+Africa,"Africa live-search pack. This is a live search link, not one fixed vacancy."
job-01222,Cloud Architect — LinkedIn Live Search,Rwanda,Live Job Search,Rwanda,Live / varies,Possibly Available,,2026-07-20,Platform-Indexed Vacancy,B,57,https://www.linkedin.com/jobs/search/?keywords=Cloud+Architect&sortBy=DD&location=Rwanda,"Africa live-search pack. This is a live search link, not one fixed vacancy."
job-01223,Cloud Architect — LinkedIn Live Search,Uganda,Live Job Search,Uganda,Live / varies,Possibly Available,,2026-07-20,Platform-Indexed Vacancy,B,57,https://www.linkedin.com/jobs/search/?keywords=Cloud+Architect&sortBy=DD&location=Uganda,"Africa live-search pack. This is a live search link, not one fixed vacancy."
job-01224,Cloud Architect — LinkedIn Live Search,Tanzania,Live Job Search,Tanzania,Live / varies,Possibly Available,,2026-07-20,Platform-Indexed Vacancy,B,57,https://www.linkedin.com/jobs/search/?keywords=Cloud+Architect&sortBy=DD&location=Tanzania,"Africa live-search pack. This is a live search link, not one fixed vacancy."
job-01225,Cloud Architect — LinkedIn Live Search,Ethiopia,Live Job Search,Ethiopia,Live / varies,Possibly Available,,2026-07-20,Platform-Indexed Vacancy,B,57,https://www.linkedin.com/jobs/search/?keywords=Cloud+Architect&sortBy=DD&location=Ethiopia,"Africa live-search pack. This is a live search link, not one fixed vacancy."
job-01226,Cybersecurity Manager — LinkedIn Live Search,Worldwide Remote,Live Job Search,Worldwide Remote,Live / varies,Possibly Available,,2026-07-20,Platform-Indexed Vacancy,B,57,https://www.linkedin.com/jobs/search/?keywords=Cybersecurity+Manager&sortBy=DD&location=Worldwide+Remote,"Global remote live-search pack. This is a live search link, not one fixed vacancy."
job-01227,Cybersecurity Manager — LinkedIn Live Search,EMEA Remote,Live Job Search,EMEA Remote,Live / varies,Possibly Available,,2026-07-20,Platform-Indexed Vacancy,B,57,https://www.linkedin.com/jobs/search/?keywords=Cybersecurity+Manager&sortBy=DD&location=EMEA+Remote,"Global remote live-search pack. This is a live search link, not one fixed vacancy."
job-01228,Cybersecurity Manager — LinkedIn Live Search,Africa Remote,Live Job Search,Africa Remote,Live / varies,Possibly Available,,2026-07-20,Platform-Indexed Vacancy,B,57,https://www.linkedin.com/jobs/search/?keywords=Cybersecurity+Manager&sortBy=DD&location=Africa+Remote,"Global remote live-search pack. This is a live search link, not one fixed vacancy."
job-01229,Cybersecurity Manager — LinkedIn Live Search,Middle East Remote,Live Job Search,Middle East Remote,Live / varies,Possibly Available,,2026-07-20,Platform-Indexed Vacancy,B,57,https://www.linkedin.com/jobs/search/?keywords=Cybersecurity+Manager&sortBy=DD&location=Middle+East+Remote,"Global remote live-search pack. This is a live search link, not one fixed vacancy."
job-01230,Cybersecurity Manager — RemoteOK Live Search,Worldwide Remote,Live Job Search,Worldwide Remote,Live / varies,Possibly Available,,2026-07-20,Platform-Indexed Vacancy,B,57,https://remoteok.com/remote-cybersecurity-manager-jobs,"Global remote live-search pack. This is a live search link, not one fixed vacancy."
job-01231,Cybersecurity Manager — RemoteOK Live Search,EMEA Remote,Live Job Search,EMEA Remote,Live / varies,Possibly Available,,2026-07-20,Platform-Indexed Vacancy,B,57,https://remoteok.com/remote-cybersecurity-manager-jobs,"Global remote live-search pack. This is a live search link, not one fixed vacancy."
job-01232,Cybersecurity Manager — RemoteOK Live Search,Africa Remote,Live Job Search,Africa Remote,Live / varies,Possibly Available,,2026-07-20,Platform-Indexed Vacancy,B,57,https://remoteok.com/remote-cybersecurity-manager-jobs,"Global remote live-search pack. This is a live search link, not one fixed vacancy."
job-01233,Cybersecurity Manager — RemoteOK Live Search,Middle East Remote,Live Job Search,Middle East Remote,Live / varies,Possibly Available,,2026-07-20,Platform-Indexed Vacancy,B,57,https://remoteok.com/remote-cybersecurity-manager-jobs,"Global remote live-search pack. This is a live search link, not one fixed vacancy."
job-01234,Cybersecurity Manager — Wellfound Live Search,Worldwide Remote,Live Job Search,Worldwide Remote,Live / varies,Possibly Available,,2026-07-20,Platform-Indexed Vacancy,B,57,https://wellfound.com/jobs?q=Cybersecurity+Manager&remote=True,"Global remote live-search pack. This is a live search link, not one fixed vacancy."
job-01235,Cybersecurity Manager — Wellfound Live Search,EMEA Remote,Live Job Search,EMEA Remote,Live / varies,Possibly Available,,2026-07-20,Platform-Indexed Vacancy,B,57,https://wellfound.com/jobs?q=Cybersecurity+Manager&remote=True,"Global remote live-search pack. This is a live search link, not one fixed vacancy."
job-01236,Cybersecurity Manager — Wellfound Live Search,Africa Remote,Live Job Search,Africa Remote,Live / varies,Possibly Available,,2026-07-20,Platform-Indexed Vacancy,B,57,https://wellfound.com/jobs?q=Cybersecurity+Manager&remote=True,"Global remote live-search pack. This is a live search link, not one fixed vacancy."
job-01237,Cybersecurity Manager — Wellfound Live Search,Middle East Remote,Live Job Search,Middle East Remote,Live / varies,Possibly Available,,2026-07-20,Platform-Indexed Vacancy,B,57,https://wellfound.com/jobs?q=Cybersecurity+Manager&remote=True,"Global remote live-search pack. This is a live search link, not one fixed vacancy."
job-01238,Cybersecurity Manager — WeWorkRemotely Live Search,Worldwide Remote,Live Job Search,Worldwide Remote,Live / varies,Possibly Available,,2026-07-20,Platform-Indexed Vacancy,B,57,https://weworkremotely.com/remote-jobs/search?term=Cybersecurity+Manager,"Global remote live-search pack. This is a live search link, not one fixed vacancy."
job-01239,Cybersecurity Manager — WeWorkRemotely Live Search,EMEA Remote,Live Job Search,EMEA Remote,Live / varies,Possibly Available,,2026-07-20,Platform-Indexed Vacancy,B,57,https://weworkremotely.com/remote-jobs/search?term=Cybersecurity+Manager,"Global remote live-search pack. This is a live search link, not one fixed vacancy."
job-01240,Cybersecurity Manager — WeWorkRemotely Live Search,Africa Remote,Live Job Search,Africa Remote,Live / varies,Possibly Available,,2026-07-20,Platform-Indexed Vacancy,B,57,https://weworkremotely.com/remote-jobs/search?term=Cybersecurity+Manager,"Global remote live-search pack. This is a live search link, not one fixed vacancy."
job-01241,Cybersecurity Manager — WeWorkRemotely Live Search,Middle East Remote,Live Job Search,Middle East Remote,Live / varies,Possibly Available,,2026-07-20,Platform-Indexed Vacancy,B,57,https://weworkremotely.com/remote-jobs/search?term=Cybersecurity+Manager,"Global remote live-search pack. This is a live search link, not one fixed vacancy."
job-01242,Data Architect — Google Live Search,Kenya,Live Job Search,Kenya,Live / varies,Possibly Available,,2026-07-20,Platform-Indexed Vacancy,B,57,https://www.google.com/search?q=Kenya+Data+Architect+jobs+posted+this+week,"Africa live-search pack. This is a live search link, not one fixed vacancy."
job-01243,Data Architect — Google Live Search,Nigeria,Live Job Search,Nigeria,Live / varies,Possibly Available,,2026-07-20,Platform-Indexed Vacancy,B,57,https://www.google.com/search?q=Nigeria+Data+Architect+jobs+posted+this+week,"Africa live-search pack. This is a live search link, not one fixed vacancy."
job-01244,Data Architect — Google Live Search,Ghana,Live Job Search,Ghana,Live / varies,Possibly Available,,2026-07-20,Platform-Indexed Vacancy,B,57,https://www.google.com/search?q=Ghana+Data+Architect+jobs+posted+this+week,"Africa live-search pack. This is a live search link, not one fixed vacancy."
job-01245,Data Architect — Google Live Search,South Africa,Live Job Search,South Africa,Live / varies,Possibly Available,,2026-07-20,Platform-Indexed Vacancy,B,57,https://www.google.com/search?q=South+Africa+Data+Architect+jobs+posted+this+week,"Africa live-search pack. This is a live search link, not one fixed vacancy."
job-01246,Data Architect — Google Live Search,Rwanda,Live Job Search,Rwanda,Live / varies,Possibly Available,,2026-07-20,Platform-Indexed Vacancy,B,57,https://www.google.com/search?q=Rwanda+Data+Architect+jobs+posted+this+week,"Africa live-search pack. This is a live search link, not one fixed vacancy."
job-01247,Data Architect — Google Live Search,Uganda,Live Job Search,Uganda,Live / varies,Possibly Available,,2026-07-20,Platform-Indexed Vacancy,B,57,https://www.google.com/search?q=Uganda+Data+Architect+jobs+posted+this+week,"Africa live-search pack. This is a live search link, not one fixed vacancy."
job-01248,Data Architect — Google Live Search,Tanzania,Live Job Search,Tanzania,Live / varies,Possibly Available,,2026-07-20,Platform-Indexed Vacancy,B,57,https://www.google.com/search?q=Tanzania+Data+Architect+jobs+posted+this+week,"Africa live-search pack. This is a live search link, not one fixed vacancy."
job-01249,Data Architect — Google Live Search,Ethiopia,Live Job Search,Ethiopia,Live / varies,Possibly Available,,2026-07-20,Platform-Indexed Vacancy,B,57,https://www.google.com/search?q=Ethiopia+Data+Architect+jobs+posted+this+week,"Africa live-search pack. This is a live search link, not one fixed vacancy."
job-01250,Data Architect — LinkedIn Live Search,Kenya,Live Job Search,Kenya,Live / varies,Possibly Available,,2026-07-20,Platform-Indexed Vacancy,B,57,https://www.linkedin.com/jobs/search/?keywords=Data+Architect&sortBy=DD&location=Kenya,"Africa live-search pack. This is a live search link, not one fixed vacancy."
job-01251,Data Architect — LinkedIn Live Search,Nigeria,Live Job Search,Nigeria,Live / varies,Possibly Available,,2026-07-20,Platform-Indexed Vacancy,B,57,https://www.linkedin.com/jobs/search/?keywords=Data+Architect&sortBy=DD&location=Nigeria,"Africa live-search pack. This is a live search link, not one fixed vacancy."
job-01252,Data Architect — LinkedIn Live Search,Ghana,Live Job Search,Ghana,Live / varies,Possibly Available,,2026-07-20,Platform-Indexed Vacancy,B,57,https://www.linkedin.com/jobs/search/?keywords=Data+Architect&sortBy=DD&location=Ghana,"Africa live-search pack. This is a live search link, not one fixed vacancy."
job-01253,Data Architect — LinkedIn Live Search,South Africa,Live Job Search,South Africa,Live / varies,Possibly Available,,2026-07-20,Platform-Indexed Vacancy,B,57,https://www.linkedin.com/jobs/search/?keywords=Data+Architect&sortBy=DD&location=South+Africa,"Africa live-search pack. This is a live search link, not one fixed vacancy."
job-01254,Data Architect — LinkedIn Live Search,Rwanda,Live Job Search,Rwanda,Live / varies,Possibly Available,,2026-07-20,Platform-Indexed Vacancy,B,57,https://www.linkedin.com/jobs/search/?keywords=Data+Architect&sortBy=DD&location=Rwanda,"Africa live-search pack. This is a live search link, not one fixed vacancy."
job-01255,Data Architect — LinkedIn Live Search,Uganda,Live Job Search,Uganda,Live / varies,Possibly Available,,2026-07-20,Platform-Indexed Vacancy,B,57,https://www.linkedin.com/jobs/search/?keywords=Data+Architect&sortBy=DD&location=Uganda,"Africa live-search pack. This is a live search link, not one fixed vacancy."
job-01256,Data Architect — LinkedIn Live Search,Tanzania,Live Job Search,Tanzania,Live / varies,Possibly Available,,2026-07-20,Platform-Indexed Vacancy,B,57,https://www.linkedin.com/jobs/search/?keywords=Data+Architect&sortBy=DD&location=Tanzania,"Africa live-search pack. This is a live search link, not one fixed vacancy."
job-01257,Data Architect — LinkedIn Live Search,Ethiopia,Live Job Search,Ethiopia,Live / varies,Possibly Available,,2026-07-20,Platform-Indexed Vacancy,B,57,https://www.linkedin.com/jobs/search/?keywords=Data+Architect&sortBy=DD&location=Ethiopia,"Africa live-search pack. This is a live search link, not one fixed vacancy."
job-01258,Digital Health — Bayt Live Search,Saudi Arabia,Live Job Search,Saudi Arabia,Live / varies,Possibly Available,,2026-07-20,Platform-Indexed Vacancy,B,57,https://www.bayt.com/en/saudi-arabia/jobs/Digital%20Health-jobs/,"GCC live-search pack. This is a live search link, not one fixed vacancy."
job-01259,Digital Health — Bayt Live Search,United Arab Emirates,Live Job Search,United Arab Emirates,Live / varies,Possibly Available,,2026-07-20,Platform-Indexed Vacancy,B,57,https://www.bayt.com/en/united-arab-emirates/jobs/Digital%20Health-jobs/,"GCC live-search pack. This is a live search link, not one fixed vacancy."
job-01260,Digital Health — Bayt Live Search,Qatar,Live Job Search,Qatar,Live / varies,Possibly Available,,2026-07-20,Platform-Indexed Vacancy,B,57,https://www.bayt.com/en/qatar/jobs/Digital%20Health-jobs/,"GCC live-search pack. This is a live search link, not one fixed vacancy."
job-01261,Digital Health — Bayt Live Search,Kuwait,Live Job Search,Kuwait,Live / varies,Possibly Available,,2026-07-20,Platform-Indexed Vacancy,B,57,https://www.bayt.com/en/kuwait/jobs/Digital%20Health-jobs/,"GCC live-search pack. This is a live search link, not one fixed vacancy."
job-01262,Digital Health — Bayt Live Search,Oman,Live Job Search,Oman,Live / varies,Possibly Available,,2026-07-20,Platform-Indexed Vacancy,B,57,https://www.bayt.com/en/oman/jobs/Digital%20Health-jobs/,"GCC live-search pack. This is a live search link, not one fixed vacancy."
job-01263,Digital Health — Bayt Live Search,Bahrain,Live Job Search,Bahrain,Live / varies,Possibly Available,,2026-07-20,Platform-Indexed Vacancy,B,57,https://www.bayt.com/en/bahrain/jobs/Digital%20Health-jobs/,"GCC live-search pack. This is a live search link, not one fixed vacancy."
job-01264,Digital Health — GulfTalent Live Search,Saudi Arabia,Live Job Search,Saudi Arabia,Live / varies,Possibly Available,,2026-07-20,Platform-Indexed Vacancy,B,57,https://www.gulftalent.com/jobs?keywords=Digital+Health,"GCC live-search pack. This is a live search link, not one fixed vacancy."
job-01265,Digital Health — GulfTalent Live Search,United Arab Emirates,Live Job Search,United Arab Emirates,Live / varies,Possibly Available,,2026-07-20,Platform-Indexed Vacancy,B,57,https://www.gulftalent.com/jobs?keywords=Digital+Health,"GCC live-search pack. This is a live search link, not one fixed vacancy."
job-01266,Digital Health — GulfTalent Live Search,Qatar,Live Job Search,Qatar,Live / varies,Possibly Available,,2026-07-20,Platform-Indexed Vacancy,B,57,https://www.gulftalent.com/jobs?keywords=Digital+Health,"GCC live-search pack. This is a live search link, not one fixed vacancy."
job-01267,Digital Health — GulfTalent Live Search,Kuwait,Live Job Search,Kuwait,Live / varies,Possibly Available,,2026-07-20,Platform-Indexed Vacancy,B,57,https://www.gulftalent.com/jobs?keywords=Digital+Health,"GCC live-search pack. This is a live search link, not one fixed vacancy."
job-01268,Digital Health — GulfTalent Live Search,Oman,Live Job Search,Oman,Live / varies,Possibly Available,,2026-07-20,Platform-Indexed Vacancy,B,57,https://www.gulftalent.com/jobs?keywords=Digital+Health,"GCC live-search pack. This is a live search link, not one fixed vacancy."
job-01269,Digital Health — GulfTalent Live Search,Bahrain,Live Job Search,Bahrain,Live / varies,Possibly Available,,2026-07-20,Platform-Indexed Vacancy,B,57,https://www.gulftalent.com/jobs?keywords=Digital+Health,"GCC live-search pack. This is a live search link, not one fixed vacancy."
job-01270,Digital Health — LinkedIn Live Search,Saudi Arabia,Live Job Search,Saudi Arabia,Live / varies,Possibly Available,,2026-07-20,Platform-Indexed Vacancy,B,57,https://www.linkedin.com/jobs/search/?keywords=Digital+Health&sortBy=DD&location=Saudi+Arabia,"GCC live-search pack. This is a live search link, not one fixed vacancy."
job-01271,Digital Health — LinkedIn Live Search,United Arab Emirates,Live Job Search,United Arab Emirates,Live / varies,Possibly Available,,2026-07-20,Platform-Indexed Vacancy,B,57,https://www.linkedin.com/jobs/search/?keywords=Digital+Health&sortBy=DD&location=United+Arab+Emirates,"GCC live-search pack. This is a live search link, not one fixed vacancy."
job-01272,Digital Health — LinkedIn Live Search,Qatar,Live Job Search,Qatar,Live / varies,Possibly Available,,2026-07-20,Platform-Indexed Vacancy,B,57,https://www.linkedin.com/jobs/search/?keywords=Digital+Health&sortBy=DD&location=Qatar,"GCC live-search pack. This is a live search link, not one fixed vacancy."
job-01273,Digital Health — LinkedIn Live Search,Kuwait,Live Job Search,Kuwait,Live / varies,Possibly Available,,2026-07-20,Platform-Indexed Vacancy,B,57,https://www.linkedin.com/jobs/search/?keywords=Digital+Health&sortBy=DD&location=Kuwait,"GCC live-search pack. This is a live search link, not one fixed vacancy."
job-01274,Digital Health — LinkedIn Live Search,Oman,Live Job Search,Oman,Live / varies,Possibly Available,,2026-07-20,Platform-Indexed Vacancy,B,57,https://www.linkedin.com/jobs/search/?keywords=Digital+Health&sortBy=DD&location=Oman,"GCC live-search pack. This is a live search link, not one fixed vacancy."
job-01275,Digital Health — LinkedIn Live Search,Bahrain,Live Job Search,Bahrain,Live / varies,Possibly Available,,2026-07-20,Platform-Indexed Vacancy,B,57,https://www.linkedin.com/jobs/search/?keywords=Digital+Health&sortBy=DD&location=Bahrain,"GCC live-search pack. This is a live search link, not one fixed vacancy."
job-01276,Digital Health — LinkedIn Live Search,Worldwide Remote,Live Job Search,Worldwide Remote,Live / varies,Possibly Available,,2026-07-20,Platform-Indexed Vacancy,B,57,https://www.linkedin.com/jobs/search/?keywords=Digital+Health&sortBy=DD&location=Worldwide+Remote,"Global remote live-search pack. This is a live search link, not one fixed vacancy."
job-01277,Digital Health — LinkedIn Live Search,EMEA Remote,Live Job Search,EMEA Remote,Live / varies,Possibly Available,,2026-07-20,Platform-Indexed Vacancy,B,57,https://www.linkedin.com/jobs/search/?keywords=Digital+Health&sortBy=DD&location=EMEA+Remote,"Global remote live-search pack. This is a live search link, not one fixed vacancy."
job-01278,Digital Health — LinkedIn Live Search,Africa Remote,Live Job Search,Africa Remote,Live / varies,Possibly Available,,2026-07-20,Platform-Indexed Vacancy,B,57,https://www.linkedin.com/jobs/search/?keywords=Digital+Health&sortBy=DD&location=Africa+Remote,"Global remote live-search pack. This is a live search link, not one fixed vacancy."
job-01279,Digital Health — LinkedIn Live Search,Middle East Remote,Live Job Search,Middle East Remote,Live / varies,Possibly Available,,2026-07-20,Platform-Indexed Vacancy,B,57,https://www.linkedin.com/jobs/search/?keywords=Digital+Health&sortBy=DD&location=Middle+East+Remote,"Global remote live-search pack. This is a live search link, not one fixed vacancy."
job-01280,Digital Health — RemoteOK Live Search,Worldwide Remote,Live Job Search,Worldwide Remote,Live / varies,Possibly Available,,2026-07-20,Platform-Indexed Vacancy,B,57,https://remoteok.com/remote-digital-health-jobs,"Global remote live-search pack. This is a live search link, not one fixed vacancy."
job-01281,Digital Health — RemoteOK Live Search,EMEA Remote,Live Job Search,EMEA Remote,Live / varies,Possibly Available,,2026-07-20,Platform-Indexed Vacancy,B,57,https://remoteok.com/remote-digital-health-jobs,"Global remote live-search pack. This is a live search link, not one fixed vacancy."
job-01282,Digital Health — RemoteOK Live Search,Africa Remote,Live Job Search,Africa Remote,Live / varies,Possibly Available,,2026-07-20,Platform-Indexed Vacancy,B,57,https://remoteok.com/remote-digital-health-jobs,"Global remote live-search pack. This is a live search link, not one fixed vacancy."
job-01283,Digital Health — RemoteOK Live Search,Middle East Remote,Live Job Search,Middle East Remote,Live / varies,Possibly Available,,2026-07-20,Platform-Indexed Vacancy,B,57,https://remoteok.com/remote-digital-health-jobs,"Global remote live-search pack. This is a live search link, not one fixed vacancy."
job-01284,Digital Health — Wellfound Live Search,Worldwide Remote,Live Job Search,Worldwide Remote,Live / varies,Possibly Available,,2026-07-20,Platform-Indexed Vacancy,B,57,https://wellfound.com/jobs?q=Digital+Health&remote=True,"Global remote live-search pack. This is a live search link, not one fixed vacancy."
job-01285,Digital Health — Wellfound Live Search,EMEA Remote,Live Job Search,EMEA Remote,Live / varies,Possibly Available,,2026-07-20,Platform-Indexed Vacancy,B,57,https://wellfound.com/jobs?q=Digital+Health&remote=True,"Global remote live-search pack. This is a live search link, not one fixed vacancy."
job-01286,Digital Health — Wellfound Live Search,Africa Remote,Live Job Search,Africa Remote,Live / varies,Possibly Available,,2026-07-20,Platform-Indexed Vacancy,B,57,https://wellfound.com/jobs?q=Digital+Health&remote=True,"Global remote live-search pack. This is a live search link, not one fixed vacancy."
job-01287,Digital Health — Wellfound Live Search,Middle East Remote,Live Job Search,Middle East Remote,Live / varies,Possibly Available,,2026-07-20,Platform-Indexed Vacancy,B,57,https://wellfound.com/jobs?q=Digital+Health&remote=True,"Global remote live-search pack. This is a live search link, not one fixed vacancy."
job-01288,Digital Health — WeWorkRemotely Live Search,Worldwide Remote,Live Job Search,Worldwide Remote,Live / varies,Possibly Available,,2026-07-20,Platform-Indexed Vacancy,B,57,https://weworkremotely.com/remote-jobs/search?term=Digital+Health,"Global remote live-search pack. This is a live search link, not one fixed vacancy."
job-01289,Digital Health — WeWorkRemotely Live Search,EMEA Remote,Live Job Search,EMEA Remote,Live / varies,Possibly Available,,2026-07-20,Platform-Indexed Vacancy,B,57,https://weworkremotely.com/remote-jobs/search?term=Digital+Health,"Global remote live-search pack. This is a live search link, not one fixed vacancy."
job-01290,Digital Health — WeWorkRemotely Live Search,Africa Remote,Live Job Search,Africa Remote,Live / varies,Possibly Available,,2026-07-20,Platform-Indexed Vacancy,B,57,https://weworkremotely.com/remote-jobs/search?term=Digital+Health,"Global remote live-search pack. This is a live search link, not one fixed vacancy."
job-01291,Digital Health — WeWorkRemotely Live Search,Middle East Remote,Live Job Search,Middle East Remote,Live / varies,Possibly Available,,2026-07-20,Platform-Indexed Vacancy,B,57,https://weworkremotely.com/remote-jobs/search?term=Digital+Health,"Global remote live-search pack. This is a live search link, not one fixed vacancy."
job-01292,"Director, IT",Life360,IT Leadership & Management,United States / Verify,Distributed workforce,Expired,,2026-07-20,Platform-Indexed Vacancy,A,57,https://boards.greenhouse.io/life360/jobs/8636922002,Confirm remote location and work authorization
job-01293,Head of Technology — LinkedIn Live Search,Worldwide Remote,Live Job Search,Worldwide Remote,Live / varies,Possibly Available,,2026-07-20,Platform-Indexed Vacancy,B,57,https://www.linkedin.com/jobs/search/?keywords=Head+of+Technology&sortBy=DD&location=Worldwide+Remote,"Global remote live-search pack. This is a live search link, not one fixed vacancy."
job-01294,Head of Technology — LinkedIn Live Search,EMEA Remote,Live Job Search,EMEA Remote,Live / varies,Possibly Available,,2026-07-20,Platform-Indexed Vacancy,B,57,https://www.linkedin.com/jobs/search/?keywords=Head+of+Technology&sortBy=DD&location=EMEA+Remote,"Global remote live-search pack. This is a live search link, not one fixed vacancy."
job-01295,Head of Technology — LinkedIn Live Search,Africa Remote,Live Job Search,Africa Remote,Live / varies,Possibly Available,,2026-07-20,Platform-Indexed Vacancy,B,57,https://www.linkedin.com/jobs/search/?keywords=Head+of+Technology&sortBy=DD&location=Africa+Remote,"Global remote live-search pack. This is a live search link, not one fixed vacancy."
job-01296,Head of Technology — LinkedIn Live Search,Middle East Remote,Live Job Search,Middle East Remote,Live / varies,Possibly Available,,2026-07-20,Platform-Indexed Vacancy,B,57,https://www.linkedin.com/jobs/search/?keywords=Head+of+Technology&sortBy=DD&location=Middle+East+Remote,"Global remote live-search pack. This is a live search link, not one fixed vacancy."
job-01297,Head of Technology — RemoteOK Live Search,Worldwide Remote,Live Job Search,Worldwide Remote,Live / varies,Possibly Available,,2026-07-20,Platform-Indexed Vacancy,B,57,https://remoteok.com/remote-head-of-technology-jobs,"Global remote live-search pack. This is a live search link, not one fixed vacancy."
job-01298,Head of Technology — RemoteOK Live Search,EMEA Remote,Live Job Search,EMEA Remote,Live / varies,Possibly Available,,2026-07-20,Platform-Indexed Vacancy,B,57,https://remoteok.com/remote-head-of-technology-jobs,"Global remote live-search pack. This is a live search link, not one fixed vacancy."
job-01299,Head of Technology — RemoteOK Live Search,Africa Remote,Live Job Search,Africa Remote,Live / varies,Possibly Available,,2026-07-20,Platform-Indexed Vacancy,B,57,https://remoteok.com/remote-head-of-technology-jobs,"Global remote live-search pack. This is a live search link, not one fixed vacancy."
job-01300,Head of Technology — RemoteOK Live Search,Middle East Remote,Live Job Search,Middle East Remote,Live / varies,Possibly Available,,2026-07-20,Platform-Indexed Vacancy,B,57,https://remoteok.com/remote-head-of-technology-jobs,"Global remote live-search pack. This is a live search link, not one fixed vacancy."
job-01301,Head of Technology — Wellfound Live Search,Worldwide Remote,Live Job Search,Worldwide Remote,Live / varies,Possibly Available,,2026-07-20,Platform-Indexed Vacancy,B,57,https://wellfound.com/jobs?q=Head+of+Technology&remote=True,"Global remote live-search pack. This is a live search link, not one fixed vacancy."
job-01302,Head of Technology — Wellfound Live Search,EMEA Remote,Live Job Search,EMEA Remote,Live / varies,Possibly Available,,2026-07-20,Platform-Indexed Vacancy,B,57,https://wellfound.com/jobs?q=Head+of+Technology&remote=True,"Global remote live-search pack. This is a live search link, not one fixed vacancy."
job-01303,Head of Technology — Wellfound Live Search,Africa Remote,Live Job Search,Africa Remote,Live / varies,Possibly Available,,2026-07-20,Platform-Indexed Vacancy,B,57,https://wellfound.com/jobs?q=Head+of+Technology&remote=True,"Global remote live-search pack. This is a live search link, not one fixed vacancy."
job-01304,Head of Technology — Wellfound Live Search,Middle East Remote,Live Job Search,Middle East Remote,Live / varies,Possibly Available,,2026-07-20,Platform-Indexed Vacancy,B,57,https://wellfound.com/jobs?q=Head+of+Technology&remote=True,"Global remote live-search pack. This is a live search link, not one fixed vacancy."
job-01305,Head of Technology — WeWorkRemotely Live Search,Worldwide Remote,Live Job Search,Worldwide Remote,Live / varies,Possibly Available,,2026-07-20,Platform-Indexed Vacancy,B,57,https://weworkremotely.com/remote-jobs/search?term=Head+of+Technology,"Global remote live-search pack. This is a live search link, not one fixed vacancy."
job-01306,Head of Technology — WeWorkRemotely Live Search,EMEA Remote,Live Job Search,EMEA Remote,Live / varies,Possibly Available,,2026-07-20,Platform-Indexed Vacancy,B,57,https://weworkremotely.com/remote-jobs/search?term=Head+of+Technology,"Global remote live-search pack. This is a live search link, not one fixed vacancy."
job-01307,Head of Technology — WeWorkRemotely Live Search,Africa Remote,Live Job Search,Africa Remote,Live / varies,Possibly Available,,2026-07-20,Platform-Indexed Vacancy,B,57,https://weworkremotely.com/remote-jobs/search?term=Head+of+Technology,"Global remote live-search pack. This is a live search link, not one fixed vacancy."
job-01308,Head of Technology — WeWorkRemotely Live Search,Middle East Remote,Live Job Search,Middle East Remote,Live / varies,Possibly Available,,2026-07-20,Platform-Indexed Vacancy,B,57,https://weworkremotely.com/remote-jobs/search?term=Head+of+Technology,"Global remote live-search pack. This is a live search link, not one fixed vacancy."
job-01309,ICT Manager — LinkedIn Live Search,Worldwide Remote,Live Job Search,Worldwide Remote,Live / varies,Possibly Available,,2026-07-20,Platform-Indexed Vacancy,B,57,https://www.linkedin.com/jobs/search/?keywords=ICT+Manager&sortBy=DD&location=Worldwide+Remote,"Global remote live-search pack. This is a live search link, not one fixed vacancy."
job-01310,ICT Manager — LinkedIn Live Search,EMEA Remote,Live Job Search,EMEA Remote,Live / varies,Possibly Available,,2026-07-20,Platform-Indexed Vacancy,B,57,https://www.linkedin.com/jobs/search/?keywords=ICT+Manager&sortBy=DD&location=EMEA+Remote,"Global remote live-search pack. This is a live search link, not one fixed vacancy."
job-01311,ICT Manager — LinkedIn Live Search,Africa Remote,Live Job Search,Africa Remote,Live / varies,Possibly Available,,2026-07-20,Platform-Indexed Vacancy,B,57,https://www.linkedin.com/jobs/search/?keywords=ICT+Manager&sortBy=DD&location=Africa+Remote,"Global remote live-search pack. This is a live search link, not one fixed vacancy."
job-01312,ICT Manager — LinkedIn Live Search,Middle East Remote,Live Job Search,Middle East Remote,Live / varies,Possibly Available,,2026-07-20,Platform-Indexed Vacancy,B,57,https://www.linkedin.com/jobs/search/?keywords=ICT+Manager&sortBy=DD&location=Middle+East+Remote,"Global remote live-search pack. This is a live search link, not one fixed vacancy."
job-01313,ICT Manager — RemoteOK Live Search,Worldwide Remote,Live Job Search,Worldwide Remote,Live / varies,Possibly Available,,2026-07-20,Platform-Indexed Vacancy,B,57,https://remoteok.com/remote-ict-manager-jobs,"Global remote live-search pack. This is a live search link, not one fixed vacancy."
job-01314,ICT Manager — RemoteOK Live Search,EMEA Remote,Live Job Search,EMEA Remote,Live / varies,Possibly Available,,2026-07-20,Platform-Indexed Vacancy,B,57,https://remoteok.com/remote-ict-manager-jobs,"Global remote live-search pack. This is a live search link, not one fixed vacancy."
job-01315,ICT Manager — RemoteOK Live Search,Africa Remote,Live Job Search,Africa Remote,Live / varies,Possibly Available,,2026-07-20,Platform-Indexed Vacancy,B,57,https://remoteok.com/remote-ict-manager-jobs,"Global remote live-search pack. This is a live search link, not one fixed vacancy."
job-01316,ICT Manager — RemoteOK Live Search,Middle East Remote,Live Job Search,Middle East Remote,Live / varies,Possibly Available,,2026-07-20,Platform-Indexed Vacancy,B,57,https://remoteok.com/remote-ict-manager-jobs,"Global remote live-search pack. This is a live search link, not one fixed vacancy."
job-01317,ICT Manager — Wellfound Live Search,Worldwide Remote,Live Job Search,Worldwide Remote,Live / varies,Possibly Available,,2026-07-20,Platform-Indexed Vacancy,B,57,https://wellfound.com/jobs?q=ICT+Manager&remote=True,"Global remote live-search pack. This is a live search link, not one fixed vacancy."
job-01318,ICT Manager — Wellfound Live Search,EMEA Remote,Live Job Search,EMEA Remote,Live / varies,Possibly Available,,2026-07-20,Platform-Indexed Vacancy,B,57,https://wellfound.com/jobs?q=ICT+Manager&remote=True,"Global remote live-search pack. This is a live search link, not one fixed vacancy."
job-01319,ICT Manager — Wellfound Live Search,Africa Remote,Live Job Search,Africa Remote,Live / varies,Possibly Available,,2026-07-20,Platform-Indexed Vacancy,B,57,https://wellfound.com/jobs?q=ICT+Manager&remote=True,"Global remote live-search pack. This is a live search link, not one fixed vacancy."
job-01320,ICT Manager — Wellfound Live Search,Middle East Remote,Live Job Search,Middle East Remote,Live / varies,Possibly Available,,2026-07-20,Platform-Indexed Vacancy,B,57,https://wellfound.com/jobs?q=ICT+Manager&remote=True,"Global remote live-search pack. This is a live search link, not one fixed vacancy."
job-01321,ICT Manager — WeWorkRemotely Live Search,Worldwide Remote,Live Job Search,Worldwide Remote,Live / varies,Possibly Available,,2026-07-20,Platform-Indexed Vacancy,B,57,https://weworkremotely.com/remote-jobs/search?term=ICT+Manager,"Global remote live-search pack. This is a live search link, not one fixed vacancy."
job-01322,ICT Manager — WeWorkRemotely Live Search,EMEA Remote,Live Job Search,EMEA Remote,Live / varies,Possibly Available,,2026-07-20,Platform-Indexed Vacancy,B,57,https://weworkremotely.com/remote-jobs/search?term=ICT+Manager,"Global remote live-search pack. This is a live search link, not one fixed vacancy."
job-01323,ICT Manager — WeWorkRemotely Live Search,Africa Remote,Live Job Search,Africa Remote,Live / varies,Possibly Available,,2026-07-20,Platform-Indexed Vacancy,B,57,https://weworkremotely.com/remote-jobs/search?term=ICT+Manager,"Global remote live-search pack. This is a live search link, not one fixed vacancy."
job-01324,ICT Manager — WeWorkRemotely Live Search,Middle East Remote,Live Job Search,Middle East Remote,Live / varies,Possibly Available,,2026-07-20,Platform-Indexed Vacancy,B,57,https://weworkremotely.com/remote-jobs/search?term=ICT+Manager,"Global remote live-search pack. This is a live search link, not one fixed vacancy."
job-01325,IT Portfolio Manager — LinkedIn Live Search,Worldwide Remote,Live Job Search,Worldwide Remote,Live / varies,Possibly Available,,2026-07-20,Platform-Indexed Vacancy,B,57,https://www.linkedin.com/jobs/search/?keywords=IT+Portfolio+Manager&sortBy=DD&location=Worldwide+Remote,"Global remote live-search pack. This is a live search link, not one fixed vacancy."
job-01326,IT Portfolio Manager — LinkedIn Live Search,EMEA Remote,Live Job Search,EMEA Remote,Live / varies,Possibly Available,,2026-07-20,Platform-Indexed Vacancy,B,57,https://www.linkedin.com/jobs/search/?keywords=IT+Portfolio+Manager&sortBy=DD&location=EMEA+Remote,"Global remote live-search pack. This is a live search link, not one fixed vacancy."
job-01327,IT Portfolio Manager — LinkedIn Live Search,Africa Remote,Live Job Search,Africa Remote,Live / varies,Possibly Available,,2026-07-20,Platform-Indexed Vacancy,B,57,https://www.linkedin.com/jobs/search/?keywords=IT+Portfolio+Manager&sortBy=DD&location=Africa+Remote,"Global remote live-search pack. This is a live search link, not one fixed vacancy."
job-01328,IT Portfolio Manager — LinkedIn Live Search,Middle East Remote,Live Job Search,Middle East Remote,Live / varies,Possibly Available,,2026-07-20,Platform-Indexed Vacancy,B,57,https://www.linkedin.com/jobs/search/?keywords=IT+Portfolio+Manager&sortBy=DD&location=Middle+East+Remote,"Global remote live-search pack. This is a live search link, not one fixed vacancy."
job-01329,IT Portfolio Manager — RemoteOK Live Search,Worldwide Remote,Live Job Search,Worldwide Remote,Live / varies,Possibly Available,,2026-07-20,Platform-Indexed Vacancy,B,57,https://remoteok.com/remote-it-portfolio-manager-jobs,"Global remote live-search pack. This is a live search link, not one fixed vacancy."
job-01330,IT Portfolio Manager — RemoteOK Live Search,EMEA Remote,Live Job Search,EMEA Remote,Live / varies,Possibly Available,,2026-07-20,Platform-Indexed Vacancy,B,57,https://remoteok.com/remote-it-portfolio-manager-jobs,"Global remote live-search pack. This is a live search link, not one fixed vacancy."
job-01331,IT Portfolio Manager — RemoteOK Live Search,Africa Remote,Live Job Search,Africa Remote,Live / varies,Possibly Available,,2026-07-20,Platform-Indexed Vacancy,B,57,https://remoteok.com/remote-it-portfolio-manager-jobs,"Global remote live-search pack. This is a live search link, not one fixed vacancy."
job-01332,IT Portfolio Manager — RemoteOK Live Search,Middle East Remote,Live Job Search,Middle East Remote,Live / varies,Possibly Available,,2026-07-20,Platform-Indexed Vacancy,B,57,https://remoteok.com/remote-it-portfolio-manager-jobs,"Global remote live-search pack. This is a live search link, not one fixed vacancy."
job-01333,IT Portfolio Manager — Wellfound Live Search,Worldwide Remote,Live Job Search,Worldwide Remote,Live / varies,Possibly Available,,2026-07-20,Platform-Indexed Vacancy,B,57,https://wellfound.com/jobs?q=IT+Portfolio+Manager&remote=True,"Global remote live-search pack. This is a live search link, not one fixed vacancy."
job-01334,IT Portfolio Manager — Wellfound Live Search,EMEA Remote,Live Job Search,EMEA Remote,Live / varies,Possibly Available,,2026-07-20,Platform-Indexed Vacancy,B,57,https://wellfound.com/jobs?q=IT+Portfolio+Manager&remote=True,"Global remote live-search pack. This is a live search link, not one fixed vacancy."
job-01335,IT Portfolio Manager — Wellfound Live Search,Africa Remote,Live Job Search,Africa Remote,Live / varies,Possibly Available,,2026-07-20,Platform-Indexed Vacancy,B,57,https://wellfound.com/jobs?q=IT+Portfolio+Manager&remote=True,"Global remote live-search pack. This is a live search link, not one fixed vacancy."
job-01336,IT Portfolio Manager — Wellfound Live Search,Middle East Remote,Live Job Search,Middle East Remote,Live / varies,Possibly Available,,2026-07-20,Platform-Indexed Vacancy,B,57,https://wellfound.com/jobs?q=IT+Portfolio+Manager&remote=True,"Global remote live-search pack. This is a live search link, not one fixed vacancy."
job-01337,IT Portfolio Manager — WeWorkRemotely Live Search,Worldwide Remote,Live Job Search,Worldwide Remote,Live / varies,Possibly Available,,2026-07-20,Platform-Indexed Vacancy,B,57,https://weworkremotely.com/remote-jobs/search?term=IT+Portfolio+Manager,"Global remote live-search pack. This is a live search link, not one fixed vacancy."
job-01338,IT Portfolio Manager — WeWorkRemotely Live Search,EMEA Remote,Live Job Search,EMEA Remote,Live / varies,Possibly Available,,2026-07-20,Platform-Indexed Vacancy,B,57,https://weworkremotely.com/remote-jobs/search?term=IT+Portfolio+Manager,"Global remote live-search pack. This is a live search link, not one fixed vacancy."
job-01339,IT Portfolio Manager — WeWorkRemotely Live Search,Africa Remote,Live Job Search,Africa Remote,Live / varies,Possibly Available,,2026-07-20,Platform-Indexed Vacancy,B,57,https://weworkremotely.com/remote-jobs/search?term=IT+Portfolio+Manager,"Global remote live-search pack. This is a live search link, not one fixed vacancy."
job-01340,IT Portfolio Manager — WeWorkRemotely Live Search,Middle East Remote,Live Job Search,Middle East Remote,Live / varies,Possibly Available,,2026-07-20,Platform-Indexed Vacancy,B,57,https://weworkremotely.com/remote-jobs/search?term=IT+Portfolio+Manager,"Global remote live-search pack. This is a live search link, not one fixed vacancy."
job-01341,Partner Integrations Specialist,JUMO,Integration & Enterprise Applications,South Africa,Remote-first,Expired,,2026-07-20,Platform-Indexed Vacancy,A,57,https://boards.greenhouse.io/jumo/jobs/7870659,Based in South Africa
job-01342,PMO Manager — LinkedIn Live Search,Worldwide Remote,Live Job Search,Worldwide Remote,Live / varies,Possibly Available,,2026-07-20,Platform-Indexed Vacancy,B,57,https://www.linkedin.com/jobs/search/?keywords=PMO+Manager&sortBy=DD&location=Worldwide+Remote,"Global remote live-search pack. This is a live search link, not one fixed vacancy."
job-01343,PMO Manager — LinkedIn Live Search,EMEA Remote,Live Job Search,EMEA Remote,Live / varies,Possibly Available,,2026-07-20,Platform-Indexed Vacancy,B,57,https://www.linkedin.com/jobs/search/?keywords=PMO+Manager&sortBy=DD&location=EMEA+Remote,"Global remote live-search pack. This is a live search link, not one fixed vacancy."
job-01344,PMO Manager — LinkedIn Live Search,Africa Remote,Live Job Search,Africa Remote,Live / varies,Possibly Available,,2026-07-20,Platform-Indexed Vacancy,B,57,https://www.linkedin.com/jobs/search/?keywords=PMO+Manager&sortBy=DD&location=Africa+Remote,"Global remote live-search pack. This is a live search link, not one fixed vacancy."
job-01345,PMO Manager — LinkedIn Live Search,Middle East Remote,Live Job Search,Middle East Remote,Live / varies,Possibly Available,,2026-07-20,Platform-Indexed Vacancy,B,57,https://www.linkedin.com/jobs/search/?keywords=PMO+Manager&sortBy=DD&location=Middle+East+Remote,"Global remote live-search pack. This is a live search link, not one fixed vacancy."
job-01346,PMO Manager — RemoteOK Live Search,Worldwide Remote,Live Job Search,Worldwide Remote,Live / varies,Possibly Available,,2026-07-20,Platform-Indexed Vacancy,B,57,https://remoteok.com/remote-pmo-manager-jobs,"Global remote live-search pack. This is a live search link, not one fixed vacancy."
job-01347,PMO Manager — RemoteOK Live Search,EMEA Remote,Live Job Search,EMEA Remote,Live / varies,Possibly Available,,2026-07-20,Platform-Indexed Vacancy,B,57,https://remoteok.com/remote-pmo-manager-jobs,"Global remote live-search pack. This is a live search link, not one fixed vacancy."
job-01348,PMO Manager — RemoteOK Live Search,Africa Remote,Live Job Search,Africa Remote,Live / varies,Possibly Available,,2026-07-20,Platform-Indexed Vacancy,B,57,https://remoteok.com/remote-pmo-manager-jobs,"Global remote live-search pack. This is a live search link, not one fixed vacancy."
job-01349,PMO Manager — RemoteOK Live Search,Middle East Remote,Live Job Search,Middle East Remote,Live / varies,Possibly Available,,2026-07-20,Platform-Indexed Vacancy,B,57,https://remoteok.com/remote-pmo-manager-jobs,"Global remote live-search pack. This is a live search link, not one fixed vacancy."
job-01350,PMO Manager — Wellfound Live Search,Worldwide Remote,Live Job Search,Worldwide Remote,Live / varies,Possibly Available,,2026-07-20,Platform-Indexed Vacancy,B,57,https://wellfound.com/jobs?q=PMO+Manager&remote=True,"Global remote live-search pack. This is a live search link, not one fixed vacancy."
job-01351,PMO Manager — Wellfound Live Search,EMEA Remote,Live Job Search,EMEA Remote,Live / varies,Possibly Available,,2026-07-20,Platform-Indexed Vacancy,B,57,https://wellfound.com/jobs?q=PMO+Manager&remote=True,"Global remote live-search pack. This is a live search link, not one fixed vacancy."
job-01352,PMO Manager — Wellfound Live Search,Africa Remote,Live Job Search,Africa Remote,Live / varies,Possibly Available,,2026-07-20,Platform-Indexed Vacancy,B,57,https://wellfound.com/jobs?q=PMO+Manager&remote=True,"Global remote live-search pack. This is a live search link, not one fixed vacancy."
job-01353,PMO Manager — Wellfound Live Search,Middle East Remote,Live Job Search,Middle East Remote,Live / varies,Possibly Available,,2026-07-20,Platform-Indexed Vacancy,B,57,https://wellfound.com/jobs?q=PMO+Manager&remote=True,"Global remote live-search pack. This is a live search link, not one fixed vacancy."
job-01354,PMO Manager — WeWorkRemotely Live Search,Worldwide Remote,Live Job Search,Worldwide Remote,Live / varies,Possibly Available,,2026-07-20,Platform-Indexed Vacancy,B,57,https://weworkremotely.com/remote-jobs/search?term=PMO+Manager,"Global remote live-search pack. This is a live search link, not one fixed vacancy."
job-01355,PMO Manager — WeWorkRemotely Live Search,EMEA Remote,Live Job Search,EMEA Remote,Live / varies,Possibly Available,,2026-07-20,Platform-Indexed Vacancy,B,57,https://weworkremotely.com/remote-jobs/search?term=PMO+Manager,"Global remote live-search pack. This is a live search link, not one fixed vacancy."
job-01356,PMO Manager — WeWorkRemotely Live Search,Africa Remote,Live Job Search,Africa Remote,Live / varies,Possibly Available,,2026-07-20,Platform-Indexed Vacancy,B,57,https://weworkremotely.com/remote-jobs/search?term=PMO+Manager,"Global remote live-search pack. This is a live search link, not one fixed vacancy."
job-01357,PMO Manager — WeWorkRemotely Live Search,Middle East Remote,Live Job Search,Middle East Remote,Live / varies,Possibly Available,,2026-07-20,Platform-Indexed Vacancy,B,57,https://weworkremotely.com/remote-jobs/search?term=PMO+Manager,"Global remote live-search pack. This is a live search link, not one fixed vacancy."
job-01358,"Regional Partner, Africa - Digital Transformation",Accion,Digital Transformation,Kenya,Nairobi,Possibly Available,2026-07-06,2026-07-20,Platform-Indexed Vacancy,B,57,https://ke.linkedin.com/jobs/it-director-jobs,"Verify eligibility, deadline and work authorization on the linked source before applying."
job-01359,Senior IT Projects Associate,Inkomoko,Digital Transformation & Strategy,Kenya,Nairobi,Expired,,2026-07-20,Platform-Indexed Vacancy,A,57,https://jobs.workable.com/view/b8V5Zc6Hs8H4uTU7FiK2HP/it-project-senior-associate-in-nairobi-at-inkomoko,
job-01360,ServiceNow Architect — LinkedIn Live Search,Worldwide Remote,Live Job Search,Worldwide Remote,Live / varies,Possibly Available,,2026-07-20,Platform-Indexed Vacancy,B,57,https://www.linkedin.com/jobs/search/?keywords=ServiceNow+Architect&sortBy=DD&location=Worldwide+Remote,"Global remote live-search pack. This is a live search link, not one fixed vacancy."
job-01361,ServiceNow Architect — LinkedIn Live Search,EMEA Remote,Live Job Search,EMEA Remote,Live / varies,Possibly Available,,2026-07-20,Platform-Indexed Vacancy,B,57,https://www.linkedin.com/jobs/search/?keywords=ServiceNow+Architect&sortBy=DD&location=EMEA+Remote,"Global remote live-search pack. This is a live search link, not one fixed vacancy."
job-01362,ServiceNow Architect — LinkedIn Live Search,Africa Remote,Live Job Search,Africa Remote,Live / varies,Possibly Available,,2026-07-20,Platform-Indexed Vacancy,B,57,https://www.linkedin.com/jobs/search/?keywords=ServiceNow+Architect&sortBy=DD&location=Africa+Remote,"Global remote live-search pack. This is a live search link, not one fixed vacancy."
job-01363,ServiceNow Architect — LinkedIn Live Search,Middle East Remote,Live Job Search,Middle East Remote,Live / varies,Possibly Available,,2026-07-20,Platform-Indexed Vacancy,B,57,https://www.linkedin.com/jobs/search/?keywords=ServiceNow+Architect&sortBy=DD&location=Middle+East+Remote,"Global remote live-search pack. This is a live search link, not one fixed vacancy."
job-01364,ServiceNow Architect — RemoteOK Live Search,Worldwide Remote,Live Job Search,Worldwide Remote,Live / varies,Possibly Available,,2026-07-20,Platform-Indexed Vacancy,B,57,https://remoteok.com/remote-servicenow-architect-jobs,"Global remote live-search pack. This is a live search link, not one fixed vacancy."
job-01365,ServiceNow Architect — RemoteOK Live Search,EMEA Remote,Live Job Search,EMEA Remote,Live / varies,Possibly Available,,2026-07-20,Platform-Indexed Vacancy,B,57,https://remoteok.com/remote-servicenow-architect-jobs,"Global remote live-search pack. This is a live search link, not one fixed vacancy."
job-01366,ServiceNow Architect — RemoteOK Live Search,Africa Remote,Live Job Search,Africa Remote,Live / varies,Possibly Available,,2026-07-20,Platform-Indexed Vacancy,B,57,https://remoteok.com/remote-servicenow-architect-jobs,"Global remote live-search pack. This is a live search link, not one fixed vacancy."
job-01367,ServiceNow Architect — RemoteOK Live Search,Middle East Remote,Live Job Search,Middle East Remote,Live / varies,Possibly Available,,2026-07-20,Platform-Indexed Vacancy,B,57,https://remoteok.com/remote-servicenow-architect-jobs,"Global remote live-search pack. This is a live search link, not one fixed vacancy."
job-01368,ServiceNow Architect — Wellfound Live Search,Worldwide Remote,Live Job Search,Worldwide Remote,Live / varies,Possibly Available,,2026-07-20,Platform-Indexed Vacancy,B,57,https://wellfound.com/jobs?q=ServiceNow+Architect&remote=True,"Global remote live-search pack. This is a live search link, not one fixed vacancy."
job-01369,ServiceNow Architect — Wellfound Live Search,EMEA Remote,Live Job Search,EMEA Remote,Live / varies,Possibly Available,,2026-07-20,Platform-Indexed Vacancy,B,57,https://wellfound.com/jobs?q=ServiceNow+Architect&remote=True,"Global remote live-search pack. This is a live search link, not one fixed vacancy."
job-01370,ServiceNow Architect — Wellfound Live Search,Africa Remote,Live Job Search,Africa Remote,Live / varies,Possibly Available,,2026-07-20,Platform-Indexed Vacancy,B,57,https://wellfound.com/jobs?q=ServiceNow+Architect&remote=True,"Global remote live-search pack. This is a live search link, not one fixed vacancy."
job-01371,ServiceNow Architect — Wellfound Live Search,Middle East Remote,Live Job Search,Middle East Remote,Live / varies,Possibly Available,,2026-07-20,Platform-Indexed Vacancy,B,57,https://wellfound.com/jobs?q=ServiceNow+Architect&remote=True,"Global remote live-search pack. This is a live search link, not one fixed vacancy."
job-01372,ServiceNow Architect — WeWorkRemotely Live Search,Worldwide Remote,Live Job Search,Worldwide Remote,Live / varies,Possibly Available,,2026-07-20,Platform-Indexed Vacancy,B,57,https://weworkremotely.com/remote-jobs/search?term=ServiceNow+Architect,"Global remote live-search pack. This is a live search link, not one fixed vacancy."
job-01373,ServiceNow Architect — WeWorkRemotely Live Search,EMEA Remote,Live Job Search,EMEA Remote,Live / varies,Possibly Available,,2026-07-20,Platform-Indexed Vacancy,B,57,https://weworkremotely.com/remote-jobs/search?term=ServiceNow+Architect,"Global remote live-search pack. This is a live search link, not one fixed vacancy."
job-01374,ServiceNow Architect — WeWorkRemotely Live Search,Africa Remote,Live Job Search,Africa Remote,Live / varies,Possibly Available,,2026-07-20,Platform-Indexed Vacancy,B,57,https://weworkremotely.com/remote-jobs/search?term=ServiceNow+Architect,"Global remote live-search pack. This is a live search link, not one fixed vacancy."
job-01375,ServiceNow Architect — WeWorkRemotely Live Search,Middle East Remote,Live Job Search,Middle East Remote,Live / varies,Possibly Available,,2026-07-20,Platform-Indexed Vacancy,B,57,https://weworkremotely.com/remote-jobs/search?term=ServiceNow+Architect,"Global remote live-search pack. This is a live search link, not one fixed vacancy."
job-01376,Software Architect - AI Trainer,10x Team,Other Technology Role,European Union / United Kingdom,Remote freelance,Expired,,2026-07-20,Platform-Indexed Vacancy,B,57,https://jobs.ashbyhq.com/10xteam/cf3c449d-0a87-46f8-b0a8-c274a01fe7d4,Candidates based in the EU or UK; 8–20 hours/week
job-01377,Technical Account Manager - EMEA North,Camunda,Business Analysis & Process Improvement,EMEA North,Remote-first,Expired,,2026-07-20,Platform-Indexed Vacancy,B,57,https://jobs.ashbyhq.com/camunda/155e2fbf-e2f8-45be-b086-a3373e90c599,Confirm eligible EMEA hiring countries
job-01378,Technical Project Manager - Business Analysis & AI Delivery,Human Intelligence,"Program, Project & Delivery Management",Mexico / Verify,Remote,Expired,,2026-07-20,Platform-Indexed Vacancy,A,57,https://jobs.workable.com/view/8uSjcYnBX3rSEYMksw9y7z/remote-technical-project-manager-%7C-business-analysis-%26-ai-delivery-in-guadalajara-at-human-intelligence,Remote role linked to Guadalajara
job-01379,Ubuntu Engineering Manager,Jobgether client,IT Leadership & Management,Belgium,Remote,Expired,,2026-07-20,Platform-Indexed Vacancy,A,57,https://jobs.lever.co/jobgether?location=Belgium,Belgium-based remote role
job-01380,"Associate - Digital Strategy, Customer Innovation & Growth",Oliver Wyman,Digital Transformation & Strategy,Qatar,Doha,Expired,,2026-07-20,Platform-Indexed Vacancy,B,56,https://careers.marsh.com/global/en/job/R_352711/Oliver-Wyman-Associate-Digital-Strategy-Customer-Innovation-Growth-Doha,Consulting profile
job-01381,Business Transformation Manager — Google Live Search,Kenya,Live Job Search,Kenya,Live / varies,Possibly Available,,2026-07-20,Platform-Indexed Vacancy,B,56,https://www.google.com/search?q=Kenya+Business+Transformation+Manager+jobs+posted+this+week,"Africa live-search pack. This is a live search link, not one fixed vacancy."
job-01382,Business Transformation Manager — Google Live Search,Nigeria,Live Job Search,Nigeria,Live / varies,Possibly Available,,2026-07-20,Platform-Indexed Vacancy,B,56,https://www.google.com/search?q=Nigeria+Business+Transformation+Manager+jobs+posted+this+week,"Africa live-search pack. This is a live search link, not one fixed vacancy."
job-01383,Business Transformation Manager — Google Live Search,Ghana,Live Job Search,Ghana,Live / varies,Possibly Available,,2026-07-20,Platform-Indexed Vacancy,B,56,https://www.google.com/search?q=Ghana+Business+Transformation+Manager+jobs+posted+this+week,"Africa live-search pack. This is a live search link, not one fixed vacancy."
job-01384,Business Transformation Manager — Google Live Search,South Africa,Live Job Search,South Africa,Live / varies,Possibly Available,,2026-07-20,Platform-Indexed Vacancy,B,56,https://www.google.com/search?q=South+Africa+Business+Transformation+Manager+jobs+posted+this+week,"Africa live-search pack. This is a live search link, not one fixed vacancy."
job-01385,Business Transformation Manager — Google Live Search,Rwanda,Live Job Search,Rwanda,Live / varies,Possibly Available,,2026-07-20,Platform-Indexed Vacancy,B,56,https://www.google.com/search?q=Rwanda+Business+Transformation+Manager+jobs+posted+this+week,"Africa live-search pack. This is a live search link, not one fixed vacancy."
job-01386,Business Transformation Manager — Google Live Search,Uganda,Live Job Search,Uganda,Live / varies,Possibly Available,,2026-07-20,Platform-Indexed Vacancy,B,56,https://www.google.com/search?q=Uganda+Business+Transformation+Manager+jobs+posted+this+week,"Africa live-search pack. This is a live search link, not one fixed vacancy."
job-01387,Business Transformation Manager — Google Live Search,Tanzania,Live Job Search,Tanzania,Live / varies,Possibly Available,,2026-07-20,Platform-Indexed Vacancy,B,56,https://www.google.com/search?q=Tanzania+Business+Transformation+Manager+jobs+posted+this+week,"Africa live-search pack. This is a live search link, not one fixed vacancy."
job-01388,Business Transformation Manager — Google Live Search,Ethiopia,Live Job Search,Ethiopia,Live / varies,Possibly Available,,2026-07-20,Platform-Indexed Vacancy,B,56,https://www.google.com/search?q=Ethiopia+Business+Transformation+Manager+jobs+posted+this+week,"Africa live-search pack. This is a live search link, not one fixed vacancy."
job-01389,Business Transformation Manager — LinkedIn Live Search,Kenya,Live Job Search,Kenya,Live / varies,Possibly Available,,2026-07-20,Platform-Indexed Vacancy,B,56,https://www.linkedin.com/jobs/search/?keywords=Business+Transformation+Manager&sortBy=DD&location=Kenya,"Africa live-search pack. This is a live search link, not one fixed vacancy."
job-01390,Business Transformation Manager — LinkedIn Live Search,Nigeria,Live Job Search,Nigeria,Live / varies,Possibly Available,,2026-07-20,Platform-Indexed Vacancy,B,56,https://www.linkedin.com/jobs/search/?keywords=Business+Transformation+Manager&sortBy=DD&location=Nigeria,"Africa live-search pack. This is a live search link, not one fixed vacancy."
job-01391,Business Transformation Manager — LinkedIn Live Search,Ghana,Live Job Search,Ghana,Live / varies,Possibly Available,,2026-07-20,Platform-Indexed Vacancy,B,56,https://www.linkedin.com/jobs/search/?keywords=Business+Transformation+Manager&sortBy=DD&location=Ghana,"Africa live-search pack. This is a live search link, not one fixed vacancy."
job-01392,Business Transformation Manager — LinkedIn Live Search,South Africa,Live Job Search,South Africa,Live / varies,Possibly Available,,2026-07-20,Platform-Indexed Vacancy,B,56,https://www.linkedin.com/jobs/search/?keywords=Business+Transformation+Manager&sortBy=DD&location=South+Africa,"Africa live-search pack. This is a live search link, not one fixed vacancy."
job-01393,Business Transformation Manager — LinkedIn Live Search,Rwanda,Live Job Search,Rwanda,Live / varies,Possibly Available,,2026-07-20,Platform-Indexed Vacancy,B,56,https://www.linkedin.com/jobs/search/?keywords=Business+Transformation+Manager&sortBy=DD&location=Rwanda,"Africa live-search pack. This is a live search link, not one fixed vacancy."
job-01394,Business Transformation Manager — LinkedIn Live Search,Uganda,Live Job Search,Uganda,Live / varies,Possibly Available,,2026-07-20,Platform-Indexed Vacancy,B,56,https://www.linkedin.com/jobs/search/?keywords=Business+Transformation+Manager&sortBy=DD&location=Uganda,"Africa live-search pack. This is a live search link, not one fixed vacancy."
job-01395,Business Transformation Manager — LinkedIn Live Search,Tanzania,Live Job Search,Tanzania,Live / varies,Possibly Available,,2026-07-20,Platform-Indexed Vacancy,B,56,https://www.linkedin.com/jobs/search/?keywords=Business+Transformation+Manager&sortBy=DD&location=Tanzania,"Africa live-search pack. This is a live search link, not one fixed vacancy."
job-01396,Business Transformation Manager — LinkedIn Live Search,Ethiopia,Live Job Search,Ethiopia,Live / varies,Possibly Available,,2026-07-20,Platform-Indexed Vacancy,B,56,https://www.linkedin.com/jobs/search/?keywords=Business+Transformation+Manager&sortBy=DD&location=Ethiopia,"Africa live-search pack. This is a live search link, not one fixed vacancy."
job-01397,Cybersecurity Manager — Google Live Search,Kenya,Live Job Search,Kenya,Live / varies,Possibly Available,,2026-07-20,Platform-Indexed Vacancy,B,56,https://www.google.com/search?q=Kenya+Cybersecurity+Manager+jobs+posted+this+week,"Africa live-search pack. This is a live search link, not one fixed vacancy."
job-01398,Cybersecurity Manager — Google Live Search,Nigeria,Live Job Search,Nigeria,Live / varies,Possibly Available,,2026-07-20,Platform-Indexed Vacancy,B,56,https://www.google.com/search?q=Nigeria+Cybersecurity+Manager+jobs+posted+this+week,"Africa live-search pack. This is a live search link, not one fixed vacancy."
job-01399,Cybersecurity Manager — Google Live Search,Ghana,Live Job Search,Ghana,Live / varies,Possibly Available,,2026-07-20,Platform-Indexed Vacancy,B,56,https://www.google.com/search?q=Ghana+Cybersecurity+Manager+jobs+posted+this+week,"Africa live-search pack. This is a live search link, not one fixed vacancy."
job-01400,Cybersecurity Manager — Google Live Search,South Africa,Live Job Search,South Africa,Live / varies,Possibly Available,,2026-07-20,Platform-Indexed Vacancy,B,56,https://www.google.com/search?q=South+Africa+Cybersecurity+Manager+jobs+posted+this+week,"Africa live-search pack. This is a live search link, not one fixed vacancy."
job-01401,Cybersecurity Manager — Google Live Search,Rwanda,Live Job Search,Rwanda,Live / varies,Possibly Available,,2026-07-20,Platform-Indexed Vacancy,B,56,https://www.google.com/search?q=Rwanda+Cybersecurity+Manager+jobs+posted+this+week,"Africa live-search pack. This is a live search link, not one fixed vacancy."
job-01402,Cybersecurity Manager — Google Live Search,Uganda,Live Job Search,Uganda,Live / varies,Possibly Available,,2026-07-20,Platform-Indexed Vacancy,B,56,https://www.google.com/search?q=Uganda+Cybersecurity+Manager+jobs+posted+this+week,"Africa live-search pack. This is a live search link, not one fixed vacancy."
job-01403,Cybersecurity Manager — Google Live Search,Tanzania,Live Job Search,Tanzania,Live / varies,Possibly Available,,2026-07-20,Platform-Indexed Vacancy,B,56,https://www.google.com/search?q=Tanzania+Cybersecurity+Manager+jobs+posted+this+week,"Africa live-search pack. This is a live search link, not one fixed vacancy."
job-01404,Cybersecurity Manager — Google Live Search,Ethiopia,Live Job Search,Ethiopia,Live / varies,Possibly Available,,2026-07-20,Platform-Indexed Vacancy,B,56,https://www.google.com/search?q=Ethiopia+Cybersecurity+Manager+jobs+posted+this+week,"Africa live-search pack. This is a live search link, not one fixed vacancy."
job-01405,Cybersecurity Manager — LinkedIn Live Search,Kenya,Live Job Search,Kenya,Live / varies,Possibly Available,,2026-07-20,Platform-Indexed Vacancy,B,56,https://www.linkedin.com/jobs/search/?keywords=Cybersecurity+Manager&sortBy=DD&location=Kenya,"Africa live-search pack. This is a live search link, not one fixed vacancy."
job-01406,Cybersecurity Manager — LinkedIn Live Search,Nigeria,Live Job Search,Nigeria,Live / varies,Possibly Available,,2026-07-20,Platform-Indexed Vacancy,B,56,https://www.linkedin.com/jobs/search/?keywords=Cybersecurity+Manager&sortBy=DD&location=Nigeria,"Africa live-search pack. This is a live search link, not one fixed vacancy."
job-01407,Cybersecurity Manager — LinkedIn Live Search,Ghana,Live Job Search,Ghana,Live / varies,Possibly Available,,2026-07-20,Platform-Indexed Vacancy,B,56,https://www.linkedin.com/jobs/search/?keywords=Cybersecurity+Manager&sortBy=DD&location=Ghana,"Africa live-search pack. This is a live search link, not one fixed vacancy."
job-01408,Cybersecurity Manager — LinkedIn Live Search,South Africa,Live Job Search,South Africa,Live / varies,Possibly Available,,2026-07-20,Platform-Indexed Vacancy,B,56,https://www.linkedin.com/jobs/search/?keywords=Cybersecurity+Manager&sortBy=DD&location=South+Africa,"Africa live-search pack. This is a live search link, not one fixed vacancy."
job-01409,Cybersecurity Manager — LinkedIn Live Search,Rwanda,Live Job Search,Rwanda,Live / varies,Possibly Available,,2026-07-20,Platform-Indexed Vacancy,B,56,https://www.linkedin.com/jobs/search/?keywords=Cybersecurity+Manager&sortBy=DD&location=Rwanda,"Africa live-search pack. This is a live search link, not one fixed vacancy."
job-01410,Cybersecurity Manager — LinkedIn Live Search,Uganda,Live Job Search,Uganda,Live / varies,Possibly Available,,2026-07-20,Platform-Indexed Vacancy,B,56,https://www.linkedin.com/jobs/search/?keywords=Cybersecurity+Manager&sortBy=DD&location=Uganda,"Africa live-search pack. This is a live search link, not one fixed vacancy."
job-01411,Cybersecurity Manager — LinkedIn Live Search,Tanzania,Live Job Search,Tanzania,Live / varies,Possibly Available,,2026-07-20,Platform-Indexed Vacancy,B,56,https://www.linkedin.com/jobs/search/?keywords=Cybersecurity+Manager&sortBy=DD&location=Tanzania,"Africa live-search pack. This is a live search link, not one fixed vacancy."
job-01412,Cybersecurity Manager — LinkedIn Live Search,Ethiopia,Live Job Search,Ethiopia,Live / varies,Possibly Available,,2026-07-20,Platform-Indexed Vacancy,B,56,https://www.linkedin.com/jobs/search/?keywords=Cybersecurity+Manager&sortBy=DD&location=Ethiopia,"Africa live-search pack. This is a live search link, not one fixed vacancy."
job-01413,Digital Transformation & Businesses Analyst,Consulting As Company,Digital Transformation & Strategy,Oman,Muscat,Expired,2026-07-20,2026-07-20,Platform-Indexed Vacancy,B,56,https://om.linkedin.com/jobs/view/digital-transformation-businesses-analyst-at-consulting-as-company-3979860256,Verify eligibility
job-01414,Digital Transformation Advisor,HUED,Digital Transformation,Saudi Arabia,Riyadh,Possibly Available,2026-07-20,2026-07-20,Platform-Indexed Vacancy,B,56,https://sa.linkedin.com/jobs/digital-transformation-advisor-jobs?countryRedirected=1,"Verify eligibility, deadline and work authorization on the linked source before applying."
job-01415,ERP Technical Support Specialist,dawatech,Enterprise Applications & Software,Egypt,Cairo,Expired,,2026-07-20,Platform-Indexed Vacancy,B,56,https://www.linkedin.com/jobs/view/4438176823/,ERP support role
job-01416,Full Stack Software Engineer - AWS / Azure,SSC HR Solutions,Enterprise Applications & Software,Egypt,Cairo,Expired,,2026-07-20,Platform-Indexed Vacancy,A,56,https://jobs.workable.com/view/ximG7qN1jqwh2rsmvJteQF/hybrid-full-stack-software-engineer-%28python%2Ftypescript%2Fgo%29---aws%2Fazure-in-cairo-at-ssc-hr-solutions,
job-01417,Head of Engineering - Digital Experience,Watu Credit,IT Leadership,Kenya,Nairobi,Possibly Available,2026-07-18,2026-07-20,Platform-Indexed Vacancy,B,56,https://ke.linkedin.com/jobs/digital-transformation-jobs,"Verify eligibility, deadline and work authorization on the linked source before applying."
job-01418,Head of Technology — Google Live Search,Kenya,Live Job Search,Kenya,Live / varies,Possibly Available,,2026-07-20,Platform-Indexed Vacancy,B,56,https://www.google.com/search?q=Kenya+Head+of+Technology+jobs+posted+this+week,"Africa live-search pack. This is a live search link, not one fixed vacancy."
job-01419,Head of Technology — Google Live Search,Nigeria,Live Job Search,Nigeria,Live / varies,Possibly Available,,2026-07-20,Platform-Indexed Vacancy,B,56,https://www.google.com/search?q=Nigeria+Head+of+Technology+jobs+posted+this+week,"Africa live-search pack. This is a live search link, not one fixed vacancy."
job-01420,Head of Technology — Google Live Search,Ghana,Live Job Search,Ghana,Live / varies,Possibly Available,,2026-07-20,Platform-Indexed Vacancy,B,56,https://www.google.com/search?q=Ghana+Head+of+Technology+jobs+posted+this+week,"Africa live-search pack. This is a live search link, not one fixed vacancy."
job-01421,Head of Technology — Google Live Search,South Africa,Live Job Search,South Africa,Live / varies,Possibly Available,,2026-07-20,Platform-Indexed Vacancy,B,56,https://www.google.com/search?q=South+Africa+Head+of+Technology+jobs+posted+this+week,"Africa live-search pack. This is a live search link, not one fixed vacancy."
job-01422,Head of Technology — Google Live Search,Rwanda,Live Job Search,Rwanda,Live / varies,Possibly Available,,2026-07-20,Platform-Indexed Vacancy,B,56,https://www.google.com/search?q=Rwanda+Head+of+Technology+jobs+posted+this+week,"Africa live-search pack. This is a live search link, not one fixed vacancy."
job-01423,Head of Technology — Google Live Search,Uganda,Live Job Search,Uganda,Live / varies,Possibly Available,,2026-07-20,Platform-Indexed Vacancy,B,56,https://www.google.com/search?q=Uganda+Head+of+Technology+jobs+posted+this+week,"Africa live-search pack. This is a live search link, not one fixed vacancy."
job-01424,Head of Technology — Google Live Search,Tanzania,Live Job Search,Tanzania,Live / varies,Possibly Available,,2026-07-20,Platform-Indexed Vacancy,B,56,https://www.google.com/search?q=Tanzania+Head+of+Technology+jobs+posted+this+week,"Africa live-search pack. This is a live search link, not one fixed vacancy."
job-01425,Head of Technology — Google Live Search,Ethiopia,Live Job Search,Ethiopia,Live / varies,Possibly Available,,2026-07-20,Platform-Indexed Vacancy,B,56,https://www.google.com/search?q=Ethiopia+Head+of+Technology+jobs+posted+this+week,"Africa live-search pack. This is a live search link, not one fixed vacancy."
job-01426,Head of Technology — LinkedIn Live Search,Kenya,Live Job Search,Kenya,Live / varies,Possibly Available,,2026-07-20,Platform-Indexed Vacancy,B,56,https://www.linkedin.com/jobs/search/?keywords=Head+of+Technology&sortBy=DD&location=Kenya,"Africa live-search pack. This is a live search link, not one fixed vacancy."
job-01427,Head of Technology — LinkedIn Live Search,Nigeria,Live Job Search,Nigeria,Live / varies,Possibly Available,,2026-07-20,Platform-Indexed Vacancy,B,56,https://www.linkedin.com/jobs/search/?keywords=Head+of+Technology&sortBy=DD&location=Nigeria,"Africa live-search pack. This is a live search link, not one fixed vacancy."
job-01428,Head of Technology — LinkedIn Live Search,Ghana,Live Job Search,Ghana,Live / varies,Possibly Available,,2026-07-20,Platform-Indexed Vacancy,B,56,https://www.linkedin.com/jobs/search/?keywords=Head+of+Technology&sortBy=DD&location=Ghana,"Africa live-search pack. This is a live search link, not one fixed vacancy."
job-01429,Head of Technology — LinkedIn Live Search,South Africa,Live Job Search,South Africa,Live / varies,Possibly Available,,2026-07-20,Platform-Indexed Vacancy,B,56,https://www.linkedin.com/jobs/search/?keywords=Head+of+Technology&sortBy=DD&location=South+Africa,"Africa live-search pack. This is a live search link, not one fixed vacancy."
job-01430,Head of Technology — LinkedIn Live Search,Rwanda,Live Job Search,Rwanda,Live / varies,Possibly Available,,2026-07-20,Platform-Indexed Vacancy,B,56,https://www.linkedin.com/jobs/search/?keywords=Head+of+Technology&sortBy=DD&location=Rwanda,"Africa live-search pack. This is a live search link, not one fixed vacancy."
job-01431,Head of Technology — LinkedIn Live Search,Uganda,Live Job Search,Uganda,Live / varies,Possibly Available,,2026-07-20,Platform-Indexed Vacancy,B,56,https://www.linkedin.com/jobs/search/?keywords=Head+of+Technology&sortBy=DD&location=Uganda,"Africa live-search pack. This is a live search link, not one fixed vacancy."
job-01432,Head of Technology — LinkedIn Live Search,Tanzania,Live Job Search,Tanzania,Live / varies,Possibly Available,,2026-07-20,Platform-Indexed Vacancy,B,56,https://www.linkedin.com/jobs/search/?keywords=Head+of+Technology&sortBy=DD&location=Tanzania,"Africa live-search pack. This is a live search link, not one fixed vacancy."
job-01433,Head of Technology — LinkedIn Live Search,Ethiopia,Live Job Search,Ethiopia,Live / varies,Possibly Available,,2026-07-20,Platform-Indexed Vacancy,B,56,https://www.linkedin.com/jobs/search/?keywords=Head+of+Technology&sortBy=DD&location=Ethiopia,"Africa live-search pack. This is a live search link, not one fixed vacancy."
job-01434,ICT Manager — Google Live Search,Kenya,Live Job Search,Kenya,Live / varies,Possibly Available,,2026-07-20,Platform-Indexed Vacancy,B,56,https://www.google.com/search?q=Kenya+ICT+Manager+jobs+posted+this+week,"Africa live-search pack. This is a live search link, not one fixed vacancy."
job-01435,ICT Manager — Google Live Search,Nigeria,Live Job Search,Nigeria,Live / varies,Possibly Available,,2026-07-20,Platform-Indexed Vacancy,B,56,https://www.google.com/search?q=Nigeria+ICT+Manager+jobs+posted+this+week,"Africa live-search pack. This is a live search link, not one fixed vacancy."
job-01436,ICT Manager — Google Live Search,Ghana,Live Job Search,Ghana,Live / varies,Possibly Available,,2026-07-20,Platform-Indexed Vacancy,B,56,https://www.google.com/search?q=Ghana+ICT+Manager+jobs+posted+this+week,"Africa live-search pack. This is a live search link, not one fixed vacancy."
job-01437,ICT Manager — Google Live Search,South Africa,Live Job Search,South Africa,Live / varies,Possibly Available,,2026-07-20,Platform-Indexed Vacancy,B,56,https://www.google.com/search?q=South+Africa+ICT+Manager+jobs+posted+this+week,"Africa live-search pack. This is a live search link, not one fixed vacancy."
job-01438,ICT Manager — Google Live Search,Rwanda,Live Job Search,Rwanda,Live / varies,Possibly Available,,2026-07-20,Platform-Indexed Vacancy,B,56,https://www.google.com/search?q=Rwanda+ICT+Manager+jobs+posted+this+week,"Africa live-search pack. This is a live search link, not one fixed vacancy."
job-01439,ICT Manager — Google Live Search,Uganda,Live Job Search,Uganda,Live / varies,Possibly Available,,2026-07-20,Platform-Indexed Vacancy,B,56,https://www.google.com/search?q=Uganda+ICT+Manager+jobs+posted+this+week,"Africa live-search pack. This is a live search link, not one fixed vacancy."
job-01440,ICT Manager — Google Live Search,Tanzania,Live Job Search,Tanzania,Live / varies,Possibly Available,,2026-07-20,Platform-Indexed Vacancy,B,56,https://www.google.com/search?q=Tanzania+ICT+Manager+jobs+posted+this+week,"Africa live-search pack. This is a live search link, not one fixed vacancy."
job-01441,ICT Manager — Google Live Search,Ethiopia,Live Job Search,Ethiopia,Live / varies,Possibly Available,,2026-07-20,Platform-Indexed Vacancy,B,56,https://www.google.com/search?q=Ethiopia+ICT+Manager+jobs+posted+this+week,"Africa live-search pack. This is a live search link, not one fixed vacancy."
job-01442,ICT Manager — LinkedIn Live Search,Kenya,Live Job Search,Kenya,Live / varies,Possibly Available,,2026-07-20,Platform-Indexed Vacancy,B,56,https://www.linkedin.com/jobs/search/?keywords=ICT+Manager&sortBy=DD&location=Kenya,"Africa live-search pack. This is a live search link, not one fixed vacancy."
job-01443,ICT Manager — LinkedIn Live Search,Nigeria,Live Job Search,Nigeria,Live / varies,Possibly Available,,2026-07-20,Platform-Indexed Vacancy,B,56,https://www.linkedin.com/jobs/search/?keywords=ICT+Manager&sortBy=DD&location=Nigeria,"Africa live-search pack. This is a live search link, not one fixed vacancy."
job-01444,ICT Manager — LinkedIn Live Search,Ghana,Live Job Search,Ghana,Live / varies,Possibly Available,,2026-07-20,Platform-Indexed Vacancy,B,56,https://www.linkedin.com/jobs/search/?keywords=ICT+Manager&sortBy=DD&location=Ghana,"Africa live-search pack. This is a live search link, not one fixed vacancy."
job-01445,ICT Manager — LinkedIn Live Search,South Africa,Live Job Search,South Africa,Live / varies,Possibly Available,,2026-07-20,Platform-Indexed Vacancy,B,56,https://www.linkedin.com/jobs/search/?keywords=ICT+Manager&sortBy=DD&location=South+Africa,"Africa live-search pack. This is a live search link, not one fixed vacancy."
job-01446,ICT Manager — LinkedIn Live Search,Rwanda,Live Job Search,Rwanda,Live / varies,Possibly Available,,2026-07-20,Platform-Indexed Vacancy,B,56,https://www.linkedin.com/jobs/search/?keywords=ICT+Manager&sortBy=DD&location=Rwanda,"Africa live-search pack. This is a live search link, not one fixed vacancy."
job-01447,ICT Manager — LinkedIn Live Search,Uganda,Live Job Search,Uganda,Live / varies,Possibly Available,,2026-07-20,Platform-Indexed Vacancy,B,56,https://www.linkedin.com/jobs/search/?keywords=ICT+Manager&sortBy=DD&location=Uganda,"Africa live-search pack. This is a live search link, not one fixed vacancy."
job-01448,ICT Manager — LinkedIn Live Search,Tanzania,Live Job Search,Tanzania,Live / varies,Possibly Available,,2026-07-20,Platform-Indexed Vacancy,B,56,https://www.linkedin.com/jobs/search/?keywords=ICT+Manager&sortBy=DD&location=Tanzania,"Africa live-search pack. This is a live search link, not one fixed vacancy."
job-01449,ICT Manager — LinkedIn Live Search,Ethiopia,Live Job Search,Ethiopia,Live / varies,Possibly Available,,2026-07-20,Platform-Indexed Vacancy,B,56,https://www.linkedin.com/jobs/search/?keywords=ICT+Manager&sortBy=DD&location=Ethiopia,"Africa live-search pack. This is a live search link, not one fixed vacancy."
job-01450,IT Portfolio Manager — Google Live Search,Kenya,Live Job Search,Kenya,Live / varies,Possibly Available,,2026-07-20,Platform-Indexed Vacancy,B,56,https://www.google.com/search?q=Kenya+IT+Portfolio+Manager+jobs+posted+this+week,"Africa live-search pack. This is a live search link, not one fixed vacancy."
job-01451,IT Portfolio Manager — Google Live Search,Nigeria,Live Job Search,Nigeria,Live / varies,Possibly Available,,2026-07-20,Platform-Indexed Vacancy,B,56,https://www.google.com/search?q=Nigeria+IT+Portfolio+Manager+jobs+posted+this+week,"Africa live-search pack. This is a live search link, not one fixed vacancy."
job-01452,IT Portfolio Manager — Google Live Search,Ghana,Live Job Search,Ghana,Live / varies,Possibly Available,,2026-07-20,Platform-Indexed Vacancy,B,56,https://www.google.com/search?q=Ghana+IT+Portfolio+Manager+jobs+posted+this+week,"Africa live-search pack. This is a live search link, not one fixed vacancy."
job-01453,IT Portfolio Manager — Google Live Search,South Africa,Live Job Search,South Africa,Live / varies,Possibly Available,,2026-07-20,Platform-Indexed Vacancy,B,56,https://www.google.com/search?q=South+Africa+IT+Portfolio+Manager+jobs+posted+this+week,"Africa live-search pack. This is a live search link, not one fixed vacancy."
job-01454,IT Portfolio Manager — Google Live Search,Rwanda,Live Job Search,Rwanda,Live / varies,Possibly Available,,2026-07-20,Platform-Indexed Vacancy,B,56,https://www.google.com/search?q=Rwanda+IT+Portfolio+Manager+jobs+posted+this+week,"Africa live-search pack. This is a live search link, not one fixed vacancy."
job-01455,IT Portfolio Manager — Google Live Search,Uganda,Live Job Search,Uganda,Live / varies,Possibly Available,,2026-07-20,Platform-Indexed Vacancy,B,56,https://www.google.com/search?q=Uganda+IT+Portfolio+Manager+jobs+posted+this+week,"Africa live-search pack. This is a live search link, not one fixed vacancy."
job-01456,IT Portfolio Manager — Google Live Search,Tanzania,Live Job Search,Tanzania,Live / varies,Possibly Available,,2026-07-20,Platform-Indexed Vacancy,B,56,https://www.google.com/search?q=Tanzania+IT+Portfolio+Manager+jobs+posted+this+week,"Africa live-search pack. This is a live search link, not one fixed vacancy."
job-01457,IT Portfolio Manager — Google Live Search,Ethiopia,Live Job Search,Ethiopia,Live / varies,Possibly Available,,2026-07-20,Platform-Indexed Vacancy,B,56,https://www.google.com/search?q=Ethiopia+IT+Portfolio+Manager+jobs+posted+this+week,"Africa live-search pack. This is a live search link, not one fixed vacancy."
job-01458,IT Portfolio Manager — LinkedIn Live Search,Kenya,Live Job Search,Kenya,Live / varies,Possibly Available,,2026-07-20,Platform-Indexed Vacancy,B,56,https://www.linkedin.com/jobs/search/?keywords=IT+Portfolio+Manager&sortBy=DD&location=Kenya,"Africa live-search pack. This is a live search link, not one fixed vacancy."
job-01459,IT Portfolio Manager — LinkedIn Live Search,Nigeria,Live Job Search,Nigeria,Live / varies,Possibly Available,,2026-07-20,Platform-Indexed Vacancy,B,56,https://www.linkedin.com/jobs/search/?keywords=IT+Portfolio+Manager&sortBy=DD&location=Nigeria,"Africa live-search pack. This is a live search link, not one fixed vacancy."
job-01460,IT Portfolio Manager — LinkedIn Live Search,Ghana,Live Job Search,Ghana,Live / varies,Possibly Available,,2026-07-20,Platform-Indexed Vacancy,B,56,https://www.linkedin.com/jobs/search/?keywords=IT+Portfolio+Manager&sortBy=DD&location=Ghana,"Africa live-search pack. This is a live search link, not one fixed vacancy."
job-01461,IT Portfolio Manager — LinkedIn Live Search,South Africa,Live Job Search,South Africa,Live / varies,Possibly Available,,2026-07-20,Platform-Indexed Vacancy,B,56,https://www.linkedin.com/jobs/search/?keywords=IT+Portfolio+Manager&sortBy=DD&location=South+Africa,"Africa live-search pack. This is a live search link, not one fixed vacancy."
job-01462,IT Portfolio Manager — LinkedIn Live Search,Rwanda,Live Job Search,Rwanda,Live / varies,Possibly Available,,2026-07-20,Platform-Indexed Vacancy,B,56,https://www.linkedin.com/jobs/search/?keywords=IT+Portfolio+Manager&sortBy=DD&location=Rwanda,"Africa live-search pack. This is a live search link, not one fixed vacancy."
job-01463,IT Portfolio Manager — LinkedIn Live Search,Uganda,Live Job Search,Uganda,Live / varies,Possibly Available,,2026-07-20,Platform-Indexed Vacancy,B,56,https://www.linkedin.com/jobs/search/?keywords=IT+Portfolio+Manager&sortBy=DD&location=Uganda,"Africa live-search pack. This is a live search link, not one fixed vacancy."
job-01464,IT Portfolio Manager — LinkedIn Live Search,Tanzania,Live Job Search,Tanzania,Live / varies,Possibly Available,,2026-07-20,Platform-Indexed Vacancy,B,56,https://www.linkedin.com/jobs/search/?keywords=IT+Portfolio+Manager&sortBy=DD&location=Tanzania,"Africa live-search pack. This is a live search link, not one fixed vacancy."
job-01465,IT Portfolio Manager — LinkedIn Live Search,Ethiopia,Live Job Search,Ethiopia,Live / varies,Possibly Available,,2026-07-20,Platform-Indexed Vacancy,B,56,https://www.linkedin.com/jobs/search/?keywords=IT+Portfolio+Manager&sortBy=DD&location=Ethiopia,"Africa live-search pack. This is a live search link, not one fixed vacancy."
job-01466,IT Specialist - Data Analysis,PXGEO,Data & Analytics,United Arab Emirates,Dubai,Expired,,2026-07-20,Platform-Indexed Vacancy,A,56,https://jobs.workable.com/view/j4uM1DVVpYcrnHmbHcuXhU/hybrid-it-specialist---data-analysis-in-dubai-at-pxgeo,
job-01467,PMO Manager — Google Live Search,Kenya,Live Job Search,Kenya,Live / varies,Possibly Available,,2026-07-20,Platform-Indexed Vacancy,B,56,https://www.google.com/search?q=Kenya+PMO+Manager+jobs+posted+this+week,"Africa live-search pack. This is a live search link, not one fixed vacancy."
job-01468,PMO Manager — Google Live Search,Nigeria,Live Job Search,Nigeria,Live / varies,Possibly Available,,2026-07-20,Platform-Indexed Vacancy,B,56,https://www.google.com/search?q=Nigeria+PMO+Manager+jobs+posted+this+week,"Africa live-search pack. This is a live search link, not one fixed vacancy."
job-01469,PMO Manager — Google Live Search,Ghana,Live Job Search,Ghana,Live / varies,Possibly Available,,2026-07-20,Platform-Indexed Vacancy,B,56,https://www.google.com/search?q=Ghana+PMO+Manager+jobs+posted+this+week,"Africa live-search pack. This is a live search link, not one fixed vacancy."
job-01470,PMO Manager — Google Live Search,South Africa,Live Job Search,South Africa,Live / varies,Possibly Available,,2026-07-20,Platform-Indexed Vacancy,B,56,https://www.google.com/search?q=South+Africa+PMO+Manager+jobs+posted+this+week,"Africa live-search pack. This is a live search link, not one fixed vacancy."
job-01471,PMO Manager — Google Live Search,Rwanda,Live Job Search,Rwanda,Live / varies,Possibly Available,,2026-07-20,Platform-Indexed Vacancy,B,56,https://www.google.com/search?q=Rwanda+PMO+Manager+jobs+posted+this+week,"Africa live-search pack. This is a live search link, not one fixed vacancy."
job-01472,PMO Manager — Google Live Search,Uganda,Live Job Search,Uganda,Live / varies,Possibly Available,,2026-07-20,Platform-Indexed Vacancy,B,56,https://www.google.com/search?q=Uganda+PMO+Manager+jobs+posted+this+week,"Africa live-search pack. This is a live search link, not one fixed vacancy."
job-01473,PMO Manager — Google Live Search,Tanzania,Live Job Search,Tanzania,Live / varies,Possibly Available,,2026-07-20,Platform-Indexed Vacancy,B,56,https://www.google.com/search?q=Tanzania+PMO+Manager+jobs+posted+this+week,"Africa live-search pack. This is a live search link, not one fixed vacancy."
job-01474,PMO Manager — Google Live Search,Ethiopia,Live Job Search,Ethiopia,Live / varies,Possibly Available,,2026-07-20,Platform-Indexed Vacancy,B,56,https://www.google.com/search?q=Ethiopia+PMO+Manager+jobs+posted+this+week,"Africa live-search pack. This is a live search link, not one fixed vacancy."
job-01475,PMO Manager — LinkedIn Live Search,Kenya,Live Job Search,Kenya,Live / varies,Possibly Available,,2026-07-20,Platform-Indexed Vacancy,B,56,https://www.linkedin.com/jobs/search/?keywords=PMO+Manager&sortBy=DD&location=Kenya,"Africa live-search pack. This is a live search link, not one fixed vacancy."
job-01476,PMO Manager — LinkedIn Live Search,Nigeria,Live Job Search,Nigeria,Live / varies,Possibly Available,,2026-07-20,Platform-Indexed Vacancy,B,56,https://www.linkedin.com/jobs/search/?keywords=PMO+Manager&sortBy=DD&location=Nigeria,"Africa live-search pack. This is a live search link, not one fixed vacancy."
job-01477,PMO Manager — LinkedIn Live Search,Ghana,Live Job Search,Ghana,Live / varies,Possibly Available,,2026-07-20,Platform-Indexed Vacancy,B,56,https://www.linkedin.com/jobs/search/?keywords=PMO+Manager&sortBy=DD&location=Ghana,"Africa live-search pack. This is a live search link, not one fixed vacancy."
job-01478,PMO Manager — LinkedIn Live Search,South Africa,Live Job Search,South Africa,Live / varies,Possibly Available,,2026-07-20,Platform-Indexed Vacancy,B,56,https://www.linkedin.com/jobs/search/?keywords=PMO+Manager&sortBy=DD&location=South+Africa,"Africa live-search pack. This is a live search link, not one fixed vacancy."
job-01479,PMO Manager — LinkedIn Live Search,Rwanda,Live Job Search,Rwanda,Live / varies,Possibly Available,,2026-07-20,Platform-Indexed Vacancy,B,56,https://www.linkedin.com/jobs/search/?keywords=PMO+Manager&sortBy=DD&location=Rwanda,"Africa live-search pack. This is a live search link, not one fixed vacancy."
job-01480,PMO Manager — LinkedIn Live Search,Uganda,Live Job Search,Uganda,Live / varies,Possibly Available,,2026-07-20,Platform-Indexed Vacancy,B,56,https://www.linkedin.com/jobs/search/?keywords=PMO+Manager&sortBy=DD&location=Uganda,"Africa live-search pack. This is a live search link, not one fixed vacancy."
job-01481,PMO Manager — LinkedIn Live Search,Tanzania,Live Job Search,Tanzania,Live / varies,Possibly Available,,2026-07-20,Platform-Indexed Vacancy,B,56,https://www.linkedin.com/jobs/search/?keywords=PMO+Manager&sortBy=DD&location=Tanzania,"Africa live-search pack. This is a live search link, not one fixed vacancy."
job-01482,PMO Manager — LinkedIn Live Search,Ethiopia,Live Job Search,Ethiopia,Live / varies,Possibly Available,,2026-07-20,Platform-Indexed Vacancy,B,56,https://www.linkedin.com/jobs/search/?keywords=PMO+Manager&sortBy=DD&location=Ethiopia,"Africa live-search pack. This is a live search link, not one fixed vacancy."
job-01483,Process & Change Analyst,Expereo,Digital Transformation & Strategy,United Arab Emirates,Dubai / Hybrid,Expired,,2026-07-20,Platform-Indexed Vacancy,A,56,https://jobs.workable.com/view/4ACZpdN9B14NZJ71NZEsEA/hybrid-process-%26-change-analyst---temp-to-perm-in-dubai-at-expereo,Hybrid Dubai
job-01484,ServiceNow Architect — Google Live Search,Kenya,Live Job Search,Kenya,Live / varies,Possibly Available,,2026-07-20,Platform-Indexed Vacancy,B,56,https://www.google.com/search?q=Kenya+ServiceNow+Architect+jobs+posted+this+week,"Africa live-search pack. This is a live search link, not one fixed vacancy."
job-01485,ServiceNow Architect — Google Live Search,Nigeria,Live Job Search,Nigeria,Live / varies,Possibly Available,,2026-07-20,Platform-Indexed Vacancy,B,56,https://www.google.com/search?q=Nigeria+ServiceNow+Architect+jobs+posted+this+week,"Africa live-search pack. This is a live search link, not one fixed vacancy."
job-01486,ServiceNow Architect — Google Live Search,Ghana,Live Job Search,Ghana,Live / varies,Possibly Available,,2026-07-20,Platform-Indexed Vacancy,B,56,https://www.google.com/search?q=Ghana+ServiceNow+Architect+jobs+posted+this+week,"Africa live-search pack. This is a live search link, not one fixed vacancy."
job-01487,ServiceNow Architect — Google Live Search,South Africa,Live Job Search,South Africa,Live / varies,Possibly Available,,2026-07-20,Platform-Indexed Vacancy,B,56,https://www.google.com/search?q=South+Africa+ServiceNow+Architect+jobs+posted+this+week,"Africa live-search pack. This is a live search link, not one fixed vacancy."
job-01488,ServiceNow Architect — Google Live Search,Rwanda,Live Job Search,Rwanda,Live / varies,Possibly Available,,2026-07-20,Platform-Indexed Vacancy,B,56,https://www.google.com/search?q=Rwanda+ServiceNow+Architect+jobs+posted+this+week,"Africa live-search pack. This is a live search link, not one fixed vacancy."
job-01489,ServiceNow Architect — Google Live Search,Uganda,Live Job Search,Uganda,Live / varies,Possibly Available,,2026-07-20,Platform-Indexed Vacancy,B,56,https://www.google.com/search?q=Uganda+ServiceNow+Architect+jobs+posted+this+week,"Africa live-search pack. This is a live search link, not one fixed vacancy."
job-01490,ServiceNow Architect — Google Live Search,Tanzania,Live Job Search,Tanzania,Live / varies,Possibly Available,,2026-07-20,Platform-Indexed Vacancy,B,56,https://www.google.com/search?q=Tanzania+ServiceNow+Architect+jobs+posted+this+week,"Africa live-search pack. This is a live search link, not one fixed vacancy."
job-01491,ServiceNow Architect — Google Live Search,Ethiopia,Live Job Search,Ethiopia,Live / varies,Possibly Available,,2026-07-20,Platform-Indexed Vacancy,B,56,https://www.google.com/search?q=Ethiopia+ServiceNow+Architect+jobs+posted+this+week,"Africa live-search pack. This is a live search link, not one fixed vacancy."
job-01492,ServiceNow Architect — LinkedIn Live Search,Kenya,Live Job Search,Kenya,Live / varies,Possibly Available,,2026-07-20,Platform-Indexed Vacancy,B,56,https://www.linkedin.com/jobs/search/?keywords=ServiceNow+Architect&sortBy=DD&location=Kenya,"Africa live-search pack. This is a live search link, not one fixed vacancy."
job-01493,ServiceNow Architect — LinkedIn Live Search,Nigeria,Live Job Search,Nigeria,Live / varies,Possibly Available,,2026-07-20,Platform-Indexed Vacancy,B,56,https://www.linkedin.com/jobs/search/?keywords=ServiceNow+Architect&sortBy=DD&location=Nigeria,"Africa live-search pack. This is a live search link, not one fixed vacancy."
job-01494,ServiceNow Architect — LinkedIn Live Search,Ghana,Live Job Search,Ghana,Live / varies,Possibly Available,,2026-07-20,Platform-Indexed Vacancy,B,56,https://www.linkedin.com/jobs/search/?keywords=ServiceNow+Architect&sortBy=DD&location=Ghana,"Africa live-search pack. This is a live search link, not one fixed vacancy."
job-01495,ServiceNow Architect — LinkedIn Live Search,South Africa,Live Job Search,South Africa,Live / varies,Possibly Available,,2026-07-20,Platform-Indexed Vacancy,B,56,https://www.linkedin.com/jobs/search/?keywords=ServiceNow+Architect&sortBy=DD&location=South+Africa,"Africa live-search pack. This is a live search link, not one fixed vacancy."
job-01496,ServiceNow Architect — LinkedIn Live Search,Rwanda,Live Job Search,Rwanda,Live / varies,Possibly Available,,2026-07-20,Platform-Indexed Vacancy,B,56,https://www.linkedin.com/jobs/search/?keywords=ServiceNow+Architect&sortBy=DD&location=Rwanda,"Africa live-search pack. This is a live search link, not one fixed vacancy."
job-01497,ServiceNow Architect — LinkedIn Live Search,Uganda,Live Job Search,Uganda,Live / varies,Possibly Available,,2026-07-20,Platform-Indexed Vacancy,B,56,https://www.linkedin.com/jobs/search/?keywords=ServiceNow+Architect&sortBy=DD&location=Uganda,"Africa live-search pack. This is a live search link, not one fixed vacancy."
job-01498,ServiceNow Architect — LinkedIn Live Search,Tanzania,Live Job Search,Tanzania,Live / varies,Possibly Available,,2026-07-20,Platform-Indexed Vacancy,B,56,https://www.linkedin.com/jobs/search/?keywords=ServiceNow+Architect&sortBy=DD&location=Tanzania,"Africa live-search pack. This is a live search link, not one fixed vacancy."
job-01499,ServiceNow Architect — LinkedIn Live Search,Ethiopia,Live Job Search,Ethiopia,Live / varies,Possibly Available,,2026-07-20,Platform-Indexed Vacancy,B,56,https://www.linkedin.com/jobs/search/?keywords=ServiceNow+Architect&sortBy=DD&location=Ethiopia,"Africa live-search pack. This is a live search link, not one fixed vacancy."
job-01500,VP Digital Transformation & Innovation,Oman Airports Management Company,Digital Transformation & Strategy,Oman,Muscat,Expired,,2026-07-20,Platform-Indexed Vacancy,B,56,https://om.linkedin.com/jobs/view/vp-digital-transformation-innovation-at-oman-airports-management-company-4376400959,Executive role
job-01501,Digital Health — Google Live Search,Kenya,Live Job Search,Kenya,Live / varies,Possibly Available,,2026-07-20,Platform-Indexed Vacancy,B,55,https://www.google.com/search?q=Kenya+Digital+Health+jobs+posted+this+week,"Africa live-search pack. This is a live search link, not one fixed vacancy."
job-01502,Digital Health — Google Live Search,Nigeria,Live Job Search,Nigeria,Live / varies,Possibly Available,,2026-07-20,Platform-Indexed Vacancy,B,55,https://www.google.com/search?q=Nigeria+Digital+Health+jobs+posted+this+week,"Africa live-search pack. This is a live search link, not one fixed vacancy."
job-01503,Digital Health — Google Live Search,Ghana,Live Job Search,Ghana,Live / varies,Possibly Available,,2026-07-20,Platform-Indexed Vacancy,B,55,https://www.google.com/search?q=Ghana+Digital+Health+jobs+posted+this+week,"Africa live-search pack. This is a live search link, not one fixed vacancy."
job-01504,Digital Health — Google Live Search,South Africa,Live Job Search,South Africa,Live / varies,Possibly Available,,2026-07-20,Platform-Indexed Vacancy,B,55,https://www.google.com/search?q=South+Africa+Digital+Health+jobs+posted+this+week,"Africa live-search pack. This is a live search link, not one fixed vacancy."
job-01505,Digital Health — Google Live Search,Rwanda,Live Job Search,Rwanda,Live / varies,Possibly Available,,2026-07-20,Platform-Indexed Vacancy,B,55,https://www.google.com/search?q=Rwanda+Digital+Health+jobs+posted+this+week,"Africa live-search pack. This is a live search link, not one fixed vacancy."
job-01506,Digital Health — Google Live Search,Uganda,Live Job Search,Uganda,Live / varies,Possibly Available,,2026-07-20,Platform-Indexed Vacancy,B,55,https://www.google.com/search?q=Uganda+Digital+Health+jobs+posted+this+week,"Africa live-search pack. This is a live search link, not one fixed vacancy."
job-01507,Digital Health — Google Live Search,Tanzania,Live Job Search,Tanzania,Live / varies,Possibly Available,,2026-07-20,Platform-Indexed Vacancy,B,55,https://www.google.com/search?q=Tanzania+Digital+Health+jobs+posted+this+week,"Africa live-search pack. This is a live search link, not one fixed vacancy."
job-01508,Digital Health — Google Live Search,Ethiopia,Live Job Search,Ethiopia,Live / varies,Possibly Available,,2026-07-20,Platform-Indexed Vacancy,B,55,https://www.google.com/search?q=Ethiopia+Digital+Health+jobs+posted+this+week,"Africa live-search pack. This is a live search link, not one fixed vacancy."
job-01509,Digital Health — LinkedIn Live Search,Kenya,Live Job Search,Kenya,Live / varies,Possibly Available,,2026-07-20,Platform-Indexed Vacancy,B,55,https://www.linkedin.com/jobs/search/?keywords=Digital+Health&sortBy=DD&location=Kenya,"Africa live-search pack. This is a live search link, not one fixed vacancy."
job-01510,Digital Health — LinkedIn Live Search,Nigeria,Live Job Search,Nigeria,Live / varies,Possibly Available,,2026-07-20,Platform-Indexed Vacancy,B,55,https://www.linkedin.com/jobs/search/?keywords=Digital+Health&sortBy=DD&location=Nigeria,"Africa live-search pack. This is a live search link, not one fixed vacancy."
job-01511,Digital Health — LinkedIn Live Search,Ghana,Live Job Search,Ghana,Live / varies,Possibly Available,,2026-07-20,Platform-Indexed Vacancy,B,55,https://www.linkedin.com/jobs/search/?keywords=Digital+Health&sortBy=DD&location=Ghana,"Africa live-search pack. This is a live search link, not one fixed vacancy."
job-01512,Digital Health — LinkedIn Live Search,South Africa,Live Job Search,South Africa,Live / varies,Possibly Available,,2026-07-20,Platform-Indexed Vacancy,B,55,https://www.linkedin.com/jobs/search/?keywords=Digital+Health&sortBy=DD&location=South+Africa,"Africa live-search pack. This is a live search link, not one fixed vacancy."
job-01513,Digital Health — LinkedIn Live Search,Rwanda,Live Job Search,Rwanda,Live / varies,Possibly Available,,2026-07-20,Platform-Indexed Vacancy,B,55,https://www.linkedin.com/jobs/search/?keywords=Digital+Health&sortBy=DD&location=Rwanda,"Africa live-search pack. This is a live search link, not one fixed vacancy."
job-01514,Digital Health — LinkedIn Live Search,Uganda,Live Job Search,Uganda,Live / varies,Possibly Available,,2026-07-20,Platform-Indexed Vacancy,B,55,https://www.linkedin.com/jobs/search/?keywords=Digital+Health&sortBy=DD&location=Uganda,"Africa live-search pack. This is a live search link, not one fixed vacancy."
job-01515,Digital Health — LinkedIn Live Search,Tanzania,Live Job Search,Tanzania,Live / varies,Possibly Available,,2026-07-20,Platform-Indexed Vacancy,B,55,https://www.linkedin.com/jobs/search/?keywords=Digital+Health&sortBy=DD&location=Tanzania,"Africa live-search pack. This is a live search link, not one fixed vacancy."
job-01516,Digital Health — LinkedIn Live Search,Ethiopia,Live Job Search,Ethiopia,Live / varies,Possibly Available,,2026-07-20,Platform-Indexed Vacancy,B,55,https://www.linkedin.com/jobs/search/?keywords=Digital+Health&sortBy=DD&location=Ethiopia,"Africa live-search pack. This is a live search link, not one fixed vacancy."
job-01517,IT Analyst,Orange Business,"Cloud, Infrastructure & IT Operations",Egypt,Cairo,Expired,,2026-07-20,Platform-Indexed Vacancy,B,55,https://www.linkedin.com/jobs/view/4440234866/,Verify detailed requirements
job-01518,IT Operations Specialist,LEONI Egypt,"Cloud, Infrastructure & IT Operations",Egypt,"Nasr City, Cairo",Expired,,2026-07-20,Platform-Indexed Vacancy,B,55,https://www.linkedin.com/jobs/view/4438992068/,Operations-focused role
job-01519,IT Release and Change Management,TP,IT Governance & Service Management,Egypt,"Maadi, Cairo",Expired,,2026-07-20,Platform-Indexed Vacancy,B,55,https://www.linkedin.com/jobs/view/4437761549/,Release and change-management experience
job-01520,MEL System Development and Implementation,CGIAR,Digital Transformation & Strategy,Africa / Kenya,Remote / Nairobi-linked,Expired,,2026-07-20,Platform-Indexed Vacancy,A,55,https://jobs.workable.com/view/iAPwEMD3yUkepNnYUoQ7pW/remote-mel-system-development-and-implementation-in-nairobi-at-cgiar,Consultancy/assignment; verify eligible countries
job-01521,System Analyst,Datamatics Technologies,Other Technology Role,Egypt,Cairo,Expired,,2026-07-20,Platform-Indexed Vacancy,B,55,https://www.linkedin.com/jobs/view/4435681672/,Systems-analysis role
job-01522,Commercial Data and Insights Analyst,SPARK Schools,Data & Analytics,South Africa,Randburg,Expired,,2026-07-20,Platform-Indexed Vacancy,A,54,https://jobs.workable.com/view/bBtC6hecvBqSBj6abrEaMs/hybrid-commercial-data-and-insights-analyst---spark-schools-support---2026-in-randburg-at-spark-schools,
job-01523,Data Scientist,Access Bank PLC,Data & Analytics,Nigeria,Lagos,Expired,,2026-07-20,Platform-Indexed Vacancy,A,54,https://jobs.workable.com/view/1rPyfgQT1jT2VBMGMrUs2N/data-scientist-in-lagos-at-access-bank-plc,
job-01524,Health Informatics — Bayt Live Search,Egypt,Live Job Search,Egypt,Live / varies,Possibly Available,,2026-07-20,Platform-Indexed Vacancy,B,54,https://www.bayt.com/en/egypt/jobs/Health%20Informatics-jobs/,"Egypt live-search pack. This is a live search link, not one fixed vacancy."
job-01525,Health Informatics — Bayt Live Search,Saudi Arabia,Live Job Search,Saudi Arabia,Live / varies,Possibly Available,,2026-07-20,Platform-Indexed Vacancy,B,54,https://www.bayt.com/en/saudi-arabia/jobs/Health%20Informatics-jobs/,"GCC live-search pack. This is a live search link, not one fixed vacancy."
job-01526,Health Informatics — Bayt Live Search,United Arab Emirates,Live Job Search,United Arab Emirates,Live / varies,Possibly Available,,2026-07-20,Platform-Indexed Vacancy,B,54,https://www.bayt.com/en/united-arab-emirates/jobs/Health%20Informatics-jobs/,"GCC live-search pack. This is a live search link, not one fixed vacancy."
job-01527,Health Informatics — Bayt Live Search,Qatar,Live Job Search,Qatar,Live / varies,Possibly Available,,2026-07-20,Platform-Indexed Vacancy,B,54,https://www.bayt.com/en/qatar/jobs/Health%20Informatics-jobs/,"GCC live-search pack. This is a live search link, not one fixed vacancy."
job-01528,Health Informatics — Bayt Live Search,Kuwait,Live Job Search,Kuwait,Live / varies,Possibly Available,,2026-07-20,Platform-Indexed Vacancy,B,54,https://www.bayt.com/en/kuwait/jobs/Health%20Informatics-jobs/,"GCC live-search pack. This is a live search link, not one fixed vacancy."
job-01529,Health Informatics — Bayt Live Search,Oman,Live Job Search,Oman,Live / varies,Possibly Available,,2026-07-20,Platform-Indexed Vacancy,B,54,https://www.bayt.com/en/oman/jobs/Health%20Informatics-jobs/,"GCC live-search pack. This is a live search link, not one fixed vacancy."
job-01530,Health Informatics — Bayt Live Search,Bahrain,Live Job Search,Bahrain,Live / varies,Possibly Available,,2026-07-20,Platform-Indexed Vacancy,B,54,https://www.bayt.com/en/bahrain/jobs/Health%20Informatics-jobs/,"GCC live-search pack. This is a live search link, not one fixed vacancy."
job-01531,Health Informatics — Google Live Search,Egypt,Live Job Search,Egypt,Live / varies,Possibly Available,,2026-07-20,Platform-Indexed Vacancy,B,54,https://www.google.com/search?q=Egypt+Health+Informatics+jobs+posted+this+week,"Egypt live-search pack. This is a live search link, not one fixed vacancy."
job-01532,Health Informatics — GulfTalent Live Search,Saudi Arabia,Live Job Search,Saudi Arabia,Live / varies,Possibly Available,,2026-07-20,Platform-Indexed Vacancy,B,54,https://www.gulftalent.com/jobs?keywords=Health+Informatics,"GCC live-search pack. This is a live search link, not one fixed vacancy."
job-01533,Health Informatics — GulfTalent Live Search,United Arab Emirates,Live Job Search,United Arab Emirates,Live / varies,Possibly Available,,2026-07-20,Platform-Indexed Vacancy,B,54,https://www.gulftalent.com/jobs?keywords=Health+Informatics,"GCC live-search pack. This is a live search link, not one fixed vacancy."
job-01534,Health Informatics — GulfTalent Live Search,Qatar,Live Job Search,Qatar,Live / varies,Possibly Available,,2026-07-20,Platform-Indexed Vacancy,B,54,https://www.gulftalent.com/jobs?keywords=Health+Informatics,"GCC live-search pack. This is a live search link, not one fixed vacancy."
job-01535,Health Informatics — GulfTalent Live Search,Kuwait,Live Job Search,Kuwait,Live / varies,Possibly Available,,2026-07-20,Platform-Indexed Vacancy,B,54,https://www.gulftalent.com/jobs?keywords=Health+Informatics,"GCC live-search pack. This is a live search link, not one fixed vacancy."
job-01536,Health Informatics — GulfTalent Live Search,Oman,Live Job Search,Oman,Live / varies,Possibly Available,,2026-07-20,Platform-Indexed Vacancy,B,54,https://www.gulftalent.com/jobs?keywords=Health+Informatics,"GCC live-search pack. This is a live search link, not one fixed vacancy."
job-01537,Health Informatics — GulfTalent Live Search,Bahrain,Live Job Search,Bahrain,Live / varies,Possibly Available,,2026-07-20,Platform-Indexed Vacancy,B,54,https://www.gulftalent.com/jobs?keywords=Health+Informatics,"GCC live-search pack. This is a live search link, not one fixed vacancy."
job-01538,Health Informatics — LinkedIn Live Search,Egypt,Live Job Search,Egypt,Live / varies,Possibly Available,,2026-07-20,Platform-Indexed Vacancy,B,54,https://www.linkedin.com/jobs/search/?keywords=Health+Informatics&sortBy=DD&location=Egypt,"Egypt live-search pack. This is a live search link, not one fixed vacancy."
job-01539,Health Informatics — LinkedIn Live Search,Saudi Arabia,Live Job Search,Saudi Arabia,Live / varies,Possibly Available,,2026-07-20,Platform-Indexed Vacancy,B,54,https://www.linkedin.com/jobs/search/?keywords=Health+Informatics&sortBy=DD&location=Saudi+Arabia,"GCC live-search pack. This is a live search link, not one fixed vacancy."
job-01540,Health Informatics — LinkedIn Live Search,United Arab Emirates,Live Job Search,United Arab Emirates,Live / varies,Possibly Available,,2026-07-20,Platform-Indexed Vacancy,B,54,https://www.linkedin.com/jobs/search/?keywords=Health+Informatics&sortBy=DD&location=United+Arab+Emirates,"GCC live-search pack. This is a live search link, not one fixed vacancy."
job-01541,Health Informatics — LinkedIn Live Search,Qatar,Live Job Search,Qatar,Live / varies,Possibly Available,,2026-07-20,Platform-Indexed Vacancy,B,54,https://www.linkedin.com/jobs/search/?keywords=Health+Informatics&sortBy=DD&location=Qatar,"GCC live-search pack. This is a live search link, not one fixed vacancy."
job-01542,Health Informatics — LinkedIn Live Search,Kuwait,Live Job Search,Kuwait,Live / varies,Possibly Available,,2026-07-20,Platform-Indexed Vacancy,B,54,https://www.linkedin.com/jobs/search/?keywords=Health+Informatics&sortBy=DD&location=Kuwait,"GCC live-search pack. This is a live search link, not one fixed vacancy."
job-01543,Health Informatics — LinkedIn Live Search,Oman,Live Job Search,Oman,Live / varies,Possibly Available,,2026-07-20,Platform-Indexed Vacancy,B,54,https://www.linkedin.com/jobs/search/?keywords=Health+Informatics&sortBy=DD&location=Oman,"GCC live-search pack. This is a live search link, not one fixed vacancy."
job-01544,Health Informatics — LinkedIn Live Search,Bahrain,Live Job Search,Bahrain,Live / varies,Possibly Available,,2026-07-20,Platform-Indexed Vacancy,B,54,https://www.linkedin.com/jobs/search/?keywords=Health+Informatics&sortBy=DD&location=Bahrain,"GCC live-search pack. This is a live search link, not one fixed vacancy."
job-01545,Health Informatics — Wuzzuf Live Search,Egypt,Live Job Search,Egypt,Live / varies,Possibly Available,,2026-07-20,Platform-Indexed Vacancy,B,54,https://wuzzuf.net/search/jobs/?q=Health+Informatics&a=navbl,"Egypt live-search pack. This is a live search link, not one fixed vacancy."
job-01546,Healthineers Early Talents Program - Finance,Siemens Healthineers,"Program, Project & Delivery Management",Saudi Arabia,Riyadh,Expired,,2026-07-20,Platform-Indexed Vacancy,B,54,https://jobs.siemens-healthineers.com/cs_CZ/searchjobs/JobDetail/511936,Saudi nationals
job-01547,ICT Specialist - Data & Digital Innovation,ICRC,Data & Governance,Kenya,Nairobi,Possibly Available,2026-07-13,2026-07-20,Platform-Indexed Vacancy,B,54,https://ke.linkedin.com/jobs/it-director-jobs,"Verify eligibility, deadline and work authorization on the linked source before applying."
job-01548,Health Informatics — LinkedIn Live Search,Worldwide Remote,Live Job Search,Worldwide Remote,Live / varies,Possibly Available,,2026-07-20,Platform-Indexed Vacancy,B,53,https://www.linkedin.com/jobs/search/?keywords=Health+Informatics&sortBy=DD&location=Worldwide+Remote,"Global remote live-search pack. This is a live search link, not one fixed vacancy."
job-01549,Health Informatics — LinkedIn Live Search,EMEA Remote,Live Job Search,EMEA Remote,Live / varies,Possibly Available,,2026-07-20,Platform-Indexed Vacancy,B,53,https://www.linkedin.com/jobs/search/?keywords=Health+Informatics&sortBy=DD&location=EMEA+Remote,"Global remote live-search pack. This is a live search link, not one fixed vacancy."
job-01550,Health Informatics — LinkedIn Live Search,Africa Remote,Live Job Search,Africa Remote,Live / varies,Possibly Available,,2026-07-20,Platform-Indexed Vacancy,B,53,https://www.linkedin.com/jobs/search/?keywords=Health+Informatics&sortBy=DD&location=Africa+Remote,"Global remote live-search pack. This is a live search link, not one fixed vacancy."
job-01551,Health Informatics — LinkedIn Live Search,Middle East Remote,Live Job Search,Middle East Remote,Live / varies,Possibly Available,,2026-07-20,Platform-Indexed Vacancy,B,53,https://www.linkedin.com/jobs/search/?keywords=Health+Informatics&sortBy=DD&location=Middle+East+Remote,"Global remote live-search pack. This is a live search link, not one fixed vacancy."
job-01552,Health Informatics — RemoteOK Live Search,Worldwide Remote,Live Job Search,Worldwide Remote,Live / varies,Possibly Available,,2026-07-20,Platform-Indexed Vacancy,B,53,https://remoteok.com/remote-health-informatics-jobs,"Global remote live-search pack. This is a live search link, not one fixed vacancy."
job-01553,Health Informatics — RemoteOK Live Search,EMEA Remote,Live Job Search,EMEA Remote,Live / varies,Possibly Available,,2026-07-20,Platform-Indexed Vacancy,B,53,https://remoteok.com/remote-health-informatics-jobs,"Global remote live-search pack. This is a live search link, not one fixed vacancy."
job-01554,Health Informatics — RemoteOK Live Search,Africa Remote,Live Job Search,Africa Remote,Live / varies,Possibly Available,,2026-07-20,Platform-Indexed Vacancy,B,53,https://remoteok.com/remote-health-informatics-jobs,"Global remote live-search pack. This is a live search link, not one fixed vacancy."
job-01555,Health Informatics — RemoteOK Live Search,Middle East Remote,Live Job Search,Middle East Remote,Live / varies,Possibly Available,,2026-07-20,Platform-Indexed Vacancy,B,53,https://remoteok.com/remote-health-informatics-jobs,"Global remote live-search pack. This is a live search link, not one fixed vacancy."
job-01556,Health Informatics — Wellfound Live Search,Worldwide Remote,Live Job Search,Worldwide Remote,Live / varies,Possibly Available,,2026-07-20,Platform-Indexed Vacancy,B,53,https://wellfound.com/jobs?q=Health+Informatics&remote=True,"Global remote live-search pack. This is a live search link, not one fixed vacancy."
job-01557,Health Informatics — Wellfound Live Search,EMEA Remote,Live Job Search,EMEA Remote,Live / varies,Possibly Available,,2026-07-20,Platform-Indexed Vacancy,B,53,https://wellfound.com/jobs?q=Health+Informatics&remote=True,"Global remote live-search pack. This is a live search link, not one fixed vacancy."
job-01558,Health Informatics — Wellfound Live Search,Africa Remote,Live Job Search,Africa Remote,Live / varies,Possibly Available,,2026-07-20,Platform-Indexed Vacancy,B,53,https://wellfound.com/jobs?q=Health+Informatics&remote=True,"Global remote live-search pack. This is a live search link, not one fixed vacancy."
job-01559,Health Informatics — Wellfound Live Search,Middle East Remote,Live Job Search,Middle East Remote,Live / varies,Possibly Available,,2026-07-20,Platform-Indexed Vacancy,B,53,https://wellfound.com/jobs?q=Health+Informatics&remote=True,"Global remote live-search pack. This is a live search link, not one fixed vacancy."
job-01560,Health Informatics — WeWorkRemotely Live Search,Worldwide Remote,Live Job Search,Worldwide Remote,Live / varies,Possibly Available,,2026-07-20,Platform-Indexed Vacancy,B,53,https://weworkremotely.com/remote-jobs/search?term=Health+Informatics,"Global remote live-search pack. This is a live search link, not one fixed vacancy."
job-01561,Health Informatics — WeWorkRemotely Live Search,EMEA Remote,Live Job Search,EMEA Remote,Live / varies,Possibly Available,,2026-07-20,Platform-Indexed Vacancy,B,53,https://weworkremotely.com/remote-jobs/search?term=Health+Informatics,"Global remote live-search pack. This is a live search link, not one fixed vacancy."
job-01562,Health Informatics — WeWorkRemotely Live Search,Africa Remote,Live Job Search,Africa Remote,Live / varies,Possibly Available,,2026-07-20,Platform-Indexed Vacancy,B,53,https://weworkremotely.com/remote-jobs/search?term=Health+Informatics,"Global remote live-search pack. This is a live search link, not one fixed vacancy."
job-01563,Health Informatics — WeWorkRemotely Live Search,Middle East Remote,Live Job Search,Middle East Remote,Live / varies,Possibly Available,,2026-07-20,Platform-Indexed Vacancy,B,53,https://weworkremotely.com/remote-jobs/search?term=Health+Informatics,"Global remote live-search pack. This is a live search link, not one fixed vacancy."
job-01564,Health Informatics — Google Live Search,Kenya,Live Job Search,Kenya,Live / varies,Possibly Available,,2026-07-20,Platform-Indexed Vacancy,B,52,https://www.google.com/search?q=Kenya+Health+Informatics+jobs+posted+this+week,"Africa live-search pack. This is a live search link, not one fixed vacancy."
job-01565,Health Informatics — Google Live Search,Nigeria,Live Job Search,Nigeria,Live / varies,Possibly Available,,2026-07-20,Platform-Indexed Vacancy,B,52,https://www.google.com/search?q=Nigeria+Health+Informatics+jobs+posted+this+week,"Africa live-search pack. This is a live search link, not one fixed vacancy."
job-01566,Health Informatics — Google Live Search,Ghana,Live Job Search,Ghana,Live / varies,Possibly Available,,2026-07-20,Platform-Indexed Vacancy,B,52,https://www.google.com/search?q=Ghana+Health+Informatics+jobs+posted+this+week,"Africa live-search pack. This is a live search link, not one fixed vacancy."
job-01567,Health Informatics — Google Live Search,South Africa,Live Job Search,South Africa,Live / varies,Possibly Available,,2026-07-20,Platform-Indexed Vacancy,B,52,https://www.google.com/search?q=South+Africa+Health+Informatics+jobs+posted+this+week,"Africa live-search pack. This is a live search link, not one fixed vacancy."
job-01568,Health Informatics — Google Live Search,Rwanda,Live Job Search,Rwanda,Live / varies,Possibly Available,,2026-07-20,Platform-Indexed Vacancy,B,52,https://www.google.com/search?q=Rwanda+Health+Informatics+jobs+posted+this+week,"Africa live-search pack. This is a live search link, not one fixed vacancy."
job-01569,Health Informatics — Google Live Search,Uganda,Live Job Search,Uganda,Live / varies,Possibly Available,,2026-07-20,Platform-Indexed Vacancy,B,52,https://www.google.com/search?q=Uganda+Health+Informatics+jobs+posted+this+week,"Africa live-search pack. This is a live search link, not one fixed vacancy."
job-01570,Health Informatics — Google Live Search,Tanzania,Live Job Search,Tanzania,Live / varies,Possibly Available,,2026-07-20,Platform-Indexed Vacancy,B,52,https://www.google.com/search?q=Tanzania+Health+Informatics+jobs+posted+this+week,"Africa live-search pack. This is a live search link, not one fixed vacancy."
job-01571,Health Informatics — Google Live Search,Ethiopia,Live Job Search,Ethiopia,Live / varies,Possibly Available,,2026-07-20,Platform-Indexed Vacancy,B,52,https://www.google.com/search?q=Ethiopia+Health+Informatics+jobs+posted+this+week,"Africa live-search pack. This is a live search link, not one fixed vacancy."
job-01572,Health Informatics — LinkedIn Live Search,Kenya,Live Job Search,Kenya,Live / varies,Possibly Available,,2026-07-20,Platform-Indexed Vacancy,B,52,https://www.linkedin.com/jobs/search/?keywords=Health+Informatics&sortBy=DD&location=Kenya,"Africa live-search pack. This is a live search link, not one fixed vacancy."
job-01573,Health Informatics — LinkedIn Live Search,Nigeria,Live Job Search,Nigeria,Live / varies,Possibly Available,,2026-07-20,Platform-Indexed Vacancy,B,52,https://www.linkedin.com/jobs/search/?keywords=Health+Informatics&sortBy=DD&location=Nigeria,"Africa live-search pack. This is a live search link, not one fixed vacancy."
job-01574,Health Informatics — LinkedIn Live Search,Ghana,Live Job Search,Ghana,Live / varies,Possibly Available,,2026-07-20,Platform-Indexed Vacancy,B,52,https://www.linkedin.com/jobs/search/?keywords=Health+Informatics&sortBy=DD&location=Ghana,"Africa live-search pack. This is a live search link, not one fixed vacancy."
job-01575,Health Informatics — LinkedIn Live Search,South Africa,Live Job Search,South Africa,Live / varies,Possibly Available,,2026-07-20,Platform-Indexed Vacancy,B,52,https://www.linkedin.com/jobs/search/?keywords=Health+Informatics&sortBy=DD&location=South+Africa,"Africa live-search pack. This is a live search link, not one fixed vacancy."
job-01576,Health Informatics — LinkedIn Live Search,Rwanda,Live Job Search,Rwanda,Live / varies,Possibly Available,,2026-07-20,Platform-Indexed Vacancy,B,52,https://www.linkedin.com/jobs/search/?keywords=Health+Informatics&sortBy=DD&location=Rwanda,"Africa live-search pack. This is a live search link, not one fixed vacancy."
job-01577,Health Informatics — LinkedIn Live Search,Uganda,Live Job Search,Uganda,Live / varies,Possibly Available,,2026-07-20,Platform-Indexed Vacancy,B,52,https://www.linkedin.com/jobs/search/?keywords=Health+Informatics&sortBy=DD&location=Uganda,"Africa live-search pack. This is a live search link, not one fixed vacancy."
job-01578,Health Informatics — LinkedIn Live Search,Tanzania,Live Job Search,Tanzania,Live / varies,Possibly Available,,2026-07-20,Platform-Indexed Vacancy,B,52,https://www.linkedin.com/jobs/search/?keywords=Health+Informatics&sortBy=DD&location=Tanzania,"Africa live-search pack. This is a live search link, not one fixed vacancy."
job-01579,Health Informatics — LinkedIn Live Search,Ethiopia,Live Job Search,Ethiopia,Live / varies,Possibly Available,,2026-07-20,Platform-Indexed Vacancy,B,52,https://www.linkedin.com/jobs/search/?keywords=Health+Informatics&sortBy=DD&location=Ethiopia,"Africa live-search pack. This is a live search link, not one fixed vacancy."
job-01580,Digital Solutions Enterprise Architect,Omnix International,Enterprise Architecture,GCC / Egypt,Remote from Egypt + GCC travel,Expired,,2026-07-20,Platform-Indexed Vacancy,B,42,https://eg.linkedin.com/jobs/view/digital-solutions-enterprise-architect-at-omnix-international-4427184102,Regular GCC travel
job-01581,Associate Solutions Architect Intern - UAE National,Amazon Web Services,Solution Architecture,United Arab Emirates,Dubai,Expired,,2026-07-20,Platform-Indexed Vacancy,B,38,https://www.linkedin.com/jobs/view/4358377392/,UAE nationals; internship
job-01582,Director of Technology and Innovation - Hotels Group,Renard International client,Other Technology Role,Bahrain,Bahrain,Expired,,2026-07-20,Platform-Indexed Vacancy,B,36,https://in.linkedin.com/jobs/view/director-of-technology-and-innovation-%E2%80%93-hotels-group-bahrain-at-renard-international-hospitality-search-consultants-4426619696,Relocation to Bahrain
job-01583,Senior Customs Digitalisation / Transit Systems Expert,NTU International,Digital Transformation,Kenya,Nairobi,Possibly Available,2026-07-13,2026-07-20,Platform-Indexed Vacancy,B,32,https://ke.linkedin.com/jobs/digital-transformation-jobs,"Verify eligibility, deadline and work authorization on the linked source before applying."
job-01584,General Service Support - Graduate,Philips,Healthcare IT & Digital Health,Saudi Arabia,Riyadh,Expired,,2026-07-20,Platform-Indexed Vacancy,B,28,https://sa.linkedin.com/jobs/view/general-service-support-graduate-2-at-philips-4431229343,Graduate role; verify eligibility
job-01585,Information & Technology Coordinator,Marriott International,"Cloud, Infrastructure & IT Operations",Egypt,Cairo,Expired,,2026-07-20,Platform-Indexed Vacancy,B,22,https://www.linkedin.com/jobs/view/4437949614/,Hotel IT operations role
job-01586,Information & Technology Supervisor,Marriott International,"Cloud, Infrastructure & IT Operations",Egypt,Cairo,Expired,,2026-07-20,Platform-Indexed Vacancy,B,22,https://www.linkedin.com/jobs/view/4437951378/,Hospitality IT operations
job-01587,Healthineers Graduates Program - Marketing & Communications,Siemens Healthineers,"Program, Project & Delivery Management",Saudi Arabia,Riyadh,Expired,,2026-07-20,Platform-Indexed Vacancy,B,21,https://jobs.siemens-healthineers.com/en_US/searchjobs/JobDetail/510193,Check program eligibility
job-01588,ServiceNow System Administrator,International Rescue Committee,Enterprise Applications,Kenya,Nairobi,Possibly Available,2026-07-20,2026-07-20,Platform-Indexed Vacancy,B,21,https://ke.linkedin.com/jobs/it-director-jobs,"Verify eligibility, deadline and work authorization on the linked source before applying."
