id,record_type,category,title,organization,subtitle,role_family,type,industry,region,country,location,availability_status,published_date,expiry_date,last_checked,posted_text,source,source_quality,source_quality_label,verification_level,match_score,fit,priority_tier,url,notes
company-02108,Employer Career Page,company,Al-Futtaim Automotive,Automotive & Mobility,Automotive & Mobility,Automotive & Mobility,Automotive & Mobility,Automotive & Mobility,Egypt · GCC,Egypt · GCC,,Career Page Available,,,2026-07-24,,Official employer careers,A,Official employer career page,Official / curated,82,High,Priority 1,https://www.alfuttaim.com/careers/,"Automotive, retail, technology, logistics and corporate functions"
company-02109,Employer Career Page,company,BMW Group,Automotive & Mobility,Automotive & Mobility,Automotive & Mobility,Automotive & Mobility,Automotive & Mobility,GCC · Africa,GCC · Africa,,Career Page Available,,,2026-07-24,,Official employer careers,A,Official employer career page,Official / curated,82,High,Priority 1,https://www.bmwgroup.jobs/en.html,"Automotive, mobility, software, digital transformation and corporate functions"
company-02110,Employer Career Page,company,Bridgestone,Automotive & Mobility,Automotive & Mobility,Automotive & Mobility,Automotive & Mobility,Automotive & Mobility,GCC · Africa,GCC · Africa,,Career Page Available,,,2026-07-24,,Official employer careers,A,Official employer career page,Official / curated,82,High,Priority 1,https://careers.bridgestone.com/,"Mobility, manufacturing, sales and supply chain"
company-01490,Employer Career Page,company,Careem,Technology & Mobility,Technology & Mobility,E-commerce & Mobility,E-commerce & Mobility,E-commerce & Mobility,Egypt · GCC,Egypt · GCC,,Career Page Available,,,2026-07-24,,Official employer careers,A,Official employer career page,Official / curated,61,Medium,Priority 1,https://www.careem.com/en-AE/careers,"Mobility, delivery, fintech, product and technology"
company-01757,Employer Career Page,company,Careem,Employer career search,Employer career search,E-commerce & Mobility,E-commerce & Mobility,E-commerce & Mobility,Egypt · GCC,Egypt · GCC,,Career Page Available,,,2026-07-24,,Official employer careers,A,Official employer career page,Official / curated,61,Medium,Priority 1,https://www.careem.com/en-AE/careers,"Mobility, delivery, fintech, product and technology"
company-02111,Employer Career Page,company,Continental,Automotive & Mobility,Automotive & Mobility,Automotive & Mobility,Automotive & Mobility,Automotive & Mobility,GCC · Africa,GCC · Africa,,Career Page Available,,,2026-07-24,,Official employer careers,A,Official employer career page,Official / curated,82,High,Priority 1,https://jobs.continental.com/,"Automotive, software, manufacturing, data and engineering"
company-02112,Employer Career Page,company,Ford Motor Company,Automotive & Mobility,Automotive & Mobility,Automotive & Mobility,Automotive & Mobility,Automotive & Mobility,GCC · Africa,GCC · Africa,,Career Page Available,,,2026-07-24,,Official employer careers,A,Official employer career page,Official / curated,82,High,Priority 1,https://corporate.ford.com/careers.html,"Automotive, manufacturing, digital, data and mobility"
company-01404,Employer Career Page,company,GB Corp,Automotive & Mobility,Automotive & Mobility,Automotive & Mobility,Automotive & Mobility,Automotive & Mobility,Egypt · Africa,Egypt · Africa,,Career Page Available,,,2026-07-24,,Official employer careers,A,Official employer career page,Official / curated,61,Medium,Priority 1,https://gb-corporation.com/careers/,"Automotive, mobility, finance, manufacturing and distribution"
company-01856,Employer Career Page,company,GB Corp,Employer career search,Employer career search,Automotive & Mobility,Automotive & Mobility,Automotive & Mobility,Egypt · Africa,Egypt · Africa,,Career Page Available,,,2026-07-24,,Official employer careers,A,Official employer career page,Official / curated,61,Medium,Priority 1,https://gb-corporation.com/careers/,"Automotive, mobility, finance, manufacturing and distribution"
company-02113,Employer Career Page,company,GB Corp,Automotive & Mobility,Automotive & Mobility,Automotive & Mobility,Automotive & Mobility,Automotive & Mobility,Egypt · Africa,Egypt · Africa,,Career Page Available,,,2026-07-24,,Official employer careers,A,Official employer career page,Official / curated,61,Medium,Priority 1,https://gb-corporation.com/careers/,"Automotive, mobility, finance, manufacturing and distribution"
company-02114,Employer Career Page,company,General Motors,Automotive & Mobility,Automotive & Mobility,Automotive & Mobility,Automotive & Mobility,Automotive & Mobility,Egypt · GCC · Africa,Egypt · GCC · Africa,,Career Page Available,,,2026-07-24,,Official employer careers,A,Official employer career page,Official / curated,82,High,Priority 1,https://search-careers.gm.com/,"Automotive, manufacturing, software, data and supply chain"
company-02115,Employer Career Page,company,Hyundai Motor Company,Automotive & Mobility,Automotive & Mobility,Automotive & Mobility,Automotive & Mobility,Automotive & Mobility,Egypt · GCC · Africa,Egypt · GCC · Africa,,Career Page Available,,,2026-07-24,,Official employer careers,A,Official employer career page,Official / curated,82,High,Priority 1,https://talent.hyundai.com/,"Automotive, mobility, engineering and technology"
company-02116,Employer Career Page,company,Kia Corporation,Automotive & Mobility,Automotive & Mobility,Automotive & Mobility,Automotive & Mobility,Automotive & Mobility,Egypt · GCC · Africa,Egypt · GCC · Africa,,Career Page Available,,,2026-07-24,,Official employer careers,A,Official employer career page,Official / curated,82,High,Priority 1,https://career.kia.com/,"Automotive, mobility, engineering and corporate functions"
company-02117,Employer Career Page,company,MAN Truck & Bus,Automotive & Mobility,Automotive & Mobility,Automotive & Mobility,Automotive & Mobility,Automotive & Mobility,GCC · Africa,GCC · Africa,,Career Page Available,,,2026-07-24,,Official employer careers,A,Official employer career page,Official / curated,82,High,Priority 1,https://www.man.eu/corporate/en/career/career.html,"Commercial vehicles, engineering, services and technology"
company-02118,Employer Career Page,company,Mercedes-Benz Group,Automotive & Mobility,Automotive & Mobility,Automotive & Mobility,Automotive & Mobility,Automotive & Mobility,Egypt · GCC · Africa,Egypt · GCC · Africa,,Career Page Available,,,2026-07-24,,Official employer careers,A,Official employer career page,Official / curated,82,High,Priority 1,https://group.mercedes-benz.com/careers/,"Automotive, mobility, digital, data, aftersales and corporate technology"
company-02119,Employer Career Page,company,Michelin,Automotive & Mobility,Automotive & Mobility,Automotive & Mobility,Automotive & Mobility,Automotive & Mobility,Egypt · GCC · Africa,Egypt · GCC · Africa,,Career Page Available,,,2026-07-24,,Official employer careers,A,Official employer career page,Official / curated,82,High,Priority 1,https://jobs.michelinman.com/,"Mobility, manufacturing, supply chain and digital"
company-02120,Employer Career Page,company,Nissan Motor Corporation,Automotive & Mobility,Automotive & Mobility,Automotive & Mobility,Automotive & Mobility,Automotive & Mobility,Egypt · GCC · Africa,Egypt · GCC · Africa,,Career Page Available,,,2026-07-24,,Official employer careers,A,Official employer career page,Official / curated,82,High,Priority 1,https://www.nissanmotor.jobs/,"Automotive, manufacturing, digital, engineering and supply chain"
company-00242,Employer Career Page,organization,Nokia,Telecom & Digital Infrastructure,Telecom & Digital Infrastructure,Technology & Telecom,Technology & Telecom,Technology & Telecom,Egypt · GCC · Africa,Egypt · GCC · Africa,,Career Page Available,,,2026-07-24,,Official employer careers,A,Official employer career page,Official / curated,53,Low,Priority 1,https://www.nokia.com/about-us/careers/,"Telecom, cloud, networks, software and services"
company-00445,Employer Career Page,organization,Nokia,Career and project search,Career and project search,Technology & Telecom,Technology & Telecom,Technology & Telecom,Egypt · GCC · Africa,Egypt · GCC · Africa,,Career Page Available,,,2026-07-24,,Official employer careers,A,Official employer career page,Official / curated,53,Low,Priority 1,https://www.nokia.com/about-us/careers/,"Telecom, cloud, networks, software and services"
company-02121,Employer Career Page,company,Scania,Automotive & Mobility,Automotive & Mobility,Automotive & Mobility,Automotive & Mobility,Automotive & Mobility,GCC · Africa,GCC · Africa,,Career Page Available,,,2026-07-24,,Official employer careers,A,Official employer career page,Official / curated,82,High,Priority 1,https://www.scania.com/group/en/home/career.html,"Commercial transport, engineering, digital and services"
company-02122,Employer Career Page,company,Stellantis,Automotive & Mobility,Automotive & Mobility,Automotive & Mobility,Automotive & Mobility,Automotive & Mobility,Egypt · GCC · Africa,Egypt · GCC · Africa,,Career Page Available,,,2026-07-24,,Official employer careers,A,Official employer career page,Official / curated,82,High,Priority 1,https://careers.stellantis.com/,"Automotive, software, manufacturing, supply chain and digital"
company-02123,Employer Career Page,company,Toyota Motor Corporation,Automotive & Mobility,Automotive & Mobility,Automotive & Mobility,Automotive & Mobility,Automotive & Mobility,Egypt · GCC · Africa,Egypt · GCC · Africa,,Career Page Available,,,2026-07-24,,Official employer careers,A,Official employer career page,Official / curated,82,High,Priority 1,https://www.toyota-global.com/company/profile/careers/,"Automotive, manufacturing, mobility, supply chain and technology"
company-02193,Employer Career Page,company,Uber,Mobility & Technology,Mobility & Technology,Mobility & Technology,Mobility & Technology,Mobility & Technology,Egypt · GCC · Africa,Egypt · GCC · Africa,,Career Page Available,,,2026-07-24,,Official employer careers,A,Official employer career page,Official / curated,82,High,Priority 1,https://www.uber.com/us/en/careers/,"Mobility, operations, product, data and technology"
company-02124,Employer Career Page,company,Valeo,Automotive & Mobility,Automotive & Mobility,Automotive & Mobility,Automotive & Mobility,Automotive & Mobility,Egypt · Africa,Egypt · Africa,,Career Page Available,,,2026-07-24,,Official employer careers,A,Official employer career page,Official / curated,82,High,Priority 1,https://www.valeo.com/en/careers/,"Automotive software, engineering, R&D and digital mobility"
company-02125,Employer Career Page,company,Volkswagen Group,Automotive & Mobility,Automotive & Mobility,Automotive & Mobility,Automotive & Mobility,Automotive & Mobility,Egypt · GCC · Africa,Egypt · GCC · Africa,,Career Page Available,,,2026-07-24,,Official employer careers,A,Official employer career page,Official / curated,82,High,Priority 1,https://www.volkswagen-group.com/en/careers-16011,"Automotive, mobility, software, data and manufacturing"
company-02126,Employer Career Page,company,Volvo Group,Automotive & Mobility,Automotive & Mobility,Automotive & Mobility,Automotive & Mobility,Automotive & Mobility,GCC · Africa,GCC · Africa,,Career Page Available,,,2026-07-24,,Official employer careers,A,Official employer career page,Official / curated,82,High,Priority 1,https://www.volvogroup.com/en/careers.html,"Commercial vehicles, logistics, engineering, IT and digital"
company-01865,Employer Career Page,company,Abdul Latif Jameel,Employer career search,Employer career search,Energy & Industrial,Energy & Industrial,Automotive & Mobility,Global / Regional,Multiple,,Career Page Available,,,2026-07-20,,,B,Recognized job platform,Platform,61,Medium,Directory,https://www.linkedin.com/jobs/search/?keywords=Abdul+Latif+Jameel&sortBy=DD,"Search current technology, transformation, architecture, programme and data roles."
company-00513,Employer Career Page,organization,Abu Dhabi Digital Authority,Career and project search,Career and project search,Telecom & Digital Infrastructure,Telecom & Digital Infrastructure,Automotive & Mobility,Global,Multiple,,Career Page Available,,,2026-07-20,,,C,Search discovery link,Search link,52,Low,Directory,https://www.google.com/search?q=%22Abu+Dhabi+Digital+Authority%22+careers+jobs+digital+transformation+ICT,"Search current jobs, consulting assignments, tenders and technology programmes."
company-01724,Employer Career Page,company,Access Bank,Employer career search,Employer career search,Banking & FinTech,Banking & FinTech,Automotive & Mobility,Global / Regional,Multiple,,Career Page Available,,,2026-07-20,,,B,Recognized job platform,Platform,62,Medium,Directory,https://www.linkedin.com/jobs/search/?keywords=Access+Bank&sortBy=DD,"Search current technology, transformation, architecture, programme and data roles."
company-00551,Employer Career Page,organization,Addis Ababa University,Career and project search,Career and project search,Universities & Research,Universities & Research,Automotive & Mobility,Global,Multiple,,Career Page Available,,,2026-07-20,,,C,Search discovery link,Search link,52,Low,Directory,https://www.google.com/search?q=%22Addis+Ababa+University%22+careers+jobs+digital+transformation+ICT,"Search current jobs, consulting assignments, tenders and technology programmes."
company-00552,Employer Career Page,organization,African Institute for Mathematical Sciences,Career and project search,Career and project search,Universities & Research,Universities & Research,Automotive & Mobility,Global,Multiple,,Career Page Available,,,2026-07-20,,,C,Search discovery link,Search link,52,Low,Directory,https://www.google.com/search?q=%22African+Institute+for+Mathematical+Sciences%22+careers+jobs+digital+transformation+ICT,"Search current jobs, consulting assignments, tenders and technology programmes."
company-00338,Employer Career Page,organization,African Union Commission,Career and project search,Career and project search,UN & Multilateral,UN & Multilateral,Automotive & Mobility,Global,Multiple,,Career Page Available,,,2026-07-20,,,C,Search discovery link,Search link,52,Low,Directory,https://www.google.com/search?q=%22African+Union+Commission%22+careers+jobs+digital+transformation+ICT,"Search current jobs, consulting assignments, tenders and technology programmes."
company-00264,Employer Career Page,organization,AfricaRice,"Research, Foundations & Policy","Research, Foundations & Policy","Research, Foundations & Policy","Research, Foundations & Policy",Automotive & Mobility,Africa,"Abidjan, Côte d’Ivoire",,Career Page Available,,,2026-07-20,,,B,Direct organization or specialist source,Direct,52,Low,Directory,https://www.africarice.org/jobs,Digital Strategy | Research Systems | Data Platforms | Technology Programme | Knowledge Systems
company-00526,Employer Career Page,organization,Ain Shams University,Career and project search,Career and project search,Universities & Research,Universities & Research,Automotive & Mobility,Global,Multiple,,Career Page Available,,,2026-07-20,,,C,Search discovery link,Search link,52,Low,Directory,https://www.google.com/search?q=%22Ain+Shams+University%22+careers+jobs+digital+transformation+ICT,"Search current jobs, consulting assignments, tenders and technology programmes."
company-01787,Employer Career Page,company,Airtel Kenya,Employer career search,Employer career search,Technology & Telecom,Technology & Telecom,Automotive & Mobility,Global / Regional,Multiple,,Career Page Available,,,2026-07-20,,,B,Recognized job platform,Platform,61,Medium,Directory,https://www.linkedin.com/jobs/search/?keywords=Airtel+Kenya&sortBy=DD,"Search current technology, transformation, architecture, programme and data roles."
company-01868,Employer Career Page,company,Al Ghurair,Employer career search,Employer career search,Energy & Industrial,Energy & Industrial,Automotive & Mobility,Global / Regional,Multiple,,Career Page Available,,,2026-07-20,,,B,Recognized job platform,Platform,61,Medium,Directory,https://www.linkedin.com/jobs/search/?keywords=Al+Ghurair&sortBy=DD,"Search current technology, transformation, architecture, programme and data roles."
company-01800,Employer Career Page,company,Altron,Employer career search,Employer career search,Technology & Telecom,Technology & Telecom,Automotive & Mobility,Global / Regional,Multiple,,Career Page Available,,,2026-07-20,,,B,Recognized job platform,Platform,61,Medium,Directory,https://www.linkedin.com/jobs/search/?keywords=Altron&sortBy=DD,"Search current technology, transformation, architecture, programme and data roles."
company-00489,Employer Career Page,organization,American Tower Africa,Career and project search,Career and project search,Telecom & Digital Infrastructure,Telecom & Digital Infrastructure,Automotive & Mobility,Global,Multiple,,Career Page Available,,,2026-07-20,,,C,Search discovery link,Search link,52,Low,Directory,https://www.google.com/search?q=%22American+Tower+Africa%22+careers+jobs+digital+transformation+ICT,"Search current jobs, consulting assignments, tenders and technology programmes."
company-00524,Employer Career Page,organization,American University in Cairo,Career and project search,Career and project search,Universities & Research,Universities & Research,Automotive & Mobility,Global,Multiple,,Career Page Available,,,2026-07-20,,,C,Search discovery link,Search link,52,Low,Directory,https://www.google.com/search?q=%22American+University+in+Cairo%22+careers+jobs+digital+transformation+ICT,"Search current jobs, consulting assignments, tenders and technology programmes."
company-00546,Employer Career Page,organization,American University of Beirut,Career and project search,Career and project search,Universities & Research,Universities & Research,Automotive & Mobility,Global,Multiple,,Career Page Available,,,2026-07-20,,,C,Search discovery link,Search link,52,Low,Directory,https://www.google.com/search?q=%22American+University+of+Beirut%22+careers+jobs+digital+transformation+ICT,"Search current jobs, consulting assignments, tenders and technology programmes."
company-01853,Employer Career Page,company,Arab Contractors,Employer career search,Employer career search,Energy & Industrial,Energy & Industrial,Automotive & Mobility,Global / Regional,Multiple,,Career Page Available,,,2026-07-20,,,B,Recognized job platform,Platform,64,Medium,Directory,https://www.linkedin.com/jobs/search/?keywords=Arab+Contractors&sortBy=DD,"Search current technology, transformation, architecture, programme and data roles."
company-00336,Employer Career Page,organization,Arab Fund for Economic and Social Development,Career and project search,Career and project search,UN & Multilateral,UN & Multilateral,Automotive & Mobility,Global,Multiple,,Career Page Available,,,2026-07-20,,,C,Search discovery link,Search link,52,Low,Directory,https://www.google.com/search?q=%22Arab+Fund+for+Economic+and+Social+Development%22+careers+jobs+digital+transformation+ICT,"Search current jobs, consulting assignments, tenders and technology programmes."
company-00335,Employer Career Page,organization,Arab Monetary Fund,Career and project search,Career and project search,UN & Multilateral,UN & Multilateral,Automotive & Mobility,Global,Multiple,,Career Page Available,,,2026-07-20,,,C,Search discovery link,Search link,52,Low,Directory,https://www.google.com/search?q=%22Arab+Monetary+Fund%22+careers+jobs+digital+transformation+ICT,"Search current jobs, consulting assignments, tenders and technology programmes."
company-01674,Employer Career Page,company,Arab National Bank,Employer career search,Employer career search,Banking & FinTech,Banking & FinTech,Automotive & Mobility,Global / Regional,Multiple,,Career Page Available,,,2026-07-20,,,B,Recognized job platform,Platform,62,Medium,Directory,https://www.linkedin.com/jobs/search/?keywords=Arab+National+Bank&sortBy=DD,"Search current technology, transformation, architecture, programme and data roles."
company-01809,Employer Career Page,company,Aramco,Employer career search,Employer career search,Energy & Industrial,Energy & Industrial,Automotive & Mobility,Global / Regional,Multiple,,Career Page Available,,,2026-07-20,,,B,Recognized job platform,Platform,61,Medium,Directory,https://www.linkedin.com/jobs/search/?keywords=Aramco&sortBy=DD,"Search current technology, transformation, architecture, programme and data roles."
company-00511,Employer Career Page,organization,Aramco Digital,Career and project search,Career and project search,Telecom & Digital Infrastructure,Telecom & Digital Infrastructure,Automotive & Mobility,Global,Multiple,,Career Page Available,,,2026-07-20,,,C,Search discovery link,Search link,52,Low,Directory,https://www.google.com/search?q=%22Aramco+Digital%22+careers+jobs+digital+transformation+ICT,"Search current jobs, consulting assignments, tenders and technology programmes."
company-00544,Employer Career Page,organization,Ashesi University,Career and project search,Career and project search,Universities & Research,Universities & Research,Automotive & Mobility,Global,Multiple,,Career Page Available,,,2026-07-20,,,C,Search discovery link,Search link,52,Low,Directory,https://www.google.com/search?q=%22Ashesi+University%22+careers+jobs+digital+transformation+ICT,"Search current jobs, consulting assignments, tenders and technology programmes."
company-01709,Employer Career Page,company,Bahrain Islamic Bank,Employer career search,Employer career search,Banking & FinTech,Banking & FinTech,Automotive & Mobility,Global / Regional,Multiple,,Career Page Available,,,2026-07-20,,,B,Recognized job platform,Platform,62,Medium,Directory,https://www.linkedin.com/jobs/search/?keywords=Bahrain+Islamic+Bank&sortBy=DD,"Search current technology, transformation, architecture, programme and data roles."
company-01773,Employer Career Page,company,Bahrain Network BNET,Employer career search,Employer career search,Technology & Telecom,Technology & Telecom,Automotive & Mobility,Global / Regional,Multiple,,Career Page Available,,,2026-07-20,,,B,Recognized job platform,Platform,61,Medium,Directory,https://www.linkedin.com/jobs/search/?keywords=Bahrain+Network+BNET&sortBy=DD,"Search current technology, transformation, architecture, programme and data roles."
company-01711,Employer Career Page,company,Bank al Etihad,Employer career search,Employer career search,Banking & FinTech,Banking & FinTech,Automotive & Mobility,Global / Regional,Multiple,,Career Page Available,,,2026-07-20,,,B,Recognized job platform,Platform,62,Medium,Directory,https://www.linkedin.com/jobs/search/?keywords=Bank+al+Etihad&sortBy=DD,"Search current technology, transformation, architecture, programme and data roles."
company-01675,Employer Career Page,company,Bank AlJazira,Employer career search,Employer career search,Banking & FinTech,Banking & FinTech,Automotive & Mobility,Global / Regional,Multiple,,Career Page Available,,,2026-07-20,,,B,Recognized job platform,Platform,62,Medium,Directory,https://www.linkedin.com/jobs/search/?keywords=Bank+AlJazira&sortBy=DD,"Search current technology, transformation, architecture, programme and data roles."
company-01755,Employer Career Page,company,Bayanat,Employer career search,Employer career search,Technology & Telecom,Technology & Telecom,Automotive & Mobility,Global / Regional,Multiple,,Career Page Available,,,2026-07-20,,,B,Recognized job platform,Platform,61,Medium,Directory,https://www.linkedin.com/jobs/search/?keywords=Bayanat&sortBy=DD,"Search current technology, transformation, architecture, programme and data roles."
company-01763,Employer Career Page,company,Bayut,Employer career search,Employer career search,Technology & Telecom,Technology & Telecom,Automotive & Mobility,Global / Regional,Multiple,,Career Page Available,,,2026-07-20,,,B,Recognized job platform,Platform,61,Medium,Directory,https://www.linkedin.com/jobs/search/?keywords=Bayut&sortBy=DD,"Search current technology, transformation, architecture, programme and data roles."
company-01742,Employer Career Page,company,Benya Group,Employer career search,Employer career search,Technology & Telecom,Technology & Telecom,Automotive & Mobility,Global / Regional,Multiple,,Career Page Available,,,2026-07-20,,,B,Recognized job platform,Platform,61,Medium,Directory,https://www.linkedin.com/jobs/search/?keywords=Benya+Group&sortBy=DD,"Search current technology, transformation, architecture, programme and data roles."
company-00516,Employer Career Page,organization,Benya Systems,Career and project search,Career and project search,Telecom & Digital Infrastructure,Telecom & Digital Infrastructure,Automotive & Mobility,Global,Multiple,,Career Page Available,,,2026-07-20,,,C,Search discovery link,Search link,52,Low,Directory,https://www.google.com/search?q=%22Benya+Systems%22+careers+jobs+digital+transformation+ICT,"Search current jobs, consulting assignments, tenders and technology programmes."
company-01858,Employer Career Page,company,Beyti,Employer career search,Employer career search,Energy & Industrial,Energy & Industrial,Automotive & Mobility,Global / Regional,Multiple,,Career Page Available,,,2026-07-20,,,B,Recognized job platform,Platform,61,Medium,Directory,https://www.linkedin.com/jobs/search/?keywords=Beyti&sortBy=DD,"Search current technology, transformation, architecture, programme and data roles."
company-01716,Employer Career Page,company,BMCI,Employer career search,Employer career search,Banking & FinTech,Banking & FinTech,Automotive & Mobility,Global / Regional,Multiple,,Career Page Available,,,2026-07-20,,,B,Recognized job platform,Platform,62,Medium,Directory,https://www.linkedin.com/jobs/search/?keywords=BMCI&sortBy=DD,"Search current technology, transformation, architecture, programme and data roles."
company-01827,Employer Career Page,company,Borouge,Employer career search,Employer career search,Energy & Industrial,Energy & Industrial,Automotive & Mobility,Global / Regional,Multiple,,Career Page Available,,,2026-07-20,,,B,Recognized job platform,Platform,61,Medium,Directory,https://www.linkedin.com/jobs/search/?keywords=Borouge&sortBy=DD,"Search current technology, transformation, architecture, programme and data roles."
company-01703,Employer Career Page,company,Boubyan Bank,Employer career search,Employer career search,Banking & FinTech,Banking & FinTech,Automotive & Mobility,Global / Regional,Multiple,,Career Page Available,,,2026-07-20,,,B,Recognized job platform,Platform,62,Medium,Directory,https://www.linkedin.com/jobs/search/?keywords=Boubyan+Bank&sortBy=DD,"Search current technology, transformation, architecture, programme and data roles."
company-00378,Employer Career Page,organization,BRAC International,Career and project search,Career and project search,International NGOs,International NGOs,Automotive & Mobility,Global,Multiple,,Career Page Available,,,2026-07-20,,,C,Search discovery link,Search link,20,Low,Directory,https://www.google.com/search?q=%22BRAC+International%22+careers+jobs+digital+transformation+ICT,"Search current jobs, consulting assignments, tenders and technology programmes."
company-00397,Employer Career Page,organization,British Council,Career and project search,Career and project search,International NGOs,International NGOs,Automotive & Mobility,Global,Multiple,,Career Page Available,,,2026-07-20,,,C,Search discovery link,Search link,20,Low,Directory,https://www.google.com/search?q=%22British+Council%22+careers+jobs+digital+transformation+ICT,"Search current jobs, consulting assignments, tenders and technology programmes."
company-01890,Employer Career Page,company,BUA Group,Employer career search,Employer career search,Energy & Industrial,Energy & Industrial,Automotive & Mobility,Global / Regional,Multiple,,Career Page Available,,,2026-07-20,,,B,Recognized job platform,Platform,61,Medium,Directory,https://www.linkedin.com/jobs/search/?keywords=BUA+Group&sortBy=DD,"Search current technology, transformation, architecture, programme and data roles."
company-01702,Employer Career Page,company,Burgan Bank,Employer career search,Employer career search,Banking & FinTech,Banking & FinTech,Automotive & Mobility,Global / Regional,Multiple,,Career Page Available,,,2026-07-20,,,B,Recognized job platform,Platform,62,Medium,Directory,https://www.linkedin.com/jobs/search/?keywords=Burgan+Bank&sortBy=DD,"Search current technology, transformation, architecture, programme and data roles."
company-00525,Employer Career Page,organization,Cairo University,Career and project search,Career and project search,Universities & Research,Universities & Research,Automotive & Mobility,Global,Multiple,,Career Page Available,,,2026-07-20,,,C,Search discovery link,Search link,52,Low,Directory,https://www.google.com/search?q=%22Cairo+University%22+careers+jobs+digital+transformation+ICT,"Search current jobs, consulting assignments, tenders and technology programmes."
company-01712,Employer Career Page,company,Capital Bank Jordan,Employer career search,Employer career search,Banking & FinTech,Banking & FinTech,Automotive & Mobility,Global / Regional,Multiple,,Career Page Available,,,2026-07-20,,,B,Recognized job platform,Platform,64,Medium,Directory,https://www.linkedin.com/jobs/search/?keywords=Capital+Bank+Jordan&sortBy=DD,"Search current technology, transformation, architecture, programme and data roles."
company-01723,Employer Career Page,company,Capitec,Employer career search,Employer career search,Banking & FinTech,Banking & FinTech,Automotive & Mobility,Global / Regional,Multiple,,Career Page Available,,,2026-07-20,,,B,Recognized job platform,Platform,64,Medium,Directory,https://www.linkedin.com/jobs/search/?keywords=Capitec&sortBy=DD,"Search current technology, transformation, architecture, programme and data roles."
company-00067,Employer Career Page,organization,CARE International,International NGOs,International NGOs,International NGOs,International NGOs,Automotive & Mobility,Global,Multiple,,Career Page Available,,,2026-07-20,,,C,Search discovery link,Search link,20,Low,Directory,https://www.care-international.org/jobs,"Search current jobs, consulting assignments, tenders and technology programmes."
company-00353,Employer Career Page,organization,CARE International,Career and project search,Career and project search,International NGOs,International NGOs,Automotive & Mobility,Global,Multiple,,Career Page Available,,,2026-07-20,,,C,Search discovery link,Search link,20,Low,Directory,https://www.google.com/search?q=%22CARE+International%22+careers+jobs+digital+transformation+ICT,"Search current jobs, consulting assignments, tenders and technology programmes."
company-01694,Employer Career Page,company,Careem Pay,Employer career search,Employer career search,Banking & FinTech,Banking & FinTech,Automotive & Mobility,Global / Regional,Multiple,,Career Page Available,,,2026-07-20,,,B,Recognized job platform,Platform,62,Medium,Directory,https://www.linkedin.com/jobs/search/?keywords=Careem+Pay&sortBy=DD,"Search current technology, transformation, architecture, programme and data roles."
company-00272,Employer Career Page,organization,Carnegie Endowment for International Peace,"Research, Foundations & Policy","Research, Foundations & Policy","Research, Foundations & Policy","Research, Foundations & Policy",Automotive & Mobility,Global,"Washington, DC, USA",,Career Page Available,,,2026-07-20,,,B,Direct organization or specialist source,Direct,20,Low,Directory,https://carnegieendowment.org/about/jobs,Digital Strategy | Research Systems | Data Platforms | Technology Programme | Knowledge Systems
company-01796,Employer Career Page,company,Cell C,Employer career search,Employer career search,Technology & Telecom,Technology & Telecom,Automotive & Mobility,Global / Regional,Multiple,,Career Page Available,,,2026-07-20,,,B,Recognized job platform,Platform,61,Medium,Directory,https://www.linkedin.com/jobs/search/?keywords=Cell+C&sortBy=DD,"Search current technology, transformation, architecture, programme and data roles."
company-01737,Employer Career Page,company,Chipper Cash,Employer career search,Employer career search,Banking & FinTech,Banking & FinTech,Automotive & Mobility,Global / Regional,Multiple,,Career Page Available,,,2026-07-20,,,B,Recognized job platform,Platform,62,Medium,Directory,https://www.linkedin.com/jobs/search/?keywords=Chipper+Cash&sortBy=DD,"Search current technology, transformation, architecture, programme and data roles."
company-00341,Employer Career Page,organization,COMESA Secretariat,Career and project search,Career and project search,UN & Multilateral,UN & Multilateral,Automotive & Mobility,Global,Multiple,,Career Page Available,,,2026-07-20,,,C,Search discovery link,Search link,52,Low,Directory,https://www.google.com/search?q=%22COMESA+Secretariat%22+careers+jobs+digital+transformation+ICT,"Search current jobs, consulting assignments, tenders and technology programmes."
company-01690,Employer Career Page,company,Commercial Bank of Dubai,Employer career search,Employer career search,Banking & FinTech,Banking & FinTech,Automotive & Mobility,Global / Regional,Multiple,,Career Page Available,,,2026-07-20,,,B,Recognized job platform,Platform,62,Medium,Directory,https://www.linkedin.com/jobs/search/?keywords=Commercial+Bank+of+Dubai&sortBy=DD,"Search current technology, transformation, architecture, programme and data roles."
company-01651,Employer Career Page,company,Commercial International Bank,Employer career search,Employer career search,Banking & FinTech,Banking & FinTech,Automotive & Mobility,Global / Regional,Multiple,,Career Page Available,,,2026-07-20,,,B,Recognized job platform,Platform,37,Low,Directory,https://www.linkedin.com/jobs/search/?keywords=Commercial+International+Bank&sortBy=DD,"Search current technology, transformation, architecture, programme and data roles."
company-00423,Employer Career Page,organization,Confluent,Career and project search,Career and project search,Technology & Cloud,Technology & Cloud,Automotive & Mobility,Global,Multiple,,Career Page Available,,,2026-07-20,,,C,Search discovery link,Search link,53,Low,Directory,https://www.google.com/search?q=%22Confluent%22+careers+jobs+digital+transformation+ICT,"Search current jobs, consulting assignments, tenders and technology programmes."
company-00505,Employer Career Page,organization,Core42,Career and project search,Career and project search,Telecom & Digital Infrastructure,Telecom & Digital Infrastructure,Automotive & Mobility,Global,Multiple,,Career Page Available,,,2026-07-20,,,C,Search discovery link,Search link,52,Low,Directory,https://www.google.com/search?q=%22Core42%22+careers+jobs+digital+transformation+ICT,"Search current jobs, consulting assignments, tenders and technology programmes."
company-00398,Employer Career Page,organization,DAAD,Career and project search,Career and project search,International NGOs,International NGOs,Automotive & Mobility,Global,Multiple,,Career Page Available,,,2026-07-20,,,C,Search discovery link,Search link,20,Low,Directory,https://www.google.com/search?q=%22DAAD%22+careers+jobs+digital+transformation+ICT,"Search current jobs, consulting assignments, tenders and technology programmes."
company-00365,Employer Career Page,organization,DAI Global,Career and project search,Career and project search,International NGOs,International NGOs,Automotive & Mobility,Global,Multiple,,Career Page Available,,,2026-07-20,,,C,Search discovery link,Search link,20,Low,Directory,https://www.google.com/search?q=%22DAI+Global%22+careers+jobs+digital+transformation+ICT,"Search current jobs, consulting assignments, tenders and technology programmes."
company-01802,Employer Career Page,company,Datacentrix,Employer career search,Employer career search,Technology & Telecom,Technology & Telecom,Automotive & Mobility,Global / Regional,Multiple,,Career Page Available,,,2026-07-20,,,B,Recognized job platform,Platform,61,Medium,Directory,https://www.linkedin.com/jobs/search/?keywords=Datacentrix&sortBy=DD,"Search current technology, transformation, architecture, programme and data roles."
company-00456,Employer Career Page,organization,Deloitte Technology,Career and project search,Career and project search,Technology & Cloud,Technology & Cloud,Automotive & Mobility,Global,Multiple,,Career Page Available,,,2026-07-20,,,C,Search discovery link,Search link,53,Low,Directory,https://www.google.com/search?q=%22Deloitte+Technology%22+careers+jobs+digital+transformation+ICT,"Search current jobs, consulting assignments, tenders and technology programmes."
company-00468,Employer Career Page,organization,Devoteam,Career and project search,Career and project search,Technology & Cloud,Technology & Cloud,Automotive & Mobility,Global,Multiple,,Career Page Available,,,2026-07-20,,,C,Search discovery link,Search link,53,Low,Directory,https://www.google.com/search?q=%22Devoteam%22+careers+jobs+digital+transformation+ICT,"Search current jobs, consulting assignments, tenders and technology programmes."
company-01828,Employer Career Page,company,DEWA,Employer career search,Employer career search,Energy & Industrial,Energy & Industrial,Automotive & Mobility,Global / Regional,Multiple,,Career Page Available,,,2026-07-20,,,B,Recognized job platform,Platform,61,Medium,Directory,https://www.linkedin.com/jobs/search/?keywords=DEWA&sortBy=DD,"Search current technology, transformation, architecture, programme and data roles."
company-00512,Employer Career Page,organization,Digital Dubai,Career and project search,Career and project search,Telecom & Digital Infrastructure,Telecom & Digital Infrastructure,Automotive & Mobility,Global,Multiple,,Career Page Available,,,2026-07-20,,,C,Search discovery link,Search link,52,Low,Directory,https://www.google.com/search?q=%22Digital+Dubai%22+careers+jobs+digital+transformation+ICT,"Search current jobs, consulting assignments, tenders and technology programmes."
company-01722,Employer Career Page,company,Discovery Bank,Employer career search,Employer career search,Banking & FinTech,Banking & FinTech,Automotive & Mobility,Global / Regional,Multiple,,Career Page Available,,,2026-07-20,,,B,Recognized job platform,Platform,62,Medium,Directory,https://www.linkedin.com/jobs/search/?keywords=Discovery+Bank&sortBy=DD,"Search current technology, transformation, architecture, programme and data roles."
company-01761,Employer Career Page,company,Dubizzle Group,Employer career search,Employer career search,Technology & Telecom,Technology & Telecom,Automotive & Mobility,Global / Regional,Multiple,,Career Page Available,,,2026-07-20,,,B,Recognized job platform,Platform,61,Medium,Directory,https://www.linkedin.com/jobs/search/?keywords=Dubizzle+Group&sortBy=DD,"Search current technology, transformation, architecture, programme and data roles."
company-01745,Employer Career Page,company,DXC Technology Egypt,Employer career search,Employer career search,Technology & Telecom,Technology & Telecom,Automotive & Mobility,Global / Regional,Multiple,,Career Page Available,,,2026-07-20,,,B,Recognized job platform,Platform,61,Medium,Directory,https://www.linkedin.com/jobs/search/?keywords=DXC+Technology+Egypt&sortBy=DD,"Search current technology, transformation, architecture, programme and data roles."
company-00470,Employer Career Page,organization,e& enterprise,Career and project search,Career and project search,Technology & Cloud,Technology & Cloud,Automotive & Mobility,Global,Multiple,,Career Page Available,,,2026-07-20,,,C,Search discovery link,Search link,57,Low,Directory,https://www.google.com/search?q=%22e%26+enterprise%22+careers+jobs+digital+transformation+ICT,"Search current jobs, consulting assignments, tenders and technology programmes."
company-00342,Employer Career Page,organization,East African Community,Career and project search,Career and project search,UN & Multilateral,UN & Multilateral,Automotive & Mobility,Global,Multiple,,Career Page Available,,,2026-07-20,,,C,Search discovery link,Search link,52,Low,Directory,https://www.google.com/search?q=%22East+African+Community%22+careers+jobs+digital+transformation+ICT,"Search current jobs, consulting assignments, tenders and technology programmes."
company-01717,Employer Career Page,company,Ecobank,Employer career search,Employer career search,Banking & FinTech,Banking & FinTech,Automotive & Mobility,Global / Regional,Multiple,,Career Page Available,,,2026-07-20,,,B,Recognized job platform,Platform,62,Medium,Directory,https://www.linkedin.com/jobs/search/?keywords=Ecobank&sortBy=DD,"Search current technology, transformation, architecture, programme and data roles."
company-00343,Employer Career Page,organization,ECOWAS Commission,Career and project search,Career and project search,UN & Multilateral,UN & Multilateral,Automotive & Mobility,Global,Multiple,,Career Page Available,,,2026-07-20,,,C,Search discovery link,Search link,52,Low,Directory,https://www.google.com/search?q=%22ECOWAS+Commission%22+careers+jobs+digital+transformation+ICT,"Search current jobs, consulting assignments, tenders and technology programmes."
company-01661,Employer Career Page,company,eFinance,Employer career search,Employer career search,Banking & FinTech,Banking & FinTech,Automotive & Mobility,Global / Regional,Multiple,,Career Page Available,,,2026-07-20,,,B,Recognized job platform,Platform,62,Medium,Directory,https://www.linkedin.com/jobs/search/?keywords=eFinance&sortBy=DD,"Search current technology, transformation, architecture, programme and data roles."
company-01843,Employer Career Page,company,Egyptian General Petroleum Corporation,Employer career search,Employer career search,Energy & Industrial,Energy & Industrial,Automotive & Mobility,Global / Regional,Multiple,,Career Page Available,,,2026-07-20,,,B,Recognized job platform,Platform,61,Medium,Directory,https://www.linkedin.com/jobs/search/?keywords=Egyptian+General+Petroleum+Corporation&sortBy=DD,"Search current technology, transformation, architecture, programme and data roles."
company-01826,Employer Career Page,company,Emirates Global Aluminium,Employer career search,Employer career search,Energy & Industrial,Energy & Industrial,Automotive & Mobility,Global / Regional,Multiple,,Career Page Available,,,2026-07-20,,,B,Recognized job platform,Platform,61,Medium,Directory,https://www.linkedin.com/jobs/search/?keywords=Emirates+Global+Aluminium&sortBy=DD,"Search current technology, transformation, architecture, programme and data roles."
company-00400,Employer Career Page,organization,Enabel,Career and project search,Career and project search,International NGOs,International NGOs,Automotive & Mobility,Global,Multiple,,Career Page Available,,,2026-07-20,,,C,Search discovery link,Search link,20,Low,Directory,https://www.google.com/search?q=%22Enabel%22+careers+jobs+digital+transformation+ICT,"Search current jobs, consulting assignments, tenders and technology programmes."
company-00465,Employer Career Page,organization,Endava,Career and project search,Career and project search,Technology & Cloud,Technology & Cloud,Automotive & Mobility,Global,Multiple,,Career Page Available,,,2026-07-20,,,C,Search discovery link,Search link,53,Low,Directory,https://www.google.com/search?q=%22Endava%22+careers+jobs+digital+transformation+ICT,"Search current jobs, consulting assignments, tenders and technology programmes."
company-01801,Employer Career Page,company,EOH,Employer career search,Employer career search,Technology & Telecom,Technology & Telecom,Automotive & Mobility,Global / Regional,Multiple,,Career Page Available,,,2026-07-20,,,B,Recognized job platform,Platform,61,Medium,Directory,https://www.linkedin.com/jobs/search/?keywords=EOH&sortBy=DD,"Search current technology, transformation, architecture, programme and data roles."
company-01730,Employer Career Page,company,Equity Group Holdings,Employer career search,Employer career search,Banking & FinTech,Banking & FinTech,Automotive & Mobility,Global / Regional,Multiple,,Career Page Available,,,2026-07-20,,,B,Recognized job platform,Platform,62,Medium,Directory,https://www.linkedin.com/jobs/search/?keywords=Equity+Group+Holdings&sortBy=DD,"Search current technology, transformation, architecture, programme and data roles."
company-01884,Employer Career Page,company,Eskom,Employer career search,Employer career search,Energy & Industrial,Energy & Industrial,Automotive & Mobility,Global / Regional,Multiple,,Career Page Available,,,2026-07-20,,,B,Recognized job platform,Platform,61,Medium,Directory,https://www.linkedin.com/jobs/search/?keywords=Eskom&sortBy=DD,"Search current technology, transformation, architecture, programme and data roles."
company-01881,Employer Career Page,company,Ethiopian Airlines,Employer career search,Employer career search,Energy & Industrial,Energy & Industrial,Automotive & Mobility,Global / Regional,Multiple,,Career Page Available,,,2026-07-20,,,B,Recognized job platform,Platform,61,Medium,Directory,https://www.linkedin.com/jobs/search/?keywords=Ethiopian+Airlines&sortBy=DD,"Search current technology, transformation, architecture, programme and data roles."
company-01829,Employer Career Page,company,EWEC,Employer career search,Employer career search,Energy & Industrial,Energy & Industrial,Automotive & Mobility,Global / Regional,Multiple,,Career Page Available,,,2026-07-20,,,B,Recognized job platform,Platform,61,Medium,Directory,https://www.linkedin.com/jobs/search/?keywords=EWEC&sortBy=DD,"Search current technology, transformation, architecture, programme and data roles."
company-00399,Employer Career Page,organization,Expertise France,Career and project search,Career and project search,International NGOs,International NGOs,Automotive & Mobility,Global,Multiple,,Career Page Available,,,2026-07-20,,,C,Search discovery link,Search link,20,Low,Directory,https://www.google.com/search?q=%22Expertise+France%22+careers+jobs+digital+transformation+ICT,"Search current jobs, consulting assignments, tenders and technology programmes."
company-00457,Employer Career Page,organization,EY Technology Consulting,Career and project search,Career and project search,Technology & Cloud,Technology & Cloud,Automotive & Mobility,Global,Multiple,,Career Page Available,,,2026-07-20,,,C,Search discovery link,Search link,53,Low,Directory,https://www.google.com/search?q=%22EY+Technology+Consulting%22+careers+jobs+digital+transformation+ICT,"Search current jobs, consulting assignments, tenders and technology programmes."
company-01850,Employer Career Page,company,Ezz Steel,Employer career search,Employer career search,Energy & Industrial,Energy & Industrial,Automotive & Mobility,Global / Regional,Multiple,,Career Page Available,,,2026-07-20,,,B,Recognized job platform,Platform,61,Medium,Directory,https://www.linkedin.com/jobs/search/?keywords=Ezz+Steel&sortBy=DD,"Search current technology, transformation, architecture, programme and data roles."
company-01728,Employer Career Page,company,First Bank of Nigeria,Employer career search,Employer career search,Banking & FinTech,Banking & FinTech,Automotive & Mobility,Global / Regional,Multiple,,Career Page Available,,,2026-07-20,,,B,Recognized job platform,Platform,62,Medium,Directory,https://www.linkedin.com/jobs/search/?keywords=First+Bank+of+Nigeria&sortBy=DD,"Search current technology, transformation, architecture, programme and data roles."
company-01683,Employer Career Page,company,Foodics,Employer career search,Employer career search,Banking & FinTech,Banking & FinTech,Automotive & Mobility,Global / Regional,Multiple,,Career Page Available,,,2026-07-20,,,B,Recognized job platform,Platform,62,Medium,Directory,https://www.linkedin.com/jobs/search/?keywords=Foodics&sortBy=DD,"Search current technology, transformation, architecture, programme and data roles."
company-01769,Employer Career Page,company,GBM Qatar,Employer career search,Employer career search,Technology & Telecom,Technology & Telecom,Automotive & Mobility,Global / Regional,Multiple,,Career Page Available,,,2026-07-20,,,B,Recognized job platform,Platform,61,Medium,Directory,https://www.linkedin.com/jobs/search/?keywords=GBM+Qatar&sortBy=DD,"Search current technology, transformation, architecture, programme and data roles."
company-00346,Employer Career Page,organization,GCC Secretariat,Career and project search,Career and project search,UN & Multilateral,UN & Multilateral,Automotive & Mobility,Global,Multiple,,Career Page Available,,,2026-07-20,,,C,Search discovery link,Search link,52,Low,Directory,https://www.google.com/search?q=%22GCC+Secretariat%22+careers+jobs+digital+transformation+ICT,"Search current jobs, consulting assignments, tenders and technology programmes."
company-01805,Employer Career Page,company,Gebeya,Employer career search,Employer career search,Technology & Telecom,Technology & Telecom,Automotive & Mobility,Global / Regional,Multiple,,Career Page Available,,,2026-07-20,,,B,Recognized job platform,Platform,61,Medium,Directory,https://www.linkedin.com/jobs/search/?keywords=Gebeya&sortBy=DD,"Search current technology, transformation, architecture, programme and data roles."
company-01682,Employer Career Page,company,Geidea,Employer career search,Employer career search,Banking & FinTech,Banking & FinTech,Automotive & Mobility,Global / Regional,Multiple,,Career Page Available,,,2026-07-20,,,B,Recognized job platform,Platform,62,Medium,Directory,https://www.linkedin.com/jobs/search/?keywords=Geidea&sortBy=DD,"Search current technology, transformation, architecture, programme and data roles."
company-01406,Employer Career Page,company,General Motors Egypt,Automotive,Automotive,Manufacturing & Industrial,Manufacturing & Industrial,Automotive & Mobility,Egypt,Egypt,,Career Page Available,,,2026-07-20,,,B,Direct organization or specialist source,Direct,53,Low,Directory,https://search-careers.gm.com/,
company-00547,Employer Career Page,organization,German Jordanian University,Career and project search,Career and project search,Universities & Research,Universities & Research,Automotive & Mobility,Global,Multiple,,Career Page Available,,,2026-07-20,,,C,Search discovery link,Search link,52,Low,Directory,https://www.google.com/search?q=%22German+Jordanian+University%22+careers+jobs+digital+transformation+ICT,"Search current jobs, consulting assignments, tenders and technology programmes."
company-00396,Employer Career Page,organization,GIZ,Career and project search,Career and project search,International NGOs,International NGOs,Automotive & Mobility,Global,Multiple,,Career Page Available,,,2026-07-20,,,C,Search discovery link,Search link,20,Low,Directory,https://www.google.com/search?q=%22GIZ%22+careers+jobs+digital+transformation+ICT,"Search current jobs, consulting assignments, tenders and technology programmes."
company-00391,Employer Career Page,organization,Global Communities,Career and project search,Career and project search,International NGOs,International NGOs,Automotive & Mobility,Global,Multiple,,Career Page Available,,,2026-07-20,,,C,Search discovery link,Search link,20,Low,Directory,https://www.google.com/search?q=%22Global+Communities%22+careers+jobs+digital+transformation+ICT,"Search current jobs, consulting assignments, tenders and technology programmes."
company-00462,Employer Career Page,organization,Globant,Career and project search,Career and project search,Technology & Cloud,Technology & Cloud,Automotive & Mobility,Global,Multiple,,Career Page Available,,,2026-07-20,,,C,Search discovery link,Search link,53,Low,Directory,https://www.google.com/search?q=%22Globant%22+careers+jobs+digital+transformation+ICT,"Search current jobs, consulting assignments, tenders and technology programmes."
company-01725,Employer Career Page,company,Guaranty Trust Holding Company,Employer career search,Employer career search,Banking & FinTech,Banking & FinTech,Automotive & Mobility,Global / Regional,Multiple,,Career Page Available,,,2026-07-20,,,B,Recognized job platform,Platform,62,Medium,Directory,https://www.linkedin.com/jobs/search/?keywords=Guaranty+Trust+Holding+Company&sortBy=DD,"Search current technology, transformation, architecture, programme and data roles."
company-00496,Employer Career Page,organization,Gulf Business Machines,Career and project search,Career and project search,Telecom & Digital Infrastructure,Telecom & Digital Infrastructure,Automotive & Mobility,Global,Multiple,,Career Page Available,,,2026-07-20,,,C,Search discovery link,Search link,52,Low,Directory,https://www.google.com/search?q=%22Gulf+Business+Machines%22+careers+jobs+digital+transformation+ICT,"Search current jobs, consulting assignments, tenders and technology programmes."
company-00533,Employer Career Page,organization,Hamad Bin Khalifa University,Career and project search,Career and project search,Universities & Research,Universities & Research,Automotive & Mobility,Global,Multiple,,Career Page Available,,,2026-07-20,,,C,Search discovery link,Search link,52,Low,Directory,https://www.google.com/search?q=%22Hamad+Bin+Khalifa+University%22+careers+jobs+digital+transformation+ICT,"Search current jobs, consulting assignments, tenders and technology programmes."
company-01888,Employer Career Page,company,Harmony Gold,Employer career search,Employer career search,Energy & Industrial,Energy & Industrial,Automotive & Mobility,Global / Regional,Multiple,,Career Page Available,,,2026-07-20,,,B,Recognized job platform,Platform,61,Medium,Directory,https://www.linkedin.com/jobs/search/?keywords=Harmony+Gold&sortBy=DD,"Search current technology, transformation, architecture, programme and data roles."
company-00384,Employer Career Page,organization,Helen Keller Intl,Career and project search,Career and project search,International NGOs,International NGOs,Automotive & Mobility,Global,Multiple,,Career Page Available,,,2026-07-20,,,C,Search discovery link,Search link,20,Low,Directory,https://www.google.com/search?q=%22Helen+Keller+Intl%22+careers+jobs+digital+transformation+ICT,"Search current jobs, consulting assignments, tenders and technology programmes."
company-00490,Employer Career Page,organization,Helios Towers,Career and project search,Career and project search,Telecom & Digital Infrastructure,Telecom & Digital Infrastructure,Automotive & Mobility,Global,Multiple,,Career Page Available,,,2026-07-20,,,C,Search discovery link,Search link,52,Low,Directory,https://www.google.com/search?q=%22Helios+Towers%22+careers+jobs+digital+transformation+ICT,"Search current jobs, consulting assignments, tenders and technology programmes."
company-00381,Employer Career Page,organization,ICAP at Columbia University,Career and project search,Career and project search,International NGOs,International NGOs,Automotive & Mobility,Global,Multiple,,Career Page Available,,,2026-07-20,,,C,Search discovery link,Search link,20,Low,Directory,https://www.google.com/search?q=%22ICAP+at+Columbia+University%22+careers+jobs+digital+transformation+ICT,"Search current jobs, consulting assignments, tenders and technology programmes."
company-00263,Employer Career Page,organization,ICARDA,"Research, Foundations & Policy","Research, Foundations & Policy","Research, Foundations & Policy","Research, Foundations & Policy",Automotive & Mobility,Global,"Beirut, Lebanon",,Career Page Available,,,2026-07-20,,,B,Direct organization or specialist source,Direct,53,Low,Directory,https://www.icarda.org/about-us/work-us,Digital Strategy | Research Systems | Data Platforms | Technology Programme | Knowledge Systems
company-00328,Employer Career Page,organization,IFC,Career and project search,Career and project search,UN & Multilateral,UN & Multilateral,Automotive & Mobility,Global,Multiple,,Career Page Available,,,2026-07-20,,,C,Search discovery link,Search link,52,Low,Directory,https://www.google.com/search?q=%22IFC%22+careers+jobs+digital+transformation+ICT,"Search current jobs, consulting assignments, tenders and technology programmes."
company-00309,Employer Career Page,organization,ILO,Career and project search,Career and project search,UN & Multilateral,UN & Multilateral,Automotive & Mobility,Global,Multiple,,Career Page Available,,,2026-07-20,,,C,Search discovery link,Search link,52,Low,Directory,https://www.google.com/search?q=%22ILO%22+careers+jobs+digital+transformation+ICT,"Search current jobs, consulting assignments, tenders and technology programmes."
company-00330,Employer Career Page,organization,IMF,Career and project search,Career and project search,UN & Multilateral,UN & Multilateral,Automotive & Mobility,Global,Multiple,,Career Page Available,,,2026-07-20,,,C,Search discovery link,Search link,52,Low,Directory,https://www.google.com/search?q=%22IMF%22+careers+jobs+digital+transformation+ICT,"Search current jobs, consulting assignments, tenders and technology programmes."
company-01848,Employer Career Page,company,Infinity Power,Employer career search,Employer career search,Energy & Industrial,Energy & Industrial,Automotive & Mobility,Global / Regional,Multiple,,Career Page Available,,,2026-07-20,,,B,Recognized job platform,Platform,61,Medium,Directory,https://www.linkedin.com/jobs/search/?keywords=Infinity+Power&sortBy=DD,"Search current technology, transformation, architecture, programme and data roles."
company-00506,Employer Career Page,organization,Injazat,Career and project search,Career and project search,Telecom & Digital Infrastructure,Telecom & Digital Infrastructure,Automotive & Mobility,Global,Multiple,,Career Page Available,,,2026-07-20,,,C,Search discovery link,Search link,52,Low,Directory,https://www.google.com/search?q=%22Injazat%22+careers+jobs+digital+transformation+ICT,"Search current jobs, consulting assignments, tenders and technology programmes."
company-00349,Employer Career Page,organization,International Atomic Energy Agency,Career and project search,Career and project search,UN & Multilateral,UN & Multilateral,Automotive & Mobility,Global,Multiple,,Career Page Available,,,2026-07-20,,,C,Search discovery link,Search link,20,Low,Directory,https://www.google.com/search?q=%22International+Atomic+Energy+Agency%22+careers+jobs+digital+transformation+ICT,"Search current jobs, consulting assignments, tenders and technology programmes."
company-00347,Employer Career Page,organization,International Telecommunication Union Regional Office for Africa,Career and project search,Career and project search,UN & Multilateral,UN & Multilateral,Automotive & Mobility,Global,Multiple,,Career Page Available,,,2026-07-20,,,C,Search discovery link,Search link,20,Low,Directory,https://www.google.com/search?q=%22International+Telecommunication+Union+Regional+Office+for+Africa%22+careers+jobs+digital+transformation+ICT,"Search current jobs, consulting assignments, tenders and technology programmes."
company-00348,Employer Career Page,organization,International Trade Centre,Career and project search,Career and project search,UN & Multilateral,UN & Multilateral,Automotive & Mobility,Global,Multiple,,Career Page Available,,,2026-07-20,,,C,Search discovery link,Search link,20,Low,Directory,https://www.google.com/search?q=%22International+Trade+Centre%22+careers+jobs+digital+transformation+ICT,"Search current jobs, consulting assignments, tenders and technology programmes."
company-00310,Employer Career Page,organization,IOM,Career and project search,Career and project search,UN & Multilateral,UN & Multilateral,Automotive & Mobility,Global,Multiple,,Career Page Available,,,2026-07-20,,,C,Search discovery link,Search link,52,Low,Directory,https://www.google.com/search?q=%22IOM%22+careers+jobs+digital+transformation+ICT,"Search current jobs, consulting assignments, tenders and technology programmes."
company-00316,Employer Career Page,organization,ITU,Career and project search,Career and project search,UN & Multilateral,UN & Multilateral,Automotive & Mobility,Global,Multiple,,Career Page Available,,,2026-07-20,,,C,Search discovery link,Search link,52,Low,Directory,https://www.google.com/search?q=%22ITU%22+careers+jobs+digital+transformation+ICT,"Search current jobs, consulting assignments, tenders and technology programmes."
company-01878,Employer Career Page,company,Jazeera Airways,Employer career search,Employer career search,Energy & Industrial,Energy & Industrial,Automotive & Mobility,Global / Regional,Multiple,,Career Page Available,,,2026-07-20,,,B,Recognized job platform,Platform,61,Medium,Directory,https://www.linkedin.com/jobs/search/?keywords=Jazeera+Airways&sortBy=DD,"Search current technology, transformation, architecture, programme and data roles."
company-01854,Employer Career Page,company,Juhayna,Employer career search,Employer career search,Energy & Industrial,Energy & Industrial,Automotive & Mobility,Global / Regional,Multiple,,Career Page Available,,,2026-07-20,,,B,Recognized job platform,Platform,61,Medium,Directory,https://www.linkedin.com/jobs/search/?keywords=Juhayna&sortBy=DD,"Search current technology, transformation, architecture, programme and data roles."
company-01894,Employer Career Page,company,KenGen,Employer career search,Employer career search,Energy & Industrial,Energy & Industrial,Automotive & Mobility,Global / Regional,Multiple,,Career Page Available,,,2026-07-20,,,B,Recognized job platform,Platform,61,Medium,Directory,https://www.linkedin.com/jobs/search/?keywords=KenGen&sortBy=DD,"Search current technology, transformation, architecture, programme and data roles."
company-01880,Employer Career Page,company,Kenya Airways,Employer career search,Employer career search,Energy & Industrial,Energy & Industrial,Automotive & Mobility,Global / Regional,Multiple,,Career Page Available,,,2026-07-20,,,B,Recognized job platform,Platform,61,Medium,Directory,https://www.linkedin.com/jobs/search/?keywords=Kenya+Airways&sortBy=DD,"Search current technology, transformation, architecture, programme and data roles."
company-01895,Employer Career Page,company,Kenya Power,Employer career search,Employer career search,Energy & Industrial,Energy & Industrial,Automotive & Mobility,Global / Regional,Multiple,,Career Page Available,,,2026-07-20,,,B,Recognized job platform,Platform,61,Medium,Directory,https://www.linkedin.com/jobs/search/?keywords=Kenya+Power&sortBy=DD,"Search current technology, transformation, architecture, programme and data roles."
company-00535,Employer Career Page,organization,Khalifa University,Career and project search,Career and project search,Universities & Research,Universities & Research,Automotive & Mobility,Global,Multiple,,Career Page Available,,,2026-07-20,,,C,Search discovery link,Search link,52,Low,Directory,https://www.google.com/search?q=%22Khalifa+University%22+careers+jobs+digital+transformation+ICT,"Search current jobs, consulting assignments, tenders and technology programmes."
company-00498,Employer Career Page,organization,Khazna Data Centers,Career and project search,Career and project search,Telecom & Digital Infrastructure,Telecom & Digital Infrastructure,Automotive & Mobility,Global,Multiple,,Career Page Available,,,2026-07-20,,,C,Search discovery link,Search link,53,Low,Directory,https://www.google.com/search?q=%22Khazna+Data+Centers%22+careers+jobs+digital+transformation+ICT,"Search current jobs, consulting assignments, tenders and technology programmes."
company-00529,Employer Career Page,organization,King Abdullah University of Science and Technology,Career and project search,Career and project search,Universities & Research,Universities & Research,Automotive & Mobility,Global,Multiple,,Career Page Available,,,2026-07-20,,,C,Search discovery link,Search link,52,Low,Directory,https://www.google.com/search?q=%22King+Abdullah+University+of+Science+and+Technology%22+careers+jobs+digital+transformation+ICT,"Search current jobs, consulting assignments, tenders and technology programmes."
company-00530,Employer Career Page,organization,King Saud University,Career and project search,Career and project search,Universities & Research,Universities & Research,Automotive & Mobility,Global,Multiple,,Career Page Available,,,2026-07-20,,,C,Search discovery link,Search link,52,Low,Directory,https://www.google.com/search?q=%22King+Saud+University%22+careers+jobs+digital+transformation+ICT,"Search current jobs, consulting assignments, tenders and technology programmes."
company-01760,Employer Career Page,company,Kitopi,Employer career search,Employer career search,Technology & Telecom,Technology & Telecom,Automotive & Mobility,Global / Regional,Multiple,,Career Page Available,,,2026-07-20,,,B,Recognized job platform,Platform,61,Medium,Directory,https://www.linkedin.com/jobs/search/?keywords=Kitopi&sortBy=DD,"Search current technology, transformation, architecture, programme and data roles."
company-01839,Employer Career Page,company,KNPC,Employer career search,Employer career search,Energy & Industrial,Energy & Industrial,Automotive & Mobility,Global / Regional,Multiple,,Career Page Available,,,2026-07-20,,,B,Recognized job platform,Platform,61,Medium,Directory,https://www.linkedin.com/jobs/search/?keywords=KNPC&sortBy=DD,"Search current technology, transformation, architecture, programme and data roles."
company-01896,Employer Career Page,company,KPLC,Employer career search,Employer career search,Energy & Industrial,Energy & Industrial,Automotive & Mobility,Global / Regional,Multiple,,Career Page Available,,,2026-07-20,,,B,Recognized job platform,Platform,61,Medium,Directory,https://www.linkedin.com/jobs/search/?keywords=KPLC&sortBy=DD,"Search current technology, transformation, architecture, programme and data roles."
company-00458,Employer Career Page,organization,KPMG Technology Consulting,Career and project search,Career and project search,Technology & Cloud,Technology & Cloud,Automotive & Mobility,Global,Multiple,,Career Page Available,,,2026-07-20,,,C,Search discovery link,Search link,53,Low,Directory,https://www.google.com/search?q=%22KPMG+Technology+Consulting%22+careers+jobs+digital+transformation+ICT,"Search current jobs, consulting assignments, tenders and technology programmes."
company-01875,Employer Career Page,company,Kuwait Airways,Employer career search,Employer career search,Energy & Industrial,Energy & Industrial,Automotive & Mobility,Global / Regional,Multiple,,Career Page Available,,,2026-07-20,,,B,Recognized job platform,Platform,61,Medium,Directory,https://www.linkedin.com/jobs/search/?keywords=Kuwait+Airways&sortBy=DD,"Search current technology, transformation, architecture, programme and data roles."
company-01840,Employer Career Page,company,Kuwait Oil Company,Employer career search,Employer career search,Energy & Industrial,Energy & Industrial,Automotive & Mobility,Global / Regional,Multiple,,Career Page Available,,,2026-07-20,,,B,Recognized job platform,Platform,61,Medium,Directory,https://www.linkedin.com/jobs/search/?keywords=Kuwait+Oil+Company&sortBy=DD,"Search current technology, transformation, architecture, programme and data roles."
company-01838,Employer Career Page,company,Kuwait Petroleum Corporation,Employer career search,Employer career search,Energy & Industrial,Energy & Industrial,Automotive & Mobility,Global / Regional,Multiple,,Career Page Available,,,2026-07-20,,,B,Recognized job platform,Platform,61,Medium,Directory,https://www.linkedin.com/jobs/search/?keywords=Kuwait+Petroleum+Corporation&sortBy=DD,"Search current technology, transformation, architecture, programme and data roles."
company-00345,Employer Career Page,organization,League of Arab States,Career and project search,Career and project search,UN & Multilateral,UN & Multilateral,Automotive & Mobility,Global,Multiple,,Career Page Available,,,2026-07-20,,,C,Search discovery link,Search link,52,Low,Directory,https://www.google.com/search?q=%22League+of+Arab+States%22+careers+jobs+digital+transformation+ICT,"Search current jobs, consulting assignments, tenders and technology programmes."
company-01803,Employer Career Page,company,Liquid C2,Employer career search,Employer career search,Technology & Telecom,Technology & Telecom,Automotive & Mobility,Global / Regional,Multiple,,Career Page Available,,,2026-07-20,,,B,Recognized job platform,Platform,61,Medium,Directory,https://www.linkedin.com/jobs/search/?keywords=Liquid+C2&sortBy=DD,"Search current technology, transformation, architecture, programme and data roles."
company-01693,Employer Career Page,company,Liv,Employer career search,Employer career search,Banking & FinTech,Banking & FinTech,Automotive & Mobility,Global / Regional,Multiple,,Career Page Available,,,2026-07-20,,,B,Recognized job platform,Platform,62,Medium,Directory,https://www.linkedin.com/jobs/search/?keywords=Liv&sortBy=DD,"Search current technology, transformation, architecture, programme and data roles."
company-00377,Employer Career Page,organization,Living Goods,Career and project search,Career and project search,International NGOs,International NGOs,Automotive & Mobility,Global,Multiple,,Career Page Available,,,2026-07-20,,,C,Search discovery link,Search link,20,Low,Directory,https://www.google.com/search?q=%22Living+Goods%22+careers+jobs+digital+transformation+ICT,"Search current jobs, consulting assignments, tenders and technology programmes."
company-01666,Employer Career Page,company,Lucky Financial,Employer career search,Employer career search,Banking & FinTech,Banking & FinTech,Automotive & Mobility,Global / Regional,Multiple,,Career Page Available,,,2026-07-20,,,B,Recognized job platform,Platform,62,Medium,Directory,https://www.linkedin.com/jobs/search/?keywords=Lucky+Financial&sortBy=DD,"Search current technology, transformation, architecture, programme and data roles."
company-00256,Employer Career Page,organization,MacArthur Foundation,"Research, Foundations & Policy","Research, Foundations & Policy","Research, Foundations & Policy","Research, Foundations & Policy",Automotive & Mobility,Global,"Chicago, USA",,Career Page Available,,,2026-07-20,,,B,Direct organization or specialist source,Direct,53,Low,Directory,https://www.macfound.org/about/careers,Digital Strategy | Research Systems | Data Platforms | Technology Programme | Knowledge Systems
company-01777,Employer Career Page,company,MadfooatCom,Employer career search,Employer career search,Technology & Telecom,Technology & Telecom,Automotive & Mobility,Global / Regional,Multiple,,Career Page Available,,,2026-07-20,,,B,Recognized job platform,Platform,61,Medium,Directory,https://www.linkedin.com/jobs/search/?keywords=MadfooatCom&sortBy=DD,"Search current technology, transformation, architecture, programme and data roles."
company-01695,Employer Career Page,company,Magnati,Employer career search,Employer career search,Banking & FinTech,Banking & FinTech,Automotive & Mobility,Global / Regional,Multiple,,Career Page Available,,,2026-07-20,,,B,Recognized job platform,Platform,62,Medium,Directory,https://www.linkedin.com/jobs/search/?keywords=Magnati&sortBy=DD,"Search current technology, transformation, architecture, programme and data roles."
company-01768,Employer Career Page,company,Malomatia,Employer career search,Employer career search,Technology & Telecom,Technology & Telecom,Automotive & Mobility,Global / Regional,Multiple,,Career Page Available,,,2026-07-20,,,B,Recognized job platform,Platform,61,Medium,Directory,https://www.linkedin.com/jobs/search/?keywords=Malomatia&sortBy=DD,"Search current technology, transformation, architecture, programme and data roles."
company-01857,Employer Career Page,company,Mansour Automotive,Employer career search,Employer career search,Energy & Industrial,Energy & Industrial,Automotive & Mobility,Global / Regional,Multiple,,Career Page Available,,,2026-07-20,,,B,Recognized job platform,Platform,61,Medium,Directory,https://www.linkedin.com/jobs/search/?keywords=Mansour+Automotive&sortBy=DD,"Search current technology, transformation, architecture, programme and data roles."
company-00522,Employer Career Page,organization,Master Works,Career and project search,Career and project search,Telecom & Digital Infrastructure,Telecom & Digital Infrastructure,Automotive & Mobility,Global,Multiple,,Career Page Available,,,2026-07-20,,,C,Search discovery link,Search link,52,Low,Directory,https://www.google.com/search?q=%22Master+Works%22+careers+jobs+digital+transformation+ICT,"Search current jobs, consulting assignments, tenders and technology programmes."
company-00254,Employer Career Page,organization,Mastercard Foundation,"Research, Foundations & Policy","Research, Foundations & Policy","Research, Foundations & Policy","Research, Foundations & Policy",Automotive & Mobility,Africa,"Toronto, Canada",,Career Page Available,,,2026-07-20,,,B,Direct organization or specialist source,Direct,52,Low,Directory,https://mastercardfdn.org/careers/,Digital Strategy | Research Systems | Data Platforms | Technology Programme | Knowledge Systems
company-01779,Employer Career Page,company,Mawdoo3,Employer career search,Employer career search,Technology & Telecom,Technology & Telecom,Automotive & Mobility,Global / Regional,Multiple,,Career Page Available,,,2026-07-20,,,B,Recognized job platform,Platform,61,Medium,Directory,https://www.linkedin.com/jobs/search/?keywords=Mawdoo3&sortBy=DD,"Search current technology, transformation, architecture, programme and data roles."
company-01767,Employer Career Page,company,MEEZA,Employer career search,Employer career search,Technology & Telecom,Technology & Telecom,Automotive & Mobility,Global / Regional,Multiple,,Career Page Available,,,2026-07-20,,,B,Recognized job platform,Platform,61,Medium,Directory,https://www.linkedin.com/jobs/search/?keywords=MEEZA&sortBy=DD,"Search current technology, transformation, architecture, programme and data roles."
company-00329,Employer Career Page,organization,MIGA,Career and project search,Career and project search,UN & Multilateral,UN & Multilateral,Automotive & Mobility,Global,Multiple,,Career Page Available,,,2026-07-20,,,C,Search discovery link,Search link,52,Low,Directory,https://www.google.com/search?q=%22MIGA%22+careers+jobs+digital+transformation+ICT,"Search current jobs, consulting assignments, tenders and technology programmes."
company-00548,Employer Career Page,organization,Mohammed VI Polytechnic University,Career and project search,Career and project search,Universities & Research,Universities & Research,Automotive & Mobility,Global,Multiple,,Career Page Available,,,2026-07-20,,,C,Search discovery link,Search link,52,Low,Directory,https://www.google.com/search?q=%22Mohammed+VI+Polytechnic+University%22+careers+jobs+digital+transformation+ICT,"Search current jobs, consulting assignments, tenders and technology programmes."
company-00497,Employer Career Page,organization,Moro Hub,Career and project search,Career and project search,Telecom & Digital Infrastructure,Telecom & Digital Infrastructure,Automotive & Mobility,Global,Multiple,,Career Page Available,,,2026-07-20,,,C,Search discovery link,Search link,52,Low,Directory,https://www.google.com/search?q=%22Moro+Hub%22+careers+jobs+digital+transformation+ICT,"Search current jobs, consulting assignments, tenders and technology programmes."
company-01794,Employer Career Page,company,MTN South Africa,Employer career search,Employer career search,Technology & Telecom,Technology & Telecom,Automotive & Mobility,Global / Regional,Multiple,,Career Page Available,,,2026-07-20,,,B,Recognized job platform,Platform,61,Medium,Directory,https://www.linkedin.com/jobs/search/?keywords=MTN+South+Africa&sortBy=DD,"Search current technology, transformation, architecture, programme and data roles."
company-00523,Employer Career Page,organization,Müller’s Solutions,Career and project search,Career and project search,Telecom & Digital Infrastructure,Telecom & Digital Infrastructure,Automotive & Mobility,Global,Multiple,,Career Page Available,,,2026-07-20,,,C,Search discovery link,Search link,52,Low,Directory,https://www.google.com/search?q=%22M%C3%BCller%E2%80%99s+Solutions%22+careers+jobs+digital+transformation+ICT,"Search current jobs, consulting assignments, tenders and technology programmes."
company-01861,Employer Career Page,company,NADEC,Employer career search,Employer career search,Energy & Industrial,Energy & Industrial,Automotive & Mobility,Global / Regional,Multiple,,Career Page Available,,,2026-07-20,,,B,Recognized job platform,Platform,61,Medium,Directory,https://www.linkedin.com/jobs/search/?keywords=NADEC&sortBy=DD,"Search current technology, transformation, architecture, programme and data roles."
company-00464,Employer Career Page,organization,Nagarro,Career and project search,Career and project search,Technology & Cloud,Technology & Cloud,Automotive & Mobility,Global,Multiple,,Career Page Available,,,2026-07-20,,,C,Search discovery link,Search link,53,Low,Directory,https://www.google.com/search?q=%22Nagarro%22+careers+jobs+digital+transformation+ICT,"Search current jobs, consulting assignments, tenders and technology programmes."
company-01684,Employer Career Page,company,Network International,Employer career search,Employer career search,Banking & FinTech,Banking & FinTech,Automotive & Mobility,Global / Regional,Multiple,,Career Page Available,,,2026-07-20,,,B,Recognized job platform,Platform,37,Low,Directory,https://www.linkedin.com/jobs/search/?keywords=Network+International&sortBy=DD,"Search current technology, transformation, architecture, programme and data roles."
company-00527,Employer Career Page,organization,Nile University,Career and project search,Career and project search,Universities & Research,Universities & Research,Automotive & Mobility,Global,Multiple,,Career Page Available,,,2026-07-20,,,C,Search discovery link,Search link,52,Low,Directory,https://www.google.com/search?q=%22Nile+University%22+careers+jobs+digital+transformation+ICT,"Search current jobs, consulting assignments, tenders and technology programmes."
company-01407,Employer Career Page,company,Nissan Egypt,Automotive,Automotive,Manufacturing & Industrial,Manufacturing & Industrial,Automotive & Mobility,Egypt,Egypt,,Career Page Available,,,2026-07-20,,,B,Direct organization or specialist source,Direct,53,Low,Directory,https://www.nissan-global.com/EN/COMPANY/CAREERS/,
company-00350,Employer Career Page,organization,OECD Development Centre,Career and project search,Career and project search,UN & Multilateral,UN & Multilateral,Automotive & Mobility,Global,Multiple,,Career Page Available,,,2026-07-20,,,C,Search discovery link,Search link,52,Low,Directory,https://www.google.com/search?q=%22OECD+Development+Centre%22+careers+jobs+digital+transformation+ICT,"Search current jobs, consulting assignments, tenders and technology programmes."
company-00493,Employer Career Page,organization,Oman Data Park,Career and project search,Career and project search,Telecom & Digital Infrastructure,Telecom & Digital Infrastructure,Automotive & Mobility,Global,Multiple,,Career Page Available,,,2026-07-20,,,C,Search discovery link,Search link,53,Low,Directory,https://www.google.com/search?q=%22Oman+Data+Park%22+careers+jobs+digital+transformation+ICT,"Search current jobs, consulting assignments, tenders and technology programmes."
company-01835,Employer Career Page,company,Oman LNG,Employer career search,Employer career search,Energy & Industrial,Energy & Industrial,Automotive & Mobility,Global / Regional,Multiple,,Career Page Available,,,2026-07-20,,,B,Recognized job platform,Platform,61,Medium,Directory,https://www.linkedin.com/jobs/search/?keywords=Oman+LNG&sortBy=DD,"Search current technology, transformation, architecture, programme and data roles."
company-00481,Employer Career Page,organization,Ooredoo Group,Career and project search,Career and project search,Telecom & Digital Infrastructure,Telecom & Digital Infrastructure,Automotive & Mobility,Global,Multiple,,Career Page Available,,,2026-07-20,,,C,Search discovery link,Search link,52,Low,Directory,https://www.google.com/search?q=%22Ooredoo+Group%22+careers+jobs+digital+transformation+ICT,"Search current jobs, consulting assignments, tenders and technology programmes."
company-00337,Employer Career Page,organization,OPEC Fund for International Development,Career and project search,Career and project search,UN & Multilateral,UN & Multilateral,Automotive & Mobility,Global,Multiple,,Career Page Available,,,2026-07-20,,,C,Search discovery link,Search link,20,Low,Directory,https://www.google.com/search?q=%22OPEC+Fund+for+International+Development%22+careers+jobs+digital+transformation+ICT,"Search current jobs, consulting assignments, tenders and technology programmes."
company-00469,Employer Career Page,organization,Orange Business,Career and project search,Career and project search,Technology & Cloud,Technology & Cloud,Automotive & Mobility,Global,Multiple,,Career Page Available,,,2026-07-20,,,C,Search discovery link,Search link,53,Low,Directory,https://www.google.com/search?q=%22Orange+Business%22+careers+jobs+digital+transformation+ICT,"Search current jobs, consulting assignments, tenders and technology programmes."
company-00476,Employer Career Page,organization,Orange Middle East and Africa,Career and project search,Career and project search,Telecom & Digital Infrastructure,Telecom & Digital Infrastructure,Automotive & Mobility,Global,Multiple,,Career Page Available,,,2026-07-20,,,C,Search discovery link,Search link,52,Low,Directory,https://www.google.com/search?q=%22Orange+Middle+East+and+Africa%22+careers+jobs+digital+transformation+ICT,"Search current jobs, consulting assignments, tenders and technology programmes."
company-00417,Employer Career Page,organization,Palantir,Career and project search,Career and project search,Technology & Cloud,Technology & Cloud,Automotive & Mobility,Global,Multiple,,Career Page Available,,,2026-07-20,,,C,Search discovery link,Search link,53,Low,Directory,https://www.google.com/search?q=%22Palantir%22+careers+jobs+digital+transformation+ICT,"Search current jobs, consulting assignments, tenders and technology programmes."
company-01837,Employer Career Page,company,PDO Petroleum Development Oman,Employer career search,Employer career search,Energy & Industrial,Energy & Industrial,Automotive & Mobility,Global / Regional,Multiple,,Career Page Available,,,2026-07-20,,,B,Recognized job platform,Platform,61,Medium,Directory,https://www.linkedin.com/jobs/search/?keywords=PDO+Petroleum+Development+Oman&sortBy=DD,"Search current technology, transformation, architecture, programme and data roles."
company-01820,Employer Career Page,company,Petro Rabigh,Employer career search,Employer career search,Energy & Industrial,Energy & Industrial,Automotive & Mobility,Global / Regional,Multiple,,Career Page Available,,,2026-07-20,,,B,Recognized job platform,Platform,61,Medium,Directory,https://www.linkedin.com/jobs/search/?keywords=Petro+Rabigh&sortBy=DD,"Search current technology, transformation, architecture, programme and data roles."
company-00504,Employer Career Page,organization,Presight,Career and project search,Career and project search,Telecom & Digital Infrastructure,Telecom & Digital Infrastructure,Automotive & Mobility,Global,Multiple,,Career Page Available,,,2026-07-20,,,C,Search discovery link,Search link,52,Low,Directory,https://www.google.com/search?q=%22Presight%22+careers+jobs+digital+transformation+ICT,"Search current jobs, consulting assignments, tenders and technology programmes."
company-00531,Employer Career Page,organization,Princess Nourah bint Abdulrahman University,Career and project search,Career and project search,Universities & Research,Universities & Research,Automotive & Mobility,Global,Multiple,,Career Page Available,,,2026-07-20,,,C,Search discovery link,Search link,52,Low,Directory,https://www.google.com/search?q=%22Princess+Nourah+bint+Abdulrahman+University%22+careers+jobs+digital+transformation+ICT,"Search current jobs, consulting assignments, tenders and technology programmes."
company-01778,Employer Career Page,company,ProgressSoft,Employer career search,Employer career search,Technology & Telecom,Technology & Telecom,Automotive & Mobility,Global / Regional,Multiple,,Career Page Available,,,2026-07-20,,,B,Recognized job platform,Platform,61,Medium,Directory,https://www.linkedin.com/jobs/search/?keywords=ProgressSoft&sortBy=DD,"Search current technology, transformation, architecture, programme and data roles."
company-00385,Employer Career Page,organization,Project HOPE,Career and project search,Career and project search,International NGOs,International NGOs,Automotive & Mobility,Global,Multiple,,Career Page Available,,,2026-07-20,,,C,Search discovery link,Search link,20,Low,Directory,https://www.google.com/search?q=%22Project+HOPE%22+careers+jobs+digital+transformation+ICT,"Search current jobs, consulting assignments, tenders and technology programmes."
company-01762,Employer Career Page,company,Property Finder,Employer career search,Employer career search,Technology & Telecom,Technology & Telecom,Automotive & Mobility,Global / Regional,Multiple,,Career Page Available,,,2026-07-20,,,B,Recognized job platform,Platform,61,Medium,Directory,https://www.linkedin.com/jobs/search/?keywords=Property+Finder&sortBy=DD,"Search current technology, transformation, architecture, programme and data roles."
company-00455,Employer Career Page,organization,PwC Technology,Career and project search,Career and project search,Technology & Cloud,Technology & Cloud,Automotive & Mobility,Global,Multiple,,Career Page Available,,,2026-07-20,,,C,Search discovery link,Search link,53,Low,Directory,https://www.google.com/search?q=%22PwC+Technology%22+careers+jobs+digital+transformation+ICT,"Search current jobs, consulting assignments, tenders and technology programmes."
company-01832,Employer Career Page,company,QAFCO,Employer career search,Employer career search,Energy & Industrial,Energy & Industrial,Automotive & Mobility,Global / Regional,Multiple,,Career Page Available,,,2026-07-20,,,B,Recognized job platform,Platform,61,Medium,Directory,https://www.linkedin.com/jobs/search/?keywords=QAFCO&sortBy=DD,"Search current technology, transformation, architecture, programme and data roles."
company-01764,Employer Career Page,company,Qatar Airways Technology,Employer career search,Employer career search,Technology & Telecom,Technology & Telecom,Automotive & Mobility,Global / Regional,Multiple,,Career Page Available,,,2026-07-20,,,B,Recognized job platform,Platform,61,Medium,Directory,https://www.linkedin.com/jobs/search/?keywords=Qatar+Airways+Technology&sortBy=DD,"Search current technology, transformation, architecture, programme and data roles."
company-00495,Employer Career Page,organization,Qatar Computing Research Institute,Career and project search,Career and project search,Telecom & Digital Infrastructure,Telecom & Digital Infrastructure,Automotive & Mobility,Global,Multiple,,Career Page Available,,,2026-07-20,,,C,Search discovery link,Search link,52,Low,Directory,https://www.google.com/search?q=%22Qatar+Computing+Research+Institute%22+careers+jobs+digital+transformation+ICT,"Search current jobs, consulting assignments, tenders and technology programmes."
company-01833,Employer Career Page,company,Qatar Electricity and Water Company,Employer career search,Employer career search,Energy & Industrial,Energy & Industrial,Automotive & Mobility,Global / Regional,Multiple,,Career Page Available,,,2026-07-20,,,B,Recognized job platform,Platform,61,Medium,Directory,https://www.linkedin.com/jobs/search/?keywords=Qatar+Electricity+and+Water+Company&sortBy=DD,"Search current technology, transformation, architecture, programme and data roles."
company-00494,Employer Career Page,organization,Qatar Foundation ICT,Career and project search,Career and project search,Telecom & Digital Infrastructure,Telecom & Digital Infrastructure,Automotive & Mobility,Global,Multiple,,Career Page Available,,,2026-07-20,,,C,Search discovery link,Search link,52,Low,Directory,https://www.google.com/search?q=%22Qatar+Foundation+ICT%22+careers+jobs+digital+transformation+ICT,"Search current jobs, consulting assignments, tenders and technology programmes."
company-01699,Employer Career Page,company,Qatar Islamic Bank,Employer career search,Employer career search,Banking & FinTech,Banking & FinTech,Automotive & Mobility,Global / Regional,Multiple,,Career Page Available,,,2026-07-20,,,B,Recognized job platform,Platform,62,Medium,Directory,https://www.linkedin.com/jobs/search/?keywords=Qatar+Islamic+Bank&sortBy=DD,"Search current technology, transformation, architecture, programme and data roles."
company-01696,Employer Career Page,company,Qatar National Bank,Employer career search,Employer career search,Banking & FinTech,Banking & FinTech,Automotive & Mobility,Global / Regional,Multiple,,Career Page Available,,,2026-07-20,,,B,Recognized job platform,Platform,62,Medium,Directory,https://www.linkedin.com/jobs/search/?keywords=Qatar+National+Bank&sortBy=DD,"Search current technology, transformation, architecture, programme and data roles."
company-00532,Employer Career Page,organization,Qatar University,Career and project search,Career and project search,Universities & Research,Universities & Research,Automotive & Mobility,Global,Multiple,,Career Page Available,,,2026-07-20,,,C,Search discovery link,Search link,52,Low,Directory,https://www.google.com/search?q=%22Qatar+University%22+careers+jobs+digital+transformation+ICT,"Search current jobs, consulting assignments, tenders and technology programmes."
company-01816,Employer Career Page,company,Qiddiya Investment Company,Employer career search,Employer career search,Energy & Industrial,Energy & Industrial,Automotive & Mobility,Global / Regional,Multiple,,Career Page Available,,,2026-07-20,,,B,Recognized job platform,Platform,61,Medium,Directory,https://www.linkedin.com/jobs/search/?keywords=Qiddiya+Investment+Company&sortBy=DD,"Search current technology, transformation, architecture, programme and data roles."
company-00442,Employer Career Page,organization,Qlik,Career and project search,Career and project search,Technology & Cloud,Technology & Cloud,Automotive & Mobility,Global,Multiple,,Career Page Available,,,2026-07-20,,,C,Search discovery link,Search link,53,Low,Directory,https://www.google.com/search?q=%22Qlik%22+careers+jobs+digital+transformation+ICT,"Search current jobs, consulting assignments, tenders and technology programmes."
company-01652,Employer Career Page,company,QNB Egypt,Employer career search,Employer career search,Banking & FinTech,Banking & FinTech,Automotive & Mobility,Global / Regional,Multiple,,Career Page Available,,,2026-07-20,,,B,Recognized job platform,Platform,62,Medium,Directory,https://www.linkedin.com/jobs/search/?keywords=QNB+Egypt&sortBy=DD,"Search current technology, transformation, architecture, programme and data roles."
company-01797,Employer Career Page,company,Rain,Employer career search,Employer career search,Technology & Telecom,Technology & Telecom,Automotive & Mobility,Global / Regional,Multiple,,Career Page Available,,,2026-07-20,,,B,Recognized job platform,Platform,61,Medium,Directory,https://www.linkedin.com/jobs/search/?keywords=Rain&sortBy=DD,"Search current technology, transformation, architecture, programme and data roles."
company-01691,Employer Career Page,company,RAKBANK,Employer career search,Employer career search,Banking & FinTech,Banking & FinTech,Automotive & Mobility,Global / Regional,Multiple,,Career Page Available,,,2026-07-20,,,B,Recognized job platform,Platform,62,Medium,Directory,https://www.linkedin.com/jobs/search/?keywords=RAKBANK&sortBy=DD,"Search current technology, transformation, architecture, programme and data roles."
company-00500,Employer Career Page,organization,Raxio Group,Career and project search,Career and project search,Telecom & Digital Infrastructure,Telecom & Digital Infrastructure,Automotive & Mobility,Global,Multiple,,Career Page Available,,,2026-07-20,,,C,Search discovery link,Search link,52,Low,Directory,https://www.google.com/search?q=%22Raxio+Group%22+careers+jobs+digital+transformation+ICT,"Search current jobs, consulting assignments, tenders and technology programmes."
company-00517,Employer Career Page,organization,Raya Information Technology,Career and project search,Career and project search,Telecom & Digital Infrastructure,Telecom & Digital Infrastructure,Automotive & Mobility,Global,Multiple,,Career Page Available,,,2026-07-20,,,C,Search discovery link,Search link,52,Low,Directory,https://www.google.com/search?q=%22Raya+Information+Technology%22+careers+jobs+digital+transformation+ICT,"Search current jobs, consulting assignments, tenders and technology programmes."
company-01753,Employer Career Page,company,Riyadh Air Digital,Employer career search,Employer career search,Technology & Telecom,Technology & Telecom,Automotive & Mobility,Global / Regional,Multiple,,Career Page Available,,,2026-07-20,,,B,Recognized job platform,Platform,61,Medium,Directory,https://www.linkedin.com/jobs/search/?keywords=Riyadh+Air+Digital&sortBy=DD,"Search current technology, transformation, architecture, programme and data roles."
company-01817,Employer Career Page,company,ROSHN,Employer career search,Employer career search,Energy & Industrial,Energy & Industrial,Automotive & Mobility,Global / Regional,Multiple,,Career Page Available,,,2026-07-20,,,B,Recognized job platform,Platform,61,Medium,Directory,https://www.linkedin.com/jobs/search/?keywords=ROSHN&sortBy=DD,"Search current technology, transformation, architecture, programme and data roles."
company-01879,Employer Career Page,company,Royal Jordanian,Employer career search,Employer career search,Energy & Industrial,Energy & Industrial,Automotive & Mobility,Global / Regional,Multiple,,Career Page Available,,,2026-07-20,,,B,Recognized job platform,Platform,61,Medium,Directory,https://www.linkedin.com/jobs/search/?keywords=Royal+Jordanian&sortBy=DD,"Search current technology, transformation, architecture, programme and data roles."
company-00344,Employer Career Page,organization,SADC Secretariat,Career and project search,Career and project search,UN & Multilateral,UN & Multilateral,Automotive & Mobility,Global,Multiple,,Career Page Available,,,2026-07-20,,,C,Search discovery link,Search link,52,Low,Directory,https://www.google.com/search?q=%22SADC+Secretariat%22+careers+jobs+digital+transformation+ICT,"Search current jobs, consulting assignments, tenders and technology programmes."
company-01733,Employer Career Page,company,Safaricom M-Pesa,Employer career search,Employer career search,Banking & FinTech,Banking & FinTech,Automotive & Mobility,Global / Regional,Multiple,,Career Page Available,,,2026-07-20,,,B,Recognized job platform,Platform,62,Medium,Directory,https://www.linkedin.com/jobs/search/?keywords=Safaricom+M-Pesa&sortBy=DD,"Search current technology, transformation, architecture, programme and data roles."
company-00439,Employer Career Page,organization,SAS,Career and project search,Career and project search,Technology & Cloud,Technology & Cloud,Automotive & Mobility,Global,Multiple,,Career Page Available,,,2026-07-20,,,C,Search discovery link,Search link,53,Low,Directory,https://www.google.com/search?q=%22SAS%22+careers+jobs+digital+transformation+ICT,"Search current jobs, consulting assignments, tenders and technology programmes."
company-01819,Employer Career Page,company,Saudi Entertainment Ventures,Employer career search,Employer career search,Energy & Industrial,Energy & Industrial,Automotive & Mobility,Global / Regional,Multiple,,Career Page Available,,,2026-07-20,,,B,Recognized job platform,Platform,61,Medium,Directory,https://www.linkedin.com/jobs/search/?keywords=Saudi+Entertainment+Ventures&sortBy=DD,"Search current technology, transformation, architecture, programme and data roles."
company-00510,Employer Career Page,organization,Saudi Information Technology Company SITE,Career and project search,Career and project search,Telecom & Digital Infrastructure,Telecom & Digital Infrastructure,Automotive & Mobility,Global,Multiple,,Career Page Available,,,2026-07-20,,,C,Search discovery link,Search link,52,Low,Directory,https://www.google.com/search?q=%22Saudi+Information+Technology+Company+SITE%22+careers+jobs+digital+transformation+ICT,"Search current jobs, consulting assignments, tenders and technology programmes."
company-01754,Employer Career Page,company,Saudi Telecom Channels,Employer career search,Employer career search,Technology & Telecom,Technology & Telecom,Automotive & Mobility,Global / Regional,Multiple,,Career Page Available,,,2026-07-20,,,B,Recognized job platform,Platform,61,Medium,Directory,https://www.linkedin.com/jobs/search/?keywords=Saudi+Telecom+Channels&sortBy=DD,"Search current technology, transformation, architecture, programme and data roles."
company-00352,Employer Career Page,organization,Save the Children,Career and project search,Career and project search,International NGOs,International NGOs,Automotive & Mobility,Global,Multiple,,Career Page Available,,,2026-07-20,,,C,Search discovery link,Search link,20,Low,Directory,https://www.google.com/search?q=%22Save+the+Children%22+careers+jobs+digital+transformation+ICT,"Search current jobs, consulting assignments, tenders and technology programmes."
company-01859,Employer Career Page,company,Savola Group,Employer career search,Employer career search,Energy & Industrial,Energy & Industrial,Automotive & Mobility,Global / Regional,Multiple,,Career Page Available,,,2026-07-20,,,B,Recognized job platform,Platform,61,Medium,Directory,https://www.linkedin.com/jobs/search/?keywords=Savola+Group&sortBy=DD,"Search current technology, transformation, architecture, programme and data roles."
company-01849,Employer Career Page,company,Scatec Egypt,Employer career search,Employer career search,Energy & Industrial,Energy & Industrial,Automotive & Mobility,Global / Regional,Multiple,,Career Page Available,,,2026-07-20,,,B,Recognized job platform,Platform,61,Medium,Directory,https://www.linkedin.com/jobs/search/?keywords=Scatec+Egypt&sortBy=DD,"Search current technology, transformation, architecture, programme and data roles."
company-01813,Employer Career Page,company,SEC Saudi Electricity Company,Employer career search,Employer career search,Energy & Industrial,Energy & Industrial,Automotive & Mobility,Global / Regional,Multiple,,Career Page Available,,,2026-07-20,,,B,Recognized job platform,Platform,61,Medium,Directory,https://www.linkedin.com/jobs/search/?keywords=SEC+Saudi+Electricity+Company&sortBy=DD,"Search current technology, transformation, architecture, programme and data roles."
company-01744,Employer Career Page,company,Siemens Digital Industries Software Egypt,Employer career search,Employer career search,Technology & Telecom,Technology & Telecom,Automotive & Mobility,Global / Regional,Multiple,,Career Page Available,,,2026-07-20,,,B,Recognized job platform,Platform,61,Medium,Directory,https://www.linkedin.com/jobs/search/?keywords=Siemens+Digital+Industries+Software+Egypt&sortBy=DD,"Search current technology, transformation, architecture, programme and data roles."
company-01863,Employer Career Page,company,Sipchem,Employer career search,Employer career search,Energy & Industrial,Energy & Industrial,Automotive & Mobility,Global / Regional,Multiple,,Career Page Available,,,2026-07-20,,,B,Recognized job platform,Platform,61,Medium,Directory,https://www.linkedin.com/jobs/search/?keywords=Sipchem&sortBy=DD,"Search current technology, transformation, architecture, programme and data roles."
company-01751,Employer Career Page,company,SITE,Employer career search,Employer career search,Technology & Telecom,Technology & Telecom,Automotive & Mobility,Global / Regional,Multiple,,Career Page Available,,,2026-07-20,,,B,Recognized job platform,Platform,61,Medium,Directory,https://www.linkedin.com/jobs/search/?keywords=SITE&sortBy=DD,"Search current technology, transformation, architecture, programme and data roles."
company-00340,Employer Career Page,organization,Smart Africa Alliance,Career and project search,Career and project search,UN & Multilateral,UN & Multilateral,Automotive & Mobility,Global,Multiple,,Career Page Available,,,2026-07-20,,,C,Search discovery link,Search link,52,Low,Directory,https://www.google.com/search?q=%22Smart+Africa+Alliance%22+careers+jobs+digital+transformation+ICT,"Search current jobs, consulting assignments, tenders and technology programmes."
company-00395,Employer Career Page,organization,SNV,Career and project search,Career and project search,International NGOs,International NGOs,Automotive & Mobility,Global,Multiple,,Career Page Available,,,2026-07-20,,,C,Search discovery link,Search link,20,Low,Directory,https://www.google.com/search?q=%22SNV%22+careers+jobs+digital+transformation+ICT,"Search current jobs, consulting assignments, tenders and technology programmes."
company-01705,Employer Career Page,company,Sohar International,Employer career search,Employer career search,Banking & FinTech,Banking & FinTech,Automotive & Mobility,Global / Regional,Multiple,,Career Page Available,,,2026-07-20,,,B,Recognized job platform,Platform,37,Low,Directory,https://www.linkedin.com/jobs/search/?keywords=Sohar+International&sortBy=DD,"Search current technology, transformation, architecture, programme and data roles."
company-01882,Employer Career Page,company,South African Airways,Employer career search,Employer career search,Energy & Industrial,Energy & Industrial,Automotive & Mobility,Global / Regional,Multiple,,Career Page Available,,,2026-07-20,,,B,Recognized job platform,Platform,61,Medium,Directory,https://www.linkedin.com/jobs/search/?keywords=South+African+Airways&sortBy=DD,"Search current technology, transformation, architecture, programme and data roles."
company-01756,Employer Career Page,company,Space42,Employer career search,Employer career search,Technology & Telecom,Technology & Telecom,Automotive & Mobility,Global / Regional,Multiple,,Career Page Available,,,2026-07-20,,,B,Recognized job platform,Platform,61,Medium,Directory,https://www.linkedin.com/jobs/search/?keywords=Space42&sortBy=DD,"Search current technology, transformation, architecture, programme and data roles."
company-00432,Employer Career Page,organization,Splunk,Career and project search,Career and project search,Technology & Cloud,Technology & Cloud,Automotive & Mobility,Global,Multiple,,Career Page Available,,,2026-07-20,,,C,Search discovery link,Search link,53,Low,Directory,https://www.google.com/search?q=%22Splunk%22+careers+jobs+digital+transformation+ICT,"Search current jobs, consulting assignments, tenders and technology programmes."
company-01718,Employer Career Page,company,Standard Bank,Employer career search,Employer career search,Banking & FinTech,Banking & FinTech,Automotive & Mobility,Global / Regional,Multiple,,Career Page Available,,,2026-07-20,,,B,Recognized job platform,Platform,62,Medium,Directory,https://www.linkedin.com/jobs/search/?keywords=Standard+Bank&sortBy=DD,"Search current technology, transformation, architecture, programme and data roles."
company-01678,Employer Career Page,company,stc bank,Employer career search,Employer career search,Banking & FinTech,Banking & FinTech,Automotive & Mobility,Global / Regional,Multiple,,Career Page Available,,,2026-07-20,,,B,Recognized job platform,Platform,62,Medium,Directory,https://www.linkedin.com/jobs/search/?keywords=stc+bank&sortBy=DD,"Search current technology, transformation, architecture, programme and data roles."
company-00539,Employer Career Page,organization,Stellenbosch University,Career and project search,Career and project search,Universities & Research,Universities & Research,Automotive & Mobility,Global,Multiple,,Career Page Available,,,2026-07-20,,,C,Search discovery link,Search link,52,Low,Directory,https://www.google.com/search?q=%22Stellenbosch+University%22+careers+jobs+digital+transformation+ICT,"Search current jobs, consulting assignments, tenders and technology programmes."
company-00542,Employer Career Page,organization,Strathmore University,Career and project search,Career and project search,Universities & Research,Universities & Research,Automotive & Mobility,Global,Multiple,,Career Page Available,,,2026-07-20,,,C,Search discovery link,Search link,52,Low,Directory,https://www.google.com/search?q=%22Strathmore+University%22+careers+jobs+digital+transformation+ICT,"Search current jobs, consulting assignments, tenders and technology programmes."
company-01680,Employer Career Page,company,Tabby,Employer career search,Employer career search,Banking & FinTech,Banking & FinTech,Automotive & Mobility,Global / Regional,Multiple,,Career Page Available,,,2026-07-20,,,B,Recognized job platform,Platform,62,Medium,Directory,https://www.linkedin.com/jobs/search/?keywords=Tabby&sortBy=DD,"Search current technology, transformation, architecture, programme and data roles."
company-00441,Employer Career Page,organization,Tableau,Career and project search,Career and project search,Technology & Cloud,Technology & Cloud,Automotive & Mobility,Global,Multiple,,Career Page Available,,,2026-07-20,,,C,Search discovery link,Search link,53,Low,Directory,https://www.google.com/search?q=%22Tableau%22+careers+jobs+digital+transformation+ICT,"Search current jobs, consulting assignments, tenders and technology programmes."
company-00507,Employer Career Page,organization,Tahakom,Career and project search,Career and project search,Telecom & Digital Infrastructure,Telecom & Digital Infrastructure,Automotive & Mobility,Global,Multiple,,Career Page Available,,,2026-07-20,,,C,Search discovery link,Search link,52,Low,Directory,https://www.google.com/search?q=%22Tahakom%22+careers+jobs+digital+transformation+ICT,"Search current jobs, consulting assignments, tenders and technology programmes."
company-01847,Employer Career Page,company,TAQA Arabia,Employer career search,Employer career search,Energy & Industrial,Energy & Industrial,Automotive & Mobility,Global / Regional,Multiple,,Career Page Available,,,2026-07-20,,,B,Recognized job platform,Platform,61,Medium,Directory,https://www.linkedin.com/jobs/search/?keywords=TAQA+Arabia&sortBy=DD,"Search current technology, transformation, architecture, programme and data roles."
company-01862,Employer Career Page,company,Tasnee,Employer career search,Employer career search,Energy & Industrial,Energy & Industrial,Automotive & Mobility,Global / Regional,Multiple,,Career Page Available,,,2026-07-20,,,B,Recognized job platform,Platform,61,Medium,Directory,https://www.linkedin.com/jobs/search/?keywords=Tasnee&sortBy=DD,"Search current technology, transformation, architecture, programme and data roles."
company-01668,Employer Career Page,company,Telda,Employer career search,Employer career search,Banking & FinTech,Banking & FinTech,Automotive & Mobility,Global / Regional,Multiple,,Career Page Available,,,2026-07-20,,,B,Recognized job platform,Platform,62,Medium,Directory,https://www.linkedin.com/jobs/search/?keywords=Telda&sortBy=DD,"Search current technology, transformation, architecture, programme and data roles."
company-01786,Employer Career Page,company,Telkom Kenya,Employer career search,Employer career search,Technology & Telecom,Technology & Telecom,Automotive & Mobility,Global / Regional,Multiple,,Career Page Available,,,2026-07-20,,,B,Recognized job platform,Platform,61,Medium,Directory,https://www.linkedin.com/jobs/search/?keywords=Telkom+Kenya&sortBy=DD,"Search current technology, transformation, architecture, programme and data roles."
company-00440,Employer Career Page,organization,Teradata,Career and project search,Career and project search,Technology & Cloud,Technology & Cloud,Automotive & Mobility,Global,Multiple,,Career Page Available,,,2026-07-20,,,C,Search discovery link,Search link,55,Low,Directory,https://www.google.com/search?q=%22Teradata%22+careers+jobs+digital+transformation+ICT,"Search current jobs, consulting assignments, tenders and technology programmes."
company-01669,Employer Career Page,company,Thndr,Employer career search,Employer career search,Banking & FinTech,Banking & FinTech,Automotive & Mobility,Global / Regional,Multiple,,Career Page Available,,,2026-07-20,,,B,Recognized job platform,Platform,62,Medium,Directory,https://www.linkedin.com/jobs/search/?keywords=Thndr&sortBy=DD,"Search current technology, transformation, architecture, programme and data roles."
company-01898,Employer Career Page,company,TotalEnergies Marketing Africa,Employer career search,Employer career search,Energy & Industrial,Energy & Industrial,Automotive & Mobility,Global / Regional,Multiple,,Career Page Available,,,2026-07-20,,,B,Recognized job platform,Platform,61,Medium,Directory,https://www.linkedin.com/jobs/search/?keywords=TotalEnergies+Marketing+Africa&sortBy=DD,"Search current technology, transformation, architecture, programme and data roles."
company-01883,Employer Career Page,company,Transnet,Employer career search,Employer career search,Energy & Industrial,Energy & Industrial,Automotive & Mobility,Global / Regional,Multiple,,Career Page Available,,,2026-07-20,,,B,Recognized job platform,Platform,61,Medium,Directory,https://www.linkedin.com/jobs/search/?keywords=Transnet&sortBy=DD,"Search current technology, transformation, architecture, programme and data roles."
company-01785,Employer Career Page,company,Tunisie Telecom,Employer career search,Employer career search,Technology & Telecom,Technology & Telecom,Automotive & Mobility,Global / Regional,Multiple,,Career Page Available,,,2026-07-20,,,B,Recognized job platform,Platform,61,Medium,Directory,https://www.linkedin.com/jobs/search/?keywords=Tunisie+Telecom&sortBy=DD,"Search current technology, transformation, architecture, programme and data roles."
company-00325,Employer Career Page,organization,UN Global Pulse,Career and project search,Career and project search,UN & Multilateral,UN & Multilateral,Automotive & Mobility,Global,Multiple,,Career Page Available,,,2026-07-20,,,C,Search discovery link,Search link,52,Low,Directory,https://www.google.com/search?q=%22UN+Global+Pulse%22+careers+jobs+digital+transformation+ICT,"Search current jobs, consulting assignments, tenders and technology programmes."
company-00321,Employer Career Page,organization,UNDRR,Career and project search,Career and project search,UN & Multilateral,UN & Multilateral,Automotive & Mobility,Global,Multiple,,Career Page Available,,,2026-07-20,,,C,Search discovery link,Search link,52,Low,Directory,https://www.google.com/search?q=%22UNDRR%22+careers+jobs+digital+transformation+ICT,"Search current jobs, consulting assignments, tenders and technology programmes."
company-00315,Employer Career Page,organization,UNEP,Career and project search,Career and project search,UN & Multilateral,UN & Multilateral,Automotive & Mobility,Global,Multiple,,Career Page Available,,,2026-07-20,,,C,Search discovery link,Search link,52,Low,Directory,https://www.google.com/search?q=%22UNEP%22+careers+jobs+digital+transformation+ICT,"Search current jobs, consulting assignments, tenders and technology programmes."
company-00326,Employer Career Page,organization,UNICC,Career and project search,Career and project search,UN & Multilateral,UN & Multilateral,Automotive & Mobility,Global,Multiple,,Career Page Available,,,2026-07-20,,,C,Search discovery link,Search link,52,Low,Directory,https://www.google.com/search?q=%22UNICC%22+careers+jobs+digital+transformation+ICT,"Search current jobs, consulting assignments, tenders and technology programmes."
company-00322,Employer Career Page,organization,UNITAR,Career and project search,Career and project search,UN & Multilateral,UN & Multilateral,Automotive & Mobility,Global,Multiple,,Career Page Available,,,2026-07-20,,,C,Search discovery link,Search link,52,Low,Directory,https://www.google.com/search?q=%22UNITAR%22+careers+jobs+digital+transformation+ICT,"Search current jobs, consulting assignments, tenders and technology programmes."
company-00534,Employer Career Page,organization,United Arab Emirates University,Career and project search,Career and project search,Universities & Research,Universities & Research,Automotive & Mobility,Global,Multiple,,Career Page Available,,,2026-07-20,,,C,Search discovery link,Search link,52,Low,Directory,https://www.google.com/search?q=%22United+Arab+Emirates+University%22+careers+jobs+digital+transformation+ICT,"Search current jobs, consulting assignments, tenders and technology programmes."
company-00537,Employer Career Page,organization,University of Cape Town,Career and project search,Career and project search,Universities & Research,Universities & Research,Automotive & Mobility,Global,Multiple,,Career Page Available,,,2026-07-20,,,C,Search discovery link,Search link,52,Low,Directory,https://www.google.com/search?q=%22University+of+Cape+Town%22+careers+jobs+digital+transformation+ICT,"Search current jobs, consulting assignments, tenders and technology programmes."
company-00543,Employer Career Page,organization,University of Ghana,Career and project search,Career and project search,Universities & Research,Universities & Research,Automotive & Mobility,Global,Multiple,,Career Page Available,,,2026-07-20,,,C,Search discovery link,Search link,52,Low,Directory,https://www.google.com/search?q=%22University+of+Ghana%22+careers+jobs+digital+transformation+ICT,"Search current jobs, consulting assignments, tenders and technology programmes."
company-00545,Employer Career Page,organization,University of Lagos,Career and project search,Career and project search,Universities & Research,Universities & Research,Automotive & Mobility,Global,Multiple,,Career Page Available,,,2026-07-20,,,C,Search discovery link,Search link,52,Low,Directory,https://www.google.com/search?q=%22University+of+Lagos%22+careers+jobs+digital+transformation+ICT,"Search current jobs, consulting assignments, tenders and technology programmes."
company-00541,Employer Career Page,organization,University of Nairobi,Career and project search,Career and project search,Universities & Research,Universities & Research,Automotive & Mobility,Global,Multiple,,Career Page Available,,,2026-07-20,,,C,Search discovery link,Search link,52,Low,Directory,https://www.google.com/search?q=%22University+of+Nairobi%22+careers+jobs+digital+transformation+ICT,"Search current jobs, consulting assignments, tenders and technology programmes."
company-00540,Employer Career Page,organization,University of Pretoria,Career and project search,Career and project search,Universities & Research,Universities & Research,Automotive & Mobility,Global,Multiple,,Career Page Available,,,2026-07-20,,,C,Search discovery link,Search link,52,Low,Directory,https://www.google.com/search?q=%22University+of+Pretoria%22+careers+jobs+digital+transformation+ICT,"Search current jobs, consulting assignments, tenders and technology programmes."
company-00550,Employer Career Page,organization,University of Rwanda,Career and project search,Career and project search,Universities & Research,Universities & Research,Automotive & Mobility,Global,Multiple,,Career Page Available,,,2026-07-20,,,C,Search discovery link,Search link,52,Low,Directory,https://www.google.com/search?q=%22University+of+Rwanda%22+careers+jobs+digital+transformation+ICT,"Search current jobs, consulting assignments, tenders and technology programmes."
company-00538,Employer Career Page,organization,University of the Witwatersrand,Career and project search,Career and project search,Universities & Research,Universities & Research,Automotive & Mobility,Global,Multiple,,Career Page Available,,,2026-07-20,,,C,Search discovery link,Search link,52,Low,Directory,https://www.google.com/search?q=%22University+of+the+Witwatersrand%22+careers+jobs+digital+transformation+ICT,"Search current jobs, consulting assignments, tenders and technology programmes."
company-00549,Employer Career Page,organization,University of Tunis El Manar,Career and project search,Career and project search,Universities & Research,Universities & Research,Automotive & Mobility,Global,Multiple,,Career Page Available,,,2026-07-20,,,C,Search discovery link,Search link,52,Low,Directory,https://www.google.com/search?q=%22University+of+Tunis+El+Manar%22+careers+jobs+digital+transformation+ICT,"Search current jobs, consulting assignments, tenders and technology programmes."
company-00323,Employer Career Page,organization,UNSSC,Career and project search,Career and project search,UN & Multilateral,UN & Multilateral,Automotive & Mobility,Global,Multiple,,Career Page Available,,,2026-07-20,,,C,Search discovery link,Search link,52,Low,Directory,https://www.google.com/search?q=%22UNSSC%22+careers+jobs+digital+transformation+ICT,"Search current jobs, consulting assignments, tenders and technology programmes."
company-01383,Employer Career Page,company,Valeo Egypt,Automotive Technology,Automotive Technology,Africa Digital & High-Growth,Africa Digital & High-Growth,Technology & Consulting,GCC & Middle East,"Cairo, Egypt",,Career Page Available,,,2026-07-20,,,A,Official / primary source,Official,64,Medium,Directory,https://valeo.wd3.myworkdayjobs.com/en-US/valeo_jobs,Technology Leadership | Platform Architecture | Digital Products | Data | Systems Integration
company-01897,Employer Career Page,company,Vivo Energy,Employer career search,Employer career search,Energy & Industrial,Energy & Industrial,Automotive & Mobility,Global / Regional,Multiple,,Career Page Available,,,2026-07-20,,,B,Recognized job platform,Platform,61,Medium,Directory,https://www.linkedin.com/jobs/search/?keywords=Vivo+Energy&sortBy=DD,"Search current technology, transformation, architecture, programme and data roles."
company-00473,Employer Career Page,organization,Vodacom,Career and project search,Career and project search,Telecom & Digital Infrastructure,Telecom & Digital Infrastructure,Automotive & Mobility,Global,Multiple,,Career Page Available,,,2026-07-20,,,C,Search discovery link,Search link,52,Low,Directory,https://www.google.com/search?q=%22Vodacom%22+careers+jobs+digital+transformation+ICT,"Search current jobs, consulting assignments, tenders and technology programmes."
company-01793,Employer Career Page,company,Vodacom South Africa,Employer career search,Employer career search,Technology & Telecom,Technology & Telecom,Automotive & Mobility,Global / Regional,Multiple,,Career Page Available,,,2026-07-20,,,B,Recognized job platform,Platform,61,Medium,Directory,https://www.linkedin.com/jobs/search/?keywords=Vodacom+South+Africa&sortBy=DD,"Search current technology, transformation, architecture, programme and data roles."
company-01766,Employer Career Page,company,Vodafone Qatar,Employer career search,Employer career search,Technology & Telecom,Technology & Telecom,Automotive & Mobility,Global / Regional,Multiple,,Career Page Available,,,2026-07-20,,,B,Recognized job platform,Platform,61,Medium,Directory,https://www.linkedin.com/jobs/search/?keywords=Vodafone+Qatar&sortBy=DD,"Search current technology, transformation, architecture, programme and data roles."
company-01807,Employer Career Page,company,Watu,Employer career search,Employer career search,Technology & Telecom,Technology & Telecom,Automotive & Mobility,Global / Regional,Multiple,,Career Page Available,,,2026-07-20,,,B,Recognized job platform,Platform,61,Medium,Directory,https://www.linkedin.com/jobs/search/?keywords=Watu&sortBy=DD,"Search current technology, transformation, architecture, programme and data roles."
company-00307,Employer Career Page,organization,WFP,Career and project search,Career and project search,UN & Multilateral,UN & Multilateral,Automotive & Mobility,Global,Multiple,,Career Page Available,,,2026-07-20,,,C,Search discovery link,Search link,52,Low,Directory,https://www.google.com/search?q=%22WFP%22+careers+jobs+digital+transformation+ICT,"Search current jobs, consulting assignments, tenders and technology programmes."
company-00304,Employer Career Page,organization,WHO,Career and project search,Career and project search,UN & Multilateral,UN & Multilateral,Automotive & Mobility,Global,Multiple,,Career Page Available,,,2026-07-20,,,C,Search discovery link,Search link,52,Low,Directory,https://www.google.com/search?q=%22WHO%22+careers+jobs+digital+transformation+ICT,"Search current jobs, consulting assignments, tenders and technology programmes."
company-01692,Employer Career Page,company,Wio Bank,Employer career search,Employer career search,Banking & FinTech,Banking & FinTech,Automotive & Mobility,Global / Regional,Multiple,,Career Page Available,,,2026-07-20,,,B,Recognized job platform,Platform,62,Medium,Directory,https://www.linkedin.com/jobs/search/?keywords=Wio+Bank&sortBy=DD,"Search current technology, transformation, architecture, programme and data roles."
company-00480,Employer Career Page,organization,Zain Group,Career and project search,Career and project search,Telecom & Digital Infrastructure,Telecom & Digital Infrastructure,Automotive & Mobility,Global,Multiple,,Career Page Available,,,2026-07-20,,,C,Search discovery link,Search link,52,Low,Directory,https://www.google.com/search?q=%22Zain+Group%22+careers+jobs+digital+transformation+ICT,"Search current jobs, consulting assignments, tenders and technology programmes."
company-01864,Employer Career Page,company,Zamil Industrial,Employer career search,Employer career search,Energy & Industrial,Energy & Industrial,Automotive & Mobility,Global / Regional,Multiple,,Career Page Available,,,2026-07-20,,,B,Recognized job platform,Platform,61,Medium,Directory,https://www.linkedin.com/jobs/search/?keywords=Zamil+Industrial&sortBy=DD,"Search current technology, transformation, architecture, programme and data roles."
company-00528,Employer Career Page,organization,Zewail City of Science and Technology,Career and project search,Career and project search,Universities & Research,Universities & Research,Automotive & Mobility,Global,Multiple,,Career Page Available,,,2026-07-20,,,C,Search discovery link,Search link,52,Low,Directory,https://www.google.com/search?q=%22Zewail+City+of+Science+and+Technology%22+careers+jobs+digital+transformation+ICT,"Search current jobs, consulting assignments, tenders and technology programmes."
