id,record_type,category,title,organization,subtitle,role_family,type,industry,region,country,location,availability_status,published_date,expiry_date,last_checked,posted_text,source,source_quality,source_quality_label,verification_level,match_score,fit,priority_tier,url,notes
company-00825,Employer Career Page,company,Abbott,Medical Devices & Equipment,Medical Devices & Equipment,Medical Devices & Equipment,Medical Devices & Equipment,Healthcare & Life Sciences,Global,"Abbott Park, USA",,Career Page Available,,,2026-07-20,,Official employer careers,B,Direct organization or specialist source,Direct,66,Medium,Priority 1,https://www.jobs.abbott/,Digital Health Platforms | Systems Integration | Enterprise Applications | Service Technology | Data Platforms
company-01082,Employer Career Page,company,Abbott,Health-sector employer search,Health-sector employer search,Medical Devices & Equipment,Medical Devices & Equipment,Healthcare & Life Sciences,Global,"Abbott Park, USA",,Career Page Available,,,2026-07-20,,Official employer careers,B,Direct organization or specialist source,Direct,66,Medium,Priority 1,https://www.google.com/search?q=%22Abbott%22+careers+digital+health+IT+data+jobs,Digital Health Platforms | Systems Integration | Enterprise Applications | Service Technology | Data Platforms
company-00713,Employer Career Page,company,AbbVie,Global Pharmaceuticals,Global Pharmaceuticals,Pharmaceuticals & Life Sciences,Pharmaceuticals & Life Sciences,Pharmaceuticals & Life Sciences,Egypt · GCC · Africa,Egypt · GCC · Africa,,Career Page Available,,,2026-07-24,,Official employer careers,A,Official employer career page,Official / curated,75,Medium,Priority 1,https://careers.abbvie.com/,"Biopharma, digital, data, medical and commercial operations"
company-01010,Employer Career Page,company,AbbVie,Health-sector employer search,Health-sector employer search,Pharmaceuticals & Life Sciences,Pharmaceuticals & Life Sciences,Pharmaceuticals & Life Sciences,Egypt · GCC · Africa,Egypt · GCC · Africa,,Career Page Available,,,2026-07-24,,Official employer careers,A,Official employer career page,Official / curated,75,Medium,Priority 1,https://careers.abbvie.com/,"Biopharma, digital, data, medical and commercial operations"
company-00380,Employer Career Page,organization,Aga Khan Health Services,Career and project search,Career and project search,Healthcare Provider,Healthcare Provider,Healthcare Provider,Africa · Global,Africa · Global,,Career Page Available,,,2026-07-24,,Official employer careers,A,Official employer career page,Official / curated,20,Low,Priority 1,https://www.aku.edu/careers/Pages/home.aspx,"Hospitals, health systems, data, education and development"
company-02169,Employer Career Page,organization,Aga Khan Health Services,Healthcare Provider,Healthcare Provider,Healthcare Provider,Healthcare Provider,Healthcare Provider,Africa · Global,Africa · Global,,Career Page Available,,,2026-07-24,,Official employer careers,A,Official employer career page,Official / curated,20,Low,Priority 1,https://www.aku.edu/careers/Pages/home.aspx,"Hospitals, health systems, data, education and development"
company-00774,Employer Career Page,company,Amgen,Biotechnology & Specialty Pharma,Biotechnology & Specialty Pharma,Biotechnology & Specialty Pharma,Biotechnology & Specialty Pharma,Healthcare & Life Sciences,Global,"Thousand Oaks, USA",,Career Page Available,,,2026-07-20,,Official employer careers,B,Direct organization or specialist source,Direct,64,Medium,Priority 1,https://careers.amgen.com/,R&D Digital Platforms | Data Engineering | Cloud & Cybersecurity | Enterprise Applications | Technical Program Management
company-01011,Employer Career Page,company,Amgen,Health-sector employer search,Health-sector employer search,Biotechnology & Specialty Pharma,Biotechnology & Specialty Pharma,Healthcare & Life Sciences,Global,"Thousand Oaks, USA",,Career Page Available,,,2026-07-20,,Official employer careers,B,Direct organization or specialist source,Direct,64,Medium,Priority 1,https://www.google.com/search?q=%22Amgen%22+careers+digital+health+IT+data+jobs,R&D Digital Platforms | Data Engineering | Cloud & Cybersecurity | Enterprise Applications | Technical Program Management
company-00984,Employer Career Page,company,Amoun Pharmaceutical,"Egypt, Middle East & Africa","Egypt, Middle East & Africa",Pharmaceuticals & Life Sciences,Pharmaceuticals & Life Sciences,Pharmaceuticals & Life Sciences,Egypt · Africa,Egypt · Africa,,Career Page Available,,,2026-07-24,,Official employer careers,A,Official employer career page,Official / curated,75,Medium,Priority 1,https://amoun.com/careers/,"Pharma manufacturing, operations, supply chain and technology"
company-01060,Employer Career Page,company,Amoun Pharmaceutical,Health-sector employer search,Health-sector employer search,Pharmaceuticals & Life Sciences,Pharmaceuticals & Life Sciences,Pharmaceuticals & Life Sciences,Egypt · Africa,Egypt · Africa,,Career Page Available,,,2026-07-24,,Official employer careers,A,Official employer career page,Official / curated,75,Medium,Priority 1,https://amoun.com/careers/,"Pharma manufacturing, operations, supply chain and technology"
company-02194,Employer Career Page,company,Amoun Pharmaceutical,Pharmaceuticals & Life Sciences,Pharmaceuticals & Life Sciences,Pharmaceuticals & Life Sciences,Pharmaceuticals & Life Sciences,Pharmaceuticals & Life Sciences,Egypt · Africa,Egypt · Africa,,Career Page Available,,,2026-07-24,,Official employer careers,A,Official employer career page,Official / curated,75,Medium,Priority 1,https://amoun.com/careers/,"Pharma manufacturing, operations, supply chain and technology"
company-01160,Employer Career Page,company,Aster DM Healthcare,Health-sector employer search,Health-sector employer search,Healthcare Provider,Healthcare Provider,Healthcare Provider,GCC · Africa,GCC · Africa,,Career Page Available,,,2026-07-24,,Official employer careers,A,Official employer career page,Official / curated,75,Medium,Priority 1,https://www.asterdmhealthcare.com/careers,"Hospitals, clinics, pharmacies, health IT and operations"
company-02170,Employer Career Page,company,Aster DM Healthcare,Healthcare Provider,Healthcare Provider,Healthcare Provider,Healthcare Provider,Healthcare Provider,GCC · Africa,GCC · Africa,,Career Page Available,,,2026-07-24,,Official employer careers,A,Official employer career page,Official / curated,75,Medium,Priority 1,https://www.asterdmhealthcare.com/careers,"Hospitals, clinics, pharmacies, health IT and operations"
company-00709,Employer Career Page,company,AstraZeneca,Global Pharmaceuticals,Global Pharmaceuticals,Pharmaceuticals & Life Sciences,Pharmaceuticals & Life Sciences,Pharmaceuticals & Life Sciences,Egypt · GCC · Africa,Egypt · GCC · Africa,,Career Page Available,,,2026-07-24,,Official employer careers,A,Official employer career page,Official / curated,75,Medium,Priority 1,https://careers.astrazeneca.com/,"Pharmaceuticals, oncology, digital health, data and operations"
company-01004,Employer Career Page,company,AstraZeneca,Health-sector employer search,Health-sector employer search,Pharmaceuticals & Life Sciences,Pharmaceuticals & Life Sciences,Pharmaceuticals & Life Sciences,Egypt · GCC · Africa,Egypt · GCC · Africa,,Career Page Available,,,2026-07-24,,Official employer careers,A,Official employer career page,Official / curated,75,Medium,Priority 1,https://careers.astrazeneca.com/,"Pharmaceuticals, oncology, digital health, data and operations"
company-01087,Employer Career Page,company,Baxter,Health-sector employer search,Health-sector employer search,Medical Technology,Medical Technology,Medical Technology,Egypt · GCC · Africa,Egypt · GCC · Africa,,Career Page Available,,,2026-07-24,,Official employer careers,A,Official employer career page,Official / curated,75,Medium,Priority 1,https://jobs.baxter.com/,"Hospital products, supply chain, digital and manufacturing"
company-02190,Employer Career Page,company,Baxter,Medical Technology,Medical Technology,Medical Technology,Medical Technology,Medical Technology,Egypt · GCC · Africa,Egypt · GCC · Africa,,Career Page Available,,,2026-07-24,,Official employer careers,A,Official employer career page,Official / curated,75,Medium,Priority 1,https://jobs.baxter.com/,"Hospital products, supply chain, digital and manufacturing"
company-02195,Employer Career Page,company,Bayer,Pharmaceuticals & Life Sciences,Pharmaceuticals & Life Sciences,Pharmaceuticals & Life Sciences,Pharmaceuticals & Life Sciences,Pharmaceuticals & Life Sciences,Egypt · GCC · Africa,Egypt · GCC · Africa,,Career Page Available,,,2026-07-24,,Official employer careers,A,Official employer career page,Official / curated,82,High,Priority 1,https://career.bayer.com/,"Pharma, consumer health, crop science, data and supply chain"
company-02191,Employer Career Page,company,BD - Becton Dickinson,Medical Technology,Medical Technology,Medical Technology,Medical Technology,Medical Technology,Egypt · GCC · Africa,Egypt · GCC · Africa,,Career Page Available,,,2026-07-24,,Official employer careers,A,Official employer career page,Official / curated,82,High,Priority 1,https://jobs.bd.com/,"Medical technology, diagnostics, supply chain and digital"
company-00717,Employer Career Page,company,Boehringer Ingelheim,Global Pharmaceuticals,Global Pharmaceuticals,Pharmaceuticals & Life Sciences,Pharmaceuticals & Life Sciences,Pharmaceuticals & Life Sciences,Egypt · GCC · Africa,Egypt · GCC · Africa,,Career Page Available,,,2026-07-24,,Official employer careers,A,Official employer career page,Official / curated,75,Medium,Priority 1,https://careers.boehringer-ingelheim.com/,"Human pharma, animal health, digital and operations"
company-01017,Employer Career Page,company,Boehringer Ingelheim,Health-sector employer search,Health-sector employer search,Pharmaceuticals & Life Sciences,Pharmaceuticals & Life Sciences,Pharmaceuticals & Life Sciences,Egypt · GCC · Africa,Egypt · GCC · Africa,,Career Page Available,,,2026-07-24,,Official employer careers,A,Official employer career page,Official / curated,75,Medium,Priority 1,https://careers.boehringer-ingelheim.com/,"Human pharma, animal health, digital and operations"
company-02196,Employer Career Page,company,Boehringer Ingelheim,Pharmaceuticals & Life Sciences,Pharmaceuticals & Life Sciences,Pharmaceuticals & Life Sciences,Pharmaceuticals & Life Sciences,Pharmaceuticals & Life Sciences,Egypt · GCC · Africa,Egypt · GCC · Africa,,Career Page Available,,,2026-07-24,,Official employer careers,A,Official employer career page,Official / curated,75,Medium,Priority 1,https://careers.boehringer-ingelheim.com/,"Human pharma, animal health, digital and operations"
company-00826,Employer Career Page,company,Boston Scientific,Medical Devices & Equipment,Medical Devices & Equipment,Medical Technology,Medical Technology,Medical Technology,Egypt · GCC · Africa,Egypt · GCC · Africa,,Career Page Available,,,2026-07-24,,Official employer careers,A,Official employer career page,Official / curated,75,Medium,Priority 1,https://jobs.bostonscientific.com/,"Medical devices, digital, data and commercial operations"
company-01084,Employer Career Page,company,Boston Scientific,Health-sector employer search,Health-sector employer search,Medical Technology,Medical Technology,Medical Technology,Egypt · GCC · Africa,Egypt · GCC · Africa,,Career Page Available,,,2026-07-24,,Official employer careers,A,Official employer career page,Official / curated,75,Medium,Priority 1,https://jobs.bostonscientific.com/,"Medical devices, digital, data and commercial operations"
company-01157,Employer Career Page,company,Burjeel Holdings,Health-sector employer search,Health-sector employer search,Healthcare Provider,Healthcare Provider,Healthcare Provider,UAE · GCC,UAE · GCC,,Career Page Available,,,2026-07-24,,Official employer careers,A,Official employer career page,Official / curated,54,Low,Priority 1,https://burjeelholdings.com/careers/,"Hospitals, healthcare technology, data and operations"
company-01488,Employer Career Page,company,Burjeel Holdings,Healthcare,Healthcare,Healthcare Provider,Healthcare Provider,Healthcare Provider,UAE · GCC,UAE · GCC,,Career Page Available,,,2026-07-24,,Official employer careers,A,Official employer career page,Official / curated,54,Low,Priority 1,https://burjeelholdings.com/careers/,"Hospitals, healthcare technology, data and operations"
company-01167,Employer Career Page,company,Cleveland Clinic Abu Dhabi,Health-sector employer search,Health-sector employer search,Healthcare Provider,Healthcare Provider,Healthcare Provider,UAE · GCC,UAE · GCC,,Career Page Available,,,2026-07-24,,Official employer careers,A,Official employer career page,Official / curated,75,Medium,Priority 1,https://www.clevelandclinicabudhabi.ae/en/careers,"Hospital services, health IT, data and clinical operations"
company-02171,Employer Career Page,company,Cleveland Clinic Abu Dhabi,Healthcare Provider,Healthcare Provider,Healthcare Provider,Healthcare Provider,Healthcare Provider,UAE · GCC,UAE · GCC,,Career Page Available,,,2026-07-24,,Official employer careers,A,Official employer career page,Official / curated,75,Medium,Priority 1,https://www.clevelandclinicabudhabi.ae/en/careers,"Hospital services, health IT, data and clinical operations"
company-00883,Employer Career Page,company,Danaher,"Diagnostics, Laboratory & Life Science Tools","Diagnostics, Laboratory & Life Science Tools",Life Sciences & Diagnostics,Life Sciences & Diagnostics,Life Sciences & Diagnostics,Egypt · GCC · Africa,Egypt · GCC · Africa,,Career Page Available,,,2026-07-24,,Official employer careers,A,Official employer career page,Official / curated,75,Medium,Priority 1,https://jobs.danaher.com/,"Diagnostics, life sciences, data, digital and operations"
company-01089,Employer Career Page,company,Danaher,Health-sector employer search,Health-sector employer search,Life Sciences & Diagnostics,Life Sciences & Diagnostics,Life Sciences & Diagnostics,Egypt · GCC · Africa,Egypt · GCC · Africa,,Career Page Available,,,2026-07-24,,Official employer careers,A,Official employer career page,Official / curated,75,Medium,Priority 1,https://jobs.danaher.com/,"Diagnostics, life sciences, data, digital and operations"
company-01153,Employer Career Page,company,Dr. Sulaiman Al Habib Medical Group,Health-sector employer search,Health-sector employer search,Healthcare Provider,Healthcare Provider,Healthcare Provider,Saudi Arabia · GCC,Saudi Arabia · GCC,,Career Page Available,,,2026-07-24,,Official employer careers,A,Official employer career page,Official / curated,76,Medium,Priority 1,https://hmg.com/en/Pages/Careers.aspx,"Hospitals, digital health, health IT and operations"
company-02172,Employer Career Page,company,Dr. Sulaiman Al Habib Medical Group,Healthcare Provider,Healthcare Provider,Healthcare Provider,Healthcare Provider,Healthcare Provider,Saudi Arabia · GCC,Saudi Arabia · GCC,,Career Page Available,,,2026-07-24,,Official employer careers,A,Official employer career page,Official / curated,76,Medium,Priority 1,https://hmg.com/en/Pages/Careers.aspx,"Hospitals, digital health, health IT and operations"
company-01421,Employer Career Page,company,EIPICO,Pharmaceuticals,Pharmaceuticals,"Egypt, Middle East & Africa","Egypt, Middle East & Africa",Technology & Consulting,Africa,"10th of Ramadan City, Egypt",,Career Page Available,,,2026-07-20,,Official employer careers,B,Direct organization or specialist source,Direct,65,Medium,Priority 1,https://www.eipico.com.eg/,IT Leadership | ERP | Digital Transformation | Business Intelligence | Systems Integration
company-02197,Employer Career Page,company,EIPICO,Pharmaceuticals & Life Sciences,Pharmaceuticals & Life Sciences,"Egypt, Middle East & Africa","Egypt, Middle East & Africa",Technology & Consulting,Africa,"10th of Ramadan City, Egypt",,Career Page Available,,,2026-07-20,,Official employer careers,B,Direct organization or specialist source,Direct,65,Medium,Priority 1,https://www.eipico.com.eg/careers,IT Leadership | ERP | Digital Transformation | Business Intelligence | Systems Integration
company-00712,Employer Career Page,company,Eli Lilly and Company,Global Pharmaceuticals,Global Pharmaceuticals,Pharmaceuticals & Life Sciences,Pharmaceuticals & Life Sciences,Pharmaceuticals & Life Sciences,Egypt · GCC · Africa,Egypt · GCC · Africa,,Career Page Available,,,2026-07-24,,Official employer careers,A,Official employer career page,Official / curated,75,Medium,Priority 1,https://careers.lilly.com/,"Pharma, data, digital, manufacturing and medical operations"
company-00979,Employer Career Page,company,EVA Pharma,"Egypt, Middle East & Africa","Egypt, Middle East & Africa",Pharmaceuticals & Life Sciences,Pharmaceuticals & Life Sciences,Pharmaceuticals & Life Sciences,Egypt · Africa,Egypt · Africa,,Career Page Available,,,2026-07-24,,Official employer careers,A,Official employer career page,Official / curated,54,Low,Priority 1,https://www.evapharma.com/careers,"Pharma, manufacturing, digital, data and supply chain"
company-01055,Employer Career Page,company,EVA Pharma,Health-sector employer search,Health-sector employer search,Pharmaceuticals & Life Sciences,Pharmaceuticals & Life Sciences,Pharmaceuticals & Life Sciences,Egypt · Africa,Egypt · Africa,,Career Page Available,,,2026-07-24,,Official employer careers,A,Official employer career page,Official / curated,54,Low,Priority 1,https://www.evapharma.com/careers,"Pharma, manufacturing, digital, data and supply chain"
company-01419,Employer Career Page,company,EVA Pharma,Pharmaceuticals,Pharmaceuticals,Pharmaceuticals & Life Sciences,Pharmaceuticals & Life Sciences,Pharmaceuticals & Life Sciences,Egypt · Africa,Egypt · Africa,,Career Page Available,,,2026-07-24,,Official employer careers,A,Official employer career page,Official / curated,54,Low,Priority 1,https://www.evapharma.com/careers,"Pharma, manufacturing, digital, data and supply chain"
company-02198,Employer Career Page,company,EVA Pharma,Pharmaceuticals & Life Sciences,Pharmaceuticals & Life Sciences,Pharmaceuticals & Life Sciences,Pharmaceuticals & Life Sciences,Pharmaceuticals & Life Sciences,Egypt · Africa,Egypt · Africa,,Career Page Available,,,2026-07-24,,Official employer careers,A,Official employer career page,Official / curated,54,Low,Priority 1,https://www.evapharma.com/careers,"Pharma, manufacturing, digital, data and supply chain"
company-01154,Employer Career Page,company,Fakeeh Care Group,Health-sector employer search,Health-sector employer search,Healthcare Provider,Healthcare Provider,Healthcare Provider,Saudi Arabia · GCC,Saudi Arabia · GCC,,Career Page Available,,,2026-07-24,,Official employer careers,A,Official employer career page,Official / curated,75,Medium,Priority 1,https://fakeeh.care/careers,"Hospitals, digital health, data and operations"
company-02173,Employer Career Page,company,Fakeeh Care Group,Healthcare Provider,Healthcare Provider,Healthcare Provider,Healthcare Provider,Healthcare Provider,Saudi Arabia · GCC,Saudi Arabia · GCC,,Career Page Available,,,2026-07-24,,Official employer careers,A,Official employer career page,Official / curated,75,Medium,Priority 1,https://fakeeh.care/careers,"Hospitals, digital health, data and operations"
company-02167,Employer Career Page,company,Fresenius,Healthcare & MedTech,Healthcare & MedTech,Healthcare & MedTech,Healthcare & MedTech,Healthcare & MedTech,Egypt · GCC · Africa,Egypt · GCC · Africa,,Career Page Available,,,2026-07-24,,Official employer careers,A,Official employer career page,Official / curated,82,High,Priority 1,https://career.fresenius.com/,"Healthcare services, dialysis, digital and supply chain"
company-00140,Employer Career Page,organization,GE HealthCare,Global Health & Healthcare,Global Health & Healthcare,Medical Technology,Medical Technology,Medical Technology,Egypt · GCC · Africa,Egypt · GCC · Africa,,Career Page Available,,,2026-07-24,,Official employer careers,A,Official employer career page,Official / curated,75,Medium,Priority 1,https://careers.gehealthcare.com/,"Medical technology, digital health, data, imaging and services"
company-01080,Employer Career Page,company,GE HealthCare,Health-sector employer search,Health-sector employer search,Medical Technology,Medical Technology,Medical Technology,Egypt · GCC · Africa,Egypt · GCC · Africa,,Career Page Available,,,2026-07-24,,Official employer careers,A,Official employer career page,Official / curated,75,Medium,Priority 1,https://careers.gehealthcare.com/,"Medical technology, digital health, data, imaging and services"
company-00708,Employer Career Page,company,GSK,Global Pharmaceuticals,Global Pharmaceuticals,Pharmaceuticals & Life Sciences,Pharmaceuticals & Life Sciences,Pharmaceuticals & Life Sciences,Egypt · GCC · Africa,Egypt · GCC · Africa,,Career Page Available,,,2026-07-24,,Official employer careers,A,Official employer career page,Official / curated,75,Medium,Priority 1,https://jobs.gsk.com/,"Pharmaceuticals, vaccines, digital, data and manufacturing"
company-01003,Employer Career Page,company,GSK,Health-sector employer search,Health-sector employer search,Pharmaceuticals & Life Sciences,Pharmaceuticals & Life Sciences,Pharmaceuticals & Life Sciences,Egypt · GCC · Africa,Egypt · GCC · Africa,,Career Page Available,,,2026-07-24,,Official employer careers,A,Official employer career page,Official / curated,75,Medium,Priority 1,https://jobs.gsk.com/,"Pharmaceuticals, vaccines, digital, data and manufacturing"
company-01166,Employer Career Page,company,Hamad Medical Corporation,Health-sector employer search,Health-sector employer search,Healthcare Provider,Healthcare Provider,Healthcare Provider,Qatar · GCC,Qatar · GCC,,Career Page Available,,,2026-07-24,,Official employer careers,A,Official employer career page,Official / curated,76,Medium,Priority 1,https://www.hamad.qa/EN/Join-Us/Pages/default.aspx,"Hospital system, health IT, data and operations"
company-02174,Employer Career Page,company,Hamad Medical Corporation,Healthcare Provider,Healthcare Provider,Healthcare Provider,Healthcare Provider,Healthcare Provider,Qatar · GCC,Qatar · GCC,,Career Page Available,,,2026-07-24,,Official employer careers,A,Official employer career page,Official / curated,76,Medium,Priority 1,https://www.hamad.qa/EN/Join-Us/Pages/default.aspx,"Hospital system, health IT, data and operations"
company-01394,Employer Career Page,company,Hassan Allam Holding,Engineering & Infrastructure,Engineering & Infrastructure,"Real Estate, Construction & Hospitality","Real Estate, Construction & Hospitality",Healthcare & Life Sciences,Egypt,Egypt,,Career Page Available,,,2026-07-20,,Official employer careers,B,Direct organization or specialist source,Direct,53,Low,Priority 1,https://www.hassanallam.com/careers,"Engineering, construction, utilities, project delivery and technology"
company-01846,Employer Career Page,company,Hassan Allam Holding,Employer career search,Employer career search,"Real Estate, Construction & Hospitality","Real Estate, Construction & Hospitality",Healthcare & Life Sciences,Egypt,Egypt,,Career Page Available,,,2026-07-20,,Official employer careers,B,Direct organization or specialist source,Direct,53,Low,Priority 1,https://www.linkedin.com/jobs/search/?keywords=Hassan+Allam+Holding&sortBy=DD,"Engineering, construction, utilities, project delivery and technology"
company-00755,Employer Career Page,company,Hikma Pharmaceuticals,Global Pharmaceuticals,Global Pharmaceuticals,Pharmaceuticals & Life Sciences,Pharmaceuticals & Life Sciences,Pharmaceuticals & Life Sciences,Egypt · GCC · Africa,Egypt · GCC · Africa,,Career Page Available,,,2026-07-24,,Official employer careers,A,Official employer career page,Official / curated,50,Low,Priority 1,https://www.hikma.com/careers/,"Pharma manufacturing, supply chain, digital and commercial operations"
company-01047,Employer Career Page,company,Hikma Pharmaceuticals,Health-sector employer search,Health-sector employer search,Pharmaceuticals & Life Sciences,Pharmaceuticals & Life Sciences,Pharmaceuticals & Life Sciences,Egypt · GCC · Africa,Egypt · GCC · Africa,,Career Page Available,,,2026-07-24,,Official employer careers,A,Official employer career page,Official / curated,50,Low,Priority 1,https://www.hikma.com/careers/,"Pharma manufacturing, supply chain, digital and commercial operations"
company-01534,Employer Career Page,company,Hikma Pharmaceuticals,Pharmaceuticals,Pharmaceuticals,Pharmaceuticals & Life Sciences,Pharmaceuticals & Life Sciences,Pharmaceuticals & Life Sciences,Egypt · GCC · Africa,Egypt · GCC · Africa,,Career Page Available,,,2026-07-24,,Official employer careers,A,Official employer career page,Official / curated,50,Low,Priority 1,https://www.hikma.com/careers/,"Pharma manufacturing, supply chain, digital and commercial operations"
company-00923,Employer Career Page,company,ICON plc,"CRO, Clinical Research & Pharma Services","CRO, Clinical Research & Pharma Services",Clinical Research,Clinical Research,Clinical Research,Egypt · GCC · Africa,Egypt · GCC · Africa,,Career Page Available,,,2026-07-24,,Official employer careers,A,Official employer career page,Official / curated,57,Low,Priority 1,https://careers.iconplc.com/,"Clinical research, data, digital platforms and operations"
company-00922,Employer Career Page,company,IQVIA,"CRO, Clinical Research & Pharma Services","CRO, Clinical Research & Pharma Services",Healthcare Data & Consulting,Healthcare Data & Consulting,Healthcare Data & Consulting,Egypt · GCC · Africa,Egypt · GCC · Africa,,Career Page Available,,,2026-07-24,,Official employer careers,A,Official employer career page,Official / curated,57,Low,Priority 1,https://jobs.iqvia.com/,"Healthcare analytics, consulting, data, technology and clinical research"
company-01048,Employer Career Page,company,Jamjoom Pharma,Health-sector employer search,Health-sector employer search,Pharmaceuticals & Life Sciences,Pharmaceuticals & Life Sciences,Pharmaceuticals & Life Sciences,Saudi Arabia · GCC · Africa,Saudi Arabia · GCC · Africa,,Career Page Available,,,2026-07-24,,Official employer careers,A,Official employer career page,Official / curated,75,Medium,Priority 1,https://www.jamjoompharma.com/careers/,"Pharma manufacturing, quality, supply chain and technology"
company-02199,Employer Career Page,company,Jamjoom Pharma,Pharmaceuticals & Life Sciences,Pharmaceuticals & Life Sciences,Pharmaceuticals & Life Sciences,Pharmaceuticals & Life Sciences,Pharmaceuticals & Life Sciences,Saudi Arabia · GCC · Africa,Saudi Arabia · GCC · Africa,,Career Page Available,,,2026-07-24,,Official employer careers,A,Official employer career page,Official / curated,75,Medium,Priority 1,https://www.jamjoompharma.com/careers/,"Pharma manufacturing, quality, supply chain and technology"
company-02168,Employer Career Page,company,Johnson & Johnson,Healthcare & MedTech,Healthcare & MedTech,Healthcare & MedTech,Healthcare & MedTech,Healthcare & MedTech,Egypt · GCC · Africa,Egypt · GCC · Africa,,Career Page Available,,,2026-07-24,,Official employer careers,A,Official employer career page,Official / curated,82,High,Priority 1,https://www.careers.jnj.com/,"Innovative medicine, medtech, digital health and supply chain"
company-00756,Employer Career Page,company,Julphar,Global Pharmaceuticals,Global Pharmaceuticals,Pharmaceuticals & Life Sciences,Pharmaceuticals & Life Sciences,Pharmaceuticals & Life Sciences,UAE · GCC · Africa,UAE · GCC · Africa,,Career Page Available,,,2026-07-24,,Official employer careers,A,Official employer career page,Official / curated,75,Medium,Priority 1,https://www.julphar.net/careers,"Pharma manufacturing, quality, supply chain and digital"
company-01051,Employer Career Page,company,Julphar,Health-sector employer search,Health-sector employer search,Pharmaceuticals & Life Sciences,Pharmaceuticals & Life Sciences,Pharmaceuticals & Life Sciences,UAE · GCC · Africa,UAE · GCC · Africa,,Career Page Available,,,2026-07-24,,Official employer careers,A,Official employer career page,Official / curated,75,Medium,Priority 1,https://www.julphar.net/careers,"Pharma manufacturing, quality, supply chain and digital"
company-02200,Employer Career Page,company,Julphar,Pharmaceuticals & Life Sciences,Pharmaceuticals & Life Sciences,Pharmaceuticals & Life Sciences,Pharmaceuticals & Life Sciences,Pharmaceuticals & Life Sciences,UAE · GCC · Africa,UAE · GCC · Africa,,Career Page Available,,,2026-07-24,,Official employer careers,A,Official employer career page,Official / curated,75,Medium,Priority 1,https://www.julphar.net/careers,"Pharma manufacturing, quality, supply chain and digital"
company-02175,Employer Career Page,company,King Faisal Specialist Hospital & Research Centre,Healthcare Provider,Healthcare Provider,Healthcare Provider,Healthcare Provider,Healthcare Provider,Saudi Arabia · GCC,Saudi Arabia · GCC,,Career Page Available,,,2026-07-24,,Official employer careers,A,Official employer career page,Official / curated,82,High,Priority 1,https://www.kfshrc.edu.sa/en/home/careers,"Hospital, research, health IT, data and enterprise services"
company-01173,Employer Career Page,company,Life Healthcare,Health-sector employer search,Health-sector employer search,Healthcare Provider,Healthcare Provider,Healthcare Provider,South Africa · Africa,South Africa · Africa,,Career Page Available,,,2026-07-24,,Official employer careers,A,Official employer career page,Official / curated,75,Medium,Priority 1,https://www.lifehealthcare.co.za/careers/,"Hospitals, health IT, operations and clinical services"
company-02176,Employer Career Page,company,Life Healthcare,Healthcare Provider,Healthcare Provider,Healthcare Provider,Healthcare Provider,Healthcare Provider,South Africa · Africa,South Africa · Africa,,Career Page Available,,,2026-07-24,,Official employer careers,A,Official employer career page,Official / curated,75,Medium,Priority 1,https://www.lifehealthcare.co.za/careers/,"Hospitals, health IT, operations and clinical services"
company-01486,Employer Career Page,company,M42,Healthcare Technology,Healthcare Technology,Healthcare Provider & Technology,Healthcare Provider & Technology,Healthcare Provider & Technology,UAE · GCC,UAE · GCC,,Career Page Available,,,2026-07-24,,Official employer careers,A,Official employer career page,Official / curated,54,Low,Priority 1,https://m42.ae/careers/,"Healthcare, genomics, digital health, AI, data and operations"
company-01158,Employer Career Page,company,Mediclinic Middle East,Health-sector employer search,Health-sector employer search,Healthcare Provider,Healthcare Provider,Healthcare Provider,UAE · GCC,UAE · GCC,,Career Page Available,,,2026-07-24,,Official employer careers,A,Official employer career page,Official / curated,54,Low,Priority 1,https://careers.mediclinic.com/MiddleEast/,"Hospitals, health IT, operations and clinical services"
company-01489,Employer Career Page,company,Mediclinic Middle East,Healthcare,Healthcare,Healthcare Provider,Healthcare Provider,Healthcare Provider,UAE · GCC,UAE · GCC,,Career Page Available,,,2026-07-24,,Official employer careers,A,Official employer career page,Official / curated,54,Low,Priority 1,https://careers.mediclinic.com/MiddleEast/,"Hospitals, health IT, operations and clinical services"
company-02177,Employer Career Page,company,Mediclinic Middle East,Healthcare Provider,Healthcare Provider,Healthcare Provider,Healthcare Provider,Healthcare Provider,UAE · GCC,UAE · GCC,,Career Page Available,,,2026-07-24,,Official employer careers,A,Official employer career page,Official / curated,54,Low,Priority 1,https://careers.mediclinic.com/MiddleEast/,"Hospitals, health IT, operations and clinical services"
company-00824,Employer Career Page,company,Medtronic,Medical Devices & Equipment,Medical Devices & Equipment,Medical Technology,Medical Technology,Medical Technology,Egypt · GCC · Africa,Egypt · GCC · Africa,,Career Page Available,,,2026-07-24,,Official employer careers,A,Official employer career page,Official / curated,75,Medium,Priority 1,https://www.medtronic.com/us-en/our-company/careers.html,"Medical devices, digital health, data and supply chain"
company-01078,Employer Career Page,company,Medtronic,Health-sector employer search,Health-sector employer search,Medical Technology,Medical Technology,Medical Technology,Egypt · GCC · Africa,Egypt · GCC · Africa,,Career Page Available,,,2026-07-24,,Official employer careers,A,Official employer career page,Official / curated,75,Medium,Priority 1,https://www.medtronic.com/us-en/our-company/careers.html,"Medical devices, digital health, data and supply chain"
company-02192,Employer Career Page,company,Medtronic,Medical Technology,Medical Technology,Medical Technology,Medical Technology,Medical Technology,Egypt · GCC · Africa,Egypt · GCC · Africa,,Career Page Available,,,2026-07-24,,Official employer careers,A,Official employer career page,Official / curated,75,Medium,Priority 1,https://www.medtronic.com/us-en/our-company/careers.html,"Medical devices, digital health, data and supply chain"
company-01007,Employer Career Page,company,MSD,Health-sector employer search,Health-sector employer search,Pharmaceuticals & Life Sciences,Pharmaceuticals & Life Sciences,Pharmaceuticals & Life Sciences,Egypt · GCC · Africa,Egypt · GCC · Africa,,Career Page Available,,,2026-07-24,,Official employer careers,A,Official employer career page,Official / curated,75,Medium,Priority 1,https://jobs.msd.com/,"Pharmaceuticals, vaccines, data, digital and manufacturing"
company-02201,Employer Career Page,company,MSD,Pharmaceuticals & Life Sciences,Pharmaceuticals & Life Sciences,Pharmaceuticals & Life Sciences,Pharmaceuticals & Life Sciences,Pharmaceuticals & Life Sciences,Egypt · GCC · Africa,Egypt · GCC · Africa,,Career Page Available,,,2026-07-24,,Official employer careers,A,Official employer career page,Official / curated,75,Medium,Priority 1,https://jobs.msd.com/,"Pharmaceuticals, vaccines, data, digital and manufacturing"
company-01172,Employer Career Page,company,Netcare,Health-sector employer search,Health-sector employer search,Healthcare Provider,Healthcare Provider,Healthcare Provider,South Africa · Africa,South Africa · Africa,,Career Page Available,,,2026-07-24,,Official employer careers,A,Official employer career page,Official / curated,75,Medium,Priority 1,https://www.netcare.co.za/Careers,"Hospitals, health IT, operations and clinical services"
company-02178,Employer Career Page,company,Netcare,Healthcare Provider,Healthcare Provider,Healthcare Provider,Healthcare Provider,Healthcare Provider,South Africa · Africa,South Africa · Africa,,Career Page Available,,,2026-07-24,,Official employer careers,A,Official employer career page,Official / curated,75,Medium,Priority 1,https://www.netcare.co.za/Careers,"Hospitals, health IT, operations and clinical services"
company-01159,Employer Career Page,company,NMC Healthcare,Health-sector employer search,Health-sector employer search,Healthcare Provider,Healthcare Provider,Healthcare Provider,UAE · GCC,UAE · GCC,,Career Page Available,,,2026-07-24,,Official employer careers,A,Official employer career page,Official / curated,75,Medium,Priority 1,https://nmc.ae/careers,"Hospitals, health IT, operations and corporate services"
company-02179,Employer Career Page,company,NMC Healthcare,Healthcare Provider,Healthcare Provider,Healthcare Provider,Healthcare Provider,Healthcare Provider,UAE · GCC,UAE · GCC,,Career Page Available,,,2026-07-24,,Official employer careers,A,Official employer career page,Official / curated,75,Medium,Priority 1,https://nmc.ae/careers,"Hospitals, health IT, operations and corporate services"
company-00706,Employer Career Page,company,Novartis,Global Pharmaceuticals,Global Pharmaceuticals,Pharmaceuticals & Life Sciences,Pharmaceuticals & Life Sciences,Pharmaceuticals & Life Sciences,Egypt · GCC · Africa,Egypt · GCC · Africa,,Career Page Available,,,2026-07-24,,Official employer careers,A,Official employer career page,Official / curated,75,Medium,Priority 1,https://www.novartis.com/careers,"Pharmaceuticals, manufacturing, data, digital and medical operations"
company-01001,Employer Career Page,company,Novartis,Health-sector employer search,Health-sector employer search,Pharmaceuticals & Life Sciences,Pharmaceuticals & Life Sciences,Pharmaceuticals & Life Sciences,Egypt · GCC · Africa,Egypt · GCC · Africa,,Career Page Available,,,2026-07-24,,Official employer careers,A,Official employer career page,Official / curated,75,Medium,Priority 1,https://www.novartis.com/careers,"Pharmaceuticals, manufacturing, data, digital and medical operations"
company-00718,Employer Career Page,company,Novo Nordisk,Global Pharmaceuticals,Global Pharmaceuticals,Pharmaceuticals & Life Sciences,Pharmaceuticals & Life Sciences,Pharmaceuticals & Life Sciences,Egypt · GCC · Africa,Egypt · GCC · Africa,,Career Page Available,,,2026-07-24,,Official employer careers,A,Official employer career page,Official / curated,75,Medium,Priority 1,https://www.novonordisk.com/careers.html,"Diabetes and chronic disease, digital health, data and supply chain"
company-01019,Employer Career Page,company,Novo Nordisk,Health-sector employer search,Health-sector employer search,Pharmaceuticals & Life Sciences,Pharmaceuticals & Life Sciences,Pharmaceuticals & Life Sciences,Egypt · GCC · Africa,Egypt · GCC · Africa,,Career Page Available,,,2026-07-24,,Official employer careers,A,Official employer career page,Official / curated,75,Medium,Priority 1,https://www.novonordisk.com/careers.html,"Diabetes and chronic disease, digital health, data and supply chain"
company-01392,Employer Career Page,company,Orascom Construction,Engineering & Construction,Engineering & Construction,"Real Estate, Construction & Hospitality","Real Estate, Construction & Hospitality",Healthcare & Life Sciences,Egypt,Egypt,,Career Page Available,,,2026-07-20,,Official employer careers,B,Direct organization or specialist source,Direct,53,Low,Priority 1,https://www.orascom.com/careers/,"Engineering, construction, project delivery and digital operations"
company-01845,Employer Career Page,company,Orascom Construction,Employer career search,Employer career search,"Real Estate, Construction & Hospitality","Real Estate, Construction & Hospitality",Healthcare & Life Sciences,Egypt,Egypt,,Career Page Available,,,2026-07-20,,Official employer careers,B,Direct organization or specialist source,Direct,53,Low,Priority 1,https://www.linkedin.com/jobs/search/?keywords=Orascom+Construction&sortBy=DD,"Engineering, construction, project delivery and digital operations"
company-00924,Employer Career Page,company,Parexel,"CRO, Clinical Research & Pharma Services","CRO, Clinical Research & Pharma Services",Clinical Research,Clinical Research,Clinical Research,Egypt · GCC · Africa,Egypt · GCC · Africa,,Career Page Available,,,2026-07-24,,Official employer careers,A,Official employer career page,Official / curated,57,Low,Priority 1,https://jobs.parexel.com/,"Clinical research, data, digital and project delivery"
company-00704,Employer Career Page,company,Pfizer,Global Pharmaceuticals,Global Pharmaceuticals,Pharmaceuticals & Life Sciences,Pharmaceuticals & Life Sciences,Pharmaceuticals & Life Sciences,Egypt · GCC · Africa,Egypt · GCC · Africa,,Career Page Available,,,2026-07-24,,Official employer careers,A,Official employer career page,Official / curated,75,Medium,Priority 1,https://www.pfizer.com/about/careers,"Pharmaceuticals, digital health, data, supply chain and commercial operations"
company-00999,Employer Career Page,company,Pfizer,Health-sector employer search,Health-sector employer search,Pharmaceuticals & Life Sciences,Pharmaceuticals & Life Sciences,Pharmaceuticals & Life Sciences,Egypt · GCC · Africa,Egypt · GCC · Africa,,Career Page Available,,,2026-07-24,,Official employer careers,A,Official employer career page,Official / curated,75,Medium,Priority 1,https://www.pfizer.com/about/careers,"Pharmaceuticals, digital health, data, supply chain and commercial operations"
company-01420,Employer Career Page,company,Pharco Corporation,Pharmaceuticals,Pharmaceuticals,"Egypt, Middle East & Africa","Egypt, Middle East & Africa",Technology & Consulting,Africa,"Alexandria, Egypt",,Career Page Available,,,2026-07-20,,Official employer careers,B,Direct organization or specialist source,Direct,65,Medium,Priority 1,https://pharco.org/careers.aspx,IT Leadership | ERP | Digital Transformation | Business Intelligence | Systems Integration
company-02202,Employer Career Page,company,Pharco Corporation,Pharmaceuticals & Life Sciences,Pharmaceuticals & Life Sciences,"Egypt, Middle East & Africa","Egypt, Middle East & Africa",Technology & Consulting,Africa,"Alexandria, Egypt",,Career Page Available,,,2026-07-20,,Official employer careers,B,Direct organization or specialist source,Direct,65,Medium,Priority 1,https://pharco.org/careers/,IT Leadership | ERP | Digital Transformation | Business Intelligence | Systems Integration
company-00139,Employer Career Page,organization,Philips,Global Health & Healthcare,Global Health & Healthcare,Health Technology,Health Technology,Health Technology,Egypt · GCC · Africa,Egypt · GCC · Africa,,Career Page Available,,,2026-07-24,,Official employer careers,A,Official employer career page,Official / curated,64,Medium,Priority 1,https://www.careers.philips.com/,"Health technology, digital health, informatics and enterprise services"
company-01161,Employer Career Page,company,PureHealth,Health-sector employer search,Health-sector employer search,Healthcare Provider & Technology,Healthcare Provider & Technology,Healthcare Provider & Technology,UAE · GCC,UAE · GCC,,Career Page Available,,,2026-07-24,,Official employer careers,A,Official employer career page,Official / curated,54,Low,Priority 1,https://purehealth.ae/careers/,"Healthcare, hospitals, digital health, data and corporate technology"
company-01487,Employer Career Page,company,PureHealth,Healthcare,Healthcare,Healthcare Provider & Technology,Healthcare Provider & Technology,Healthcare Provider & Technology,UAE · GCC,UAE · GCC,,Career Page Available,,,2026-07-24,,Official employer careers,A,Official employer career page,Official / curated,54,Low,Priority 1,https://purehealth.ae/careers/,"Healthcare, hospitals, digital health, data and corporate technology"
company-01056,Employer Career Page,company,Rameda,Health-sector employer search,Health-sector employer search,"Egypt, Middle East & Africa","Egypt, Middle East & Africa",Technology & Consulting,Africa,"6th of October City, Egypt",,Career Page Available,,,2026-07-20,,Official employer careers,B,Direct organization or specialist source,Direct,69,Medium,Priority 1,https://ramedapharma.com/careers/,IT Leadership | ERP | Digital Transformation | Business Intelligence | Systems Integration
company-01422,Employer Career Page,company,Rameda,Pharmaceuticals,Pharmaceuticals,"Egypt, Middle East & Africa","Egypt, Middle East & Africa",Technology & Consulting,Africa,"6th of October City, Egypt",,Career Page Available,,,2026-07-20,,Official employer careers,B,Direct organization or specialist source,Direct,69,Medium,Priority 1,https://ramedapharma.com/,IT Leadership | ERP | Digital Transformation | Business Intelligence | Systems Integration
company-02203,Employer Career Page,company,Rameda,Pharmaceuticals & Life Sciences,Pharmaceuticals & Life Sciences,"Egypt, Middle East & Africa","Egypt, Middle East & Africa",Technology & Consulting,Africa,"6th of October City, Egypt",,Career Page Available,,,2026-07-20,,Official employer careers,B,Direct organization or specialist source,Direct,69,Medium,Priority 1,https://ramedapharma.com/careers/,IT Leadership | ERP | Digital Transformation | Business Intelligence | Systems Integration
company-00705,Employer Career Page,company,Roche,Global Pharmaceuticals,Global Pharmaceuticals,Pharmaceuticals & Diagnostics,Pharmaceuticals & Diagnostics,Pharmaceuticals & Diagnostics,Egypt · GCC · Africa,Egypt · GCC · Africa,,Career Page Available,,,2026-07-24,,Official employer careers,A,Official employer career page,Official / curated,75,Medium,Priority 1,https://careers.roche.com/,"Pharma, diagnostics, digital health, data and technology"
company-01000,Employer Career Page,company,Roche,Health-sector employer search,Health-sector employer search,Pharmaceuticals & Diagnostics,Pharmaceuticals & Diagnostics,Pharmaceuticals & Diagnostics,Egypt · GCC · Africa,Egypt · GCC · Africa,,Career Page Available,,,2026-07-24,,Official employer careers,A,Official employer career page,Official / curated,75,Medium,Priority 1,https://careers.roche.com/,"Pharma, diagnostics, digital health, data and technology"
company-00725,Employer Career Page,company,Sandoz,Global Pharmaceuticals,Global Pharmaceuticals,Pharmaceuticals & Life Sciences,Pharmaceuticals & Life Sciences,Pharmaceuticals & Life Sciences,Egypt · GCC · Africa,Egypt · GCC · Africa,,Career Page Available,,,2026-07-24,,Official employer careers,A,Official employer career page,Official / curated,75,Medium,Priority 1,https://www.sandoz.com/careers,"Generics, biosimilars, manufacturing, digital and supply chain"
company-01031,Employer Career Page,company,Sandoz,Health-sector employer search,Health-sector employer search,Pharmaceuticals & Life Sciences,Pharmaceuticals & Life Sciences,Pharmaceuticals & Life Sciences,Egypt · GCC · Africa,Egypt · GCC · Africa,,Career Page Available,,,2026-07-24,,Official employer careers,A,Official employer career page,Official / curated,75,Medium,Priority 1,https://www.sandoz.com/careers,"Generics, biosimilars, manufacturing, digital and supply chain"
company-00707,Employer Career Page,company,Sanofi,Global Pharmaceuticals,Global Pharmaceuticals,Pharmaceuticals & Life Sciences,Pharmaceuticals & Life Sciences,Pharmaceuticals & Life Sciences,Egypt · GCC · Africa,Egypt · GCC · Africa,,Career Page Available,,,2026-07-24,,Official employer careers,A,Official employer career page,Official / curated,75,Medium,Priority 1,https://jobs.sanofi.com/,"Pharmaceuticals, vaccines, digital, data and supply chain"
company-01002,Employer Career Page,company,Sanofi,Health-sector employer search,Health-sector employer search,Pharmaceuticals & Life Sciences,Pharmaceuticals & Life Sciences,Pharmaceuticals & Life Sciences,Egypt · GCC · Africa,Egypt · GCC · Africa,,Career Page Available,,,2026-07-24,,Official employer careers,A,Official employer career page,Official / curated,75,Medium,Priority 1,https://jobs.sanofi.com/,"Pharmaceuticals, vaccines, digital, data and supply chain"
company-01151,Employer Career Page,company,Saudi German Health,Health-sector employer search,Health-sector employer search,Healthcare Provider,Healthcare Provider,Healthcare Provider,Saudi Arabia · GCC · Africa,Saudi Arabia · GCC · Africa,,Career Page Available,,,2026-07-24,,Official employer careers,A,Official employer career page,Official / curated,75,Medium,Priority 1,https://saudigermanhealth.com/careers/,"Hospitals, digital health, data and operations"
company-02180,Employer Career Page,company,Saudi German Health,Healthcare Provider,Healthcare Provider,Healthcare Provider,Healthcare Provider,Healthcare Provider,Saudi Arabia · GCC · Africa,Saudi Arabia · GCC · Africa,,Career Page Available,,,2026-07-24,,Official employer careers,A,Official employer career page,Official / curated,75,Medium,Priority 1,https://saudigermanhealth.com/careers/,"Hospitals, digital health, data and operations"
company-00732,Employer Career Page,company,Servier,Global Pharmaceuticals,Global Pharmaceuticals,Pharmaceuticals & Life Sciences,Pharmaceuticals & Life Sciences,Pharmaceuticals & Life Sciences,Egypt · GCC · Africa,Egypt · GCC · Africa,,Career Page Available,,,2026-07-24,,Official employer careers,A,Official employer career page,Official / curated,75,Medium,Priority 1,https://servier.com/en/careers/,"Pharmaceuticals, digital, data and industrial operations"
company-01026,Employer Career Page,company,Servier,Health-sector employer search,Health-sector employer search,Pharmaceuticals & Life Sciences,Pharmaceuticals & Life Sciences,Pharmaceuticals & Life Sciences,Egypt · GCC · Africa,Egypt · GCC · Africa,,Career Page Available,,,2026-07-24,,Official employer careers,A,Official employer career page,Official / curated,75,Medium,Priority 1,https://servier.com/en/careers/,"Pharmaceuticals, digital, data and industrial operations"
company-02204,Employer Career Page,company,Servier,Pharmaceuticals & Life Sciences,Pharmaceuticals & Life Sciences,Pharmaceuticals & Life Sciences,Pharmaceuticals & Life Sciences,Pharmaceuticals & Life Sciences,Egypt · GCC · Africa,Egypt · GCC · Africa,,Career Page Available,,,2026-07-24,,Official employer careers,A,Official employer career page,Official / curated,75,Medium,Priority 1,https://servier.com/en/careers/,"Pharmaceuticals, digital, data and industrial operations"
company-01165,Employer Career Page,company,Sidra Medicine,Health-sector employer search,Health-sector employer search,Healthcare Provider,Healthcare Provider,Healthcare Provider,Qatar · GCC,Qatar · GCC,,Career Page Available,,,2026-07-24,,Official employer careers,A,Official employer career page,Official / curated,75,Medium,Priority 1,https://www.sidra.org/careers/,"Hospital, research, digital health and data"
company-02181,Employer Career Page,company,Sidra Medicine,Healthcare Provider,Healthcare Provider,Healthcare Provider,Healthcare Provider,Healthcare Provider,Qatar · GCC,Qatar · GCC,,Career Page Available,,,2026-07-24,,Official employer careers,A,Official employer career page,Official / curated,75,Medium,Priority 1,https://www.sidra.org/careers/,"Hospital, research, digital health and data"
company-00854,Employer Career Page,company,Siemens Healthineers,Medical Devices & Equipment,Medical Devices & Equipment,Medical Technology,Medical Technology,Medical Technology,Egypt · GCC · Africa,Egypt · GCC · Africa,,Career Page Available,,,2026-07-24,,Official employer careers,A,Official employer career page,Official / curated,75,Medium,Priority 1,https://www.siemens-healthineers.com/careers,"Imaging, diagnostics, digital health, AI and enterprise services"
company-01079,Employer Career Page,company,Siemens Healthineers,Health-sector employer search,Health-sector employer search,Medical Technology,Medical Technology,Medical Technology,Egypt · GCC · Africa,Egypt · GCC · Africa,,Career Page Available,,,2026-07-24,,Official employer careers,A,Official employer career page,Official / curated,75,Medium,Priority 1,https://www.siemens-healthineers.com/careers,"Imaging, diagnostics, digital health, AI and enterprise services"
company-00757,Employer Career Page,company,SPIMACO,Global Pharmaceuticals,Global Pharmaceuticals,Pharmaceuticals & Life Sciences,Pharmaceuticals & Life Sciences,Pharmaceuticals & Life Sciences,Saudi Arabia · GCC,Saudi Arabia · GCC,,Career Page Available,,,2026-07-24,,Official employer careers,A,Official employer career page,Official / curated,75,Medium,Priority 1,https://www.spimaco.com.sa/careers/,"Pharma manufacturing, supply chain, digital and corporate functions"
company-01049,Employer Career Page,company,SPIMACO,Health-sector employer search,Health-sector employer search,Pharmaceuticals & Life Sciences,Pharmaceuticals & Life Sciences,Pharmaceuticals & Life Sciences,Saudi Arabia · GCC,Saudi Arabia · GCC,,Career Page Available,,,2026-07-24,,Official employer careers,A,Official employer career page,Official / curated,75,Medium,Priority 1,https://www.spimaco.com.sa/careers/,"Pharma manufacturing, supply chain, digital and corporate functions"
company-00827,Employer Career Page,company,Stryker,Medical Devices & Equipment,Medical Devices & Equipment,Medical Technology,Medical Technology,Medical Technology,Egypt · GCC · Africa,Egypt · GCC · Africa,,Career Page Available,,,2026-07-24,,Official employer careers,A,Official employer career page,Official / curated,75,Medium,Priority 1,https://careers.stryker.com/,"Medical devices, digital, technology and supply chain"
company-01085,Employer Career Page,company,Stryker,Health-sector employer search,Health-sector employer search,Medical Technology,Medical Technology,Medical Technology,Egypt · GCC · Africa,Egypt · GCC · Africa,,Career Page Available,,,2026-07-24,,Official employer careers,A,Official employer career page,Official / curated,75,Medium,Priority 1,https://careers.stryker.com/,"Medical devices, digital, technology and supply chain"
company-00925,Employer Career Page,company,Syneos Health,"CRO, Clinical Research & Pharma Services","CRO, Clinical Research & Pharma Services",Clinical Research,Clinical Research,Clinical Research,Egypt · GCC · Africa,Egypt · GCC · Africa,,Career Page Available,,,2026-07-24,,Official employer careers,A,Official employer career page,Official / curated,59,Low,Priority 1,https://www.syneoshealth.com/careers,"Clinical research, consulting, digital and data"
company-01050,Employer Career Page,company,Tabuk Pharmaceuticals,Health-sector employer search,Health-sector employer search,Pharmaceuticals & Life Sciences,Pharmaceuticals & Life Sciences,Pharmaceuticals & Life Sciences,Saudi Arabia · GCC · Africa,Saudi Arabia · GCC · Africa,,Career Page Available,,,2026-07-24,,Official employer careers,A,Official employer career page,Official / curated,75,Medium,Priority 1,https://www.tabukpharmaceuticals.com/careers/,"Pharma manufacturing, quality, supply chain and commercial operations"
company-02205,Employer Career Page,company,Tabuk Pharmaceuticals,Pharmaceuticals & Life Sciences,Pharmaceuticals & Life Sciences,Pharmaceuticals & Life Sciences,Pharmaceuticals & Life Sciences,Pharmaceuticals & Life Sciences,Saudi Arabia · GCC · Africa,Saudi Arabia · GCC · Africa,,Career Page Available,,,2026-07-24,,Official employer careers,A,Official employer career page,Official / curated,75,Medium,Priority 1,https://www.tabukpharmaceuticals.com/careers/,"Pharma manufacturing, quality, supply chain and commercial operations"
company-01016,Employer Career Page,company,Takeda,Health-sector employer search,Health-sector employer search,Pharmaceuticals & Life Sciences,Pharmaceuticals & Life Sciences,Pharmaceuticals & Life Sciences,Egypt · GCC · Africa,Egypt · GCC · Africa,,Career Page Available,,,2026-07-24,,Official employer careers,A,Official employer career page,Official / curated,75,Medium,Priority 1,https://jobs.takeda.com/,"Biopharma, digital, data, manufacturing and supply chain"
company-02206,Employer Career Page,company,Takeda,Pharmaceuticals & Life Sciences,Pharmaceuticals & Life Sciences,Pharmaceuticals & Life Sciences,Pharmaceuticals & Life Sciences,Pharmaceuticals & Life Sciences,Egypt · GCC · Africa,Egypt · GCC · Africa,,Career Page Available,,,2026-07-24,,Official employer careers,A,Official employer career page,Official / curated,75,Medium,Priority 1,https://jobs.takeda.com/,"Biopharma, digital, data, manufacturing and supply chain"
company-00884,Employer Career Page,company,Thermo Fisher Scientific,"Diagnostics, Laboratory & Life Science Tools","Diagnostics, Laboratory & Life Science Tools",Life Sciences & Diagnostics,Life Sciences & Diagnostics,Life Sciences & Diagnostics,Egypt · GCC · Africa,Egypt · GCC · Africa,,Career Page Available,,,2026-07-24,,Official employer careers,A,Official employer career page,Official / curated,75,Medium,Priority 1,https://jobs.thermofisher.com/,"Life sciences, laboratory technology, data and supply chain"
company-01090,Employer Career Page,company,Thermo Fisher Scientific,Health-sector employer search,Health-sector employer search,Life Sciences & Diagnostics,Life Sciences & Diagnostics,Life Sciences & Diagnostics,Egypt · GCC · Africa,Egypt · GCC · Africa,,Career Page Available,,,2026-07-24,,Official employer careers,A,Official employer career page,Official / curated,75,Medium,Priority 1,https://jobs.thermofisher.com/,"Life sciences, laboratory technology, data and supply chain"
company-00726,Employer Career Page,company,Viatris,Global Pharmaceuticals,Global Pharmaceuticals,Pharmaceuticals & Life Sciences,Pharmaceuticals & Life Sciences,Pharmaceuticals & Life Sciences,Egypt · GCC · Africa,Egypt · GCC · Africa,,Career Page Available,,,2026-07-24,,Official employer careers,A,Official employer career page,Official / curated,75,Medium,Priority 1,https://www.viatris.com/en/careers,"Pharma, operations, digital, data and supply chain"
company-01029,Employer Career Page,company,Viatris,Health-sector employer search,Health-sector employer search,Pharmaceuticals & Life Sciences,Pharmaceuticals & Life Sciences,Pharmaceuticals & Life Sciences,Egypt · GCC · Africa,Egypt · GCC · Africa,,Career Page Available,,,2026-07-24,,Official employer careers,A,Official employer career page,Official / curated,75,Medium,Priority 1,https://www.viatris.com/en/careers,"Pharma, operations, digital, data and supply chain"
company-00832,Employer Career Page,company,Zimmer Biomet,Medical Devices & Equipment,Medical Devices & Equipment,Medical Technology,Medical Technology,Medical Technology,Egypt · GCC · Africa,Egypt · GCC · Africa,,Career Page Available,,,2026-07-24,,Official employer careers,A,Official employer career page,Official / curated,75,Medium,Priority 1,https://careers.zimmerbiomet.com/,"Orthopedics, medtech, digital and supply chain"
company-01086,Employer Career Page,company,Zimmer Biomet,Health-sector employer search,Health-sector employer search,Medical Technology,Medical Technology,Medical Technology,Egypt · GCC · Africa,Egypt · GCC · Africa,,Career Page Available,,,2026-07-24,,Official employer careers,A,Official employer career page,Official / curated,75,Medium,Priority 1,https://careers.zimmerbiomet.com/,"Orthopedics, medtech, digital and supply chain"
company-00802,Employer Career Page,company,AbCellera,Biotechnology & Specialty Pharma,Biotechnology & Specialty Pharma,Biotechnology & Specialty Pharma,Biotechnology & Specialty Pharma,Healthcare & Life Sciences,Global,"Vancouver, Canada",,Career Page Available,,,2026-07-20,,,B,Direct organization or specialist source,Direct,64,Medium,Directory,https://www.abcellera.com/careers,R&D Digital Platforms | Data Engineering | Cloud & Cybersecurity | Enterprise Applications | Technical Program Management
company-01944,Employer Career Page,company,Accor Middle East Africa,Employer career search,Employer career search,Healthcare & Consumer,Healthcare & Consumer,Healthcare & Life Sciences,Global / Regional,Multiple,,Career Page Available,,,2026-07-20,,,B,Recognized job platform,Platform,62,Medium,Directory,https://www.linkedin.com/jobs/search/?keywords=Accor+Middle+East+Africa&sortBy=DD,"Search current technology, transformation, architecture, programme and data roles."
company-01193,Employer Career Page,company,Acibadem Healthcare Group,Health-sector employer search,Health-sector employer search,Hospitals & Providers,Hospitals & Providers,Healthcare & Life Sciences,Global,Multiple,,Career Page Available,,,2026-07-20,,,C,Search discovery link,Search link,75,Medium,Directory,https://www.google.com/search?q=%22Acibadem+Healthcare+Group%22+careers+digital+health+IT+data+jobs,"Search digital health, enterprise systems, data, architecture and transformation roles."
company-00761,Employer Career Page,company,Acino,Global Pharmaceuticals,Global Pharmaceuticals,Pharmaceutical & Biotech,Pharmaceutical & Biotech,Healthcare & Life Sciences,Global,Multiple,,Career Page Available,,,2026-07-20,,,C,Search discovery link,Search link,75,Medium,Directory,https://acino.swiss/careers/,"Search digital health, enterprise systems, data, architecture and transformation roles."
company-01068,Employer Career Page,company,Acino,Health-sector employer search,Health-sector employer search,Pharmaceutical & Biotech,Pharmaceutical & Biotech,Healthcare & Life Sciences,Global,Multiple,,Career Page Available,,,2026-07-20,,,C,Search discovery link,Search link,75,Medium,Directory,https://www.google.com/search?q=%22Acino%22+careers+digital+health+IT+data+jobs,"Search digital health, enterprise systems, data, architecture and transformation roles."
company-00801,Employer Career Page,company,Adaptive Biotechnologies,Biotechnology & Specialty Pharma,Biotechnology & Specialty Pharma,Biotechnology & Specialty Pharma,Biotechnology & Specialty Pharma,Healthcare & Life Sciences,Global,"Seattle, USA",,Career Page Available,,,2026-07-20,,,B,Direct organization or specialist source,Direct,64,Medium,Directory,https://www.adaptivebiotech.com/careers/,R&D Digital Platforms | Data Engineering | Cloud & Cybersecurity | Enterprise Applications | Technical Program Management
company-00763,Employer Career Page,company,Adcock Ingram,Global Pharmaceuticals,Global Pharmaceuticals,Pharmaceutical & Biotech,Pharmaceutical & Biotech,Healthcare & Life Sciences,Global,Multiple,,Career Page Available,,,2026-07-20,,,C,Search discovery link,Search link,75,Medium,Directory,https://www.adcock.co.za/careers/,"Search digital health, enterprise systems, data, architecture and transformation roles."
company-01070,Employer Career Page,company,Adcock Ingram,Health-sector employer search,Health-sector employer search,Pharmaceutical & Biotech,Pharmaceutical & Biotech,Healthcare & Life Sciences,Global,Multiple,,Career Page Available,,,2026-07-20,,,C,Search discovery link,Search link,75,Medium,Directory,https://www.google.com/search?q=%22Adcock+Ingram%22+careers+digital+health+IT+data+jobs,"Search digital health, enterprise systems, data, architecture and transformation roles."
company-00124,Employer Career Page,organization,Africa CDC,Global Health & Healthcare,Global Health & Healthcare,Global Health & Healthcare,Global Health & Healthcare,Healthcare & Life Sciences,Africa,"Addis Ababa, Ethiopia",,Career Page Available,,,2026-07-20,,,B,Direct organization or specialist source,Direct,62,Medium,Directory,https://africacdc.org/careers/,Health Information Systems | Digital Health | Interoperability | Enterprise Systems | Data Platforms
company-00339,Employer Career Page,organization,Africa CDC,Career and project search,Career and project search,Global Health & Healthcare,Global Health & Healthcare,Healthcare & Life Sciences,Africa,"Addis Ababa, Ethiopia",,Career Page Available,,,2026-07-20,,,B,Direct organization or specialist source,Direct,62,Medium,Directory,https://africacdc.org/careers/,Health Information Systems | Digital Health | Interoperability | Enterprise Systems | Data Platforms
company-00266,Employer Career Page,organization,African Population and Health Research Center,"Research, Foundations & Policy","Research, Foundations & Policy",Universities & Research,Universities & Research,Healthcare & Life Sciences,Global,Multiple,,Career Page Available,,,2026-07-20,,,C,Search discovery link,Search link,53,Low,Directory,https://aphrc.org/careers/,"Search current jobs, consulting assignments, tenders and technology programmes."
company-00553,Employer Career Page,organization,African Population and Health Research Center,Career and project search,Career and project search,Universities & Research,Universities & Research,Healthcare & Life Sciences,Global,Multiple,,Career Page Available,,,2026-07-20,,,C,Search discovery link,Search link,53,Low,Directory,https://www.google.com/search?q=%22African+Population+and+Health+Research+Center%22+careers+jobs+digital+transformation+ICT,"Search current jobs, consulting assignments, tenders and technology programmes."
company-01171,Employer Career Page,company,Aga Khan Health Services East Africa,Health-sector employer search,Health-sector employer search,Hospitals & Providers,Hospitals & Providers,Healthcare & Life Sciences,Global,Multiple,,Career Page Available,,,2026-07-20,,,C,Search discovery link,Search link,75,Medium,Directory,https://www.google.com/search?q=%22Aga+Khan+Health+Services+East+Africa%22+careers+digital+health+IT+data+jobs,"Search digital health, enterprise systems, data, architecture and transformation roles."
company-01169,Employer Career Page,company,Aga Khan University Hospital,Health-sector employer search,Health-sector employer search,Hospitals & Providers,Hospitals & Providers,Healthcare & Life Sciences,Global,Multiple,,Career Page Available,,,2026-07-20,,,C,Search discovery link,Search link,75,Medium,Directory,https://www.google.com/search?q=%22Aga+Khan+University+Hospital%22+careers+digital+health+IT+data+jobs,"Search digital health, enterprise systems, data, architecture and transformation roles."
company-00885,Employer Career Page,company,Agilent Technologies,"Diagnostics, Laboratory & Life Science Tools","Diagnostics, Laboratory & Life Science Tools",MedTech & Diagnostics,MedTech & Diagnostics,Healthcare & Life Sciences,Global,Multiple,,Career Page Available,,,2026-07-20,,,C,Search discovery link,Search link,75,Medium,Directory,https://careers.agilent.com/,"Search digital health, enterprise systems, data, architecture and transformation roles."
company-01091,Employer Career Page,company,Agilent Technologies,Health-sector employer search,Health-sector employer search,MedTech & Diagnostics,MedTech & Diagnostics,Healthcare & Life Sciences,Global,Multiple,,Career Page Available,,,2026-07-20,,,C,Search discovery link,Search link,75,Medium,Directory,https://www.google.com/search?q=%22Agilent+Technologies%22+careers+digital+health+IT+data+jobs,"Search digital health, enterprise systems, data, architecture and transformation roles."
company-00977,Employer Career Page,company,Aidoc,Digital Health & Healthcare IT,Digital Health & Healthcare IT,Digital Health & Healthcare IT,Digital Health & Healthcare IT,Healthcare & Life Sciences,Global,"Tel Aviv, Israel",,Career Page Available,,,2026-07-20,,,B,Direct organization or specialist source,Direct,71,Medium,Directory,https://www.aidoc.com/about/careers/,Solutions Architecture | Health Interoperability | Cloud Platforms | Product Technology | Data Engineering
company-00766,Employer Career Page,company,Ajanta Pharma,Global Pharmaceuticals,Global Pharmaceuticals,Global Pharmaceuticals,Global Pharmaceuticals,Healthcare & Life Sciences,Global,"Mumbai, India",,Career Page Available,,,2026-07-20,,,B,Direct organization or specialist source,Direct,75,Medium,Directory,https://www.ajantapharma.com/Careers.aspx,Enterprise Architecture | Digital Transformation | ERP & Manufacturing Systems | Data & Analytics | IT Governance
company-01188,Employer Career Page,company,Al Borg Diagnostics,Health-sector employer search,Health-sector employer search,Hospitals & Providers,Hospitals & Providers,Healthcare & Life Sciences,Global,Multiple,,Career Page Available,,,2026-07-20,,,C,Search discovery link,Search link,75,Medium,Directory,https://www.google.com/search?q=%22Al+Borg+Diagnostics%22+careers+digital+health+IT+data+jobs,"Search digital health, enterprise systems, data, architecture and transformation roles."
company-01189,Employer Career Page,company,Al Mokhtabar Laboratories,Health-sector employer search,Health-sector employer search,Hospitals & Providers,Hospitals & Providers,Healthcare & Life Sciences,Global,Multiple,,Career Page Available,,,2026-07-20,,,C,Search discovery link,Search link,75,Medium,Directory,https://www.google.com/search?q=%22Al+Mokhtabar+Laboratories%22+careers+digital+health+IT+data+jobs,"Search digital health, enterprise systems, data, architecture and transformation roles."
company-01930,Employer Career Page,company,Al Tayer Group,Employer career search,Employer career search,Healthcare & Consumer,Healthcare & Consumer,Healthcare & Life Sciences,Global / Regional,Multiple,,Career Page Available,,,2026-07-20,,,B,Recognized job platform,Platform,62,Medium,Directory,https://www.linkedin.com/jobs/search/?keywords=Al+Tayer+Group&sortBy=DD,"Search current technology, transformation, architecture, programme and data roles."
company-01929,Employer Career Page,company,Alamar Foods,Employer career search,Employer career search,Healthcare & Consumer,Healthcare & Consumer,Healthcare & Life Sciences,Global / Regional,Multiple,,Career Page Available,,,2026-07-20,,,B,Recognized job platform,Platform,62,Medium,Directory,https://www.linkedin.com/jobs/search/?keywords=Alamar+Foods&sortBy=DD,"Search current technology, transformation, architecture, programme and data roles."
company-01150,Employer Career Page,company,Alameda Healthcare,Health-sector employer search,Health-sector employer search,Healthcare & Life Sciences,Healthcare & Life Sciences,Healthcare & Life Sciences,Egypt,Egypt,,Career Page Available,,,2026-07-20,,,B,Direct organization or specialist source,Direct,54,Low,Directory,https://alameda-hc.com/,"Search digital health, enterprise systems, data, architecture and transformation roles."
company-01425,Employer Career Page,company,Alameda Healthcare,Healthcare,Healthcare,Healthcare & Life Sciences,Healthcare & Life Sciences,Healthcare & Life Sciences,Egypt,Egypt,,Career Page Available,,,2026-07-20,,,B,Direct organization or specialist source,Direct,54,Low,Directory,https://alameda-hc.com/,"Search digital health, enterprise systems, data, architecture and transformation roles."
company-00834,Employer Career Page,company,Alcon,Medical Devices & Equipment,Medical Devices & Equipment,MedTech & Diagnostics,MedTech & Diagnostics,Healthcare & Life Sciences,Global,Multiple,,Career Page Available,,,2026-07-20,,,C,Search discovery link,Search link,75,Medium,Directory,https://www.alcon.com/careers,"Search digital health, enterprise systems, data, architecture and transformation roles."
company-01109,Employer Career Page,company,Alcon,Health-sector employer search,Health-sector employer search,MedTech & Diagnostics,MedTech & Diagnostics,Healthcare & Life Sciences,Global,Multiple,,Career Page Available,,,2026-07-20,,,C,Search discovery link,Search link,75,Medium,Directory,https://www.google.com/search?q=%22Alcon%22+careers+digital+health+IT+data+jobs,"Search digital health, enterprise systems, data, architecture and transformation roles."
company-01483,Employer Career Page,company,Aldar Properties,Real Estate,Real Estate,Healthcare & Consumer,Healthcare & Consumer,Healthcare & Life Sciences,Global / Regional,Multiple,,Career Page Available,,,2026-07-20,,,B,Recognized job platform,Platform,62,Medium,Directory,https://careers.aldar.com/,"Search current technology, transformation, architecture, programme and data roles."
company-01932,Employer Career Page,company,Aldar Properties,Employer career search,Employer career search,Healthcare & Consumer,Healthcare & Consumer,Healthcare & Life Sciences,Global / Regional,Multiple,,Career Page Available,,,2026-07-20,,,B,Recognized job platform,Platform,62,Medium,Directory,https://www.linkedin.com/jobs/search/?keywords=Aldar+Properties&sortBy=DD,"Search current technology, transformation, architecture, programme and data roles."
company-00765,Employer Career Page,company,Alembic Pharmaceuticals,Global Pharmaceuticals,Global Pharmaceuticals,Global Pharmaceuticals,Global Pharmaceuticals,Healthcare & Life Sciences,Global,"Vadodara, India",,Career Page Available,,,2026-07-20,,,B,Direct organization or specialist source,Direct,75,Medium,Directory,https://alembicpharmaceuticals.com/careers/,Enterprise Architecture | Digital Transformation | ERP & Manufacturing Systems | Data & Analytics | IT Governance
company-00998,Employer Career Page,company,Alexandria Company for Pharmaceuticals,"Egypt, Middle East & Africa","Egypt, Middle East & Africa","Egypt, Middle East & Africa","Egypt, Middle East & Africa",Healthcare & Life Sciences,Africa,"Alexandria, Egypt",,Career Page Available,,,2026-07-20,,,B,Direct organization or specialist source,Direct,65,Medium,Directory,https://www.alexpharma.com.eg/,IT Leadership | ERP | Digital Transformation | Business Intelligence | Systems Integration
company-01041,Employer Career Page,company,Alexion AstraZeneca Rare Disease,Health-sector employer search,Health-sector employer search,Pharmaceutical & Biotech,Pharmaceutical & Biotech,Healthcare & Life Sciences,Global,Multiple,,Career Page Available,,,2026-07-20,,,C,Search discovery link,Search link,75,Medium,Directory,https://www.google.com/search?q=%22Alexion+AstraZeneca+Rare+Disease%22+careers+digital+health+IT+data+jobs,"Search digital health, enterprise systems, data, architecture and transformation roles."
company-01249,Employer Career Page,company,Algeria — Digital Health Companies Search,Live health employer discovery,Live health employer discovery,Live Medical Employer Search,Live Medical Employer Search,Healthcare & Life Sciences,Africa,Algeria,,Career Page Available,,,2026-07-20,,,C,Search discovery link,Search link,57,Low,Directory,https://www.google.com/search?q=Algeria+digital+health+companies,Live search across employers and healthcare technology opportunities.
company-01253,Employer Career Page,company,Algeria — Health Informatics Employers Search,Live health employer discovery,Live health employer discovery,Live Medical Employer Search,Live Medical Employer Search,Healthcare & Life Sciences,Africa,Algeria,,Career Page Available,,,2026-07-20,,,C,Search discovery link,Search link,53,Low,Directory,https://www.google.com/search?q=Algeria+health+informatics+employers,Live search across employers and healthcare technology opportunities.
company-00607,Employer Career Page,organization,Algeria — Health Technology Organisations Search,Live organisation discovery,Live organisation discovery,Live Organisation Search,Live Organisation Search,Healthcare & Life Sciences,Africa,Algeria,,Career Page Available,,,2026-07-20,,,C,Search discovery link,Search link,52,Low,Directory,https://www.google.com/search?q=Algeria+health+technology+organisations+careers+jobs,"Live search link, sorted toward current opportunities and organisations."
company-02011,Employer Career Page,company,Algeria — Healthcare Companies Hiring,Live employer discovery,Live employer discovery,Live Private Employer Search,Live Private Employer Search,Healthcare & Life Sciences,Africa,Algeria,,Career Page Available,,,2026-07-20,,,C,Search discovery link,Search link,52,Low,Directory,https://www.google.com/search?q=Algeria+healthcare+companies+hiring+2026,Live search for employers and current technology roles.
company-01250,Employer Career Page,company,Algeria — Hospital It Jobs Search,Live health employer discovery,Live health employer discovery,Live Medical Employer Search,Live Medical Employer Search,Healthcare & Life Sciences,Africa,Algeria,,Career Page Available,,,2026-07-20,,,C,Search discovery link,Search link,53,Low,Directory,https://www.google.com/search?q=Algeria+hospital+IT+jobs,Live search across employers and healthcare technology opportunities.
company-01252,Employer Career Page,company,Algeria — Medical Device Careers Search,Live health employer discovery,Live health employer discovery,Live Medical Employer Search,Live Medical Employer Search,Healthcare & Life Sciences,Africa,Algeria,,Career Page Available,,,2026-07-20,,,C,Search discovery link,Search link,53,Low,Directory,https://www.google.com/search?q=Algeria+medical+device+careers,Live search across employers and healthcare technology opportunities.
company-01251,Employer Career Page,company,Algeria — Pharmaceutical Technology Jobs Search,Live health employer discovery,Live health employer discovery,Live Medical Employer Search,Live Medical Employer Search,Healthcare & Life Sciences,Africa,Algeria,,Career Page Available,,,2026-07-20,,,C,Search discovery link,Search link,53,Low,Directory,https://www.google.com/search?q=Algeria+pharmaceutical+technology+jobs,Live search across employers and healthcare technology opportunities.
company-00843,Employer Career Page,company,Align Technology,Medical Devices & Equipment,Medical Devices & Equipment,MedTech & Diagnostics,MedTech & Diagnostics,Healthcare & Life Sciences,Global,Multiple,,Career Page Available,,,2026-07-20,,,C,Search discovery link,Search link,75,Medium,Directory,https://jobs.aligntech.com/,"Search digital health, enterprise systems, data, architecture and transformation roles."
company-01114,Employer Career Page,company,Align Technology,Health-sector employer search,Health-sector employer search,MedTech & Diagnostics,MedTech & Diagnostics,Healthcare & Life Sciences,Global,Multiple,,Career Page Available,,,2026-07-20,,,C,Search discovery link,Search link,75,Medium,Directory,https://www.google.com/search?q=%22Align+Technology%22+careers+digital+health+IT+data+jobs,"Search digital health, enterprise systems, data, architecture and transformation roles."
company-00952,Employer Career Page,company,Alimentiv,"CRO, Clinical Research & Pharma Services","CRO, Clinical Research & Pharma Services","CRO, Clinical Research & Pharma Services","CRO, Clinical Research & Pharma Services",Healthcare & Life Sciences,Global,"London, Canada",,Career Page Available,,,2026-07-20,,,B,Direct organization or specialist source,Direct,57,Low,Directory,https://alimentiv.com/careers/,Clinical Systems | eClinical Platforms | Data Management | Enterprise Applications | Program Delivery
company-00746,Employer Career Page,company,Alkem Laboratories,Global Pharmaceuticals,Global Pharmaceuticals,Global Pharmaceuticals,Global Pharmaceuticals,Healthcare & Life Sciences,Global,"Mumbai, India",,Career Page Available,,,2026-07-20,,,B,Direct organization or specialist source,Direct,75,Medium,Directory,https://www.alkemlabs.com/careers,Enterprise Architecture | Digital Transformation | ERP & Manufacturing Systems | Data & Analytics | IT Governance
company-00956,Employer Career Page,company,Allucent,"CRO, Clinical Research & Pharma Services","CRO, Clinical Research & Pharma Services","CRO, Clinical Research & Pharma Services","CRO, Clinical Research & Pharma Services",Healthcare & Life Sciences,Global,"Cary, USA",,Career Page Available,,,2026-07-20,,,B,Direct organization or specialist source,Direct,57,Low,Directory,https://www.allucent.com/careers,Clinical Systems | eClinical Platforms | Data Management | Enterprise Applications | Program Delivery
company-01148,Employer Career Page,company,Almentor Health,Health-sector employer search,Health-sector employer search,MedTech & Diagnostics,MedTech & Diagnostics,Healthcare & Life Sciences,Global,Multiple,,Career Page Available,,,2026-07-20,,,C,Search discovery link,Search link,75,Medium,Directory,https://www.google.com/search?q=%22Almentor+Health%22+careers+digital+health+IT+data+jobs,"Search digital health, enterprise systems, data, architecture and transformation roles."
company-00735,Employer Career Page,company,Almirall,Global Pharmaceuticals,Global Pharmaceuticals,Global Pharmaceuticals,Global Pharmaceuticals,Healthcare & Life Sciences,Global,"Barcelona, Spain",,Career Page Available,,,2026-07-20,,,B,Direct organization or specialist source,Direct,75,Medium,Directory,https://careers.almirall.com/,Enterprise Architecture | Digital Transformation | ERP & Manufacturing Systems | Data & Analytics | IT Governance
company-00782,Employer Career Page,company,Alnylam Pharmaceuticals,Biotechnology & Specialty Pharma,Biotechnology & Specialty Pharma,Pharmaceutical & Biotech,Pharmaceutical & Biotech,Healthcare & Life Sciences,Global,Multiple,,Career Page Available,,,2026-07-20,,,C,Search discovery link,Search link,75,Medium,Directory,https://www.alnylam.com/careers,"Search digital health, enterprise systems, data, architecture and transformation roles."
company-01038,Employer Career Page,company,Alnylam Pharmaceuticals,Health-sector employer search,Health-sector employer search,Pharmaceutical & Biotech,Pharmaceutical & Biotech,Healthcare & Life Sciences,Global,Multiple,,Career Page Available,,,2026-07-20,,,C,Search discovery link,Search link,75,Medium,Directory,https://www.google.com/search?q=%22Alnylam+Pharmaceuticals%22+careers+digital+health+IT+data+jobs,"Search digital health, enterprise systems, data, architecture and transformation roles."
company-01518,Employer Career Page,company,Alshaya Group,Retail,Retail,Healthcare & Consumer,Healthcare & Consumer,Healthcare & Life Sciences,Global / Regional,Multiple,,Career Page Available,,,2026-07-20,,,B,Recognized job platform,Platform,62,Medium,Directory,https://careers.alshaya.com/,"Search current technology, transformation, architecture, programme and data roles."
company-01921,Employer Career Page,company,Alshaya Group,Employer career search,Employer career search,Healthcare & Consumer,Healthcare & Consumer,Healthcare & Life Sciences,Global / Regional,Multiple,,Career Page Available,,,2026-07-20,,,B,Recognized job platform,Platform,62,Medium,Directory,https://www.linkedin.com/jobs/search/?keywords=Alshaya+Group&sortBy=DD,"Search current technology, transformation, architecture, programme and data roles."
company-00963,Employer Career Page,company,Altera Digital Health,Digital Health & Healthcare IT,Digital Health & Healthcare IT,Digital Health & Healthcare IT,Digital Health & Healthcare IT,Healthcare & Life Sciences,Global,"Niagara Falls, Canada",,Career Page Available,,,2026-07-20,,,B,Direct organization or specialist source,Direct,71,Medium,Directory,https://www.alterahealth.com/careers/,Solutions Architecture | Health Interoperability | Cloud Platforms | Product Technology | Data Engineering
company-01140,Employer Career Page,company,Altibbi,Health-sector employer search,Health-sector employer search,MedTech & Diagnostics,MedTech & Diagnostics,Healthcare & Life Sciences,Global,Multiple,,Career Page Available,,,2026-07-20,,,C,Search discovery link,Search link,75,Medium,Directory,https://www.google.com/search?q=%22Altibbi%22+careers+digital+health+IT+data+jobs,"Search digital health, enterprise systems, data, architecture and transformation roles."
company-01913,Employer Career Page,company,Amazon MENA,Employer career search,Employer career search,Healthcare & Consumer,Healthcare & Consumer,Healthcare & Life Sciences,Global / Regional,Multiple,,Career Page Available,,,2026-07-20,,,B,Recognized job platform,Platform,62,Medium,Directory,https://www.linkedin.com/jobs/search/?keywords=Amazon+MENA&sortBy=DD,"Search current technology, transformation, architecture, programme and data roles."
company-00881,Employer Career Page,company,Ambu,Medical Devices & Equipment,Medical Devices & Equipment,Medical Devices & Equipment,Medical Devices & Equipment,Healthcare & Life Sciences,Global,"Ballerup, Denmark",,Career Page Available,,,2026-07-20,,,B,Direct organization or specialist source,Direct,66,Medium,Directory,https://www.ambu.com/careers,Digital Health Platforms | Systems Integration | Enterprise Applications | Service Technology | Data Platforms
company-01168,Employer Career Page,company,American Hospital Dubai,Health-sector employer search,Health-sector employer search,Hospitals & Providers,Hospitals & Providers,Healthcare & Life Sciences,Global,Multiple,,Career Page Available,,,2026-07-20,,,C,Search discovery link,Search link,75,Medium,Directory,https://www.google.com/search?q=%22American+Hospital+Dubai%22+careers+digital+health+IT+data+jobs,"Search digital health, enterprise systems, data, architecture and transformation roles."
company-01928,Employer Career Page,company,Americana Restaurants,Employer career search,Employer career search,Healthcare & Consumer,Healthcare & Consumer,Healthcare & Life Sciences,Global / Regional,Multiple,,Career Page Available,,,2026-07-20,,,B,Recognized job platform,Platform,62,Medium,Directory,https://www.linkedin.com/jobs/search/?keywords=Americana+Restaurants&sortBy=DD,"Search current technology, transformation, architecture, programme and data roles."
company-00123,Employer Career Page,organization,Amref Health Africa,Global Health & Healthcare,Global Health & Healthcare,International NGOs,International NGOs,Healthcare & Life Sciences,Global,Multiple,,Career Page Available,,,2026-07-20,,,C,Search discovery link,Search link,20,Low,Directory,https://amref.org/careers/,"Search current jobs, consulting assignments, tenders and technology programmes."
company-00376,Employer Career Page,organization,Amref Health Africa,Career and project search,Career and project search,International NGOs,International NGOs,Healthcare & Life Sciences,Global,Multiple,,Career Page Available,,,2026-07-20,,,C,Search discovery link,Search link,20,Low,Directory,https://www.google.com/search?q=%22Amref+Health+Africa%22+careers+jobs+digital+transformation+ICT,"Search current jobs, consulting assignments, tenders and technology programmes."
company-00968,Employer Career Page,company,Amwell,Digital Health & Healthcare IT,Digital Health & Healthcare IT,Digital Health & Healthcare IT,Digital Health & Healthcare IT,Healthcare & Life Sciences,Global,"Boston, USA",,Career Page Available,,,2026-07-20,,,B,Direct organization or specialist source,Direct,71,Medium,Directory,https://business.amwell.com/careers/,Solutions Architecture | Health Interoperability | Cloud Platforms | Product Technology | Data Engineering
company-01186,Employer Career Page,company,Andalusia Group,Health-sector employer search,Health-sector employer search,Hospitals & Providers,Hospitals & Providers,Healthcare & Life Sciences,Global,Multiple,,Career Page Available,,,2026-07-20,,,C,Search discovery link,Search link,75,Medium,Directory,https://www.google.com/search?q=%22Andalusia+Group%22+careers+digital+health+IT+data+jobs,"Search digital health, enterprise systems, data, architecture and transformation roles."
company-00809,Employer Career Page,company,Apellis Pharmaceuticals,Biotechnology & Specialty Pharma,Biotechnology & Specialty Pharma,Biotechnology & Specialty Pharma,Biotechnology & Specialty Pharma,Healthcare & Life Sciences,Global,"Waltham, USA",,Career Page Available,,,2026-07-20,,,B,Direct organization or specialist source,Direct,64,Medium,Directory,https://apellis.com/careers/,R&D Digital Platforms | Data Engineering | Cloud & Cybersecurity | Enterprise Applications | Technical Program Management
company-00987,Employer Career Page,company,Apex Pharma,"Egypt, Middle East & Africa","Egypt, Middle East & Africa","Egypt, Middle East & Africa","Egypt, Middle East & Africa",Healthcare & Life Sciences,Africa,"Cairo, Egypt",,Career Page Available,,,2026-07-20,,,B,Direct organization or specialist source,Direct,65,Medium,Directory,https://www.apexpharma.net/,IT Leadership | ERP | Digital Transformation | Business Intelligence | Systems Integration
company-01194,Employer Career Page,company,Apollo Hospitals,Health-sector employer search,Health-sector employer search,Hospitals & Providers,Hospitals & Providers,Healthcare & Life Sciences,Global,Multiple,,Career Page Available,,,2026-07-20,,,C,Search discovery link,Search link,75,Medium,Directory,https://www.google.com/search?q=%22Apollo+Hospitals%22+careers+digital+health+IT+data+jobs,"Search digital health, enterprise systems, data, architecture and transformation roles."
company-00771,Employer Career Page,company,Apotex,Global Pharmaceuticals,Global Pharmaceuticals,Global Pharmaceuticals,Global Pharmaceuticals,Healthcare & Life Sciences,Global,"Toronto, Canada",,Career Page Available,,,2026-07-20,,,B,Direct organization or specialist source,Direct,75,Medium,Directory,https://www.apotex.com/global/careers,Enterprise Architecture | Digital Transformation | ERP & Manufacturing Systems | Data & Analytics | IT Governance
company-01924,Employer Career Page,company,Apparel Group,Employer career search,Employer career search,Healthcare & Consumer,Healthcare & Consumer,Healthcare & Life Sciences,Global / Regional,Multiple,,Career Page Available,,,2026-07-20,,,B,Recognized job platform,Platform,62,Medium,Directory,https://www.linkedin.com/jobs/search/?keywords=Apparel+Group&sortBy=DD,"Search current technology, transformation, architecture, programme and data roles."
company-00996,Employer Career Page,company,Arab Drug Company,"Egypt, Middle East & Africa","Egypt, Middle East & Africa","Egypt, Middle East & Africa","Egypt, Middle East & Africa",Healthcare & Life Sciences,Africa,"Cairo, Egypt",,Career Page Available,,,2026-07-20,,,B,Direct organization or specialist source,Direct,65,Medium,Directory,https://www.adco.com.eg/,IT Leadership | ERP | Digital Transformation | Business Intelligence | Systems Integration
company-00819,Employer Career Page,company,Arcellx,Biotechnology & Specialty Pharma,Biotechnology & Specialty Pharma,Biotechnology & Specialty Pharma,Biotechnology & Specialty Pharma,Healthcare & Life Sciences,Global,"Redwood City, USA",,Career Page Available,,,2026-07-20,,,B,Direct organization or specialist source,Direct,64,Medium,Directory,https://www.arcellx.com/careers/,R&D Digital Platforms | Data Engineering | Cloud & Cybersecurity | Enterprise Applications | Technical Program Management
company-00784,Employer Career Page,company,argenx,Biotechnology & Specialty Pharma,Biotechnology & Specialty Pharma,Biotechnology & Specialty Pharma,Biotechnology & Specialty Pharma,Healthcare & Life Sciences,Global,"Ghent, Belgium",,Career Page Available,,,2026-07-20,,,B,Direct organization or specialist source,Direct,64,Medium,Directory,https://www.argenx.com/careers,R&D Digital Platforms | Data Engineering | Cloud & Cybersecurity | Enterprise Applications | Technical Program Management
company-01125,Employer Career Page,company,Arjo,Health-sector employer search,Health-sector employer search,MedTech & Diagnostics,MedTech & Diagnostics,Healthcare & Life Sciences,Global,Multiple,,Career Page Available,,,2026-07-20,,,C,Search discovery link,Search link,75,Medium,Directory,https://www.google.com/search?q=%22Arjo%22+careers+digital+health+IT+data+jobs,"Search digital health, enterprise systems, data, architecture and transformation roles."
company-00879,Employer Career Page,company,Arthrex,Medical Devices & Equipment,Medical Devices & Equipment,Medical Devices & Equipment,Medical Devices & Equipment,Healthcare & Life Sciences,Global,"Naples, USA",,Career Page Available,,,2026-07-20,,,B,Direct organization or specialist source,Direct,66,Medium,Directory,https://careers.arthrex.com/,Digital Health Platforms | Systems Integration | Enterprise Applications | Service Technology | Data Platforms
company-01185,Employer Career Page,company,As-Salam International Hospital,Health-sector employer search,Health-sector employer search,Hospitals & Providers,Hospitals & Providers,Healthcare & Life Sciences,Global,Multiple,,Career Page Available,,,2026-07-20,,,C,Search discovery link,Search link,50,Low,Directory,https://www.google.com/search?q=%22As-Salam+International+Hospital%22+careers+digital+health+IT+data+jobs,"Search digital health, enterprise systems, data, architecture and transformation roles."
company-00792,Employer Career Page,company,Ascendis Pharma,Biotechnology & Specialty Pharma,Biotechnology & Specialty Pharma,Biotechnology & Specialty Pharma,Biotechnology & Specialty Pharma,Healthcare & Life Sciences,Global,"Hellerup, Denmark",,Career Page Available,,,2026-07-20,,,B,Direct organization or specialist source,Direct,64,Medium,Directory,https://ascendispharma.com/careers/,R&D Digital Platforms | Data Engineering | Cloud & Cybersecurity | Enterprise Applications | Technical Program Management
company-00762,Employer Career Page,company,Aspen Pharmacare,Global Pharmaceuticals,Global Pharmaceuticals,Healthcare & Life Sciences,Healthcare & Life Sciences,Healthcare & Life Sciences,Africa,South Africa,,Career Page Available,,,2026-07-20,,,B,Direct organization or specialist source,Direct,52,Low,Directory,https://www.aspenpharma.com/careers/,"Search digital health, enterprise systems, data, architecture and transformation roles."
company-01069,Employer Career Page,company,Aspen Pharmacare,Health-sector employer search,Health-sector employer search,Healthcare & Life Sciences,Healthcare & Life Sciences,Healthcare & Life Sciences,Africa,South Africa,,Career Page Available,,,2026-07-20,,,B,Direct organization or specialist source,Direct,52,Low,Directory,https://www.aspenpharma.com/careers/,"Search digital health, enterprise systems, data, architecture and transformation roles."
company-01588,Employer Career Page,company,Aspen Pharmacare,Pharmaceuticals,Pharmaceuticals,Healthcare & Life Sciences,Healthcare & Life Sciences,Healthcare & Life Sciences,Africa,South Africa,,Career Page Available,,,2026-07-20,,,B,Direct organization or specialist source,Direct,52,Low,Directory,https://www.aspenpharma.com/careers/,"Search digital health, enterprise systems, data, architecture and transformation roles."
company-00720,Employer Career Page,company,Astellas Pharma,Global Pharmaceuticals,Global Pharmaceuticals,Pharmaceutical & Biotech,Pharmaceutical & Biotech,Healthcare & Life Sciences,Global,Multiple,,Career Page Available,,,2026-07-20,,,C,Search discovery link,Search link,75,Medium,Directory,https://www.astellas.com/en/careers,"Search digital health, enterprise systems, data, architecture and transformation roles."
company-01020,Employer Career Page,company,Astellas Pharma,Health-sector employer search,Health-sector employer search,Pharmaceutical & Biotech,Pharmaceutical & Biotech,Healthcare & Life Sciences,Global,Multiple,,Career Page Available,,,2026-07-20,,,C,Search discovery link,Search link,75,Medium,Directory,https://www.google.com/search?q=%22Astellas+Pharma%22+careers+digital+health+IT+data+jobs,"Search digital health, enterprise systems, data, architecture and transformation roles."
company-00960,Employer Career Page,company,athenahealth,Digital Health & Healthcare IT,Digital Health & Healthcare IT,Digital Health & Healthcare IT,Digital Health & Healthcare IT,Healthcare & Life Sciences,Global,"Boston, USA",,Career Page Available,,,2026-07-20,,,B,Direct organization or specialist source,Direct,71,Medium,Directory,https://www.athenahealth.com/careers,Solutions Architecture | Health Interoperability | Cloud Platforms | Product Technology | Data Engineering
company-01064,Employer Career Page,company,AUG Pharma,Health-sector employer search,Health-sector employer search,Pharmaceutical & Biotech,Pharmaceutical & Biotech,Healthcare & Life Sciences,Global,Multiple,,Career Page Available,,,2026-07-20,,,C,Search discovery link,Search link,75,Medium,Directory,https://www.google.com/search?q=%22AUG+Pharma%22+careers+digital+health+IT+data+jobs,"Search digital health, enterprise systems, data, architecture and transformation roles."
company-00743,Employer Career Page,company,Aurobindo Pharma,Global Pharmaceuticals,Global Pharmaceuticals,Global Pharmaceuticals,Global Pharmaceuticals,Healthcare & Life Sciences,Global,"Hyderabad, India",,Career Page Available,,,2026-07-20,,,B,Direct organization or specialist source,Direct,75,Medium,Directory,https://www.aurobindo.com/careers/,Enterprise Architecture | Digital Transformation | ERP & Manufacturing Systems | Data & Analytics | IT Governance
company-00758,Employer Career Page,company,Avalon Pharma,Global Pharmaceuticals,Global Pharmaceuticals,Global Pharmaceuticals,Global Pharmaceuticals,Healthcare & Life Sciences,GCC & Middle East,"Riyadh, Saudi Arabia",,Career Page Available,,,2026-07-20,,,B,Direct organization or specialist source,Direct,75,Medium,Directory,https://avalonpharmaceutical.com/careers/,Enterprise Architecture | Digital Transformation | ERP & Manufacturing Systems | Data & Analytics | IT Governance
company-00949,Employer Career Page,company,Avance Clinical,"CRO, Clinical Research & Pharma Services","CRO, Clinical Research & Pharma Services","CRO, Clinical Research & Pharma Services","CRO, Clinical Research & Pharma Services",Healthcare & Life Sciences,Global,"Adelaide, Australia",,Career Page Available,,,2026-07-20,,,B,Direct organization or specialist source,Direct,57,Low,Directory,https://www.avancecro.com/careers/,Clinical Systems | eClinical Platforms | Data Management | Enterprise Applications | Program Delivery
company-01926,Employer Career Page,company,Azadea Group,Employer career search,Employer career search,Healthcare & Consumer,Healthcare & Consumer,Healthcare & Life Sciences,Global / Regional,Multiple,,Career Page Available,,,2026-07-20,,,B,Recognized job platform,Platform,62,Medium,Directory,https://www.linkedin.com/jobs/search/?keywords=Azadea+Group&sortBy=DD,"Search current technology, transformation, architecture, programme and data roles."
company-00875,Employer Career Page,company,B. Braun,Medical Devices & Equipment,Medical Devices & Equipment,MedTech & Diagnostics,MedTech & Diagnostics,Healthcare & Life Sciences,Global,Multiple,,Career Page Available,,,2026-07-20,,,C,Search discovery link,Search link,75,Medium,Directory,https://www.bbraun.com/en/career.html,"Search digital health, enterprise systems, data, architecture and transformation roles."
company-01124,Employer Career Page,company,B. Braun,Health-sector employer search,Health-sector employer search,MedTech & Diagnostics,MedTech & Diagnostics,Healthcare & Life Sciences,Global,Multiple,,Career Page Available,,,2026-07-20,,,C,Search discovery link,Search link,75,Medium,Directory,https://www.google.com/search?q=%22B.+Braun%22+careers+digital+health+IT+data+jobs,"Search digital health, enterprise systems, data, architecture and transformation roles."
company-00134,Employer Career Page,organization,Bahmni,Global Health & Healthcare,Global Health & Healthcare,Global Health & Healthcare,Global Health & Healthcare,Healthcare & Life Sciences,Global,Global,,Career Page Available,,,2026-07-20,,,B,Direct organization or specialist source,Direct,64,Medium,Directory,https://www.bahmni.org/,Health Information Systems | Digital Health | Interoperability | Enterprise Systems | Data Platforms
company-01229,Employer Career Page,company,Bahrain — Digital Health Companies Search,Live health employer discovery,Live health employer discovery,Live Medical Employer Search,Live Medical Employer Search,Healthcare & Life Sciences,GCC,Bahrain,,Career Page Available,,,2026-07-20,,,C,Search discovery link,Search link,59,Low,Directory,https://www.google.com/search?q=Bahrain+digital+health+companies,Live search across employers and healthcare technology opportunities.
company-01233,Employer Career Page,company,Bahrain — Health Informatics Employers Search,Live health employer discovery,Live health employer discovery,Live Medical Employer Search,Live Medical Employer Search,Healthcare & Life Sciences,GCC,Bahrain,,Career Page Available,,,2026-07-20,,,C,Search discovery link,Search link,55,Low,Directory,https://www.google.com/search?q=Bahrain+health+informatics+employers,Live search across employers and healthcare technology opportunities.
company-00587,Employer Career Page,organization,Bahrain — Health Technology Organisations Search,Live organisation discovery,Live organisation discovery,Live Organisation Search,Live Organisation Search,Healthcare & Life Sciences,GCC,Bahrain,,Career Page Available,,,2026-07-20,,,C,Search discovery link,Search link,54,Low,Directory,https://www.google.com/search?q=Bahrain+health+technology+organisations+careers+jobs,"Live search link, sorted toward current opportunities and organisations."
company-01991,Employer Career Page,company,Bahrain — Healthcare Companies Hiring,Live employer discovery,Live employer discovery,Live Private Employer Search,Live Private Employer Search,Healthcare & Life Sciences,GCC,Bahrain,,Career Page Available,,,2026-07-20,,,C,Search discovery link,Search link,54,Low,Directory,https://www.google.com/search?q=Bahrain+healthcare+companies+hiring+2026,Live search for employers and current technology roles.
company-01230,Employer Career Page,company,Bahrain — Hospital It Jobs Search,Live health employer discovery,Live health employer discovery,Live Medical Employer Search,Live Medical Employer Search,Healthcare & Life Sciences,GCC,Bahrain,,Career Page Available,,,2026-07-20,,,C,Search discovery link,Search link,55,Low,Directory,https://www.google.com/search?q=Bahrain+hospital+IT+jobs,Live search across employers and healthcare technology opportunities.
company-01232,Employer Career Page,company,Bahrain — Medical Device Careers Search,Live health employer discovery,Live health employer discovery,Live Medical Employer Search,Live Medical Employer Search,Healthcare & Life Sciences,GCC,Bahrain,,Career Page Available,,,2026-07-20,,,C,Search discovery link,Search link,55,Low,Directory,https://www.google.com/search?q=Bahrain+medical+device+careers,Live search across employers and healthcare technology opportunities.
company-01231,Employer Career Page,company,Bahrain — Pharmaceutical Technology Jobs Search,Live health employer discovery,Live health employer discovery,Live Medical Employer Search,Live Medical Employer Search,Healthcare & Life Sciences,GCC,Bahrain,,Career Page Available,,,2026-07-20,,,C,Search discovery link,Search link,55,Low,Directory,https://www.google.com/search?q=Bahrain+pharmaceutical+technology+jobs,Live search across employers and healthcare technology opportunities.
company-00772,Employer Career Page,company,Bausch Health,Global Pharmaceuticals,Global Pharmaceuticals,Global Pharmaceuticals,Global Pharmaceuticals,Healthcare & Life Sciences,Global,"Laval, Canada",,Career Page Available,,,2026-07-20,,,B,Direct organization or specialist source,Direct,77,Medium,Directory,https://jobs.bauschhealth.com/,Enterprise Architecture | Digital Transformation | ERP & Manufacturing Systems | Data & Analytics | IT Governance
company-00829,Employer Career Page,company,Baxter International,Medical Devices & Equipment,Medical Devices & Equipment,Medical Devices & Equipment,Medical Devices & Equipment,Healthcare & Life Sciences,Global,"Deerfield, USA",,Career Page Available,,,2026-07-20,,,B,Direct organization or specialist source,Direct,33,Low,Directory,https://jobs.baxter.com/,Digital Health Platforms | Systems Integration | Enterprise Applications | Service Technology | Data Platforms
company-00716,Employer Career Page,company,Bayer Pharmaceuticals,Global Pharmaceuticals,Global Pharmaceuticals,Pharmaceutical & Biotech,Pharmaceutical & Biotech,Healthcare & Life Sciences,Global,Multiple,,Career Page Available,,,2026-07-20,,,C,Search discovery link,Search link,75,Medium,Directory,https://career.bayer.com/,"Search digital health, enterprise systems, data, architecture and transformation roles."
company-01018,Employer Career Page,company,Bayer Pharmaceuticals,Health-sector employer search,Health-sector employer search,Pharmaceutical & Biotech,Pharmaceutical & Biotech,Healthcare & Life Sciences,Global,Multiple,,Career Page Available,,,2026-07-20,,,C,Search discovery link,Search link,75,Medium,Directory,https://www.google.com/search?q=%22Bayer+Pharmaceuticals%22+careers+digital+health+IT+data+jobs,"Search digital health, enterprise systems, data, architecture and transformation roles."
company-01083,Employer Career Page,company,BD,Health-sector employer search,Health-sector employer search,MedTech & Diagnostics,MedTech & Diagnostics,Healthcare & Life Sciences,Global,Multiple,,Career Page Available,,,2026-07-20,,,C,Search discovery link,Search link,75,Medium,Directory,https://www.google.com/search?q=%22BD%22+careers+digital+health+IT+data+jobs,"Search digital health, enterprise systems, data, architecture and transformation roles."
company-00790,Employer Career Page,company,Beam Therapeutics,Biotechnology & Specialty Pharma,Biotechnology & Specialty Pharma,Biotechnology & Specialty Pharma,Biotechnology & Specialty Pharma,Healthcare & Life Sciences,Global,"Cambridge, USA",,Career Page Available,,,2026-07-20,,,B,Direct organization or specialist source,Direct,64,Medium,Directory,https://beamtx.com/careers/,R&D Digital Platforms | Data Engineering | Cloud & Cybersecurity | Enterprise Applications | Technical Program Management
company-00902,Employer Career Page,company,Beckman Coulter,"Diagnostics, Laboratory & Life Science Tools","Diagnostics, Laboratory & Life Science Tools",MedTech & Diagnostics,MedTech & Diagnostics,Healthcare & Life Sciences,Global,Multiple,,Career Page Available,,,2026-07-20,,,C,Search discovery link,Search link,75,Medium,Directory,https://jobs.danaher.com/global/en/beckman-coulter,"Search digital health, enterprise systems, data, architecture and transformation roles."
company-01098,Employer Career Page,company,Beckman Coulter,Health-sector employer search,Health-sector employer search,MedTech & Diagnostics,MedTech & Diagnostics,Healthcare & Life Sciences,Global,Multiple,,Career Page Available,,,2026-07-20,,,C,Search discovery link,Search link,75,Medium,Directory,https://www.google.com/search?q=%22Beckman+Coulter%22+careers+digital+health+IT+data+jobs,"Search digital health, enterprise systems, data, architecture and transformation roles."
company-01088,Employer Career Page,company,Becton Dickinson,Health-sector employer search,Health-sector employer search,MedTech & Diagnostics,MedTech & Diagnostics,Healthcare & Life Sciences,Global,Multiple,,Career Page Available,,,2026-07-20,,,C,Search discovery link,Search link,75,Medium,Directory,https://www.google.com/search?q=%22Becton+Dickinson%22+careers+digital+health+IT+data+jobs,"Search digital health, enterprise systems, data, architecture and transformation roles."
company-00828,Employer Career Page,company,"Becton, Dickinson and Company",Medical Devices & Equipment,Medical Devices & Equipment,Medical Devices & Equipment,Medical Devices & Equipment,Healthcare & Life Sciences,Global,"Franklin Lakes, USA",,Career Page Available,,,2026-07-20,,,B,Direct organization or specialist source,Direct,69,Medium,Directory,https://jobs.bd.com/,Digital Health Platforms | Systems Integration | Enterprise Applications | Service Technology | Data Platforms
company-01035,Employer Career Page,company,BeiGene,Health-sector employer search,Health-sector employer search,Pharmaceutical & Biotech,Pharmaceutical & Biotech,Healthcare & Life Sciences,Global,Multiple,,Career Page Available,,,2026-07-20,,,C,Search discovery link,Search link,75,Medium,Directory,https://www.google.com/search?q=%22BeiGene%22+careers+digital+health+IT+data+jobs,"Search digital health, enterprise systems, data, architecture and transformation roles."
company-00781,Employer Career Page,company,BeOne Medicines,Biotechnology & Specialty Pharma,Biotechnology & Specialty Pharma,Biotechnology & Specialty Pharma,Biotechnology & Specialty Pharma,Healthcare & Life Sciences,Global,"Basel, Switzerland",,Career Page Available,,,2026-07-20,,,B,Direct organization or specialist source,Direct,64,Medium,Directory,https://beonemedicines.com/careers/,R&D Digital Platforms | Data Engineering | Cloud & Cybersecurity | Enterprise Applications | Technical Program Management
company-01918,Employer Career Page,company,BinDawood Holding,Employer career search,Employer career search,Healthcare & Consumer,Healthcare & Consumer,Healthcare & Life Sciences,Global / Regional,Multiple,,Career Page Available,,,2026-07-20,,,B,Recognized job platform,Platform,62,Medium,Directory,https://www.linkedin.com/jobs/search/?keywords=BinDawood+Holding&sortBy=DD,"Search current technology, transformation, architecture, programme and data roles."
company-00886,Employer Career Page,company,Bio-Rad Laboratories,"Diagnostics, Laboratory & Life Science Tools","Diagnostics, Laboratory & Life Science Tools",MedTech & Diagnostics,MedTech & Diagnostics,Healthcare & Life Sciences,Global,Multiple,,Career Page Available,,,2026-07-20,,,C,Search discovery link,Search link,75,Medium,Directory,https://careers.bio-rad.com/,"Search digital health, enterprise systems, data, architecture and transformation roles."
company-01092,Employer Career Page,company,Bio-Rad Laboratories,Health-sector employer search,Health-sector employer search,MedTech & Diagnostics,MedTech & Diagnostics,Healthcare & Life Sciences,Global,Multiple,,Career Page Available,,,2026-07-20,,,C,Search discovery link,Search link,75,Medium,Directory,https://www.google.com/search?q=%22Bio-Rad+Laboratories%22+careers+digital+health+IT+data+jobs,"Search digital health, enterprise systems, data, architecture and transformation roles."
company-00748,Employer Career Page,company,Biocon,Global Pharmaceuticals,Global Pharmaceuticals,Global Pharmaceuticals,Global Pharmaceuticals,Healthcare & Life Sciences,Global,"Bengaluru, India",,Career Page Available,,,2026-07-20,,,B,Direct organization or specialist source,Direct,75,Medium,Directory,https://www.biocon.com/careers/,Enterprise Architecture | Digital Transformation | ERP & Manufacturing Systems | Data & Analytics | IT Governance
company-00779,Employer Career Page,company,Biogen,Biotechnology & Specialty Pharma,Biotechnology & Specialty Pharma,Pharmaceutical & Biotech,Pharmaceutical & Biotech,Healthcare & Life Sciences,Global,Multiple,,Career Page Available,,,2026-07-20,,,C,Search discovery link,Search link,75,Medium,Directory,https://careers.biogen.com/,"Search digital health, enterprise systems, data, architecture and transformation roles."
company-01013,Employer Career Page,company,Biogen,Health-sector employer search,Health-sector employer search,Pharmaceutical & Biotech,Pharmaceutical & Biotech,Healthcare & Life Sciences,Global,Multiple,,Career Page Available,,,2026-07-20,,,C,Search discovery link,Search link,75,Medium,Directory,https://www.google.com/search?q=%22Biogen%22+careers+digital+health+IT+data+jobs,"Search digital health, enterprise systems, data, architecture and transformation roles."
company-00785,Employer Career Page,company,BioMarin Pharmaceutical,Biotechnology & Specialty Pharma,Biotechnology & Specialty Pharma,Biotechnology & Specialty Pharma,Biotechnology & Specialty Pharma,Healthcare & Life Sciences,Global,"San Rafael, USA",,Career Page Available,,,2026-07-20,,,B,Direct organization or specialist source,Direct,64,Medium,Directory,https://careers.biomarin.com/,R&D Digital Platforms | Data Engineering | Cloud & Cybersecurity | Enterprise Applications | Technical Program Management
company-00888,Employer Career Page,company,bioMérieux,"Diagnostics, Laboratory & Life Science Tools","Diagnostics, Laboratory & Life Science Tools",MedTech & Diagnostics,MedTech & Diagnostics,Healthcare & Life Sciences,Global,Multiple,,Career Page Available,,,2026-07-20,,,C,Search discovery link,Search link,75,Medium,Directory,https://careers.biomerieux.com/,"Search digital health, enterprise systems, data, architecture and transformation roles."
company-01095,Employer Career Page,company,bioMérieux,Health-sector employer search,Health-sector employer search,MedTech & Diagnostics,MedTech & Diagnostics,Healthcare & Life Sciences,Global,Multiple,,Career Page Available,,,2026-07-20,,,C,Search discovery link,Search link,75,Medium,Directory,https://www.google.com/search?q=%22bioM%C3%A9rieux%22+careers+digital+health+IT+data+jobs,"Search digital health, enterprise systems, data, architecture and transformation roles."
company-00778,Employer Career Page,company,BioNTech,Biotechnology & Specialty Pharma,Biotechnology & Specialty Pharma,Pharmaceutical & Biotech,Pharmaceutical & Biotech,Healthcare & Life Sciences,Global,Multiple,,Career Page Available,,,2026-07-20,,,C,Search discovery link,Search link,75,Medium,Directory,https://careers.biontech.com/,"Search digital health, enterprise systems, data, architecture and transformation roles."
company-01037,Employer Career Page,company,BioNTech,Health-sector employer search,Health-sector employer search,Pharmaceutical & Biotech,Pharmaceutical & Biotech,Healthcare & Life Sciences,Global,Multiple,,Career Page Available,,,2026-07-20,,,C,Search discovery link,Search link,75,Medium,Directory,https://www.google.com/search?q=%22BioNTech%22+careers+digital+health+IT+data+jobs,"Search digital health, enterprise systems, data, architecture and transformation roles."
company-01555,Employer Career Page,company,Biopharm Algeria,Pharmaceuticals,Pharmaceuticals,Healthcare & Life Sciences,Healthcare & Life Sciences,Healthcare & Life Sciences,Africa,Algeria,,Career Page Available,,,2026-07-20,,,B,Direct organization or specialist source,Direct,52,Low,Directory,https://www.biopharmdz.com/,
company-00799,Employer Career Page,company,Blueprint Medicines,Biotechnology & Specialty Pharma,Biotechnology & Specialty Pharma,Biotechnology & Specialty Pharma,Biotechnology & Specialty Pharma,Healthcare & Life Sciences,Global,"Cambridge, USA",,Career Page Available,,,2026-07-20,,,B,Direct organization or specialist source,Direct,64,Medium,Directory,https://www.blueprintmedicines.com/careers/,R&D Digital Platforms | Data Engineering | Cloud & Cybersecurity | Enterprise Applications | Technical Program Management
company-01319,Employer Career Page,company,Botswana — Digital Health Companies Search,Live health employer discovery,Live health employer discovery,Live Medical Employer Search,Live Medical Employer Search,Healthcare & Life Sciences,Other,Botswana,,Career Page Available,,,2026-07-20,,,C,Search discovery link,Search link,55,Low,Directory,https://www.google.com/search?q=Botswana+digital+health+companies,Live search across employers and healthcare technology opportunities.
company-01323,Employer Career Page,company,Botswana — Health Informatics Employers Search,Live health employer discovery,Live health employer discovery,Live Medical Employer Search,Live Medical Employer Search,Healthcare & Life Sciences,Other,Botswana,,Career Page Available,,,2026-07-20,,,C,Search discovery link,Search link,52,Low,Directory,https://www.google.com/search?q=Botswana+health+informatics+employers,Live search across employers and healthcare technology opportunities.
company-00677,Employer Career Page,organization,Botswana — Health Technology Organisations Search,Live organisation discovery,Live organisation discovery,Live Organisation Search,Live Organisation Search,Healthcare & Life Sciences,Other,Botswana,,Career Page Available,,,2026-07-20,,,C,Search discovery link,Search link,50,Low,Directory,https://www.google.com/search?q=Botswana+health+technology+organisations+careers+jobs,"Live search link, sorted toward current opportunities and organisations."
company-02081,Employer Career Page,company,Botswana — Healthcare Companies Hiring,Live employer discovery,Live employer discovery,Live Private Employer Search,Live Private Employer Search,Healthcare & Life Sciences,Other,Botswana,,Career Page Available,,,2026-07-20,,,C,Search discovery link,Search link,50,Low,Directory,https://www.google.com/search?q=Botswana+healthcare+companies+hiring+2026,Live search for employers and current technology roles.
company-01320,Employer Career Page,company,Botswana — Hospital It Jobs Search,Live health employer discovery,Live health employer discovery,Live Medical Employer Search,Live Medical Employer Search,Healthcare & Life Sciences,Other,Botswana,,Career Page Available,,,2026-07-20,,,C,Search discovery link,Search link,52,Low,Directory,https://www.google.com/search?q=Botswana+hospital+IT+jobs,Live search across employers and healthcare technology opportunities.
company-01322,Employer Career Page,company,Botswana — Medical Device Careers Search,Live health employer discovery,Live health employer discovery,Live Medical Employer Search,Live Medical Employer Search,Healthcare & Life Sciences,Other,Botswana,,Career Page Available,,,2026-07-20,,,C,Search discovery link,Search link,52,Low,Directory,https://www.google.com/search?q=Botswana+medical+device+careers,Live search across employers and healthcare technology opportunities.
company-01321,Employer Career Page,company,Botswana — Pharmaceutical Technology Jobs Search,Live health employer discovery,Live health employer discovery,Live Medical Employer Search,Live Medical Employer Search,Healthcare & Life Sciences,Other,Botswana,,Career Page Available,,,2026-07-20,,,C,Search discovery link,Search link,52,Low,Directory,https://www.google.com/search?q=Botswana+pharmaceutical+technology+jobs,Live search across employers and healthcare technology opportunities.
company-00714,Employer Career Page,company,Bristol Myers Squibb,Global Pharmaceuticals,Global Pharmaceuticals,Pharmaceutical & Biotech,Pharmaceutical & Biotech,Healthcare & Life Sciences,Global,Multiple,,Career Page Available,,,2026-07-20,,,C,Search discovery link,Search link,75,Medium,Directory,https://careers.bms.com/,"Search digital health, enterprise systems, data, architecture and transformation roles."
company-01008,Employer Career Page,company,Bristol Myers Squibb,Health-sector employer search,Health-sector employer search,Pharmaceutical & Biotech,Pharmaceutical & Biotech,Healthcare & Life Sciences,Global,Multiple,,Career Page Available,,,2026-07-20,,,C,Search discovery link,Search link,75,Medium,Directory,https://www.google.com/search?q=%22Bristol+Myers+Squibb%22+careers+digital+health+IT+data+jobs,"Search digital health, enterprise systems, data, architecture and transformation roles."
company-00891,Employer Career Page,company,Bruker,"Diagnostics, Laboratory & Life Science Tools","Diagnostics, Laboratory & Life Science Tools","Diagnostics, Laboratory & Life Science Tools","Diagnostics, Laboratory & Life Science Tools",Healthcare & Life Sciences,Global,"Billerica, USA",,Career Page Available,,,2026-07-20,,,B,Direct organization or specialist source,Direct,59,Low,Directory,https://www.bruker.com/en/about/careers.html,Laboratory Informatics | LIMS | Enterprise Systems | Data & AI | Cybersecurity
company-00951,Employer Career Page,company,Caidya,"CRO, Clinical Research & Pharma Services","CRO, Clinical Research & Pharma Services","CRO, Clinical Research & Pharma Services","CRO, Clinical Research & Pharma Services",Healthcare & Life Sciences,Global,"Morrisville, USA",,Career Page Available,,,2026-07-20,,,B,Direct organization or specialist source,Direct,57,Low,Directory,https://www.caidya.com/careers/,Clinical Systems | eClinical Platforms | Data Management | Enterprise Applications | Program Delivery
company-01334,Employer Career Page,company,Cameroon — Digital Health Companies Search,Live health employer discovery,Live health employer discovery,Live Medical Employer Search,Live Medical Employer Search,Healthcare & Life Sciences,Other,Cameroon,,Career Page Available,,,2026-07-20,,,C,Search discovery link,Search link,55,Low,Directory,https://www.google.com/search?q=Cameroon+digital+health+companies,Live search across employers and healthcare technology opportunities.
company-01338,Employer Career Page,company,Cameroon — Health Informatics Employers Search,Live health employer discovery,Live health employer discovery,Live Medical Employer Search,Live Medical Employer Search,Healthcare & Life Sciences,Other,Cameroon,,Career Page Available,,,2026-07-20,,,C,Search discovery link,Search link,52,Low,Directory,https://www.google.com/search?q=Cameroon+health+informatics+employers,Live search across employers and healthcare technology opportunities.
company-00692,Employer Career Page,organization,Cameroon — Health Technology Organisations Search,Live organisation discovery,Live organisation discovery,Live Organisation Search,Live Organisation Search,Healthcare & Life Sciences,Other,Cameroon,,Career Page Available,,,2026-07-20,,,C,Search discovery link,Search link,50,Low,Directory,https://www.google.com/search?q=Cameroon+health+technology+organisations+careers+jobs,"Live search link, sorted toward current opportunities and organisations."
company-02096,Employer Career Page,company,Cameroon — Healthcare Companies Hiring,Live employer discovery,Live employer discovery,Live Private Employer Search,Live Private Employer Search,Healthcare & Life Sciences,Other,Cameroon,,Career Page Available,,,2026-07-20,,,C,Search discovery link,Search link,50,Low,Directory,https://www.google.com/search?q=Cameroon+healthcare+companies+hiring+2026,Live search for employers and current technology roles.
company-01335,Employer Career Page,company,Cameroon — Hospital It Jobs Search,Live health employer discovery,Live health employer discovery,Live Medical Employer Search,Live Medical Employer Search,Healthcare & Life Sciences,Other,Cameroon,,Career Page Available,,,2026-07-20,,,C,Search discovery link,Search link,52,Low,Directory,https://www.google.com/search?q=Cameroon+hospital+IT+jobs,Live search across employers and healthcare technology opportunities.
company-01337,Employer Career Page,company,Cameroon — Medical Device Careers Search,Live health employer discovery,Live health employer discovery,Live Medical Employer Search,Live Medical Employer Search,Healthcare & Life Sciences,Other,Cameroon,,Career Page Available,,,2026-07-20,,,C,Search discovery link,Search link,52,Low,Directory,https://www.google.com/search?q=Cameroon+medical+device+careers,Live search across employers and healthcare technology opportunities.
company-01336,Employer Career Page,company,Cameroon — Pharmaceutical Technology Jobs Search,Live health employer discovery,Live health employer discovery,Live Medical Employer Search,Live Medical Employer Search,Healthcare & Life Sciences,Other,Cameroon,,Career Page Available,,,2026-07-20,,,C,Search discovery link,Search link,52,Low,Directory,https://www.google.com/search?q=Cameroon+pharmaceutical+technology+jobs,Live search across employers and healthcare technology opportunities.
company-00855,Employer Career Page,company,Canon Medical Systems,Medical Devices & Equipment,Medical Devices & Equipment,MedTech & Diagnostics,MedTech & Diagnostics,Healthcare & Life Sciences,Global,Multiple,,Career Page Available,,,2026-07-20,,,C,Search discovery link,Search link,76,Medium,Directory,https://global.medical.canon/about/careers,"Search digital health, enterprise systems, data, architecture and transformation roles."
company-01101,Employer Career Page,company,Canon Medical Systems,Health-sector employer search,Health-sector employer search,MedTech & Diagnostics,MedTech & Diagnostics,Healthcare & Life Sciences,Global,Multiple,,Career Page Available,,,2026-07-20,,,C,Search discovery link,Search link,76,Medium,Directory,https://www.google.com/search?q=%22Canon+Medical+Systems%22+careers+digital+health+IT+data+jobs,"Search digital health, enterprise systems, data, architecture and transformation roles."
company-00820,Employer Career Page,company,Caribou Biosciences,Biotechnology & Specialty Pharma,Biotechnology & Specialty Pharma,Biotechnology & Specialty Pharma,Biotechnology & Specialty Pharma,Healthcare & Life Sciences,Global,"Berkeley, USA",,Career Page Available,,,2026-07-20,,,B,Direct organization or specialist source,Direct,64,Medium,Directory,https://www.cariboubio.com/careers/,R&D Digital Platforms | Data Engineering | Cloud & Cybersecurity | Enterprise Applications | Technical Program Management
company-01914,Employer Career Page,company,Carrefour MENA,Employer career search,Employer career search,Healthcare & Consumer,Healthcare & Consumer,Healthcare & Life Sciences,Global / Regional,Multiple,,Career Page Available,,,2026-07-20,,,B,Recognized job platform,Platform,62,Medium,Directory,https://www.linkedin.com/jobs/search/?keywords=Carrefour+MENA&sortBy=DD,"Search current technology, transformation, architecture, programme and data roles."
company-01919,Employer Career Page,company,Cenomi Retail,Employer career search,Employer career search,Healthcare & Consumer,Healthcare & Consumer,Healthcare & Life Sciences,Global / Regional,Multiple,,Career Page Available,,,2026-07-20,,,B,Recognized job platform,Platform,62,Medium,Directory,https://www.linkedin.com/jobs/search/?keywords=Cenomi+Retail&sortBy=DD,"Search current technology, transformation, architecture, programme and data roles."
company-00901,Employer Career Page,company,Cepheid,"Diagnostics, Laboratory & Life Science Tools","Diagnostics, Laboratory & Life Science Tools","Diagnostics, Laboratory & Life Science Tools","Diagnostics, Laboratory & Life Science Tools",Healthcare & Life Sciences,Global,"Sunnyvale, USA",,Career Page Available,,,2026-07-20,,,B,Direct organization or specialist source,Direct,59,Low,Directory,https://jobs.danaher.com/global/en/cepheid,Laboratory Informatics | LIMS | Enterprise Systems | Data & AI | Cybersecurity
company-00116,Employer Career Page,organization,CEPI,Global Health & Healthcare,Global Health & Healthcare,Global Health & Healthcare,Global Health & Healthcare,Healthcare & Life Sciences,Global,"Oslo, Norway",,Career Page Available,,,2026-07-20,,,B,Direct organization or specialist source,Direct,64,Medium,Directory,https://cepi.net/careers,Health Information Systems | Digital Health | Interoperability | Enterprise Systems | Data Platforms
company-01138,Employer Career Page,company,Cerner Middle East,Health-sector employer search,Health-sector employer search,MedTech & Diagnostics,MedTech & Diagnostics,Healthcare & Life Sciences,Global,Multiple,,Career Page Available,,,2026-07-20,,,C,Search discovery link,Search link,75,Medium,Directory,https://www.google.com/search?q=%22Cerner+Middle+East%22+careers+digital+health+IT+data+jobs,"Search digital health, enterprise systems, data, architecture and transformation roles."
company-01479,Employer Career Page,company,Chalhoub Group,Luxury Retail,Luxury Retail,Healthcare & Consumer,Healthcare & Consumer,Healthcare & Life Sciences,Global / Regional,Multiple,,Career Page Available,,,2026-07-20,,,B,Recognized job platform,Platform,62,Medium,Directory,https://careers.chalhoubgroup.com/,"Search current technology, transformation, architecture, programme and data roles."
company-01922,Employer Career Page,company,Chalhoub Group,Employer career search,Employer career search,Healthcare & Consumer,Healthcare & Consumer,Healthcare & Life Sciences,Global / Regional,Multiple,,Career Page Available,,,2026-07-20,,,B,Recognized job platform,Platform,62,Medium,Directory,https://www.linkedin.com/jobs/search/?keywords=Chalhoub+Group&sortBy=DD,"Search current technology, transformation, architecture, programme and data roles."
company-00929,Employer Career Page,company,Charles River Laboratories,"CRO, Clinical Research & Pharma Services","CRO, Clinical Research & Pharma Services","CRO, Clinical Research & Pharma Services","CRO, Clinical Research & Pharma Services",Healthcare & Life Sciences,Global,"Wilmington, USA",,Career Page Available,,,2026-07-20,,,B,Direct organization or specialist source,Direct,57,Low,Directory,https://jobs.criver.com/,Clinical Systems | eClinical Platforms | Data Management | Enterprise Applications | Program Delivery
company-01145,Employer Career Page,company,Chefaa,Health-sector employer search,Health-sector employer search,MedTech & Diagnostics,MedTech & Diagnostics,Healthcare & Life Sciences,Global,Multiple,,Career Page Available,,,2026-07-20,,,C,Search discovery link,Search link,75,Medium,Directory,https://www.google.com/search?q=%22Chefaa%22+careers+digital+health+IT+data+jobs,"Search digital health, enterprise systems, data, architecture and transformation roles."
company-00724,Employer Career Page,company,Chugai Pharmaceutical,Global Pharmaceuticals,Global Pharmaceuticals,Global Pharmaceuticals,Global Pharmaceuticals,Healthcare & Life Sciences,Asia / APAC,"Tokyo, Japan",,Career Page Available,,,2026-07-20,,,B,Direct organization or specialist source,Direct,72,Medium,Directory,https://www.chugai-pharm.co.jp/english/recruit/,Enterprise Architecture | Digital Transformation | ERP & Manufacturing Systems | Data & Analytics | IT Governance
company-00740,Employer Career Page,company,Cipla,Global Pharmaceuticals,Global Pharmaceuticals,Global Pharmaceuticals,Global Pharmaceuticals,Healthcare & Life Sciences,Global,"Mumbai, India",,Career Page Available,,,2026-07-20,,,B,Direct organization or specialist source,Direct,75,Medium,Directory,https://www.cipla.com/careers,Enterprise Architecture | Digital Transformation | ERP & Manufacturing Systems | Data & Analytics | IT Governance
company-01071,Employer Career Page,company,Cipla South Africa,Health-sector employer search,Health-sector employer search,Pharmaceutical & Biotech,Pharmaceutical & Biotech,Healthcare & Life Sciences,Global,Multiple,,Career Page Available,,,2026-07-20,,,C,Search discovery link,Search link,75,Medium,Directory,https://www.google.com/search?q=%22Cipla+South+Africa%22+careers+digital+health+IT+data+jobs,"Search digital health, enterprise systems, data, architecture and transformation roles."
company-00942,Employer Career Page,company,Clario,"CRO, Clinical Research & Pharma Services","CRO, Clinical Research & Pharma Services","CRO, Clinical Research & Pharma Services","CRO, Clinical Research & Pharma Services",Healthcare & Life Sciences,Global,"Philadelphia, USA",,Career Page Available,,,2026-07-20,,,B,Direct organization or specialist source,Direct,57,Low,Directory,https://clario.com/careers/,Clinical Systems | eClinical Platforms | Data Management | Enterprise Applications | Program Delivery
company-01149,Employer Career Page,company,Cleopatra Hospitals Group,Health-sector employer search,Health-sector employer search,Healthcare & Life Sciences,Healthcare & Life Sciences,Healthcare & Life Sciences,Egypt,Egypt,,Career Page Available,,,2026-07-20,,,B,Direct organization or specialist source,Direct,54,Low,Directory,https://www.cleopatrahospitals.com/,"Search digital health, enterprise systems, data, architecture and transformation roles."
company-01424,Employer Career Page,company,Cleopatra Hospitals Group,Healthcare,Healthcare,Healthcare & Life Sciences,Healthcare & Life Sciences,Healthcare & Life Sciences,Egypt,Egypt,,Career Page Available,,,2026-07-20,,,B,Direct organization or specialist source,Direct,54,Low,Directory,https://www.cleopatrahospitals.com/,"Search digital health, enterprise systems, data, architecture and transformation roles."
company-00946,Employer Career Page,company,ClinChoice,"CRO, Clinical Research & Pharma Services","CRO, Clinical Research & Pharma Services","CRO, Clinical Research & Pharma Services","CRO, Clinical Research & Pharma Services",Healthcare & Life Sciences,Global,"Fort Washington, USA",,Career Page Available,,,2026-07-20,,,B,Direct organization or specialist source,Direct,57,Low,Directory,https://www.clinchoice.com/careers/,Clinical Systems | eClinical Platforms | Data Management | Enterprise Applications | Program Delivery
company-01137,Employer Career Page,company,Clinisys,Health-sector employer search,Health-sector employer search,MedTech & Diagnostics,MedTech & Diagnostics,Healthcare & Life Sciences,Global,Multiple,,Career Page Available,,,2026-07-20,,,C,Search discovery link,Search link,75,Medium,Directory,https://www.google.com/search?q=%22Clinisys%22+careers+digital+health+IT+data+jobs,"Search digital health, enterprise systems, data, architecture and transformation roles."
company-00112,Employer Career Page,organization,Clinton Health Access Initiative,Global Health & Healthcare,Global Health & Healthcare,International NGOs,International NGOs,Healthcare & Life Sciences,Global,Multiple,,Career Page Available,,,2026-07-20,,,C,Search discovery link,Search link,20,Low,Directory,https://www.clintonhealthaccess.org/careers,"Search current jobs, consulting assignments, tenders and technology programmes."
company-00373,Employer Career Page,organization,Clinton Health Access Initiative,Career and project search,Career and project search,International NGOs,International NGOs,Healthcare & Life Sciences,Global,Multiple,,Career Page Available,,,2026-07-20,,,C,Search discovery link,Search link,20,Low,Directory,https://www.google.com/search?q=%22Clinton+Health+Access+Initiative%22+careers+jobs+digital+transformation+ICT,"Search current jobs, consulting assignments, tenders and technology programmes."
company-01411,Employer Career Page,company,Coca-Cola HBC Egypt,FMCG,FMCG,Healthcare & Consumer,Healthcare & Consumer,Healthcare & Life Sciences,Global / Regional,Multiple,,Career Page Available,,,2026-07-20,,,B,Recognized job platform,Platform,62,Medium,Directory,https://eg.coca-colahellenic.com/en/working-with-us/working-with-us,"Search current technology, transformation, architecture, programme and data roles."
company-01907,Employer Career Page,company,Coca-Cola HBC Egypt,Employer career search,Employer career search,Healthcare & Consumer,Healthcare & Consumer,Healthcare & Life Sciences,Global / Regional,Multiple,,Career Page Available,,,2026-07-20,,,B,Recognized job platform,Platform,62,Medium,Directory,https://www.linkedin.com/jobs/search/?keywords=Coca-Cola+HBC+Egypt&sortBy=DD,"Search current technology, transformation, architecture, programme and data roles."
company-00861,Employer Career Page,company,Cochlear,Medical Devices & Equipment,Medical Devices & Equipment,Medical Devices & Equipment,Medical Devices & Equipment,Healthcare & Life Sciences,Global,"Sydney, Australia",,Career Page Available,,,2026-07-20,,,B,Direct organization or specialist source,Direct,66,Medium,Directory,https://careers.cochlear.com/,Digital Health Platforms | Systems Integration | Enterprise Applications | Service Technology | Data Platforms
company-00872,Employer Career Page,company,Coloplast,Medical Devices & Equipment,Medical Devices & Equipment,Medical Devices & Equipment,Medical Devices & Equipment,Healthcare & Life Sciences,Global,"Humlebæk, Denmark",,Career Page Available,,,2026-07-20,,,B,Direct organization or specialist source,Direct,66,Medium,Directory,https://careers.coloplast.com/,Digital Health Platforms | Systems Integration | Enterprise Applications | Service Technology | Data Platforms
company-00959,Employer Career Page,company,CompuGroup Medical,Digital Health & Healthcare IT,Digital Health & Healthcare IT,MedTech & Diagnostics,MedTech & Diagnostics,Healthcare & Life Sciences,Global,Multiple,,Career Page Available,,,2026-07-20,,,C,Search discovery link,Search link,76,Medium,Directory,https://www.cgm.com/corp_en/career/,"Search digital health, enterprise systems, data, architecture and transformation roles."
company-01136,Employer Career Page,company,CompuGroup Medical,Health-sector employer search,Health-sector employer search,MedTech & Diagnostics,MedTech & Diagnostics,Healthcare & Life Sciences,Global,Multiple,,Career Page Available,,,2026-07-20,,,C,Search discovery link,Search link,76,Medium,Directory,https://www.google.com/search?q=%22CompuGroup+Medical%22+careers+digital+health+IT+data+jobs,"Search digital health, enterprise systems, data, architecture and transformation roles."
company-00871,Employer Career Page,company,ConvaTec,Medical Devices & Equipment,Medical Devices & Equipment,Medical Devices & Equipment,Medical Devices & Equipment,Healthcare & Life Sciences,Global,"London, UK",,Career Page Available,,,2026-07-20,,,B,Direct organization or specialist source,Direct,66,Medium,Directory,https://careers.convatec.com/,Digital Health Platforms | Systems Integration | Enterprise Applications | Service Technology | Data Platforms
company-00880,Employer Career Page,company,Cook Medical,Medical Devices & Equipment,Medical Devices & Equipment,Medical Devices & Equipment,Medical Devices & Equipment,Healthcare & Life Sciences,Global,"Bloomington, USA",,Career Page Available,,,2026-07-20,,,B,Direct organization or specialist source,Direct,66,Medium,Directory,https://www.cookmedical.com/about/careers/,Digital Health Platforms | Systems Integration | Enterprise Applications | Service Technology | Data Platforms
company-01110,Employer Career Page,company,CooperCompanies,Health-sector employer search,Health-sector employer search,MedTech & Diagnostics,MedTech & Diagnostics,Healthcare & Life Sciences,Global,Multiple,,Career Page Available,,,2026-07-20,,,C,Search discovery link,Search link,75,Medium,Directory,https://www.google.com/search?q=%22CooperCompanies%22+careers+digital+health+IT+data+jobs,"Search digital health, enterprise systems, data, architecture and transformation roles."
company-01183,Employer Career Page,company,Coptic Hospital,Health-sector employer search,Health-sector employer search,Hospitals & Providers,Hospitals & Providers,Healthcare & Life Sciences,Global,Multiple,,Career Page Available,,,2026-07-20,,,C,Search discovery link,Search link,75,Medium,Directory,https://www.google.com/search?q=%22Coptic+Hospital%22+careers+digital+health+IT+data+jobs,"Search digital health, enterprise systems, data, architecture and transformation roles."
company-00787,Employer Career Page,company,CRISPR Therapeutics,Biotechnology & Specialty Pharma,Biotechnology & Specialty Pharma,Biotechnology & Specialty Pharma,Biotechnology & Specialty Pharma,Healthcare & Life Sciences,Global,"Zug, Switzerland",,Career Page Available,,,2026-07-20,,,B,Direct organization or specialist source,Direct,64,Medium,Directory,https://www.crisprtx.com/careers,R&D Digital Platforms | Data Engineering | Cloud & Cybersecurity | Enterprise Applications | Technical Program Management
company-00728,Employer Career Page,company,CSL,Global Pharmaceuticals,Global Pharmaceuticals,Global Pharmaceuticals,Global Pharmaceuticals,Healthcare & Life Sciences,Global,"Melbourne, Australia",,Career Page Available,,,2026-07-20,,,B,Direct organization or specialist source,Direct,75,Medium,Directory,https://www.csl.com/careers,Enterprise Architecture | Digital Transformation | ERP & Manufacturing Systems | Data & Analytics | IT Governance
company-01032,Employer Career Page,company,CSL Behring,Health-sector employer search,Health-sector employer search,Pharmaceutical & Biotech,Pharmaceutical & Biotech,Healthcare & Life Sciences,Global,Multiple,,Career Page Available,,,2026-07-20,,,C,Search discovery link,Search link,75,Medium,Directory,https://www.google.com/search?q=%22CSL+Behring%22+careers+digital+health+IT+data+jobs,"Search digital health, enterprise systems, data, architecture and transformation roles."
company-00947,Employer Career Page,company,CTI Clinical Trial & Consulting,"CRO, Clinical Research & Pharma Services","CRO, Clinical Research & Pharma Services","CRO, Clinical Research & Pharma Services","CRO, Clinical Research & Pharma Services",Healthcare & Life Sciences,Global,"Covington, USA",,Career Page Available,,,2026-07-20,,,B,Direct organization or specialist source,Direct,57,Low,Directory,https://ctifacts.com/careers/,Clinical Systems | eClinical Platforms | Data Management | Enterprise Applications | Program Delivery
company-01304,Employer Career Page,company,Côte d’Ivoire — Digital Health Companies Search,Live health employer discovery,Live health employer discovery,Live Medical Employer Search,Live Medical Employer Search,Healthcare & Life Sciences,Other,Côte d’Ivoire,,Career Page Available,,,2026-07-20,,,C,Search discovery link,Search link,55,Low,Directory,https://www.google.com/search?q=C%C3%B4te+d%E2%80%99Ivoire+digital+health+companies,Live search across employers and healthcare technology opportunities.
company-01308,Employer Career Page,company,Côte d’Ivoire — Health Informatics Employers Search,Live health employer discovery,Live health employer discovery,Live Medical Employer Search,Live Medical Employer Search,Healthcare & Life Sciences,Other,Côte d’Ivoire,,Career Page Available,,,2026-07-20,,,C,Search discovery link,Search link,52,Low,Directory,https://www.google.com/search?q=C%C3%B4te+d%E2%80%99Ivoire+health+informatics+employers,Live search across employers and healthcare technology opportunities.
company-00662,Employer Career Page,organization,Côte d’Ivoire — Health Technology Organisations Search,Live organisation discovery,Live organisation discovery,Live Organisation Search,Live Organisation Search,Healthcare & Life Sciences,Other,Côte d’Ivoire,,Career Page Available,,,2026-07-20,,,C,Search discovery link,Search link,50,Low,Directory,https://www.google.com/search?q=C%C3%B4te+d%E2%80%99Ivoire+health+technology+organisations+careers+jobs,"Live search link, sorted toward current opportunities and organisations."
company-02066,Employer Career Page,company,Côte d’Ivoire — Healthcare Companies Hiring,Live employer discovery,Live employer discovery,Live Private Employer Search,Live Private Employer Search,Healthcare & Life Sciences,Other,Côte d’Ivoire,,Career Page Available,,,2026-07-20,,,C,Search discovery link,Search link,50,Low,Directory,https://www.google.com/search?q=C%C3%B4te+d%E2%80%99Ivoire+healthcare+companies+hiring+2026,Live search for employers and current technology roles.
company-01305,Employer Career Page,company,Côte d’Ivoire — Hospital It Jobs Search,Live health employer discovery,Live health employer discovery,Live Medical Employer Search,Live Medical Employer Search,Healthcare & Life Sciences,Other,Côte d’Ivoire,,Career Page Available,,,2026-07-20,,,C,Search discovery link,Search link,52,Low,Directory,https://www.google.com/search?q=C%C3%B4te+d%E2%80%99Ivoire+hospital+IT+jobs,Live search across employers and healthcare technology opportunities.
company-01307,Employer Career Page,company,Côte d’Ivoire — Medical Device Careers Search,Live health employer discovery,Live health employer discovery,Live Medical Employer Search,Live Medical Employer Search,Healthcare & Life Sciences,Other,Côte d’Ivoire,,Career Page Available,,,2026-07-20,,,C,Search discovery link,Search link,52,Low,Directory,https://www.google.com/search?q=C%C3%B4te+d%E2%80%99Ivoire+medical+device+careers,Live search across employers and healthcare technology opportunities.
company-01306,Employer Career Page,company,Côte d’Ivoire — Pharmaceutical Technology Jobs Search,Live health employer discovery,Live health employer discovery,Live Medical Employer Search,Live Medical Employer Search,Healthcare & Life Sciences,Other,Côte d’Ivoire,,Career Page Available,,,2026-07-20,,,C,Search discovery link,Search link,52,Low,Directory,https://www.google.com/search?q=C%C3%B4te+d%E2%80%99Ivoire+pharmaceutical+technology+jobs,Live search across employers and healthcare technology opportunities.
company-00722,Employer Career Page,company,Daiichi Sankyo,Global Pharmaceuticals,Global Pharmaceuticals,Pharmaceutical & Biotech,Pharmaceutical & Biotech,Healthcare & Life Sciences,Global,Multiple,,Career Page Available,,,2026-07-20,,,C,Search discovery link,Search link,75,Medium,Directory,https://www.daiichisankyo.com/careers/,"Search digital health, enterprise systems, data, architecture and transformation roles."
company-01021,Employer Career Page,company,Daiichi Sankyo,Health-sector employer search,Health-sector employer search,Pharmaceutical & Biotech,Pharmaceutical & Biotech,Healthcare & Life Sciences,Global,Multiple,,Career Page Available,,,2026-07-20,,,C,Search discovery link,Search link,75,Medium,Directory,https://www.google.com/search?q=%22Daiichi+Sankyo%22+careers+digital+health+IT+data+jobs,"Search digital health, enterprise systems, data, architecture and transformation roles."
company-01155,Employer Career Page,company,Dallah Health,Health-sector employer search,Health-sector employer search,Hospitals & Providers,Hospitals & Providers,Healthcare & Life Sciences,Global,Multiple,,Career Page Available,,,2026-07-20,,,C,Search discovery link,Search link,75,Medium,Directory,https://www.google.com/search?q=%22Dallah+Health%22+careers+digital+health+IT+data+jobs,"Search digital health, enterprise systems, data, architecture and transformation roles."
company-01481,Employer Career Page,company,DAMAC,Real Estate,Real Estate,Healthcare & Consumer,Healthcare & Consumer,Healthcare & Life Sciences,Global / Regional,Multiple,,Career Page Available,,,2026-07-20,,,B,Recognized job platform,Platform,62,Medium,Directory,https://careers.damacproperties.com/,"Search current technology, transformation, architecture, programme and data roles."
company-01933,Employer Career Page,company,DAMAC,Employer career search,Employer career search,Healthcare & Consumer,Healthcare & Consumer,Healthcare & Life Sciences,Global / Regional,Multiple,,Career Page Available,,,2026-07-20,,,B,Recognized job platform,Platform,62,Medium,Directory,https://www.linkedin.com/jobs/search/?keywords=DAMAC&sortBy=DD,"Search current technology, transformation, architecture, programme and data roles."
company-01908,Employer Career Page,company,Danone Egypt,Employer career search,Employer career search,Healthcare & Consumer,Healthcare & Consumer,Healthcare & Life Sciences,Global / Regional,Multiple,,Career Page Available,,,2026-07-20,,,B,Recognized job platform,Platform,62,Medium,Directory,https://www.linkedin.com/jobs/search/?keywords=Danone+Egypt&sortBy=DD,"Search current technology, transformation, architecture, programme and data roles."
company-01935,Employer Career Page,company,Dar Al Arkan,Employer career search,Employer career search,Healthcare & Consumer,Healthcare & Consumer,Healthcare & Life Sciences,Global / Regional,Multiple,,Career Page Available,,,2026-07-20,,,B,Recognized job platform,Platform,62,Medium,Directory,https://www.linkedin.com/jobs/search/?keywords=Dar+Al+Arkan&sortBy=DD,"Search current technology, transformation, architecture, programme and data roles."
company-01184,Employer Career Page,company,Dar Al Fouad Hospital,Health-sector employer search,Health-sector employer search,Hospitals & Providers,Hospitals & Providers,Healthcare & Life Sciences,Global,Multiple,,Career Page Available,,,2026-07-20,,,C,Search discovery link,Search link,75,Medium,Directory,https://www.google.com/search?q=%22Dar+Al+Fouad+Hospital%22+careers+digital+health+IT+data+jobs,"Search digital health, enterprise systems, data, architecture and transformation roles."
company-01146,Employer Career Page,company,Dawi Clinics Digital,Health-sector employer search,Health-sector employer search,MedTech & Diagnostics,MedTech & Diagnostics,Healthcare & Life Sciences,Global,Multiple,,Career Page Available,,,2026-07-20,,,C,Search discovery link,Search link,75,Medium,Directory,https://www.google.com/search?q=%22Dawi+Clinics+Digital%22+careers+digital+health+IT+data+jobs,"Search digital health, enterprise systems, data, architecture and transformation roles."
company-01065,Employer Career Page,company,DBK Pharma,Health-sector employer search,Health-sector employer search,Pharmaceutical & Biotech,Pharmaceutical & Biotech,Healthcare & Life Sciences,Global,Multiple,,Career Page Available,,,2026-07-20,,,C,Search discovery link,Search link,75,Medium,Directory,https://www.google.com/search?q=%22DBK+Pharma%22+careers+digital+health+IT+data+jobs,"Search digital health, enterprise systems, data, architecture and transformation roles."
company-00958,Employer Career Page,company,Dedalus,Digital Health & Healthcare IT,Digital Health & Healthcare IT,MedTech & Diagnostics,MedTech & Diagnostics,Healthcare & Life Sciences,Global,Multiple,,Career Page Available,,,2026-07-20,,,C,Search discovery link,Search link,75,Medium,Directory,https://www.dedalus.com/global/en/careers/,"Search digital health, enterprise systems, data, architecture and transformation roles."
company-01131,Employer Career Page,company,Dedalus,Health-sector employer search,Health-sector employer search,MedTech & Diagnostics,MedTech & Diagnostics,Healthcare & Life Sciences,Global,Multiple,,Career Page Available,,,2026-07-20,,,C,Search discovery link,Search link,75,Medium,Directory,https://www.google.com/search?q=%22Dedalus%22+careers+digital+health+IT+data+jobs,"Search digital health, enterprise systems, data, architecture and transformation roles."
company-00860,Employer Career Page,company,Demant,Medical Devices & Equipment,Medical Devices & Equipment,Medical Devices & Equipment,Medical Devices & Equipment,Healthcare & Life Sciences,Global,"Smørum, Denmark",,Career Page Available,,,2026-07-20,,,B,Direct organization or specialist source,Direct,66,Medium,Directory,https://www.demant.com/careers,Digital Health Platforms | Systems Integration | Enterprise Applications | Service Technology | Data Platforms
company-00846,Employer Career Page,company,Dentsply Sirona,Medical Devices & Equipment,Medical Devices & Equipment,MedTech & Diagnostics,MedTech & Diagnostics,Healthcare & Life Sciences,Global,Multiple,,Career Page Available,,,2026-07-20,,,C,Search discovery link,Search link,75,Medium,Directory,https://careers.dentsplysirona.com/,"Search digital health, enterprise systems, data, architecture and transformation roles."
company-01116,Employer Career Page,company,Dentsply Sirona,Health-sector employer search,Health-sector employer search,MedTech & Diagnostics,MedTech & Diagnostics,Healthcare & Life Sciences,Global,Multiple,,Career Page Available,,,2026-07-20,,,C,Search discovery link,Search link,75,Medium,Directory,https://www.google.com/search?q=%22Dentsply+Sirona%22+careers+digital+health+IT+data+jobs,"Search digital health, enterprise systems, data, architecture and transformation roles."
company-00838,Employer Career Page,company,Dexcom,Medical Devices & Equipment,Medical Devices & Equipment,MedTech & Diagnostics,MedTech & Diagnostics,Healthcare & Life Sciences,Global,Multiple,,Career Page Available,,,2026-07-20,,,C,Search discovery link,Search link,75,Medium,Directory,https://careers.dexcom.com/,"Search digital health, enterprise systems, data, architecture and transformation roles."
company-01112,Employer Career Page,company,Dexcom,Health-sector employer search,Health-sector employer search,MedTech & Diagnostics,MedTech & Diagnostics,Healthcare & Life Sciences,Global,Multiple,,Career Page Available,,,2026-07-20,,,C,Search discovery link,Search link,75,Medium,Directory,https://www.google.com/search?q=%22Dexcom%22+careers+digital+health+IT+data+jobs,"Search digital health, enterprise systems, data, architecture and transformation roles."
company-00131,Employer Career Page,organization,DHIS2 / HISP Centre,Global Health & Healthcare,Global Health & Healthcare,Global Health & Healthcare,Global Health & Healthcare,Healthcare & Life Sciences,Global,"Oslo, Norway",,Career Page Available,,,2026-07-20,,,B,Direct organization or specialist source,Direct,64,Medium,Directory,https://dhis2.org/careers/,Health Information Systems | Digital Health | Interoperability | Enterprise Systems | Data Platforms
company-00894,Employer Career Page,company,DiaSorin,"Diagnostics, Laboratory & Life Science Tools","Diagnostics, Laboratory & Life Science Tools","Diagnostics, Laboratory & Life Science Tools","Diagnostics, Laboratory & Life Science Tools",Healthcare & Life Sciences,Global,"Saluggia, Italy",,Career Page Available,,,2026-07-20,,,B,Direct organization or specialist source,Direct,59,Low,Directory,https://www.diasorin.com/en/careers,Laboratory Informatics | LIMS | Enterprise Systems | Data & AI | Cybersecurity
company-00129,Employer Career Page,organization,Dimagi,Global Health & Healthcare,Global Health & Healthcare,Global Health & Healthcare,Global Health & Healthcare,Healthcare & Life Sciences,Global,"Cambridge, USA",,Career Page Available,,,2026-07-20,,,B,Direct organization or specialist source,Direct,64,Medium,Directory,https://dimagi.com/careers/,Health Information Systems | Digital Health | Interoperability | Enterprise Systems | Data Platforms
company-01444,Employer Career Page,company,Diriyah Company,Development & Tourism,Development & Tourism,"Real Estate, Construction & Hospitality","Real Estate, Construction & Hospitality",Healthcare & Life Sciences,GCC & Middle East,Saudi Arabia,,Career Page Available,,,2026-07-20,,,B,Direct organization or specialist source,Direct,52,Low,Directory,https://www.diriyah.sa/careers,"Search current technology, transformation, architecture, programme and data roles."
company-01818,Employer Career Page,company,Diriyah Company,Employer career search,Employer career search,"Real Estate, Construction & Hospitality","Real Estate, Construction & Hospitality",Healthcare & Life Sciences,GCC & Middle East,Saudi Arabia,,Career Page Available,,,2026-07-20,,,B,Direct organization or specialist source,Direct,52,Low,Directory,https://www.linkedin.com/jobs/search/?keywords=Diriyah+Company&sortBy=DD,"Search current technology, transformation, architecture, programme and data roles."
company-01576,Employer Career Page,company,Discovery,Insurance & Health,Insurance & Health,"Banking, FinTech & Financial Services","Banking, FinTech & Financial Services",Healthcare & Life Sciences,Africa,South Africa,,Career Page Available,,,2026-07-20,,,B,Direct organization or specialist source,Direct,53,Low,Directory,https://careers.discovery.co.za/,
company-00118,Employer Career Page,organization,DNDi,Global Health & Healthcare,Global Health & Healthcare,Global Health & Healthcare,Global Health & Healthcare,Healthcare & Life Sciences,Global,"Geneva, Switzerland",,Career Page Available,,,2026-07-20,,,B,Direct organization or specialist source,Direct,64,Medium,Directory,https://dndi.org/about/jobs/,Health Information Systems | Digital Health | Interoperability | Enterprise Systems | Data Platforms
company-00969,Employer Career Page,company,Doctolib,Digital Health & Healthcare IT,Digital Health & Healthcare IT,Digital Health & Healthcare IT,Digital Health & Healthcare IT,Healthcare & Life Sciences,Europe / EMEA,"Paris, France",,Career Page Available,,,2026-07-20,,,B,Direct organization or specialist source,Direct,75,Medium,Directory,https://careers.doctolib.com/,Solutions Architecture | Health Interoperability | Cloud Platforms | Product Technology | Data Engineering
company-00971,Employer Career Page,company,Doximity,Digital Health & Healthcare IT,Digital Health & Healthcare IT,Digital Health & Healthcare IT,Digital Health & Healthcare IT,Healthcare & Life Sciences,Global,"San Francisco, USA",,Career Page Available,,,2026-07-20,,,B,Direct organization or specialist source,Direct,71,Medium,Directory,https://www.doximity.com/about/careers,Solutions Architecture | Health Interoperability | Cloud Platforms | Product Technology | Data Engineering
company-01339,Employer Career Page,company,DR Congo — Digital Health Companies Search,Live health employer discovery,Live health employer discovery,Live Medical Employer Search,Live Medical Employer Search,Healthcare & Life Sciences,Other,DR Congo,,Career Page Available,,,2026-07-20,,,C,Search discovery link,Search link,55,Low,Directory,https://www.google.com/search?q=DR+Congo+digital+health+companies,Live search across employers and healthcare technology opportunities.
company-01343,Employer Career Page,company,DR Congo — Health Informatics Employers Search,Live health employer discovery,Live health employer discovery,Live Medical Employer Search,Live Medical Employer Search,Healthcare & Life Sciences,Other,DR Congo,,Career Page Available,,,2026-07-20,,,C,Search discovery link,Search link,52,Low,Directory,https://www.google.com/search?q=DR+Congo+health+informatics+employers,Live search across employers and healthcare technology opportunities.
company-00697,Employer Career Page,organization,DR Congo — Health Technology Organisations Search,Live organisation discovery,Live organisation discovery,Live Organisation Search,Live Organisation Search,Healthcare & Life Sciences,Other,DR Congo,,Career Page Available,,,2026-07-20,,,C,Search discovery link,Search link,50,Low,Directory,https://www.google.com/search?q=DR+Congo+health+technology+organisations+careers+jobs,"Live search link, sorted toward current opportunities and organisations."
company-02101,Employer Career Page,company,DR Congo — Healthcare Companies Hiring,Live employer discovery,Live employer discovery,Live Private Employer Search,Live Private Employer Search,Healthcare & Life Sciences,Other,DR Congo,,Career Page Available,,,2026-07-20,,,C,Search discovery link,Search link,50,Low,Directory,https://www.google.com/search?q=DR+Congo+healthcare+companies+hiring+2026,Live search for employers and current technology roles.
company-01340,Employer Career Page,company,DR Congo — Hospital It Jobs Search,Live health employer discovery,Live health employer discovery,Live Medical Employer Search,Live Medical Employer Search,Healthcare & Life Sciences,Other,DR Congo,,Career Page Available,,,2026-07-20,,,C,Search discovery link,Search link,52,Low,Directory,https://www.google.com/search?q=DR+Congo+hospital+IT+jobs,Live search across employers and healthcare technology opportunities.
company-01342,Employer Career Page,company,DR Congo — Medical Device Careers Search,Live health employer discovery,Live health employer discovery,Live Medical Employer Search,Live Medical Employer Search,Healthcare & Life Sciences,Other,DR Congo,,Career Page Available,,,2026-07-20,,,C,Search discovery link,Search link,52,Low,Directory,https://www.google.com/search?q=DR+Congo+medical+device+careers,Live search across employers and healthcare technology opportunities.
company-01341,Employer Career Page,company,DR Congo — Pharmaceutical Technology Jobs Search,Live health employer discovery,Live health employer discovery,Live Medical Employer Search,Live Medical Employer Search,Healthcare & Life Sciences,Other,DR Congo,,Career Page Available,,,2026-07-20,,,C,Search discovery link,Search link,52,Low,Directory,https://www.google.com/search?q=DR+Congo+pharmaceutical+technology+jobs,Live search across employers and healthcare technology opportunities.
company-00739,Employer Career Page,company,Dr. Reddy's Laboratories,Global Pharmaceuticals,Global Pharmaceuticals,Pharmaceutical & Biotech,Pharmaceutical & Biotech,Healthcare & Life Sciences,Global,Multiple,,Career Page Available,,,2026-07-20,,,C,Search discovery link,Search link,75,Medium,Directory,https://careers.drreddys.com/,"Search digital health, enterprise systems, data, architecture and transformation roles."
company-01072,Employer Career Page,company,Dr. Reddy’s Laboratories,Health-sector employer search,Health-sector employer search,Pharmaceutical & Biotech,Pharmaceutical & Biotech,Healthcare & Life Sciences,Global,Multiple,,Career Page Available,,,2026-07-20,,,C,Search discovery link,Search link,75,Medium,Directory,https://www.google.com/search?q=%22Dr.+Reddy%E2%80%99s+Laboratories%22+careers+digital+health+IT+data+jobs,"Search digital health, enterprise systems, data, architecture and transformation roles."
company-00852,Employer Career Page,company,Dräger,Medical Devices & Equipment,Medical Devices & Equipment,MedTech & Diagnostics,MedTech & Diagnostics,Healthcare & Life Sciences,Global,Multiple,,Career Page Available,,,2026-07-20,,,C,Search discovery link,Search link,75,Medium,Directory,https://www.draeger.com/en-us_us/Career,"Search digital health, enterprise systems, data, architecture and transformation roles."
company-01103,Employer Career Page,company,Dräger,Health-sector employer search,Health-sector employer search,MedTech & Diagnostics,MedTech & Diagnostics,Healthcare & Life Sciences,Global,Multiple,,Career Page Available,,,2026-07-20,,,C,Search discovery link,Search link,75,Medium,Directory,https://www.google.com/search?q=%22Dr%C3%A4ger%22+careers+digital+health+IT+data+jobs,"Search digital health, enterprise systems, data, architecture and transformation roles."
company-00961,Employer Career Page,company,eClinicalWorks,Digital Health & Healthcare IT,Digital Health & Healthcare IT,Digital Health & Healthcare IT,Digital Health & Healthcare IT,Healthcare & Life Sciences,Global,"Westborough, USA",,Career Page Available,,,2026-07-20,,,B,Direct organization or specialist source,Direct,71,Medium,Directory,https://www.eclinicalworks.com/careers/,Solutions Architecture | Health Interoperability | Cloud Platforms | Product Technology | Data Engineering
company-00789,Employer Career Page,company,Editas Medicine,Biotechnology & Specialty Pharma,Biotechnology & Specialty Pharma,Biotechnology & Specialty Pharma,Biotechnology & Specialty Pharma,Healthcare & Life Sciences,Global,"Cambridge, USA",,Career Page Available,,,2026-07-20,,,B,Direct organization or specialist source,Direct,64,Medium,Directory,https://www.editasmedicine.com/careers/,R&D Digital Platforms | Data Engineering | Cloud & Cybersecurity | Enterprise Applications | Technical Program Management
company-00830,Employer Career Page,company,Edwards Lifesciences,Medical Devices & Equipment,Medical Devices & Equipment,MedTech & Diagnostics,MedTech & Diagnostics,Healthcare & Life Sciences,Global,Multiple,,Career Page Available,,,2026-07-20,,,C,Search discovery link,Search link,75,Medium,Directory,https://www.edwards.com/careers,"Search digital health, enterprise systems, data, architecture and transformation roles."
company-01107,Employer Career Page,company,Edwards Lifesciences,Health-sector employer search,Health-sector employer search,MedTech & Diagnostics,MedTech & Diagnostics,Healthcare & Life Sciences,Global,Multiple,,Career Page Available,,,2026-07-20,,,C,Search discovery link,Search link,75,Medium,Directory,https://www.google.com/search?q=%22Edwards+Lifesciences%22+careers+digital+health+IT+data+jobs,"Search digital health, enterprise systems, data, architecture and transformation roles."
company-01199,Employer Career Page,company,Egypt — Digital Health Companies Search,Live health employer discovery,Live health employer discovery,Live Medical Employer Search,Live Medical Employer Search,Healthcare & Life Sciences,Egypt,Egypt,,Career Page Available,,,2026-07-20,,,C,Search discovery link,Search link,60,Medium,Directory,https://www.google.com/search?q=Egypt+digital+health+companies,Live search across employers and healthcare technology opportunities.
company-01203,Employer Career Page,company,Egypt — Health Informatics Employers Search,Live health employer discovery,Live health employer discovery,Live Medical Employer Search,Live Medical Employer Search,Healthcare & Life Sciences,Egypt,Egypt,,Career Page Available,,,2026-07-20,,,C,Search discovery link,Search link,56,Low,Directory,https://www.google.com/search?q=Egypt+health+informatics+employers,Live search across employers and healthcare technology opportunities.
company-00557,Employer Career Page,organization,Egypt — Health Technology Organisations Search,Live organisation discovery,Live organisation discovery,Live Organisation Search,Live Organisation Search,Healthcare & Life Sciences,Egypt,Egypt,,Career Page Available,,,2026-07-20,,,C,Search discovery link,Search link,54,Low,Directory,https://www.google.com/search?q=Egypt+health+technology+organisations+careers+jobs,"Live search link, sorted toward current opportunities and organisations."
company-01961,Employer Career Page,company,Egypt — Healthcare Companies Hiring,Live employer discovery,Live employer discovery,Live Private Employer Search,Live Private Employer Search,Healthcare & Life Sciences,Egypt,Egypt,,Career Page Available,,,2026-07-20,,,C,Search discovery link,Search link,54,Low,Directory,https://www.google.com/search?q=Egypt+healthcare+companies+hiring+2026,Live search for employers and current technology roles.
company-01200,Employer Career Page,company,Egypt — Hospital It Jobs Search,Live health employer discovery,Live health employer discovery,Live Medical Employer Search,Live Medical Employer Search,Healthcare & Life Sciences,Egypt,Egypt,,Career Page Available,,,2026-07-20,,,C,Search discovery link,Search link,56,Low,Directory,https://www.google.com/search?q=Egypt+hospital+IT+jobs,Live search across employers and healthcare technology opportunities.
company-01202,Employer Career Page,company,Egypt — Medical Device Careers Search,Live health employer discovery,Live health employer discovery,Live Medical Employer Search,Live Medical Employer Search,Healthcare & Life Sciences,Egypt,Egypt,,Career Page Available,,,2026-07-20,,,C,Search discovery link,Search link,56,Low,Directory,https://www.google.com/search?q=Egypt+medical+device+careers,Live search across employers and healthcare technology opportunities.
company-01201,Employer Career Page,company,Egypt — Pharmaceutical Technology Jobs Search,Live health employer discovery,Live health employer discovery,Live Medical Employer Search,Live Medical Employer Search,Healthcare & Life Sciences,Egypt,Egypt,,Career Page Available,,,2026-07-20,,,C,Search discovery link,Search link,56,Low,Directory,https://www.google.com/search?q=Egypt+pharmaceutical+technology+jobs,Live search across employers and healthcare technology opportunities.
company-00514,Employer Career Page,organization,Egyptian eHealth,Career and project search,Career and project search,Telecom & Digital Infrastructure,Telecom & Digital Infrastructure,Healthcare & Life Sciences,Global,Multiple,,Career Page Available,,,2026-07-20,,,C,Search discovery link,Search link,53,Low,Directory,https://www.google.com/search?q=%22Egyptian+eHealth%22+careers+jobs+digital+transformation+ICT,"Search current jobs, consulting assignments, tenders and technology programmes."
company-00125,Employer Career Page,organization,eHealth Africa,Global Health & Healthcare,Global Health & Healthcare,Global Health & Healthcare,Global Health & Healthcare,Healthcare & Life Sciences,Africa,"Kano, Nigeria",,Career Page Available,,,2026-07-20,,,B,Direct organization or specialist source,Direct,62,Medium,Directory,https://www.ehealthafrica.org/careers,Health Information Systems | Digital Health | Interoperability | Enterprise Systems | Data Platforms
company-01147,Employer Career Page,company,eHealth Egypt,Health-sector employer search,Health-sector employer search,MedTech & Diagnostics,MedTech & Diagnostics,Healthcare & Life Sciences,Global,Multiple,,Career Page Available,,,2026-07-20,,,C,Search discovery link,Search link,75,Medium,Directory,https://www.google.com/search?q=%22eHealth+Egypt%22+careers+digital+health+IT+data+jobs,"Search digital health, enterprise systems, data, architecture and transformation roles."
company-00723,Employer Career Page,company,Eisai,Global Pharmaceuticals,Global Pharmaceuticals,Pharmaceutical & Biotech,Pharmaceutical & Biotech,Healthcare & Life Sciences,Global,Multiple,,Career Page Available,,,2026-07-20,,,C,Search discovery link,Search link,75,Medium,Directory,https://www.eisai.com/careers/index.html,"Search digital health, enterprise systems, data, architecture and transformation roles."
company-01023,Employer Career Page,company,Eisai,Health-sector employer search,Health-sector employer search,Pharmaceutical & Biotech,Pharmaceutical & Biotech,Healthcare & Life Sciences,Global,Multiple,,Career Page Available,,,2026-07-20,,,C,Search discovery link,Search link,75,Medium,Directory,https://www.google.com/search?q=%22Eisai%22+careers+digital+health+IT+data+jobs,"Search digital health, enterprise systems, data, architecture and transformation roles."
company-01176,Employer Career Page,company,Eko Hospital,Health-sector employer search,Health-sector employer search,Hospitals & Providers,Hospitals & Providers,Healthcare & Life Sciences,Global,Multiple,,Career Page Available,,,2026-07-20,,,C,Search discovery link,Search link,75,Medium,Directory,https://www.google.com/search?q=%22Eko+Hospital%22+careers+digital+health+IT+data+jobs,"Search digital health, enterprise systems, data, architecture and transformation roles."
company-00853,Employer Career Page,company,Elekta,Medical Devices & Equipment,Medical Devices & Equipment,MedTech & Diagnostics,MedTech & Diagnostics,Healthcare & Life Sciences,Global,Multiple,,Career Page Available,,,2026-07-20,,,C,Search discovery link,Search link,75,Medium,Directory,https://www.elekta.com/company/careers/,"Search digital health, enterprise systems, data, architecture and transformation roles."
company-01127,Employer Career Page,company,Elekta,Health-sector employer search,Health-sector employer search,MedTech & Diagnostics,MedTech & Diagnostics,Healthcare & Life Sciences,Global,Multiple,,Career Page Available,,,2026-07-20,,,C,Search discovery link,Search link,75,Medium,Directory,https://www.google.com/search?q=%22Elekta%22+careers+digital+health+IT+data+jobs,"Search digital health, enterprise systems, data, architecture and transformation roles."
company-01009,Employer Career Page,company,Eli Lilly,Health-sector employer search,Health-sector employer search,Pharmaceutical & Biotech,Pharmaceutical & Biotech,Healthcare & Life Sciences,Global,Multiple,,Career Page Available,,,2026-07-20,,,C,Search discovery link,Search link,75,Medium,Directory,https://www.google.com/search?q=%22Eli+Lilly%22+careers+digital+health+IT+data+jobs,"Search digital health, enterprise systems, data, architecture and transformation roles."
company-00121,Employer Career Page,organization,Elizabeth Glaser Pediatric AIDS Foundation,Global Health & Healthcare,Global Health & Healthcare,Global Health & Healthcare,Global Health & Healthcare,Healthcare & Life Sciences,Africa,"Washington, DC, USA",,Career Page Available,,,2026-07-20,,,B,Direct organization or specialist source,Direct,62,Medium,Directory,https://pedaids.org/about/careers/,Health Information Systems | Digital Health | Interoperability | Enterprise Systems | Data Platforms
company-00382,Employer Career Page,organization,Elizabeth Glaser Pediatric AIDS Foundation,Career and project search,Career and project search,Global Health & Healthcare,Global Health & Healthcare,Healthcare & Life Sciences,Africa,"Washington, DC, USA",,Career Page Available,,,2026-07-20,,,B,Direct organization or specialist source,Direct,62,Medium,Directory,https://pedaids.org/about/careers/,Health Information Systems | Digital Health | Interoperability | Enterprise Systems | Data Platforms
company-01398,Employer Career Page,company,Emaar Misr,Real Estate,Real Estate,"Real Estate, Construction & Hospitality","Real Estate, Construction & Hospitality",Healthcare & Life Sciences,Egypt,Egypt,,Career Page Available,,,2026-07-20,,,B,Direct organization or specialist source,Direct,53,Low,Directory,https://careers.emaar.com/,
company-01482,Employer Career Page,company,Emaar Properties,Real Estate,Real Estate,Healthcare & Consumer,Healthcare & Consumer,Healthcare & Life Sciences,Global / Regional,Multiple,,Career Page Available,,,2026-07-20,,,B,Recognized job platform,Platform,62,Medium,Directory,https://careers.emaar.com/,"Search current technology, transformation, architecture, programme and data roles."
company-01931,Employer Career Page,company,Emaar Properties,Employer career search,Employer career search,Healthcare & Consumer,Healthcare & Consumer,Healthcare & Life Sciences,Global / Regional,Multiple,,Career Page Available,,,2026-07-20,,,B,Recognized job platform,Platform,62,Medium,Directory,https://www.linkedin.com/jobs/search/?keywords=Emaar+Properties&sortBy=DD,"Search current technology, transformation, architecture, programme and data roles."
company-00764,Employer Career Page,company,Emcure Pharmaceuticals,Global Pharmaceuticals,Global Pharmaceuticals,Global Pharmaceuticals,Global Pharmaceuticals,Healthcare & Life Sciences,Global,"Pune, India",,Career Page Available,,,2026-07-20,,,B,Direct organization or specialist source,Direct,75,Medium,Directory,https://www.emcure.com/careers/,Enterprise Architecture | Digital Transformation | ERP & Manufacturing Systems | Data & Analytics | IT Governance
company-00939,Employer Career Page,company,Emmes,"CRO, Clinical Research & Pharma Services","CRO, Clinical Research & Pharma Services","CRO, Clinical Research & Pharma Services","CRO, Clinical Research & Pharma Services",Healthcare & Life Sciences,Global,"Rockville, USA",,Career Page Available,,,2026-07-20,,,B,Direct organization or specialist source,Direct,57,Low,Directory,https://www.emmes.com/careers,Clinical Systems | eClinical Platforms | Data Management | Enterprise Applications | Program Delivery
company-00383,Employer Career Page,organization,EngenderHealth,Career and project search,Career and project search,International NGOs,International NGOs,Healthcare & Life Sciences,Global,Multiple,,Career Page Available,,,2026-07-20,,,C,Search discovery link,Search link,20,Low,Directory,https://www.google.com/search?q=%22EngenderHealth%22+careers+jobs+digital+transformation+ICT,"Search current jobs, consulting assignments, tenders and technology programmes."
company-01117,Employer Career Page,company,Envista,Health-sector employer search,Health-sector employer search,MedTech & Diagnostics,MedTech & Diagnostics,Healthcare & Life Sciences,Global,Multiple,,Career Page Available,,,2026-07-20,,,C,Search discovery link,Search link,75,Medium,Directory,https://www.google.com/search?q=%22Envista%22+careers+digital+health+IT+data+jobs,"Search digital health, enterprise systems, data, architecture and transformation roles."
company-00844,Employer Career Page,company,Envista Holdings,Medical Devices & Equipment,Medical Devices & Equipment,Medical Devices & Equipment,Medical Devices & Equipment,Healthcare & Life Sciences,Global,"Brea, USA",,Career Page Available,,,2026-07-20,,,B,Direct organization or specialist source,Direct,66,Medium,Directory,https://careers.envistaco.com/,Digital Health Platforms | Systems Integration | Enterprise Applications | Service Technology | Data Platforms
company-00957,Employer Career Page,company,Epic,Digital Health & Healthcare IT,Digital Health & Healthcare IT,Digital Health & Healthcare IT,Digital Health & Healthcare IT,Healthcare & Life Sciences,Global,"Verona, USA",,Career Page Available,,,2026-07-20,,,B,Direct organization or specialist source,Direct,71,Medium,Directory,https://careers.epic.com/,Solutions Architecture | Health Interoperability | Cloud Platforms | Product Technology | Data Engineering
company-00136,Employer Career Page,organization,Epic Systems,Global Health & Healthcare,Global Health & Healthcare,MedTech & Diagnostics,MedTech & Diagnostics,Healthcare & Life Sciences,Global,Multiple,,Career Page Available,,,2026-07-20,,,C,Search discovery link,Search link,75,Medium,Directory,https://careers.epic.com/,"Search digital health, enterprise systems, data, architecture and transformation roles."
company-01134,Employer Career Page,company,Epic Systems,Health-sector employer search,Health-sector employer search,MedTech & Diagnostics,MedTech & Diagnostics,Healthcare & Life Sciences,Global,Multiple,,Career Page Available,,,2026-07-20,,,C,Search discovery link,Search link,75,Medium,Directory,https://www.google.com/search?q=%22Epic+Systems%22+careers+digital+health+IT+data+jobs,"Search digital health, enterprise systems, data, architecture and transformation roles."
company-00921,Employer Career Page,company,Eppendorf,"Diagnostics, Laboratory & Life Science Tools","Diagnostics, Laboratory & Life Science Tools","Diagnostics, Laboratory & Life Science Tools","Diagnostics, Laboratory & Life Science Tools",Healthcare & Life Sciences,Global,"Hamburg, Germany",,Career Page Available,,,2026-07-20,,,B,Direct organization or specialist source,Direct,59,Low,Directory,https://www.eppendorf.com/careers/,Laboratory Informatics | LIMS | Enterprise Systems | Data & AI | Cybersecurity
company-00938,Employer Career Page,company,Ergomed,"CRO, Clinical Research & Pharma Services","CRO, Clinical Research & Pharma Services","CRO, Clinical Research & Pharma Services","CRO, Clinical Research & Pharma Services",Healthcare & Life Sciences,Global,"Guildford, UK",,Career Page Available,,,2026-07-20,,,B,Direct organization or specialist source,Direct,57,Low,Directory,https://www.ergomedgroup.com/careers/,Clinical Systems | eClinical Platforms | Data Management | Enterprise Applications | Program Delivery
company-00873,Employer Career Page,company,Essity Health & Medical,Medical Devices & Equipment,Medical Devices & Equipment,Medical Devices & Equipment,Medical Devices & Equipment,Healthcare & Life Sciences,Global,"Stockholm, Sweden",,Career Page Available,,,2026-07-20,,,B,Direct organization or specialist source,Direct,66,Medium,Directory,https://www.essity.com/careers/,Digital Health Platforms | Systems Integration | Enterprise Applications | Service Technology | Data Platforms
company-01294,Employer Career Page,company,Ethiopia — Digital Health Companies Search,Live health employer discovery,Live health employer discovery,Live Medical Employer Search,Live Medical Employer Search,Healthcare & Life Sciences,Africa,Ethiopia,,Career Page Available,,,2026-07-20,,,C,Search discovery link,Search link,57,Low,Directory,https://www.google.com/search?q=Ethiopia+digital+health+companies,Live search across employers and healthcare technology opportunities.
company-01298,Employer Career Page,company,Ethiopia — Health Informatics Employers Search,Live health employer discovery,Live health employer discovery,Live Medical Employer Search,Live Medical Employer Search,Healthcare & Life Sciences,Africa,Ethiopia,,Career Page Available,,,2026-07-20,,,C,Search discovery link,Search link,53,Low,Directory,https://www.google.com/search?q=Ethiopia+health+informatics+employers,Live search across employers and healthcare technology opportunities.
company-00652,Employer Career Page,organization,Ethiopia — Health Technology Organisations Search,Live organisation discovery,Live organisation discovery,Live Organisation Search,Live Organisation Search,Healthcare & Life Sciences,Africa,Ethiopia,,Career Page Available,,,2026-07-20,,,C,Search discovery link,Search link,52,Low,Directory,https://www.google.com/search?q=Ethiopia+health+technology+organisations+careers+jobs,"Live search link, sorted toward current opportunities and organisations."
company-02056,Employer Career Page,company,Ethiopia — Healthcare Companies Hiring,Live employer discovery,Live employer discovery,Live Private Employer Search,Live Private Employer Search,Healthcare & Life Sciences,Africa,Ethiopia,,Career Page Available,,,2026-07-20,,,C,Search discovery link,Search link,52,Low,Directory,https://www.google.com/search?q=Ethiopia+healthcare+companies+hiring+2026,Live search for employers and current technology roles.
company-01295,Employer Career Page,company,Ethiopia — Hospital It Jobs Search,Live health employer discovery,Live health employer discovery,Live Medical Employer Search,Live Medical Employer Search,Healthcare & Life Sciences,Africa,Ethiopia,,Career Page Available,,,2026-07-20,,,C,Search discovery link,Search link,53,Low,Directory,https://www.google.com/search?q=Ethiopia+hospital+IT+jobs,Live search across employers and healthcare technology opportunities.
company-01297,Employer Career Page,company,Ethiopia — Medical Device Careers Search,Live health employer discovery,Live health employer discovery,Live Medical Employer Search,Live Medical Employer Search,Healthcare & Life Sciences,Africa,Ethiopia,,Career Page Available,,,2026-07-20,,,C,Search discovery link,Search link,53,Low,Directory,https://www.google.com/search?q=Ethiopia+medical+device+careers,Live search across employers and healthcare technology opportunities.
company-01296,Employer Career Page,company,Ethiopia — Pharmaceutical Technology Jobs Search,Live health employer discovery,Live health employer discovery,Live Medical Employer Search,Live Medical Employer Search,Healthcare & Life Sciences,Africa,Ethiopia,,Career Page Available,,,2026-07-20,,,C,Search discovery link,Search link,53,Low,Directory,https://www.google.com/search?q=Ethiopia+pharmaceutical+technology+jobs,Live search across employers and healthcare technology opportunities.
company-00907,Employer Career Page,company,Eurofins Scientific,"Diagnostics, Laboratory & Life Science Tools","Diagnostics, Laboratory & Life Science Tools","Diagnostics, Laboratory & Life Science Tools","Diagnostics, Laboratory & Life Science Tools",Healthcare & Life Sciences,Global,Luxembourg,,Career Page Available,,,2026-07-20,,,B,Direct organization or specialist source,Direct,59,Low,Directory,https://careers.eurofins.com/,Laboratory Informatics | LIMS | Enterprise Systems | Data & AI | Cybersecurity
company-01177,Employer Career Page,company,Evercare Hospital Lekki,Health-sector employer search,Health-sector employer search,Hospitals & Providers,Hospitals & Providers,Healthcare & Life Sciences,Global,Multiple,,Career Page Available,,,2026-07-20,,,C,Search discovery link,Search link,75,Medium,Directory,https://www.google.com/search?q=%22Evercare+Hospital+Lekki%22+careers+digital+health+IT+data+jobs,"Search digital health, enterprise systems, data, architecture and transformation roles."
company-00912,Employer Career Page,company,Exact Sciences,"Diagnostics, Laboratory & Life Science Tools","Diagnostics, Laboratory & Life Science Tools","Diagnostics, Laboratory & Life Science Tools","Diagnostics, Laboratory & Life Science Tools",Healthcare & Life Sciences,Global,"Madison, USA",,Career Page Available,,,2026-07-20,,,B,Direct organization or specialist source,Direct,59,Low,Directory,https://careers.exactsciences.com/,Laboratory Informatics | LIMS | Enterprise Systems | Data & AI | Cybersecurity
company-00798,Employer Career Page,company,Exelixis,Biotechnology & Specialty Pharma,Biotechnology & Specialty Pharma,Biotechnology & Specialty Pharma,Biotechnology & Specialty Pharma,Healthcare & Life Sciences,Global,"Alameda, USA",,Career Page Available,,,2026-07-20,,,B,Direct organization or specialist source,Direct,64,Medium,Directory,https://www.exelixis.com/careers/,R&D Digital Platforms | Data Engineering | Cloud & Cybersecurity | Enterprise Applications | Technical Program Management
company-00822,Employer Career Page,company,Fate Therapeutics,Biotechnology & Specialty Pharma,Biotechnology & Specialty Pharma,Biotechnology & Specialty Pharma,Biotechnology & Specialty Pharma,Healthcare & Life Sciences,Global,"San Diego, USA",,Career Page Available,,,2026-07-20,,,B,Direct organization or specialist source,Direct,64,Medium,Directory,https://fatetherapeutics.com/careers/,R&D Digital Platforms | Data Engineering | Cloud & Cybersecurity | Enterprise Applications | Technical Program Management
company-01043,Employer Career Page,company,Ferring Pharmaceuticals,Health-sector employer search,Health-sector employer search,Pharmaceutical & Biotech,Pharmaceutical & Biotech,Healthcare & Life Sciences,Global,Multiple,,Career Page Available,,,2026-07-20,,,C,Search discovery link,Search link,75,Medium,Directory,https://www.google.com/search?q=%22Ferring+Pharmaceuticals%22+careers+digital+health+IT+data+jobs,"Search digital health, enterprise systems, data, architecture and transformation roles."
company-00117,Employer Career Page,organization,FIND,Global Health & Healthcare,Global Health & Healthcare,Global Health & Healthcare,Global Health & Healthcare,Healthcare & Life Sciences,Global,"Geneva, Switzerland",,Career Page Available,,,2026-07-20,,,B,Direct organization or specialist source,Direct,64,Medium,Directory,https://www.finddx.org/careers/,Health Information Systems | Digital Health | Interoperability | Enterprise Systems | Data Platforms
company-01195,Employer Career Page,company,Fortis Healthcare,Health-sector employer search,Health-sector employer search,Hospitals & Providers,Hospitals & Providers,Healthcare & Life Sciences,Global,Multiple,,Career Page Available,,,2026-07-20,,,C,Search discovery link,Search link,75,Medium,Directory,https://www.google.com/search?q=%22Fortis+Healthcare%22+careers+digital+health+IT+data+jobs,"Search digital health, enterprise systems, data, architecture and transformation roles."
company-00926,Employer Career Page,company,Fortrea,"CRO, Clinical Research & Pharma Services","CRO, Clinical Research & Pharma Services","CRO, Clinical Research & Pharma Services","CRO, Clinical Research & Pharma Services",Healthcare & Life Sciences,Global,"Durham, USA",,Career Page Available,,,2026-07-20,,,B,Direct organization or specialist source,Direct,57,Low,Directory,https://www.fortrea.com/careers,Clinical Systems | eClinical Platforms | Data Management | Enterprise Applications | Program Delivery
company-00916,Employer Career Page,company,Foundation Medicine,"Diagnostics, Laboratory & Life Science Tools","Diagnostics, Laboratory & Life Science Tools","Diagnostics, Laboratory & Life Science Tools","Diagnostics, Laboratory & Life Science Tools",Healthcare & Life Sciences,Global,"Cambridge, USA",,Career Page Available,,,2026-07-20,,,B,Direct organization or specialist source,Direct,59,Low,Directory,https://careers.foundationmedicine.com/,Laboratory Informatics | LIMS | Enterprise Systems | Data & AI | Cybersecurity
company-00754,Employer Career Page,company,Fresenius Kabi,Global Pharmaceuticals,Global Pharmaceuticals,MedTech & Diagnostics,MedTech & Diagnostics,Healthcare & Life Sciences,Global,Multiple,,Career Page Available,,,2026-07-20,,,C,Search discovery link,Search link,75,Medium,Directory,https://karriere.fresenius.de/en-US,"Search digital health, enterprise systems, data, architecture and transformation roles."
company-01122,Employer Career Page,company,Fresenius Kabi,Health-sector employer search,Health-sector employer search,MedTech & Diagnostics,MedTech & Diagnostics,Healthcare & Life Sciences,Global,Multiple,,Career Page Available,,,2026-07-20,,,C,Search discovery link,Search link,75,Medium,Directory,https://www.google.com/search?q=%22Fresenius+Kabi%22+careers+digital+health+IT+data+jobs,"Search digital health, enterprise systems, data, architecture and transformation roles."
company-00876,Employer Career Page,company,Fresenius Medical Care,Medical Devices & Equipment,Medical Devices & Equipment,MedTech & Diagnostics,MedTech & Diagnostics,Healthcare & Life Sciences,Global,Multiple,,Career Page Available,,,2026-07-20,,,C,Search discovery link,Search link,76,Medium,Directory,https://jobs.freseniusmedicalcare.com/,"Search digital health, enterprise systems, data, architecture and transformation roles."
company-01121,Employer Career Page,company,Fresenius Medical Care,Health-sector employer search,Health-sector employer search,MedTech & Diagnostics,MedTech & Diagnostics,Healthcare & Life Sciences,Global,Multiple,,Career Page Available,,,2026-07-20,,,C,Search discovery link,Search link,76,Medium,Directory,https://www.google.com/search?q=%22Fresenius+Medical+Care%22+careers+digital+health+IT+data+jobs,"Search digital health, enterprise systems, data, architecture and transformation roles."
company-00856,Employer Career Page,company,Fujifilm Healthcare,Medical Devices & Equipment,Medical Devices & Equipment,MedTech & Diagnostics,MedTech & Diagnostics,Healthcare & Life Sciences,Global,Multiple,,Career Page Available,,,2026-07-20,,,C,Search discovery link,Search link,75,Medium,Directory,https://careers-us.fujifilm.com/,"Search digital health, enterprise systems, data, architecture and transformation roles."
company-01100,Employer Career Page,company,Fujifilm Healthcare,Health-sector employer search,Health-sector employer search,MedTech & Diagnostics,MedTech & Diagnostics,Healthcare & Life Sciences,Global,Multiple,,Career Page Available,,,2026-07-20,,,C,Search discovery link,Search link,75,Medium,Directory,https://www.google.com/search?q=%22Fujifilm+Healthcare%22+careers+digital+health+IT+data+jobs,"Search digital health, enterprise systems, data, architecture and transformation roles."
company-00898,Employer Career Page,company,Fujirebio,"Diagnostics, Laboratory & Life Science Tools","Diagnostics, Laboratory & Life Science Tools","Diagnostics, Laboratory & Life Science Tools","Diagnostics, Laboratory & Life Science Tools",Healthcare & Life Sciences,Global,"Tokyo, Japan",,Career Page Available,,,2026-07-20,,,B,Direct organization or specialist source,Direct,59,Low,Directory,https://www.fujirebio.com/en/careers,Laboratory Informatics | LIMS | Enterprise Systems | Data & AI | Cybersecurity
company-00992,Employer Career Page,company,Future Pharmaceutical Industries,"Egypt, Middle East & Africa","Egypt, Middle East & Africa",Pharmaceutical & Biotech,Pharmaceutical & Biotech,Healthcare & Life Sciences,Global,Multiple,,Career Page Available,,,2026-07-20,,,C,Search discovery link,Search link,75,Medium,Directory,https://future-pharma.com/,"Search digital health, enterprise systems, data, architecture and transformation roles."
company-01062,Employer Career Page,company,Future Pharmaceutical Industries,Health-sector employer search,Health-sector employer search,Pharmaceutical & Biotech,Pharmaceutical & Biotech,Healthcare & Life Sciences,Global,Multiple,,Career Page Available,,,2026-07-20,,,C,Search discovery link,Search link,75,Medium,Directory,https://www.google.com/search?q=%22Future+Pharmaceutical+Industries%22+careers+digital+health+IT+data+jobs,"Search digital health, enterprise systems, data, architecture and transformation roles."
company-01042,Employer Career Page,company,Galderma,Health-sector employer search,Health-sector employer search,Pharmaceutical & Biotech,Pharmaceutical & Biotech,Healthcare & Life Sciences,Global,Multiple,,Career Page Available,,,2026-07-20,,,C,Search discovery link,Search link,75,Medium,Directory,https://www.google.com/search?q=%22Galderma%22+careers+digital+health+IT+data+jobs,"Search digital health, enterprise systems, data, architecture and transformation roles."
company-00113,Employer Career Page,organization,"Gavi, the Vaccine Alliance",Global Health & Healthcare,Global Health & Healthcare,Global Health & Healthcare,Global Health & Healthcare,Healthcare & Life Sciences,Global,"Geneva, Switzerland",,Career Page Available,,,2026-07-20,,,B,Direct organization or specialist source,Direct,64,Medium,Directory,https://www.gavi.org/our-alliance/careers,Health Information Systems | Digital Health | Interoperability | Enterprise Systems | Data Platforms
company-00749,Employer Career Page,company,Gedeon Richter,Global Pharmaceuticals,Global Pharmaceuticals,Global Pharmaceuticals,Global Pharmaceuticals,Healthcare & Life Sciences,Global,"Budapest, Hungary",,Career Page Available,,,2026-07-20,,,B,Direct organization or specialist source,Direct,75,Medium,Directory,https://www.gedeonrichter.com/en/career,Enterprise Architecture | Digital Transformation | ERP & Manufacturing Systems | Data & Analytics | IT Governance
company-00793,Employer Career Page,company,Genmab,Biotechnology & Specialty Pharma,Biotechnology & Specialty Pharma,Biotechnology & Specialty Pharma,Biotechnology & Specialty Pharma,Healthcare & Life Sciences,Global,"Copenhagen, Denmark",,Career Page Available,,,2026-07-20,,,B,Direct organization or specialist source,Direct,64,Medium,Directory,https://www.genmab.com/careers,R&D Digital Platforms | Data Engineering | Cloud & Cybersecurity | Enterprise Applications | Technical Program Management
company-00851,Employer Career Page,company,Getinge,Medical Devices & Equipment,Medical Devices & Equipment,MedTech & Diagnostics,MedTech & Diagnostics,Healthcare & Life Sciences,Global,Multiple,,Career Page Available,,,2026-07-20,,,C,Search discovery link,Search link,75,Medium,Directory,https://www.getinge.com/int/careers/,"Search digital health, enterprise systems, data, architecture and transformation roles."
company-01104,Employer Career Page,company,Getinge,Health-sector employer search,Health-sector employer search,MedTech & Diagnostics,MedTech & Diagnostics,Healthcare & Life Sciences,Global,Multiple,,Career Page Available,,,2026-07-20,,,C,Search discovery link,Search link,75,Medium,Directory,https://www.google.com/search?q=%22Getinge%22+careers+digital+health+IT+data+jobs,"Search digital health, enterprise systems, data, architecture and transformation roles."
company-01269,Employer Career Page,company,Ghana — Digital Health Companies Search,Live health employer discovery,Live health employer discovery,Live Medical Employer Search,Live Medical Employer Search,Healthcare & Life Sciences,Africa,Ghana,,Career Page Available,,,2026-07-20,,,C,Search discovery link,Search link,57,Low,Directory,https://www.google.com/search?q=Ghana+digital+health+companies,Live search across employers and healthcare technology opportunities.
company-01273,Employer Career Page,company,Ghana — Health Informatics Employers Search,Live health employer discovery,Live health employer discovery,Live Medical Employer Search,Live Medical Employer Search,Healthcare & Life Sciences,Africa,Ghana,,Career Page Available,,,2026-07-20,,,C,Search discovery link,Search link,53,Low,Directory,https://www.google.com/search?q=Ghana+health+informatics+employers,Live search across employers and healthcare technology opportunities.
company-00627,Employer Career Page,organization,Ghana — Health Technology Organisations Search,Live organisation discovery,Live organisation discovery,Live Organisation Search,Live Organisation Search,Healthcare & Life Sciences,Africa,Ghana,,Career Page Available,,,2026-07-20,,,C,Search discovery link,Search link,52,Low,Directory,https://www.google.com/search?q=Ghana+health+technology+organisations+careers+jobs,"Live search link, sorted toward current opportunities and organisations."
company-02031,Employer Career Page,company,Ghana — Healthcare Companies Hiring,Live employer discovery,Live employer discovery,Live Private Employer Search,Live Private Employer Search,Healthcare & Life Sciences,Africa,Ghana,,Career Page Available,,,2026-07-20,,,C,Search discovery link,Search link,52,Low,Directory,https://www.google.com/search?q=Ghana+healthcare+companies+hiring+2026,Live search for employers and current technology roles.
company-01270,Employer Career Page,company,Ghana — Hospital It Jobs Search,Live health employer discovery,Live health employer discovery,Live Medical Employer Search,Live Medical Employer Search,Healthcare & Life Sciences,Africa,Ghana,,Career Page Available,,,2026-07-20,,,C,Search discovery link,Search link,53,Low,Directory,https://www.google.com/search?q=Ghana+hospital+IT+jobs,Live search across employers and healthcare technology opportunities.
company-01272,Employer Career Page,company,Ghana — Medical Device Careers Search,Live health employer discovery,Live health employer discovery,Live Medical Employer Search,Live Medical Employer Search,Healthcare & Life Sciences,Africa,Ghana,,Career Page Available,,,2026-07-20,,,C,Search discovery link,Search link,53,Low,Directory,https://www.google.com/search?q=Ghana+medical+device+careers,Live search across employers and healthcare technology opportunities.
company-01271,Employer Career Page,company,Ghana — Pharmaceutical Technology Jobs Search,Live health employer discovery,Live health employer discovery,Live Medical Employer Search,Live Medical Employer Search,Healthcare & Life Sciences,Africa,Ghana,,Career Page Available,,,2026-07-20,,,C,Search discovery link,Search link,53,Low,Directory,https://www.google.com/search?q=Ghana+pharmaceutical+technology+jobs,Live search across employers and healthcare technology opportunities.
company-00775,Employer Career Page,company,Gilead Sciences,Biotechnology & Specialty Pharma,Biotechnology & Specialty Pharma,Pharmaceutical & Biotech,Pharmaceutical & Biotech,Healthcare & Life Sciences,Global,Multiple,,Career Page Available,,,2026-07-20,,,C,Search discovery link,Search link,75,Medium,Directory,https://www.gilead.com/careers,"Search digital health, enterprise systems, data, architecture and transformation roles."
company-01012,Employer Career Page,company,Gilead Sciences,Health-sector employer search,Health-sector employer search,Pharmaceutical & Biotech,Pharmaceutical & Biotech,Healthcare & Life Sciences,Global,Multiple,,Career Page Available,,,2026-07-20,,,C,Search discovery link,Search link,75,Medium,Directory,https://www.google.com/search?q=%22Gilead+Sciences%22+careers+digital+health+IT+data+jobs,"Search digital health, enterprise systems, data, architecture and transformation roles."
company-00806,Employer Career Page,company,Ginkgo Bioworks,Biotechnology & Specialty Pharma,Biotechnology & Specialty Pharma,Biotechnology & Specialty Pharma,Biotechnology & Specialty Pharma,Healthcare & Life Sciences,Global,"Boston, USA",,Career Page Available,,,2026-07-20,,,B,Direct organization or specialist source,Direct,64,Medium,Directory,https://www.ginkgobioworks.com/careers/,R&D Digital Platforms | Data Engineering | Cloud & Cybersecurity | Enterprise Applications | Technical Program Management
company-00745,Employer Career Page,company,Glenmark Pharmaceuticals,Global Pharmaceuticals,Global Pharmaceuticals,Global Pharmaceuticals,Global Pharmaceuticals,Healthcare & Life Sciences,Global,"Mumbai, India",,Career Page Available,,,2026-07-20,,,B,Direct organization or specialist source,Direct,75,Medium,Directory,https://glenmarkpharma.com/careers/,Enterprise Architecture | Digital Transformation | ERP & Manufacturing Systems | Data & Analytics | IT Governance
company-00990,Employer Career Page,company,Global Napi Pharmaceuticals,"Egypt, Middle East & Africa","Egypt, Middle East & Africa","Egypt, Middle East & Africa","Egypt, Middle East & Africa",Healthcare & Life Sciences,Africa,"6th of October City, Egypt",,Career Page Available,,,2026-07-20,,,B,Direct organization or specialist source,Direct,71,Medium,Directory,https://www.globalnapi.com/,IT Leadership | ERP | Digital Transformation | Business Intelligence | Systems Integration
company-00760,Employer Career Page,company,Globalpharma,Global Pharmaceuticals,Global Pharmaceuticals,Pharmaceutical & Biotech,Pharmaceutical & Biotech,Healthcare & Life Sciences,Global,Multiple,,Career Page Available,,,2026-07-20,,,C,Search discovery link,Search link,75,Medium,Directory,https://globalpharma.ae/,"Search digital health, enterprise systems, data, architecture and transformation roles."
company-01053,Employer Career Page,company,Globalpharma,Health-sector employer search,Health-sector employer search,Pharmaceutical & Biotech,Pharmaceutical & Biotech,Healthcare & Life Sciences,Global,Multiple,,Career Page Available,,,2026-07-20,,,C,Search discovery link,Search link,75,Medium,Directory,https://www.google.com/search?q=%22Globalpharma%22+careers+digital+health+IT+data+jobs,"Search digital health, enterprise systems, data, architecture and transformation roles."
company-00869,Employer Career Page,company,Globus Medical,Medical Devices & Equipment,Medical Devices & Equipment,Medical Devices & Equipment,Medical Devices & Equipment,Healthcare & Life Sciences,Global,"Audubon, USA",,Career Page Available,,,2026-07-20,,,B,Direct organization or specialist source,Direct,66,Medium,Directory,https://www.globusmedical.com/about/careers/,Digital Health Platforms | Systems Integration | Enterprise Applications | Service Technology | Data Platforms
company-01480,Employer Career Page,company,GMG,Retail & Distribution,Retail & Distribution,Healthcare & Consumer,Healthcare & Consumer,Healthcare & Life Sciences,Global / Regional,Multiple,,Career Page Available,,,2026-07-20,,,B,Recognized job platform,Platform,62,Medium,Directory,https://careers.gmg.com/,"Search current technology, transformation, architecture, programme and data roles."
company-01925,Employer Career Page,company,GMG,Employer career search,Employer career search,Healthcare & Consumer,Healthcare & Consumer,Healthcare & Life Sciences,Global / Regional,Multiple,,Career Page Available,,,2026-07-20,,,B,Recognized job platform,Platform,62,Medium,Directory,https://www.linkedin.com/jobs/search/?keywords=GMG&sortBy=DD,"Search current technology, transformation, architecture, programme and data roles."
company-00862,Employer Career Page,company,GN Group,Medical Devices & Equipment,Medical Devices & Equipment,Medical Devices & Equipment,Medical Devices & Equipment,Healthcare & Life Sciences,Global,"Ballerup, Denmark",,Career Page Available,,,2026-07-20,,,B,Direct organization or specialist source,Direct,66,Medium,Directory,https://www.gn.com/careers,Digital Health Platforms | Systems Integration | Enterprise Applications | Service Technology | Data Platforms
company-00729,Employer Career Page,company,Grifols,Global Pharmaceuticals,Global Pharmaceuticals,Pharmaceutical & Biotech,Pharmaceutical & Biotech,Healthcare & Life Sciences,Global,Multiple,,Career Page Available,,,2026-07-20,,,C,Search discovery link,Search link,75,Medium,Directory,https://www.grifols.com/en/careers,"Search digital health, enterprise systems, data, architecture and transformation roles."
company-01033,Employer Career Page,company,Grifols,Health-sector employer search,Health-sector employer search,Pharmaceutical & Biotech,Pharmaceutical & Biotech,Healthcare & Life Sciences,Global,Multiple,,Career Page Available,,,2026-07-20,,,C,Search discovery link,Search link,75,Medium,Directory,https://www.google.com/search?q=%22Grifols%22+careers+digital+health+IT+data+jobs,"Search digital health, enterprise systems, data, architecture and transformation roles."
company-00913,Employer Career Page,company,Guardant Health,"Diagnostics, Laboratory & Life Science Tools","Diagnostics, Laboratory & Life Science Tools","Diagnostics, Laboratory & Life Science Tools","Diagnostics, Laboratory & Life Science Tools",Healthcare & Life Sciences,Global,"Palo Alto, USA",,Career Page Available,,,2026-07-20,,,B,Direct organization or specialist source,Direct,60,Medium,Directory,https://guardanthealth.com/careers/,Laboratory Informatics | LIMS | Enterprise Systems | Data & AI | Cybersecurity
company-00868,Employer Career Page,company,Haemonetics,Medical Devices & Equipment,Medical Devices & Equipment,Medical Devices & Equipment,Medical Devices & Equipment,Healthcare & Life Sciences,Global,"Boston, USA",,Career Page Available,,,2026-07-20,,,B,Direct organization or specialist source,Direct,66,Medium,Directory,https://careers.haemonetics.com/,Digital Health Platforms | Systems Integration | Enterprise Applications | Service Technology | Data Platforms
company-00812,Employer Career Page,company,Halozyme Therapeutics,Biotechnology & Specialty Pharma,Biotechnology & Specialty Pharma,Biotechnology & Specialty Pharma,Biotechnology & Specialty Pharma,Healthcare & Life Sciences,Global,"San Diego, USA",,Career Page Available,,,2026-07-20,,,B,Direct organization or specialist source,Direct,64,Medium,Directory,https://www.halozyme.com/careers/,R&D Digital Platforms | Data Engineering | Cloud & Cybersecurity | Enterprise Applications | Technical Program Management
company-00874,Employer Career Page,company,HARTMANN Group,Medical Devices & Equipment,Medical Devices & Equipment,Medical Devices & Equipment,Medical Devices & Equipment,Healthcare & Life Sciences,Global,"Heidenheim, Germany",,Career Page Available,,,2026-07-20,,,B,Direct organization or specialist source,Direct,66,Medium,Directory,https://www.hartmann.info/en-corp/career,Digital Health Platforms | Systems Integration | Enterprise Applications | Service Technology | Data Platforms
company-01414,Employer Career Page,company,Henkel Egypt,Consumer & Industrial,Consumer & Industrial,Healthcare & Consumer,Healthcare & Consumer,Healthcare & Life Sciences,Global / Regional,Multiple,,Career Page Available,,,2026-07-20,,,B,Recognized job platform,Platform,62,Medium,Directory,https://www.henkel.com/careers,"Search current technology, transformation, architecture, programme and data roles."
company-01909,Employer Career Page,company,Henkel Egypt,Employer career search,Employer career search,Healthcare & Consumer,Healthcare & Consumer,Healthcare & Life Sciences,Global / Regional,Multiple,,Career Page Available,,,2026-07-20,,,B,Recognized job platform,Platform,62,Medium,Directory,https://www.linkedin.com/jobs/search/?keywords=Henkel+Egypt&sortBy=DD,"Search current technology, transformation, architecture, programme and data roles."
company-00847,Employer Career Page,company,Henry Schein,Medical Devices & Equipment,Medical Devices & Equipment,Medical Devices & Equipment,Medical Devices & Equipment,Healthcare & Life Sciences,Global,"Melville, USA",,Career Page Available,,,2026-07-20,,,B,Direct organization or specialist source,Direct,66,Medium,Directory,https://careers.henryschein.com/,Digital Health Platforms | Systems Integration | Enterprise Applications | Service Technology | Data Platforms
company-00768,Employer Career Page,company,Hetero,Global Pharmaceuticals,Global Pharmaceuticals,Global Pharmaceuticals,Global Pharmaceuticals,Healthcare & Life Sciences,Global,"Hyderabad, India",,Career Page Available,,,2026-07-20,,,B,Direct organization or specialist source,Direct,75,Medium,Directory,https://www.heteroworld.com/careers,Enterprise Architecture | Digital Transformation | ERP & Manufacturing Systems | Data & Analytics | IT Governance
company-01126,Employer Career Page,company,Hillrom,Health-sector employer search,Health-sector employer search,MedTech & Diagnostics,MedTech & Diagnostics,Healthcare & Life Sciences,Global,Multiple,,Career Page Available,,,2026-07-20,,,C,Search discovery link,Search link,75,Medium,Directory,https://www.google.com/search?q=%22Hillrom%22+careers+digital+health+IT+data+jobs,"Search digital health, enterprise systems, data, architecture and transformation roles."
company-01943,Employer Career Page,company,Hilton MENA,Employer career search,Employer career search,Healthcare & Consumer,Healthcare & Consumer,Healthcare & Life Sciences,Global / Regional,Multiple,,Career Page Available,,,2026-07-20,,,B,Recognized job platform,Platform,62,Medium,Directory,https://www.linkedin.com/jobs/search/?keywords=Hilton+MENA&sortBy=DD,"Search current technology, transformation, architecture, programme and data roles."
company-00973,Employer Career Page,company,Hinge Health,Digital Health & Healthcare IT,Digital Health & Healthcare IT,Digital Health & Healthcare IT,Digital Health & Healthcare IT,Healthcare & Life Sciences,Global,"San Francisco, USA",,Career Page Available,,,2026-07-20,,,B,Direct organization or specialist source,Direct,71,Medium,Directory,https://www.hingehealth.com/careers/,Solutions Architecture | Health Interoperability | Cloud Platforms | Product Technology | Data Engineering
company-01111,Employer Career Page,company,Hologic,Health-sector employer search,Health-sector employer search,MedTech & Diagnostics,MedTech & Diagnostics,Healthcare & Life Sciences,Global,Multiple,,Career Page Available,,,2026-07-20,,,C,Search discovery link,Search link,75,Medium,Directory,https://www.google.com/search?q=%22Hologic%22+careers+digital+health+IT+data+jobs,"Search digital health, enterprise systems, data, architecture and transformation roles."
company-01129,Employer Career Page,company,IBA,Health-sector employer search,Health-sector employer search,MedTech & Diagnostics,MedTech & Diagnostics,Healthcare & Life Sciences,Global,Multiple,,Career Page Available,,,2026-07-20,,,C,Search discovery link,Search link,75,Medium,Directory,https://www.google.com/search?q=%22IBA%22+careers+digital+health+IT+data+jobs,"Search digital health, enterprise systems, data, architecture and transformation roles."
company-00866,Employer Career Page,company,ICU Medical,Medical Devices & Equipment,Medical Devices & Equipment,Medical Devices & Equipment,Medical Devices & Equipment,Healthcare & Life Sciences,Global,"San Clemente, USA",,Career Page Available,,,2026-07-20,,,B,Direct organization or specialist source,Direct,66,Medium,Directory,https://careers.icumed.com/,Digital Health Platforms | Systems Integration | Enterprise Applications | Service Technology | Data Platforms
company-00906,Employer Career Page,company,IDEXX Laboratories,"Diagnostics, Laboratory & Life Science Tools","Diagnostics, Laboratory & Life Science Tools","Diagnostics, Laboratory & Life Science Tools","Diagnostics, Laboratory & Life Science Tools",Healthcare & Life Sciences,Global,"Westbrook, USA",,Career Page Available,,,2026-07-20,,,B,Direct organization or specialist source,Direct,59,Low,Directory,https://careers.idexx.com/,Laboratory Informatics | LIMS | Enterprise Systems | Data & AI | Cybersecurity
company-01190,Employer Career Page,company,IDH Integrated Diagnostics Holdings,Health-sector employer search,Health-sector employer search,Hospitals & Providers,Hospitals & Providers,Healthcare & Life Sciences,Global,Multiple,,Career Page Available,,,2026-07-20,,,C,Search discovery link,Search link,75,Medium,Directory,https://www.google.com/search?q=%22IDH+Integrated+Diagnostics+Holdings%22+careers+digital+health+IT+data+jobs,"Search digital health, enterprise systems, data, architecture and transformation roles."
company-00267,Employer Career Page,organization,Ifakara Health Institute,"Research, Foundations & Policy","Research, Foundations & Policy","Research, Foundations & Policy","Research, Foundations & Policy",Healthcare & Life Sciences,Africa,"Dar es Salaam, Tanzania",,Career Page Available,,,2026-07-20,,,B,Direct organization or specialist source,Direct,54,Low,Directory,https://ihi.or.tz/careers/,Digital Strategy | Research Systems | Data Platforms | Technology Programme | Knowledge Systems
company-01945,Employer Career Page,company,IHG Hotels & Resorts MENA,Employer career search,Employer career search,Healthcare & Consumer,Healthcare & Consumer,Healthcare & Life Sciences,Global / Regional,Multiple,,Career Page Available,,,2026-07-20,,,B,Recognized job platform,Platform,62,Medium,Directory,https://www.linkedin.com/jobs/search/?keywords=IHG+Hotels+%26+Resorts+MENA&sortBy=DD,"Search current technology, transformation, architecture, programme and data roles."
company-00892,Employer Career Page,company,Illumina,"Diagnostics, Laboratory & Life Science Tools","Diagnostics, Laboratory & Life Science Tools",MedTech & Diagnostics,MedTech & Diagnostics,Healthcare & Life Sciences,Global,Multiple,,Career Page Available,,,2026-07-20,,,C,Search discovery link,Search link,75,Medium,Directory,https://careers.illumina.com/,"Search digital health, enterprise systems, data, architecture and transformation roles."
company-01093,Employer Career Page,company,Illumina,Health-sector employer search,Health-sector employer search,MedTech & Diagnostics,MedTech & Diagnostics,Healthcare & Life Sciences,Global,Multiple,,Career Page Available,,,2026-07-20,,,C,Search discovery link,Search link,75,Medium,Directory,https://www.google.com/search?q=%22Illumina%22+careers+digital+health+IT+data+jobs,"Search digital health, enterprise systems, data, architecture and transformation roles."
company-00800,Employer Career Page,company,Immunocore,Biotechnology & Specialty Pharma,Biotechnology & Specialty Pharma,Biotechnology & Specialty Pharma,Biotechnology & Specialty Pharma,Healthcare & Life Sciences,Global,"Abingdon, UK",,Career Page Available,,,2026-07-20,,,B,Direct organization or specialist source,Direct,64,Medium,Directory,https://www.immunocore.com/careers,R&D Digital Platforms | Data Engineering | Cloud & Cybersecurity | Enterprise Applications | Technical Program Management
company-00974,Employer Career Page,company,Included Health,Digital Health & Healthcare IT,Digital Health & Healthcare IT,Digital Health & Healthcare IT,Digital Health & Healthcare IT,Healthcare & Life Sciences,Global,"San Francisco, USA",,Career Page Available,,,2026-07-20,,,B,Direct organization or specialist source,Direct,71,Medium,Directory,https://includedhealth.com/careers/,Solutions Architecture | Health Interoperability | Cloud Platforms | Product Technology | Data Engineering
company-00783,Employer Career Page,company,Incyte,Biotechnology & Specialty Pharma,Biotechnology & Specialty Pharma,Pharmaceutical & Biotech,Pharmaceutical & Biotech,Healthcare & Life Sciences,Global,Multiple,,Career Page Available,,,2026-07-20,,,C,Search discovery link,Search link,75,Medium,Directory,https://careers.incyte.com/,"Search digital health, enterprise systems, data, architecture and transformation roles."
company-01039,Employer Career Page,company,Incyte,Health-sector employer search,Health-sector employer search,Pharmaceutical & Biotech,Pharmaceutical & Biotech,Healthcare & Life Sciences,Global,Multiple,,Career Page Available,,,2026-07-20,,,C,Search discovery link,Search link,75,Medium,Directory,https://www.google.com/search?q=%22Incyte%22+careers+digital+health+IT+data+jobs,"Search digital health, enterprise systems, data, architecture and transformation roles."
company-00978,Employer Career Page,company,Innovaccer,Digital Health & Healthcare IT,Digital Health & Healthcare IT,Digital Health & Healthcare IT,Digital Health & Healthcare IT,Healthcare & Life Sciences,Global,"San Francisco, USA",,Career Page Available,,,2026-07-20,,,B,Direct organization or specialist source,Direct,71,Medium,Directory,https://innovaccer.com/careers,Solutions Architecture | Health Interoperability | Cloud Platforms | Product Technology | Data Engineering
company-00807,Employer Career Page,company,Insmed,Biotechnology & Specialty Pharma,Biotechnology & Specialty Pharma,Biotechnology & Specialty Pharma,Biotechnology & Specialty Pharma,Healthcare & Life Sciences,Global,"Bridgewater, USA",,Career Page Available,,,2026-07-20,,,B,Direct organization or specialist source,Direct,64,Medium,Directory,https://careers.insmed.com/,R&D Digital Platforms | Data Engineering | Cloud & Cybersecurity | Enterprise Applications | Technical Program Management
company-00837,Employer Career Page,company,Insulet,Medical Devices & Equipment,Medical Devices & Equipment,MedTech & Diagnostics,MedTech & Diagnostics,Healthcare & Life Sciences,Global,Multiple,,Career Page Available,,,2026-07-20,,,C,Search discovery link,Search link,75,Medium,Directory,https://careers.insulet.com/,"Search digital health, enterprise systems, data, architecture and transformation roles."
company-01113,Employer Career Page,company,Insulet,Health-sector employer search,Health-sector employer search,MedTech & Diagnostics,MedTech & Diagnostics,Healthcare & Life Sciences,Global,Multiple,,Career Page Available,,,2026-07-20,,,C,Search discovery link,Search link,75,Medium,Directory,https://www.google.com/search?q=%22Insulet%22+careers+digital+health+IT+data+jobs,"Search digital health, enterprise systems, data, architecture and transformation roles."
company-00747,Employer Career Page,company,Intas Pharmaceuticals,Global Pharmaceuticals,Global Pharmaceuticals,Pharmaceutical & Biotech,Pharmaceutical & Biotech,Healthcare & Life Sciences,Global,Multiple,,Career Page Available,,,2026-07-20,,,C,Search discovery link,Search link,75,Medium,Directory,https://www.intaspharma.com/careers/,"Search digital health, enterprise systems, data, architecture and transformation roles."
company-01077,Employer Career Page,company,Intas Pharmaceuticals,Health-sector employer search,Health-sector employer search,Pharmaceutical & Biotech,Pharmaceutical & Biotech,Healthcare & Life Sciences,Global,Multiple,,Career Page Available,,,2026-07-20,,,C,Search discovery link,Search link,75,Medium,Directory,https://www.google.com/search?q=%22Intas+Pharmaceuticals%22+careers+digital+health+IT+data+jobs,"Search digital health, enterprise systems, data, architecture and transformation roles."
company-00864,Employer Career Page,company,Integer Holdings,Medical Devices & Equipment,Medical Devices & Equipment,Medical Devices & Equipment,Medical Devices & Equipment,Healthcare & Life Sciences,Global,"Plano, USA",,Career Page Available,,,2026-07-20,,,B,Direct organization or specialist source,Direct,66,Medium,Directory,https://integer.net/careers/,Digital Health Platforms | Systems Integration | Enterprise Applications | Service Technology | Data Platforms
company-00841,Employer Career Page,company,Integra LifeSciences,Medical Devices & Equipment,Medical Devices & Equipment,Medical Devices & Equipment,Medical Devices & Equipment,Healthcare & Life Sciences,Global,"Princeton, USA",,Career Page Available,,,2026-07-20,,,B,Direct organization or specialist source,Direct,66,Medium,Directory,https://careers.integralife.com/,Digital Health Platforms | Systems Integration | Enterprise Applications | Service Technology | Data Platforms
company-01899,Employer Career Page,company,Integrated Diagnostics Holdings,Employer career search,Employer career search,Healthcare & Consumer,Healthcare & Consumer,Healthcare & Life Sciences,Global / Regional,Multiple,,Career Page Available,,,2026-07-20,,,B,Recognized job platform,Platform,62,Medium,Directory,https://www.linkedin.com/jobs/search/?keywords=Integrated+Diagnostics+Holdings&sortBy=DD,"Search current technology, transformation, architecture, programme and data roles."
company-00788,Employer Career Page,company,Intellia Therapeutics,Biotechnology & Specialty Pharma,Biotechnology & Specialty Pharma,Biotechnology & Specialty Pharma,Biotechnology & Specialty Pharma,Healthcare & Life Sciences,Global,"Cambridge, USA",,Career Page Available,,,2026-07-20,,,B,Direct organization or specialist source,Direct,64,Medium,Directory,https://www.intelliatx.com/careers/,R&D Digital Platforms | Data Engineering | Cloud & Cybersecurity | Enterprise Applications | Technical Program Management
company-00078,Employer Career Page,organization,International Medical Corps,International NGOs,International NGOs,International NGOs,International NGOs,Healthcare & Life Sciences,Global,Multiple,,Career Page Available,,,2026-07-20,,,C,Search discovery link,Search link,20,Low,Directory,https://careers.internationalmedicalcorps.org/,"Search current jobs, consulting assignments, tenders and technology programmes."
company-00359,Employer Career Page,organization,International Medical Corps,Career and project search,Career and project search,International NGOs,International NGOs,Healthcare & Life Sciences,Global,Multiple,,Career Page Available,,,2026-07-20,,,C,Search discovery link,Search link,20,Low,Directory,https://www.google.com/search?q=%22International+Medical+Corps%22+careers+jobs+digital+transformation+ICT,"Search current jobs, consulting assignments, tenders and technology programmes."
company-01182,Employer Career Page,company,International SOS,Health-sector employer search,Health-sector employer search,Hospitals & Providers,Hospitals & Providers,Healthcare & Life Sciences,Global,Multiple,,Career Page Available,,,2026-07-20,,,C,Search discovery link,Search link,50,Low,Directory,https://www.google.com/search?q=%22International+SOS%22+careers+digital+health+IT+data+jobs,"Search digital health, enterprise systems, data, architecture and transformation roles."
company-00135,Employer Career Page,organization,InterSystems,Global Health & Healthcare,Global Health & Healthcare,Global Health & Healthcare,Global Health & Healthcare,Healthcare & Life Sciences,Global,"Cambridge, USA",,Career Page Available,,,2026-07-20,,,B,Direct organization or specialist source,Direct,64,Medium,Directory,https://www.intersystems.com/careers/,Health Information Systems | Digital Health | Interoperability | Enterprise Systems | Data Platforms
company-01132,Employer Career Page,company,InterSystems HealthShare,Health-sector employer search,Health-sector employer search,MedTech & Diagnostics,MedTech & Diagnostics,Healthcare & Life Sciences,Global,Multiple,,Career Page Available,,,2026-07-20,,,C,Search discovery link,Search link,75,Medium,Directory,https://www.google.com/search?q=%22InterSystems+HealthShare%22+careers+digital+health+IT+data+jobs,"Search digital health, enterprise systems, data, architecture and transformation roles."
company-00126,Employer Career Page,organization,IntraHealth International,Global Health & Healthcare,Global Health & Healthcare,International NGOs,International NGOs,Healthcare & Life Sciences,Global,Multiple,,Career Page Available,,,2026-07-20,,,C,Search discovery link,Search link,20,Low,Directory,https://www.intrahealth.org/careers,"Search current jobs, consulting assignments, tenders and technology programmes."
company-00372,Employer Career Page,organization,IntraHealth International,Career and project search,Career and project search,International NGOs,International NGOs,Healthcare & Life Sciences,Global,Multiple,,Career Page Available,,,2026-07-20,,,C,Search discovery link,Search link,20,Low,Directory,https://www.google.com/search?q=%22IntraHealth+International%22+careers+jobs+digital+transformation+ICT,"Search current jobs, consulting assignments, tenders and technology programmes."
company-00831,Employer Career Page,company,Intuitive Surgical,Medical Devices & Equipment,Medical Devices & Equipment,MedTech & Diagnostics,MedTech & Diagnostics,Healthcare & Life Sciences,Global,Multiple,,Career Page Available,,,2026-07-20,,,C,Search discovery link,Search link,75,Medium,Directory,https://careers.intuitive.com/,"Search digital health, enterprise systems, data, architecture and transformation roles."
company-01108,Employer Career Page,company,Intuitive Surgical,Health-sector employer search,Health-sector employer search,MedTech & Diagnostics,MedTech & Diagnostics,Healthcare & Life Sciences,Global,Multiple,,Career Page Available,,,2026-07-20,,,C,Search discovery link,Search link,75,Medium,Directory,https://www.google.com/search?q=%22Intuitive+Surgical%22+careers+digital+health+IT+data+jobs,"Search digital health, enterprise systems, data, architecture and transformation roles."
company-00811,Employer Career Page,company,Ionis Pharmaceuticals,Biotechnology & Specialty Pharma,Biotechnology & Specialty Pharma,Biotechnology & Specialty Pharma,Biotechnology & Specialty Pharma,Healthcare & Life Sciences,Global,"Carlsbad, USA",,Career Page Available,,,2026-07-20,,,B,Direct organization or specialist source,Direct,64,Medium,Directory,https://www.ionis.com/careers/,R&D Digital Platforms | Data Engineering | Cloud & Cybersecurity | Enterprise Applications | Technical Program Management
company-00731,Employer Career Page,company,Ipsen,Global Pharmaceuticals,Global Pharmaceuticals,Pharmaceutical & Biotech,Pharmaceutical & Biotech,Healthcare & Life Sciences,Global,Multiple,,Career Page Available,,,2026-07-20,,,C,Search discovery link,Search link,75,Medium,Directory,https://careers.ipsen.com/,"Search digital health, enterprise systems, data, architecture and transformation roles."
company-01025,Employer Career Page,company,Ipsen,Health-sector employer search,Health-sector employer search,Pharmaceutical & Biotech,Pharmaceutical & Biotech,Healthcare & Life Sciences,Global,Multiple,,Career Page Available,,,2026-07-20,,,C,Search discovery link,Search link,75,Medium,Directory,https://www.google.com/search?q=%22Ipsen%22+careers+digital+health+IT+data+jobs,"Search digital health, enterprise systems, data, architecture and transformation roles."
company-01460,Employer Career Page,company,Jarir Marketing,Retail,Retail,Healthcare & Consumer,Healthcare & Consumer,Healthcare & Life Sciences,Global / Regional,Multiple,,Career Page Available,,,2026-07-20,,,B,Recognized job platform,Platform,62,Medium,Directory,https://www.jarir.com/sa-en/careers,"Search current technology, transformation, architecture, programme and data roles."
company-01920,Employer Career Page,company,Jarir Marketing,Employer career search,Employer career search,Healthcare & Consumer,Healthcare & Consumer,Healthcare & Life Sciences,Global / Regional,Multiple,,Career Page Available,,,2026-07-20,,,B,Recognized job platform,Platform,62,Medium,Directory,https://www.linkedin.com/jobs/search/?keywords=Jarir+Marketing&sortBy=DD,"Search current technology, transformation, architecture, programme and data roles."
company-00796,Employer Career Page,company,Jazz Pharmaceuticals,Biotechnology & Specialty Pharma,Biotechnology & Specialty Pharma,Pharmaceutical & Biotech,Pharmaceutical & Biotech,Healthcare & Life Sciences,Global,Multiple,,Career Page Available,,,2026-07-20,,,C,Search discovery link,Search link,75,Medium,Directory,https://careers.jazzpharma.com/,"Search digital health, enterprise systems, data, architecture and transformation roles."
company-01040,Employer Career Page,company,Jazz Pharmaceuticals,Health-sector employer search,Health-sector employer search,Pharmaceutical & Biotech,Pharmaceutical & Biotech,Healthcare & Life Sciences,Global,Multiple,,Career Page Available,,,2026-07-20,,,C,Search discovery link,Search link,75,Medium,Directory,https://www.google.com/search?q=%22Jazz+Pharmaceuticals%22+careers+digital+health+IT+data+jobs,"Search digital health, enterprise systems, data, architecture and transformation roles."
company-00711,Employer Career Page,company,Johnson & Johnson Innovative Medicine,Global Pharmaceuticals,Global Pharmaceuticals,Pharmaceutical & Biotech,Pharmaceutical & Biotech,Healthcare & Life Sciences,Global,Multiple,,Career Page Available,,,2026-07-20,,,C,Search discovery link,Search link,75,Medium,Directory,https://www.careers.jnj.com/,"Search digital health, enterprise systems, data, architecture and transformation roles."
company-01005,Employer Career Page,company,Johnson & Johnson Innovative Medicine,Health-sector employer search,Health-sector employer search,Pharmaceutical & Biotech,Pharmaceutical & Biotech,Healthcare & Life Sciences,Global,Multiple,,Career Page Available,,,2026-07-20,,,C,Search discovery link,Search link,75,Medium,Directory,https://www.google.com/search?q=%22Johnson+%26+Johnson+Innovative+Medicine%22+careers+digital+health+IT+data+jobs,"Search digital health, enterprise systems, data, architecture and transformation roles."
company-01234,Employer Career Page,company,Jordan — Digital Health Companies Search,Live health employer discovery,Live health employer discovery,Live Medical Employer Search,Live Medical Employer Search,Healthcare & Life Sciences,Arab Region,Jordan,,Career Page Available,,,2026-07-20,,,C,Search discovery link,Search link,55,Low,Directory,https://www.google.com/search?q=Jordan+digital+health+companies,Live search across employers and healthcare technology opportunities.
company-01238,Employer Career Page,company,Jordan — Health Informatics Employers Search,Live health employer discovery,Live health employer discovery,Live Medical Employer Search,Live Medical Employer Search,Healthcare & Life Sciences,Arab Region,Jordan,,Career Page Available,,,2026-07-20,,,C,Search discovery link,Search link,52,Low,Directory,https://www.google.com/search?q=Jordan+health+informatics+employers,Live search across employers and healthcare technology opportunities.
company-00592,Employer Career Page,organization,Jordan — Health Technology Organisations Search,Live organisation discovery,Live organisation discovery,Live Organisation Search,Live Organisation Search,Healthcare & Life Sciences,Arab Region,Jordan,,Career Page Available,,,2026-07-20,,,C,Search discovery link,Search link,50,Low,Directory,https://www.google.com/search?q=Jordan+health+technology+organisations+careers+jobs,"Live search link, sorted toward current opportunities and organisations."
company-01996,Employer Career Page,company,Jordan — Healthcare Companies Hiring,Live employer discovery,Live employer discovery,Live Private Employer Search,Live Private Employer Search,Healthcare & Life Sciences,Arab Region,Jordan,,Career Page Available,,,2026-07-20,,,C,Search discovery link,Search link,50,Low,Directory,https://www.google.com/search?q=Jordan+healthcare+companies+hiring+2026,Live search for employers and current technology roles.
company-01235,Employer Career Page,company,Jordan — Hospital It Jobs Search,Live health employer discovery,Live health employer discovery,Live Medical Employer Search,Live Medical Employer Search,Healthcare & Life Sciences,Arab Region,Jordan,,Career Page Available,,,2026-07-20,,,C,Search discovery link,Search link,52,Low,Directory,https://www.google.com/search?q=Jordan+hospital+IT+jobs,Live search across employers and healthcare technology opportunities.
company-01237,Employer Career Page,company,Jordan — Medical Device Careers Search,Live health employer discovery,Live health employer discovery,Live Medical Employer Search,Live Medical Employer Search,Healthcare & Life Sciences,Arab Region,Jordan,,Career Page Available,,,2026-07-20,,,C,Search discovery link,Search link,52,Low,Directory,https://www.google.com/search?q=Jordan+medical+device+careers,Live search across employers and healthcare technology opportunities.
company-01236,Employer Career Page,company,Jordan — Pharmaceutical Technology Jobs Search,Live health employer discovery,Live health employer discovery,Live Medical Employer Search,Live Medical Employer Search,Healthcare & Life Sciences,Arab Region,Jordan,,Career Page Available,,,2026-07-20,,,C,Search discovery link,Search link,52,Low,Directory,https://www.google.com/search?q=Jordan+pharmaceutical+technology+jobs,Live search across employers and healthcare technology opportunities.
company-01946,Employer Career Page,company,Jumeirah Group,Employer career search,Employer career search,Healthcare & Consumer,Healthcare & Consumer,Healthcare & Life Sciences,Global / Regional,Multiple,,Career Page Available,,,2026-07-20,,,B,Recognized job platform,Platform,62,Medium,Directory,https://www.linkedin.com/jobs/search/?keywords=Jumeirah+Group&sortBy=DD,"Search current technology, transformation, architecture, programme and data roles."
company-01118,Employer Career Page,company,Karl Storz,Health-sector employer search,Health-sector employer search,MedTech & Diagnostics,MedTech & Diagnostics,Healthcare & Life Sciences,Global,Multiple,,Career Page Available,,,2026-07-20,,,C,Search discovery link,Search link,75,Medium,Directory,https://www.google.com/search?q=%22Karl+Storz%22+careers+digital+health+IT+data+jobs,"Search digital health, enterprise systems, data, architecture and transformation roles."
company-01259,Employer Career Page,company,Kenya — Digital Health Companies Search,Live health employer discovery,Live health employer discovery,Live Medical Employer Search,Live Medical Employer Search,Healthcare & Life Sciences,Africa,Kenya,,Career Page Available,,,2026-07-20,,,C,Search discovery link,Search link,57,Low,Directory,https://www.google.com/search?q=Kenya+digital+health+companies,Live search across employers and healthcare technology opportunities.
company-01263,Employer Career Page,company,Kenya — Health Informatics Employers Search,Live health employer discovery,Live health employer discovery,Live Medical Employer Search,Live Medical Employer Search,Healthcare & Life Sciences,Africa,Kenya,,Career Page Available,,,2026-07-20,,,C,Search discovery link,Search link,53,Low,Directory,https://www.google.com/search?q=Kenya+health+informatics+employers,Live search across employers and healthcare technology opportunities.
company-00617,Employer Career Page,organization,Kenya — Health Technology Organisations Search,Live organisation discovery,Live organisation discovery,Live Organisation Search,Live Organisation Search,Healthcare & Life Sciences,Africa,Kenya,,Career Page Available,,,2026-07-20,,,C,Search discovery link,Search link,52,Low,Directory,https://www.google.com/search?q=Kenya+health+technology+organisations+careers+jobs,"Live search link, sorted toward current opportunities and organisations."
company-02021,Employer Career Page,company,Kenya — Healthcare Companies Hiring,Live employer discovery,Live employer discovery,Live Private Employer Search,Live Private Employer Search,Healthcare & Life Sciences,Africa,Kenya,,Career Page Available,,,2026-07-20,,,C,Search discovery link,Search link,52,Low,Directory,https://www.google.com/search?q=Kenya+healthcare+companies+hiring+2026,Live search for employers and current technology roles.
company-01260,Employer Career Page,company,Kenya — Hospital It Jobs Search,Live health employer discovery,Live health employer discovery,Live Medical Employer Search,Live Medical Employer Search,Healthcare & Life Sciences,Africa,Kenya,,Career Page Available,,,2026-07-20,,,C,Search discovery link,Search link,53,Low,Directory,https://www.google.com/search?q=Kenya+hospital+IT+jobs,Live search across employers and healthcare technology opportunities.
company-01262,Employer Career Page,company,Kenya — Medical Device Careers Search,Live health employer discovery,Live health employer discovery,Live Medical Employer Search,Live Medical Employer Search,Healthcare & Life Sciences,Africa,Kenya,,Career Page Available,,,2026-07-20,,,C,Search discovery link,Search link,53,Low,Directory,https://www.google.com/search?q=Kenya+medical+device+careers,Live search across employers and healthcare technology opportunities.
company-01261,Employer Career Page,company,Kenya — Pharmaceutical Technology Jobs Search,Live health employer discovery,Live health employer discovery,Live Medical Employer Search,Live Medical Employer Search,Healthcare & Life Sciences,Africa,Kenya,,Career Page Available,,,2026-07-20,,,C,Search discovery link,Search link,53,Low,Directory,https://www.google.com/search?q=Kenya+pharmaceutical+technology+jobs,Live search across employers and healthcare technology opportunities.
company-01164,Employer Career Page,company,King Faisal Specialist Hospital and Research Centre,Health-sector employer search,Health-sector employer search,Hospitals & Providers,Hospitals & Providers,Healthcare & Life Sciences,Global,Multiple,,Career Page Available,,,2026-07-20,,,C,Search discovery link,Search link,75,Medium,Directory,https://www.google.com/search?q=%22King+Faisal+Specialist+Hospital+and+Research+Centre%22+careers+digital+health+IT+data+jobs,"Search digital health, enterprise systems, data, architecture and transformation roles."
company-00814,Employer Career Page,company,Kiniksa Pharmaceuticals,Biotechnology & Specialty Pharma,Biotechnology & Specialty Pharma,Biotechnology & Specialty Pharma,Biotechnology & Specialty Pharma,Healthcare & Life Sciences,Global,"Hamilton, Bermuda",,Career Page Available,,,2026-07-20,,,B,Direct organization or specialist source,Direct,64,Medium,Directory,https://www.kiniksa.com/careers/,R&D Digital Platforms | Data Engineering | Cloud & Cybersecurity | Enterprise Applications | Technical Program Management
company-00751,Employer Career Page,company,Krka,Global Pharmaceuticals,Global Pharmaceuticals,Global Pharmaceuticals,Global Pharmaceuticals,Healthcare & Life Sciences,Global,"Novo Mesto, Slovenia",,Career Page Available,,,2026-07-20,,,B,Direct organization or specialist source,Direct,75,Medium,Directory,https://www.krka.biz/en/careers/,Enterprise Architecture | Digital Transformation | ERP & Manufacturing Systems | Data & Analytics | IT Governance
company-00815,Employer Career Page,company,Krystal Biotech,Biotechnology & Specialty Pharma,Biotechnology & Specialty Pharma,Biotechnology & Specialty Pharma,Biotechnology & Specialty Pharma,Healthcare & Life Sciences,Global,"Pittsburgh, USA",,Career Page Available,,,2026-07-20,,,B,Direct organization or specialist source,Direct,64,Medium,Directory,https://www.krystalbio.com/careers/,R&D Digital Platforms | Data Engineering | Cloud & Cybersecurity | Enterprise Applications | Technical Program Management
company-01219,Employer Career Page,company,Kuwait — Digital Health Companies Search,Live health employer discovery,Live health employer discovery,Live Medical Employer Search,Live Medical Employer Search,Healthcare & Life Sciences,GCC,Kuwait,,Career Page Available,,,2026-07-20,,,C,Search discovery link,Search link,59,Low,Directory,https://www.google.com/search?q=Kuwait+digital+health+companies,Live search across employers and healthcare technology opportunities.
company-01223,Employer Career Page,company,Kuwait — Health Informatics Employers Search,Live health employer discovery,Live health employer discovery,Live Medical Employer Search,Live Medical Employer Search,Healthcare & Life Sciences,GCC,Kuwait,,Career Page Available,,,2026-07-20,,,C,Search discovery link,Search link,55,Low,Directory,https://www.google.com/search?q=Kuwait+health+informatics+employers,Live search across employers and healthcare technology opportunities.
company-00577,Employer Career Page,organization,Kuwait — Health Technology Organisations Search,Live organisation discovery,Live organisation discovery,Live Organisation Search,Live Organisation Search,Healthcare & Life Sciences,GCC,Kuwait,,Career Page Available,,,2026-07-20,,,C,Search discovery link,Search link,54,Low,Directory,https://www.google.com/search?q=Kuwait+health+technology+organisations+careers+jobs,"Live search link, sorted toward current opportunities and organisations."
company-01981,Employer Career Page,company,Kuwait — Healthcare Companies Hiring,Live employer discovery,Live employer discovery,Live Private Employer Search,Live Private Employer Search,Healthcare & Life Sciences,GCC,Kuwait,,Career Page Available,,,2026-07-20,,,C,Search discovery link,Search link,54,Low,Directory,https://www.google.com/search?q=Kuwait+healthcare+companies+hiring+2026,Live search for employers and current technology roles.
company-01220,Employer Career Page,company,Kuwait — Hospital It Jobs Search,Live health employer discovery,Live health employer discovery,Live Medical Employer Search,Live Medical Employer Search,Healthcare & Life Sciences,GCC,Kuwait,,Career Page Available,,,2026-07-20,,,C,Search discovery link,Search link,55,Low,Directory,https://www.google.com/search?q=Kuwait+hospital+IT+jobs,Live search across employers and healthcare technology opportunities.
company-01222,Employer Career Page,company,Kuwait — Medical Device Careers Search,Live health employer discovery,Live health employer discovery,Live Medical Employer Search,Live Medical Employer Search,Healthcare & Life Sciences,GCC,Kuwait,,Career Page Available,,,2026-07-20,,,C,Search discovery link,Search link,55,Low,Directory,https://www.google.com/search?q=Kuwait+medical+device+careers,Live search across employers and healthcare technology opportunities.
company-01221,Employer Career Page,company,Kuwait — Pharmaceutical Technology Jobs Search,Live health employer discovery,Live health employer discovery,Live Medical Employer Search,Live Medical Employer Search,Healthcare & Life Sciences,GCC,Kuwait,,Career Page Available,,,2026-07-20,,,C,Search discovery link,Search link,55,Low,Directory,https://www.google.com/search?q=Kuwait+pharmaceutical+technology+jobs,Live search across employers and healthcare technology opportunities.
company-00818,Employer Career Page,company,Kymera Therapeutics,Biotechnology & Specialty Pharma,Biotechnology & Specialty Pharma,Biotechnology & Specialty Pharma,Biotechnology & Specialty Pharma,Healthcare & Life Sciences,Global,"Watertown, USA",,Career Page Available,,,2026-07-20,,,B,Direct organization or specialist source,Direct,64,Medium,Directory,https://www.kymeratx.com/careers/,R&D Digital Platforms | Data Engineering | Cloud & Cybersecurity | Enterprise Applications | Technical Program Management
company-00909,Employer Career Page,company,Labcorp,"Diagnostics, Laboratory & Life Science Tools","Diagnostics, Laboratory & Life Science Tools","Diagnostics, Laboratory & Life Science Tools","Diagnostics, Laboratory & Life Science Tools",Healthcare & Life Sciences,Global,"Burlington, USA",,Career Page Available,,,2026-07-20,,,B,Direct organization or specialist source,Direct,59,Low,Directory,https://careers.labcorp.com/,Laboratory Informatics | LIMS | Enterprise Systems | Data & AI | Cybersecurity
company-01178,Employer Career Page,company,Lagoon Hospitals,Health-sector employer search,Health-sector employer search,Hospitals & Providers,Hospitals & Providers,Healthcare & Life Sciences,Global,Multiple,,Career Page Available,,,2026-07-20,,,C,Search discovery link,Search link,75,Medium,Directory,https://www.google.com/search?q=%22Lagoon+Hospitals%22+careers+digital+health+IT+data+jobs,"Search digital health, enterprise systems, data, architecture and transformation roles."
company-00120,Employer Career Page,organization,Last Mile Health,Global Health & Healthcare,Global Health & Healthcare,International NGOs,International NGOs,Healthcare & Life Sciences,Global,Multiple,,Career Page Available,,,2026-07-20,,,C,Search discovery link,Search link,20,Low,Directory,https://lastmilehealth.org/careers/,"Search current jobs, consulting assignments, tenders and technology programmes."
company-00375,Employer Career Page,organization,Last Mile Health,Career and project search,Career and project search,International NGOs,International NGOs,Healthcare & Life Sciences,Global,Multiple,,Career Page Available,,,2026-07-20,,,C,Search discovery link,Search link,20,Low,Directory,https://www.google.com/search?q=%22Last+Mile+Health%22+careers+jobs+digital+transformation+ICT,"Search current jobs, consulting assignments, tenders and technology programmes."
company-01239,Employer Career Page,company,Lebanon — Digital Health Companies Search,Live health employer discovery,Live health employer discovery,Live Medical Employer Search,Live Medical Employer Search,Healthcare & Life Sciences,Arab Region,Lebanon,,Career Page Available,,,2026-07-20,,,C,Search discovery link,Search link,55,Low,Directory,https://www.google.com/search?q=Lebanon+digital+health+companies,Live search across employers and healthcare technology opportunities.
company-01243,Employer Career Page,company,Lebanon — Health Informatics Employers Search,Live health employer discovery,Live health employer discovery,Live Medical Employer Search,Live Medical Employer Search,Healthcare & Life Sciences,Arab Region,Lebanon,,Career Page Available,,,2026-07-20,,,C,Search discovery link,Search link,52,Low,Directory,https://www.google.com/search?q=Lebanon+health+informatics+employers,Live search across employers and healthcare technology opportunities.
company-00597,Employer Career Page,organization,Lebanon — Health Technology Organisations Search,Live organisation discovery,Live organisation discovery,Live Organisation Search,Live Organisation Search,Healthcare & Life Sciences,Arab Region,Lebanon,,Career Page Available,,,2026-07-20,,,C,Search discovery link,Search link,50,Low,Directory,https://www.google.com/search?q=Lebanon+health+technology+organisations+careers+jobs,"Live search link, sorted toward current opportunities and organisations."
company-02001,Employer Career Page,company,Lebanon — Healthcare Companies Hiring,Live employer discovery,Live employer discovery,Live Private Employer Search,Live Private Employer Search,Healthcare & Life Sciences,Arab Region,Lebanon,,Career Page Available,,,2026-07-20,,,C,Search discovery link,Search link,50,Low,Directory,https://www.google.com/search?q=Lebanon+healthcare+companies+hiring+2026,Live search for employers and current technology roles.
company-01240,Employer Career Page,company,Lebanon — Hospital It Jobs Search,Live health employer discovery,Live health employer discovery,Live Medical Employer Search,Live Medical Employer Search,Healthcare & Life Sciences,Arab Region,Lebanon,,Career Page Available,,,2026-07-20,,,C,Search discovery link,Search link,52,Low,Directory,https://www.google.com/search?q=Lebanon+hospital+IT+jobs,Live search across employers and healthcare technology opportunities.
company-01242,Employer Career Page,company,Lebanon — Medical Device Careers Search,Live health employer discovery,Live health employer discovery,Live Medical Employer Search,Live Medical Employer Search,Healthcare & Life Sciences,Arab Region,Lebanon,,Career Page Available,,,2026-07-20,,,C,Search discovery link,Search link,52,Low,Directory,https://www.google.com/search?q=Lebanon+medical+device+careers,Live search across employers and healthcare technology opportunities.
company-01241,Employer Career Page,company,Lebanon — Pharmaceutical Technology Jobs Search,Live health employer discovery,Live health employer discovery,Live Medical Employer Search,Live Medical Employer Search,Healthcare & Life Sciences,Arab Region,Lebanon,,Career Page Available,,,2026-07-20,,,C,Search discovery link,Search link,52,Low,Directory,https://www.google.com/search?q=Lebanon+pharmaceutical+technology+jobs,Live search across employers and healthcare technology opportunities.
company-00794,Employer Career Page,company,Legend Biotech,Biotechnology & Specialty Pharma,Biotechnology & Specialty Pharma,Biotechnology & Specialty Pharma,Biotechnology & Specialty Pharma,Healthcare & Life Sciences,Global,"Somerset, USA",,Career Page Available,,,2026-07-20,,,B,Direct organization or specialist source,Direct,64,Medium,Directory,https://legendbiotech.com/careers/,R&D Digital Platforms | Data Engineering | Cloud & Cybersecurity | Enterprise Applications | Technical Program Management
company-00903,Employer Career Page,company,Leica Biosystems,"Diagnostics, Laboratory & Life Science Tools","Diagnostics, Laboratory & Life Science Tools","Diagnostics, Laboratory & Life Science Tools","Diagnostics, Laboratory & Life Science Tools",Healthcare & Life Sciences,Global,"Nussloch, Germany",,Career Page Available,,,2026-07-20,,,B,Direct organization or specialist source,Direct,59,Low,Directory,https://jobs.danaher.com/global/en/leica-biosystems,Laboratory Informatics | LIMS | Enterprise Systems | Data & AI | Cybersecurity
company-01175,Employer Career Page,company,Lenmed,Health-sector employer search,Health-sector employer search,Hospitals & Providers,Hospitals & Providers,Healthcare & Life Sciences,Global,Multiple,,Career Page Available,,,2026-07-20,,,C,Search discovery link,Search link,75,Medium,Directory,https://www.google.com/search?q=%22Lenmed%22+careers+digital+health+IT+data+jobs,"Search digital health, enterprise systems, data, architecture and transformation roles."
company-00753,Employer Career Page,company,LEO Pharma,Global Pharmaceuticals,Global Pharmaceuticals,Global Pharmaceuticals,Global Pharmaceuticals,Healthcare & Life Sciences,Global,"Ballerup, Denmark",,Career Page Available,,,2026-07-20,,,B,Direct organization or specialist source,Direct,75,Medium,Directory,https://www.leo-pharma.com/careers,Enterprise Architecture | Digital Transformation | ERP & Manufacturing Systems | Data & Analytics | IT Governance
company-00870,Employer Career Page,company,LivaNova,Medical Devices & Equipment,Medical Devices & Equipment,Medical Devices & Equipment,Medical Devices & Equipment,Healthcare & Life Sciences,Global,"London, UK",,Career Page Available,,,2026-07-20,,,B,Direct organization or specialist source,Direct,66,Medium,Directory,https://careers.livanova.com/,Digital Health Platforms | Systems Integration | Enterprise Applications | Service Technology | Data Platforms
company-01915,Employer Career Page,company,Lulu Group International,Employer career search,Employer career search,Healthcare & Consumer,Healthcare & Consumer,Healthcare & Life Sciences,Global / Regional,Multiple,,Career Page Available,,,2026-07-20,,,B,Recognized job platform,Platform,37,Low,Directory,https://www.linkedin.com/jobs/search/?keywords=Lulu+Group+International&sortBy=DD,"Search current technology, transformation, architecture, programme and data roles."
company-00734,Employer Career Page,company,Lundbeck,Global Pharmaceuticals,Global Pharmaceuticals,Pharmaceutical & Biotech,Pharmaceutical & Biotech,Healthcare & Life Sciences,Global,Multiple,,Career Page Available,,,2026-07-20,,,C,Search discovery link,Search link,75,Medium,Directory,https://www.lundbeck.com/global/careers,"Search digital health, enterprise systems, data, architecture and transformation roles."
company-01027,Employer Career Page,company,Lundbeck,Health-sector employer search,Health-sector employer search,Pharmaceutical & Biotech,Pharmaceutical & Biotech,Healthcare & Life Sciences,Global,Multiple,,Career Page Available,,,2026-07-20,,,C,Search discovery link,Search link,75,Medium,Directory,https://www.google.com/search?q=%22Lundbeck%22+careers+digital+health+IT+data+jobs,"Search digital health, enterprise systems, data, architecture and transformation roles."
company-00741,Employer Career Page,company,Lupin,Global Pharmaceuticals,Global Pharmaceuticals,Pharmaceutical & Biotech,Pharmaceutical & Biotech,Healthcare & Life Sciences,Global,Multiple,,Career Page Available,,,2026-07-20,,,C,Search discovery link,Search link,75,Medium,Directory,https://www.lupin.com/careers/,"Search digital health, enterprise systems, data, architecture and transformation roles."
company-01074,Employer Career Page,company,Lupin,Health-sector employer search,Health-sector employer search,Pharmaceutical & Biotech,Pharmaceutical & Biotech,Healthcare & Life Sciences,Global,Multiple,,Career Page Available,,,2026-07-20,,,C,Search discovery link,Search link,75,Medium,Directory,https://www.google.com/search?q=%22Lupin%22+careers+digital+health+IT+data+jobs,"Search digital health, enterprise systems, data, architecture and transformation roles."
company-01910,Employer Career Page,company,L’Oréal Middle East,Employer career search,Employer career search,Healthcare & Consumer,Healthcare & Consumer,Healthcare & Life Sciences,Global / Regional,Multiple,,Career Page Available,,,2026-07-20,,,B,Recognized job platform,Platform,62,Medium,Directory,https://www.linkedin.com/jobs/search/?keywords=L%E2%80%99Or%C3%A9al+Middle+East&sortBy=DD,"Search current technology, transformation, architecture, programme and data roles."
company-00767,Employer Career Page,company,Macleods Pharmaceuticals,Global Pharmaceuticals,Global Pharmaceuticals,Global Pharmaceuticals,Global Pharmaceuticals,Healthcare & Life Sciences,Global,"Mumbai, India",,Career Page Available,,,2026-07-20,,,B,Direct organization or specialist source,Direct,75,Medium,Directory,https://www.macleodspharma.com/careers/,Enterprise Architecture | Digital Transformation | ERP & Manufacturing Systems | Data & Analytics | IT Governance
company-00813,Employer Career Page,company,Madrigal Pharmaceuticals,Biotechnology & Specialty Pharma,Biotechnology & Specialty Pharma,Biotechnology & Specialty Pharma,Biotechnology & Specialty Pharma,Healthcare & Life Sciences,Global,"West Conshohocken, USA",,Career Page Available,,,2026-07-20,,,B,Direct organization or specialist source,Direct,64,Medium,Directory,https://www.madrigalpharma.com/careers/,R&D Digital Platforms | Data Engineering | Cloud & Cybersecurity | Enterprise Applications | Technical Program Management
company-01187,Employer Career Page,company,Magrabi Hospitals and Centers,Health-sector employer search,Health-sector employer search,Hospitals & Providers,Hospitals & Providers,Healthcare & Life Sciences,Global,Multiple,,Career Page Available,,,2026-07-20,,,C,Search discovery link,Search link,75,Medium,Directory,https://www.google.com/search?q=%22Magrabi+Hospitals+and+Centers%22+careers+digital+health+IT+data+jobs,"Search digital health, enterprise systems, data, architecture and transformation roles."
company-01476,Employer Career Page,company,Majid Al Futtaim,Retail & Real Estate,Retail & Real Estate,"Real Estate, Construction & Hospitality","Real Estate, Construction & Hospitality",Healthcare & Life Sciences,GCC & Middle East,United Arab Emirates,,Career Page Available,,,2026-07-20,,,B,Direct organization or specialist source,Direct,52,Low,Directory,https://careers.majidalfuttaim.com/,"Search current technology, transformation, architecture, programme and data roles."
company-01867,Employer Career Page,company,Majid Al Futtaim,Employer career search,Employer career search,"Real Estate, Construction & Hospitality","Real Estate, Construction & Hospitality",Healthcare & Life Sciences,GCC & Middle East,United Arab Emirates,,Career Page Available,,,2026-07-20,,,B,Direct organization or specialist source,Direct,52,Low,Directory,https://www.linkedin.com/jobs/search/?keywords=Majid+Al+Futtaim&sortBy=DD,"Search current technology, transformation, architecture, programme and data roles."
company-00104,Employer Career Page,organization,Management Sciences for Health,International NGOs,International NGOs,International NGOs,International NGOs,Healthcare & Life Sciences,Global,Multiple,,Career Page Available,,,2026-07-20,,,C,Search discovery link,Search link,20,Low,Directory,https://msh.org/careers/,"Search current jobs, consulting assignments, tenders and technology programmes."
company-00370,Employer Career Page,organization,Management Sciences for Health,Career and project search,Career and project search,International NGOs,International NGOs,Healthcare & Life Sciences,Global,Multiple,,Career Page Available,,,2026-07-20,,,C,Search discovery link,Search link,20,Low,Directory,https://www.google.com/search?q=%22Management+Sciences+for+Health%22+careers+jobs+digital+transformation+ICT,"Search current jobs, consulting assignments, tenders and technology programmes."
company-01196,Employer Career Page,company,Manipal Hospitals,Health-sector employer search,Health-sector employer search,Hospitals & Providers,Hospitals & Providers,Healthcare & Life Sciences,Global,Multiple,,Career Page Available,,,2026-07-20,,,C,Search discovery link,Search link,75,Medium,Directory,https://www.google.com/search?q=%22Manipal+Hospitals%22+careers+digital+health+IT+data+jobs,"Search digital health, enterprise systems, data, architecture and transformation roles."
company-01940,Employer Career Page,company,Marakez,Employer career search,Employer career search,Healthcare & Consumer,Healthcare & Consumer,Healthcare & Life Sciences,Global / Regional,Multiple,,Career Page Available,,,2026-07-20,,,B,Recognized job platform,Platform,62,Medium,Directory,https://www.linkedin.com/jobs/search/?keywords=Marakez&sortBy=DD,"Search current technology, transformation, architecture, programme and data roles."
company-00988,Employer Career Page,company,Marcyrl Pharmaceutical Industries,"Egypt, Middle East & Africa","Egypt, Middle East & Africa",Pharmaceutical & Biotech,Pharmaceutical & Biotech,Healthcare & Life Sciences,Global,Multiple,,Career Page Available,,,2026-07-20,,,C,Search discovery link,Search link,75,Medium,Directory,https://www.marcyrl.com/,"Search digital health, enterprise systems, data, architecture and transformation roles."
company-01058,Employer Career Page,company,Marcyrl Pharmaceutical Industries,Health-sector employer search,Health-sector employer search,Pharmaceutical & Biotech,Pharmaceutical & Biotech,Healthcare & Life Sciences,Global,Multiple,,Career Page Available,,,2026-07-20,,,C,Search discovery link,Search link,75,Medium,Directory,https://www.google.com/search?q=%22Marcyrl+Pharmaceutical+Industries%22+careers+digital+health+IT+data+jobs,"Search digital health, enterprise systems, data, architecture and transformation roles."
company-01181,Employer Career Page,company,Marie Stopes International,Health-sector employer search,Health-sector employer search,Hospitals & Providers,Hospitals & Providers,Healthcare & Life Sciences,Global,Multiple,,Career Page Available,,,2026-07-20,,,C,Search discovery link,Search link,50,Low,Directory,https://www.google.com/search?q=%22Marie+Stopes+International%22+careers+digital+health+IT+data+jobs,"Search digital health, enterprise systems, data, architecture and transformation roles."
company-01949,Employer Career Page,company,Marriott Africa,Employer career search,Employer career search,Healthcare & Consumer,Healthcare & Consumer,Healthcare & Life Sciences,Global / Regional,Multiple,,Career Page Available,,,2026-07-20,,,B,Recognized job platform,Platform,62,Medium,Directory,https://www.linkedin.com/jobs/search/?keywords=Marriott+Africa&sortBy=DD,"Search current technology, transformation, architecture, programme and data roles."
company-01942,Employer Career Page,company,Marriott International MENA,Employer career search,Employer career search,Healthcare & Consumer,Healthcare & Consumer,Healthcare & Life Sciences,Global / Regional,Multiple,,Career Page Available,,,2026-07-20,,,B,Recognized job platform,Platform,37,Low,Directory,https://www.linkedin.com/jobs/search/?keywords=Marriott+International+MENA&sortBy=DD,"Search current technology, transformation, architecture, programme and data roles."
company-01911,Employer Career Page,company,Mars Wrigley Egypt,Employer career search,Employer career search,Healthcare & Consumer,Healthcare & Consumer,Healthcare & Life Sciences,Global / Regional,Multiple,,Career Page Available,,,2026-07-20,,,B,Recognized job platform,Platform,62,Medium,Directory,https://www.linkedin.com/jobs/search/?keywords=Mars+Wrigley+Egypt&sortBy=DD,"Search current technology, transformation, architecture, programme and data roles."
company-01063,Employer Career Page,company,Mash Premiere,Health-sector employer search,Health-sector employer search,"Egypt, Middle East & Africa","Egypt, Middle East & Africa",Technology & Consulting,Africa,"Cairo, Egypt",,Career Page Available,,,2026-07-20,,,B,Direct organization or specialist source,Direct,65,Medium,Directory,https://mashpremiere.com/,IT Leadership | ERP | Digital Transformation | Business Intelligence | Systems Integration
company-00842,Employer Career Page,company,Masimo,Medical Devices & Equipment,Medical Devices & Equipment,MedTech & Diagnostics,MedTech & Diagnostics,Healthcare & Life Sciences,Global,Multiple,,Career Page Available,,,2026-07-20,,,C,Search discovery link,Search link,75,Medium,Directory,https://www.masimo.com/company/careers/,"Search digital health, enterprise systems, data, architecture and transformation roles."
company-01106,Employer Career Page,company,Masimo,Health-sector employer search,Health-sector employer search,MedTech & Diagnostics,MedTech & Diagnostics,Healthcare & Life Sciences,Global,Multiple,,Career Page Available,,,2026-07-20,,,C,Search discovery link,Search link,75,Medium,Directory,https://www.google.com/search?q=%22Masimo%22+careers+digital+health+IT+data+jobs,"Search digital health, enterprise systems, data, architecture and transformation roles."
company-01582,Employer Career Page,company,Massmart,Retail,Retail,Healthcare & Consumer,Healthcare & Consumer,Healthcare & Life Sciences,Global / Regional,Multiple,,Career Page Available,,,2026-07-20,,,B,Recognized job platform,Platform,62,Medium,Directory,https://www.massmart.co.za/careers/,"Search current technology, transformation, architecture, programme and data roles."
company-01954,Employer Career Page,company,Massmart,Employer career search,Employer career search,Healthcare & Consumer,Healthcare & Consumer,Healthcare & Life Sciences,Global / Regional,Multiple,,Career Page Available,,,2026-07-20,,,B,Recognized job platform,Platform,62,Medium,Directory,https://www.linkedin.com/jobs/search/?keywords=Massmart&sortBy=DD,"Search current technology, transformation, architecture, programme and data roles."
company-01329,Employer Career Page,company,Mauritius — Digital Health Companies Search,Live health employer discovery,Live health employer discovery,Live Medical Employer Search,Live Medical Employer Search,Healthcare & Life Sciences,Other,Mauritius,,Career Page Available,,,2026-07-20,,,C,Search discovery link,Search link,55,Low,Directory,https://www.google.com/search?q=Mauritius+digital+health+companies,Live search across employers and healthcare technology opportunities.
company-01333,Employer Career Page,company,Mauritius — Health Informatics Employers Search,Live health employer discovery,Live health employer discovery,Live Medical Employer Search,Live Medical Employer Search,Healthcare & Life Sciences,Other,Mauritius,,Career Page Available,,,2026-07-20,,,C,Search discovery link,Search link,52,Low,Directory,https://www.google.com/search?q=Mauritius+health+informatics+employers,Live search across employers and healthcare technology opportunities.
company-00687,Employer Career Page,organization,Mauritius — Health Technology Organisations Search,Live organisation discovery,Live organisation discovery,Live Organisation Search,Live Organisation Search,Healthcare & Life Sciences,Other,Mauritius,,Career Page Available,,,2026-07-20,,,C,Search discovery link,Search link,50,Low,Directory,https://www.google.com/search?q=Mauritius+health+technology+organisations+careers+jobs,"Live search link, sorted toward current opportunities and organisations."
company-02091,Employer Career Page,company,Mauritius — Healthcare Companies Hiring,Live employer discovery,Live employer discovery,Live Private Employer Search,Live Private Employer Search,Healthcare & Life Sciences,Other,Mauritius,,Career Page Available,,,2026-07-20,,,C,Search discovery link,Search link,50,Low,Directory,https://www.google.com/search?q=Mauritius+healthcare+companies+hiring+2026,Live search for employers and current technology roles.
company-01330,Employer Career Page,company,Mauritius — Hospital It Jobs Search,Live health employer discovery,Live health employer discovery,Live Medical Employer Search,Live Medical Employer Search,Healthcare & Life Sciences,Other,Mauritius,,Career Page Available,,,2026-07-20,,,C,Search discovery link,Search link,52,Low,Directory,https://www.google.com/search?q=Mauritius+hospital+IT+jobs,Live search across employers and healthcare technology opportunities.
company-01332,Employer Career Page,company,Mauritius — Medical Device Careers Search,Live health employer discovery,Live health employer discovery,Live Medical Employer Search,Live Medical Employer Search,Healthcare & Life Sciences,Other,Mauritius,,Career Page Available,,,2026-07-20,,,C,Search discovery link,Search link,52,Low,Directory,https://www.google.com/search?q=Mauritius+medical+device+careers,Live search across employers and healthcare technology opportunities.
company-01331,Employer Career Page,company,Mauritius — Pharmaceutical Technology Jobs Search,Live health employer discovery,Live health employer discovery,Live Medical Employer Search,Live Medical Employer Search,Healthcare & Life Sciences,Other,Mauritius,,Career Page Available,,,2026-07-20,,,C,Search discovery link,Search link,52,Low,Directory,https://www.google.com/search?q=Mauritius+pharmaceutical+technology+jobs,Live search across employers and healthcare technology opportunities.
company-00975,Employer Career Page,company,Maven Clinic,Digital Health & Healthcare IT,Digital Health & Healthcare IT,Digital Health & Healthcare IT,Digital Health & Healthcare IT,Healthcare & Life Sciences,Global,"New York, USA",,Career Page Available,,,2026-07-20,,,B,Direct organization or specialist source,Direct,71,Medium,Directory,https://www.mavenclinic.com/careers,Solutions Architecture | Health Interoperability | Cloud Platforms | Product Technology | Data Engineering
company-00944,Employer Career Page,company,Medable,"CRO, Clinical Research & Pharma Services","CRO, Clinical Research & Pharma Services","CRO, Clinical Research & Pharma Services","CRO, Clinical Research & Pharma Services",Healthcare & Life Sciences,Global,"Palo Alto, USA",,Career Page Available,,,2026-07-20,,,B,Direct organization or specialist source,Direct,57,Low,Directory,https://www.medable.com/careers,Clinical Systems | eClinical Platforms | Data Management | Enterprise Applications | Program Delivery
company-00128,Employer Career Page,organization,Medic,Global Health & Healthcare,Global Health & Healthcare,Global Health & Healthcare,Global Health & Healthcare,Healthcare & Life Sciences,Global,"San Francisco, USA",,Career Page Available,,,2026-07-20,,,B,Direct organization or specialist source,Direct,64,Medium,Directory,https://medic.org/careers/,Health Information Systems | Digital Health | Interoperability | Enterprise Systems | Data Platforms
company-00986,Employer Career Page,company,Medical Union Pharmaceuticals,"Egypt, Middle East & Africa","Egypt, Middle East & Africa",Pharmaceutical & Biotech,Pharmaceutical & Biotech,Healthcare & Life Sciences,Global,Multiple,,Career Page Available,,,2026-07-20,,,C,Search discovery link,Search link,76,Medium,Directory,https://www.mup.com.eg/,"Search digital health, enterprise systems, data, architecture and transformation roles."
company-01061,Employer Career Page,company,Medical Union Pharmaceuticals,Health-sector employer search,Health-sector employer search,Pharmaceutical & Biotech,Pharmaceutical & Biotech,Healthcare & Life Sciences,Global,Multiple,,Career Page Available,,,2026-07-20,,,C,Search discovery link,Search link,76,Medium,Directory,https://www.google.com/search?q=%22Medical+Union+Pharmaceuticals%22+careers+digital+health+IT+data+jobs,"Search digital health, enterprise systems, data, architecture and transformation roles."
company-01198,Employer Career Page,company,Mediclinic Parkview Hospital,Health-sector employer search,Health-sector employer search,Hospitals & Providers,Hospitals & Providers,Healthcare & Life Sciences,Global,Multiple,,Career Page Available,,,2026-07-20,,,C,Search discovery link,Search link,75,Medium,Directory,https://www.google.com/search?q=%22Mediclinic+Parkview+Hospital%22+careers+digital+health+IT+data+jobs,"Search digital health, enterprise systems, data, architecture and transformation roles."
company-01174,Employer Career Page,company,Mediclinic Southern Africa,Health-sector employer search,Health-sector employer search,Hospitals & Providers,Hospitals & Providers,Healthcare & Life Sciences,Global,Multiple,,Career Page Available,,,2026-07-20,,,C,Search discovery link,Search link,75,Medium,Directory,https://www.google.com/search?q=%22Mediclinic+Southern+Africa%22+careers+digital+health+IT+data+jobs,"Search digital health, enterprise systems, data, architecture and transformation roles."
company-00940,Employer Career Page,company,Medidata Solutions,"CRO, Clinical Research & Pharma Services","CRO, Clinical Research & Pharma Services","CRO, Clinical Research & Pharma Services","CRO, Clinical Research & Pharma Services",Healthcare & Life Sciences,Global,"New York, USA",,Career Page Available,,,2026-07-20,,,B,Direct organization or specialist source,Direct,57,Low,Directory,https://www.medidata.com/en/careers/,Clinical Systems | eClinical Platforms | Data Management | Enterprise Applications | Program Delivery
company-00138,Employer Career Page,organization,MEDITECH,Global Health & Healthcare,Global Health & Healthcare,MedTech & Diagnostics,MedTech & Diagnostics,Healthcare & Life Sciences,Global,Multiple,,Career Page Available,,,2026-07-20,,,C,Search discovery link,Search link,75,Medium,Directory,https://ehr.meditech.com/careers,"Search digital health, enterprise systems, data, architecture and transformation roles."
company-01135,Employer Career Page,company,MEDITECH,Health-sector employer search,Health-sector employer search,MedTech & Diagnostics,MedTech & Diagnostics,Healthcare & Life Sciences,Global,Multiple,,Career Page Available,,,2026-07-20,,,C,Search discovery link,Search link,75,Medium,Directory,https://www.google.com/search?q=%22MEDITECH%22+careers+digital+health+IT+data+jobs,"Search digital health, enterprise systems, data, architecture and transformation roles."
company-00927,Employer Career Page,company,Medpace,"CRO, Clinical Research & Pharma Services","CRO, Clinical Research & Pharma Services","CRO, Clinical Research & Pharma Services","CRO, Clinical Research & Pharma Services",Healthcare & Life Sciences,Global,"Cincinnati, USA",,Career Page Available,,,2026-07-20,,,B,Direct organization or specialist source,Direct,57,Low,Directory,https://www.medpace.com/careers/,Clinical Systems | eClinical Platforms | Data Management | Enterprise Applications | Program Delivery
company-01192,Employer Career Page,company,Memorial Healthcare Group,Health-sector employer search,Health-sector employer search,Hospitals & Providers,Hospitals & Providers,Healthcare & Life Sciences,Global,Multiple,,Career Page Available,,,2026-07-20,,,C,Search discovery link,Search link,75,Medium,Directory,https://www.google.com/search?q=%22Memorial+Healthcare+Group%22+careers+digital+health+IT+data+jobs,"Search digital health, enterprise systems, data, architecture and transformation roles."
company-00995,Employer Career Page,company,Memphis Pharmaceuticals,"Egypt, Middle East & Africa","Egypt, Middle East & Africa","Egypt, Middle East & Africa","Egypt, Middle East & Africa",Healthcare & Life Sciences,Africa,"Cairo, Egypt",,Career Page Available,,,2026-07-20,,,B,Direct organization or specialist source,Direct,65,Medium,Directory,https://www.memphis.com.eg/,IT Leadership | ERP | Digital Transformation | Business Intelligence | Systems Integration
company-01046,Employer Career Page,company,Menarini,Health-sector employer search,Health-sector employer search,Pharmaceutical & Biotech,Pharmaceutical & Biotech,Healthcare & Life Sciences,Global,Multiple,,Career Page Available,,,2026-07-20,,,C,Search discovery link,Search link,75,Medium,Directory,https://www.google.com/search?q=%22Menarini%22+careers+digital+health+IT+data+jobs,"Search digital health, enterprise systems, data, architecture and transformation roles."
company-00737,Employer Career Page,company,Menarini Group,Global Pharmaceuticals,Global Pharmaceuticals,Global Pharmaceuticals,Global Pharmaceuticals,Healthcare & Life Sciences,Global,"Florence, Italy",,Career Page Available,,,2026-07-20,,,B,Direct organization or specialist source,Direct,75,Medium,Directory,https://www.menarini.com/en-us/careers,Enterprise Architecture | Digital Transformation | ERP & Manufacturing Systems | Data & Analytics | IT Governance
company-00710,Employer Career Page,company,Merck & Co.,Global Pharmaceuticals,Global Pharmaceuticals,Pharmaceutical & Biotech,Pharmaceutical & Biotech,Healthcare & Life Sciences,Global,Multiple,,Career Page Available,,,2026-07-20,,,C,Search discovery link,Search link,75,Medium,Directory,https://jobs.merck.com/,"Search digital health, enterprise systems, data, architecture and transformation roles."
company-01006,Employer Career Page,company,Merck & Co.,Health-sector employer search,Health-sector employer search,Pharmaceutical & Biotech,Pharmaceutical & Biotech,Healthcare & Life Sciences,Global,Multiple,,Career Page Available,,,2026-07-20,,,C,Search discovery link,Search link,75,Medium,Directory,https://www.google.com/search?q=%22Merck+%26+Co.%22+careers+digital+health+IT+data+jobs,"Search digital health, enterprise systems, data, architecture and transformation roles."
company-00867,Employer Career Page,company,Merit Medical Systems,Medical Devices & Equipment,Medical Devices & Equipment,Medical Devices & Equipment,Medical Devices & Equipment,Healthcare & Life Sciences,Global,"South Jordan, USA",,Career Page Available,,,2026-07-20,,,B,Direct organization or specialist source,Direct,66,Medium,Directory,https://www.merit.com/careers/,Digital Health Platforms | Systems Integration | Enterprise Applications | Service Technology | Data Platforms
company-01901,Employer Career Page,company,Minapharm,Employer career search,Employer career search,Healthcare & Consumer,Healthcare & Consumer,Healthcare & Life Sciences,Global / Regional,Multiple,,Career Page Available,,,2026-07-20,,,B,Recognized job platform,Platform,62,Medium,Directory,https://www.linkedin.com/jobs/search/?keywords=Minapharm&sortBy=DD,"Search current technology, transformation, architecture, programme and data roles."
company-00983,Employer Career Page,company,Minapharm Pharmaceuticals,"Egypt, Middle East & Africa","Egypt, Middle East & Africa",Healthcare & Life Sciences,Healthcare & Life Sciences,Healthcare & Life Sciences,Egypt,Egypt,,Career Page Available,,,2026-07-20,,,B,Direct organization or specialist source,Direct,54,Low,Directory,https://www.minapharm.com/,"Search digital health, enterprise systems, data, architecture and transformation roles."
company-01057,Employer Career Page,company,Minapharm Pharmaceuticals,Health-sector employer search,Health-sector employer search,Healthcare & Life Sciences,Healthcare & Life Sciences,Healthcare & Life Sciences,Egypt,Egypt,,Career Page Available,,,2026-07-20,,,B,Direct organization or specialist source,Direct,54,Low,Directory,https://www.minapharm.com/,"Search digital health, enterprise systems, data, architecture and transformation roles."
company-01423,Employer Career Page,company,Minapharm Pharmaceuticals,Pharmaceuticals,Pharmaceuticals,Healthcare & Life Sciences,Healthcare & Life Sciences,Healthcare & Life Sciences,Egypt,Egypt,,Career Page Available,,,2026-07-20,,,B,Direct organization or specialist source,Direct,54,Low,Directory,https://www.minapharm.com/,"Search digital health, enterprise systems, data, architecture and transformation roles."
company-00858,Employer Career Page,company,Mindray,Medical Devices & Equipment,Medical Devices & Equipment,MedTech & Diagnostics,MedTech & Diagnostics,Healthcare & Life Sciences,Global,Multiple,,Career Page Available,,,2026-07-20,,,C,Search discovery link,Search link,75,Medium,Directory,https://www.mindray.com/en/career,"Search digital health, enterprise systems, data, architecture and transformation roles."
company-01099,Employer Career Page,company,Mindray,Health-sector employer search,Health-sector employer search,MedTech & Diagnostics,MedTech & Diagnostics,Healthcare & Life Sciences,Global,Multiple,,Career Page Available,,,2026-07-20,,,C,Search discovery link,Search link,75,Medium,Directory,https://www.google.com/search?q=%22Mindray%22+careers+digital+health+IT+data+jobs,"Search digital health, enterprise systems, data, architecture and transformation roles."
company-00777,Employer Career Page,company,Moderna,Biotechnology & Specialty Pharma,Biotechnology & Specialty Pharma,Pharmaceutical & Biotech,Pharmaceutical & Biotech,Healthcare & Life Sciences,Global,Multiple,,Career Page Available,,,2026-07-20,,,C,Search discovery link,Search link,75,Medium,Directory,https://www.modernatx.com/en-US/careers,"Search digital health, enterprise systems, data, architecture and transformation roles."
company-01036,Employer Career Page,company,Moderna,Health-sector employer search,Health-sector employer search,Pharmaceutical & Biotech,Pharmaceutical & Biotech,Healthcare & Life Sciences,Global,Multiple,,Career Page Available,,,2026-07-20,,,C,Search discovery link,Search link,75,Medium,Directory,https://www.google.com/search?q=%22Moderna%22+careers+digital+health+IT+data+jobs,"Search digital health, enterprise systems, data, architecture and transformation roles."
company-00536,Employer Career Page,organization,Mohammed Bin Rashid University of Medicine and Health Sciences,Career and project search,Career and project search,Universities & Research,Universities & Research,Healthcare & Life Sciences,Global,Multiple,,Career Page Available,,,2026-07-20,,,C,Search discovery link,Search link,53,Low,Directory,https://www.google.com/search?q=%22Mohammed+Bin+Rashid+University+of+Medicine+and+Health+Sciences%22+careers+jobs+digital+transformation+ICT,"Search current jobs, consulting assignments, tenders and technology programmes."
company-00905,Employer Career Page,company,Molecular Devices,"Diagnostics, Laboratory & Life Science Tools","Diagnostics, Laboratory & Life Science Tools","Diagnostics, Laboratory & Life Science Tools","Diagnostics, Laboratory & Life Science Tools",Healthcare & Life Sciences,Global,"San Jose, USA",,Career Page Available,,,2026-07-20,,,B,Direct organization or specialist source,Direct,59,Low,Directory,https://jobs.danaher.com/global/en/molecular-devices,Laboratory Informatics | LIMS | Enterprise Systems | Data & AI | Cybersecurity
company-01912,Employer Career Page,company,Mondelēz International Egypt,Employer career search,Employer career search,Healthcare & Consumer,Healthcare & Consumer,Healthcare & Life Sciences,Global / Regional,Multiple,,Career Page Available,,,2026-07-20,,,B,Recognized job platform,Platform,37,Low,Directory,https://www.linkedin.com/jobs/search/?keywords=Mondel%C4%93z+International+Egypt&sortBy=DD,"Search current technology, transformation, architecture, programme and data roles."
company-01244,Employer Career Page,company,Morocco — Digital Health Companies Search,Live health employer discovery,Live health employer discovery,Live Medical Employer Search,Live Medical Employer Search,Healthcare & Life Sciences,Africa,Morocco,,Career Page Available,,,2026-07-20,,,C,Search discovery link,Search link,57,Low,Directory,https://www.google.com/search?q=Morocco+digital+health+companies,Live search across employers and healthcare technology opportunities.
company-01248,Employer Career Page,company,Morocco — Health Informatics Employers Search,Live health employer discovery,Live health employer discovery,Live Medical Employer Search,Live Medical Employer Search,Healthcare & Life Sciences,Africa,Morocco,,Career Page Available,,,2026-07-20,,,C,Search discovery link,Search link,53,Low,Directory,https://www.google.com/search?q=Morocco+health+informatics+employers,Live search across employers and healthcare technology opportunities.
company-00602,Employer Career Page,organization,Morocco — Health Technology Organisations Search,Live organisation discovery,Live organisation discovery,Live Organisation Search,Live Organisation Search,Healthcare & Life Sciences,Africa,Morocco,,Career Page Available,,,2026-07-20,,,C,Search discovery link,Search link,52,Low,Directory,https://www.google.com/search?q=Morocco+health+technology+organisations+careers+jobs,"Live search link, sorted toward current opportunities and organisations."
company-02006,Employer Career Page,company,Morocco — Healthcare Companies Hiring,Live employer discovery,Live employer discovery,Live Private Employer Search,Live Private Employer Search,Healthcare & Life Sciences,Africa,Morocco,,Career Page Available,,,2026-07-20,,,C,Search discovery link,Search link,52,Low,Directory,https://www.google.com/search?q=Morocco+healthcare+companies+hiring+2026,Live search for employers and current technology roles.
company-01245,Employer Career Page,company,Morocco — Hospital It Jobs Search,Live health employer discovery,Live health employer discovery,Live Medical Employer Search,Live Medical Employer Search,Healthcare & Life Sciences,Africa,Morocco,,Career Page Available,,,2026-07-20,,,C,Search discovery link,Search link,53,Low,Directory,https://www.google.com/search?q=Morocco+hospital+IT+jobs,Live search across employers and healthcare technology opportunities.
company-01247,Employer Career Page,company,Morocco — Medical Device Careers Search,Live health employer discovery,Live health employer discovery,Live Medical Employer Search,Live Medical Employer Search,Healthcare & Life Sciences,Africa,Morocco,,Career Page Available,,,2026-07-20,,,C,Search discovery link,Search link,53,Low,Directory,https://www.google.com/search?q=Morocco+medical+device+careers,Live search across employers and healthcare technology opportunities.
company-01246,Employer Career Page,company,Morocco — Pharmaceutical Technology Jobs Search,Live health employer discovery,Live health employer discovery,Live Medical Employer Search,Live Medical Employer Search,Healthcare & Life Sciences,Africa,Morocco,,Career Page Available,,,2026-07-20,,,C,Search discovery link,Search link,53,Low,Directory,https://www.google.com/search?q=Morocco+pharmaceutical+technology+jobs,Live search across employers and healthcare technology opportunities.
company-01399,Employer Career Page,company,Mountain View,Real Estate,Real Estate,Healthcare & Consumer,Healthcare & Consumer,Healthcare & Life Sciences,Global / Regional,Multiple,,Career Page Available,,,2026-07-20,,,B,Recognized job platform,Platform,62,Medium,Directory,https://mountainviewegypt.com/,"Search current technology, transformation, architecture, programme and data roles."
company-01936,Employer Career Page,company,Mountain View,Employer career search,Employer career search,Healthcare & Consumer,Healthcare & Consumer,Healthcare & Life Sciences,Global / Regional,Multiple,,Career Page Available,,,2026-07-20,,,B,Recognized job platform,Platform,62,Medium,Directory,https://www.linkedin.com/jobs/search/?keywords=Mountain+View&sortBy=DD,"Search current technology, transformation, architecture, programme and data roles."
company-01902,Employer Career Page,company,Mouwasat,Employer career search,Employer career search,Healthcare & Consumer,Healthcare & Consumer,Healthcare & Life Sciences,Global / Regional,Multiple,,Career Page Available,,,2026-07-20,,,B,Recognized job platform,Platform,62,Medium,Directory,https://www.linkedin.com/jobs/search/?keywords=Mouwasat&sortBy=DD,"Search current technology, transformation, architecture, programme and data roles."
company-01152,Employer Career Page,company,Mouwasat Medical Services,Health-sector employer search,Health-sector employer search,Hospitals & Providers,Hospitals & Providers,Healthcare & Life Sciences,Global,Multiple,,Career Page Available,,,2026-07-20,,,C,Search discovery link,Search link,76,Medium,Directory,https://www.google.com/search?q=%22Mouwasat+Medical+Services%22+careers+digital+health+IT+data+jobs,"Search digital health, enterprise systems, data, architecture and transformation roles."
company-01344,Employer Career Page,company,Mozambique — Digital Health Companies Search,Live health employer discovery,Live health employer discovery,Live Medical Employer Search,Live Medical Employer Search,Healthcare & Life Sciences,Other,Mozambique,,Career Page Available,,,2026-07-20,,,C,Search discovery link,Search link,55,Low,Directory,https://www.google.com/search?q=Mozambique+digital+health+companies,Live search across employers and healthcare technology opportunities.
company-01348,Employer Career Page,company,Mozambique — Health Informatics Employers Search,Live health employer discovery,Live health employer discovery,Live Medical Employer Search,Live Medical Employer Search,Healthcare & Life Sciences,Other,Mozambique,,Career Page Available,,,2026-07-20,,,C,Search discovery link,Search link,52,Low,Directory,https://www.google.com/search?q=Mozambique+health+informatics+employers,Live search across employers and healthcare technology opportunities.
company-00702,Employer Career Page,organization,Mozambique — Health Technology Organisations Search,Live organisation discovery,Live organisation discovery,Live Organisation Search,Live Organisation Search,Healthcare & Life Sciences,Other,Mozambique,,Career Page Available,,,2026-07-20,,,C,Search discovery link,Search link,50,Low,Directory,https://www.google.com/search?q=Mozambique+health+technology+organisations+careers+jobs,"Live search link, sorted toward current opportunities and organisations."
company-02106,Employer Career Page,company,Mozambique — Healthcare Companies Hiring,Live employer discovery,Live employer discovery,Live Private Employer Search,Live Private Employer Search,Healthcare & Life Sciences,Other,Mozambique,,Career Page Available,,,2026-07-20,,,C,Search discovery link,Search link,50,Low,Directory,https://www.google.com/search?q=Mozambique+healthcare+companies+hiring+2026,Live search for employers and current technology roles.
company-01345,Employer Career Page,company,Mozambique — Hospital It Jobs Search,Live health employer discovery,Live health employer discovery,Live Medical Employer Search,Live Medical Employer Search,Healthcare & Life Sciences,Other,Mozambique,,Career Page Available,,,2026-07-20,,,C,Search discovery link,Search link,52,Low,Directory,https://www.google.com/search?q=Mozambique+hospital+IT+jobs,Live search across employers and healthcare technology opportunities.
company-01347,Employer Career Page,company,Mozambique — Medical Device Careers Search,Live health employer discovery,Live health employer discovery,Live Medical Employer Search,Live Medical Employer Search,Healthcare & Life Sciences,Other,Mozambique,,Career Page Available,,,2026-07-20,,,C,Search discovery link,Search link,52,Low,Directory,https://www.google.com/search?q=Mozambique+medical+device+careers,Live search across employers and healthcare technology opportunities.
company-01346,Employer Career Page,company,Mozambique — Pharmaceutical Technology Jobs Search,Live health employer discovery,Live health employer discovery,Live Medical Employer Search,Live Medical Employer Search,Healthcare & Life Sciences,Other,Mozambique,,Career Page Available,,,2026-07-20,,,C,Search discovery link,Search link,52,Low,Directory,https://www.google.com/search?q=Mozambique+pharmaceutical+technology+jobs,Live search across employers and healthcare technology opportunities.
company-01627,Employer Career Page,company,mPharma,Health Technology,Health Technology,Technology & Digital Services,Technology & Digital Services,Healthcare & Life Sciences,Africa,Ghana,,Career Page Available,,,2026-07-20,,,B,Direct organization or specialist source,Direct,52,Low,Directory,https://mpharma.com/careers/,
company-01950,Employer Career Page,company,MTN Mobile Money,Employer career search,Employer career search,Healthcare & Consumer,Healthcare & Consumer,Healthcare & Life Sciences,Global / Regional,Multiple,,Career Page Available,,,2026-07-20,,,B,Recognized job platform,Platform,62,Medium,Directory,https://www.linkedin.com/jobs/search/?keywords=MTN+Mobile+Money&sortBy=DD,"Search current technology, transformation, architecture, programme and data roles."
company-01163,Employer Career Page,company,Mubadala Health Dubai,Health-sector employer search,Health-sector employer search,Hospitals & Providers,Hospitals & Providers,Healthcare & Life Sciences,Global,Multiple,,Career Page Available,,,2026-07-20,,,C,Search discovery link,Search link,75,Medium,Directory,https://www.google.com/search?q=%22Mubadala+Health+Dubai%22+careers+digital+health+IT+data+jobs,"Search digital health, enterprise systems, data, architecture and transformation roles."
company-01956,Employer Career Page,company,MultiChoice,Employer career search,Employer career search,Healthcare & Consumer,Healthcare & Consumer,Healthcare & Life Sciences,Global / Regional,Multiple,,Career Page Available,,,2026-07-20,,,B,Recognized job platform,Platform,62,Medium,Directory,https://www.linkedin.com/jobs/search/?keywords=MultiChoice&sortBy=DD,"Search current technology, transformation, architecture, programme and data roles."
company-00915,Employer Career Page,company,Myriad Genetics,"Diagnostics, Laboratory & Life Science Tools","Diagnostics, Laboratory & Life Science Tools","Diagnostics, Laboratory & Life Science Tools","Diagnostics, Laboratory & Life Science Tools",Healthcare & Life Sciences,Global,"Salt Lake City, USA",,Career Page Available,,,2026-07-20,,,B,Direct organization or specialist source,Direct,59,Low,Directory,https://myriad.com/careers/,Laboratory Informatics | LIMS | Enterprise Systems | Data & AI | Cybersecurity
company-01143,Employer Career Page,company,Nabta Health,Health-sector employer search,Health-sector employer search,MedTech & Diagnostics,MedTech & Diagnostics,Healthcare & Life Sciences,Global,Multiple,,Career Page Available,,,2026-07-20,,,C,Search discovery link,Search link,75,Medium,Directory,https://www.google.com/search?q=%22Nabta+Health%22+careers+digital+health+IT+data+jobs,"Search digital health, enterprise systems, data, architecture and transformation roles."
company-01917,Employer Career Page,company,Nahdi Medical Company,Employer career search,Employer career search,Healthcare & Consumer,Healthcare & Consumer,Healthcare & Life Sciences,Global / Regional,Multiple,,Career Page Available,,,2026-07-20,,,B,Recognized job platform,Platform,64,Medium,Directory,https://www.linkedin.com/jobs/search/?keywords=Nahdi+Medical+Company&sortBy=DD,"Search current technology, transformation, architecture, programme and data roles."
company-01170,Employer Career Page,company,Nairobi Hospital,Health-sector employer search,Health-sector employer search,Hospitals & Providers,Hospitals & Providers,Healthcare & Life Sciences,Global,Multiple,,Career Page Available,,,2026-07-20,,,C,Search discovery link,Search link,75,Medium,Directory,https://www.google.com/search?q=%22Nairobi+Hospital%22+careers+digital+health+IT+data+jobs,"Search digital health, enterprise systems, data, architecture and transformation roles."
company-01934,Employer Career Page,company,Nakheel,Employer career search,Employer career search,Healthcare & Consumer,Healthcare & Consumer,Healthcare & Life Sciences,Global / Regional,Multiple,,Career Page Available,,,2026-07-20,,,B,Recognized job platform,Platform,62,Medium,Directory,https://www.linkedin.com/jobs/search/?keywords=Nakheel&sortBy=DD,"Search current technology, transformation, architecture, programme and data roles."
company-01142,Employer Career Page,company,Nala,Health-sector employer search,Health-sector employer search,MedTech & Diagnostics,MedTech & Diagnostics,Healthcare & Life Sciences,Global,Multiple,,Career Page Available,,,2026-07-20,,,C,Search discovery link,Search link,75,Medium,Directory,https://www.google.com/search?q=%22Nala%22+careers+digital+health+IT+data+jobs,"Search digital health, enterprise systems, data, architecture and transformation roles."
company-01324,Employer Career Page,company,Namibia — Digital Health Companies Search,Live health employer discovery,Live health employer discovery,Live Medical Employer Search,Live Medical Employer Search,Healthcare & Life Sciences,Other,Namibia,,Career Page Available,,,2026-07-20,,,C,Search discovery link,Search link,55,Low,Directory,https://www.google.com/search?q=Namibia+digital+health+companies,Live search across employers and healthcare technology opportunities.
company-01328,Employer Career Page,company,Namibia — Health Informatics Employers Search,Live health employer discovery,Live health employer discovery,Live Medical Employer Search,Live Medical Employer Search,Healthcare & Life Sciences,Other,Namibia,,Career Page Available,,,2026-07-20,,,C,Search discovery link,Search link,52,Low,Directory,https://www.google.com/search?q=Namibia+health+informatics+employers,Live search across employers and healthcare technology opportunities.
company-00682,Employer Career Page,organization,Namibia — Health Technology Organisations Search,Live organisation discovery,Live organisation discovery,Live Organisation Search,Live Organisation Search,Healthcare & Life Sciences,Other,Namibia,,Career Page Available,,,2026-07-20,,,C,Search discovery link,Search link,50,Low,Directory,https://www.google.com/search?q=Namibia+health+technology+organisations+careers+jobs,"Live search link, sorted toward current opportunities and organisations."
company-02086,Employer Career Page,company,Namibia — Healthcare Companies Hiring,Live employer discovery,Live employer discovery,Live Private Employer Search,Live Private Employer Search,Healthcare & Life Sciences,Other,Namibia,,Career Page Available,,,2026-07-20,,,C,Search discovery link,Search link,50,Low,Directory,https://www.google.com/search?q=Namibia+healthcare+companies+hiring+2026,Live search for employers and current technology roles.
company-01325,Employer Career Page,company,Namibia — Hospital It Jobs Search,Live health employer discovery,Live health employer discovery,Live Medical Employer Search,Live Medical Employer Search,Healthcare & Life Sciences,Other,Namibia,,Career Page Available,,,2026-07-20,,,C,Search discovery link,Search link,52,Low,Directory,https://www.google.com/search?q=Namibia+hospital+IT+jobs,Live search across employers and healthcare technology opportunities.
company-01327,Employer Career Page,company,Namibia — Medical Device Careers Search,Live health employer discovery,Live health employer discovery,Live Medical Employer Search,Live Medical Employer Search,Healthcare & Life Sciences,Other,Namibia,,Career Page Available,,,2026-07-20,,,C,Search discovery link,Search link,52,Low,Directory,https://www.google.com/search?q=Namibia+medical+device+careers,Live search across employers and healthcare technology opportunities.
company-01326,Employer Career Page,company,Namibia — Pharmaceutical Technology Jobs Search,Live health employer discovery,Live health employer discovery,Live Medical Employer Search,Live Medical Employer Search,Healthcare & Life Sciences,Other,Namibia,,Career Page Available,,,2026-07-20,,,C,Search discovery link,Search link,52,Low,Directory,https://www.google.com/search?q=Namibia+pharmaceutical+technology+jobs,Live search across employers and healthcare technology opportunities.
company-01197,Employer Career Page,company,Narayana Health,Health-sector employer search,Health-sector employer search,Hospitals & Providers,Hospitals & Providers,Healthcare & Life Sciences,Global,Multiple,,Career Page Available,,,2026-07-20,,,C,Search discovery link,Search link,75,Medium,Directory,https://www.google.com/search?q=%22Narayana+Health%22+careers+digital+health+IT+data+jobs,"Search digital health, enterprise systems, data, architecture and transformation roles."
company-00914,Employer Career Page,company,Natera,"Diagnostics, Laboratory & Life Science Tools","Diagnostics, Laboratory & Life Science Tools","Diagnostics, Laboratory & Life Science Tools","Diagnostics, Laboratory & Life Science Tools",Healthcare & Life Sciences,Global,"Austin, USA",,Career Page Available,,,2026-07-20,,,B,Direct organization or specialist source,Direct,59,Low,Directory,https://www.natera.com/company/careers/,Laboratory Informatics | LIMS | Enterprise Systems | Data & AI | Cybersecurity
company-01156,Employer Career Page,company,National Medical Care Company,Health-sector employer search,Health-sector employer search,Hospitals & Providers,Hospitals & Providers,Healthcare & Life Sciences,Global,Multiple,,Career Page Available,,,2026-07-20,,,C,Search discovery link,Search link,76,Medium,Directory,https://www.google.com/search?q=%22National+Medical+Care+Company%22+careers+digital+health+IT+data+jobs,"Search digital health, enterprise systems, data, architecture and transformation roles."
company-00911,Employer Career Page,company,NeoGenomics Laboratories,"Diagnostics, Laboratory & Life Science Tools","Diagnostics, Laboratory & Life Science Tools","Diagnostics, Laboratory & Life Science Tools","Diagnostics, Laboratory & Life Science Tools",Healthcare & Life Sciences,Global,"Fort Myers, USA",,Career Page Available,,,2026-07-20,,,B,Direct organization or specialist source,Direct,59,Low,Directory,https://careers.neogenomics.com/,Laboratory Informatics | LIMS | Enterprise Systems | Data & AI | Cybersecurity
company-00759,Employer Career Page,company,Neopharma,Global Pharmaceuticals,Global Pharmaceuticals,Pharmaceutical & Biotech,Pharmaceutical & Biotech,Healthcare & Life Sciences,Global,Multiple,,Career Page Available,,,2026-07-20,,,C,Search discovery link,Search link,75,Medium,Directory,https://www.neopharma.com/careers/,"Search digital health, enterprise systems, data, architecture and transformation roles."
company-01052,Employer Career Page,company,Neopharma,Health-sector employer search,Health-sector employer search,Pharmaceutical & Biotech,Pharmaceutical & Biotech,Healthcare & Life Sciences,Global,Multiple,,Career Page Available,,,2026-07-20,,,C,Search discovery link,Search link,75,Medium,Directory,https://www.google.com/search?q=%22Neopharma%22+careers+digital+health+IT+data+jobs,"Search digital health, enterprise systems, data, architecture and transformation roles."
company-01903,Employer Career Page,company,Nestlé Middle East and North Africa,Employer career search,Employer career search,Healthcare & Consumer,Healthcare & Consumer,Healthcare & Life Sciences,Global / Regional,Multiple,,Career Page Available,,,2026-07-20,,,B,Recognized job platform,Platform,62,Medium,Directory,https://www.linkedin.com/jobs/search/?keywords=Nestl%C3%A9+Middle+East+and+North+Africa&sortBy=DD,"Search current technology, transformation, architecture, programme and data roles."
company-00797,Employer Career Page,company,Neurocrine Biosciences,Biotechnology & Specialty Pharma,Biotechnology & Specialty Pharma,Biotechnology & Specialty Pharma,Biotechnology & Specialty Pharma,Healthcare & Life Sciences,Global,"San Diego, USA",,Career Page Available,,,2026-07-20,,,B,Direct organization or specialist source,Direct,64,Medium,Directory,https://careers.neurocrine.com/,R&D Digital Platforms | Data Engineering | Cloud & Cybersecurity | Enterprise Applications | Technical Program Management
company-00962,Employer Career Page,company,NextGen Healthcare,Digital Health & Healthcare IT,Digital Health & Healthcare IT,Digital Health & Healthcare IT,Digital Health & Healthcare IT,Healthcare & Life Sciences,Global,Remote / USA,,Career Page Available,,,2026-07-20,,,B,Direct organization or specialist source,Direct,71,Medium,Directory,https://www.nextgen.com/company/careers,Solutions Architecture | Health Interoperability | Cloud Platforms | Product Technology | Data Engineering
company-01264,Employer Career Page,company,Nigeria — Digital Health Companies Search,Live health employer discovery,Live health employer discovery,Live Medical Employer Search,Live Medical Employer Search,Healthcare & Life Sciences,Africa,Nigeria,,Career Page Available,,,2026-07-20,,,C,Search discovery link,Search link,57,Low,Directory,https://www.google.com/search?q=Nigeria+digital+health+companies,Live search across employers and healthcare technology opportunities.
company-01268,Employer Career Page,company,Nigeria — Health Informatics Employers Search,Live health employer discovery,Live health employer discovery,Live Medical Employer Search,Live Medical Employer Search,Healthcare & Life Sciences,Africa,Nigeria,,Career Page Available,,,2026-07-20,,,C,Search discovery link,Search link,53,Low,Directory,https://www.google.com/search?q=Nigeria+health+informatics+employers,Live search across employers and healthcare technology opportunities.
company-00622,Employer Career Page,organization,Nigeria — Health Technology Organisations Search,Live organisation discovery,Live organisation discovery,Live Organisation Search,Live Organisation Search,Healthcare & Life Sciences,Africa,Nigeria,,Career Page Available,,,2026-07-20,,,C,Search discovery link,Search link,52,Low,Directory,https://www.google.com/search?q=Nigeria+health+technology+organisations+careers+jobs,"Live search link, sorted toward current opportunities and organisations."
company-02026,Employer Career Page,company,Nigeria — Healthcare Companies Hiring,Live employer discovery,Live employer discovery,Live Private Employer Search,Live Private Employer Search,Healthcare & Life Sciences,Africa,Nigeria,,Career Page Available,,,2026-07-20,,,C,Search discovery link,Search link,52,Low,Directory,https://www.google.com/search?q=Nigeria+healthcare+companies+hiring+2026,Live search for employers and current technology roles.
company-01265,Employer Career Page,company,Nigeria — Hospital It Jobs Search,Live health employer discovery,Live health employer discovery,Live Medical Employer Search,Live Medical Employer Search,Healthcare & Life Sciences,Africa,Nigeria,,Career Page Available,,,2026-07-20,,,C,Search discovery link,Search link,53,Low,Directory,https://www.google.com/search?q=Nigeria+hospital+IT+jobs,Live search across employers and healthcare technology opportunities.
company-01267,Employer Career Page,company,Nigeria — Medical Device Careers Search,Live health employer discovery,Live health employer discovery,Live Medical Employer Search,Live Medical Employer Search,Healthcare & Life Sciences,Africa,Nigeria,,Career Page Available,,,2026-07-20,,,C,Search discovery link,Search link,53,Low,Directory,https://www.google.com/search?q=Nigeria+medical+device+careers,Live search across employers and healthcare technology opportunities.
company-01266,Employer Career Page,company,Nigeria — Pharmaceutical Technology Jobs Search,Live health employer discovery,Live health employer discovery,Live Medical Employer Search,Live Medical Employer Search,Healthcare & Life Sciences,Africa,Nigeria,,Career Page Available,,,2026-07-20,,,C,Search discovery link,Search link,53,Low,Directory,https://www.google.com/search?q=Nigeria+pharmaceutical+technology+jobs,Live search across employers and healthcare technology opportunities.
company-00877,Employer Career Page,company,Nikkiso,Medical Devices & Equipment,Medical Devices & Equipment,Medical Devices & Equipment,Medical Devices & Equipment,Healthcare & Life Sciences,Global,"Tokyo, Japan",,Career Page Available,,,2026-07-20,,,B,Direct organization or specialist source,Direct,66,Medium,Directory,https://www.nikkiso.com/careers/,Digital Health Platforms | Systems Integration | Enterprise Applications | Service Technology | Data Platforms
company-00997,Employer Career Page,company,Nile Company for Pharmaceuticals,"Egypt, Middle East & Africa","Egypt, Middle East & Africa","Egypt, Middle East & Africa","Egypt, Middle East & Africa",Healthcare & Life Sciences,Africa,"Cairo, Egypt",,Career Page Available,,,2026-07-20,,,B,Direct organization or specialist source,Direct,65,Medium,Directory,https://www.nilepharma.com.eg/,IT Leadership | ERP | Digital Transformation | Business Intelligence | Systems Integration
company-00850,Employer Career Page,company,Nipro,Medical Devices & Equipment,Medical Devices & Equipment,MedTech & Diagnostics,MedTech & Diagnostics,Healthcare & Life Sciences,Global,Multiple,,Career Page Available,,,2026-07-20,,,C,Search discovery link,Search link,75,Medium,Directory,https://www.nipro-group.com/en/careers/,"Search digital health, enterprise systems, data, architecture and transformation roles."
company-01123,Employer Career Page,company,Nipro,Health-sector employer search,Health-sector employer search,MedTech & Diagnostics,MedTech & Diagnostics,Healthcare & Life Sciences,Global,Multiple,,Career Page Available,,,2026-07-20,,,C,Search discovery link,Search link,75,Medium,Directory,https://www.google.com/search?q=%22Nipro%22+careers+digital+health+IT+data+jobs,"Search digital health, enterprise systems, data, architecture and transformation roles."
company-00948,Employer Career Page,company,Novotech,"CRO, Clinical Research & Pharma Services","CRO, Clinical Research & Pharma Services","CRO, Clinical Research & Pharma Services","CRO, Clinical Research & Pharma Services",Healthcare & Life Sciences,Global,"Sydney, Australia",,Career Page Available,,,2026-07-20,,,B,Direct organization or specialist source,Direct,57,Low,Directory,https://novotech-cro.com/careers,Clinical Systems | eClinical Platforms | Data Management | Enterprise Applications | Program Delivery
company-01179,Employer Career Page,company,Nyaho Medical Centre,Health-sector employer search,Health-sector employer search,Hospitals & Providers,Hospitals & Providers,Healthcare & Life Sciences,Global,Multiple,,Career Page Available,,,2026-07-20,,,C,Search discovery link,Search link,76,Medium,Directory,https://www.google.com/search?q=%22Nyaho+Medical+Centre%22+careers+digital+health+IT+data+jobs,"Search digital health, enterprise systems, data, architecture and transformation roles."
company-01034,Employer Career Page,company,Octapharma,Health-sector employer search,Health-sector employer search,Pharmaceutical & Biotech,Pharmaceutical & Biotech,Healthcare & Life Sciences,Global,Multiple,,Career Page Available,,,2026-07-20,,,C,Search discovery link,Search link,75,Medium,Directory,https://www.google.com/search?q=%22Octapharma%22+careers+digital+health+IT+data+jobs,"Search digital health, enterprise systems, data, architecture and transformation roles."
company-00993,Employer Career Page,company,October Pharma,"Egypt, Middle East & Africa","Egypt, Middle East & Africa",Pharmaceutical & Biotech,Pharmaceutical & Biotech,Healthcare & Life Sciences,Global,Multiple,,Career Page Available,,,2026-07-20,,,C,Search discovery link,Search link,75,Medium,Directory,https://octoberpharma.com/,"Search digital health, enterprise systems, data, architecture and transformation roles."
company-01066,Employer Career Page,company,October Pharma,Health-sector employer search,Health-sector employer search,Pharmaceutical & Biotech,Pharmaceutical & Biotech,Healthcare & Life Sciences,Global,Multiple,,Career Page Available,,,2026-07-20,,,C,Search discovery link,Search link,75,Medium,Directory,https://www.google.com/search?q=%22October+Pharma%22+careers+digital+health+IT+data+jobs,"Search digital health, enterprise systems, data, architecture and transformation roles."
company-01141,Employer Career Page,company,Okadoc,Health-sector employer search,Health-sector employer search,MedTech & Diagnostics,MedTech & Diagnostics,Healthcare & Life Sciences,Global,Multiple,,Career Page Available,,,2026-07-20,,,C,Search discovery link,Search link,75,Medium,Directory,https://www.google.com/search?q=%22Okadoc%22+careers+digital+health+IT+data+jobs,"Search digital health, enterprise systems, data, architecture and transformation roles."
company-00848,Employer Career Page,company,Olympus,Medical Devices & Equipment,Medical Devices & Equipment,Medical Devices & Equipment,Medical Devices & Equipment,Healthcare & Life Sciences,Global,"Tokyo, Japan",,Career Page Available,,,2026-07-20,,,B,Direct organization or specialist source,Direct,66,Medium,Directory,https://www.olympus-global.com/company/recruit/,Digital Health Platforms | Systems Integration | Enterprise Applications | Service Technology | Data Platforms
company-01102,Employer Career Page,company,Olympus Medical,Health-sector employer search,Health-sector employer search,MedTech & Diagnostics,MedTech & Diagnostics,Healthcare & Life Sciences,Global,Multiple,,Career Page Available,,,2026-07-20,,,C,Search discovery link,Search link,76,Medium,Directory,https://www.google.com/search?q=%22Olympus+Medical%22+careers+digital+health+IT+data+jobs,"Search digital health, enterprise systems, data, architecture and transformation roles."
company-00972,Employer Career Page,company,Omada Health,Digital Health & Healthcare IT,Digital Health & Healthcare IT,Digital Health & Healthcare IT,Digital Health & Healthcare IT,Healthcare & Life Sciences,Global,"San Francisco, USA",,Career Page Available,,,2026-07-20,,,B,Direct organization or specialist source,Direct,71,Medium,Directory,https://www.omadahealth.com/careers,Solutions Architecture | Health Interoperability | Cloud Platforms | Product Technology | Data Engineering
company-01224,Employer Career Page,company,Oman — Digital Health Companies Search,Live health employer discovery,Live health employer discovery,Live Medical Employer Search,Live Medical Employer Search,Healthcare & Life Sciences,GCC,Oman,,Career Page Available,,,2026-07-20,,,C,Search discovery link,Search link,59,Low,Directory,https://www.google.com/search?q=Oman+digital+health+companies,Live search across employers and healthcare technology opportunities.
company-01228,Employer Career Page,company,Oman — Health Informatics Employers Search,Live health employer discovery,Live health employer discovery,Live Medical Employer Search,Live Medical Employer Search,Healthcare & Life Sciences,GCC,Oman,,Career Page Available,,,2026-07-20,,,C,Search discovery link,Search link,55,Low,Directory,https://www.google.com/search?q=Oman+health+informatics+employers,Live search across employers and healthcare technology opportunities.
company-00582,Employer Career Page,organization,Oman — Health Technology Organisations Search,Live organisation discovery,Live organisation discovery,Live Organisation Search,Live Organisation Search,Healthcare & Life Sciences,GCC,Oman,,Career Page Available,,,2026-07-20,,,C,Search discovery link,Search link,54,Low,Directory,https://www.google.com/search?q=Oman+health+technology+organisations+careers+jobs,"Live search link, sorted toward current opportunities and organisations."
company-01986,Employer Career Page,company,Oman — Healthcare Companies Hiring,Live employer discovery,Live employer discovery,Live Private Employer Search,Live Private Employer Search,Healthcare & Life Sciences,GCC,Oman,,Career Page Available,,,2026-07-20,,,C,Search discovery link,Search link,54,Low,Directory,https://www.google.com/search?q=Oman+healthcare+companies+hiring+2026,Live search for employers and current technology roles.
company-01225,Employer Career Page,company,Oman — Hospital It Jobs Search,Live health employer discovery,Live health employer discovery,Live Medical Employer Search,Live Medical Employer Search,Healthcare & Life Sciences,GCC,Oman,,Career Page Available,,,2026-07-20,,,C,Search discovery link,Search link,55,Low,Directory,https://www.google.com/search?q=Oman+hospital+IT+jobs,Live search across employers and healthcare technology opportunities.
company-01227,Employer Career Page,company,Oman — Medical Device Careers Search,Live health employer discovery,Live health employer discovery,Live Medical Employer Search,Live Medical Employer Search,Healthcare & Life Sciences,GCC,Oman,,Career Page Available,,,2026-07-20,,,C,Search discovery link,Search link,55,Low,Directory,https://www.google.com/search?q=Oman+medical+device+careers,Live search across employers and healthcare technology opportunities.
company-01226,Employer Career Page,company,Oman — Pharmaceutical Technology Jobs Search,Live health employer discovery,Live health employer discovery,Live Medical Employer Search,Live Medical Employer Search,Healthcare & Life Sciences,GCC,Oman,,Career Page Available,,,2026-07-20,,,C,Search discovery link,Search link,55,Low,Directory,https://www.google.com/search?q=Oman+pharmaceutical+technology+jobs,Live search across employers and healthcare technology opportunities.
company-00132,Employer Career Page,organization,OpenHIE,Global Health & Healthcare,Global Health & Healthcare,Global Health & Healthcare,Global Health & Healthcare,Healthcare & Life Sciences,Global,Global,,Career Page Available,,,2026-07-20,,,B,Direct organization or specialist source,Direct,64,Medium,Directory,https://ohie.org/,Health Information Systems | Digital Health | Interoperability | Enterprise Systems | Data Platforms
company-00133,Employer Career Page,organization,OpenLMIS,Global Health & Healthcare,Global Health & Healthcare,Global Health & Healthcare,Global Health & Healthcare,Healthcare & Life Sciences,Global,Global,,Career Page Available,,,2026-07-20,,,B,Direct organization or specialist source,Direct,64,Medium,Directory,https://openlmis.org/,Health Information Systems | Digital Health | Interoperability | Enterprise Systems | Data Platforms
company-00130,Employer Career Page,organization,OpenMRS,Global Health & Healthcare,Global Health & Healthcare,Global Health & Healthcare,Global Health & Healthcare,Healthcare & Life Sciences,Global,Global,,Career Page Available,,,2026-07-20,,,B,Direct organization or specialist source,Direct,64,Medium,Directory,https://openmrs.org/careers/,Health Information Systems | Digital Health | Interoperability | Enterprise Systems | Data Platforms
company-00137,Employer Career Page,organization,Oracle Health,Global Health & Healthcare,Global Health & Healthcare,MedTech & Diagnostics,MedTech & Diagnostics,Healthcare & Life Sciences,Global,Multiple,,Career Page Available,,,2026-07-20,,,C,Search discovery link,Search link,75,Medium,Directory,https://careers.oracle.com/,"Search digital health, enterprise systems, data, architecture and transformation roles."
company-01133,Employer Career Page,company,Oracle Health,Health-sector employer search,Health-sector employer search,MedTech & Diagnostics,MedTech & Diagnostics,Healthcare & Life Sciences,Global,Multiple,,Career Page Available,,,2026-07-20,,,C,Search discovery link,Search link,75,Medium,Directory,https://www.google.com/search?q=%22Oracle+Health%22+careers+digital+health+IT+data+jobs,"Search digital health, enterprise systems, data, architecture and transformation roles."
company-01941,Employer Career Page,company,Orascom Development,Employer career search,Employer career search,Healthcare & Consumer,Healthcare & Consumer,Healthcare & Life Sciences,Global / Regional,Multiple,,Career Page Available,,,2026-07-20,,,B,Recognized job platform,Platform,62,Medium,Directory,https://www.linkedin.com/jobs/search/?keywords=Orascom+Development&sortBy=DD,"Search current technology, transformation, architecture, programme and data roles."
company-01393,Employer Career Page,company,Orascom Development Egypt,Real Estate & Hospitality,Real Estate & Hospitality,"Real Estate, Construction & Hospitality","Real Estate, Construction & Hospitality",Healthcare & Life Sciences,Egypt,Egypt,,Career Page Available,,,2026-07-20,,,B,Direct organization or specialist source,Direct,53,Low,Directory,https://www.orascomdh.com/,
company-00727,Employer Career Page,company,Organon,Global Pharmaceuticals,Global Pharmaceuticals,Pharmaceutical & Biotech,Pharmaceutical & Biotech,Healthcare & Life Sciences,Global,Multiple,,Career Page Available,,,2026-07-20,,,C,Search discovery link,Search link,75,Medium,Directory,https://www.organon.com/careers/,"Search digital health, enterprise systems, data, architecture and transformation roles."
company-01030,Employer Career Page,company,Organon,Health-sector employer search,Health-sector employer search,Pharmaceutical & Biotech,Pharmaceutical & Biotech,Healthcare & Life Sciences,Global,Multiple,,Career Page Available,,,2026-07-20,,,C,Search discovery link,Search link,75,Medium,Directory,https://www.google.com/search?q=%22Organon%22+careers+digital+health+IT+data+jobs,"Search digital health, enterprise systems, data, architecture and transformation roles."
company-00752,Employer Career Page,company,Orion Corporation,Global Pharmaceuticals,Global Pharmaceuticals,Global Pharmaceuticals,Global Pharmaceuticals,Healthcare & Life Sciences,Global,"Espoo, Finland",,Career Page Available,,,2026-07-20,,,B,Direct organization or specialist source,Direct,75,Medium,Directory,https://www.orion.fi/en/careers/,Enterprise Architecture | Digital Transformation | ERP & Manufacturing Systems | Data & Analytics | IT Governance
company-00721,Employer Career Page,company,Otsuka Pharmaceutical,Global Pharmaceuticals,Global Pharmaceuticals,Pharmaceutical & Biotech,Pharmaceutical & Biotech,Healthcare & Life Sciences,Global,Multiple,,Career Page Available,,,2026-07-20,,,C,Search discovery link,Search link,75,Medium,Directory,https://www.otsuka.com/en/careers/,"Search digital health, enterprise systems, data, architecture and transformation roles."
company-01022,Employer Career Page,company,Otsuka Pharmaceutical,Health-sector employer search,Health-sector employer search,Pharmaceutical & Biotech,Pharmaceutical & Biotech,Healthcare & Life Sciences,Global,Multiple,,Career Page Available,,,2026-07-20,,,C,Search discovery link,Search link,75,Medium,Directory,https://www.google.com/search?q=%22Otsuka+Pharmaceutical%22+careers+digital+health+IT+data+jobs,"Search digital health, enterprise systems, data, architecture and transformation roles."
company-00917,Employer Career Page,company,Oxford Nanopore Technologies,"Diagnostics, Laboratory & Life Science Tools","Diagnostics, Laboratory & Life Science Tools","Diagnostics, Laboratory & Life Science Tools","Diagnostics, Laboratory & Life Science Tools",Healthcare & Life Sciences,Global,"Oxford, UK",,Career Page Available,,,2026-07-20,,,B,Direct organization or specialist source,Direct,59,Low,Directory,https://nanoporetech.com/careers,Laboratory Informatics | LIMS | Enterprise Systems | Data & AI | Cybersecurity
company-00918,Employer Career Page,company,Pacific Biosciences,"Diagnostics, Laboratory & Life Science Tools","Diagnostics, Laboratory & Life Science Tools","Diagnostics, Laboratory & Life Science Tools","Diagnostics, Laboratory & Life Science Tools",Healthcare & Life Sciences,Global,"Menlo Park, USA",,Career Page Available,,,2026-07-20,,,B,Direct organization or specialist source,Direct,59,Low,Directory,https://www.pacb.com/careers/,Laboratory Informatics | LIMS | Enterprise Systems | Data & AI | Cybersecurity
company-01396,Employer Career Page,company,Palm Hills Developments,Real Estate,Real Estate,Healthcare & Consumer,Healthcare & Consumer,Healthcare & Life Sciences,Global / Regional,Multiple,,Career Page Available,,,2026-07-20,,,B,Recognized job platform,Platform,62,Medium,Directory,https://www.palmhillsdevelopments.com/,"Search current technology, transformation, architecture, programme and data roles."
company-01937,Employer Career Page,company,Palm Hills Developments,Employer career search,Employer career search,Healthcare & Consumer,Healthcare & Consumer,Healthcare & Life Sciences,Global / Regional,Multiple,,Career Page Available,,,2026-07-20,,,B,Recognized job platform,Platform,62,Medium,Directory,https://www.linkedin.com/jobs/search/?keywords=Palm+Hills+Developments&sortBy=DD,"Search current technology, transformation, architecture, programme and data roles."
company-01916,Employer Career Page,company,Panda Retail,Employer career search,Employer career search,Healthcare & Consumer,Healthcare & Consumer,Healthcare & Life Sciences,Global / Regional,Multiple,,Career Page Available,,,2026-07-20,,,B,Recognized job platform,Platform,62,Medium,Directory,https://www.linkedin.com/jobs/search/?keywords=Panda+Retail&sortBy=DD,"Search current technology, transformation, architecture, programme and data roles."
company-00991,Employer Career Page,company,Parkville Pharmaceuticals,"Egypt, Middle East & Africa","Egypt, Middle East & Africa","Egypt, Middle East & Africa","Egypt, Middle East & Africa",Healthcare & Life Sciences,Africa,"Alexandria, Egypt",,Career Page Available,,,2026-07-20,,,B,Direct organization or specialist source,Direct,65,Medium,Directory,https://parkvillepharma.com/,IT Leadership | ERP | Digital Transformation | Business Intelligence | Systems Integration
company-00119,Employer Career Page,organization,Partners In Health,Global Health & Healthcare,Global Health & Healthcare,Global Health & Healthcare,Global Health & Healthcare,Healthcare & Life Sciences,Global,"Boston, USA",,Career Page Available,,,2026-07-20,,,B,Direct organization or specialist source,Direct,64,Medium,Directory,https://www.pih.org/pages/employment,Health Information Systems | Digital Health | Interoperability | Enterprise Systems | Data Platforms
company-00111,Employer Career Page,organization,PATH,Global Health & Healthcare,Global Health & Healthcare,Global Health & Healthcare,Global Health & Healthcare,Healthcare & Life Sciences,Global,"Seattle, USA",,Career Page Available,,,2026-07-20,,,B,Direct organization or specialist source,Direct,64,Medium,Directory,https://www.path.org/jobs/,Health Information Systems | Digital Health | Interoperability | Enterprise Systems | Data Platforms
company-00362,Employer Career Page,organization,PATH,Career and project search,Career and project search,Global Health & Healthcare,Global Health & Healthcare,Healthcare & Life Sciences,Global,"Seattle, USA",,Career Page Available,,,2026-07-20,,,B,Direct organization or specialist source,Direct,64,Medium,Directory,https://www.path.org/jobs/,Health Information Systems | Digital Health | Interoperability | Enterprise Systems | Data Platforms
company-00840,Employer Career Page,company,Penumbra,Medical Devices & Equipment,Medical Devices & Equipment,Medical Devices & Equipment,Medical Devices & Equipment,Healthcare & Life Sciences,Global,"Alameda, USA",,Career Page Available,,,2026-07-20,,,B,Direct organization or specialist source,Direct,66,Medium,Directory,https://www.penumbrainc.com/careers/,Digital Health Platforms | Systems Integration | Enterprise Applications | Service Technology | Data Platforms
company-01412,Employer Career Page,company,PepsiCo Egypt,FMCG,FMCG,Healthcare & Consumer,Healthcare & Consumer,Healthcare & Life Sciences,Global / Regional,Multiple,,Career Page Available,,,2026-07-20,,,B,Recognized job platform,Platform,62,Medium,Directory,https://www.pepsicojobs.com/,"Search current technology, transformation, architecture, programme and data roles."
company-01906,Employer Career Page,company,PepsiCo Egypt,Employer career search,Employer career search,Healthcare & Consumer,Healthcare & Consumer,Healthcare & Life Sciences,Global / Regional,Multiple,,Career Page Available,,,2026-07-20,,,B,Recognized job platform,Platform,62,Medium,Directory,https://www.linkedin.com/jobs/search/?keywords=PepsiCo+Egypt&sortBy=DD,"Search current technology, transformation, architecture, programme and data roles."
company-00773,Employer Career Page,company,Perrigo,Global Pharmaceuticals,Global Pharmaceuticals,Global Pharmaceuticals,Global Pharmaceuticals,Healthcare & Life Sciences,Global,"Dublin, Ireland",,Career Page Available,,,2026-07-20,,,B,Direct organization or specialist source,Direct,75,Medium,Directory,https://www.perrigo.com/careers,Enterprise Architecture | Digital Transformation | ERP & Manufacturing Systems | Data & Analytics | IT Governance
company-01900,Employer Career Page,company,Pharco,Employer career search,Employer career search,Healthcare & Consumer,Healthcare & Consumer,Healthcare & Life Sciences,Global / Regional,Multiple,,Career Page Available,,,2026-07-20,,,B,Recognized job platform,Platform,62,Medium,Directory,https://www.linkedin.com/jobs/search/?keywords=Pharco&sortBy=DD,"Search current technology, transformation, architecture, programme and data roles."
company-01054,Employer Career Page,company,Pharco Pharmaceuticals,Health-sector employer search,Health-sector employer search,Pharmaceutical & Biotech,Pharmaceutical & Biotech,Healthcare & Life Sciences,Global,Multiple,,Career Page Available,,,2026-07-20,,,C,Search discovery link,Search link,75,Medium,Directory,https://www.google.com/search?q=%22Pharco+Pharmaceuticals%22+careers+digital+health+IT+data+jobs,"Search digital health, enterprise systems, data, architecture and transformation roles."
company-00932,Employer Career Page,company,Pharmaron,"CRO, Clinical Research & Pharma Services","CRO, Clinical Research & Pharma Services","CRO, Clinical Research & Pharma Services","CRO, Clinical Research & Pharma Services",Healthcare & Life Sciences,Global,"Beijing, China",,Career Page Available,,,2026-07-20,,,B,Direct organization or specialist source,Direct,57,Low,Directory,https://www.pharmaron.com/careers/,Clinical Systems | eClinical Platforms | Data Management | Enterprise Applications | Program Delivery
company-00770,Employer Career Page,company,Pharmascience,Global Pharmaceuticals,Global Pharmaceuticals,Global Pharmaceuticals,Global Pharmaceuticals,Healthcare & Life Sciences,Global,"Montreal, Canada",,Career Page Available,,,2026-07-20,,,B,Direct organization or specialist source,Direct,75,Medium,Directory,https://www.pharmascience.com/careers/,Enterprise Architecture | Digital Transformation | ERP & Manufacturing Systems | Data & Analytics | IT Governance
company-00953,Employer Career Page,company,PHASTAR,"CRO, Clinical Research & Pharma Services","CRO, Clinical Research & Pharma Services","CRO, Clinical Research & Pharma Services","CRO, Clinical Research & Pharma Services",Healthcare & Life Sciences,Global,"London, UK",,Career Page Available,,,2026-07-20,,,B,Direct organization or specialist source,Direct,57,Low,Directory,https://phastar.com/careers/,Clinical Systems | eClinical Platforms | Data Management | Enterprise Applications | Program Delivery
company-01081,Employer Career Page,company,Philips Healthcare,Health-sector employer search,Health-sector employer search,MedTech & Diagnostics,MedTech & Diagnostics,Healthcare & Life Sciences,Global,Multiple,,Career Page Available,,,2026-07-20,,,C,Search discovery link,Search link,75,Medium,Directory,https://www.google.com/search?q=%22Philips+Healthcare%22+careers+digital+health+IT+data+jobs,"Search digital health, enterprise systems, data, architecture and transformation roles."
company-01580,Employer Career Page,company,Pick n Pay,Retail,Retail,Healthcare & Consumer,Healthcare & Consumer,Healthcare & Life Sciences,Global / Regional,Multiple,,Career Page Available,,,2026-07-20,,,B,Recognized job platform,Platform,62,Medium,Directory,https://www.pnp.co.za/careers,"Search current technology, transformation, architecture, programme and data roles."
company-01952,Employer Career Page,company,Pick n Pay,Employer career search,Employer career search,Healthcare & Consumer,Healthcare & Consumer,Healthcare & Life Sciences,Global / Regional,Multiple,,Career Page Available,,,2026-07-20,,,B,Recognized job platform,Platform,62,Medium,Directory,https://www.linkedin.com/jobs/search/?keywords=Pick+n+Pay&sortBy=DD,"Search current technology, transformation, architecture, programme and data roles."
company-00733,Employer Career Page,company,Pierre Fabre,Global Pharmaceuticals,Global Pharmaceuticals,Pharmaceutical & Biotech,Pharmaceutical & Biotech,Healthcare & Life Sciences,Global,Multiple,,Career Page Available,,,2026-07-20,,,C,Search discovery link,Search link,75,Medium,Directory,https://www.pierre-fabre.com/en/careers,"Search digital health, enterprise systems, data, architecture and transformation roles."
company-01044,Employer Career Page,company,Pierre Fabre,Health-sector employer search,Health-sector employer search,Pharmaceutical & Biotech,Pharmaceutical & Biotech,Healthcare & Life Sciences,Global,Multiple,,Career Page Available,,,2026-07-20,,,C,Search discovery link,Search link,75,Medium,Directory,https://www.google.com/search?q=%22Pierre+Fabre%22+careers+digital+health+IT+data+jobs,"Search digital health, enterprise systems, data, architecture and transformation roles."
company-00928,Employer Career Page,company,PPD,"CRO, Clinical Research & Pharma Services","CRO, Clinical Research & Pharma Services","CRO, Clinical Research & Pharma Services","CRO, Clinical Research & Pharma Services",Healthcare & Life Sciences,Global,"Wilmington, USA",,Career Page Available,,,2026-07-20,,,B,Direct organization or specialist source,Direct,57,Low,Directory,https://jobs.thermofisher.com/global/en/ppd-careers,Clinical Systems | eClinical Platforms | Data Management | Enterprise Applications | Program Delivery
company-00936,Employer Career Page,company,Precision for Medicine,"CRO, Clinical Research & Pharma Services","CRO, Clinical Research & Pharma Services","CRO, Clinical Research & Pharma Services","CRO, Clinical Research & Pharma Services",Healthcare & Life Sciences,Global,"Bethesda, USA",,Career Page Available,,,2026-07-20,,,B,Direct organization or specialist source,Direct,57,Low,Directory,https://www.precisionformedicine.com/careers,Clinical Systems | eClinical Platforms | Data Management | Enterprise Applications | Program Delivery
company-00937,Employer Career Page,company,Premier Research,"CRO, Clinical Research & Pharma Services","CRO, Clinical Research & Pharma Services","CRO, Clinical Research & Pharma Services","CRO, Clinical Research & Pharma Services",Healthcare & Life Sciences,Global,"Morrisville, USA",,Career Page Available,,,2026-07-20,,,B,Direct organization or specialist source,Direct,57,Low,Directory,https://premier-research.com/careers/,Clinical Systems | eClinical Platforms | Data Management | Enterprise Applications | Program Delivery
company-01409,Employer Career Page,company,Procter & Gamble Egypt,FMCG,FMCG,Healthcare & Consumer,Healthcare & Consumer,Healthcare & Life Sciences,Global / Regional,Multiple,,Career Page Available,,,2026-07-20,,,B,Recognized job platform,Platform,62,Medium,Directory,https://www.pgcareers.com/,"Search current technology, transformation, architecture, programme and data roles."
company-01905,Employer Career Page,company,Procter & Gamble Egypt,Employer career search,Employer career search,Healthcare & Consumer,Healthcare & Consumer,Healthcare & Life Sciences,Global / Regional,Multiple,,Career Page Available,,,2026-07-20,,,B,Recognized job platform,Platform,62,Medium,Directory,https://www.linkedin.com/jobs/search/?keywords=Procter+%26+Gamble+Egypt&sortBy=DD,"Search current technology, transformation, architecture, programme and data roles."
company-00950,Employer Career Page,company,ProPharma Group,"CRO, Clinical Research & Pharma Services","CRO, Clinical Research & Pharma Services","CRO, Clinical Research & Pharma Services","CRO, Clinical Research & Pharma Services",Healthcare & Life Sciences,Global,"Overland Park, USA",,Career Page Available,,,2026-07-20,,,B,Direct organization or specialist source,Direct,57,Low,Directory,https://www.propharmagroup.com/careers/,Clinical Systems | eClinical Platforms | Data Management | Enterprise Applications | Program Delivery
company-00810,Employer Career Page,company,Prothena,Biotechnology & Specialty Pharma,Biotechnology & Specialty Pharma,Biotechnology & Specialty Pharma,Biotechnology & Specialty Pharma,Healthcare & Life Sciences,Global,"Dublin, Ireland",,Career Page Available,,,2026-07-20,,,B,Direct organization or specialist source,Direct,64,Medium,Directory,https://www.prothena.com/careers/,R&D Digital Platforms | Data Engineering | Cloud & Cybersecurity | Enterprise Applications | Technical Program Management
company-00935,Employer Career Page,company,PSI CRO,"CRO, Clinical Research & Pharma Services","CRO, Clinical Research & Pharma Services","CRO, Clinical Research & Pharma Services","CRO, Clinical Research & Pharma Services",Healthcare & Life Sciences,Global,"Zug, Switzerland",,Career Page Available,,,2026-07-20,,,B,Direct organization or specialist source,Direct,57,Low,Directory,https://psi-cro.com/careers/,Clinical Systems | eClinical Platforms | Data Management | Enterprise Applications | Program Delivery
company-01214,Employer Career Page,company,Qatar — Digital Health Companies Search,Live health employer discovery,Live health employer discovery,Live Medical Employer Search,Live Medical Employer Search,Healthcare & Life Sciences,GCC,Qatar,,Career Page Available,,,2026-07-20,,,C,Search discovery link,Search link,59,Low,Directory,https://www.google.com/search?q=Qatar+digital+health+companies,Live search across employers and healthcare technology opportunities.
company-01218,Employer Career Page,company,Qatar — Health Informatics Employers Search,Live health employer discovery,Live health employer discovery,Live Medical Employer Search,Live Medical Employer Search,Healthcare & Life Sciences,GCC,Qatar,,Career Page Available,,,2026-07-20,,,C,Search discovery link,Search link,55,Low,Directory,https://www.google.com/search?q=Qatar+health+informatics+employers,Live search across employers and healthcare technology opportunities.
company-00572,Employer Career Page,organization,Qatar — Health Technology Organisations Search,Live organisation discovery,Live organisation discovery,Live Organisation Search,Live Organisation Search,Healthcare & Life Sciences,GCC,Qatar,,Career Page Available,,,2026-07-20,,,C,Search discovery link,Search link,54,Low,Directory,https://www.google.com/search?q=Qatar+health+technology+organisations+careers+jobs,"Live search link, sorted toward current opportunities and organisations."
company-01976,Employer Career Page,company,Qatar — Healthcare Companies Hiring,Live employer discovery,Live employer discovery,Live Private Employer Search,Live Private Employer Search,Healthcare & Life Sciences,GCC,Qatar,,Career Page Available,,,2026-07-20,,,C,Search discovery link,Search link,54,Low,Directory,https://www.google.com/search?q=Qatar+healthcare+companies+hiring+2026,Live search for employers and current technology roles.
company-01215,Employer Career Page,company,Qatar — Hospital It Jobs Search,Live health employer discovery,Live health employer discovery,Live Medical Employer Search,Live Medical Employer Search,Healthcare & Life Sciences,GCC,Qatar,,Career Page Available,,,2026-07-20,,,C,Search discovery link,Search link,55,Low,Directory,https://www.google.com/search?q=Qatar+hospital+IT+jobs,Live search across employers and healthcare technology opportunities.
company-01217,Employer Career Page,company,Qatar — Medical Device Careers Search,Live health employer discovery,Live health employer discovery,Live Medical Employer Search,Live Medical Employer Search,Healthcare & Life Sciences,GCC,Qatar,,Career Page Available,,,2026-07-20,,,C,Search discovery link,Search link,55,Low,Directory,https://www.google.com/search?q=Qatar+medical+device+careers,Live search across employers and healthcare technology opportunities.
company-01216,Employer Career Page,company,Qatar — Pharmaceutical Technology Jobs Search,Live health employer discovery,Live health employer discovery,Live Medical Employer Search,Live Medical Employer Search,Healthcare & Life Sciences,GCC,Qatar,,Career Page Available,,,2026-07-20,,,C,Search discovery link,Search link,55,Low,Directory,https://www.google.com/search?q=Qatar+pharmaceutical+technology+jobs,Live search across employers and healthcare technology opportunities.
company-01501,Employer Career Page,company,Qatari Diar,Real Estate,Real Estate,"Real Estate, Construction & Hospitality","Real Estate, Construction & Hospitality",Healthcare & Life Sciences,GCC & Middle East,Qatar,,Career Page Available,,,2026-07-20,,,B,Direct organization or specialist source,Direct,52,Low,Directory,https://www.qataridiar.com/careers,
company-00887,Employer Career Page,company,QIAGEN,"Diagnostics, Laboratory & Life Science Tools","Diagnostics, Laboratory & Life Science Tools",MedTech & Diagnostics,MedTech & Diagnostics,Healthcare & Life Sciences,Global,Multiple,,Career Page Available,,,2026-07-20,,,C,Search discovery link,Search link,75,Medium,Directory,https://careers.qiagen.com/,"Search digital health, enterprise systems, data, architecture and transformation roles."
company-01094,Employer Career Page,company,QIAGEN,Health-sector employer search,Health-sector employer search,MedTech & Diagnostics,MedTech & Diagnostics,Healthcare & Life Sciences,Global,Multiple,,Career Page Available,,,2026-07-20,,,C,Search discovery link,Search link,75,Medium,Directory,https://www.google.com/search?q=%22QIAGEN%22+careers+digital+health+IT+data+jobs,"Search digital health, enterprise systems, data, architecture and transformation roles."
company-01443,Employer Career Page,company,Qiddiya,Entertainment & Development,Entertainment & Development,"Real Estate, Construction & Hospitality","Real Estate, Construction & Hospitality",Healthcare & Life Sciences,GCC & Middle East,Saudi Arabia,,Career Page Available,,,2026-07-20,,,B,Direct organization or specialist source,Direct,52,Low,Directory,https://qiddiya.com/careers/,
company-00954,Employer Career Page,company,Quanticate,"CRO, Clinical Research & Pharma Services","CRO, Clinical Research & Pharma Services","CRO, Clinical Research & Pharma Services","CRO, Clinical Research & Pharma Services",Healthcare & Life Sciences,Global,"Hitchin, UK",,Career Page Available,,,2026-07-20,,,B,Direct organization or specialist source,Direct,57,Low,Directory,https://www.quanticate.com/careers,Clinical Systems | eClinical Platforms | Data Management | Enterprise Applications | Program Delivery
company-00910,Employer Career Page,company,Quest Diagnostics,"Diagnostics, Laboratory & Life Science Tools","Diagnostics, Laboratory & Life Science Tools","Diagnostics, Laboratory & Life Science Tools","Diagnostics, Laboratory & Life Science Tools",Healthcare & Life Sciences,Global,"Secaucus, USA",,Career Page Available,,,2026-07-20,,,B,Direct organization or specialist source,Direct,59,Low,Directory,https://careers.questdiagnostics.com/,Laboratory Informatics | LIMS | Enterprise Systems | Data & AI | Cybersecurity
company-00896,Employer Career Page,company,QuidelOrtho,"Diagnostics, Laboratory & Life Science Tools","Diagnostics, Laboratory & Life Science Tools","Diagnostics, Laboratory & Life Science Tools","Diagnostics, Laboratory & Life Science Tools",Healthcare & Life Sciences,Global,"San Diego, USA",,Career Page Available,,,2026-07-20,,,B,Direct organization or specialist source,Direct,59,Low,Directory,https://careers.quidelortho.com/,Laboratory Informatics | LIMS | Enterprise Systems | Data & AI | Cybersecurity
company-00965,Employer Career Page,company,R1 RCM,Digital Health & Healthcare IT,Digital Health & Healthcare IT,Digital Health & Healthcare IT,Digital Health & Healthcare IT,Healthcare & Life Sciences,Global,"Murray, USA",,Career Page Available,,,2026-07-20,,,B,Direct organization or specialist source,Direct,71,Medium,Directory,https://careers.r1rcm.com/,Solutions Architecture | Health Interoperability | Cloud Platforms | Product Technology | Data Engineering
company-00904,Employer Career Page,company,Radiometer,"Diagnostics, Laboratory & Life Science Tools","Diagnostics, Laboratory & Life Science Tools","Diagnostics, Laboratory & Life Science Tools","Diagnostics, Laboratory & Life Science Tools",Healthcare & Life Sciences,Global,"Brønshøj, Denmark",,Career Page Available,,,2026-07-20,,,B,Direct organization or specialist source,Direct,59,Low,Directory,https://jobs.danaher.com/global/en/radiometer,Laboratory Informatics | LIMS | Enterprise Systems | Data & AI | Cybersecurity
company-00897,Employer Career Page,company,Randox Laboratories,"Diagnostics, Laboratory & Life Science Tools","Diagnostics, Laboratory & Life Science Tools","Diagnostics, Laboratory & Life Science Tools","Diagnostics, Laboratory & Life Science Tools",Healthcare & Life Sciences,Global,"Crumlin, UK",,Career Page Available,,,2026-07-20,,,B,Direct organization or specialist source,Direct,59,Low,Directory,https://www.randox.com/careers/,Laboratory Informatics | LIMS | Enterprise Systems | Data & AI | Cybersecurity
company-00736,Employer Career Page,company,Recordati,Global Pharmaceuticals,Global Pharmaceuticals,Pharmaceutical & Biotech,Pharmaceutical & Biotech,Healthcare & Life Sciences,Global,Multiple,,Career Page Available,,,2026-07-20,,,C,Search discovery link,Search link,75,Medium,Directory,https://www.recordati.com/careers/,"Search digital health, enterprise systems, data, architecture and transformation roles."
company-01045,Employer Career Page,company,Recordati,Health-sector employer search,Health-sector employer search,Pharmaceutical & Biotech,Pharmaceutical & Biotech,Healthcare & Life Sciences,Global,Multiple,,Career Page Available,,,2026-07-20,,,C,Search discovery link,Search link,75,Medium,Directory,https://www.google.com/search?q=%22Recordati%22+careers+digital+health+IT+data+jobs,"Search digital health, enterprise systems, data, architecture and transformation roles."
company-00803,Employer Career Page,company,Recursion,Biotechnology & Specialty Pharma,Biotechnology & Specialty Pharma,Biotechnology & Specialty Pharma,Biotechnology & Specialty Pharma,Healthcare & Life Sciences,Global,"Salt Lake City, USA",,Career Page Available,,,2026-07-20,,,B,Direct organization or specialist source,Direct,64,Medium,Directory,https://www.recursion.com/careers,R&D Digital Platforms | Data Engineering | Cloud & Cybersecurity | Enterprise Applications | Technical Program Management
company-01442,Employer Career Page,company,Red Sea Global,Tourism & Development,Tourism & Development,"Real Estate, Construction & Hospitality","Real Estate, Construction & Hospitality",Healthcare & Life Sciences,GCC & Middle East,Saudi Arabia,,Career Page Available,,,2026-07-20,,,B,Direct organization or specialist source,Direct,52,Low,Directory,https://www.redseaglobal.com/en/careers,"Search current technology, transformation, architecture, programme and data roles."
company-01815,Employer Career Page,company,Red Sea Global,Employer career search,Employer career search,"Real Estate, Construction & Hospitality","Real Estate, Construction & Hospitality",Healthcare & Life Sciences,GCC & Middle East,Saudi Arabia,,Career Page Available,,,2026-07-20,,,B,Direct organization or specialist source,Direct,52,Low,Directory,https://www.linkedin.com/jobs/search/?keywords=Red+Sea+Global&sortBy=DD,"Search current technology, transformation, architecture, programme and data roles."
company-01180,Employer Career Page,company,Reddington Hospital,Health-sector employer search,Health-sector employer search,Hospitals & Providers,Hospitals & Providers,Healthcare & Life Sciences,Global,Multiple,,Career Page Available,,,2026-07-20,,,C,Search discovery link,Search link,75,Medium,Directory,https://www.google.com/search?q=%22Reddington+Hospital%22+careers+digital+health+IT+data+jobs,"Search digital health, enterprise systems, data, architecture and transformation roles."
company-01014,Employer Career Page,company,Regeneron,Health-sector employer search,Health-sector employer search,Pharmaceutical & Biotech,Pharmaceutical & Biotech,Healthcare & Life Sciences,Global,Multiple,,Career Page Available,,,2026-07-20,,,C,Search discovery link,Search link,75,Medium,Directory,https://www.google.com/search?q=%22Regeneron%22+careers+digital+health+IT+data+jobs,"Search digital health, enterprise systems, data, architecture and transformation roles."
company-00776,Employer Career Page,company,Regeneron Pharmaceuticals,Biotechnology & Specialty Pharma,Biotechnology & Specialty Pharma,Biotechnology & Specialty Pharma,Biotechnology & Specialty Pharma,Healthcare & Life Sciences,Global,"Tarrytown, USA",,Career Page Available,,,2026-07-20,,,B,Direct organization or specialist source,Direct,64,Medium,Directory,https://careers.regeneron.com/,R&D Digital Platforms | Data Engineering | Cloud & Cybersecurity | Enterprise Applications | Technical Program Management
company-00836,Employer Career Page,company,ResMed,Medical Devices & Equipment,Medical Devices & Equipment,MedTech & Diagnostics,MedTech & Diagnostics,Healthcare & Life Sciences,Global,Multiple,,Career Page Available,,,2026-07-20,,,C,Search discovery link,Search link,75,Medium,Directory,https://careers.resmed.com/,"Search digital health, enterprise systems, data, architecture and transformation roles."
company-01105,Employer Career Page,company,ResMed,Health-sector employer search,Health-sector employer search,MedTech & Diagnostics,MedTech & Diagnostics,Healthcare & Life Sciences,Global,Multiple,,Career Page Available,,,2026-07-20,,,C,Search discovery link,Search link,75,Medium,Directory,https://www.google.com/search?q=%22ResMed%22+careers+digital+health+IT+data+jobs,"Search digital health, enterprise systems, data, architecture and transformation roles."
company-00122,Employer Career Page,organization,Resolve to Save Lives,Global Health & Healthcare,Global Health & Healthcare,Global Health & Healthcare,Global Health & Healthcare,Healthcare & Life Sciences,Global,"New York, USA",,Career Page Available,,,2026-07-20,,,B,Direct organization or specialist source,Direct,64,Medium,Directory,https://resolvetosavelives.org/about/careers,Health Information Systems | Digital Health | Interoperability | Enterprise Systems | Data Platforms
company-00817,Employer Career Page,company,Revolution Medicines,Biotechnology & Specialty Pharma,Biotechnology & Specialty Pharma,Biotechnology & Specialty Pharma,Biotechnology & Specialty Pharma,Healthcare & Life Sciences,Global,"Redwood City, USA",,Career Page Available,,,2026-07-20,,,B,Direct organization or specialist source,Direct,64,Medium,Directory,https://www.revmed.com/careers/,R&D Digital Platforms | Data Engineering | Cloud & Cybersecurity | Enterprise Applications | Technical Program Management
company-00889,Employer Career Page,company,Revvity,"Diagnostics, Laboratory & Life Science Tools","Diagnostics, Laboratory & Life Science Tools","Diagnostics, Laboratory & Life Science Tools","Diagnostics, Laboratory & Life Science Tools",Healthcare & Life Sciences,Global,"Waltham, USA",,Career Page Available,,,2026-07-20,,,B,Direct organization or specialist source,Direct,59,Low,Directory,https://jobs.revvity.com/,Laboratory Informatics | LIMS | Enterprise Systems | Data & AI | Cybersecurity
company-00882,Employer Career Page,company,Roche Diagnostics,"Diagnostics, Laboratory & Life Science Tools","Diagnostics, Laboratory & Life Science Tools",MedTech & Diagnostics,MedTech & Diagnostics,Healthcare & Life Sciences,Global,Multiple,,Career Page Available,,,2026-07-20,,,C,Search discovery link,Search link,75,Medium,Directory,https://careers.roche.com/,"Search digital health, enterprise systems, data, architecture and transformation roles."
company-01097,Employer Career Page,company,Roche Diagnostics,Health-sector employer search,Health-sector employer search,MedTech & Diagnostics,MedTech & Diagnostics,Healthcare & Life Sciences,Global,Multiple,,Career Page Available,,,2026-07-20,,,C,Search discovery link,Search link,75,Medium,Directory,https://www.google.com/search?q=%22Roche+Diagnostics%22+careers+digital+health+IT+data+jobs,"Search digital health, enterprise systems, data, architecture and transformation roles."
company-01445,Employer Career Page,company,ROSHN Group,Real Estate,Real Estate,"Real Estate, Construction & Hospitality","Real Estate, Construction & Hospitality",Healthcare & Life Sciences,GCC & Middle East,Saudi Arabia,,Career Page Available,,,2026-07-20,,,B,Direct organization or specialist source,Direct,52,Low,Directory,https://www.roshn.sa/careers,
company-01947,Employer Career Page,company,Rotana Hotels,Employer career search,Employer career search,Healthcare & Consumer,Healthcare & Consumer,Healthcare & Life Sciences,Global / Regional,Multiple,,Career Page Available,,,2026-07-20,,,B,Recognized job platform,Platform,62,Medium,Directory,https://www.linkedin.com/jobs/search/?keywords=Rotana+Hotels&sortBy=DD,"Search current technology, transformation, architecture, programme and data roles."
company-01191,Employer Career Page,company,Royal Care International Hospital,Health-sector employer search,Health-sector employer search,Hospitals & Providers,Hospitals & Providers,Healthcare & Life Sciences,Global,Multiple,,Career Page Available,,,2026-07-20,,,C,Search discovery link,Search link,50,Low,Directory,https://www.google.com/search?q=%22Royal+Care+International+Hospital%22+careers+digital+health+IT+data+jobs,"Search digital health, enterprise systems, data, architecture and transformation roles."
company-01279,Employer Career Page,company,Rwanda — Digital Health Companies Search,Live health employer discovery,Live health employer discovery,Live Medical Employer Search,Live Medical Employer Search,Healthcare & Life Sciences,Africa,Rwanda,,Career Page Available,,,2026-07-20,,,C,Search discovery link,Search link,57,Low,Directory,https://www.google.com/search?q=Rwanda+digital+health+companies,Live search across employers and healthcare technology opportunities.
company-01283,Employer Career Page,company,Rwanda — Health Informatics Employers Search,Live health employer discovery,Live health employer discovery,Live Medical Employer Search,Live Medical Employer Search,Healthcare & Life Sciences,Africa,Rwanda,,Career Page Available,,,2026-07-20,,,C,Search discovery link,Search link,53,Low,Directory,https://www.google.com/search?q=Rwanda+health+informatics+employers,Live search across employers and healthcare technology opportunities.
company-00637,Employer Career Page,organization,Rwanda — Health Technology Organisations Search,Live organisation discovery,Live organisation discovery,Live Organisation Search,Live Organisation Search,Healthcare & Life Sciences,Africa,Rwanda,,Career Page Available,,,2026-07-20,,,C,Search discovery link,Search link,52,Low,Directory,https://www.google.com/search?q=Rwanda+health+technology+organisations+careers+jobs,"Live search link, sorted toward current opportunities and organisations."
company-02041,Employer Career Page,company,Rwanda — Healthcare Companies Hiring,Live employer discovery,Live employer discovery,Live Private Employer Search,Live Private Employer Search,Healthcare & Life Sciences,Africa,Rwanda,,Career Page Available,,,2026-07-20,,,C,Search discovery link,Search link,52,Low,Directory,https://www.google.com/search?q=Rwanda+healthcare+companies+hiring+2026,Live search for employers and current technology roles.
company-01280,Employer Career Page,company,Rwanda — Hospital It Jobs Search,Live health employer discovery,Live health employer discovery,Live Medical Employer Search,Live Medical Employer Search,Healthcare & Life Sciences,Africa,Rwanda,,Career Page Available,,,2026-07-20,,,C,Search discovery link,Search link,53,Low,Directory,https://www.google.com/search?q=Rwanda+hospital+IT+jobs,Live search across employers and healthcare technology opportunities.
company-01282,Employer Career Page,company,Rwanda — Medical Device Careers Search,Live health employer discovery,Live health employer discovery,Live Medical Employer Search,Live Medical Employer Search,Healthcare & Life Sciences,Africa,Rwanda,,Career Page Available,,,2026-07-20,,,C,Search discovery link,Search link,53,Low,Directory,https://www.google.com/search?q=Rwanda+medical+device+careers,Live search across employers and healthcare technology opportunities.
company-01281,Employer Career Page,company,Rwanda — Pharmaceutical Technology Jobs Search,Live health employer discovery,Live health employer discovery,Live Medical Employer Search,Live Medical Employer Search,Healthcare & Life Sciences,Africa,Rwanda,,Career Page Available,,,2026-07-20,,,C,Search discovery link,Search link,53,Low,Directory,https://www.google.com/search?q=Rwanda+pharmaceutical+technology+jobs,Live search across employers and healthcare technology opportunities.
company-01067,Employer Career Page,company,SAJA Pharmaceuticals,Health-sector employer search,Health-sector employer search,Pharmaceutical & Biotech,Pharmaceutical & Biotech,Healthcare & Life Sciences,Global,Multiple,,Career Page Available,,,2026-07-20,,,C,Search discovery link,Search link,75,Medium,Directory,https://www.google.com/search?q=%22SAJA+Pharmaceuticals%22+careers+digital+health+IT+data+jobs,"Search digital health, enterprise systems, data, architecture and transformation roles."
company-00857,Employer Career Page,company,Samsung Medison,Medical Devices & Equipment,Medical Devices & Equipment,Medical Devices & Equipment,Medical Devices & Equipment,Healthcare & Life Sciences,Asia / APAC,"Seoul, South Korea",,Career Page Available,,,2026-07-20,,,B,Direct organization or specialist source,Direct,62,Medium,Directory,https://www.samsungmedison.com/careers,Digital Health Platforms | Systems Integration | Enterprise Applications | Service Technology | Data Platforms
company-00821,Employer Career Page,company,Sana Biotechnology,Biotechnology & Specialty Pharma,Biotechnology & Specialty Pharma,Biotechnology & Specialty Pharma,Biotechnology & Specialty Pharma,Healthcare & Life Sciences,Global,"Seattle, USA",,Career Page Available,,,2026-07-20,,,B,Direct organization or specialist source,Direct,64,Medium,Directory,https://sana.com/careers/,R&D Digital Platforms | Data Engineering | Cloud & Cybersecurity | Enterprise Applications | Technical Program Management
company-00786,Employer Career Page,company,Sarepta Therapeutics,Biotechnology & Specialty Pharma,Biotechnology & Specialty Pharma,Biotechnology & Specialty Pharma,Biotechnology & Specialty Pharma,Healthcare & Life Sciences,Global,"Cambridge, USA",,Career Page Available,,,2026-07-20,,,B,Direct organization or specialist source,Direct,64,Medium,Directory,https://www.sarepta.com/careers,R&D Digital Platforms | Data Engineering | Cloud & Cybersecurity | Enterprise Applications | Technical Program Management
company-00919,Employer Career Page,company,Sartorius,"Diagnostics, Laboratory & Life Science Tools","Diagnostics, Laboratory & Life Science Tools","Diagnostics, Laboratory & Life Science Tools","Diagnostics, Laboratory & Life Science Tools",Healthcare & Life Sciences,Global,"Göttingen, Germany",,Career Page Available,,,2026-07-20,,,B,Direct organization or specialist source,Direct,59,Low,Directory,https://www.sartorius.com/en/company/careers,Laboratory Informatics | LIMS | Enterprise Systems | Data & AI | Cybersecurity
company-01204,Employer Career Page,company,Saudi Arabia — Digital Health Companies Search,Live health employer discovery,Live health employer discovery,Live Medical Employer Search,Live Medical Employer Search,Healthcare & Life Sciences,GCC,Saudi Arabia,,Career Page Available,,,2026-07-20,,,C,Search discovery link,Search link,59,Low,Directory,https://www.google.com/search?q=Saudi+Arabia+digital+health+companies,Live search across employers and healthcare technology opportunities.
company-01208,Employer Career Page,company,Saudi Arabia — Health Informatics Employers Search,Live health employer discovery,Live health employer discovery,Live Medical Employer Search,Live Medical Employer Search,Healthcare & Life Sciences,GCC,Saudi Arabia,,Career Page Available,,,2026-07-20,,,C,Search discovery link,Search link,55,Low,Directory,https://www.google.com/search?q=Saudi+Arabia+health+informatics+employers,Live search across employers and healthcare technology opportunities.
company-00562,Employer Career Page,organization,Saudi Arabia — Health Technology Organisations Search,Live organisation discovery,Live organisation discovery,Live Organisation Search,Live Organisation Search,Healthcare & Life Sciences,GCC,Saudi Arabia,,Career Page Available,,,2026-07-20,,,C,Search discovery link,Search link,54,Low,Directory,https://www.google.com/search?q=Saudi+Arabia+health+technology+organisations+careers+jobs,"Live search link, sorted toward current opportunities and organisations."
company-01966,Employer Career Page,company,Saudi Arabia — Healthcare Companies Hiring,Live employer discovery,Live employer discovery,Live Private Employer Search,Live Private Employer Search,Healthcare & Life Sciences,GCC,Saudi Arabia,,Career Page Available,,,2026-07-20,,,C,Search discovery link,Search link,54,Low,Directory,https://www.google.com/search?q=Saudi+Arabia+healthcare+companies+hiring+2026,Live search for employers and current technology roles.
company-01205,Employer Career Page,company,Saudi Arabia — Hospital It Jobs Search,Live health employer discovery,Live health employer discovery,Live Medical Employer Search,Live Medical Employer Search,Healthcare & Life Sciences,GCC,Saudi Arabia,,Career Page Available,,,2026-07-20,,,C,Search discovery link,Search link,55,Low,Directory,https://www.google.com/search?q=Saudi+Arabia+hospital+IT+jobs,Live search across employers and healthcare technology opportunities.
company-01207,Employer Career Page,company,Saudi Arabia — Medical Device Careers Search,Live health employer discovery,Live health employer discovery,Live Medical Employer Search,Live Medical Employer Search,Healthcare & Life Sciences,GCC,Saudi Arabia,,Career Page Available,,,2026-07-20,,,C,Search discovery link,Search link,55,Low,Directory,https://www.google.com/search?q=Saudi+Arabia+medical+device+careers,Live search across employers and healthcare technology opportunities.
company-01206,Employer Career Page,company,Saudi Arabia — Pharmaceutical Technology Jobs Search,Live health employer discovery,Live health employer discovery,Live Medical Employer Search,Live Medical Employer Search,Healthcare & Life Sciences,GCC,Saudi Arabia,,Career Page Available,,,2026-07-20,,,C,Search discovery link,Search link,55,Low,Directory,https://www.google.com/search?q=Saudi+Arabia+pharmaceutical+technology+jobs,Live search across employers and healthcare technology opportunities.
company-00804,Employer Career Page,company,Schrödinger,Biotechnology & Specialty Pharma,Biotechnology & Specialty Pharma,Biotechnology & Specialty Pharma,Biotechnology & Specialty Pharma,Healthcare & Life Sciences,Global,"New York, USA",,Career Page Available,,,2026-07-20,,,B,Direct organization or specialist source,Direct,64,Medium,Directory,https://www.schrodinger.com/careers/,R&D Digital Platforms | Data Engineering | Cloud & Cybersecurity | Enterprise Applications | Technical Program Management
company-00945,Employer Career Page,company,Science 37,"CRO, Clinical Research & Pharma Services","CRO, Clinical Research & Pharma Services","CRO, Clinical Research & Pharma Services","CRO, Clinical Research & Pharma Services",Healthcare & Life Sciences,Global,"Research Triangle Park, USA",,Career Page Available,,,2026-07-20,,,B,Direct organization or specialist source,Direct,57,Low,Directory,https://www.science37.com/careers,Clinical Systems | eClinical Platforms | Data Management | Enterprise Applications | Program Delivery
company-00900,Employer Career Page,company,SD Biosensor,"Diagnostics, Laboratory & Life Science Tools","Diagnostics, Laboratory & Life Science Tools","Diagnostics, Laboratory & Life Science Tools","Diagnostics, Laboratory & Life Science Tools",Healthcare & Life Sciences,Global,"Suwon, South Korea",,Career Page Available,,,2026-07-20,,,B,Direct organization or specialist source,Direct,59,Low,Directory,https://www.sdbiosensor.com/,Laboratory Informatics | LIMS | Enterprise Systems | Data & AI | Cybersecurity
company-01130,Employer Career Page,company,Sectra,Health-sector employer search,Health-sector employer search,MedTech & Diagnostics,MedTech & Diagnostics,Healthcare & Life Sciences,Global,Multiple,,Career Page Available,,,2026-07-20,,,C,Search discovery link,Search link,75,Medium,Directory,https://www.google.com/search?q=%22Sectra%22+careers+digital+health+IT+data+jobs,"Search digital health, enterprise systems, data, architecture and transformation roles."
company-01059,Employer Career Page,company,SEDICO,Health-sector employer search,Health-sector employer search,Pharmaceutical & Biotech,Pharmaceutical & Biotech,Healthcare & Life Sciences,Global,Multiple,,Career Page Available,,,2026-07-20,,,C,Search discovery link,Search link,75,Medium,Directory,https://www.google.com/search?q=%22SEDICO%22+careers+digital+health+IT+data+jobs,"Search digital health, enterprise systems, data, architecture and transformation roles."
company-00985,Employer Career Page,company,SEDICO Pharmaceutical,"Egypt, Middle East & Africa","Egypt, Middle East & Africa","Egypt, Middle East & Africa","Egypt, Middle East & Africa",Healthcare & Life Sciences,Africa,"6th of October City, Egypt",,Career Page Available,,,2026-07-20,,,B,Direct organization or specialist source,Direct,69,Medium,Directory,https://www.sedico.net/,IT Leadership | ERP | Digital Transformation | Business Intelligence | Systems Integration
company-00899,Employer Career Page,company,Seegene,"Diagnostics, Laboratory & Life Science Tools","Diagnostics, Laboratory & Life Science Tools","Diagnostics, Laboratory & Life Science Tools","Diagnostics, Laboratory & Life Science Tools",Healthcare & Life Sciences,Global,"Seoul, South Korea",,Career Page Available,,,2026-07-20,,,B,Direct organization or specialist source,Direct,59,Low,Directory,https://www.seegene.com/career,Laboratory Informatics | LIMS | Enterprise Systems | Data & AI | Cybersecurity
company-01162,Employer Career Page,company,SEHA,Health-sector employer search,Health-sector employer search,Hospitals & Providers,Hospitals & Providers,Healthcare & Life Sciences,Global,Multiple,,Career Page Available,,,2026-07-20,,,C,Search discovery link,Search link,75,Medium,Directory,https://www.google.com/search?q=%22SEHA%22+careers+digital+health+IT+data+jobs,"Search digital health, enterprise systems, data, architecture and transformation roles."
company-01299,Employer Career Page,company,Senegal — Digital Health Companies Search,Live health employer discovery,Live health employer discovery,Live Medical Employer Search,Live Medical Employer Search,Healthcare & Life Sciences,Africa,Senegal,,Career Page Available,,,2026-07-20,,,C,Search discovery link,Search link,57,Low,Directory,https://www.google.com/search?q=Senegal+digital+health+companies,Live search across employers and healthcare technology opportunities.
company-01303,Employer Career Page,company,Senegal — Health Informatics Employers Search,Live health employer discovery,Live health employer discovery,Live Medical Employer Search,Live Medical Employer Search,Healthcare & Life Sciences,Africa,Senegal,,Career Page Available,,,2026-07-20,,,C,Search discovery link,Search link,53,Low,Directory,https://www.google.com/search?q=Senegal+health+informatics+employers,Live search across employers and healthcare technology opportunities.
company-00657,Employer Career Page,organization,Senegal — Health Technology Organisations Search,Live organisation discovery,Live organisation discovery,Live Organisation Search,Live Organisation Search,Healthcare & Life Sciences,Africa,Senegal,,Career Page Available,,,2026-07-20,,,C,Search discovery link,Search link,52,Low,Directory,https://www.google.com/search?q=Senegal+health+technology+organisations+careers+jobs,"Live search link, sorted toward current opportunities and organisations."
company-02061,Employer Career Page,company,Senegal — Healthcare Companies Hiring,Live employer discovery,Live employer discovery,Live Private Employer Search,Live Private Employer Search,Healthcare & Life Sciences,Africa,Senegal,,Career Page Available,,,2026-07-20,,,C,Search discovery link,Search link,52,Low,Directory,https://www.google.com/search?q=Senegal+healthcare+companies+hiring+2026,Live search for employers and current technology roles.
company-01300,Employer Career Page,company,Senegal — Hospital It Jobs Search,Live health employer discovery,Live health employer discovery,Live Medical Employer Search,Live Medical Employer Search,Healthcare & Life Sciences,Africa,Senegal,,Career Page Available,,,2026-07-20,,,C,Search discovery link,Search link,53,Low,Directory,https://www.google.com/search?q=Senegal+hospital+IT+jobs,Live search across employers and healthcare technology opportunities.
company-01302,Employer Career Page,company,Senegal — Medical Device Careers Search,Live health employer discovery,Live health employer discovery,Live Medical Employer Search,Live Medical Employer Search,Healthcare & Life Sciences,Africa,Senegal,,Career Page Available,,,2026-07-20,,,C,Search discovery link,Search link,53,Low,Directory,https://www.google.com/search?q=Senegal+medical+device+careers,Live search across employers and healthcare technology opportunities.
company-01301,Employer Career Page,company,Senegal — Pharmaceutical Technology Jobs Search,Live health employer discovery,Live health employer discovery,Live Medical Employer Search,Live Medical Employer Search,Healthcare & Life Sciences,Africa,Senegal,,Career Page Available,,,2026-07-20,,,C,Search discovery link,Search link,53,Low,Directory,https://www.google.com/search?q=Senegal+pharmaceutical+technology+jobs,Live search across employers and healthcare technology opportunities.
company-01579,Employer Career Page,company,Shoprite Holdings,Retail,Retail,Healthcare & Consumer,Healthcare & Consumer,Healthcare & Life Sciences,Global / Regional,Multiple,,Career Page Available,,,2026-07-20,,,B,Recognized job platform,Platform,62,Medium,Directory,https://shopriteholdings.co.za/careers.html,"Search current technology, transformation, architecture, programme and data roles."
company-01951,Employer Career Page,company,Shoprite Holdings,Employer career search,Employer career search,Healthcare & Consumer,Healthcare & Consumer,Healthcare & Life Sciences,Global / Regional,Multiple,,Career Page Available,,,2026-07-20,,,B,Recognized job platform,Platform,62,Medium,Directory,https://www.linkedin.com/jobs/search/?keywords=Shoprite+Holdings&sortBy=DD,"Search current technology, transformation, architecture, programme and data roles."
company-00943,Employer Career Page,company,Signant Health,"CRO, Clinical Research & Pharma Services","CRO, Clinical Research & Pharma Services","CRO, Clinical Research & Pharma Services","CRO, Clinical Research & Pharma Services",Healthcare & Life Sciences,Global,"Blue Bell, USA",,Career Page Available,,,2026-07-20,,,B,Direct organization or specialist source,Direct,59,Low,Directory,https://www.signanthealth.com/careers/,Clinical Systems | eClinical Platforms | Data Management | Enterprise Applications | Program Delivery
company-00833,Employer Career Page,company,Smith+Nephew,Medical Devices & Equipment,Medical Devices & Equipment,MedTech & Diagnostics,MedTech & Diagnostics,Healthcare & Life Sciences,Global,Multiple,,Career Page Available,,,2026-07-20,,,C,Search discovery link,Search link,75,Medium,Directory,https://careers.smith-nephew.com/,"Search digital health, enterprise systems, data, architecture and transformation roles."
company-01119,Employer Career Page,company,Smith+Nephew,Health-sector employer search,Health-sector employer search,MedTech & Diagnostics,MedTech & Diagnostics,Healthcare & Life Sciences,Global,Multiple,,Career Page Available,,,2026-07-20,,,C,Search discovery link,Search link,75,Medium,Directory,https://www.google.com/search?q=%22Smith%2BNephew%22+careers+digital+health+IT+data+jobs,"Search digital health, enterprise systems, data, architecture and transformation roles."
company-01397,Employer Career Page,company,SODIC,Real Estate,Real Estate,Healthcare & Consumer,Healthcare & Consumer,Healthcare & Life Sciences,Global / Regional,Multiple,,Career Page Available,,,2026-07-20,,,B,Recognized job platform,Platform,62,Medium,Directory,https://www.sodic.com/,"Search current technology, transformation, architecture, programme and data roles."
company-01938,Employer Career Page,company,SODIC,Employer career search,Employer career search,Healthcare & Consumer,Healthcare & Consumer,Healthcare & Life Sciences,Global / Regional,Multiple,,Career Page Available,,,2026-07-20,,,B,Recognized job platform,Platform,62,Medium,Directory,https://www.linkedin.com/jobs/search/?keywords=SODIC&sortBy=DD,"Search current technology, transformation, architecture, programme and data roles."
company-00908,Employer Career Page,company,Sonic Healthcare,"Diagnostics, Laboratory & Life Science Tools","Diagnostics, Laboratory & Life Science Tools","Diagnostics, Laboratory & Life Science Tools","Diagnostics, Laboratory & Life Science Tools",Healthcare & Life Sciences,Global,"Sydney, Australia",,Career Page Available,,,2026-07-20,,,B,Direct organization or specialist source,Direct,60,Medium,Directory,https://www.sonichealthcare.com/careers/,Laboratory Informatics | LIMS | Enterprise Systems | Data & AI | Cybersecurity
company-00859,Employer Career Page,company,Sonova,Medical Devices & Equipment,Medical Devices & Equipment,Medical Devices & Equipment,Medical Devices & Equipment,Healthcare & Life Sciences,Global,"Stäfa, Switzerland",,Career Page Available,,,2026-07-20,,,B,Direct organization or specialist source,Direct,66,Medium,Directory,https://www.sonova.com/en/careers,Digital Health Platforms | Systems Integration | Enterprise Applications | Service Technology | Data Platforms
company-01274,Employer Career Page,company,South Africa — Digital Health Companies Search,Live health employer discovery,Live health employer discovery,Live Medical Employer Search,Live Medical Employer Search,Healthcare & Life Sciences,Africa,South Africa,,Career Page Available,,,2026-07-20,,,C,Search discovery link,Search link,57,Low,Directory,https://www.google.com/search?q=South+Africa+digital+health+companies,Live search across employers and healthcare technology opportunities.
company-01278,Employer Career Page,company,South Africa — Health Informatics Employers Search,Live health employer discovery,Live health employer discovery,Live Medical Employer Search,Live Medical Employer Search,Healthcare & Life Sciences,Africa,South Africa,,Career Page Available,,,2026-07-20,,,C,Search discovery link,Search link,53,Low,Directory,https://www.google.com/search?q=South+Africa+health+informatics+employers,Live search across employers and healthcare technology opportunities.
company-00632,Employer Career Page,organization,South Africa — Health Technology Organisations Search,Live organisation discovery,Live organisation discovery,Live Organisation Search,Live Organisation Search,Healthcare & Life Sciences,Africa,South Africa,,Career Page Available,,,2026-07-20,,,C,Search discovery link,Search link,52,Low,Directory,https://www.google.com/search?q=South+Africa+health+technology+organisations+careers+jobs,"Live search link, sorted toward current opportunities and organisations."
company-02036,Employer Career Page,company,South Africa — Healthcare Companies Hiring,Live employer discovery,Live employer discovery,Live Private Employer Search,Live Private Employer Search,Healthcare & Life Sciences,Africa,South Africa,,Career Page Available,,,2026-07-20,,,C,Search discovery link,Search link,52,Low,Directory,https://www.google.com/search?q=South+Africa+healthcare+companies+hiring+2026,Live search for employers and current technology roles.
company-01275,Employer Career Page,company,South Africa — Hospital It Jobs Search,Live health employer discovery,Live health employer discovery,Live Medical Employer Search,Live Medical Employer Search,Healthcare & Life Sciences,Africa,South Africa,,Career Page Available,,,2026-07-20,,,C,Search discovery link,Search link,53,Low,Directory,https://www.google.com/search?q=South+Africa+hospital+IT+jobs,Live search across employers and healthcare technology opportunities.
company-01277,Employer Career Page,company,South Africa — Medical Device Careers Search,Live health employer discovery,Live health employer discovery,Live Medical Employer Search,Live Medical Employer Search,Healthcare & Life Sciences,Africa,South Africa,,Career Page Available,,,2026-07-20,,,C,Search discovery link,Search link,53,Low,Directory,https://www.google.com/search?q=South+Africa+medical+device+careers,Live search across employers and healthcare technology opportunities.
company-01276,Employer Career Page,company,South Africa — Pharmaceutical Technology Jobs Search,Live health employer discovery,Live health employer discovery,Live Medical Employer Search,Live Medical Employer Search,Healthcare & Life Sciences,Africa,South Africa,,Career Page Available,,,2026-07-20,,,C,Search discovery link,Search link,53,Low,Directory,https://www.google.com/search?q=South+Africa+pharmaceutical+technology+jobs,Live search across employers and healthcare technology opportunities.
company-01927,Employer Career Page,company,Spinneys,Employer career search,Employer career search,Healthcare & Consumer,Healthcare & Consumer,Healthcare & Life Sciences,Global / Regional,Multiple,,Career Page Available,,,2026-07-20,,,B,Recognized job platform,Platform,62,Medium,Directory,https://www.linkedin.com/jobs/search/?keywords=Spinneys&sortBy=DD,"Search current technology, transformation, architecture, programme and data roles."
company-00750,Employer Career Page,company,STADA,Global Pharmaceuticals,Global Pharmaceuticals,Global Pharmaceuticals,Global Pharmaceuticals,Healthcare & Life Sciences,Global,"Bad Vilbel, Germany",,Career Page Available,,,2026-07-20,,,B,Direct organization or specialist source,Direct,75,Medium,Directory,https://jobs.stada.com/,Enterprise Architecture | Digital Transformation | ERP & Manufacturing Systems | Data & Analytics | IT Governance
company-00845,Employer Career Page,company,Straumann Group,Medical Devices & Equipment,Medical Devices & Equipment,MedTech & Diagnostics,MedTech & Diagnostics,Healthcare & Life Sciences,Global,Multiple,,Career Page Available,,,2026-07-20,,,C,Search discovery link,Search link,75,Medium,Directory,https://careers.straumann.com/,"Search digital health, enterprise systems, data, architecture and transformation roles."
company-01115,Employer Career Page,company,Straumann Group,Health-sector employer search,Health-sector employer search,MedTech & Diagnostics,MedTech & Diagnostics,Healthcare & Life Sciences,Global,Multiple,,Career Page Available,,,2026-07-20,,,C,Search discovery link,Search link,75,Medium,Directory,https://www.google.com/search?q=%22Straumann+Group%22+careers+digital+health+IT+data+jobs,"Search digital health, enterprise systems, data, architecture and transformation roles."
company-01948,Employer Career Page,company,Sun International,Employer career search,Employer career search,Healthcare & Consumer,Healthcare & Consumer,Healthcare & Life Sciences,Global / Regional,Multiple,,Career Page Available,,,2026-07-20,,,B,Recognized job platform,Platform,37,Low,Directory,https://www.linkedin.com/jobs/search/?keywords=Sun+International&sortBy=DD,"Search current technology, transformation, architecture, programme and data roles."
company-01073,Employer Career Page,company,Sun Pharma,Health-sector employer search,Health-sector employer search,Pharmaceutical & Biotech,Pharmaceutical & Biotech,Healthcare & Life Sciences,Global,Multiple,,Career Page Available,,,2026-07-20,,,C,Search discovery link,Search link,75,Medium,Directory,https://www.google.com/search?q=%22Sun+Pharma%22+careers+digital+health+IT+data+jobs,"Search digital health, enterprise systems, data, architecture and transformation roles."
company-00738,Employer Career Page,company,Sun Pharmaceutical Industries,Global Pharmaceuticals,Global Pharmaceuticals,Global Pharmaceuticals,Global Pharmaceuticals,Healthcare & Life Sciences,Global,"Mumbai, India",,Career Page Available,,,2026-07-20,,,B,Direct organization or specialist source,Direct,75,Medium,Directory,https://sunpharma.com/careers/,Enterprise Architecture | Digital Transformation | ERP & Manufacturing Systems | Data & Analytics | IT Governance
company-00976,Employer Career Page,company,Sword Health,Digital Health & Healthcare IT,Digital Health & Healthcare IT,Digital Health & Healthcare IT,Digital Health & Healthcare IT,Healthcare & Life Sciences,Global,"New York, USA",,Career Page Available,,,2026-07-20,,,B,Direct organization or specialist source,Direct,71,Medium,Directory,https://swordhealth.com/careers,Solutions Architecture | Health Interoperability | Cloud Platforms | Product Technology | Data Engineering
company-00893,Employer Career Page,company,Sysmex,"Diagnostics, Laboratory & Life Science Tools","Diagnostics, Laboratory & Life Science Tools",MedTech & Diagnostics,MedTech & Diagnostics,Healthcare & Life Sciences,Global,Multiple,,Career Page Available,,,2026-07-20,,,C,Search discovery link,Search link,75,Medium,Directory,https://www.sysmex.co.jp/en/corporate/recruit/,"Search digital health, enterprise systems, data, architecture and transformation roles."
company-01096,Employer Career Page,company,Sysmex,Health-sector employer search,Health-sector employer search,MedTech & Diagnostics,MedTech & Diagnostics,Healthcare & Life Sciences,Global,Multiple,,Career Page Available,,,2026-07-20,,,C,Search discovery link,Search link,75,Medium,Directory,https://www.google.com/search?q=%22Sysmex%22+careers+digital+health+IT+data+jobs,"Search digital health, enterprise systems, data, architecture and transformation roles."
company-00715,Employer Career Page,company,Takeda Pharmaceutical,Global Pharmaceuticals,Global Pharmaceuticals,Global Pharmaceuticals,Global Pharmaceuticals,Healthcare & Life Sciences,Global,"Tokyo, Japan",,Career Page Available,,,2026-07-20,,,B,Direct organization or specialist source,Direct,75,Medium,Directory,https://jobs.takeda.com/,Enterprise Architecture | Digital Transformation | ERP & Manufacturing Systems | Data & Analytics | IT Governance
company-01395,Employer Career Page,company,Talaat Moustafa Group,Real Estate,Real Estate,Healthcare & Consumer,Healthcare & Consumer,Healthcare & Life Sciences,Global / Regional,Multiple,,Career Page Available,,,2026-07-20,,,B,Recognized job platform,Platform,62,Medium,Directory,https://talaatmoustafa.com/,"Search current technology, transformation, architecture, programme and data roles."
company-01939,Employer Career Page,company,Talaat Moustafa Group,Employer career search,Employer career search,Healthcare & Consumer,Healthcare & Consumer,Healthcare & Life Sciences,Global / Regional,Multiple,,Career Page Available,,,2026-07-20,,,B,Recognized job platform,Platform,62,Medium,Directory,https://www.linkedin.com/jobs/search/?keywords=Talaat+Moustafa+Group&sortBy=DD,"Search current technology, transformation, architecture, programme and data roles."
company-00839,Employer Career Page,company,Tandem Diabetes Care,Medical Devices & Equipment,Medical Devices & Equipment,Medical Devices & Equipment,Medical Devices & Equipment,Healthcare & Life Sciences,Global,"San Diego, USA",,Career Page Available,,,2026-07-20,,,B,Direct organization or specialist source,Direct,66,Medium,Directory,https://www.tandemdiabetes.com/careers,Digital Health Platforms | Systems Integration | Enterprise Applications | Service Technology | Data Platforms
company-01289,Employer Career Page,company,Tanzania — Digital Health Companies Search,Live health employer discovery,Live health employer discovery,Live Medical Employer Search,Live Medical Employer Search,Healthcare & Life Sciences,Africa,Tanzania,,Career Page Available,,,2026-07-20,,,C,Search discovery link,Search link,57,Low,Directory,https://www.google.com/search?q=Tanzania+digital+health+companies,Live search across employers and healthcare technology opportunities.
company-01293,Employer Career Page,company,Tanzania — Health Informatics Employers Search,Live health employer discovery,Live health employer discovery,Live Medical Employer Search,Live Medical Employer Search,Healthcare & Life Sciences,Africa,Tanzania,,Career Page Available,,,2026-07-20,,,C,Search discovery link,Search link,53,Low,Directory,https://www.google.com/search?q=Tanzania+health+informatics+employers,Live search across employers and healthcare technology opportunities.
company-00647,Employer Career Page,organization,Tanzania — Health Technology Organisations Search,Live organisation discovery,Live organisation discovery,Live Organisation Search,Live Organisation Search,Healthcare & Life Sciences,Africa,Tanzania,,Career Page Available,,,2026-07-20,,,C,Search discovery link,Search link,52,Low,Directory,https://www.google.com/search?q=Tanzania+health+technology+organisations+careers+jobs,"Live search link, sorted toward current opportunities and organisations."
company-02051,Employer Career Page,company,Tanzania — Healthcare Companies Hiring,Live employer discovery,Live employer discovery,Live Private Employer Search,Live Private Employer Search,Healthcare & Life Sciences,Africa,Tanzania,,Career Page Available,,,2026-07-20,,,C,Search discovery link,Search link,52,Low,Directory,https://www.google.com/search?q=Tanzania+healthcare+companies+hiring+2026,Live search for employers and current technology roles.
company-01290,Employer Career Page,company,Tanzania — Hospital It Jobs Search,Live health employer discovery,Live health employer discovery,Live Medical Employer Search,Live Medical Employer Search,Healthcare & Life Sciences,Africa,Tanzania,,Career Page Available,,,2026-07-20,,,C,Search discovery link,Search link,53,Low,Directory,https://www.google.com/search?q=Tanzania+hospital+IT+jobs,Live search across employers and healthcare technology opportunities.
company-01292,Employer Career Page,company,Tanzania — Medical Device Careers Search,Live health employer discovery,Live health employer discovery,Live Medical Employer Search,Live Medical Employer Search,Healthcare & Life Sciences,Africa,Tanzania,,Career Page Available,,,2026-07-20,,,C,Search discovery link,Search link,53,Low,Directory,https://www.google.com/search?q=Tanzania+medical+device+careers,Live search across employers and healthcare technology opportunities.
company-01291,Employer Career Page,company,Tanzania — Pharmaceutical Technology Jobs Search,Live health employer discovery,Live health employer discovery,Live Medical Employer Search,Live Medical Employer Search,Healthcare & Life Sciences,Africa,Tanzania,,Career Page Available,,,2026-07-20,,,C,Search discovery link,Search link,53,Low,Directory,https://www.google.com/search?q=Tanzania+pharmaceutical+technology+jobs,Live search across employers and healthcare technology opportunities.
company-00920,Employer Career Page,company,Tecan,"Diagnostics, Laboratory & Life Science Tools","Diagnostics, Laboratory & Life Science Tools","Diagnostics, Laboratory & Life Science Tools","Diagnostics, Laboratory & Life Science Tools",Healthcare & Life Sciences,Global,"Männedorf, Switzerland",,Career Page Available,,,2026-07-20,,,B,Direct organization or specialist source,Direct,59,Low,Directory,https://www.tecan.com/careers,Laboratory Informatics | LIMS | Enterprise Systems | Data & AI | Cybersecurity
company-00967,Employer Career Page,company,Teladoc Health,Digital Health & Healthcare IT,Digital Health & Healthcare IT,Digital Health & Healthcare IT,Digital Health & Healthcare IT,Healthcare & Life Sciences,Global,"Purchase, USA",,Career Page Available,,,2026-07-20,,,B,Direct organization or specialist source,Direct,71,Medium,Directory,https://careers.teladochealth.com/,Solutions Architecture | Health Interoperability | Cloud Platforms | Product Technology | Data Engineering
company-00865,Employer Career Page,company,Teleflex,Medical Devices & Equipment,Medical Devices & Equipment,Medical Devices & Equipment,Medical Devices & Equipment,Healthcare & Life Sciences,Global,"Wayne, USA",,Career Page Available,,,2026-07-20,,,B,Direct organization or specialist source,Direct,66,Medium,Directory,https://careers.teleflex.com/,Digital Health Platforms | Systems Integration | Enterprise Applications | Service Technology | Data Platforms
company-00849,Employer Career Page,company,Terumo,Medical Devices & Equipment,Medical Devices & Equipment,MedTech & Diagnostics,MedTech & Diagnostics,Healthcare & Life Sciences,Global,Multiple,,Career Page Available,,,2026-07-20,,,C,Search discovery link,Search link,75,Medium,Directory,https://www.terumo.com/careers,"Search digital health, enterprise systems, data, architecture and transformation roles."
company-01120,Employer Career Page,company,Terumo,Health-sector employer search,Health-sector employer search,MedTech & Diagnostics,MedTech & Diagnostics,Healthcare & Life Sciences,Global,Multiple,,Career Page Available,,,2026-07-20,,,C,Search discovery link,Search link,75,Medium,Directory,https://www.google.com/search?q=%22Terumo%22+careers+digital+health+IT+data+jobs,"Search digital health, enterprise systems, data, architecture and transformation roles."
company-00719,Employer Career Page,company,Teva Pharmaceutical Industries,Global Pharmaceuticals,Global Pharmaceuticals,Global Pharmaceuticals,Global Pharmaceuticals,Healthcare & Life Sciences,Global,"Tel Aviv, Israel",,Career Page Available,,,2026-07-20,,,B,Direct organization or specialist source,Direct,75,Medium,Directory,https://careers.teva/,Enterprise Architecture | Digital Transformation | ERP & Manufacturing Systems | Data & Analytics | IT Governance
company-01028,Employer Career Page,company,Teva Pharmaceuticals,Health-sector employer search,Health-sector employer search,Pharmaceutical & Biotech,Pharmaceutical & Biotech,Healthcare & Life Sciences,Global,Multiple,,Career Page Available,,,2026-07-20,,,C,Search discovery link,Search link,75,Medium,Directory,https://www.google.com/search?q=%22Teva+Pharmaceuticals%22+careers+digital+health+IT+data+jobs,"Search digital health, enterprise systems, data, architecture and transformation roles."
company-00835,Employer Career Page,company,The CooperCompanies,Medical Devices & Equipment,Medical Devices & Equipment,Medical Devices & Equipment,Medical Devices & Equipment,Healthcare & Life Sciences,Global,"San Ramon, USA",,Career Page Available,,,2026-07-20,,,B,Direct organization or specialist source,Direct,66,Medium,Directory,https://www.coopercos.com/careers,Digital Health Platforms | Systems Integration | Enterprise Applications | Service Technology | Data Platforms
company-00114,Employer Career Page,organization,The Global Fund,Global Health & Healthcare,Global Health & Healthcare,Global Health & Healthcare,Global Health & Healthcare,Healthcare & Life Sciences,Global,"Geneva, Switzerland",,Career Page Available,,,2026-07-20,,,B,Direct organization or specialist source,Direct,64,Medium,Directory,https://www.theglobalfund.org/en/careers/,Health Information Systems | Digital Health | Interoperability | Enterprise Systems | Data Platforms
company-00933,Employer Career Page,company,Tigermed,"CRO, Clinical Research & Pharma Services","CRO, Clinical Research & Pharma Services","CRO, Clinical Research & Pharma Services","CRO, Clinical Research & Pharma Services",Healthcare & Life Sciences,Global,"Hangzhou, China",,Career Page Available,,,2026-07-20,,,B,Direct organization or specialist source,Direct,57,Low,Directory,https://www.tigermedgrp.com/careers,Clinical Systems | eClinical Platforms | Data Management | Enterprise Applications | Program Delivery
company-00744,Employer Career Page,company,Torrent Pharmaceuticals,Global Pharmaceuticals,Global Pharmaceuticals,Pharmaceutical & Biotech,Pharmaceutical & Biotech,Healthcare & Life Sciences,Global,Multiple,,Career Page Available,,,2026-07-20,,,C,Search discovery link,Search link,75,Medium,Directory,https://www.torrentpharma.com/careers.php,"Search digital health, enterprise systems, data, architecture and transformation roles."
company-01076,Employer Career Page,company,Torrent Pharmaceuticals,Health-sector employer search,Health-sector employer search,Pharmaceutical & Biotech,Pharmaceutical & Biotech,Healthcare & Life Sciences,Global,Multiple,,Career Page Available,,,2026-07-20,,,C,Search discovery link,Search link,75,Medium,Directory,https://www.google.com/search?q=%22Torrent+Pharmaceuticals%22+careers+digital+health+IT+data+jobs,"Search digital health, enterprise systems, data, architecture and transformation roles."
company-01254,Employer Career Page,company,Tunisia — Digital Health Companies Search,Live health employer discovery,Live health employer discovery,Live Medical Employer Search,Live Medical Employer Search,Healthcare & Life Sciences,Africa,Tunisia,,Career Page Available,,,2026-07-20,,,C,Search discovery link,Search link,57,Low,Directory,https://www.google.com/search?q=Tunisia+digital+health+companies,Live search across employers and healthcare technology opportunities.
company-01258,Employer Career Page,company,Tunisia — Health Informatics Employers Search,Live health employer discovery,Live health employer discovery,Live Medical Employer Search,Live Medical Employer Search,Healthcare & Life Sciences,Africa,Tunisia,,Career Page Available,,,2026-07-20,,,C,Search discovery link,Search link,53,Low,Directory,https://www.google.com/search?q=Tunisia+health+informatics+employers,Live search across employers and healthcare technology opportunities.
company-00612,Employer Career Page,organization,Tunisia — Health Technology Organisations Search,Live organisation discovery,Live organisation discovery,Live Organisation Search,Live Organisation Search,Healthcare & Life Sciences,Africa,Tunisia,,Career Page Available,,,2026-07-20,,,C,Search discovery link,Search link,52,Low,Directory,https://www.google.com/search?q=Tunisia+health+technology+organisations+careers+jobs,"Live search link, sorted toward current opportunities and organisations."
company-02016,Employer Career Page,company,Tunisia — Healthcare Companies Hiring,Live employer discovery,Live employer discovery,Live Private Employer Search,Live Private Employer Search,Healthcare & Life Sciences,Africa,Tunisia,,Career Page Available,,,2026-07-20,,,C,Search discovery link,Search link,52,Low,Directory,https://www.google.com/search?q=Tunisia+healthcare+companies+hiring+2026,Live search for employers and current technology roles.
company-01255,Employer Career Page,company,Tunisia — Hospital It Jobs Search,Live health employer discovery,Live health employer discovery,Live Medical Employer Search,Live Medical Employer Search,Healthcare & Life Sciences,Africa,Tunisia,,Career Page Available,,,2026-07-20,,,C,Search discovery link,Search link,53,Low,Directory,https://www.google.com/search?q=Tunisia+hospital+IT+jobs,Live search across employers and healthcare technology opportunities.
company-01257,Employer Career Page,company,Tunisia — Medical Device Careers Search,Live health employer discovery,Live health employer discovery,Live Medical Employer Search,Live Medical Employer Search,Healthcare & Life Sciences,Africa,Tunisia,,Career Page Available,,,2026-07-20,,,C,Search discovery link,Search link,53,Low,Directory,https://www.google.com/search?q=Tunisia+medical+device+careers,Live search across employers and healthcare technology opportunities.
company-01256,Employer Career Page,company,Tunisia — Pharmaceutical Technology Jobs Search,Live health employer discovery,Live health employer discovery,Live Medical Employer Search,Live Medical Employer Search,Healthcare & Life Sciences,Africa,Tunisia,,Career Page Available,,,2026-07-20,,,C,Search discovery link,Search link,53,Low,Directory,https://www.google.com/search?q=Tunisia+pharmaceutical+technology+jobs,Live search across employers and healthcare technology opportunities.
company-00805,Employer Career Page,company,Twist Bioscience,Biotechnology & Specialty Pharma,Biotechnology & Specialty Pharma,Biotechnology & Specialty Pharma,Biotechnology & Specialty Pharma,Healthcare & Life Sciences,Global,"South San Francisco, USA",,Career Page Available,,,2026-07-20,,,B,Direct organization or specialist source,Direct,64,Medium,Directory,https://www.twistbioscience.com/company/careers,R&D Digital Platforms | Data Engineering | Cloud & Cybersecurity | Enterprise Applications | Technical Program Management
company-00730,Employer Career Page,company,UCB,Global Pharmaceuticals,Global Pharmaceuticals,Pharmaceutical & Biotech,Pharmaceutical & Biotech,Healthcare & Life Sciences,Global,Multiple,,Career Page Available,,,2026-07-20,,,C,Search discovery link,Search link,75,Medium,Directory,https://careers.ucb.com/,"Search digital health, enterprise systems, data, architecture and transformation roles."
company-01024,Employer Career Page,company,UCB,Health-sector employer search,Health-sector employer search,Pharmaceutical & Biotech,Pharmaceutical & Biotech,Healthcare & Life Sciences,Global,Multiple,,Career Page Available,,,2026-07-20,,,C,Search discovery link,Search link,75,Medium,Directory,https://www.google.com/search?q=%22UCB%22+careers+digital+health+IT+data+jobs,"Search digital health, enterprise systems, data, architecture and transformation roles."
company-01284,Employer Career Page,company,Uganda — Digital Health Companies Search,Live health employer discovery,Live health employer discovery,Live Medical Employer Search,Live Medical Employer Search,Healthcare & Life Sciences,Africa,Uganda,,Career Page Available,,,2026-07-20,,,C,Search discovery link,Search link,57,Low,Directory,https://www.google.com/search?q=Uganda+digital+health+companies,Live search across employers and healthcare technology opportunities.
company-01288,Employer Career Page,company,Uganda — Health Informatics Employers Search,Live health employer discovery,Live health employer discovery,Live Medical Employer Search,Live Medical Employer Search,Healthcare & Life Sciences,Africa,Uganda,,Career Page Available,,,2026-07-20,,,C,Search discovery link,Search link,53,Low,Directory,https://www.google.com/search?q=Uganda+health+informatics+employers,Live search across employers and healthcare technology opportunities.
company-00642,Employer Career Page,organization,Uganda — Health Technology Organisations Search,Live organisation discovery,Live organisation discovery,Live Organisation Search,Live Organisation Search,Healthcare & Life Sciences,Africa,Uganda,,Career Page Available,,,2026-07-20,,,C,Search discovery link,Search link,52,Low,Directory,https://www.google.com/search?q=Uganda+health+technology+organisations+careers+jobs,"Live search link, sorted toward current opportunities and organisations."
company-02046,Employer Career Page,company,Uganda — Healthcare Companies Hiring,Live employer discovery,Live employer discovery,Live Private Employer Search,Live Private Employer Search,Healthcare & Life Sciences,Africa,Uganda,,Career Page Available,,,2026-07-20,,,C,Search discovery link,Search link,52,Low,Directory,https://www.google.com/search?q=Uganda+healthcare+companies+hiring+2026,Live search for employers and current technology roles.
company-01285,Employer Career Page,company,Uganda — Hospital It Jobs Search,Live health employer discovery,Live health employer discovery,Live Medical Employer Search,Live Medical Employer Search,Healthcare & Life Sciences,Africa,Uganda,,Career Page Available,,,2026-07-20,,,C,Search discovery link,Search link,53,Low,Directory,https://www.google.com/search?q=Uganda+hospital+IT+jobs,Live search across employers and healthcare technology opportunities.
company-01287,Employer Career Page,company,Uganda — Medical Device Careers Search,Live health employer discovery,Live health employer discovery,Live Medical Employer Search,Live Medical Employer Search,Healthcare & Life Sciences,Africa,Uganda,,Career Page Available,,,2026-07-20,,,C,Search discovery link,Search link,53,Low,Directory,https://www.google.com/search?q=Uganda+medical+device+careers,Live search across employers and healthcare technology opportunities.
company-01286,Employer Career Page,company,Uganda — Pharmaceutical Technology Jobs Search,Live health employer discovery,Live health employer discovery,Live Medical Employer Search,Live Medical Employer Search,Healthcare & Life Sciences,Africa,Uganda,,Career Page Available,,,2026-07-20,,,C,Search discovery link,Search link,53,Low,Directory,https://www.google.com/search?q=Uganda+pharmaceutical+technology+jobs,Live search across employers and healthcare technology opportunities.
company-00791,Employer Career Page,company,Ultragenyx Pharmaceutical,Biotechnology & Specialty Pharma,Biotechnology & Specialty Pharma,Biotechnology & Specialty Pharma,Biotechnology & Specialty Pharma,Healthcare & Life Sciences,Global,"Novato, USA",,Career Page Available,,,2026-07-20,,,B,Direct organization or specialist source,Direct,64,Medium,Directory,https://careers.ultragenyx.com/,R&D Digital Platforms | Data Engineering | Cloud & Cybersecurity | Enterprise Applications | Technical Program Management
company-01904,Employer Career Page,company,Unilever North Africa Middle East,Employer career search,Employer career search,Healthcare & Consumer,Healthcare & Consumer,Healthcare & Life Sciences,Global / Regional,Multiple,,Career Page Available,,,2026-07-20,,,B,Recognized job platform,Platform,62,Medium,Directory,https://www.linkedin.com/jobs/search/?keywords=Unilever+North+Africa+Middle+East&sortBy=DD,"Search current technology, transformation, architecture, programme and data roles."
company-00115,Employer Career Page,organization,Unitaid,Global Health & Healthcare,Global Health & Healthcare,Global Health & Healthcare,Global Health & Healthcare,Healthcare & Life Sciences,Global,"Geneva, Switzerland",,Career Page Available,,,2026-07-20,,,B,Direct organization or specialist source,Direct,64,Medium,Directory,https://unitaid.org/vacancies/,Health Information Systems | Digital Health | Interoperability | Enterprise Systems | Data Platforms
company-01209,Employer Career Page,company,United Arab Emirates — Digital Health Companies Search,Live health employer discovery,Live health employer discovery,Live Medical Employer Search,Live Medical Employer Search,Healthcare & Life Sciences,GCC,United Arab Emirates,,Career Page Available,,,2026-07-20,,,C,Search discovery link,Search link,59,Low,Directory,https://www.google.com/search?q=United+Arab+Emirates+digital+health+companies,Live search across employers and healthcare technology opportunities.
company-01213,Employer Career Page,company,United Arab Emirates — Health Informatics Employers Search,Live health employer discovery,Live health employer discovery,Live Medical Employer Search,Live Medical Employer Search,Healthcare & Life Sciences,GCC,United Arab Emirates,,Career Page Available,,,2026-07-20,,,C,Search discovery link,Search link,55,Low,Directory,https://www.google.com/search?q=United+Arab+Emirates+health+informatics+employers,Live search across employers and healthcare technology opportunities.
company-00567,Employer Career Page,organization,United Arab Emirates — Health Technology Organisations Search,Live organisation discovery,Live organisation discovery,Live Organisation Search,Live Organisation Search,Healthcare & Life Sciences,GCC,United Arab Emirates,,Career Page Available,,,2026-07-20,,,C,Search discovery link,Search link,54,Low,Directory,https://www.google.com/search?q=United+Arab+Emirates+health+technology+organisations+careers+jobs,"Live search link, sorted toward current opportunities and organisations."
company-01971,Employer Career Page,company,United Arab Emirates — Healthcare Companies Hiring,Live employer discovery,Live employer discovery,Live Private Employer Search,Live Private Employer Search,Healthcare & Life Sciences,GCC,United Arab Emirates,,Career Page Available,,,2026-07-20,,,C,Search discovery link,Search link,54,Low,Directory,https://www.google.com/search?q=United+Arab+Emirates+healthcare+companies+hiring+2026,Live search for employers and current technology roles.
company-01210,Employer Career Page,company,United Arab Emirates — Hospital It Jobs Search,Live health employer discovery,Live health employer discovery,Live Medical Employer Search,Live Medical Employer Search,Healthcare & Life Sciences,GCC,United Arab Emirates,,Career Page Available,,,2026-07-20,,,C,Search discovery link,Search link,55,Low,Directory,https://www.google.com/search?q=United+Arab+Emirates+hospital+IT+jobs,Live search across employers and healthcare technology opportunities.
company-01212,Employer Career Page,company,United Arab Emirates — Medical Device Careers Search,Live health employer discovery,Live health employer discovery,Live Medical Employer Search,Live Medical Employer Search,Healthcare & Life Sciences,GCC,United Arab Emirates,,Career Page Available,,,2026-07-20,,,C,Search discovery link,Search link,55,Low,Directory,https://www.google.com/search?q=United+Arab+Emirates+medical+device+careers,Live search across employers and healthcare technology opportunities.
company-01211,Employer Career Page,company,United Arab Emirates — Pharmaceutical Technology Jobs Search,Live health employer discovery,Live health employer discovery,Live Medical Employer Search,Live Medical Employer Search,Healthcare & Life Sciences,GCC,United Arab Emirates,,Career Page Available,,,2026-07-20,,,C,Search discovery link,Search link,55,Low,Directory,https://www.google.com/search?q=United+Arab+Emirates+pharmaceutical+technology+jobs,Live search across employers and healthcare technology opportunities.
company-01128,Employer Career Page,company,Varian Medical Systems,Health-sector employer search,Health-sector employer search,MedTech & Diagnostics,MedTech & Diagnostics,Healthcare & Life Sciences,Global,Multiple,,Career Page Available,,,2026-07-20,,,C,Search discovery link,Search link,76,Medium,Directory,https://www.google.com/search?q=%22Varian+Medical+Systems%22+careers+digital+health+IT+data+jobs,"Search digital health, enterprise systems, data, architecture and transformation roles."
company-00808,Employer Career Page,company,Vaxcyte,Biotechnology & Specialty Pharma,Biotechnology & Specialty Pharma,Biotechnology & Specialty Pharma,Biotechnology & Specialty Pharma,Healthcare & Life Sciences,Global,"San Carlos, USA",,Career Page Available,,,2026-07-20,,,B,Direct organization or specialist source,Direct,64,Medium,Directory,https://www.vaxcyte.com/careers/,R&D Digital Platforms | Data Engineering | Cloud & Cybersecurity | Enterprise Applications | Technical Program Management
company-00941,Employer Career Page,company,Veeva Systems,"CRO, Clinical Research & Pharma Services","CRO, Clinical Research & Pharma Services","CRO, Clinical Research & Pharma Services","CRO, Clinical Research & Pharma Services",Healthcare & Life Sciences,Global,"Pleasanton, USA",,Career Page Available,,,2026-07-20,,,B,Direct organization or specialist source,Direct,57,Low,Directory,https://careers.veeva.com/,Clinical Systems | eClinical Platforms | Data Management | Enterprise Applications | Program Delivery
company-00816,Employer Career Page,company,Vera Therapeutics,Biotechnology & Specialty Pharma,Biotechnology & Specialty Pharma,Biotechnology & Specialty Pharma,Biotechnology & Specialty Pharma,Healthcare & Life Sciences,Global,"Brisbane, USA",,Career Page Available,,,2026-07-20,,,B,Direct organization or specialist source,Direct,64,Medium,Directory,https://veratx.com/careers/,R&D Digital Platforms | Data Engineering | Cloud & Cybersecurity | Enterprise Applications | Technical Program Management
company-00964,Employer Career Page,company,Veradigm,Digital Health & Healthcare IT,Digital Health & Healthcare IT,Digital Health & Healthcare IT,Digital Health & Healthcare IT,Healthcare & Life Sciences,Global,"Chicago, USA",,Career Page Available,,,2026-07-20,,,B,Direct organization or specialist source,Direct,71,Medium,Directory,https://veradigm.com/careers/,Solutions Architecture | Health Interoperability | Cloud Platforms | Product Technology | Data Engineering
company-00955,Employer Career Page,company,Veristat,"CRO, Clinical Research & Pharma Services","CRO, Clinical Research & Pharma Services","CRO, Clinical Research & Pharma Services","CRO, Clinical Research & Pharma Services",Healthcare & Life Sciences,Global,"Southborough, USA",,Career Page Available,,,2026-07-20,,,B,Direct organization or specialist source,Direct,57,Low,Directory,https://www.veristat.com/careers/,Clinical Systems | eClinical Platforms | Data Management | Enterprise Applications | Program Delivery
company-00780,Employer Career Page,company,Vertex Pharmaceuticals,Biotechnology & Specialty Pharma,Biotechnology & Specialty Pharma,Pharmaceutical & Biotech,Pharmaceutical & Biotech,Healthcare & Life Sciences,Global,Multiple,,Career Page Available,,,2026-07-20,,,C,Search discovery link,Search link,75,Medium,Directory,https://www.vrtx.com/careers/,"Search digital health, enterprise systems, data, architecture and transformation roles."
company-01015,Employer Career Page,company,Vertex Pharmaceuticals,Health-sector employer search,Health-sector employer search,Pharmaceutical & Biotech,Pharmaceutical & Biotech,Healthcare & Life Sciences,Global,Multiple,,Career Page Available,,,2026-07-20,,,C,Search discovery link,Search link,75,Medium,Directory,https://www.google.com/search?q=%22Vertex+Pharmaceuticals%22+careers+digital+health+IT+data+jobs,"Search digital health, enterprise systems, data, architecture and transformation roles."
company-01139,Employer Career Page,company,Vezeeta,Health-sector employer search,Health-sector employer search,Africa Digital & High-Growth,Africa Digital & High-Growth,Technology & Consulting,GCC & Middle East,"Cairo, Egypt",,Career Page Available,,,2026-07-20,,,B,Direct organization or specialist source,Direct,64,Medium,Directory,https://www.vezeeta.com/en/careers,Technology Leadership | Platform Architecture | Digital Products | Data | Systems Integration
company-01426,Employer Career Page,company,Vezeeta,Digital Health,Digital Health,Africa Digital & High-Growth,Africa Digital & High-Growth,Technology & Consulting,GCC & Middle East,"Cairo, Egypt",,Career Page Available,,,2026-07-20,,,B,Direct organization or specialist source,Direct,64,Medium,Directory,https://www.vezeeta.com/en/careers,Technology Leadership | Platform Architecture | Digital Products | Data | Systems Integration
company-00127,Employer Career Page,organization,VillageReach,Global Health & Healthcare,Global Health & Healthcare,Global Health & Healthcare,Global Health & Healthcare,Healthcare & Life Sciences,Africa,"Seattle, USA",,Career Page Available,,,2026-07-20,,,B,Direct organization or specialist source,Direct,62,Medium,Directory,https://www.villagereach.org/careers/,Health Information Systems | Digital Health | Interoperability | Enterprise Systems | Data Platforms
company-00374,Employer Career Page,organization,VillageReach,Career and project search,Career and project search,Global Health & Healthcare,Global Health & Healthcare,Healthcare & Life Sciences,Africa,"Seattle, USA",,Career Page Available,,,2026-07-20,,,B,Direct organization or specialist source,Direct,62,Medium,Directory,https://www.villagereach.org/careers/,Health Information Systems | Digital Health | Interoperability | Enterprise Systems | Data Platforms
company-00823,Employer Career Page,company,Vir Biotechnology,Biotechnology & Specialty Pharma,Biotechnology & Specialty Pharma,Biotechnology & Specialty Pharma,Biotechnology & Specialty Pharma,Healthcare & Life Sciences,Global,"San Francisco, USA",,Career Page Available,,,2026-07-20,,,B,Direct organization or specialist source,Direct,64,Medium,Directory,https://www.vir.bio/careers/,R&D Digital Platforms | Data Engineering | Cloud & Cybersecurity | Enterprise Applications | Technical Program Management
company-00890,Employer Career Page,company,Waters Corporation,"Diagnostics, Laboratory & Life Science Tools","Diagnostics, Laboratory & Life Science Tools","Diagnostics, Laboratory & Life Science Tools","Diagnostics, Laboratory & Life Science Tools",Healthcare & Life Sciences,Global,"Milford, USA",,Career Page Available,,,2026-07-20,,,B,Direct organization or specialist source,Direct,59,Low,Directory,https://careers.waters.com/,Laboratory Informatics | LIMS | Enterprise Systems | Data & AI | Cybersecurity
company-00966,Employer Career Page,company,Waystar,Digital Health & Healthcare IT,Digital Health & Healthcare IT,Digital Health & Healthcare IT,Digital Health & Healthcare IT,Healthcare & Life Sciences,Global,"Louisville, USA",,Career Page Available,,,2026-07-20,,,B,Direct organization or specialist source,Direct,71,Medium,Directory,https://www.waystar.com/careers/,Solutions Architecture | Health Interoperability | Cloud Platforms | Product Technology | Data Engineering
company-00895,Employer Career Page,company,Werfen,"Diagnostics, Laboratory & Life Science Tools","Diagnostics, Laboratory & Life Science Tools","Diagnostics, Laboratory & Life Science Tools","Diagnostics, Laboratory & Life Science Tools",Healthcare & Life Sciences,Global,"Barcelona, Spain",,Career Page Available,,,2026-07-20,,,B,Direct organization or specialist source,Direct,59,Low,Directory,https://www.werfen.com/careers,Laboratory Informatics | LIMS | Enterprise Systems | Data & AI | Cybersecurity
company-00769,Employer Career Page,company,Wockhardt,Global Pharmaceuticals,Global Pharmaceuticals,Global Pharmaceuticals,Global Pharmaceuticals,Healthcare & Life Sciences,Global,"Mumbai, India",,Career Page Available,,,2026-07-20,,,B,Direct organization or specialist source,Direct,75,Medium,Directory,https://www.wockhardt.com/careers/,Enterprise Architecture | Digital Transformation | ERP & Manufacturing Systems | Data & Analytics | IT Governance
company-01581,Employer Career Page,company,Woolworths Holdings,Retail,Retail,Healthcare & Consumer,Healthcare & Consumer,Healthcare & Life Sciences,Global / Regional,Multiple,,Career Page Available,,,2026-07-20,,,B,Recognized job platform,Platform,62,Medium,Directory,https://careers.woolworths.co.za/,"Search current technology, transformation, architecture, programme and data roles."
company-01953,Employer Career Page,company,Woolworths Holdings,Employer career search,Employer career search,Healthcare & Consumer,Healthcare & Consumer,Healthcare & Life Sciences,Global / Regional,Multiple,,Career Page Available,,,2026-07-20,,,B,Recognized job platform,Platform,62,Medium,Directory,https://www.linkedin.com/jobs/search/?keywords=Woolworths+Holdings&sortBy=DD,"Search current technology, transformation, architecture, programme and data roles."
company-00007,Employer Career Page,organization,World Health Organization,UN & Multilateral,UN & Multilateral,UN & Multilateral,UN & Multilateral,Healthcare & Life Sciences,Global,"Geneva, Switzerland",,Career Page Available,,,2026-07-20,,,A,Official / primary source,Official,73,Medium,Directory,https://www.who.int/careers,ICT Manager | Enterprise Architect | Digital Transformation | Programme Technology | Data & Analytics
company-00934,Employer Career Page,company,Worldwide Clinical Trials,"CRO, Clinical Research & Pharma Services","CRO, Clinical Research & Pharma Services","CRO, Clinical Research & Pharma Services","CRO, Clinical Research & Pharma Services",Healthcare & Life Sciences,Global,"Research Triangle Park, USA",,Career Page Available,,,2026-07-20,,,B,Direct organization or specialist source,Direct,57,Low,Directory,https://www.worldwide.com/careers/,Clinical Systems | eClinical Platforms | Data Management | Enterprise Applications | Program Delivery
company-00863,Employer Career Page,company,WS Audiology,Medical Devices & Equipment,Medical Devices & Equipment,Medical Devices & Equipment,Medical Devices & Equipment,Healthcare & Life Sciences,Global,"Lynge, Denmark",,Career Page Available,,,2026-07-20,,,B,Direct organization or specialist source,Direct,66,Medium,Directory,https://www.wsa.com/careers/,Digital Health Platforms | Systems Integration | Enterprise Applications | Service Technology | Data Platforms
company-00930,Employer Career Page,company,WuXi AppTec,"CRO, Clinical Research & Pharma Services","CRO, Clinical Research & Pharma Services","CRO, Clinical Research & Pharma Services","CRO, Clinical Research & Pharma Services",Healthcare & Life Sciences,Global,"Shanghai, China",,Career Page Available,,,2026-07-20,,,B,Direct organization or specialist source,Direct,57,Low,Directory,https://careers.wuxiapptec.com/,Clinical Systems | eClinical Platforms | Data Management | Enterprise Applications | Program Delivery
company-00931,Employer Career Page,company,WuXi Biologics,"CRO, Clinical Research & Pharma Services","CRO, Clinical Research & Pharma Services","CRO, Clinical Research & Pharma Services","CRO, Clinical Research & Pharma Services",Healthcare & Life Sciences,Global,"Wuxi, China",,Career Page Available,,,2026-07-20,,,B,Direct organization or specialist source,Direct,57,Low,Directory,https://www.wuxibiologics.com/careers/,Clinical Systems | eClinical Platforms | Data Management | Enterprise Applications | Program Delivery
company-01144,Employer Career Page,company,Yodawy,Health-sector employer search,Health-sector employer search,MedTech & Diagnostics,MedTech & Diagnostics,Healthcare & Life Sciences,Global,Multiple,,Career Page Available,,,2026-07-20,,,C,Search discovery link,Search link,75,Medium,Directory,https://www.google.com/search?q=%22Yodawy%22+careers+digital+health+IT+data+jobs,"Search digital health, enterprise systems, data, architecture and transformation roles."
company-00795,Employer Career Page,company,Zai Lab,Biotechnology & Specialty Pharma,Biotechnology & Specialty Pharma,Biotechnology & Specialty Pharma,Biotechnology & Specialty Pharma,Healthcare & Life Sciences,Global,"Shanghai, China",,Career Page Available,,,2026-07-20,,,B,Direct organization or specialist source,Direct,64,Medium,Directory,https://www.zailaboratory.com/careers/,R&D Digital Platforms | Data Engineering | Cloud & Cybersecurity | Enterprise Applications | Technical Program Management
company-01309,Employer Career Page,company,Zambia — Digital Health Companies Search,Live health employer discovery,Live health employer discovery,Live Medical Employer Search,Live Medical Employer Search,Healthcare & Life Sciences,Other,Zambia,,Career Page Available,,,2026-07-20,,,C,Search discovery link,Search link,55,Low,Directory,https://www.google.com/search?q=Zambia+digital+health+companies,Live search across employers and healthcare technology opportunities.
company-01313,Employer Career Page,company,Zambia — Health Informatics Employers Search,Live health employer discovery,Live health employer discovery,Live Medical Employer Search,Live Medical Employer Search,Healthcare & Life Sciences,Other,Zambia,,Career Page Available,,,2026-07-20,,,C,Search discovery link,Search link,52,Low,Directory,https://www.google.com/search?q=Zambia+health+informatics+employers,Live search across employers and healthcare technology opportunities.
company-00667,Employer Career Page,organization,Zambia — Health Technology Organisations Search,Live organisation discovery,Live organisation discovery,Live Organisation Search,Live Organisation Search,Healthcare & Life Sciences,Other,Zambia,,Career Page Available,,,2026-07-20,,,C,Search discovery link,Search link,50,Low,Directory,https://www.google.com/search?q=Zambia+health+technology+organisations+careers+jobs,"Live search link, sorted toward current opportunities and organisations."
company-02071,Employer Career Page,company,Zambia — Healthcare Companies Hiring,Live employer discovery,Live employer discovery,Live Private Employer Search,Live Private Employer Search,Healthcare & Life Sciences,Other,Zambia,,Career Page Available,,,2026-07-20,,,C,Search discovery link,Search link,50,Low,Directory,https://www.google.com/search?q=Zambia+healthcare+companies+hiring+2026,Live search for employers and current technology roles.
company-01310,Employer Career Page,company,Zambia — Hospital It Jobs Search,Live health employer discovery,Live health employer discovery,Live Medical Employer Search,Live Medical Employer Search,Healthcare & Life Sciences,Other,Zambia,,Career Page Available,,,2026-07-20,,,C,Search discovery link,Search link,52,Low,Directory,https://www.google.com/search?q=Zambia+hospital+IT+jobs,Live search across employers and healthcare technology opportunities.
company-01312,Employer Career Page,company,Zambia — Medical Device Careers Search,Live health employer discovery,Live health employer discovery,Live Medical Employer Search,Live Medical Employer Search,Healthcare & Life Sciences,Other,Zambia,,Career Page Available,,,2026-07-20,,,C,Search discovery link,Search link,52,Low,Directory,https://www.google.com/search?q=Zambia+medical+device+careers,Live search across employers and healthcare technology opportunities.
company-01311,Employer Career Page,company,Zambia — Pharmaceutical Technology Jobs Search,Live health employer discovery,Live health employer discovery,Live Medical Employer Search,Live Medical Employer Search,Healthcare & Life Sciences,Other,Zambia,,Career Page Available,,,2026-07-20,,,C,Search discovery link,Search link,52,Low,Directory,https://www.google.com/search?q=Zambia+pharmaceutical+technology+jobs,Live search across employers and healthcare technology opportunities.
company-01314,Employer Career Page,company,Zimbabwe — Digital Health Companies Search,Live health employer discovery,Live health employer discovery,Live Medical Employer Search,Live Medical Employer Search,Healthcare & Life Sciences,Other,Zimbabwe,,Career Page Available,,,2026-07-20,,,C,Search discovery link,Search link,55,Low,Directory,https://www.google.com/search?q=Zimbabwe+digital+health+companies,Live search across employers and healthcare technology opportunities.
company-01318,Employer Career Page,company,Zimbabwe — Health Informatics Employers Search,Live health employer discovery,Live health employer discovery,Live Medical Employer Search,Live Medical Employer Search,Healthcare & Life Sciences,Other,Zimbabwe,,Career Page Available,,,2026-07-20,,,C,Search discovery link,Search link,52,Low,Directory,https://www.google.com/search?q=Zimbabwe+health+informatics+employers,Live search across employers and healthcare technology opportunities.
company-00672,Employer Career Page,organization,Zimbabwe — Health Technology Organisations Search,Live organisation discovery,Live organisation discovery,Live Organisation Search,Live Organisation Search,Healthcare & Life Sciences,Other,Zimbabwe,,Career Page Available,,,2026-07-20,,,C,Search discovery link,Search link,50,Low,Directory,https://www.google.com/search?q=Zimbabwe+health+technology+organisations+careers+jobs,"Live search link, sorted toward current opportunities and organisations."
company-02076,Employer Career Page,company,Zimbabwe — Healthcare Companies Hiring,Live employer discovery,Live employer discovery,Live Private Employer Search,Live Private Employer Search,Healthcare & Life Sciences,Other,Zimbabwe,,Career Page Available,,,2026-07-20,,,C,Search discovery link,Search link,50,Low,Directory,https://www.google.com/search?q=Zimbabwe+healthcare+companies+hiring+2026,Live search for employers and current technology roles.
company-01315,Employer Career Page,company,Zimbabwe — Hospital It Jobs Search,Live health employer discovery,Live health employer discovery,Live Medical Employer Search,Live Medical Employer Search,Healthcare & Life Sciences,Other,Zimbabwe,,Career Page Available,,,2026-07-20,,,C,Search discovery link,Search link,52,Low,Directory,https://www.google.com/search?q=Zimbabwe+hospital+IT+jobs,Live search across employers and healthcare technology opportunities.
company-01317,Employer Career Page,company,Zimbabwe — Medical Device Careers Search,Live health employer discovery,Live health employer discovery,Live Medical Employer Search,Live Medical Employer Search,Healthcare & Life Sciences,Other,Zimbabwe,,Career Page Available,,,2026-07-20,,,C,Search discovery link,Search link,52,Low,Directory,https://www.google.com/search?q=Zimbabwe+medical+device+careers,Live search across employers and healthcare technology opportunities.
company-01316,Employer Career Page,company,Zimbabwe — Pharmaceutical Technology Jobs Search,Live health employer discovery,Live health employer discovery,Live Medical Employer Search,Live Medical Employer Search,Healthcare & Life Sciences,Other,Zimbabwe,,Career Page Available,,,2026-07-20,,,C,Search discovery link,Search link,52,Low,Directory,https://www.google.com/search?q=Zimbabwe+pharmaceutical+technology+jobs,Live search across employers and healthcare technology opportunities.
company-00970,Employer Career Page,company,Zocdoc,Digital Health & Healthcare IT,Digital Health & Healthcare IT,Digital Health & Healthcare IT,Digital Health & Healthcare IT,Healthcare & Life Sciences,Global,"New York, USA",,Career Page Available,,,2026-07-20,,,B,Direct organization or specialist source,Direct,71,Medium,Directory,https://www.zocdoc.com/about/careers/,Solutions Architecture | Health Interoperability | Cloud Platforms | Product Technology | Data Engineering
company-00878,Employer Career Page,company,ZOLL Medical,Medical Devices & Equipment,Medical Devices & Equipment,Medical Devices & Equipment,Medical Devices & Equipment,Healthcare & Life Sciences,Global,"Chelmsford, USA",,Career Page Available,,,2026-07-20,,,B,Direct organization or specialist source,Direct,66,Medium,Directory,https://www.zoll.com/about-zoll/careers,Digital Health Platforms | Systems Integration | Enterprise Applications | Service Technology | Data Platforms
company-00742,Employer Career Page,company,Zydus Lifesciences,Global Pharmaceuticals,Global Pharmaceuticals,Pharmaceutical & Biotech,Pharmaceutical & Biotech,Healthcare & Life Sciences,Global,Multiple,,Career Page Available,,,2026-07-20,,,C,Search discovery link,Search link,75,Medium,Directory,https://www.zyduslife.com/careers.html,"Search digital health, enterprise systems, data, architecture and transformation roles."
company-01075,Employer Career Page,company,Zydus Lifesciences,Health-sector employer search,Health-sector employer search,Pharmaceutical & Biotech,Pharmaceutical & Biotech,Healthcare & Life Sciences,Global,Multiple,,Career Page Available,,,2026-07-20,,,C,Search discovery link,Search link,75,Medium,Directory,https://www.google.com/search?q=%22Zydus+Lifesciences%22+careers+digital+health+IT+data+jobs,"Search digital health, enterprise systems, data, architecture and transformation roles."
