id,record_type,category,title,organization,subtitle,role_family,type,industry,region,country,location,availability_status,published_date,expiry_date,last_checked,posted_text,source,source_quality,source_quality_label,verification_level,match_score,fit,priority_tier,url,notes
project-00001,Project / Tender,project,Provision of Software and Application Development Services,UN Secretariat,UN Secretariat,UN / Multilateral ICT Contract,UN / Multilateral ICT Contract,,Remote / Global,Global,,Available,2026-07-15,2026-08-30,2026-07-20,Published 15 Jul 2026; deadline 30 Aug 2026,UNGM,A,Official / primary source,Official,52,Low,,https://www.ungm.org/Public/Notice/307464,Reference: EOIUNPD24558. Verify deadline and bidder eligibility on the source portal.
project-00002,Project / Tender,project,Consultancy Firm to Develop Digital Infrastructure and Knowledge Systems,ILO,ILO,Digital Infrastructure Consultancy,Digital Infrastructure Consultancy,,Africa,Ethiopia / East & Horn of Africa,,Expired,2026-06-26,2026-07-09,2026-07-20,Published 26 Jun 2026; deadline 9 Jul 2026,UNGM,A,Official / primary source,Official,50,Low,,https://www.ungm.org/Public/Notice/305410,Reference: rfx_7435_ROAF. Verify deadline and bidder eligibility on the source portal.
project-00003,Project / Tender,project,"ICT Advisory, Research and Consulting Services",UNICC,UNICC,ICT Consulting Framework,ICT Consulting Framework,,Other,Multiple destinations,,Expired,2026-06-19,2026-07-17,2026-07-20,Published 19 Jun 2026; deadline 17 Jul 2026,UNGM,A,Official / primary source,Official,48,Low,,https://www.ungm.org/Public/Notice/304703,Reference: UNICC/RFP/2026/00262. Verify deadline and bidder eligibility on the source portal.
project-00004,Project / Tender,project,Digital Skills Training for Youth and MSMEs,UNDP,UNDP,Digital Skills Consultancy,Digital Skills Consultancy,,Africa,Nigeria,,Expired,2026-06-26,2026-07-08,2026-07-20,Published 26 Jun 2026; deadline 8 Jul 2026,UNGM,A,Official / primary source,Official,50,Low,,https://www.ungm.org/Public/Notice/305435,Reference: UNDP-NGA-01455. Verify deadline and bidder eligibility on the source portal.
project-00005,Project / Tender,project,LTA for Outsourced ICT Support Personnel,UNICEF,UNICEF,ICT Staffing Contract,ICT Staffing Contract,,Other,India / UN Offices,,Available,2026-07-08,2026-07-30,2026-07-20,Published 8 Jul 2026; deadline 30 Jul 2026,UNGM,A,Official / primary source,Official,48,Low,,https://www.ungm.org/Public/Notice/306551,Reference: RFP-2026-019-9204913. Verify deadline and bidder eligibility on the source portal.
project-00006,Project / Tender,project,Digital Innovation and Cooperative Development for Renewable Energy Livelihoods,IOM,IOM,Digital Innovation Consultancy,Digital Innovation Consultancy,,Africa,Uganda,,Expired,2026-07-02,2026-07-10,2026-07-20,Published 2 Jul 2026; deadline 10 Jul 2026,UNGM,A,Official / primary source,Official,50,Low,,https://www.ungm.org/Public/Notice/305967,Reference: CD/06/2026. Verify deadline and bidder eligibility on the source portal.
project-00007,Project / Tender,project,MSME Capacity Assessments and Market Readiness Diagnostics,UNDP,UNDP,Business Development Consultancy,Business Development Consultancy,,Africa,Ghana,,Available,2026-07-10,2026-07-24,2026-07-20,Published 10 Jul 2026; deadline 24 Jul 2026,UNGM,A,Official / primary source,Official,50,Low,,https://www.ungm.org/Public/Notice/306912,Reference: UNDP-GHA-00535. Verify deadline and bidder eligibility on the source portal.
project-00008,Project / Tender,project,"IT Consultancy for ServiceNow, ManageEngine and Open Source Enterprise Solutions",UNICC,UNICC,Enterprise IT Consulting Framework,Enterprise IT Consulting Framework,,Other,Multiple destinations,,Expired,2026-03-09,2026-03-30,2026-07-20,Published 9 Mar 2026; deadline 30 Mar 2026,UNGM,A,Official / primary source,Official,52,Low,,https://www.ungm.org/Public/Notice/293265,Reference: UNICC/RFP/2026/00225. Verify deadline and bidder eligibility on the source portal.
project-00009,Project / Tender,project,Digital Health and AI Access Approach Consultancy,Unitaid / WHO,Unitaid / WHO,Digital Health & AI Consultancy,Digital Health & AI Consultancy,,Remote / Global,Global,,Expired,2026-05-12,2026-05-15,2026-07-20,Published 12 May 2026; deadline 15 May 2026,UNGM,A,Official / primary source,Official,57,Low,,https://www.ungm.org/Public/Notice/298060,Reference: UNITAID/P/0009044. Verify deadline and bidder eligibility on the source portal.
project-00010,Project / Tender,project,Provider of Digital Labor Market Intermediation Services,World Bank Group,World Bank Group,Software & Digital Employment Services,Software & Digital Employment Services,,Remote / Global,Global,,Expired,2026-06-29,2026-07-13,2026-07-20,Published 29 Jun 2026; deadline 13 Jul 2026,World Bank RFx Now,A,Official / primary source,Official,52,Low,,https://wbgeprocure-rfxnow.worldbank.org/rfxnow/public/advertisement/7061/view.html,Reference: 0002022785. Verify deadline and bidder eligibility on the source portal.
project-00011,Project / Tender,project,FCS Africa Private Sector Advisory Assignment,IFC,IFC,Consulting Firm EOI,Consulting Firm EOI,,Africa,Sub-Saharan Africa,,Expired,2026-06-09,2026-07-07,2026-07-20,Published 9 Jun 2026; deadline 7 Jul 2026,World Bank RFx Now,A,Official / primary source,Official,54,Low,,https://wbgeprocure-rfxnow.worldbank.org/rfxnow/public/advertisement/6989/view.html,Reference: Advertisement 6989. Verify deadline and bidder eligibility on the source portal.
project-00012,Project / Tender,project,Data Readiness for AI Development Framework for African Countries,African Development Bank,African Development Bank,Data & AI Consultancy,Data & AI Consultancy,,Africa,Remote / Africa,,Expired,2026-02-11,2026-02-25,2026-07-20,Published 11 Feb 2026; deadline 25 Feb 2026,AfDB,A,Official / primary source,Official,53,Low,,https://www.afdb.org/en/consultants/eoi-consultancy-framework-development-data-readiness-ai-development-african-countries-pitd-90760,Reference: PITD EOI. Verify deadline and bidder eligibility on the source portal.
project-00013,Project / Tender,project,Agribusiness Digital Transformation and Climate Resilience Support,African Development Bank,African Development Bank,Digital Transformation Consultancy,Digital Transformation Consultancy,,Africa,Ghana,,Available,,,2026-07-20,Listed 6 Jul 2026; closing 20 Jul 2026,AfDB Consultants,A,Official / primary source,Official,54,Low,,https://www.afdb.org/en/about-us/careers/current-vacancies/consultants,Reference: AHHD EOI. Verify deadline and bidder eligibility on the source portal.
project-00014,Project / Tender,project,SAPZ Portfolio Management Consultant,African Development Bank,African Development Bank,Portfolio Management Consultancy,Portfolio Management Consultancy,,Africa,Africa,,Available,,,2026-07-20,Listed 8 Jul 2026; closing 31 Jul 2026,AfDB Consultants,A,Official / primary source,Official,50,Low,,https://www.afdb.org/en/about-us/careers/current-vacancies/consultants,Reference: AHFR EOI. Verify deadline and bidder eligibility on the source portal.
project-00015,Project / Tender,project,Supply Chain Finance Market Validation in Africa,African Development Bank,African Development Bank,Financial Technology Consultancy,Financial Technology Consultancy,,Africa,Africa,,Available,,,2026-07-20,Listed 1 Jul 2026; closing 31 Jul 2026,AfDB Consultants,A,Official / primary source,Official,52,Low,,https://www.afdb.org/en/about-us/careers/current-vacancies/consultants,Reference: PIFD EOI. Verify deadline and bidder eligibility on the source portal.
project-00016,Project / Tender,project,UNGM — Ict Consulting Search,UN tenders and EOIs,UN tenders and EOIs,Live Project Search,Live Project Search,,Global,Multiple,,Available,,,2026-07-20,Live portal search / monitor regularly,UNGM,A,Official / primary source,Official,52,Low,,https://www.ungm.org/Public/Notice,Search the portal using the stated keyword; deadlines and eligibility change frequently.
project-00017,Project / Tender,project,UNGM — Digital Transformation Search,UN tenders and EOIs,UN tenders and EOIs,Live Project Search,Live Project Search,,Global,Multiple,,Available,,,2026-07-20,Live portal search / monitor regularly,UNGM,A,Official / primary source,Official,55,Low,,https://www.ungm.org/Public/Notice,Search the portal using the stated keyword; deadlines and eligibility change frequently.
project-00018,Project / Tender,project,UNGM — Software Development Search,UN tenders and EOIs,UN tenders and EOIs,Live Project Search,Live Project Search,,Global,Multiple,,Available,,,2026-07-20,Live portal search / monitor regularly,UNGM,A,Official / primary source,Official,52,Low,,https://www.ungm.org/Public/Notice,Search the portal using the stated keyword; deadlines and eligibility change frequently.
project-00019,Project / Tender,project,UNGM — Enterprise Architecture Search,UN tenders and EOIs,UN tenders and EOIs,Live Project Search,Live Project Search,,Global,Multiple,,Available,,,2026-07-20,Live portal search / monitor regularly,UNGM,A,Official / primary source,Official,66,Medium,,https://www.ungm.org/Public/Notice,Search the portal using the stated keyword; deadlines and eligibility change frequently.
project-00020,Project / Tender,project,UNGM — Data Governance Search,UN tenders and EOIs,UN tenders and EOIs,Live Project Search,Live Project Search,,Global,Multiple,,Available,,,2026-07-20,Live portal search / monitor regularly,UNGM,A,Official / primary source,Official,59,Low,,https://www.ungm.org/Public/Notice,Search the portal using the stated keyword; deadlines and eligibility change frequently.
project-00021,Project / Tender,project,UNGM — Digital Health Search,UN tenders and EOIs,UN tenders and EOIs,Live Project Search,Live Project Search,,Global,Multiple,,Available,,,2026-07-20,Live portal search / monitor regularly,UNGM,A,Official / primary source,Official,57,Low,,https://www.ungm.org/Public/Notice,Search the portal using the stated keyword; deadlines and eligibility change frequently.
project-00022,Project / Tender,project,UNGM — Health Information Systems Search,UN tenders and EOIs,UN tenders and EOIs,Live Project Search,Live Project Search,,Global,Multiple,,Available,,,2026-07-20,Live portal search / monitor regularly,UNGM,A,Official / primary source,Official,53,Low,,https://www.ungm.org/Public/Notice,Search the portal using the stated keyword; deadlines and eligibility change frequently.
project-00023,Project / Tender,project,UNGM — Cloud Migration Search,UN tenders and EOIs,UN tenders and EOIs,Live Project Search,Live Project Search,,Global,Multiple,,Available,,,2026-07-20,Live portal search / monitor regularly,UNGM,A,Official / primary source,Official,53,Low,,https://www.ungm.org/Public/Notice,Search the portal using the stated keyword; deadlines and eligibility change frequently.
project-00024,Project / Tender,project,UNGM — Cybersecurity Consulting Search,UN tenders and EOIs,UN tenders and EOIs,Live Project Search,Live Project Search,,Global,Multiple,,Available,,,2026-07-20,Live portal search / monitor regularly,UNGM,A,Official / primary source,Official,52,Low,,https://www.ungm.org/Public/Notice,Search the portal using the stated keyword; deadlines and eligibility change frequently.
project-00025,Project / Tender,project,UNGM — Ai Strategy Search,UN tenders and EOIs,UN tenders and EOIs,Live Project Search,Live Project Search,,Global,Multiple,,Available,,,2026-07-20,Live portal search / monitor regularly,UNGM,A,Official / primary source,Official,52,Low,,https://www.ungm.org/Public/Notice,Search the portal using the stated keyword; deadlines and eligibility change frequently.
project-00026,Project / Tender,project,UNGM — Erp Implementation Search,UN tenders and EOIs,UN tenders and EOIs,Live Project Search,Live Project Search,,Global,Multiple,,Available,,,2026-07-20,Live portal search / monitor regularly,UNGM,A,Official / primary source,Official,53,Low,,https://www.ungm.org/Public/Notice,Search the portal using the stated keyword; deadlines and eligibility change frequently.
project-00027,Project / Tender,project,UNGM — Systems Integration Search,UN tenders and EOIs,UN tenders and EOIs,Live Project Search,Live Project Search,,Global,Multiple,,Available,,,2026-07-20,Live portal search / monitor regularly,UNGM,A,Official / primary source,Official,53,Low,,https://www.ungm.org/Public/Notice,Search the portal using the stated keyword; deadlines and eligibility change frequently.
project-00028,Project / Tender,project,UNGM — Project Management Search,UN tenders and EOIs,UN tenders and EOIs,Live Project Search,Live Project Search,,Global,Multiple,,Available,,,2026-07-20,Live portal search / monitor regularly,UNGM,A,Official / primary source,Official,52,Low,,https://www.ungm.org/Public/Notice,Search the portal using the stated keyword; deadlines and eligibility change frequently.
project-00029,Project / Tender,project,UNGM — Technical Assistance Search,UN tenders and EOIs,UN tenders and EOIs,Live Project Search,Live Project Search,,Global,Multiple,,Available,,,2026-07-20,Live portal search / monitor regularly,UNGM,A,Official / primary source,Official,52,Low,,https://www.ungm.org/Public/Notice,Search the portal using the stated keyword; deadlines and eligibility change frequently.
project-00030,Project / Tender,project,UNGM — Business Process Reengineering Search,UN tenders and EOIs,UN tenders and EOIs,Live Project Search,Live Project Search,,Global,Multiple,,Available,,,2026-07-20,Live portal search / monitor regularly,UNGM,A,Official / primary source,Official,52,Low,,https://www.ungm.org/Public/Notice,Search the portal using the stated keyword; deadlines and eligibility change frequently.
project-00031,Project / Tender,project,UNDP Procurement Notices — Ict Consulting Search,UNDP tenders and individual consultancies,UNDP tenders and individual consultancies,Live Project Search,Live Project Search,,Global,Multiple,,Available,,,2026-07-20,Live portal search / monitor regularly,UNDP Procurement Notices,A,Official / primary source,Official,53,Low,,https://procurement-notices.undp.org/,Search the portal using the stated keyword; deadlines and eligibility change frequently.
project-00032,Project / Tender,project,UNDP Procurement Notices — Digital Transformation Search,UNDP tenders and individual consultancies,UNDP tenders and individual consultancies,Live Project Search,Live Project Search,,Global,Multiple,,Available,,,2026-07-20,Live portal search / monitor regularly,UNDP Procurement Notices,A,Official / primary source,Official,57,Low,,https://procurement-notices.undp.org/,Search the portal using the stated keyword; deadlines and eligibility change frequently.
project-00033,Project / Tender,project,UNDP Procurement Notices — Software Development Search,UNDP tenders and individual consultancies,UNDP tenders and individual consultancies,Live Project Search,Live Project Search,,Global,Multiple,,Available,,,2026-07-20,Live portal search / monitor regularly,UNDP Procurement Notices,A,Official / primary source,Official,53,Low,,https://procurement-notices.undp.org/,Search the portal using the stated keyword; deadlines and eligibility change frequently.
project-00034,Project / Tender,project,UNDP Procurement Notices — Enterprise Architecture Search,UNDP tenders and individual consultancies,UNDP tenders and individual consultancies,Live Project Search,Live Project Search,,Global,Multiple,,Available,,,2026-07-20,Live portal search / monitor regularly,UNDP Procurement Notices,A,Official / primary source,Official,68,Medium,,https://procurement-notices.undp.org/,Search the portal using the stated keyword; deadlines and eligibility change frequently.
project-00035,Project / Tender,project,UNDP Procurement Notices — Data Governance Search,UNDP tenders and individual consultancies,UNDP tenders and individual consultancies,Live Project Search,Live Project Search,,Global,Multiple,,Available,,,2026-07-20,Live portal search / monitor regularly,UNDP Procurement Notices,A,Official / primary source,Official,60,Medium,,https://procurement-notices.undp.org/,Search the portal using the stated keyword; deadlines and eligibility change frequently.
project-00036,Project / Tender,project,UNDP Procurement Notices — Digital Health Search,UNDP tenders and individual consultancies,UNDP tenders and individual consultancies,Live Project Search,Live Project Search,,Global,Multiple,,Available,,,2026-07-20,Live portal search / monitor regularly,UNDP Procurement Notices,A,Official / primary source,Official,59,Low,,https://procurement-notices.undp.org/,Search the portal using the stated keyword; deadlines and eligibility change frequently.
project-00037,Project / Tender,project,UNDP Procurement Notices — Health Information Systems Search,UNDP tenders and individual consultancies,UNDP tenders and individual consultancies,Live Project Search,Live Project Search,,Global,Multiple,,Available,,,2026-07-20,Live portal search / monitor regularly,UNDP Procurement Notices,A,Official / primary source,Official,55,Low,,https://procurement-notices.undp.org/,Search the portal using the stated keyword; deadlines and eligibility change frequently.
project-00038,Project / Tender,project,UNDP Procurement Notices — Cloud Migration Search,UNDP tenders and individual consultancies,UNDP tenders and individual consultancies,Live Project Search,Live Project Search,,Global,Multiple,,Available,,,2026-07-20,Live portal search / monitor regularly,UNDP Procurement Notices,A,Official / primary source,Official,55,Low,,https://procurement-notices.undp.org/,Search the portal using the stated keyword; deadlines and eligibility change frequently.
project-00039,Project / Tender,project,UNDP Procurement Notices — Cybersecurity Consulting Search,UNDP tenders and individual consultancies,UNDP tenders and individual consultancies,Live Project Search,Live Project Search,,Global,Multiple,,Available,,,2026-07-20,Live portal search / monitor regularly,UNDP Procurement Notices,A,Official / primary source,Official,53,Low,,https://procurement-notices.undp.org/,Search the portal using the stated keyword; deadlines and eligibility change frequently.
project-00040,Project / Tender,project,UNDP Procurement Notices — Ai Strategy Search,UNDP tenders and individual consultancies,UNDP tenders and individual consultancies,Live Project Search,Live Project Search,,Global,Multiple,,Available,,,2026-07-20,Live portal search / monitor regularly,UNDP Procurement Notices,A,Official / primary source,Official,53,Low,,https://procurement-notices.undp.org/,Search the portal using the stated keyword; deadlines and eligibility change frequently.
project-00041,Project / Tender,project,UNDP Procurement Notices — Erp Implementation Search,UNDP tenders and individual consultancies,UNDP tenders and individual consultancies,Live Project Search,Live Project Search,,Global,Multiple,,Available,,,2026-07-20,Live portal search / monitor regularly,UNDP Procurement Notices,A,Official / primary source,Official,55,Low,,https://procurement-notices.undp.org/,Search the portal using the stated keyword; deadlines and eligibility change frequently.
project-00042,Project / Tender,project,UNDP Procurement Notices — Systems Integration Search,UNDP tenders and individual consultancies,UNDP tenders and individual consultancies,Live Project Search,Live Project Search,,Global,Multiple,,Available,,,2026-07-20,Live portal search / monitor regularly,UNDP Procurement Notices,A,Official / primary source,Official,55,Low,,https://procurement-notices.undp.org/,Search the portal using the stated keyword; deadlines and eligibility change frequently.
project-00043,Project / Tender,project,UNDP Procurement Notices — Project Management Search,UNDP tenders and individual consultancies,UNDP tenders and individual consultancies,Live Project Search,Live Project Search,,Global,Multiple,,Available,,,2026-07-20,Live portal search / monitor regularly,UNDP Procurement Notices,A,Official / primary source,Official,53,Low,,https://procurement-notices.undp.org/,Search the portal using the stated keyword; deadlines and eligibility change frequently.
project-00044,Project / Tender,project,UNDP Procurement Notices — Technical Assistance Search,UNDP tenders and individual consultancies,UNDP tenders and individual consultancies,Live Project Search,Live Project Search,,Global,Multiple,,Available,,,2026-07-20,Live portal search / monitor regularly,UNDP Procurement Notices,A,Official / primary source,Official,53,Low,,https://procurement-notices.undp.org/,Search the portal using the stated keyword; deadlines and eligibility change frequently.
project-00045,Project / Tender,project,UNDP Procurement Notices — Business Process Reengineering Search,UNDP tenders and individual consultancies,UNDP tenders and individual consultancies,Live Project Search,Live Project Search,,Global,Multiple,,Available,,,2026-07-20,Live portal search / monitor regularly,UNDP Procurement Notices,A,Official / primary source,Official,53,Low,,https://procurement-notices.undp.org/,Search the portal using the stated keyword; deadlines and eligibility change frequently.
project-00046,Project / Tender,project,World Bank RFx Now — Ict Consulting Search,World Bank consulting opportunities,World Bank consulting opportunities,Live Project Search,Live Project Search,,Global,Multiple,,Available,,,2026-07-20,Live portal search / monitor regularly,World Bank RFx Now,A,Official / primary source,Official,52,Low,,https://wbgeprocure-rfxnow.worldbank.org/rfxnow/public/advertisement/list.html,Search the portal using the stated keyword; deadlines and eligibility change frequently.
project-00047,Project / Tender,project,World Bank RFx Now — Digital Transformation Search,World Bank consulting opportunities,World Bank consulting opportunities,Live Project Search,Live Project Search,,Global,Multiple,,Available,,,2026-07-20,Live portal search / monitor regularly,World Bank RFx Now,A,Official / primary source,Official,55,Low,,https://wbgeprocure-rfxnow.worldbank.org/rfxnow/public/advertisement/list.html,Search the portal using the stated keyword; deadlines and eligibility change frequently.
project-00048,Project / Tender,project,World Bank RFx Now — Software Development Search,World Bank consulting opportunities,World Bank consulting opportunities,Live Project Search,Live Project Search,,Global,Multiple,,Available,,,2026-07-20,Live portal search / monitor regularly,World Bank RFx Now,A,Official / primary source,Official,52,Low,,https://wbgeprocure-rfxnow.worldbank.org/rfxnow/public/advertisement/list.html,Search the portal using the stated keyword; deadlines and eligibility change frequently.
project-00049,Project / Tender,project,World Bank RFx Now — Enterprise Architecture Search,World Bank consulting opportunities,World Bank consulting opportunities,Live Project Search,Live Project Search,,Global,Multiple,,Available,,,2026-07-20,Live portal search / monitor regularly,World Bank RFx Now,A,Official / primary source,Official,66,Medium,,https://wbgeprocure-rfxnow.worldbank.org/rfxnow/public/advertisement/list.html,Search the portal using the stated keyword; deadlines and eligibility change frequently.
project-00050,Project / Tender,project,World Bank RFx Now — Data Governance Search,World Bank consulting opportunities,World Bank consulting opportunities,Live Project Search,Live Project Search,,Global,Multiple,,Available,,,2026-07-20,Live portal search / monitor regularly,World Bank RFx Now,A,Official / primary source,Official,59,Low,,https://wbgeprocure-rfxnow.worldbank.org/rfxnow/public/advertisement/list.html,Search the portal using the stated keyword; deadlines and eligibility change frequently.
project-00051,Project / Tender,project,World Bank RFx Now — Digital Health Search,World Bank consulting opportunities,World Bank consulting opportunities,Live Project Search,Live Project Search,,Global,Multiple,,Available,,,2026-07-20,Live portal search / monitor regularly,World Bank RFx Now,A,Official / primary source,Official,57,Low,,https://wbgeprocure-rfxnow.worldbank.org/rfxnow/public/advertisement/list.html,Search the portal using the stated keyword; deadlines and eligibility change frequently.
project-00052,Project / Tender,project,World Bank RFx Now — Health Information Systems Search,World Bank consulting opportunities,World Bank consulting opportunities,Live Project Search,Live Project Search,,Global,Multiple,,Available,,,2026-07-20,Live portal search / monitor regularly,World Bank RFx Now,A,Official / primary source,Official,53,Low,,https://wbgeprocure-rfxnow.worldbank.org/rfxnow/public/advertisement/list.html,Search the portal using the stated keyword; deadlines and eligibility change frequently.
project-00053,Project / Tender,project,World Bank RFx Now — Cloud Migration Search,World Bank consulting opportunities,World Bank consulting opportunities,Live Project Search,Live Project Search,,Global,Multiple,,Available,,,2026-07-20,Live portal search / monitor regularly,World Bank RFx Now,A,Official / primary source,Official,53,Low,,https://wbgeprocure-rfxnow.worldbank.org/rfxnow/public/advertisement/list.html,Search the portal using the stated keyword; deadlines and eligibility change frequently.
project-00054,Project / Tender,project,World Bank RFx Now — Cybersecurity Consulting Search,World Bank consulting opportunities,World Bank consulting opportunities,Live Project Search,Live Project Search,,Global,Multiple,,Available,,,2026-07-20,Live portal search / monitor regularly,World Bank RFx Now,A,Official / primary source,Official,52,Low,,https://wbgeprocure-rfxnow.worldbank.org/rfxnow/public/advertisement/list.html,Search the portal using the stated keyword; deadlines and eligibility change frequently.
project-00055,Project / Tender,project,World Bank RFx Now — Ai Strategy Search,World Bank consulting opportunities,World Bank consulting opportunities,Live Project Search,Live Project Search,,Global,Multiple,,Available,,,2026-07-20,Live portal search / monitor regularly,World Bank RFx Now,A,Official / primary source,Official,52,Low,,https://wbgeprocure-rfxnow.worldbank.org/rfxnow/public/advertisement/list.html,Search the portal using the stated keyword; deadlines and eligibility change frequently.
project-00056,Project / Tender,project,World Bank RFx Now — Erp Implementation Search,World Bank consulting opportunities,World Bank consulting opportunities,Live Project Search,Live Project Search,,Global,Multiple,,Available,,,2026-07-20,Live portal search / monitor regularly,World Bank RFx Now,A,Official / primary source,Official,53,Low,,https://wbgeprocure-rfxnow.worldbank.org/rfxnow/public/advertisement/list.html,Search the portal using the stated keyword; deadlines and eligibility change frequently.
project-00057,Project / Tender,project,World Bank RFx Now — Systems Integration Search,World Bank consulting opportunities,World Bank consulting opportunities,Live Project Search,Live Project Search,,Global,Multiple,,Available,,,2026-07-20,Live portal search / monitor regularly,World Bank RFx Now,A,Official / primary source,Official,53,Low,,https://wbgeprocure-rfxnow.worldbank.org/rfxnow/public/advertisement/list.html,Search the portal using the stated keyword; deadlines and eligibility change frequently.
project-00058,Project / Tender,project,World Bank RFx Now — Project Management Search,World Bank consulting opportunities,World Bank consulting opportunities,Live Project Search,Live Project Search,,Global,Multiple,,Available,,,2026-07-20,Live portal search / monitor regularly,World Bank RFx Now,A,Official / primary source,Official,52,Low,,https://wbgeprocure-rfxnow.worldbank.org/rfxnow/public/advertisement/list.html,Search the portal using the stated keyword; deadlines and eligibility change frequently.
project-00059,Project / Tender,project,World Bank RFx Now — Technical Assistance Search,World Bank consulting opportunities,World Bank consulting opportunities,Live Project Search,Live Project Search,,Global,Multiple,,Available,,,2026-07-20,Live portal search / monitor regularly,World Bank RFx Now,A,Official / primary source,Official,52,Low,,https://wbgeprocure-rfxnow.worldbank.org/rfxnow/public/advertisement/list.html,Search the portal using the stated keyword; deadlines and eligibility change frequently.
project-00060,Project / Tender,project,World Bank RFx Now — Business Process Reengineering Search,World Bank consulting opportunities,World Bank consulting opportunities,Live Project Search,Live Project Search,,Global,Multiple,,Available,,,2026-07-20,Live portal search / monitor regularly,World Bank RFx Now,A,Official / primary source,Official,52,Low,,https://wbgeprocure-rfxnow.worldbank.org/rfxnow/public/advertisement/list.html,Search the portal using the stated keyword; deadlines and eligibility change frequently.
project-00061,Project / Tender,project,AfDB Consultants — Ict Consulting Search,African Development Bank consultancies,African Development Bank consultancies,Live Project Search,Live Project Search,,Global,Multiple,,Available,,,2026-07-20,Live portal search / monitor regularly,AfDB Consultants,A,Official / primary source,Official,52,Low,,https://www.afdb.org/en/about-us/careers/current-vacancies/consultants,Search the portal using the stated keyword; deadlines and eligibility change frequently.
project-00062,Project / Tender,project,AfDB Consultants — Digital Transformation Search,African Development Bank consultancies,African Development Bank consultancies,Live Project Search,Live Project Search,,Global,Multiple,,Available,,,2026-07-20,Live portal search / monitor regularly,AfDB Consultants,A,Official / primary source,Official,55,Low,,https://www.afdb.org/en/about-us/careers/current-vacancies/consultants,Search the portal using the stated keyword; deadlines and eligibility change frequently.
project-00063,Project / Tender,project,AfDB Consultants — Software Development Search,African Development Bank consultancies,African Development Bank consultancies,Live Project Search,Live Project Search,,Global,Multiple,,Available,,,2026-07-20,Live portal search / monitor regularly,AfDB Consultants,A,Official / primary source,Official,52,Low,,https://www.afdb.org/en/about-us/careers/current-vacancies/consultants,Search the portal using the stated keyword; deadlines and eligibility change frequently.
project-00064,Project / Tender,project,AfDB Consultants — Enterprise Architecture Search,African Development Bank consultancies,African Development Bank consultancies,Live Project Search,Live Project Search,,Global,Multiple,,Available,,,2026-07-20,Live portal search / monitor regularly,AfDB Consultants,A,Official / primary source,Official,66,Medium,,https://www.afdb.org/en/about-us/careers/current-vacancies/consultants,Search the portal using the stated keyword; deadlines and eligibility change frequently.
project-00065,Project / Tender,project,AfDB Consultants — Data Governance Search,African Development Bank consultancies,African Development Bank consultancies,Live Project Search,Live Project Search,,Global,Multiple,,Available,,,2026-07-20,Live portal search / monitor regularly,AfDB Consultants,A,Official / primary source,Official,59,Low,,https://www.afdb.org/en/about-us/careers/current-vacancies/consultants,Search the portal using the stated keyword; deadlines and eligibility change frequently.
project-00066,Project / Tender,project,AfDB Consultants — Digital Health Search,African Development Bank consultancies,African Development Bank consultancies,Live Project Search,Live Project Search,,Global,Multiple,,Available,,,2026-07-20,Live portal search / monitor regularly,AfDB Consultants,A,Official / primary source,Official,57,Low,,https://www.afdb.org/en/about-us/careers/current-vacancies/consultants,Search the portal using the stated keyword; deadlines and eligibility change frequently.
project-00067,Project / Tender,project,AfDB Consultants — Health Information Systems Search,African Development Bank consultancies,African Development Bank consultancies,Live Project Search,Live Project Search,,Global,Multiple,,Available,,,2026-07-20,Live portal search / monitor regularly,AfDB Consultants,A,Official / primary source,Official,53,Low,,https://www.afdb.org/en/about-us/careers/current-vacancies/consultants,Search the portal using the stated keyword; deadlines and eligibility change frequently.
project-00068,Project / Tender,project,AfDB Consultants — Cloud Migration Search,African Development Bank consultancies,African Development Bank consultancies,Live Project Search,Live Project Search,,Global,Multiple,,Available,,,2026-07-20,Live portal search / monitor regularly,AfDB Consultants,A,Official / primary source,Official,53,Low,,https://www.afdb.org/en/about-us/careers/current-vacancies/consultants,Search the portal using the stated keyword; deadlines and eligibility change frequently.
project-00069,Project / Tender,project,AfDB Consultants — Cybersecurity Consulting Search,African Development Bank consultancies,African Development Bank consultancies,Live Project Search,Live Project Search,,Global,Multiple,,Available,,,2026-07-20,Live portal search / monitor regularly,AfDB Consultants,A,Official / primary source,Official,52,Low,,https://www.afdb.org/en/about-us/careers/current-vacancies/consultants,Search the portal using the stated keyword; deadlines and eligibility change frequently.
project-00070,Project / Tender,project,AfDB Consultants — Ai Strategy Search,African Development Bank consultancies,African Development Bank consultancies,Live Project Search,Live Project Search,,Global,Multiple,,Available,,,2026-07-20,Live portal search / monitor regularly,AfDB Consultants,A,Official / primary source,Official,52,Low,,https://www.afdb.org/en/about-us/careers/current-vacancies/consultants,Search the portal using the stated keyword; deadlines and eligibility change frequently.
project-00071,Project / Tender,project,AfDB Consultants — Erp Implementation Search,African Development Bank consultancies,African Development Bank consultancies,Live Project Search,Live Project Search,,Global,Multiple,,Available,,,2026-07-20,Live portal search / monitor regularly,AfDB Consultants,A,Official / primary source,Official,53,Low,,https://www.afdb.org/en/about-us/careers/current-vacancies/consultants,Search the portal using the stated keyword; deadlines and eligibility change frequently.
project-00072,Project / Tender,project,AfDB Consultants — Systems Integration Search,African Development Bank consultancies,African Development Bank consultancies,Live Project Search,Live Project Search,,Global,Multiple,,Available,,,2026-07-20,Live portal search / monitor regularly,AfDB Consultants,A,Official / primary source,Official,53,Low,,https://www.afdb.org/en/about-us/careers/current-vacancies/consultants,Search the portal using the stated keyword; deadlines and eligibility change frequently.
project-00073,Project / Tender,project,AfDB Consultants — Project Management Search,African Development Bank consultancies,African Development Bank consultancies,Live Project Search,Live Project Search,,Global,Multiple,,Available,,,2026-07-20,Live portal search / monitor regularly,AfDB Consultants,A,Official / primary source,Official,52,Low,,https://www.afdb.org/en/about-us/careers/current-vacancies/consultants,Search the portal using the stated keyword; deadlines and eligibility change frequently.
project-00074,Project / Tender,project,AfDB Consultants — Technical Assistance Search,African Development Bank consultancies,African Development Bank consultancies,Live Project Search,Live Project Search,,Global,Multiple,,Available,,,2026-07-20,Live portal search / monitor regularly,AfDB Consultants,A,Official / primary source,Official,52,Low,,https://www.afdb.org/en/about-us/careers/current-vacancies/consultants,Search the portal using the stated keyword; deadlines and eligibility change frequently.
project-00075,Project / Tender,project,AfDB Consultants — Business Process Reengineering Search,African Development Bank consultancies,African Development Bank consultancies,Live Project Search,Live Project Search,,Global,Multiple,,Available,,,2026-07-20,Live portal search / monitor regularly,AfDB Consultants,A,Official / primary source,Official,52,Low,,https://www.afdb.org/en/about-us/careers/current-vacancies/consultants,Search the portal using the stated keyword; deadlines and eligibility change frequently.
project-00076,Project / Tender,project,AfDB Corporate Procurement — Ict Consulting Search,AfDB procurement,AfDB procurement,Live Project Search,Live Project Search,,Global,Multiple,,Available,,,2026-07-20,Live portal search / monitor regularly,AfDB Corporate Procurement,A,Official / primary source,Official,53,Low,,https://www.afdb.org/en/about-us/corporate-procurement,Search the portal using the stated keyword; deadlines and eligibility change frequently.
project-00077,Project / Tender,project,AfDB Corporate Procurement — Digital Transformation Search,AfDB procurement,AfDB procurement,Live Project Search,Live Project Search,,Global,Multiple,,Available,,,2026-07-20,Live portal search / monitor regularly,AfDB Corporate Procurement,A,Official / primary source,Official,57,Low,,https://www.afdb.org/en/about-us/corporate-procurement,Search the portal using the stated keyword; deadlines and eligibility change frequently.
project-00078,Project / Tender,project,AfDB Corporate Procurement — Software Development Search,AfDB procurement,AfDB procurement,Live Project Search,Live Project Search,,Global,Multiple,,Available,,,2026-07-20,Live portal search / monitor regularly,AfDB Corporate Procurement,A,Official / primary source,Official,53,Low,,https://www.afdb.org/en/about-us/corporate-procurement,Search the portal using the stated keyword; deadlines and eligibility change frequently.
project-00079,Project / Tender,project,AfDB Corporate Procurement — Enterprise Architecture Search,AfDB procurement,AfDB procurement,Live Project Search,Live Project Search,,Global,Multiple,,Available,,,2026-07-20,Live portal search / monitor regularly,AfDB Corporate Procurement,A,Official / primary source,Official,68,Medium,,https://www.afdb.org/en/about-us/corporate-procurement,Search the portal using the stated keyword; deadlines and eligibility change frequently.
project-00080,Project / Tender,project,AfDB Corporate Procurement — Data Governance Search,AfDB procurement,AfDB procurement,Live Project Search,Live Project Search,,Global,Multiple,,Available,,,2026-07-20,Live portal search / monitor regularly,AfDB Corporate Procurement,A,Official / primary source,Official,60,Medium,,https://www.afdb.org/en/about-us/corporate-procurement,Search the portal using the stated keyword; deadlines and eligibility change frequently.
project-00081,Project / Tender,project,AfDB Corporate Procurement — Digital Health Search,AfDB procurement,AfDB procurement,Live Project Search,Live Project Search,,Global,Multiple,,Available,,,2026-07-20,Live portal search / monitor regularly,AfDB Corporate Procurement,A,Official / primary source,Official,59,Low,,https://www.afdb.org/en/about-us/corporate-procurement,Search the portal using the stated keyword; deadlines and eligibility change frequently.
project-00082,Project / Tender,project,AfDB Corporate Procurement — Health Information Systems Search,AfDB procurement,AfDB procurement,Live Project Search,Live Project Search,,Global,Multiple,,Available,,,2026-07-20,Live portal search / monitor regularly,AfDB Corporate Procurement,A,Official / primary source,Official,55,Low,,https://www.afdb.org/en/about-us/corporate-procurement,Search the portal using the stated keyword; deadlines and eligibility change frequently.
project-00083,Project / Tender,project,AfDB Corporate Procurement — Cloud Migration Search,AfDB procurement,AfDB procurement,Live Project Search,Live Project Search,,Global,Multiple,,Available,,,2026-07-20,Live portal search / monitor regularly,AfDB Corporate Procurement,A,Official / primary source,Official,55,Low,,https://www.afdb.org/en/about-us/corporate-procurement,Search the portal using the stated keyword; deadlines and eligibility change frequently.
project-00084,Project / Tender,project,AfDB Corporate Procurement — Cybersecurity Consulting Search,AfDB procurement,AfDB procurement,Live Project Search,Live Project Search,,Global,Multiple,,Available,,,2026-07-20,Live portal search / monitor regularly,AfDB Corporate Procurement,A,Official / primary source,Official,53,Low,,https://www.afdb.org/en/about-us/corporate-procurement,Search the portal using the stated keyword; deadlines and eligibility change frequently.
project-00085,Project / Tender,project,AfDB Corporate Procurement — Ai Strategy Search,AfDB procurement,AfDB procurement,Live Project Search,Live Project Search,,Global,Multiple,,Available,,,2026-07-20,Live portal search / monitor regularly,AfDB Corporate Procurement,A,Official / primary source,Official,53,Low,,https://www.afdb.org/en/about-us/corporate-procurement,Search the portal using the stated keyword; deadlines and eligibility change frequently.
project-00086,Project / Tender,project,AfDB Corporate Procurement — Erp Implementation Search,AfDB procurement,AfDB procurement,Live Project Search,Live Project Search,,Global,Multiple,,Available,,,2026-07-20,Live portal search / monitor regularly,AfDB Corporate Procurement,A,Official / primary source,Official,55,Low,,https://www.afdb.org/en/about-us/corporate-procurement,Search the portal using the stated keyword; deadlines and eligibility change frequently.
project-00087,Project / Tender,project,AfDB Corporate Procurement — Systems Integration Search,AfDB procurement,AfDB procurement,Live Project Search,Live Project Search,,Global,Multiple,,Available,,,2026-07-20,Live portal search / monitor regularly,AfDB Corporate Procurement,A,Official / primary source,Official,55,Low,,https://www.afdb.org/en/about-us/corporate-procurement,Search the portal using the stated keyword; deadlines and eligibility change frequently.
project-00088,Project / Tender,project,AfDB Corporate Procurement — Project Management Search,AfDB procurement,AfDB procurement,Live Project Search,Live Project Search,,Global,Multiple,,Available,,,2026-07-20,Live portal search / monitor regularly,AfDB Corporate Procurement,A,Official / primary source,Official,53,Low,,https://www.afdb.org/en/about-us/corporate-procurement,Search the portal using the stated keyword; deadlines and eligibility change frequently.
project-00089,Project / Tender,project,AfDB Corporate Procurement — Technical Assistance Search,AfDB procurement,AfDB procurement,Live Project Search,Live Project Search,,Global,Multiple,,Available,,,2026-07-20,Live portal search / monitor regularly,AfDB Corporate Procurement,A,Official / primary source,Official,53,Low,,https://www.afdb.org/en/about-us/corporate-procurement,Search the portal using the stated keyword; deadlines and eligibility change frequently.
project-00090,Project / Tender,project,AfDB Corporate Procurement — Business Process Reengineering Search,AfDB procurement,AfDB procurement,Live Project Search,Live Project Search,,Global,Multiple,,Available,,,2026-07-20,Live portal search / monitor regularly,AfDB Corporate Procurement,A,Official / primary source,Official,53,Low,,https://www.afdb.org/en/about-us/corporate-procurement,Search the portal using the stated keyword; deadlines and eligibility change frequently.
project-00091,Project / Tender,project,EBRD ECEPP — Ict Consulting Search,EBRD procurement and consulting,EBRD procurement and consulting,Live Project Search,Live Project Search,,Global,Multiple,,Available,,,2026-07-20,Live portal search / monitor regularly,EBRD ECEPP,A,Official / primary source,Official,53,Low,,https://ecepp.ebrd.com/,Search the portal using the stated keyword; deadlines and eligibility change frequently.
project-00092,Project / Tender,project,EBRD ECEPP — Digital Transformation Search,EBRD procurement and consulting,EBRD procurement and consulting,Live Project Search,Live Project Search,,Global,Multiple,,Available,,,2026-07-20,Live portal search / monitor regularly,EBRD ECEPP,A,Official / primary source,Official,57,Low,,https://ecepp.ebrd.com/,Search the portal using the stated keyword; deadlines and eligibility change frequently.
project-00093,Project / Tender,project,EBRD ECEPP — Software Development Search,EBRD procurement and consulting,EBRD procurement and consulting,Live Project Search,Live Project Search,,Global,Multiple,,Available,,,2026-07-20,Live portal search / monitor regularly,EBRD ECEPP,A,Official / primary source,Official,53,Low,,https://ecepp.ebrd.com/,Search the portal using the stated keyword; deadlines and eligibility change frequently.
project-00094,Project / Tender,project,EBRD ECEPP — Enterprise Architecture Search,EBRD procurement and consulting,EBRD procurement and consulting,Live Project Search,Live Project Search,,Global,Multiple,,Available,,,2026-07-20,Live portal search / monitor regularly,EBRD ECEPP,A,Official / primary source,Official,68,Medium,,https://ecepp.ebrd.com/,Search the portal using the stated keyword; deadlines and eligibility change frequently.
project-00095,Project / Tender,project,EBRD ECEPP — Data Governance Search,EBRD procurement and consulting,EBRD procurement and consulting,Live Project Search,Live Project Search,,Global,Multiple,,Available,,,2026-07-20,Live portal search / monitor regularly,EBRD ECEPP,A,Official / primary source,Official,60,Medium,,https://ecepp.ebrd.com/,Search the portal using the stated keyword; deadlines and eligibility change frequently.
project-00096,Project / Tender,project,EBRD ECEPP — Digital Health Search,EBRD procurement and consulting,EBRD procurement and consulting,Live Project Search,Live Project Search,,Global,Multiple,,Available,,,2026-07-20,Live portal search / monitor regularly,EBRD ECEPP,A,Official / primary source,Official,59,Low,,https://ecepp.ebrd.com/,Search the portal using the stated keyword; deadlines and eligibility change frequently.
project-00097,Project / Tender,project,EBRD ECEPP — Health Information Systems Search,EBRD procurement and consulting,EBRD procurement and consulting,Live Project Search,Live Project Search,,Global,Multiple,,Available,,,2026-07-20,Live portal search / monitor regularly,EBRD ECEPP,A,Official / primary source,Official,55,Low,,https://ecepp.ebrd.com/,Search the portal using the stated keyword; deadlines and eligibility change frequently.
project-00098,Project / Tender,project,EBRD ECEPP — Cloud Migration Search,EBRD procurement and consulting,EBRD procurement and consulting,Live Project Search,Live Project Search,,Global,Multiple,,Available,,,2026-07-20,Live portal search / monitor regularly,EBRD ECEPP,A,Official / primary source,Official,55,Low,,https://ecepp.ebrd.com/,Search the portal using the stated keyword; deadlines and eligibility change frequently.
project-00099,Project / Tender,project,EBRD ECEPP — Cybersecurity Consulting Search,EBRD procurement and consulting,EBRD procurement and consulting,Live Project Search,Live Project Search,,Global,Multiple,,Available,,,2026-07-20,Live portal search / monitor regularly,EBRD ECEPP,A,Official / primary source,Official,53,Low,,https://ecepp.ebrd.com/,Search the portal using the stated keyword; deadlines and eligibility change frequently.
project-00100,Project / Tender,project,EBRD ECEPP — Ai Strategy Search,EBRD procurement and consulting,EBRD procurement and consulting,Live Project Search,Live Project Search,,Global,Multiple,,Available,,,2026-07-20,Live portal search / monitor regularly,EBRD ECEPP,A,Official / primary source,Official,53,Low,,https://ecepp.ebrd.com/,Search the portal using the stated keyword; deadlines and eligibility change frequently.
project-00101,Project / Tender,project,EBRD ECEPP — Erp Implementation Search,EBRD procurement and consulting,EBRD procurement and consulting,Live Project Search,Live Project Search,,Global,Multiple,,Available,,,2026-07-20,Live portal search / monitor regularly,EBRD ECEPP,A,Official / primary source,Official,55,Low,,https://ecepp.ebrd.com/,Search the portal using the stated keyword; deadlines and eligibility change frequently.
project-00102,Project / Tender,project,EBRD ECEPP — Systems Integration Search,EBRD procurement and consulting,EBRD procurement and consulting,Live Project Search,Live Project Search,,Global,Multiple,,Available,,,2026-07-20,Live portal search / monitor regularly,EBRD ECEPP,A,Official / primary source,Official,55,Low,,https://ecepp.ebrd.com/,Search the portal using the stated keyword; deadlines and eligibility change frequently.
project-00103,Project / Tender,project,EBRD ECEPP — Project Management Search,EBRD procurement and consulting,EBRD procurement and consulting,Live Project Search,Live Project Search,,Global,Multiple,,Available,,,2026-07-20,Live portal search / monitor regularly,EBRD ECEPP,A,Official / primary source,Official,53,Low,,https://ecepp.ebrd.com/,Search the portal using the stated keyword; deadlines and eligibility change frequently.
project-00104,Project / Tender,project,EBRD ECEPP — Technical Assistance Search,EBRD procurement and consulting,EBRD procurement and consulting,Live Project Search,Live Project Search,,Global,Multiple,,Available,,,2026-07-20,Live portal search / monitor regularly,EBRD ECEPP,A,Official / primary source,Official,53,Low,,https://ecepp.ebrd.com/,Search the portal using the stated keyword; deadlines and eligibility change frequently.
project-00105,Project / Tender,project,EBRD ECEPP — Business Process Reengineering Search,EBRD procurement and consulting,EBRD procurement and consulting,Live Project Search,Live Project Search,,Global,Multiple,,Available,,,2026-07-20,Live portal search / monitor regularly,EBRD ECEPP,A,Official / primary source,Official,53,Low,,https://ecepp.ebrd.com/,Search the portal using the stated keyword; deadlines and eligibility change frequently.
project-00106,Project / Tender,project,IsDB Procurement — Ict Consulting Search,Islamic Development Bank procurement,Islamic Development Bank procurement,Live Project Search,Live Project Search,,Global,Multiple,,Available,,,2026-07-20,Live portal search / monitor regularly,IsDB Procurement,A,Official / primary source,Official,53,Low,,https://www.isdb.org/project-procurement,Search the portal using the stated keyword; deadlines and eligibility change frequently.
project-00107,Project / Tender,project,IsDB Procurement — Digital Transformation Search,Islamic Development Bank procurement,Islamic Development Bank procurement,Live Project Search,Live Project Search,,Global,Multiple,,Available,,,2026-07-20,Live portal search / monitor regularly,IsDB Procurement,A,Official / primary source,Official,57,Low,,https://www.isdb.org/project-procurement,Search the portal using the stated keyword; deadlines and eligibility change frequently.
project-00108,Project / Tender,project,IsDB Procurement — Software Development Search,Islamic Development Bank procurement,Islamic Development Bank procurement,Live Project Search,Live Project Search,,Global,Multiple,,Available,,,2026-07-20,Live portal search / monitor regularly,IsDB Procurement,A,Official / primary source,Official,53,Low,,https://www.isdb.org/project-procurement,Search the portal using the stated keyword; deadlines and eligibility change frequently.
project-00109,Project / Tender,project,IsDB Procurement — Enterprise Architecture Search,Islamic Development Bank procurement,Islamic Development Bank procurement,Live Project Search,Live Project Search,,Global,Multiple,,Available,,,2026-07-20,Live portal search / monitor regularly,IsDB Procurement,A,Official / primary source,Official,68,Medium,,https://www.isdb.org/project-procurement,Search the portal using the stated keyword; deadlines and eligibility change frequently.
project-00110,Project / Tender,project,IsDB Procurement — Data Governance Search,Islamic Development Bank procurement,Islamic Development Bank procurement,Live Project Search,Live Project Search,,Global,Multiple,,Available,,,2026-07-20,Live portal search / monitor regularly,IsDB Procurement,A,Official / primary source,Official,60,Medium,,https://www.isdb.org/project-procurement,Search the portal using the stated keyword; deadlines and eligibility change frequently.
project-00111,Project / Tender,project,IsDB Procurement — Digital Health Search,Islamic Development Bank procurement,Islamic Development Bank procurement,Live Project Search,Live Project Search,,Global,Multiple,,Available,,,2026-07-20,Live portal search / monitor regularly,IsDB Procurement,A,Official / primary source,Official,59,Low,,https://www.isdb.org/project-procurement,Search the portal using the stated keyword; deadlines and eligibility change frequently.
project-00112,Project / Tender,project,IsDB Procurement — Health Information Systems Search,Islamic Development Bank procurement,Islamic Development Bank procurement,Live Project Search,Live Project Search,,Global,Multiple,,Available,,,2026-07-20,Live portal search / monitor regularly,IsDB Procurement,A,Official / primary source,Official,55,Low,,https://www.isdb.org/project-procurement,Search the portal using the stated keyword; deadlines and eligibility change frequently.
project-00113,Project / Tender,project,IsDB Procurement — Cloud Migration Search,Islamic Development Bank procurement,Islamic Development Bank procurement,Live Project Search,Live Project Search,,Global,Multiple,,Available,,,2026-07-20,Live portal search / monitor regularly,IsDB Procurement,A,Official / primary source,Official,55,Low,,https://www.isdb.org/project-procurement,Search the portal using the stated keyword; deadlines and eligibility change frequently.
project-00114,Project / Tender,project,IsDB Procurement — Cybersecurity Consulting Search,Islamic Development Bank procurement,Islamic Development Bank procurement,Live Project Search,Live Project Search,,Global,Multiple,,Available,,,2026-07-20,Live portal search / monitor regularly,IsDB Procurement,A,Official / primary source,Official,53,Low,,https://www.isdb.org/project-procurement,Search the portal using the stated keyword; deadlines and eligibility change frequently.
project-00115,Project / Tender,project,IsDB Procurement — Ai Strategy Search,Islamic Development Bank procurement,Islamic Development Bank procurement,Live Project Search,Live Project Search,,Global,Multiple,,Available,,,2026-07-20,Live portal search / monitor regularly,IsDB Procurement,A,Official / primary source,Official,53,Low,,https://www.isdb.org/project-procurement,Search the portal using the stated keyword; deadlines and eligibility change frequently.
project-00116,Project / Tender,project,IsDB Procurement — Erp Implementation Search,Islamic Development Bank procurement,Islamic Development Bank procurement,Live Project Search,Live Project Search,,Global,Multiple,,Available,,,2026-07-20,Live portal search / monitor regularly,IsDB Procurement,A,Official / primary source,Official,55,Low,,https://www.isdb.org/project-procurement,Search the portal using the stated keyword; deadlines and eligibility change frequently.
project-00117,Project / Tender,project,IsDB Procurement — Systems Integration Search,Islamic Development Bank procurement,Islamic Development Bank procurement,Live Project Search,Live Project Search,,Global,Multiple,,Available,,,2026-07-20,Live portal search / monitor regularly,IsDB Procurement,A,Official / primary source,Official,55,Low,,https://www.isdb.org/project-procurement,Search the portal using the stated keyword; deadlines and eligibility change frequently.
project-00118,Project / Tender,project,IsDB Procurement — Project Management Search,Islamic Development Bank procurement,Islamic Development Bank procurement,Live Project Search,Live Project Search,,Global,Multiple,,Available,,,2026-07-20,Live portal search / monitor regularly,IsDB Procurement,A,Official / primary source,Official,53,Low,,https://www.isdb.org/project-procurement,Search the portal using the stated keyword; deadlines and eligibility change frequently.
project-00119,Project / Tender,project,IsDB Procurement — Technical Assistance Search,Islamic Development Bank procurement,Islamic Development Bank procurement,Live Project Search,Live Project Search,,Global,Multiple,,Available,,,2026-07-20,Live portal search / monitor regularly,IsDB Procurement,A,Official / primary source,Official,53,Low,,https://www.isdb.org/project-procurement,Search the portal using the stated keyword; deadlines and eligibility change frequently.
project-00120,Project / Tender,project,IsDB Procurement — Business Process Reengineering Search,Islamic Development Bank procurement,Islamic Development Bank procurement,Live Project Search,Live Project Search,,Global,Multiple,,Available,,,2026-07-20,Live portal search / monitor regularly,IsDB Procurement,A,Official / primary source,Official,53,Low,,https://www.isdb.org/project-procurement,Search the portal using the stated keyword; deadlines and eligibility change frequently.
project-00121,Project / Tender,project,EU Funding and Tenders — Ict Consulting Search,European Union tenders,European Union tenders,Live Project Search,Live Project Search,,Global,Multiple,,Available,,,2026-07-20,Live portal search / monitor regularly,EU Funding and Tenders,A,Official / primary source,Official,52,Low,,https://ec.europa.eu/info/funding-tenders/opportunities/portal/screen/home,Search the portal using the stated keyword; deadlines and eligibility change frequently.
project-00122,Project / Tender,project,EU Funding and Tenders — Digital Transformation Search,European Union tenders,European Union tenders,Live Project Search,Live Project Search,,Global,Multiple,,Available,,,2026-07-20,Live portal search / monitor regularly,EU Funding and Tenders,A,Official / primary source,Official,55,Low,,https://ec.europa.eu/info/funding-tenders/opportunities/portal/screen/home,Search the portal using the stated keyword; deadlines and eligibility change frequently.
project-00123,Project / Tender,project,EU Funding and Tenders — Software Development Search,European Union tenders,European Union tenders,Live Project Search,Live Project Search,,Global,Multiple,,Available,,,2026-07-20,Live portal search / monitor regularly,EU Funding and Tenders,A,Official / primary source,Official,52,Low,,https://ec.europa.eu/info/funding-tenders/opportunities/portal/screen/home,Search the portal using the stated keyword; deadlines and eligibility change frequently.
project-00124,Project / Tender,project,EU Funding and Tenders — Enterprise Architecture Search,European Union tenders,European Union tenders,Live Project Search,Live Project Search,,Global,Multiple,,Available,,,2026-07-20,Live portal search / monitor regularly,EU Funding and Tenders,A,Official / primary source,Official,66,Medium,,https://ec.europa.eu/info/funding-tenders/opportunities/portal/screen/home,Search the portal using the stated keyword; deadlines and eligibility change frequently.
project-00125,Project / Tender,project,EU Funding and Tenders — Data Governance Search,European Union tenders,European Union tenders,Live Project Search,Live Project Search,,Global,Multiple,,Available,,,2026-07-20,Live portal search / monitor regularly,EU Funding and Tenders,A,Official / primary source,Official,59,Low,,https://ec.europa.eu/info/funding-tenders/opportunities/portal/screen/home,Search the portal using the stated keyword; deadlines and eligibility change frequently.
project-00126,Project / Tender,project,EU Funding and Tenders — Digital Health Search,European Union tenders,European Union tenders,Live Project Search,Live Project Search,,Global,Multiple,,Available,,,2026-07-20,Live portal search / monitor regularly,EU Funding and Tenders,A,Official / primary source,Official,57,Low,,https://ec.europa.eu/info/funding-tenders/opportunities/portal/screen/home,Search the portal using the stated keyword; deadlines and eligibility change frequently.
project-00127,Project / Tender,project,EU Funding and Tenders — Health Information Systems Search,European Union tenders,European Union tenders,Live Project Search,Live Project Search,,Global,Multiple,,Available,,,2026-07-20,Live portal search / monitor regularly,EU Funding and Tenders,A,Official / primary source,Official,53,Low,,https://ec.europa.eu/info/funding-tenders/opportunities/portal/screen/home,Search the portal using the stated keyword; deadlines and eligibility change frequently.
project-00128,Project / Tender,project,EU Funding and Tenders — Cloud Migration Search,European Union tenders,European Union tenders,Live Project Search,Live Project Search,,Global,Multiple,,Available,,,2026-07-20,Live portal search / monitor regularly,EU Funding and Tenders,A,Official / primary source,Official,53,Low,,https://ec.europa.eu/info/funding-tenders/opportunities/portal/screen/home,Search the portal using the stated keyword; deadlines and eligibility change frequently.
project-00129,Project / Tender,project,EU Funding and Tenders — Cybersecurity Consulting Search,European Union tenders,European Union tenders,Live Project Search,Live Project Search,,Global,Multiple,,Available,,,2026-07-20,Live portal search / monitor regularly,EU Funding and Tenders,A,Official / primary source,Official,52,Low,,https://ec.europa.eu/info/funding-tenders/opportunities/portal/screen/home,Search the portal using the stated keyword; deadlines and eligibility change frequently.
project-00130,Project / Tender,project,EU Funding and Tenders — Ai Strategy Search,European Union tenders,European Union tenders,Live Project Search,Live Project Search,,Global,Multiple,,Available,,,2026-07-20,Live portal search / monitor regularly,EU Funding and Tenders,A,Official / primary source,Official,52,Low,,https://ec.europa.eu/info/funding-tenders/opportunities/portal/screen/home,Search the portal using the stated keyword; deadlines and eligibility change frequently.
project-00131,Project / Tender,project,EU Funding and Tenders — Erp Implementation Search,European Union tenders,European Union tenders,Live Project Search,Live Project Search,,Global,Multiple,,Available,,,2026-07-20,Live portal search / monitor regularly,EU Funding and Tenders,A,Official / primary source,Official,53,Low,,https://ec.europa.eu/info/funding-tenders/opportunities/portal/screen/home,Search the portal using the stated keyword; deadlines and eligibility change frequently.
project-00132,Project / Tender,project,EU Funding and Tenders — Systems Integration Search,European Union tenders,European Union tenders,Live Project Search,Live Project Search,,Global,Multiple,,Available,,,2026-07-20,Live portal search / monitor regularly,EU Funding and Tenders,A,Official / primary source,Official,53,Low,,https://ec.europa.eu/info/funding-tenders/opportunities/portal/screen/home,Search the portal using the stated keyword; deadlines and eligibility change frequently.
project-00133,Project / Tender,project,EU Funding and Tenders — Project Management Search,European Union tenders,European Union tenders,Live Project Search,Live Project Search,,Global,Multiple,,Available,,,2026-07-20,Live portal search / monitor regularly,EU Funding and Tenders,A,Official / primary source,Official,52,Low,,https://ec.europa.eu/info/funding-tenders/opportunities/portal/screen/home,Search the portal using the stated keyword; deadlines and eligibility change frequently.
project-00134,Project / Tender,project,EU Funding and Tenders — Technical Assistance Search,European Union tenders,European Union tenders,Live Project Search,Live Project Search,,Global,Multiple,,Available,,,2026-07-20,Live portal search / monitor regularly,EU Funding and Tenders,A,Official / primary source,Official,52,Low,,https://ec.europa.eu/info/funding-tenders/opportunities/portal/screen/home,Search the portal using the stated keyword; deadlines and eligibility change frequently.
project-00135,Project / Tender,project,EU Funding and Tenders — Business Process Reengineering Search,European Union tenders,European Union tenders,Live Project Search,Live Project Search,,Global,Multiple,,Available,,,2026-07-20,Live portal search / monitor regularly,EU Funding and Tenders,A,Official / primary source,Official,52,Low,,https://ec.europa.eu/info/funding-tenders/opportunities/portal/screen/home,Search the portal using the stated keyword; deadlines and eligibility change frequently.
project-00136,Project / Tender,project,Devex Consulting — Ict Consulting Search,Development consulting jobs,Development consulting jobs,Live Project Search,Live Project Search,,Global,Multiple,,Available,,,2026-07-20,Live portal search / monitor regularly,Devex Consulting,A,Official / primary source,Official,52,Low,,https://www.devex.com/jobs/search,Search the portal using the stated keyword; deadlines and eligibility change frequently.
project-00137,Project / Tender,project,Devex Consulting — Digital Transformation Search,Development consulting jobs,Development consulting jobs,Live Project Search,Live Project Search,,Global,Multiple,,Available,,,2026-07-20,Live portal search / monitor regularly,Devex Consulting,A,Official / primary source,Official,55,Low,,https://www.devex.com/jobs/search,Search the portal using the stated keyword; deadlines and eligibility change frequently.
project-00138,Project / Tender,project,Devex Consulting — Software Development Search,Development consulting jobs,Development consulting jobs,Live Project Search,Live Project Search,,Global,Multiple,,Available,,,2026-07-20,Live portal search / monitor regularly,Devex Consulting,A,Official / primary source,Official,52,Low,,https://www.devex.com/jobs/search,Search the portal using the stated keyword; deadlines and eligibility change frequently.
project-00139,Project / Tender,project,Devex Consulting — Enterprise Architecture Search,Development consulting jobs,Development consulting jobs,Live Project Search,Live Project Search,,Global,Multiple,,Available,,,2026-07-20,Live portal search / monitor regularly,Devex Consulting,A,Official / primary source,Official,66,Medium,,https://www.devex.com/jobs/search,Search the portal using the stated keyword; deadlines and eligibility change frequently.
project-00140,Project / Tender,project,Devex Consulting — Data Governance Search,Development consulting jobs,Development consulting jobs,Live Project Search,Live Project Search,,Global,Multiple,,Available,,,2026-07-20,Live portal search / monitor regularly,Devex Consulting,A,Official / primary source,Official,59,Low,,https://www.devex.com/jobs/search,Search the portal using the stated keyword; deadlines and eligibility change frequently.
project-00141,Project / Tender,project,Devex Consulting — Digital Health Search,Development consulting jobs,Development consulting jobs,Live Project Search,Live Project Search,,Global,Multiple,,Available,,,2026-07-20,Live portal search / monitor regularly,Devex Consulting,A,Official / primary source,Official,57,Low,,https://www.devex.com/jobs/search,Search the portal using the stated keyword; deadlines and eligibility change frequently.
project-00142,Project / Tender,project,Devex Consulting — Health Information Systems Search,Development consulting jobs,Development consulting jobs,Live Project Search,Live Project Search,,Global,Multiple,,Available,,,2026-07-20,Live portal search / monitor regularly,Devex Consulting,A,Official / primary source,Official,53,Low,,https://www.devex.com/jobs/search,Search the portal using the stated keyword; deadlines and eligibility change frequently.
project-00143,Project / Tender,project,Devex Consulting — Cloud Migration Search,Development consulting jobs,Development consulting jobs,Live Project Search,Live Project Search,,Global,Multiple,,Available,,,2026-07-20,Live portal search / monitor regularly,Devex Consulting,A,Official / primary source,Official,53,Low,,https://www.devex.com/jobs/search,Search the portal using the stated keyword; deadlines and eligibility change frequently.
project-00144,Project / Tender,project,Devex Consulting — Cybersecurity Consulting Search,Development consulting jobs,Development consulting jobs,Live Project Search,Live Project Search,,Global,Multiple,,Available,,,2026-07-20,Live portal search / monitor regularly,Devex Consulting,A,Official / primary source,Official,52,Low,,https://www.devex.com/jobs/search,Search the portal using the stated keyword; deadlines and eligibility change frequently.
project-00145,Project / Tender,project,Devex Consulting — Ai Strategy Search,Development consulting jobs,Development consulting jobs,Live Project Search,Live Project Search,,Global,Multiple,,Available,,,2026-07-20,Live portal search / monitor regularly,Devex Consulting,A,Official / primary source,Official,52,Low,,https://www.devex.com/jobs/search,Search the portal using the stated keyword; deadlines and eligibility change frequently.
project-00146,Project / Tender,project,Devex Consulting — Erp Implementation Search,Development consulting jobs,Development consulting jobs,Live Project Search,Live Project Search,,Global,Multiple,,Available,,,2026-07-20,Live portal search / monitor regularly,Devex Consulting,A,Official / primary source,Official,53,Low,,https://www.devex.com/jobs/search,Search the portal using the stated keyword; deadlines and eligibility change frequently.
project-00147,Project / Tender,project,Devex Consulting — Systems Integration Search,Development consulting jobs,Development consulting jobs,Live Project Search,Live Project Search,,Global,Multiple,,Available,,,2026-07-20,Live portal search / monitor regularly,Devex Consulting,A,Official / primary source,Official,53,Low,,https://www.devex.com/jobs/search,Search the portal using the stated keyword; deadlines and eligibility change frequently.
project-00148,Project / Tender,project,Devex Consulting — Project Management Search,Development consulting jobs,Development consulting jobs,Live Project Search,Live Project Search,,Global,Multiple,,Available,,,2026-07-20,Live portal search / monitor regularly,Devex Consulting,A,Official / primary source,Official,52,Low,,https://www.devex.com/jobs/search,Search the portal using the stated keyword; deadlines and eligibility change frequently.
project-00149,Project / Tender,project,Devex Consulting — Technical Assistance Search,Development consulting jobs,Development consulting jobs,Live Project Search,Live Project Search,,Global,Multiple,,Available,,,2026-07-20,Live portal search / monitor regularly,Devex Consulting,A,Official / primary source,Official,52,Low,,https://www.devex.com/jobs/search,Search the portal using the stated keyword; deadlines and eligibility change frequently.
project-00150,Project / Tender,project,Devex Consulting — Business Process Reengineering Search,Development consulting jobs,Development consulting jobs,Live Project Search,Live Project Search,,Global,Multiple,,Available,,,2026-07-20,Live portal search / monitor regularly,Devex Consulting,A,Official / primary source,Official,52,Low,,https://www.devex.com/jobs/search,Search the portal using the stated keyword; deadlines and eligibility change frequently.
project-00151,Project / Tender,project,ReliefWeb Jobs — Ict Consulting Search,Humanitarian consultancies,Humanitarian consultancies,Live Project Search,Live Project Search,,Global,Multiple,,Available,,,2026-07-20,Live portal search / monitor regularly,ReliefWeb Jobs,A,Official / primary source,Official,52,Low,,https://reliefweb.int/jobs,Search the portal using the stated keyword; deadlines and eligibility change frequently.
project-00152,Project / Tender,project,ReliefWeb Jobs — Digital Transformation Search,Humanitarian consultancies,Humanitarian consultancies,Live Project Search,Live Project Search,,Global,Multiple,,Available,,,2026-07-20,Live portal search / monitor regularly,ReliefWeb Jobs,A,Official / primary source,Official,55,Low,,https://reliefweb.int/jobs,Search the portal using the stated keyword; deadlines and eligibility change frequently.
project-00153,Project / Tender,project,ReliefWeb Jobs — Software Development Search,Humanitarian consultancies,Humanitarian consultancies,Live Project Search,Live Project Search,,Global,Multiple,,Available,,,2026-07-20,Live portal search / monitor regularly,ReliefWeb Jobs,A,Official / primary source,Official,52,Low,,https://reliefweb.int/jobs,Search the portal using the stated keyword; deadlines and eligibility change frequently.
project-00154,Project / Tender,project,ReliefWeb Jobs — Enterprise Architecture Search,Humanitarian consultancies,Humanitarian consultancies,Live Project Search,Live Project Search,,Global,Multiple,,Available,,,2026-07-20,Live portal search / monitor regularly,ReliefWeb Jobs,A,Official / primary source,Official,66,Medium,,https://reliefweb.int/jobs,Search the portal using the stated keyword; deadlines and eligibility change frequently.
project-00155,Project / Tender,project,ReliefWeb Jobs — Data Governance Search,Humanitarian consultancies,Humanitarian consultancies,Live Project Search,Live Project Search,,Global,Multiple,,Available,,,2026-07-20,Live portal search / monitor regularly,ReliefWeb Jobs,A,Official / primary source,Official,59,Low,,https://reliefweb.int/jobs,Search the portal using the stated keyword; deadlines and eligibility change frequently.
project-00156,Project / Tender,project,ReliefWeb Jobs — Digital Health Search,Humanitarian consultancies,Humanitarian consultancies,Live Project Search,Live Project Search,,Global,Multiple,,Available,,,2026-07-20,Live portal search / monitor regularly,ReliefWeb Jobs,A,Official / primary source,Official,57,Low,,https://reliefweb.int/jobs,Search the portal using the stated keyword; deadlines and eligibility change frequently.
project-00157,Project / Tender,project,ReliefWeb Jobs — Health Information Systems Search,Humanitarian consultancies,Humanitarian consultancies,Live Project Search,Live Project Search,,Global,Multiple,,Available,,,2026-07-20,Live portal search / monitor regularly,ReliefWeb Jobs,A,Official / primary source,Official,53,Low,,https://reliefweb.int/jobs,Search the portal using the stated keyword; deadlines and eligibility change frequently.
project-00158,Project / Tender,project,ReliefWeb Jobs — Cloud Migration Search,Humanitarian consultancies,Humanitarian consultancies,Live Project Search,Live Project Search,,Global,Multiple,,Available,,,2026-07-20,Live portal search / monitor regularly,ReliefWeb Jobs,A,Official / primary source,Official,53,Low,,https://reliefweb.int/jobs,Search the portal using the stated keyword; deadlines and eligibility change frequently.
project-00159,Project / Tender,project,ReliefWeb Jobs — Cybersecurity Consulting Search,Humanitarian consultancies,Humanitarian consultancies,Live Project Search,Live Project Search,,Global,Multiple,,Available,,,2026-07-20,Live portal search / monitor regularly,ReliefWeb Jobs,A,Official / primary source,Official,52,Low,,https://reliefweb.int/jobs,Search the portal using the stated keyword; deadlines and eligibility change frequently.
project-00160,Project / Tender,project,ReliefWeb Jobs — Ai Strategy Search,Humanitarian consultancies,Humanitarian consultancies,Live Project Search,Live Project Search,,Global,Multiple,,Available,,,2026-07-20,Live portal search / monitor regularly,ReliefWeb Jobs,A,Official / primary source,Official,52,Low,,https://reliefweb.int/jobs,Search the portal using the stated keyword; deadlines and eligibility change frequently.
project-00161,Project / Tender,project,ReliefWeb Jobs — Erp Implementation Search,Humanitarian consultancies,Humanitarian consultancies,Live Project Search,Live Project Search,,Global,Multiple,,Available,,,2026-07-20,Live portal search / monitor regularly,ReliefWeb Jobs,A,Official / primary source,Official,53,Low,,https://reliefweb.int/jobs,Search the portal using the stated keyword; deadlines and eligibility change frequently.
project-00162,Project / Tender,project,ReliefWeb Jobs — Systems Integration Search,Humanitarian consultancies,Humanitarian consultancies,Live Project Search,Live Project Search,,Global,Multiple,,Available,,,2026-07-20,Live portal search / monitor regularly,ReliefWeb Jobs,A,Official / primary source,Official,53,Low,,https://reliefweb.int/jobs,Search the portal using the stated keyword; deadlines and eligibility change frequently.
project-00163,Project / Tender,project,ReliefWeb Jobs — Project Management Search,Humanitarian consultancies,Humanitarian consultancies,Live Project Search,Live Project Search,,Global,Multiple,,Available,,,2026-07-20,Live portal search / monitor regularly,ReliefWeb Jobs,A,Official / primary source,Official,52,Low,,https://reliefweb.int/jobs,Search the portal using the stated keyword; deadlines and eligibility change frequently.
project-00164,Project / Tender,project,ReliefWeb Jobs — Technical Assistance Search,Humanitarian consultancies,Humanitarian consultancies,Live Project Search,Live Project Search,,Global,Multiple,,Available,,,2026-07-20,Live portal search / monitor regularly,ReliefWeb Jobs,A,Official / primary source,Official,52,Low,,https://reliefweb.int/jobs,Search the portal using the stated keyword; deadlines and eligibility change frequently.
project-00165,Project / Tender,project,ReliefWeb Jobs — Business Process Reengineering Search,Humanitarian consultancies,Humanitarian consultancies,Live Project Search,Live Project Search,,Global,Multiple,,Available,,,2026-07-20,Live portal search / monitor regularly,ReliefWeb Jobs,A,Official / primary source,Official,52,Low,,https://reliefweb.int/jobs,Search the portal using the stated keyword; deadlines and eligibility change frequently.
project-00166,Project / Tender,project,Impactpool — Ict Consulting Search,International development roles,International development roles,Live Project Search,Live Project Search,,Global,Multiple,,Available,,,2026-07-20,Live portal search / monitor regularly,Impactpool,A,Official / primary source,Official,20,Low,,https://www.impactpool.org/jobs,Search the portal using the stated keyword; deadlines and eligibility change frequently.
project-00167,Project / Tender,project,Impactpool — Digital Transformation Search,International development roles,International development roles,Live Project Search,Live Project Search,,Global,Multiple,,Available,,,2026-07-20,Live portal search / monitor regularly,Impactpool,A,Official / primary source,Official,22,Low,,https://www.impactpool.org/jobs,Search the portal using the stated keyword; deadlines and eligibility change frequently.
project-00168,Project / Tender,project,Impactpool — Software Development Search,International development roles,International development roles,Live Project Search,Live Project Search,,Global,Multiple,,Available,,,2026-07-20,Live portal search / monitor regularly,Impactpool,A,Official / primary source,Official,20,Low,,https://www.impactpool.org/jobs,Search the portal using the stated keyword; deadlines and eligibility change frequently.
project-00169,Project / Tender,project,Impactpool — Enterprise Architecture Search,International development roles,International development roles,Live Project Search,Live Project Search,,Global,Multiple,,Available,,,2026-07-20,Live portal search / monitor regularly,Impactpool,A,Official / primary source,Official,41,Low,,https://www.impactpool.org/jobs,Search the portal using the stated keyword; deadlines and eligibility change frequently.
project-00170,Project / Tender,project,Impactpool — Data Governance Search,International development roles,International development roles,Live Project Search,Live Project Search,,Global,Multiple,,Available,,,2026-07-20,Live portal search / monitor regularly,Impactpool,A,Official / primary source,Official,26,Low,,https://www.impactpool.org/jobs,Search the portal using the stated keyword; deadlines and eligibility change frequently.
project-00171,Project / Tender,project,Impactpool — Digital Health Search,International development roles,International development roles,Live Project Search,Live Project Search,,Global,Multiple,,Available,,,2026-07-20,Live portal search / monitor regularly,Impactpool,A,Official / primary source,Official,24,Low,,https://www.impactpool.org/jobs,Search the portal using the stated keyword; deadlines and eligibility change frequently.
project-00172,Project / Tender,project,Impactpool — Health Information Systems Search,International development roles,International development roles,Live Project Search,Live Project Search,,Global,Multiple,,Available,,,2026-07-20,Live portal search / monitor regularly,Impactpool,A,Official / primary source,Official,20,Low,,https://www.impactpool.org/jobs,Search the portal using the stated keyword; deadlines and eligibility change frequently.
project-00173,Project / Tender,project,Impactpool — Cloud Migration Search,International development roles,International development roles,Live Project Search,Live Project Search,,Global,Multiple,,Available,,,2026-07-20,Live portal search / monitor regularly,Impactpool,A,Official / primary source,Official,20,Low,,https://www.impactpool.org/jobs,Search the portal using the stated keyword; deadlines and eligibility change frequently.
project-00174,Project / Tender,project,Impactpool — Cybersecurity Consulting Search,International development roles,International development roles,Live Project Search,Live Project Search,,Global,Multiple,,Available,,,2026-07-20,Live portal search / monitor regularly,Impactpool,A,Official / primary source,Official,20,Low,,https://www.impactpool.org/jobs,Search the portal using the stated keyword; deadlines and eligibility change frequently.
project-00175,Project / Tender,project,Impactpool — Ai Strategy Search,International development roles,International development roles,Live Project Search,Live Project Search,,Global,Multiple,,Available,,,2026-07-20,Live portal search / monitor regularly,Impactpool,A,Official / primary source,Official,20,Low,,https://www.impactpool.org/jobs,Search the portal using the stated keyword; deadlines and eligibility change frequently.
project-00176,Project / Tender,project,Impactpool — Erp Implementation Search,International development roles,International development roles,Live Project Search,Live Project Search,,Global,Multiple,,Available,,,2026-07-20,Live portal search / monitor regularly,Impactpool,A,Official / primary source,Official,20,Low,,https://www.impactpool.org/jobs,Search the portal using the stated keyword; deadlines and eligibility change frequently.
project-00177,Project / Tender,project,Impactpool — Systems Integration Search,International development roles,International development roles,Live Project Search,Live Project Search,,Global,Multiple,,Available,,,2026-07-20,Live portal search / monitor regularly,Impactpool,A,Official / primary source,Official,20,Low,,https://www.impactpool.org/jobs,Search the portal using the stated keyword; deadlines and eligibility change frequently.
project-00178,Project / Tender,project,Impactpool — Project Management Search,International development roles,International development roles,Live Project Search,Live Project Search,,Global,Multiple,,Available,,,2026-07-20,Live portal search / monitor regularly,Impactpool,A,Official / primary source,Official,20,Low,,https://www.impactpool.org/jobs,Search the portal using the stated keyword; deadlines and eligibility change frequently.
project-00179,Project / Tender,project,Impactpool — Technical Assistance Search,International development roles,International development roles,Live Project Search,Live Project Search,,Global,Multiple,,Available,,,2026-07-20,Live portal search / monitor regularly,Impactpool,A,Official / primary source,Official,20,Low,,https://www.impactpool.org/jobs,Search the portal using the stated keyword; deadlines and eligibility change frequently.
project-00180,Project / Tender,project,Impactpool — Business Process Reengineering Search,International development roles,International development roles,Live Project Search,Live Project Search,,Global,Multiple,,Available,,,2026-07-20,Live portal search / monitor regularly,Impactpool,A,Official / primary source,Official,20,Low,,https://www.impactpool.org/jobs,Search the portal using the stated keyword; deadlines and eligibility change frequently.
project-00181,Project / Tender,project,UNOPS Opportunities — Ict Consulting Search,UNOPS jobs and consultancies,UNOPS jobs and consultancies,Live Project Search,Live Project Search,,Global,Multiple,,Available,,,2026-07-20,Live portal search / monitor regularly,UNOPS Opportunities,A,Official / primary source,Official,52,Low,,https://jobs.unops.org/Pages/Vacancies/VADefault.aspx,Search the portal using the stated keyword; deadlines and eligibility change frequently.
project-00182,Project / Tender,project,UNOPS Opportunities — Digital Transformation Search,UNOPS jobs and consultancies,UNOPS jobs and consultancies,Live Project Search,Live Project Search,,Global,Multiple,,Available,,,2026-07-20,Live portal search / monitor regularly,UNOPS Opportunities,A,Official / primary source,Official,55,Low,,https://jobs.unops.org/Pages/Vacancies/VADefault.aspx,Search the portal using the stated keyword; deadlines and eligibility change frequently.
project-00183,Project / Tender,project,UNOPS Opportunities — Software Development Search,UNOPS jobs and consultancies,UNOPS jobs and consultancies,Live Project Search,Live Project Search,,Global,Multiple,,Available,,,2026-07-20,Live portal search / monitor regularly,UNOPS Opportunities,A,Official / primary source,Official,52,Low,,https://jobs.unops.org/Pages/Vacancies/VADefault.aspx,Search the portal using the stated keyword; deadlines and eligibility change frequently.
project-00184,Project / Tender,project,UNOPS Opportunities — Enterprise Architecture Search,UNOPS jobs and consultancies,UNOPS jobs and consultancies,Live Project Search,Live Project Search,,Global,Multiple,,Available,,,2026-07-20,Live portal search / monitor regularly,UNOPS Opportunities,A,Official / primary source,Official,66,Medium,,https://jobs.unops.org/Pages/Vacancies/VADefault.aspx,Search the portal using the stated keyword; deadlines and eligibility change frequently.
project-00185,Project / Tender,project,UNOPS Opportunities — Data Governance Search,UNOPS jobs and consultancies,UNOPS jobs and consultancies,Live Project Search,Live Project Search,,Global,Multiple,,Available,,,2026-07-20,Live portal search / monitor regularly,UNOPS Opportunities,A,Official / primary source,Official,59,Low,,https://jobs.unops.org/Pages/Vacancies/VADefault.aspx,Search the portal using the stated keyword; deadlines and eligibility change frequently.
project-00186,Project / Tender,project,UNOPS Opportunities — Digital Health Search,UNOPS jobs and consultancies,UNOPS jobs and consultancies,Live Project Search,Live Project Search,,Global,Multiple,,Available,,,2026-07-20,Live portal search / monitor regularly,UNOPS Opportunities,A,Official / primary source,Official,57,Low,,https://jobs.unops.org/Pages/Vacancies/VADefault.aspx,Search the portal using the stated keyword; deadlines and eligibility change frequently.
project-00187,Project / Tender,project,UNOPS Opportunities — Health Information Systems Search,UNOPS jobs and consultancies,UNOPS jobs and consultancies,Live Project Search,Live Project Search,,Global,Multiple,,Available,,,2026-07-20,Live portal search / monitor regularly,UNOPS Opportunities,A,Official / primary source,Official,53,Low,,https://jobs.unops.org/Pages/Vacancies/VADefault.aspx,Search the portal using the stated keyword; deadlines and eligibility change frequently.
project-00188,Project / Tender,project,UNOPS Opportunities — Cloud Migration Search,UNOPS jobs and consultancies,UNOPS jobs and consultancies,Live Project Search,Live Project Search,,Global,Multiple,,Available,,,2026-07-20,Live portal search / monitor regularly,UNOPS Opportunities,A,Official / primary source,Official,53,Low,,https://jobs.unops.org/Pages/Vacancies/VADefault.aspx,Search the portal using the stated keyword; deadlines and eligibility change frequently.
project-00189,Project / Tender,project,UNOPS Opportunities — Cybersecurity Consulting Search,UNOPS jobs and consultancies,UNOPS jobs and consultancies,Live Project Search,Live Project Search,,Global,Multiple,,Available,,,2026-07-20,Live portal search / monitor regularly,UNOPS Opportunities,A,Official / primary source,Official,52,Low,,https://jobs.unops.org/Pages/Vacancies/VADefault.aspx,Search the portal using the stated keyword; deadlines and eligibility change frequently.
project-00190,Project / Tender,project,UNOPS Opportunities — Ai Strategy Search,UNOPS jobs and consultancies,UNOPS jobs and consultancies,Live Project Search,Live Project Search,,Global,Multiple,,Available,,,2026-07-20,Live portal search / monitor regularly,UNOPS Opportunities,A,Official / primary source,Official,52,Low,,https://jobs.unops.org/Pages/Vacancies/VADefault.aspx,Search the portal using the stated keyword; deadlines and eligibility change frequently.
project-00191,Project / Tender,project,UNOPS Opportunities — Erp Implementation Search,UNOPS jobs and consultancies,UNOPS jobs and consultancies,Live Project Search,Live Project Search,,Global,Multiple,,Available,,,2026-07-20,Live portal search / monitor regularly,UNOPS Opportunities,A,Official / primary source,Official,53,Low,,https://jobs.unops.org/Pages/Vacancies/VADefault.aspx,Search the portal using the stated keyword; deadlines and eligibility change frequently.
project-00192,Project / Tender,project,UNOPS Opportunities — Systems Integration Search,UNOPS jobs and consultancies,UNOPS jobs and consultancies,Live Project Search,Live Project Search,,Global,Multiple,,Available,,,2026-07-20,Live portal search / monitor regularly,UNOPS Opportunities,A,Official / primary source,Official,53,Low,,https://jobs.unops.org/Pages/Vacancies/VADefault.aspx,Search the portal using the stated keyword; deadlines and eligibility change frequently.
project-00193,Project / Tender,project,UNOPS Opportunities — Project Management Search,UNOPS jobs and consultancies,UNOPS jobs and consultancies,Live Project Search,Live Project Search,,Global,Multiple,,Available,,,2026-07-20,Live portal search / monitor regularly,UNOPS Opportunities,A,Official / primary source,Official,52,Low,,https://jobs.unops.org/Pages/Vacancies/VADefault.aspx,Search the portal using the stated keyword; deadlines and eligibility change frequently.
project-00194,Project / Tender,project,UNOPS Opportunities — Technical Assistance Search,UNOPS jobs and consultancies,UNOPS jobs and consultancies,Live Project Search,Live Project Search,,Global,Multiple,,Available,,,2026-07-20,Live portal search / monitor regularly,UNOPS Opportunities,A,Official / primary source,Official,52,Low,,https://jobs.unops.org/Pages/Vacancies/VADefault.aspx,Search the portal using the stated keyword; deadlines and eligibility change frequently.
project-00195,Project / Tender,project,UNOPS Opportunities — Business Process Reengineering Search,UNOPS jobs and consultancies,UNOPS jobs and consultancies,Live Project Search,Live Project Search,,Global,Multiple,,Available,,,2026-07-20,Live portal search / monitor regularly,UNOPS Opportunities,A,Official / primary source,Official,52,Low,,https://jobs.unops.org/Pages/Vacancies/VADefault.aspx,Search the portal using the stated keyword; deadlines and eligibility change frequently.
project-00196,Project / Tender,project,UNICEF Supply — Ict Consulting Search,UNICEF tenders,UNICEF tenders,Live Project Search,Live Project Search,,Global,Multiple,,Available,,,2026-07-20,Live portal search / monitor regularly,UNICEF Supply,A,Official / primary source,Official,52,Low,,https://www.unicef.org/supply/tenders,Search the portal using the stated keyword; deadlines and eligibility change frequently.
project-00197,Project / Tender,project,UNICEF Supply — Digital Transformation Search,UNICEF tenders,UNICEF tenders,Live Project Search,Live Project Search,,Global,Multiple,,Available,,,2026-07-20,Live portal search / monitor regularly,UNICEF Supply,A,Official / primary source,Official,55,Low,,https://www.unicef.org/supply/tenders,Search the portal using the stated keyword; deadlines and eligibility change frequently.
project-00198,Project / Tender,project,UNICEF Supply — Software Development Search,UNICEF tenders,UNICEF tenders,Live Project Search,Live Project Search,,Global,Multiple,,Available,,,2026-07-20,Live portal search / monitor regularly,UNICEF Supply,A,Official / primary source,Official,52,Low,,https://www.unicef.org/supply/tenders,Search the portal using the stated keyword; deadlines and eligibility change frequently.
project-00199,Project / Tender,project,UNICEF Supply — Enterprise Architecture Search,UNICEF tenders,UNICEF tenders,Live Project Search,Live Project Search,,Global,Multiple,,Available,,,2026-07-20,Live portal search / monitor regularly,UNICEF Supply,A,Official / primary source,Official,66,Medium,,https://www.unicef.org/supply/tenders,Search the portal using the stated keyword; deadlines and eligibility change frequently.
project-00200,Project / Tender,project,UNICEF Supply — Data Governance Search,UNICEF tenders,UNICEF tenders,Live Project Search,Live Project Search,,Global,Multiple,,Available,,,2026-07-20,Live portal search / monitor regularly,UNICEF Supply,A,Official / primary source,Official,59,Low,,https://www.unicef.org/supply/tenders,Search the portal using the stated keyword; deadlines and eligibility change frequently.
project-00201,Project / Tender,project,UNICEF Supply — Digital Health Search,UNICEF tenders,UNICEF tenders,Live Project Search,Live Project Search,,Global,Multiple,,Available,,,2026-07-20,Live portal search / monitor regularly,UNICEF Supply,A,Official / primary source,Official,57,Low,,https://www.unicef.org/supply/tenders,Search the portal using the stated keyword; deadlines and eligibility change frequently.
project-00202,Project / Tender,project,UNICEF Supply — Health Information Systems Search,UNICEF tenders,UNICEF tenders,Live Project Search,Live Project Search,,Global,Multiple,,Available,,,2026-07-20,Live portal search / monitor regularly,UNICEF Supply,A,Official / primary source,Official,53,Low,,https://www.unicef.org/supply/tenders,Search the portal using the stated keyword; deadlines and eligibility change frequently.
project-00203,Project / Tender,project,UNICEF Supply — Cloud Migration Search,UNICEF tenders,UNICEF tenders,Live Project Search,Live Project Search,,Global,Multiple,,Available,,,2026-07-20,Live portal search / monitor regularly,UNICEF Supply,A,Official / primary source,Official,53,Low,,https://www.unicef.org/supply/tenders,Search the portal using the stated keyword; deadlines and eligibility change frequently.
project-00204,Project / Tender,project,UNICEF Supply — Cybersecurity Consulting Search,UNICEF tenders,UNICEF tenders,Live Project Search,Live Project Search,,Global,Multiple,,Available,,,2026-07-20,Live portal search / monitor regularly,UNICEF Supply,A,Official / primary source,Official,52,Low,,https://www.unicef.org/supply/tenders,Search the portal using the stated keyword; deadlines and eligibility change frequently.
project-00205,Project / Tender,project,UNICEF Supply — Ai Strategy Search,UNICEF tenders,UNICEF tenders,Live Project Search,Live Project Search,,Global,Multiple,,Available,,,2026-07-20,Live portal search / monitor regularly,UNICEF Supply,A,Official / primary source,Official,52,Low,,https://www.unicef.org/supply/tenders,Search the portal using the stated keyword; deadlines and eligibility change frequently.
project-00206,Project / Tender,project,UNICEF Supply — Erp Implementation Search,UNICEF tenders,UNICEF tenders,Live Project Search,Live Project Search,,Global,Multiple,,Available,,,2026-07-20,Live portal search / monitor regularly,UNICEF Supply,A,Official / primary source,Official,53,Low,,https://www.unicef.org/supply/tenders,Search the portal using the stated keyword; deadlines and eligibility change frequently.
project-00207,Project / Tender,project,UNICEF Supply — Systems Integration Search,UNICEF tenders,UNICEF tenders,Live Project Search,Live Project Search,,Global,Multiple,,Available,,,2026-07-20,Live portal search / monitor regularly,UNICEF Supply,A,Official / primary source,Official,53,Low,,https://www.unicef.org/supply/tenders,Search the portal using the stated keyword; deadlines and eligibility change frequently.
project-00208,Project / Tender,project,UNICEF Supply — Project Management Search,UNICEF tenders,UNICEF tenders,Live Project Search,Live Project Search,,Global,Multiple,,Available,,,2026-07-20,Live portal search / monitor regularly,UNICEF Supply,A,Official / primary source,Official,52,Low,,https://www.unicef.org/supply/tenders,Search the portal using the stated keyword; deadlines and eligibility change frequently.
project-00209,Project / Tender,project,UNICEF Supply — Technical Assistance Search,UNICEF tenders,UNICEF tenders,Live Project Search,Live Project Search,,Global,Multiple,,Available,,,2026-07-20,Live portal search / monitor regularly,UNICEF Supply,A,Official / primary source,Official,52,Low,,https://www.unicef.org/supply/tenders,Search the portal using the stated keyword; deadlines and eligibility change frequently.
project-00210,Project / Tender,project,UNICEF Supply — Business Process Reengineering Search,UNICEF tenders,UNICEF tenders,Live Project Search,Live Project Search,,Global,Multiple,,Available,,,2026-07-20,Live portal search / monitor regularly,UNICEF Supply,A,Official / primary source,Official,52,Low,,https://www.unicef.org/supply/tenders,Search the portal using the stated keyword; deadlines and eligibility change frequently.
project-00211,Project / Tender,project,WHO Procurement — Ict Consulting Search,WHO procurement,WHO procurement,Live Project Search,Live Project Search,,Global,Multiple,,Available,,,2026-07-20,Live portal search / monitor regularly,WHO Procurement,A,Official / primary source,Official,53,Low,,https://www.who.int/about/accountability/procurement,Search the portal using the stated keyword; deadlines and eligibility change frequently.
project-00212,Project / Tender,project,WHO Procurement — Digital Transformation Search,WHO procurement,WHO procurement,Live Project Search,Live Project Search,,Global,Multiple,,Available,,,2026-07-20,Live portal search / monitor regularly,WHO Procurement,A,Official / primary source,Official,57,Low,,https://www.who.int/about/accountability/procurement,Search the portal using the stated keyword; deadlines and eligibility change frequently.
project-00213,Project / Tender,project,WHO Procurement — Software Development Search,WHO procurement,WHO procurement,Live Project Search,Live Project Search,,Global,Multiple,,Available,,,2026-07-20,Live portal search / monitor regularly,WHO Procurement,A,Official / primary source,Official,53,Low,,https://www.who.int/about/accountability/procurement,Search the portal using the stated keyword; deadlines and eligibility change frequently.
project-00214,Project / Tender,project,WHO Procurement — Enterprise Architecture Search,WHO procurement,WHO procurement,Live Project Search,Live Project Search,,Global,Multiple,,Available,,,2026-07-20,Live portal search / monitor regularly,WHO Procurement,A,Official / primary source,Official,68,Medium,,https://www.who.int/about/accountability/procurement,Search the portal using the stated keyword; deadlines and eligibility change frequently.
project-00215,Project / Tender,project,WHO Procurement — Data Governance Search,WHO procurement,WHO procurement,Live Project Search,Live Project Search,,Global,Multiple,,Available,,,2026-07-20,Live portal search / monitor regularly,WHO Procurement,A,Official / primary source,Official,60,Medium,,https://www.who.int/about/accountability/procurement,Search the portal using the stated keyword; deadlines and eligibility change frequently.
project-00216,Project / Tender,project,WHO Procurement — Digital Health Search,WHO procurement,WHO procurement,Live Project Search,Live Project Search,,Global,Multiple,,Available,,,2026-07-20,Live portal search / monitor regularly,WHO Procurement,A,Official / primary source,Official,59,Low,,https://www.who.int/about/accountability/procurement,Search the portal using the stated keyword; deadlines and eligibility change frequently.
project-00217,Project / Tender,project,WHO Procurement — Health Information Systems Search,WHO procurement,WHO procurement,Live Project Search,Live Project Search,,Global,Multiple,,Available,,,2026-07-20,Live portal search / monitor regularly,WHO Procurement,A,Official / primary source,Official,55,Low,,https://www.who.int/about/accountability/procurement,Search the portal using the stated keyword; deadlines and eligibility change frequently.
project-00218,Project / Tender,project,WHO Procurement — Cloud Migration Search,WHO procurement,WHO procurement,Live Project Search,Live Project Search,,Global,Multiple,,Available,,,2026-07-20,Live portal search / monitor regularly,WHO Procurement,A,Official / primary source,Official,55,Low,,https://www.who.int/about/accountability/procurement,Search the portal using the stated keyword; deadlines and eligibility change frequently.
project-00219,Project / Tender,project,WHO Procurement — Cybersecurity Consulting Search,WHO procurement,WHO procurement,Live Project Search,Live Project Search,,Global,Multiple,,Available,,,2026-07-20,Live portal search / monitor regularly,WHO Procurement,A,Official / primary source,Official,53,Low,,https://www.who.int/about/accountability/procurement,Search the portal using the stated keyword; deadlines and eligibility change frequently.
project-00220,Project / Tender,project,WHO Procurement — Ai Strategy Search,WHO procurement,WHO procurement,Live Project Search,Live Project Search,,Global,Multiple,,Available,,,2026-07-20,Live portal search / monitor regularly,WHO Procurement,A,Official / primary source,Official,53,Low,,https://www.who.int/about/accountability/procurement,Search the portal using the stated keyword; deadlines and eligibility change frequently.
project-00221,Project / Tender,project,WHO Procurement — Erp Implementation Search,WHO procurement,WHO procurement,Live Project Search,Live Project Search,,Global,Multiple,,Available,,,2026-07-20,Live portal search / monitor regularly,WHO Procurement,A,Official / primary source,Official,55,Low,,https://www.who.int/about/accountability/procurement,Search the portal using the stated keyword; deadlines and eligibility change frequently.
project-00222,Project / Tender,project,WHO Procurement — Systems Integration Search,WHO procurement,WHO procurement,Live Project Search,Live Project Search,,Global,Multiple,,Available,,,2026-07-20,Live portal search / monitor regularly,WHO Procurement,A,Official / primary source,Official,55,Low,,https://www.who.int/about/accountability/procurement,Search the portal using the stated keyword; deadlines and eligibility change frequently.
project-00223,Project / Tender,project,WHO Procurement — Project Management Search,WHO procurement,WHO procurement,Live Project Search,Live Project Search,,Global,Multiple,,Available,,,2026-07-20,Live portal search / monitor regularly,WHO Procurement,A,Official / primary source,Official,53,Low,,https://www.who.int/about/accountability/procurement,Search the portal using the stated keyword; deadlines and eligibility change frequently.
project-00224,Project / Tender,project,WHO Procurement — Technical Assistance Search,WHO procurement,WHO procurement,Live Project Search,Live Project Search,,Global,Multiple,,Available,,,2026-07-20,Live portal search / monitor regularly,WHO Procurement,A,Official / primary source,Official,53,Low,,https://www.who.int/about/accountability/procurement,Search the portal using the stated keyword; deadlines and eligibility change frequently.
project-00225,Project / Tender,project,WHO Procurement — Business Process Reengineering Search,WHO procurement,WHO procurement,Live Project Search,Live Project Search,,Global,Multiple,,Available,,,2026-07-20,Live portal search / monitor regularly,WHO Procurement,A,Official / primary source,Official,53,Low,,https://www.who.int/about/accountability/procurement,Search the portal using the stated keyword; deadlines and eligibility change frequently.
project-00226,Project / Tender,project,IOM Procurement — Ict Consulting Search,IOM procurement,IOM procurement,Live Project Search,Live Project Search,,Global,Multiple,,Available,,,2026-07-20,Live portal search / monitor regularly,IOM Procurement,A,Official / primary source,Official,53,Low,,https://www.iom.int/procurement,Search the portal using the stated keyword; deadlines and eligibility change frequently.
project-00227,Project / Tender,project,IOM Procurement — Digital Transformation Search,IOM procurement,IOM procurement,Live Project Search,Live Project Search,,Global,Multiple,,Available,,,2026-07-20,Live portal search / monitor regularly,IOM Procurement,A,Official / primary source,Official,57,Low,,https://www.iom.int/procurement,Search the portal using the stated keyword; deadlines and eligibility change frequently.
project-00228,Project / Tender,project,IOM Procurement — Software Development Search,IOM procurement,IOM procurement,Live Project Search,Live Project Search,,Global,Multiple,,Available,,,2026-07-20,Live portal search / monitor regularly,IOM Procurement,A,Official / primary source,Official,53,Low,,https://www.iom.int/procurement,Search the portal using the stated keyword; deadlines and eligibility change frequently.
project-00229,Project / Tender,project,IOM Procurement — Enterprise Architecture Search,IOM procurement,IOM procurement,Live Project Search,Live Project Search,,Global,Multiple,,Available,,,2026-07-20,Live portal search / monitor regularly,IOM Procurement,A,Official / primary source,Official,68,Medium,,https://www.iom.int/procurement,Search the portal using the stated keyword; deadlines and eligibility change frequently.
project-00230,Project / Tender,project,IOM Procurement — Data Governance Search,IOM procurement,IOM procurement,Live Project Search,Live Project Search,,Global,Multiple,,Available,,,2026-07-20,Live portal search / monitor regularly,IOM Procurement,A,Official / primary source,Official,60,Medium,,https://www.iom.int/procurement,Search the portal using the stated keyword; deadlines and eligibility change frequently.
project-00231,Project / Tender,project,IOM Procurement — Digital Health Search,IOM procurement,IOM procurement,Live Project Search,Live Project Search,,Global,Multiple,,Available,,,2026-07-20,Live portal search / monitor regularly,IOM Procurement,A,Official / primary source,Official,59,Low,,https://www.iom.int/procurement,Search the portal using the stated keyword; deadlines and eligibility change frequently.
project-00232,Project / Tender,project,IOM Procurement — Health Information Systems Search,IOM procurement,IOM procurement,Live Project Search,Live Project Search,,Global,Multiple,,Available,,,2026-07-20,Live portal search / monitor regularly,IOM Procurement,A,Official / primary source,Official,55,Low,,https://www.iom.int/procurement,Search the portal using the stated keyword; deadlines and eligibility change frequently.
project-00233,Project / Tender,project,IOM Procurement — Cloud Migration Search,IOM procurement,IOM procurement,Live Project Search,Live Project Search,,Global,Multiple,,Available,,,2026-07-20,Live portal search / monitor regularly,IOM Procurement,A,Official / primary source,Official,55,Low,,https://www.iom.int/procurement,Search the portal using the stated keyword; deadlines and eligibility change frequently.
project-00234,Project / Tender,project,IOM Procurement — Cybersecurity Consulting Search,IOM procurement,IOM procurement,Live Project Search,Live Project Search,,Global,Multiple,,Available,,,2026-07-20,Live portal search / monitor regularly,IOM Procurement,A,Official / primary source,Official,53,Low,,https://www.iom.int/procurement,Search the portal using the stated keyword; deadlines and eligibility change frequently.
project-00235,Project / Tender,project,IOM Procurement — Ai Strategy Search,IOM procurement,IOM procurement,Live Project Search,Live Project Search,,Global,Multiple,,Available,,,2026-07-20,Live portal search / monitor regularly,IOM Procurement,A,Official / primary source,Official,53,Low,,https://www.iom.int/procurement,Search the portal using the stated keyword; deadlines and eligibility change frequently.
project-00236,Project / Tender,project,IOM Procurement — Erp Implementation Search,IOM procurement,IOM procurement,Live Project Search,Live Project Search,,Global,Multiple,,Available,,,2026-07-20,Live portal search / monitor regularly,IOM Procurement,A,Official / primary source,Official,55,Low,,https://www.iom.int/procurement,Search the portal using the stated keyword; deadlines and eligibility change frequently.
project-00237,Project / Tender,project,IOM Procurement — Systems Integration Search,IOM procurement,IOM procurement,Live Project Search,Live Project Search,,Global,Multiple,,Available,,,2026-07-20,Live portal search / monitor regularly,IOM Procurement,A,Official / primary source,Official,55,Low,,https://www.iom.int/procurement,Search the portal using the stated keyword; deadlines and eligibility change frequently.
project-00238,Project / Tender,project,IOM Procurement — Project Management Search,IOM procurement,IOM procurement,Live Project Search,Live Project Search,,Global,Multiple,,Available,,,2026-07-20,Live portal search / monitor regularly,IOM Procurement,A,Official / primary source,Official,53,Low,,https://www.iom.int/procurement,Search the portal using the stated keyword; deadlines and eligibility change frequently.
project-00239,Project / Tender,project,IOM Procurement — Technical Assistance Search,IOM procurement,IOM procurement,Live Project Search,Live Project Search,,Global,Multiple,,Available,,,2026-07-20,Live portal search / monitor regularly,IOM Procurement,A,Official / primary source,Official,53,Low,,https://www.iom.int/procurement,Search the portal using the stated keyword; deadlines and eligibility change frequently.
project-00240,Project / Tender,project,IOM Procurement — Business Process Reengineering Search,IOM procurement,IOM procurement,Live Project Search,Live Project Search,,Global,Multiple,,Available,,,2026-07-20,Live portal search / monitor regularly,IOM Procurement,A,Official / primary source,Official,53,Low,,https://www.iom.int/procurement,Search the portal using the stated keyword; deadlines and eligibility change frequently.
project-00241,Project / Tender,project,ILO Procurement — Ict Consulting Search,ILO procurement,ILO procurement,Live Project Search,Live Project Search,,Global,Multiple,,Available,,,2026-07-20,Live portal search / monitor regularly,ILO Procurement,A,Official / primary source,Official,53,Low,,https://www.ilo.org/about-ilo/procurement,Search the portal using the stated keyword; deadlines and eligibility change frequently.
project-00242,Project / Tender,project,ILO Procurement — Digital Transformation Search,ILO procurement,ILO procurement,Live Project Search,Live Project Search,,Global,Multiple,,Available,,,2026-07-20,Live portal search / monitor regularly,ILO Procurement,A,Official / primary source,Official,57,Low,,https://www.ilo.org/about-ilo/procurement,Search the portal using the stated keyword; deadlines and eligibility change frequently.
project-00243,Project / Tender,project,ILO Procurement — Software Development Search,ILO procurement,ILO procurement,Live Project Search,Live Project Search,,Global,Multiple,,Available,,,2026-07-20,Live portal search / monitor regularly,ILO Procurement,A,Official / primary source,Official,53,Low,,https://www.ilo.org/about-ilo/procurement,Search the portal using the stated keyword; deadlines and eligibility change frequently.
project-00244,Project / Tender,project,ILO Procurement — Enterprise Architecture Search,ILO procurement,ILO procurement,Live Project Search,Live Project Search,,Global,Multiple,,Available,,,2026-07-20,Live portal search / monitor regularly,ILO Procurement,A,Official / primary source,Official,68,Medium,,https://www.ilo.org/about-ilo/procurement,Search the portal using the stated keyword; deadlines and eligibility change frequently.
project-00245,Project / Tender,project,ILO Procurement — Data Governance Search,ILO procurement,ILO procurement,Live Project Search,Live Project Search,,Global,Multiple,,Available,,,2026-07-20,Live portal search / monitor regularly,ILO Procurement,A,Official / primary source,Official,60,Medium,,https://www.ilo.org/about-ilo/procurement,Search the portal using the stated keyword; deadlines and eligibility change frequently.
project-00246,Project / Tender,project,ILO Procurement — Digital Health Search,ILO procurement,ILO procurement,Live Project Search,Live Project Search,,Global,Multiple,,Available,,,2026-07-20,Live portal search / monitor regularly,ILO Procurement,A,Official / primary source,Official,59,Low,,https://www.ilo.org/about-ilo/procurement,Search the portal using the stated keyword; deadlines and eligibility change frequently.
project-00247,Project / Tender,project,ILO Procurement — Health Information Systems Search,ILO procurement,ILO procurement,Live Project Search,Live Project Search,,Global,Multiple,,Available,,,2026-07-20,Live portal search / monitor regularly,ILO Procurement,A,Official / primary source,Official,55,Low,,https://www.ilo.org/about-ilo/procurement,Search the portal using the stated keyword; deadlines and eligibility change frequently.
project-00248,Project / Tender,project,ILO Procurement — Cloud Migration Search,ILO procurement,ILO procurement,Live Project Search,Live Project Search,,Global,Multiple,,Available,,,2026-07-20,Live portal search / monitor regularly,ILO Procurement,A,Official / primary source,Official,55,Low,,https://www.ilo.org/about-ilo/procurement,Search the portal using the stated keyword; deadlines and eligibility change frequently.
project-00249,Project / Tender,project,ILO Procurement — Cybersecurity Consulting Search,ILO procurement,ILO procurement,Live Project Search,Live Project Search,,Global,Multiple,,Available,,,2026-07-20,Live portal search / monitor regularly,ILO Procurement,A,Official / primary source,Official,53,Low,,https://www.ilo.org/about-ilo/procurement,Search the portal using the stated keyword; deadlines and eligibility change frequently.
project-00250,Project / Tender,project,ILO Procurement — Ai Strategy Search,ILO procurement,ILO procurement,Live Project Search,Live Project Search,,Global,Multiple,,Available,,,2026-07-20,Live portal search / monitor regularly,ILO Procurement,A,Official / primary source,Official,53,Low,,https://www.ilo.org/about-ilo/procurement,Search the portal using the stated keyword; deadlines and eligibility change frequently.
project-00251,Project / Tender,project,ILO Procurement — Erp Implementation Search,ILO procurement,ILO procurement,Live Project Search,Live Project Search,,Global,Multiple,,Available,,,2026-07-20,Live portal search / monitor regularly,ILO Procurement,A,Official / primary source,Official,55,Low,,https://www.ilo.org/about-ilo/procurement,Search the portal using the stated keyword; deadlines and eligibility change frequently.
project-00252,Project / Tender,project,ILO Procurement — Systems Integration Search,ILO procurement,ILO procurement,Live Project Search,Live Project Search,,Global,Multiple,,Available,,,2026-07-20,Live portal search / monitor regularly,ILO Procurement,A,Official / primary source,Official,55,Low,,https://www.ilo.org/about-ilo/procurement,Search the portal using the stated keyword; deadlines and eligibility change frequently.
project-00253,Project / Tender,project,ILO Procurement — Project Management Search,ILO procurement,ILO procurement,Live Project Search,Live Project Search,,Global,Multiple,,Available,,,2026-07-20,Live portal search / monitor regularly,ILO Procurement,A,Official / primary source,Official,53,Low,,https://www.ilo.org/about-ilo/procurement,Search the portal using the stated keyword; deadlines and eligibility change frequently.
project-00254,Project / Tender,project,ILO Procurement — Technical Assistance Search,ILO procurement,ILO procurement,Live Project Search,Live Project Search,,Global,Multiple,,Available,,,2026-07-20,Live portal search / monitor regularly,ILO Procurement,A,Official / primary source,Official,53,Low,,https://www.ilo.org/about-ilo/procurement,Search the portal using the stated keyword; deadlines and eligibility change frequently.
project-00255,Project / Tender,project,ILO Procurement — Business Process Reengineering Search,ILO procurement,ILO procurement,Live Project Search,Live Project Search,,Global,Multiple,,Available,,,2026-07-20,Live portal search / monitor regularly,ILO Procurement,A,Official / primary source,Official,53,Low,,https://www.ilo.org/about-ilo/procurement,Search the portal using the stated keyword; deadlines and eligibility change frequently.
project-00256,Project / Tender,project,FAO Procurement — Ict Consulting Search,FAO procurement,FAO procurement,Live Project Search,Live Project Search,,Global,Multiple,,Available,,,2026-07-20,Live portal search / monitor regularly,FAO Procurement,A,Official / primary source,Official,53,Low,,https://www.fao.org/unfao/procurement/general-information/en/,Search the portal using the stated keyword; deadlines and eligibility change frequently.
project-00257,Project / Tender,project,FAO Procurement — Digital Transformation Search,FAO procurement,FAO procurement,Live Project Search,Live Project Search,,Global,Multiple,,Available,,,2026-07-20,Live portal search / monitor regularly,FAO Procurement,A,Official / primary source,Official,57,Low,,https://www.fao.org/unfao/procurement/general-information/en/,Search the portal using the stated keyword; deadlines and eligibility change frequently.
project-00258,Project / Tender,project,FAO Procurement — Software Development Search,FAO procurement,FAO procurement,Live Project Search,Live Project Search,,Global,Multiple,,Available,,,2026-07-20,Live portal search / monitor regularly,FAO Procurement,A,Official / primary source,Official,53,Low,,https://www.fao.org/unfao/procurement/general-information/en/,Search the portal using the stated keyword; deadlines and eligibility change frequently.
project-00259,Project / Tender,project,FAO Procurement — Enterprise Architecture Search,FAO procurement,FAO procurement,Live Project Search,Live Project Search,,Global,Multiple,,Available,,,2026-07-20,Live portal search / monitor regularly,FAO Procurement,A,Official / primary source,Official,68,Medium,,https://www.fao.org/unfao/procurement/general-information/en/,Search the portal using the stated keyword; deadlines and eligibility change frequently.
project-00260,Project / Tender,project,FAO Procurement — Data Governance Search,FAO procurement,FAO procurement,Live Project Search,Live Project Search,,Global,Multiple,,Available,,,2026-07-20,Live portal search / monitor regularly,FAO Procurement,A,Official / primary source,Official,60,Medium,,https://www.fao.org/unfao/procurement/general-information/en/,Search the portal using the stated keyword; deadlines and eligibility change frequently.
project-00261,Project / Tender,project,FAO Procurement — Digital Health Search,FAO procurement,FAO procurement,Live Project Search,Live Project Search,,Global,Multiple,,Available,,,2026-07-20,Live portal search / monitor regularly,FAO Procurement,A,Official / primary source,Official,59,Low,,https://www.fao.org/unfao/procurement/general-information/en/,Search the portal using the stated keyword; deadlines and eligibility change frequently.
project-00262,Project / Tender,project,FAO Procurement — Health Information Systems Search,FAO procurement,FAO procurement,Live Project Search,Live Project Search,,Global,Multiple,,Available,,,2026-07-20,Live portal search / monitor regularly,FAO Procurement,A,Official / primary source,Official,55,Low,,https://www.fao.org/unfao/procurement/general-information/en/,Search the portal using the stated keyword; deadlines and eligibility change frequently.
project-00263,Project / Tender,project,FAO Procurement — Cloud Migration Search,FAO procurement,FAO procurement,Live Project Search,Live Project Search,,Global,Multiple,,Available,,,2026-07-20,Live portal search / monitor regularly,FAO Procurement,A,Official / primary source,Official,55,Low,,https://www.fao.org/unfao/procurement/general-information/en/,Search the portal using the stated keyword; deadlines and eligibility change frequently.
project-00264,Project / Tender,project,FAO Procurement — Cybersecurity Consulting Search,FAO procurement,FAO procurement,Live Project Search,Live Project Search,,Global,Multiple,,Available,,,2026-07-20,Live portal search / monitor regularly,FAO Procurement,A,Official / primary source,Official,53,Low,,https://www.fao.org/unfao/procurement/general-information/en/,Search the portal using the stated keyword; deadlines and eligibility change frequently.
project-00265,Project / Tender,project,FAO Procurement — Ai Strategy Search,FAO procurement,FAO procurement,Live Project Search,Live Project Search,,Global,Multiple,,Available,,,2026-07-20,Live portal search / monitor regularly,FAO Procurement,A,Official / primary source,Official,53,Low,,https://www.fao.org/unfao/procurement/general-information/en/,Search the portal using the stated keyword; deadlines and eligibility change frequently.
project-00266,Project / Tender,project,FAO Procurement — Erp Implementation Search,FAO procurement,FAO procurement,Live Project Search,Live Project Search,,Global,Multiple,,Available,,,2026-07-20,Live portal search / monitor regularly,FAO Procurement,A,Official / primary source,Official,55,Low,,https://www.fao.org/unfao/procurement/general-information/en/,Search the portal using the stated keyword; deadlines and eligibility change frequently.
project-00267,Project / Tender,project,FAO Procurement — Systems Integration Search,FAO procurement,FAO procurement,Live Project Search,Live Project Search,,Global,Multiple,,Available,,,2026-07-20,Live portal search / monitor regularly,FAO Procurement,A,Official / primary source,Official,55,Low,,https://www.fao.org/unfao/procurement/general-information/en/,Search the portal using the stated keyword; deadlines and eligibility change frequently.
project-00268,Project / Tender,project,FAO Procurement — Project Management Search,FAO procurement,FAO procurement,Live Project Search,Live Project Search,,Global,Multiple,,Available,,,2026-07-20,Live portal search / monitor regularly,FAO Procurement,A,Official / primary source,Official,53,Low,,https://www.fao.org/unfao/procurement/general-information/en/,Search the portal using the stated keyword; deadlines and eligibility change frequently.
project-00269,Project / Tender,project,FAO Procurement — Technical Assistance Search,FAO procurement,FAO procurement,Live Project Search,Live Project Search,,Global,Multiple,,Available,,,2026-07-20,Live portal search / monitor regularly,FAO Procurement,A,Official / primary source,Official,53,Low,,https://www.fao.org/unfao/procurement/general-information/en/,Search the portal using the stated keyword; deadlines and eligibility change frequently.
project-00270,Project / Tender,project,FAO Procurement — Business Process Reengineering Search,FAO procurement,FAO procurement,Live Project Search,Live Project Search,,Global,Multiple,,Available,,,2026-07-20,Live portal search / monitor regularly,FAO Procurement,A,Official / primary source,Official,53,Low,,https://www.fao.org/unfao/procurement/general-information/en/,Search the portal using the stated keyword; deadlines and eligibility change frequently.
project-00271,Project / Tender,project,GIZ Tenders — Ict Consulting Search,GIZ tenders,GIZ tenders,Live Project Search,Live Project Search,,Global,Multiple,,Available,,,2026-07-20,Live portal search / monitor regularly,GIZ Tenders,A,Official / primary source,Official,52,Low,,https://ausschreibungen.giz.de/Satellite/company/welcome.do,Search the portal using the stated keyword; deadlines and eligibility change frequently.
project-00272,Project / Tender,project,GIZ Tenders — Digital Transformation Search,GIZ tenders,GIZ tenders,Live Project Search,Live Project Search,,Global,Multiple,,Available,,,2026-07-20,Live portal search / monitor regularly,GIZ Tenders,A,Official / primary source,Official,55,Low,,https://ausschreibungen.giz.de/Satellite/company/welcome.do,Search the portal using the stated keyword; deadlines and eligibility change frequently.
project-00273,Project / Tender,project,GIZ Tenders — Software Development Search,GIZ tenders,GIZ tenders,Live Project Search,Live Project Search,,Global,Multiple,,Available,,,2026-07-20,Live portal search / monitor regularly,GIZ Tenders,A,Official / primary source,Official,52,Low,,https://ausschreibungen.giz.de/Satellite/company/welcome.do,Search the portal using the stated keyword; deadlines and eligibility change frequently.
project-00274,Project / Tender,project,GIZ Tenders — Enterprise Architecture Search,GIZ tenders,GIZ tenders,Live Project Search,Live Project Search,,Global,Multiple,,Available,,,2026-07-20,Live portal search / monitor regularly,GIZ Tenders,A,Official / primary source,Official,66,Medium,,https://ausschreibungen.giz.de/Satellite/company/welcome.do,Search the portal using the stated keyword; deadlines and eligibility change frequently.
project-00275,Project / Tender,project,GIZ Tenders — Data Governance Search,GIZ tenders,GIZ tenders,Live Project Search,Live Project Search,,Global,Multiple,,Available,,,2026-07-20,Live portal search / monitor regularly,GIZ Tenders,A,Official / primary source,Official,59,Low,,https://ausschreibungen.giz.de/Satellite/company/welcome.do,Search the portal using the stated keyword; deadlines and eligibility change frequently.
project-00276,Project / Tender,project,GIZ Tenders — Digital Health Search,GIZ tenders,GIZ tenders,Live Project Search,Live Project Search,,Global,Multiple,,Available,,,2026-07-20,Live portal search / monitor regularly,GIZ Tenders,A,Official / primary source,Official,57,Low,,https://ausschreibungen.giz.de/Satellite/company/welcome.do,Search the portal using the stated keyword; deadlines and eligibility change frequently.
project-00277,Project / Tender,project,GIZ Tenders — Health Information Systems Search,GIZ tenders,GIZ tenders,Live Project Search,Live Project Search,,Global,Multiple,,Available,,,2026-07-20,Live portal search / monitor regularly,GIZ Tenders,A,Official / primary source,Official,53,Low,,https://ausschreibungen.giz.de/Satellite/company/welcome.do,Search the portal using the stated keyword; deadlines and eligibility change frequently.
project-00278,Project / Tender,project,GIZ Tenders — Cloud Migration Search,GIZ tenders,GIZ tenders,Live Project Search,Live Project Search,,Global,Multiple,,Available,,,2026-07-20,Live portal search / monitor regularly,GIZ Tenders,A,Official / primary source,Official,53,Low,,https://ausschreibungen.giz.de/Satellite/company/welcome.do,Search the portal using the stated keyword; deadlines and eligibility change frequently.
project-00279,Project / Tender,project,GIZ Tenders — Cybersecurity Consulting Search,GIZ tenders,GIZ tenders,Live Project Search,Live Project Search,,Global,Multiple,,Available,,,2026-07-20,Live portal search / monitor regularly,GIZ Tenders,A,Official / primary source,Official,52,Low,,https://ausschreibungen.giz.de/Satellite/company/welcome.do,Search the portal using the stated keyword; deadlines and eligibility change frequently.
project-00280,Project / Tender,project,GIZ Tenders — Ai Strategy Search,GIZ tenders,GIZ tenders,Live Project Search,Live Project Search,,Global,Multiple,,Available,,,2026-07-20,Live portal search / monitor regularly,GIZ Tenders,A,Official / primary source,Official,52,Low,,https://ausschreibungen.giz.de/Satellite/company/welcome.do,Search the portal using the stated keyword; deadlines and eligibility change frequently.
project-00281,Project / Tender,project,GIZ Tenders — Erp Implementation Search,GIZ tenders,GIZ tenders,Live Project Search,Live Project Search,,Global,Multiple,,Available,,,2026-07-20,Live portal search / monitor regularly,GIZ Tenders,A,Official / primary source,Official,53,Low,,https://ausschreibungen.giz.de/Satellite/company/welcome.do,Search the portal using the stated keyword; deadlines and eligibility change frequently.
project-00282,Project / Tender,project,GIZ Tenders — Systems Integration Search,GIZ tenders,GIZ tenders,Live Project Search,Live Project Search,,Global,Multiple,,Available,,,2026-07-20,Live portal search / monitor regularly,GIZ Tenders,A,Official / primary source,Official,53,Low,,https://ausschreibungen.giz.de/Satellite/company/welcome.do,Search the portal using the stated keyword; deadlines and eligibility change frequently.
project-00283,Project / Tender,project,GIZ Tenders — Project Management Search,GIZ tenders,GIZ tenders,Live Project Search,Live Project Search,,Global,Multiple,,Available,,,2026-07-20,Live portal search / monitor regularly,GIZ Tenders,A,Official / primary source,Official,52,Low,,https://ausschreibungen.giz.de/Satellite/company/welcome.do,Search the portal using the stated keyword; deadlines and eligibility change frequently.
project-00284,Project / Tender,project,GIZ Tenders — Technical Assistance Search,GIZ tenders,GIZ tenders,Live Project Search,Live Project Search,,Global,Multiple,,Available,,,2026-07-20,Live portal search / monitor regularly,GIZ Tenders,A,Official / primary source,Official,52,Low,,https://ausschreibungen.giz.de/Satellite/company/welcome.do,Search the portal using the stated keyword; deadlines and eligibility change frequently.
project-00285,Project / Tender,project,GIZ Tenders — Business Process Reengineering Search,GIZ tenders,GIZ tenders,Live Project Search,Live Project Search,,Global,Multiple,,Available,,,2026-07-20,Live portal search / monitor regularly,GIZ Tenders,A,Official / primary source,Official,52,Low,,https://ausschreibungen.giz.de/Satellite/company/welcome.do,Search the portal using the stated keyword; deadlines and eligibility change frequently.
project-00286,Project / Tender,project,KfW Procurement — Ict Consulting Search,KfW procurement,KfW procurement,Live Project Search,Live Project Search,,Global,Multiple,,Available,,,2026-07-20,Live portal search / monitor regularly,KfW Procurement,A,Official / primary source,Official,53,Low,,https://www.kfw-entwicklungsbank.de/International-financing/KfW-Development-Bank/Procurement/,Search the portal using the stated keyword; deadlines and eligibility change frequently.
project-00287,Project / Tender,project,KfW Procurement — Digital Transformation Search,KfW procurement,KfW procurement,Live Project Search,Live Project Search,,Global,Multiple,,Available,,,2026-07-20,Live portal search / monitor regularly,KfW Procurement,A,Official / primary source,Official,57,Low,,https://www.kfw-entwicklungsbank.de/International-financing/KfW-Development-Bank/Procurement/,Search the portal using the stated keyword; deadlines and eligibility change frequently.
project-00288,Project / Tender,project,KfW Procurement — Software Development Search,KfW procurement,KfW procurement,Live Project Search,Live Project Search,,Global,Multiple,,Available,,,2026-07-20,Live portal search / monitor regularly,KfW Procurement,A,Official / primary source,Official,53,Low,,https://www.kfw-entwicklungsbank.de/International-financing/KfW-Development-Bank/Procurement/,Search the portal using the stated keyword; deadlines and eligibility change frequently.
project-00289,Project / Tender,project,KfW Procurement — Enterprise Architecture Search,KfW procurement,KfW procurement,Live Project Search,Live Project Search,,Global,Multiple,,Available,,,2026-07-20,Live portal search / monitor regularly,KfW Procurement,A,Official / primary source,Official,68,Medium,,https://www.kfw-entwicklungsbank.de/International-financing/KfW-Development-Bank/Procurement/,Search the portal using the stated keyword; deadlines and eligibility change frequently.
project-00290,Project / Tender,project,KfW Procurement — Data Governance Search,KfW procurement,KfW procurement,Live Project Search,Live Project Search,,Global,Multiple,,Available,,,2026-07-20,Live portal search / monitor regularly,KfW Procurement,A,Official / primary source,Official,60,Medium,,https://www.kfw-entwicklungsbank.de/International-financing/KfW-Development-Bank/Procurement/,Search the portal using the stated keyword; deadlines and eligibility change frequently.
project-00291,Project / Tender,project,KfW Procurement — Digital Health Search,KfW procurement,KfW procurement,Live Project Search,Live Project Search,,Global,Multiple,,Available,,,2026-07-20,Live portal search / monitor regularly,KfW Procurement,A,Official / primary source,Official,59,Low,,https://www.kfw-entwicklungsbank.de/International-financing/KfW-Development-Bank/Procurement/,Search the portal using the stated keyword; deadlines and eligibility change frequently.
project-00292,Project / Tender,project,KfW Procurement — Health Information Systems Search,KfW procurement,KfW procurement,Live Project Search,Live Project Search,,Global,Multiple,,Available,,,2026-07-20,Live portal search / monitor regularly,KfW Procurement,A,Official / primary source,Official,55,Low,,https://www.kfw-entwicklungsbank.de/International-financing/KfW-Development-Bank/Procurement/,Search the portal using the stated keyword; deadlines and eligibility change frequently.
project-00293,Project / Tender,project,KfW Procurement — Cloud Migration Search,KfW procurement,KfW procurement,Live Project Search,Live Project Search,,Global,Multiple,,Available,,,2026-07-20,Live portal search / monitor regularly,KfW Procurement,A,Official / primary source,Official,55,Low,,https://www.kfw-entwicklungsbank.de/International-financing/KfW-Development-Bank/Procurement/,Search the portal using the stated keyword; deadlines and eligibility change frequently.
project-00294,Project / Tender,project,KfW Procurement — Cybersecurity Consulting Search,KfW procurement,KfW procurement,Live Project Search,Live Project Search,,Global,Multiple,,Available,,,2026-07-20,Live portal search / monitor regularly,KfW Procurement,A,Official / primary source,Official,53,Low,,https://www.kfw-entwicklungsbank.de/International-financing/KfW-Development-Bank/Procurement/,Search the portal using the stated keyword; deadlines and eligibility change frequently.
project-00295,Project / Tender,project,KfW Procurement — Ai Strategy Search,KfW procurement,KfW procurement,Live Project Search,Live Project Search,,Global,Multiple,,Available,,,2026-07-20,Live portal search / monitor regularly,KfW Procurement,A,Official / primary source,Official,53,Low,,https://www.kfw-entwicklungsbank.de/International-financing/KfW-Development-Bank/Procurement/,Search the portal using the stated keyword; deadlines and eligibility change frequently.
project-00296,Project / Tender,project,KfW Procurement — Erp Implementation Search,KfW procurement,KfW procurement,Live Project Search,Live Project Search,,Global,Multiple,,Available,,,2026-07-20,Live portal search / monitor regularly,KfW Procurement,A,Official / primary source,Official,55,Low,,https://www.kfw-entwicklungsbank.de/International-financing/KfW-Development-Bank/Procurement/,Search the portal using the stated keyword; deadlines and eligibility change frequently.
project-00297,Project / Tender,project,KfW Procurement — Systems Integration Search,KfW procurement,KfW procurement,Live Project Search,Live Project Search,,Global,Multiple,,Available,,,2026-07-20,Live portal search / monitor regularly,KfW Procurement,A,Official / primary source,Official,55,Low,,https://www.kfw-entwicklungsbank.de/International-financing/KfW-Development-Bank/Procurement/,Search the portal using the stated keyword; deadlines and eligibility change frequently.
project-00298,Project / Tender,project,KfW Procurement — Project Management Search,KfW procurement,KfW procurement,Live Project Search,Live Project Search,,Global,Multiple,,Available,,,2026-07-20,Live portal search / monitor regularly,KfW Procurement,A,Official / primary source,Official,53,Low,,https://www.kfw-entwicklungsbank.de/International-financing/KfW-Development-Bank/Procurement/,Search the portal using the stated keyword; deadlines and eligibility change frequently.
project-00299,Project / Tender,project,KfW Procurement — Technical Assistance Search,KfW procurement,KfW procurement,Live Project Search,Live Project Search,,Global,Multiple,,Available,,,2026-07-20,Live portal search / monitor regularly,KfW Procurement,A,Official / primary source,Official,53,Low,,https://www.kfw-entwicklungsbank.de/International-financing/KfW-Development-Bank/Procurement/,Search the portal using the stated keyword; deadlines and eligibility change frequently.
project-00300,Project / Tender,project,KfW Procurement — Business Process Reengineering Search,KfW procurement,KfW procurement,Live Project Search,Live Project Search,,Global,Multiple,,Available,,,2026-07-20,Live portal search / monitor regularly,KfW Procurement,A,Official / primary source,Official,53,Low,,https://www.kfw-entwicklungsbank.de/International-financing/KfW-Development-Bank/Procurement/,Search the portal using the stated keyword; deadlines and eligibility change frequently.
project-00301,Project / Tender,project,FCDO Procurement — Ict Consulting Search,UK development contracts,UK development contracts,Live Project Search,Live Project Search,,Global,Multiple,,Available,,,2026-07-20,Live portal search / monitor regularly,FCDO Procurement,A,Official / primary source,Official,53,Low,,https://www.contractsfinder.service.gov.uk/Search,Search the portal using the stated keyword; deadlines and eligibility change frequently.
project-00302,Project / Tender,project,FCDO Procurement — Digital Transformation Search,UK development contracts,UK development contracts,Live Project Search,Live Project Search,,Global,Multiple,,Available,,,2026-07-20,Live portal search / monitor regularly,FCDO Procurement,A,Official / primary source,Official,57,Low,,https://www.contractsfinder.service.gov.uk/Search,Search the portal using the stated keyword; deadlines and eligibility change frequently.
project-00303,Project / Tender,project,FCDO Procurement — Software Development Search,UK development contracts,UK development contracts,Live Project Search,Live Project Search,,Global,Multiple,,Available,,,2026-07-20,Live portal search / monitor regularly,FCDO Procurement,A,Official / primary source,Official,53,Low,,https://www.contractsfinder.service.gov.uk/Search,Search the portal using the stated keyword; deadlines and eligibility change frequently.
project-00304,Project / Tender,project,FCDO Procurement — Enterprise Architecture Search,UK development contracts,UK development contracts,Live Project Search,Live Project Search,,Global,Multiple,,Available,,,2026-07-20,Live portal search / monitor regularly,FCDO Procurement,A,Official / primary source,Official,68,Medium,,https://www.contractsfinder.service.gov.uk/Search,Search the portal using the stated keyword; deadlines and eligibility change frequently.
project-00305,Project / Tender,project,FCDO Procurement — Data Governance Search,UK development contracts,UK development contracts,Live Project Search,Live Project Search,,Global,Multiple,,Available,,,2026-07-20,Live portal search / monitor regularly,FCDO Procurement,A,Official / primary source,Official,60,Medium,,https://www.contractsfinder.service.gov.uk/Search,Search the portal using the stated keyword; deadlines and eligibility change frequently.
project-00306,Project / Tender,project,FCDO Procurement — Digital Health Search,UK development contracts,UK development contracts,Live Project Search,Live Project Search,,Global,Multiple,,Available,,,2026-07-20,Live portal search / monitor regularly,FCDO Procurement,A,Official / primary source,Official,59,Low,,https://www.contractsfinder.service.gov.uk/Search,Search the portal using the stated keyword; deadlines and eligibility change frequently.
project-00307,Project / Tender,project,FCDO Procurement — Health Information Systems Search,UK development contracts,UK development contracts,Live Project Search,Live Project Search,,Global,Multiple,,Available,,,2026-07-20,Live portal search / monitor regularly,FCDO Procurement,A,Official / primary source,Official,55,Low,,https://www.contractsfinder.service.gov.uk/Search,Search the portal using the stated keyword; deadlines and eligibility change frequently.
project-00308,Project / Tender,project,FCDO Procurement — Cloud Migration Search,UK development contracts,UK development contracts,Live Project Search,Live Project Search,,Global,Multiple,,Available,,,2026-07-20,Live portal search / monitor regularly,FCDO Procurement,A,Official / primary source,Official,55,Low,,https://www.contractsfinder.service.gov.uk/Search,Search the portal using the stated keyword; deadlines and eligibility change frequently.
project-00309,Project / Tender,project,FCDO Procurement — Cybersecurity Consulting Search,UK development contracts,UK development contracts,Live Project Search,Live Project Search,,Global,Multiple,,Available,,,2026-07-20,Live portal search / monitor regularly,FCDO Procurement,A,Official / primary source,Official,53,Low,,https://www.contractsfinder.service.gov.uk/Search,Search the portal using the stated keyword; deadlines and eligibility change frequently.
project-00310,Project / Tender,project,FCDO Procurement — Ai Strategy Search,UK development contracts,UK development contracts,Live Project Search,Live Project Search,,Global,Multiple,,Available,,,2026-07-20,Live portal search / monitor regularly,FCDO Procurement,A,Official / primary source,Official,53,Low,,https://www.contractsfinder.service.gov.uk/Search,Search the portal using the stated keyword; deadlines and eligibility change frequently.
project-00311,Project / Tender,project,FCDO Procurement — Erp Implementation Search,UK development contracts,UK development contracts,Live Project Search,Live Project Search,,Global,Multiple,,Available,,,2026-07-20,Live portal search / monitor regularly,FCDO Procurement,A,Official / primary source,Official,55,Low,,https://www.contractsfinder.service.gov.uk/Search,Search the portal using the stated keyword; deadlines and eligibility change frequently.
project-00312,Project / Tender,project,FCDO Procurement — Systems Integration Search,UK development contracts,UK development contracts,Live Project Search,Live Project Search,,Global,Multiple,,Available,,,2026-07-20,Live portal search / monitor regularly,FCDO Procurement,A,Official / primary source,Official,55,Low,,https://www.contractsfinder.service.gov.uk/Search,Search the portal using the stated keyword; deadlines and eligibility change frequently.
project-00313,Project / Tender,project,FCDO Procurement — Project Management Search,UK development contracts,UK development contracts,Live Project Search,Live Project Search,,Global,Multiple,,Available,,,2026-07-20,Live portal search / monitor regularly,FCDO Procurement,A,Official / primary source,Official,53,Low,,https://www.contractsfinder.service.gov.uk/Search,Search the portal using the stated keyword; deadlines and eligibility change frequently.
project-00314,Project / Tender,project,FCDO Procurement — Technical Assistance Search,UK development contracts,UK development contracts,Live Project Search,Live Project Search,,Global,Multiple,,Available,,,2026-07-20,Live portal search / monitor regularly,FCDO Procurement,A,Official / primary source,Official,53,Low,,https://www.contractsfinder.service.gov.uk/Search,Search the portal using the stated keyword; deadlines and eligibility change frequently.
project-00315,Project / Tender,project,FCDO Procurement — Business Process Reengineering Search,UK development contracts,UK development contracts,Live Project Search,Live Project Search,,Global,Multiple,,Available,,,2026-07-20,Live portal search / monitor regularly,FCDO Procurement,A,Official / primary source,Official,53,Low,,https://www.contractsfinder.service.gov.uk/Search,Search the portal using the stated keyword; deadlines and eligibility change frequently.
project-00316,Project / Tender,project,SAM.gov — Ict Consulting Search,US government contracts,US government contracts,Live Project Search,Live Project Search,,Global,Multiple,,Available,,,2026-07-20,Live portal search / monitor regularly,SAM.gov,A,Official / primary source,Official,53,Low,,https://sam.gov/content/opportunities,Search the portal using the stated keyword; deadlines and eligibility change frequently.
project-00317,Project / Tender,project,SAM.gov — Digital Transformation Search,US government contracts,US government contracts,Live Project Search,Live Project Search,,Global,Multiple,,Available,,,2026-07-20,Live portal search / monitor regularly,SAM.gov,A,Official / primary source,Official,57,Low,,https://sam.gov/content/opportunities,Search the portal using the stated keyword; deadlines and eligibility change frequently.
project-00318,Project / Tender,project,SAM.gov — Software Development Search,US government contracts,US government contracts,Live Project Search,Live Project Search,,Global,Multiple,,Available,,,2026-07-20,Live portal search / monitor regularly,SAM.gov,A,Official / primary source,Official,53,Low,,https://sam.gov/content/opportunities,Search the portal using the stated keyword; deadlines and eligibility change frequently.
project-00319,Project / Tender,project,SAM.gov — Enterprise Architecture Search,US government contracts,US government contracts,Live Project Search,Live Project Search,,Global,Multiple,,Available,,,2026-07-20,Live portal search / monitor regularly,SAM.gov,A,Official / primary source,Official,68,Medium,,https://sam.gov/content/opportunities,Search the portal using the stated keyword; deadlines and eligibility change frequently.
project-00320,Project / Tender,project,SAM.gov — Data Governance Search,US government contracts,US government contracts,Live Project Search,Live Project Search,,Global,Multiple,,Available,,,2026-07-20,Live portal search / monitor regularly,SAM.gov,A,Official / primary source,Official,60,Medium,,https://sam.gov/content/opportunities,Search the portal using the stated keyword; deadlines and eligibility change frequently.
project-00321,Project / Tender,project,SAM.gov — Digital Health Search,US government contracts,US government contracts,Live Project Search,Live Project Search,,Global,Multiple,,Available,,,2026-07-20,Live portal search / monitor regularly,SAM.gov,A,Official / primary source,Official,59,Low,,https://sam.gov/content/opportunities,Search the portal using the stated keyword; deadlines and eligibility change frequently.
project-00322,Project / Tender,project,SAM.gov — Health Information Systems Search,US government contracts,US government contracts,Live Project Search,Live Project Search,,Global,Multiple,,Available,,,2026-07-20,Live portal search / monitor regularly,SAM.gov,A,Official / primary source,Official,55,Low,,https://sam.gov/content/opportunities,Search the portal using the stated keyword; deadlines and eligibility change frequently.
project-00323,Project / Tender,project,SAM.gov — Cloud Migration Search,US government contracts,US government contracts,Live Project Search,Live Project Search,,Global,Multiple,,Available,,,2026-07-20,Live portal search / monitor regularly,SAM.gov,A,Official / primary source,Official,55,Low,,https://sam.gov/content/opportunities,Search the portal using the stated keyword; deadlines and eligibility change frequently.
project-00324,Project / Tender,project,SAM.gov — Cybersecurity Consulting Search,US government contracts,US government contracts,Live Project Search,Live Project Search,,Global,Multiple,,Available,,,2026-07-20,Live portal search / monitor regularly,SAM.gov,A,Official / primary source,Official,53,Low,,https://sam.gov/content/opportunities,Search the portal using the stated keyword; deadlines and eligibility change frequently.
project-00325,Project / Tender,project,SAM.gov — Ai Strategy Search,US government contracts,US government contracts,Live Project Search,Live Project Search,,Global,Multiple,,Available,,,2026-07-20,Live portal search / monitor regularly,SAM.gov,A,Official / primary source,Official,53,Low,,https://sam.gov/content/opportunities,Search the portal using the stated keyword; deadlines and eligibility change frequently.
project-00326,Project / Tender,project,SAM.gov — Erp Implementation Search,US government contracts,US government contracts,Live Project Search,Live Project Search,,Global,Multiple,,Available,,,2026-07-20,Live portal search / monitor regularly,SAM.gov,A,Official / primary source,Official,55,Low,,https://sam.gov/content/opportunities,Search the portal using the stated keyword; deadlines and eligibility change frequently.
project-00327,Project / Tender,project,SAM.gov — Systems Integration Search,US government contracts,US government contracts,Live Project Search,Live Project Search,,Global,Multiple,,Available,,,2026-07-20,Live portal search / monitor regularly,SAM.gov,A,Official / primary source,Official,55,Low,,https://sam.gov/content/opportunities,Search the portal using the stated keyword; deadlines and eligibility change frequently.
project-00328,Project / Tender,project,SAM.gov — Project Management Search,US government contracts,US government contracts,Live Project Search,Live Project Search,,Global,Multiple,,Available,,,2026-07-20,Live portal search / monitor regularly,SAM.gov,A,Official / primary source,Official,53,Low,,https://sam.gov/content/opportunities,Search the portal using the stated keyword; deadlines and eligibility change frequently.
project-00329,Project / Tender,project,SAM.gov — Technical Assistance Search,US government contracts,US government contracts,Live Project Search,Live Project Search,,Global,Multiple,,Available,,,2026-07-20,Live portal search / monitor regularly,SAM.gov,A,Official / primary source,Official,53,Low,,https://sam.gov/content/opportunities,Search the portal using the stated keyword; deadlines and eligibility change frequently.
project-00330,Project / Tender,project,SAM.gov — Business Process Reengineering Search,US government contracts,US government contracts,Live Project Search,Live Project Search,,Global,Multiple,,Available,,,2026-07-20,Live portal search / monitor regularly,SAM.gov,A,Official / primary source,Official,53,Low,,https://sam.gov/content/opportunities,Search the portal using the stated keyword; deadlines and eligibility change frequently.
project-00331,Project / Tender,project,African Union Procurement — Ict Consulting Search,African Union bids,African Union bids,Live Project Search,Live Project Search,,Global,Multiple,,Available,,,2026-07-20,Live portal search / monitor regularly,African Union Procurement,A,Official / primary source,Official,53,Low,,https://au.int/en/bids,Search the portal using the stated keyword; deadlines and eligibility change frequently.
project-00332,Project / Tender,project,African Union Procurement — Digital Transformation Search,African Union bids,African Union bids,Live Project Search,Live Project Search,,Global,Multiple,,Available,,,2026-07-20,Live portal search / monitor regularly,African Union Procurement,A,Official / primary source,Official,57,Low,,https://au.int/en/bids,Search the portal using the stated keyword; deadlines and eligibility change frequently.
project-00333,Project / Tender,project,African Union Procurement — Software Development Search,African Union bids,African Union bids,Live Project Search,Live Project Search,,Global,Multiple,,Available,,,2026-07-20,Live portal search / monitor regularly,African Union Procurement,A,Official / primary source,Official,53,Low,,https://au.int/en/bids,Search the portal using the stated keyword; deadlines and eligibility change frequently.
project-00334,Project / Tender,project,African Union Procurement — Enterprise Architecture Search,African Union bids,African Union bids,Live Project Search,Live Project Search,,Global,Multiple,,Available,,,2026-07-20,Live portal search / monitor regularly,African Union Procurement,A,Official / primary source,Official,68,Medium,,https://au.int/en/bids,Search the portal using the stated keyword; deadlines and eligibility change frequently.
project-00335,Project / Tender,project,African Union Procurement — Data Governance Search,African Union bids,African Union bids,Live Project Search,Live Project Search,,Global,Multiple,,Available,,,2026-07-20,Live portal search / monitor regularly,African Union Procurement,A,Official / primary source,Official,60,Medium,,https://au.int/en/bids,Search the portal using the stated keyword; deadlines and eligibility change frequently.
project-00336,Project / Tender,project,African Union Procurement — Digital Health Search,African Union bids,African Union bids,Live Project Search,Live Project Search,,Global,Multiple,,Available,,,2026-07-20,Live portal search / monitor regularly,African Union Procurement,A,Official / primary source,Official,59,Low,,https://au.int/en/bids,Search the portal using the stated keyword; deadlines and eligibility change frequently.
project-00337,Project / Tender,project,African Union Procurement — Health Information Systems Search,African Union bids,African Union bids,Live Project Search,Live Project Search,,Global,Multiple,,Available,,,2026-07-20,Live portal search / monitor regularly,African Union Procurement,A,Official / primary source,Official,55,Low,,https://au.int/en/bids,Search the portal using the stated keyword; deadlines and eligibility change frequently.
project-00338,Project / Tender,project,African Union Procurement — Cloud Migration Search,African Union bids,African Union bids,Live Project Search,Live Project Search,,Global,Multiple,,Available,,,2026-07-20,Live portal search / monitor regularly,African Union Procurement,A,Official / primary source,Official,55,Low,,https://au.int/en/bids,Search the portal using the stated keyword; deadlines and eligibility change frequently.
project-00339,Project / Tender,project,African Union Procurement — Cybersecurity Consulting Search,African Union bids,African Union bids,Live Project Search,Live Project Search,,Global,Multiple,,Available,,,2026-07-20,Live portal search / monitor regularly,African Union Procurement,A,Official / primary source,Official,53,Low,,https://au.int/en/bids,Search the portal using the stated keyword; deadlines and eligibility change frequently.
project-00340,Project / Tender,project,African Union Procurement — Ai Strategy Search,African Union bids,African Union bids,Live Project Search,Live Project Search,,Global,Multiple,,Available,,,2026-07-20,Live portal search / monitor regularly,African Union Procurement,A,Official / primary source,Official,53,Low,,https://au.int/en/bids,Search the portal using the stated keyword; deadlines and eligibility change frequently.
project-00341,Project / Tender,project,African Union Procurement — Erp Implementation Search,African Union bids,African Union bids,Live Project Search,Live Project Search,,Global,Multiple,,Available,,,2026-07-20,Live portal search / monitor regularly,African Union Procurement,A,Official / primary source,Official,55,Low,,https://au.int/en/bids,Search the portal using the stated keyword; deadlines and eligibility change frequently.
project-00342,Project / Tender,project,African Union Procurement — Systems Integration Search,African Union bids,African Union bids,Live Project Search,Live Project Search,,Global,Multiple,,Available,,,2026-07-20,Live portal search / monitor regularly,African Union Procurement,A,Official / primary source,Official,55,Low,,https://au.int/en/bids,Search the portal using the stated keyword; deadlines and eligibility change frequently.
project-00343,Project / Tender,project,African Union Procurement — Project Management Search,African Union bids,African Union bids,Live Project Search,Live Project Search,,Global,Multiple,,Available,,,2026-07-20,Live portal search / monitor regularly,African Union Procurement,A,Official / primary source,Official,53,Low,,https://au.int/en/bids,Search the portal using the stated keyword; deadlines and eligibility change frequently.
project-00344,Project / Tender,project,African Union Procurement — Technical Assistance Search,African Union bids,African Union bids,Live Project Search,Live Project Search,,Global,Multiple,,Available,,,2026-07-20,Live portal search / monitor regularly,African Union Procurement,A,Official / primary source,Official,53,Low,,https://au.int/en/bids,Search the portal using the stated keyword; deadlines and eligibility change frequently.
project-00345,Project / Tender,project,African Union Procurement — Business Process Reengineering Search,African Union bids,African Union bids,Live Project Search,Live Project Search,,Global,Multiple,,Available,,,2026-07-20,Live portal search / monitor regularly,African Union Procurement,A,Official / primary source,Official,53,Low,,https://au.int/en/bids,Search the portal using the stated keyword; deadlines and eligibility change frequently.
project-00346,Project / Tender,project,COMESA Procurement — Ict Consulting Search,COMESA tenders,COMESA tenders,Live Project Search,Live Project Search,,Global,Multiple,,Available,,,2026-07-20,Live portal search / monitor regularly,COMESA Procurement,A,Official / primary source,Official,53,Low,,https://www.comesa.int/category/tenders/,Search the portal using the stated keyword; deadlines and eligibility change frequently.
project-00347,Project / Tender,project,COMESA Procurement — Digital Transformation Search,COMESA tenders,COMESA tenders,Live Project Search,Live Project Search,,Global,Multiple,,Available,,,2026-07-20,Live portal search / monitor regularly,COMESA Procurement,A,Official / primary source,Official,57,Low,,https://www.comesa.int/category/tenders/,Search the portal using the stated keyword; deadlines and eligibility change frequently.
project-00348,Project / Tender,project,COMESA Procurement — Software Development Search,COMESA tenders,COMESA tenders,Live Project Search,Live Project Search,,Global,Multiple,,Available,,,2026-07-20,Live portal search / monitor regularly,COMESA Procurement,A,Official / primary source,Official,53,Low,,https://www.comesa.int/category/tenders/,Search the portal using the stated keyword; deadlines and eligibility change frequently.
project-00349,Project / Tender,project,COMESA Procurement — Enterprise Architecture Search,COMESA tenders,COMESA tenders,Live Project Search,Live Project Search,,Global,Multiple,,Available,,,2026-07-20,Live portal search / monitor regularly,COMESA Procurement,A,Official / primary source,Official,68,Medium,,https://www.comesa.int/category/tenders/,Search the portal using the stated keyword; deadlines and eligibility change frequently.
project-00350,Project / Tender,project,COMESA Procurement — Data Governance Search,COMESA tenders,COMESA tenders,Live Project Search,Live Project Search,,Global,Multiple,,Available,,,2026-07-20,Live portal search / monitor regularly,COMESA Procurement,A,Official / primary source,Official,60,Medium,,https://www.comesa.int/category/tenders/,Search the portal using the stated keyword; deadlines and eligibility change frequently.
project-00351,Project / Tender,project,COMESA Procurement — Digital Health Search,COMESA tenders,COMESA tenders,Live Project Search,Live Project Search,,Global,Multiple,,Available,,,2026-07-20,Live portal search / monitor regularly,COMESA Procurement,A,Official / primary source,Official,59,Low,,https://www.comesa.int/category/tenders/,Search the portal using the stated keyword; deadlines and eligibility change frequently.
project-00352,Project / Tender,project,COMESA Procurement — Health Information Systems Search,COMESA tenders,COMESA tenders,Live Project Search,Live Project Search,,Global,Multiple,,Available,,,2026-07-20,Live portal search / monitor regularly,COMESA Procurement,A,Official / primary source,Official,55,Low,,https://www.comesa.int/category/tenders/,Search the portal using the stated keyword; deadlines and eligibility change frequently.
project-00353,Project / Tender,project,COMESA Procurement — Cloud Migration Search,COMESA tenders,COMESA tenders,Live Project Search,Live Project Search,,Global,Multiple,,Available,,,2026-07-20,Live portal search / monitor regularly,COMESA Procurement,A,Official / primary source,Official,55,Low,,https://www.comesa.int/category/tenders/,Search the portal using the stated keyword; deadlines and eligibility change frequently.
project-00354,Project / Tender,project,COMESA Procurement — Cybersecurity Consulting Search,COMESA tenders,COMESA tenders,Live Project Search,Live Project Search,,Global,Multiple,,Available,,,2026-07-20,Live portal search / monitor regularly,COMESA Procurement,A,Official / primary source,Official,53,Low,,https://www.comesa.int/category/tenders/,Search the portal using the stated keyword; deadlines and eligibility change frequently.
project-00355,Project / Tender,project,COMESA Procurement — Ai Strategy Search,COMESA tenders,COMESA tenders,Live Project Search,Live Project Search,,Global,Multiple,,Available,,,2026-07-20,Live portal search / monitor regularly,COMESA Procurement,A,Official / primary source,Official,53,Low,,https://www.comesa.int/category/tenders/,Search the portal using the stated keyword; deadlines and eligibility change frequently.
project-00356,Project / Tender,project,COMESA Procurement — Erp Implementation Search,COMESA tenders,COMESA tenders,Live Project Search,Live Project Search,,Global,Multiple,,Available,,,2026-07-20,Live portal search / monitor regularly,COMESA Procurement,A,Official / primary source,Official,55,Low,,https://www.comesa.int/category/tenders/,Search the portal using the stated keyword; deadlines and eligibility change frequently.
project-00357,Project / Tender,project,COMESA Procurement — Systems Integration Search,COMESA tenders,COMESA tenders,Live Project Search,Live Project Search,,Global,Multiple,,Available,,,2026-07-20,Live portal search / monitor regularly,COMESA Procurement,A,Official / primary source,Official,55,Low,,https://www.comesa.int/category/tenders/,Search the portal using the stated keyword; deadlines and eligibility change frequently.
project-00358,Project / Tender,project,COMESA Procurement — Project Management Search,COMESA tenders,COMESA tenders,Live Project Search,Live Project Search,,Global,Multiple,,Available,,,2026-07-20,Live portal search / monitor regularly,COMESA Procurement,A,Official / primary source,Official,53,Low,,https://www.comesa.int/category/tenders/,Search the portal using the stated keyword; deadlines and eligibility change frequently.
project-00359,Project / Tender,project,COMESA Procurement — Technical Assistance Search,COMESA tenders,COMESA tenders,Live Project Search,Live Project Search,,Global,Multiple,,Available,,,2026-07-20,Live portal search / monitor regularly,COMESA Procurement,A,Official / primary source,Official,53,Low,,https://www.comesa.int/category/tenders/,Search the portal using the stated keyword; deadlines and eligibility change frequently.
project-00360,Project / Tender,project,COMESA Procurement — Business Process Reengineering Search,COMESA tenders,COMESA tenders,Live Project Search,Live Project Search,,Global,Multiple,,Available,,,2026-07-20,Live portal search / monitor regularly,COMESA Procurement,A,Official / primary source,Official,53,Low,,https://www.comesa.int/category/tenders/,Search the portal using the stated keyword; deadlines and eligibility change frequently.
project-00361,Project / Tender,project,ECOWAS Procurement — Ict Consulting Search,ECOWAS procurement,ECOWAS procurement,Live Project Search,Live Project Search,,Global,Multiple,,Available,,,2026-07-20,Live portal search / monitor regularly,ECOWAS Procurement,A,Official / primary source,Official,53,Low,,https://www.ecowas.int/doing-business-in-ecowas/procurement/,Search the portal using the stated keyword; deadlines and eligibility change frequently.
project-00362,Project / Tender,project,ECOWAS Procurement — Digital Transformation Search,ECOWAS procurement,ECOWAS procurement,Live Project Search,Live Project Search,,Global,Multiple,,Available,,,2026-07-20,Live portal search / monitor regularly,ECOWAS Procurement,A,Official / primary source,Official,57,Low,,https://www.ecowas.int/doing-business-in-ecowas/procurement/,Search the portal using the stated keyword; deadlines and eligibility change frequently.
project-00363,Project / Tender,project,ECOWAS Procurement — Software Development Search,ECOWAS procurement,ECOWAS procurement,Live Project Search,Live Project Search,,Global,Multiple,,Available,,,2026-07-20,Live portal search / monitor regularly,ECOWAS Procurement,A,Official / primary source,Official,53,Low,,https://www.ecowas.int/doing-business-in-ecowas/procurement/,Search the portal using the stated keyword; deadlines and eligibility change frequently.
project-00364,Project / Tender,project,ECOWAS Procurement — Enterprise Architecture Search,ECOWAS procurement,ECOWAS procurement,Live Project Search,Live Project Search,,Global,Multiple,,Available,,,2026-07-20,Live portal search / monitor regularly,ECOWAS Procurement,A,Official / primary source,Official,68,Medium,,https://www.ecowas.int/doing-business-in-ecowas/procurement/,Search the portal using the stated keyword; deadlines and eligibility change frequently.
project-00365,Project / Tender,project,ECOWAS Procurement — Data Governance Search,ECOWAS procurement,ECOWAS procurement,Live Project Search,Live Project Search,,Global,Multiple,,Available,,,2026-07-20,Live portal search / monitor regularly,ECOWAS Procurement,A,Official / primary source,Official,60,Medium,,https://www.ecowas.int/doing-business-in-ecowas/procurement/,Search the portal using the stated keyword; deadlines and eligibility change frequently.
project-00366,Project / Tender,project,ECOWAS Procurement — Digital Health Search,ECOWAS procurement,ECOWAS procurement,Live Project Search,Live Project Search,,Global,Multiple,,Available,,,2026-07-20,Live portal search / monitor regularly,ECOWAS Procurement,A,Official / primary source,Official,59,Low,,https://www.ecowas.int/doing-business-in-ecowas/procurement/,Search the portal using the stated keyword; deadlines and eligibility change frequently.
project-00367,Project / Tender,project,ECOWAS Procurement — Health Information Systems Search,ECOWAS procurement,ECOWAS procurement,Live Project Search,Live Project Search,,Global,Multiple,,Available,,,2026-07-20,Live portal search / monitor regularly,ECOWAS Procurement,A,Official / primary source,Official,55,Low,,https://www.ecowas.int/doing-business-in-ecowas/procurement/,Search the portal using the stated keyword; deadlines and eligibility change frequently.
project-00368,Project / Tender,project,ECOWAS Procurement — Cloud Migration Search,ECOWAS procurement,ECOWAS procurement,Live Project Search,Live Project Search,,Global,Multiple,,Available,,,2026-07-20,Live portal search / monitor regularly,ECOWAS Procurement,A,Official / primary source,Official,55,Low,,https://www.ecowas.int/doing-business-in-ecowas/procurement/,Search the portal using the stated keyword; deadlines and eligibility change frequently.
project-00369,Project / Tender,project,ECOWAS Procurement — Cybersecurity Consulting Search,ECOWAS procurement,ECOWAS procurement,Live Project Search,Live Project Search,,Global,Multiple,,Available,,,2026-07-20,Live portal search / monitor regularly,ECOWAS Procurement,A,Official / primary source,Official,53,Low,,https://www.ecowas.int/doing-business-in-ecowas/procurement/,Search the portal using the stated keyword; deadlines and eligibility change frequently.
project-00370,Project / Tender,project,ECOWAS Procurement — Ai Strategy Search,ECOWAS procurement,ECOWAS procurement,Live Project Search,Live Project Search,,Global,Multiple,,Available,,,2026-07-20,Live portal search / monitor regularly,ECOWAS Procurement,A,Official / primary source,Official,53,Low,,https://www.ecowas.int/doing-business-in-ecowas/procurement/,Search the portal using the stated keyword; deadlines and eligibility change frequently.
project-00371,Project / Tender,project,ECOWAS Procurement — Erp Implementation Search,ECOWAS procurement,ECOWAS procurement,Live Project Search,Live Project Search,,Global,Multiple,,Available,,,2026-07-20,Live portal search / monitor regularly,ECOWAS Procurement,A,Official / primary source,Official,55,Low,,https://www.ecowas.int/doing-business-in-ecowas/procurement/,Search the portal using the stated keyword; deadlines and eligibility change frequently.
project-00372,Project / Tender,project,ECOWAS Procurement — Systems Integration Search,ECOWAS procurement,ECOWAS procurement,Live Project Search,Live Project Search,,Global,Multiple,,Available,,,2026-07-20,Live portal search / monitor regularly,ECOWAS Procurement,A,Official / primary source,Official,55,Low,,https://www.ecowas.int/doing-business-in-ecowas/procurement/,Search the portal using the stated keyword; deadlines and eligibility change frequently.
project-00373,Project / Tender,project,ECOWAS Procurement — Project Management Search,ECOWAS procurement,ECOWAS procurement,Live Project Search,Live Project Search,,Global,Multiple,,Available,,,2026-07-20,Live portal search / monitor regularly,ECOWAS Procurement,A,Official / primary source,Official,53,Low,,https://www.ecowas.int/doing-business-in-ecowas/procurement/,Search the portal using the stated keyword; deadlines and eligibility change frequently.
project-00374,Project / Tender,project,ECOWAS Procurement — Technical Assistance Search,ECOWAS procurement,ECOWAS procurement,Live Project Search,Live Project Search,,Global,Multiple,,Available,,,2026-07-20,Live portal search / monitor regularly,ECOWAS Procurement,A,Official / primary source,Official,53,Low,,https://www.ecowas.int/doing-business-in-ecowas/procurement/,Search the portal using the stated keyword; deadlines and eligibility change frequently.
project-00375,Project / Tender,project,ECOWAS Procurement — Business Process Reengineering Search,ECOWAS procurement,ECOWAS procurement,Live Project Search,Live Project Search,,Global,Multiple,,Available,,,2026-07-20,Live portal search / monitor regularly,ECOWAS Procurement,A,Official / primary source,Official,53,Low,,https://www.ecowas.int/doing-business-in-ecowas/procurement/,Search the portal using the stated keyword; deadlines and eligibility change frequently.
project-00376,Project / Tender,project,SADC Procurement — Ict Consulting Search,SADC procurement,SADC procurement,Live Project Search,Live Project Search,,Global,Multiple,,Available,,,2026-07-20,Live portal search / monitor regularly,SADC Procurement,A,Official / primary source,Official,53,Low,,https://www.sadc.int/procurement,Search the portal using the stated keyword; deadlines and eligibility change frequently.
project-00377,Project / Tender,project,SADC Procurement — Digital Transformation Search,SADC procurement,SADC procurement,Live Project Search,Live Project Search,,Global,Multiple,,Available,,,2026-07-20,Live portal search / monitor regularly,SADC Procurement,A,Official / primary source,Official,57,Low,,https://www.sadc.int/procurement,Search the portal using the stated keyword; deadlines and eligibility change frequently.
project-00378,Project / Tender,project,SADC Procurement — Software Development Search,SADC procurement,SADC procurement,Live Project Search,Live Project Search,,Global,Multiple,,Available,,,2026-07-20,Live portal search / monitor regularly,SADC Procurement,A,Official / primary source,Official,53,Low,,https://www.sadc.int/procurement,Search the portal using the stated keyword; deadlines and eligibility change frequently.
project-00379,Project / Tender,project,SADC Procurement — Enterprise Architecture Search,SADC procurement,SADC procurement,Live Project Search,Live Project Search,,Global,Multiple,,Available,,,2026-07-20,Live portal search / monitor regularly,SADC Procurement,A,Official / primary source,Official,68,Medium,,https://www.sadc.int/procurement,Search the portal using the stated keyword; deadlines and eligibility change frequently.
project-00380,Project / Tender,project,SADC Procurement — Data Governance Search,SADC procurement,SADC procurement,Live Project Search,Live Project Search,,Global,Multiple,,Available,,,2026-07-20,Live portal search / monitor regularly,SADC Procurement,A,Official / primary source,Official,60,Medium,,https://www.sadc.int/procurement,Search the portal using the stated keyword; deadlines and eligibility change frequently.
project-00381,Project / Tender,project,SADC Procurement — Digital Health Search,SADC procurement,SADC procurement,Live Project Search,Live Project Search,,Global,Multiple,,Available,,,2026-07-20,Live portal search / monitor regularly,SADC Procurement,A,Official / primary source,Official,59,Low,,https://www.sadc.int/procurement,Search the portal using the stated keyword; deadlines and eligibility change frequently.
project-00382,Project / Tender,project,SADC Procurement — Health Information Systems Search,SADC procurement,SADC procurement,Live Project Search,Live Project Search,,Global,Multiple,,Available,,,2026-07-20,Live portal search / monitor regularly,SADC Procurement,A,Official / primary source,Official,55,Low,,https://www.sadc.int/procurement,Search the portal using the stated keyword; deadlines and eligibility change frequently.
project-00383,Project / Tender,project,SADC Procurement — Cloud Migration Search,SADC procurement,SADC procurement,Live Project Search,Live Project Search,,Global,Multiple,,Available,,,2026-07-20,Live portal search / monitor regularly,SADC Procurement,A,Official / primary source,Official,55,Low,,https://www.sadc.int/procurement,Search the portal using the stated keyword; deadlines and eligibility change frequently.
project-00384,Project / Tender,project,SADC Procurement — Cybersecurity Consulting Search,SADC procurement,SADC procurement,Live Project Search,Live Project Search,,Global,Multiple,,Available,,,2026-07-20,Live portal search / monitor regularly,SADC Procurement,A,Official / primary source,Official,53,Low,,https://www.sadc.int/procurement,Search the portal using the stated keyword; deadlines and eligibility change frequently.
project-00385,Project / Tender,project,SADC Procurement — Ai Strategy Search,SADC procurement,SADC procurement,Live Project Search,Live Project Search,,Global,Multiple,,Available,,,2026-07-20,Live portal search / monitor regularly,SADC Procurement,A,Official / primary source,Official,53,Low,,https://www.sadc.int/procurement,Search the portal using the stated keyword; deadlines and eligibility change frequently.
project-00386,Project / Tender,project,SADC Procurement — Erp Implementation Search,SADC procurement,SADC procurement,Live Project Search,Live Project Search,,Global,Multiple,,Available,,,2026-07-20,Live portal search / monitor regularly,SADC Procurement,A,Official / primary source,Official,55,Low,,https://www.sadc.int/procurement,Search the portal using the stated keyword; deadlines and eligibility change frequently.
project-00387,Project / Tender,project,SADC Procurement — Systems Integration Search,SADC procurement,SADC procurement,Live Project Search,Live Project Search,,Global,Multiple,,Available,,,2026-07-20,Live portal search / monitor regularly,SADC Procurement,A,Official / primary source,Official,55,Low,,https://www.sadc.int/procurement,Search the portal using the stated keyword; deadlines and eligibility change frequently.
project-00388,Project / Tender,project,SADC Procurement — Project Management Search,SADC procurement,SADC procurement,Live Project Search,Live Project Search,,Global,Multiple,,Available,,,2026-07-20,Live portal search / monitor regularly,SADC Procurement,A,Official / primary source,Official,53,Low,,https://www.sadc.int/procurement,Search the portal using the stated keyword; deadlines and eligibility change frequently.
project-00389,Project / Tender,project,SADC Procurement — Technical Assistance Search,SADC procurement,SADC procurement,Live Project Search,Live Project Search,,Global,Multiple,,Available,,,2026-07-20,Live portal search / monitor regularly,SADC Procurement,A,Official / primary source,Official,53,Low,,https://www.sadc.int/procurement,Search the portal using the stated keyword; deadlines and eligibility change frequently.
project-00390,Project / Tender,project,SADC Procurement — Business Process Reengineering Search,SADC procurement,SADC procurement,Live Project Search,Live Project Search,,Global,Multiple,,Available,,,2026-07-20,Live portal search / monitor regularly,SADC Procurement,A,Official / primary source,Official,53,Low,,https://www.sadc.int/procurement,Search the portal using the stated keyword; deadlines and eligibility change frequently.
