"id","title","subtitle","type","region","country","location","fit","status","posted","checked","notes","source","url"
"1","Siemens Healthineers","Siemens Healthineers","Medical Technology","Global","Global","Global","High","Needs Verification","","2026-07-20","Healthcare technology, digital health and enterprise IT.","Official careers page","https://jobs.siemens-healthineers.com/"
"2","GE HealthCare","GE HealthCare","Medical Technology","Global","Global","Global","High","Needs Verification","","2026-07-20","Digital platforms, medical technology and data.","Official careers page","https://careers.gehealthcare.com/"
"3","Philips","Philips","Health Technology","Global","Global","Global","High","Needs Verification","","2026-07-20","Health informatics, digital health and enterprise systems.","Official careers page","https://www.careers.philips.com/global/en/search-results"
"4","Roche","Roche","Pharmaceuticals & Diagnostics","Global","Global","Global","High","Needs Verification","","2026-07-20","Digital, data, diagnostics and technology roles.","Official careers page","https://careers.roche.com/"
"5","AstraZeneca","AstraZeneca","Pharmaceuticals","Global","Global","Global","High","Needs Verification","","2026-07-20","IT, data, digital and commercial technology.","Official careers page","https://careers.astrazeneca.com/"
"6","Pfizer","Pfizer","Pharmaceuticals","Global","Global","Global","High","Needs Verification","","2026-07-20","Digital, data and enterprise technology.","Official careers page","https://www.pfizer.com/about/careers"
"7","Sanofi","Sanofi","Pharmaceuticals","Global","Global","Global","High","Needs Verification","","2026-07-20","Digital transformation and technology operations.","Official careers page","https://jobs.sanofi.com/"
"8","Abbott","Abbott","Medical Devices & Diagnostics","Global","Global","Global","High","Needs Verification","","2026-07-20","Diagnostics, devices, digital and IT roles.","Official careers page","https://www.jobs.abbott/"
"9","Johnson & Johnson","Johnson & Johnson","Healthcare","Global","Global","Global","High","Needs Verification","","2026-07-20","Technology, data and healthcare operations.","Official careers page","https://www.careers.jnj.com/"
"10","IQVIA","IQVIA","Life Sciences Technology","Global","Global","Global","High","Needs Verification","","2026-07-20","Health data, analytics, technology and consulting.","Official careers page","https://jobs.iqvia.com/"
"11","Novartis","Novartis","Pharmaceuticals","Global","Global","Global","High","Needs Verification","","2026-07-20","Data, digital, IT and pharmaceutical operations.","Official careers page","https://www.novartis.com/careers/career-search"
"12","Vezeeta","Vezeeta","Digital Health","Middle East","Egypt / MENA","Egypt / MENA","High","Needs Verification","","2026-07-20","Digital health platforms and technology leadership.","Official careers page","https://www.vezeeta.com/en/careers"
"offline-medical-1","Chief Information Officer — Egypt","LinkedIn","Live Search","Egypt","Egypt","Egypt","High","Monitoring","","2026-07-21","Generated monitoring search for offline coverage. Open the source and verify any named vacancy before applying.","Generated live search","https://www.linkedin.com/jobs/search/?keywords=Chief%20Information%20Officer&location=Egypt&sortBy=DD"
"offline-medical-2","Chief Technology Officer — Egypt","LinkedIn","Live Search","Egypt","Egypt","Egypt","High","Monitoring","","2026-07-21","Generated monitoring search for offline coverage. Open the source and verify any named vacancy before applying.","Generated live search","https://www.linkedin.com/jobs/search/?keywords=Chief%20Technology%20Officer&location=Egypt&sortBy=DD"
"offline-medical-3","IT Director — Egypt","LinkedIn","Live Search","Egypt","Egypt","Egypt","High","Monitoring","","2026-07-21","Generated monitoring search for offline coverage. Open the source and verify any named vacancy before applying.","Generated live search","https://www.linkedin.com/jobs/search/?keywords=IT%20Director&location=Egypt&sortBy=DD"
"offline-medical-4","Director of Digital Transformation — Egypt","LinkedIn","Live Search","Egypt","Egypt","Egypt","High","Monitoring","","2026-07-21","Generated monitoring search for offline coverage. Open the source and verify any named vacancy before applying.","Generated live search","https://www.linkedin.com/jobs/search/?keywords=Director%20of%20Digital%20Transformation&location=Egypt&sortBy=DD"
"offline-medical-5","Head of Information Systems — Egypt","LinkedIn","Live Search","Egypt","Egypt","Egypt","High","Monitoring","","2026-07-21","Generated monitoring search for offline coverage. Open the source and verify any named vacancy before applying.","Generated live search","https://www.linkedin.com/jobs/search/?keywords=Head%20of%20Information%20Systems&location=Egypt&sortBy=DD"
"offline-medical-6","Head of Enterprise Applications — Egypt","LinkedIn","Live Search","Egypt","Egypt","Egypt","High","Monitoring","","2026-07-21","Generated monitoring search for offline coverage. Open the source and verify any named vacancy before applying.","Generated live search","https://www.linkedin.com/jobs/search/?keywords=Head%20of%20Enterprise%20Applications&location=Egypt&sortBy=DD"
"offline-medical-7","Head of Digital Transformation — Egypt","LinkedIn","Live Search","Egypt","Egypt","Egypt","High","Monitoring","","2026-07-21","Generated monitoring search for offline coverage. Open the source and verify any named vacancy before applying.","Generated live search","https://www.linkedin.com/jobs/search/?keywords=Head%20of%20Digital%20Transformation&location=Egypt&sortBy=DD"
"offline-medical-8","Enterprise Architect — Egypt","LinkedIn","Live Search","Egypt","Egypt","Egypt","High","Monitoring","","2026-07-21","Generated monitoring search for offline coverage. Open the source and verify any named vacancy before applying.","Generated live search","https://www.linkedin.com/jobs/search/?keywords=Enterprise%20Architect&location=Egypt&sortBy=DD"
"offline-medical-9","Solution Architect — Egypt","LinkedIn","Live Search","Egypt","Egypt","Egypt","High","Monitoring","","2026-07-21","Generated monitoring search for offline coverage. Open the source and verify any named vacancy before applying.","Generated live search","https://www.linkedin.com/jobs/search/?keywords=Solution%20Architect&location=Egypt&sortBy=DD"
"offline-medical-10","Business Architect — Egypt","LinkedIn","Live Search","Egypt","Egypt","Egypt","High","Monitoring","","2026-07-21","Generated monitoring search for offline coverage. Open the source and verify any named vacancy before applying.","Generated live search","https://www.linkedin.com/jobs/search/?keywords=Business%20Architect&location=Egypt&sortBy=DD"
"offline-medical-11","Technology Architect — Egypt","LinkedIn","Live Search","Egypt","Egypt","Egypt","High","Monitoring","","2026-07-21","Generated monitoring search for offline coverage. Open the source and verify any named vacancy before applying.","Generated live search","https://www.linkedin.com/jobs/search/?keywords=Technology%20Architect&location=Egypt&sortBy=DD"
"offline-medical-12","Data Architect — Egypt","LinkedIn","Live Search","Egypt","Egypt","Egypt","High","Monitoring","","2026-07-21","Generated monitoring search for offline coverage. Open the source and verify any named vacancy before applying.","Generated live search","https://www.linkedin.com/jobs/search/?keywords=Data%20Architect&location=Egypt&sortBy=DD"
"offline-medical-13","Cloud Architect — Egypt","LinkedIn","Live Search","Egypt","Egypt","Egypt","High","Monitoring","","2026-07-21","Generated monitoring search for offline coverage. Open the source and verify any named vacancy before applying.","Generated live search","https://www.linkedin.com/jobs/search/?keywords=Cloud%20Architect&location=Egypt&sortBy=DD"
"offline-medical-14","Integration Architect — Egypt","LinkedIn","Live Search","Egypt","Egypt","Egypt","High","Monitoring","","2026-07-21","Generated monitoring search for offline coverage. Open the source and verify any named vacancy before applying.","Generated live search","https://www.linkedin.com/jobs/search/?keywords=Integration%20Architect&location=Egypt&sortBy=DD"
"offline-medical-15","Applications Manager — Egypt","LinkedIn","Live Search","Egypt","Egypt","Egypt","High","Monitoring","","2026-07-21","Generated monitoring search for offline coverage. Open the source and verify any named vacancy before applying.","Generated live search","https://www.linkedin.com/jobs/search/?keywords=Applications%20Manager&location=Egypt&sortBy=DD"
"offline-medical-16","Enterprise Applications Manager — Egypt","LinkedIn","Live Search","Egypt","Egypt","Egypt","High","Monitoring","","2026-07-21","Generated monitoring search for offline coverage. Open the source and verify any named vacancy before applying.","Generated live search","https://www.linkedin.com/jobs/search/?keywords=Enterprise%20Applications%20Manager&location=Egypt&sortBy=DD"
"offline-medical-17","Systems Manager — Egypt","LinkedIn","Live Search","Egypt","Egypt","Egypt","High","Monitoring","","2026-07-21","Generated monitoring search for offline coverage. Open the source and verify any named vacancy before applying.","Generated live search","https://www.linkedin.com/jobs/search/?keywords=Systems%20Manager&location=Egypt&sortBy=DD"
"offline-medical-18","Information Systems Manager — Egypt","LinkedIn","Live Search","Egypt","Egypt","Egypt","High","Monitoring","","2026-07-21","Generated monitoring search for offline coverage. Open the source and verify any named vacancy before applying.","Generated live search","https://www.linkedin.com/jobs/search/?keywords=Information%20Systems%20Manager&location=Egypt&sortBy=DD"
"offline-medical-19","IT Operations Manager — Egypt","LinkedIn","Live Search","Egypt","Egypt","Egypt","High","Monitoring","","2026-07-21","Generated monitoring search for offline coverage. Open the source and verify any named vacancy before applying.","Generated live search","https://www.linkedin.com/jobs/search/?keywords=IT%20Operations%20Manager&location=Egypt&sortBy=DD"
"offline-medical-20","Infrastructure Manager — Egypt","LinkedIn","Live Search","Egypt","Egypt","Egypt","High","Monitoring","","2026-07-21","Generated monitoring search for offline coverage. Open the source and verify any named vacancy before applying.","Generated live search","https://www.linkedin.com/jobs/search/?keywords=Infrastructure%20Manager&location=Egypt&sortBy=DD"
"offline-medical-21","Digital Transformation Manager — Egypt","LinkedIn","Live Search","Egypt","Egypt","Egypt","High","Monitoring","","2026-07-21","Generated monitoring search for offline coverage. Open the source and verify any named vacancy before applying.","Generated live search","https://www.linkedin.com/jobs/search/?keywords=Digital%20Transformation%20Manager&location=Egypt&sortBy=DD"
"offline-medical-22","Digital Program Manager — Egypt","LinkedIn","Live Search","Egypt","Egypt","Egypt","High","Monitoring","","2026-07-21","Generated monitoring search for offline coverage. Open the source and verify any named vacancy before applying.","Generated live search","https://www.linkedin.com/jobs/search/?keywords=Digital%20Program%20Manager&location=Egypt&sortBy=DD"
"offline-medical-23","Technology Program Manager — Egypt","LinkedIn","Live Search","Egypt","Egypt","Egypt","High","Monitoring","","2026-07-21","Generated monitoring search for offline coverage. Open the source and verify any named vacancy before applying.","Generated live search","https://www.linkedin.com/jobs/search/?keywords=Technology%20Program%20Manager&location=Egypt&sortBy=DD"
"offline-medical-24","IT Program Manager — Egypt","LinkedIn","Live Search","Egypt","Egypt","Egypt","High","Monitoring","","2026-07-21","Generated monitoring search for offline coverage. Open the source and verify any named vacancy before applying.","Generated live search","https://www.linkedin.com/jobs/search/?keywords=IT%20Program%20Manager&location=Egypt&sortBy=DD"
"offline-medical-25","IT Governance Manager — Egypt","LinkedIn","Live Search","Egypt","Egypt","Egypt","High","Monitoring","","2026-07-21","Generated monitoring search for offline coverage. Open the source and verify any named vacancy before applying.","Generated live search","https://www.linkedin.com/jobs/search/?keywords=IT%20Governance%20Manager&location=Egypt&sortBy=DD"
"offline-medical-26","Data Governance Lead — Egypt","LinkedIn","Live Search","Egypt","Egypt","Egypt","High","Monitoring","","2026-07-21","Generated monitoring search for offline coverage. Open the source and verify any named vacancy before applying.","Generated live search","https://www.linkedin.com/jobs/search/?keywords=Data%20Governance%20Lead&location=Egypt&sortBy=DD"
"offline-medical-27","AI Governance Lead — Egypt","LinkedIn","Live Search","Egypt","Egypt","Egypt","High","Monitoring","","2026-07-21","Generated monitoring search for offline coverage. Open the source and verify any named vacancy before applying.","Generated live search","https://www.linkedin.com/jobs/search/?keywords=AI%20Governance%20Lead&location=Egypt&sortBy=DD"
"offline-medical-28","Cybersecurity Governance Manager — Egypt","LinkedIn","Live Search","Egypt","Egypt","Egypt","High","Monitoring","","2026-07-21","Generated monitoring search for offline coverage. Open the source and verify any named vacancy before applying.","Generated live search","https://www.linkedin.com/jobs/search/?keywords=Cybersecurity%20Governance%20Manager&location=Egypt&sortBy=DD"
"offline-medical-29","Healthcare IT Manager — Egypt","LinkedIn","Live Search","Egypt","Egypt","Egypt","High","Monitoring","","2026-07-21","Generated monitoring search for offline coverage. Open the source and verify any named vacancy before applying.","Generated live search","https://www.linkedin.com/jobs/search/?keywords=Healthcare%20IT%20Manager&location=Egypt&sortBy=DD"
"offline-medical-30","Health Information Systems Manager — Egypt","LinkedIn","Live Search","Egypt","Egypt","Egypt","High","Monitoring","","2026-07-21","Generated monitoring search for offline coverage. Open the source and verify any named vacancy before applying.","Generated live search","https://www.linkedin.com/jobs/search/?keywords=Health%20Information%20Systems%20Manager&location=Egypt&sortBy=DD"
"offline-medical-31","Digital Health Manager — Egypt","LinkedIn","Live Search","Egypt","Egypt","Egypt","High","Monitoring","","2026-07-21","Generated monitoring search for offline coverage. Open the source and verify any named vacancy before applying.","Generated live search","https://www.linkedin.com/jobs/search/?keywords=Digital%20Health%20Manager&location=Egypt&sortBy=DD"
"offline-medical-32","Medical Technology Manager — Egypt","LinkedIn","Live Search","Egypt","Egypt","Egypt","High","Monitoring","","2026-07-21","Generated monitoring search for offline coverage. Open the source and verify any named vacancy before applying.","Generated live search","https://www.linkedin.com/jobs/search/?keywords=Medical%20Technology%20Manager&location=Egypt&sortBy=DD"
"offline-medical-33","ERP Manager — Egypt","LinkedIn","Live Search","Egypt","Egypt","Egypt","High","Monitoring","","2026-07-21","Generated monitoring search for offline coverage. Open the source and verify any named vacancy before applying.","Generated live search","https://www.linkedin.com/jobs/search/?keywords=ERP%20Manager&location=Egypt&sortBy=DD"
"offline-medical-34","CRM Manager — Egypt","LinkedIn","Live Search","Egypt","Egypt","Egypt","High","Monitoring","","2026-07-21","Generated monitoring search for offline coverage. Open the source and verify any named vacancy before applying.","Generated live search","https://www.linkedin.com/jobs/search/?keywords=CRM%20Manager&location=Egypt&sortBy=DD"
"offline-medical-35","Business Intelligence Manager — Egypt","LinkedIn","Live Search","Egypt","Egypt","Egypt","High","Monitoring","","2026-07-21","Generated monitoring search for offline coverage. Open the source and verify any named vacancy before applying.","Generated live search","https://www.linkedin.com/jobs/search/?keywords=Business%20Intelligence%20Manager&location=Egypt&sortBy=DD"
"offline-medical-36","Data Platform Manager — Egypt","LinkedIn","Live Search","Egypt","Egypt","Egypt","High","Monitoring","","2026-07-21","Generated monitoring search for offline coverage. Open the source and verify any named vacancy before applying.","Generated live search","https://www.linkedin.com/jobs/search/?keywords=Data%20Platform%20Manager&location=Egypt&sortBy=DD"
"offline-medical-37","Data Warehouse Manager — Egypt","LinkedIn","Live Search","Egypt","Egypt","Egypt","High","Monitoring","","2026-07-21","Generated monitoring search for offline coverage. Open the source and verify any named vacancy before applying.","Generated live search","https://www.linkedin.com/jobs/search/?keywords=Data%20Warehouse%20Manager&location=Egypt&sortBy=DD"
"offline-medical-38","Technology Delivery Manager — Egypt","LinkedIn","Live Search","Egypt","Egypt","Egypt","High","Monitoring","","2026-07-21","Generated monitoring search for offline coverage. Open the source and verify any named vacancy before applying.","Generated live search","https://www.linkedin.com/jobs/search/?keywords=Technology%20Delivery%20Manager&location=Egypt&sortBy=DD"
"offline-medical-39","IT Service Delivery Manager — Egypt","LinkedIn","Live Search","Egypt","Egypt","Egypt","High","Monitoring","","2026-07-21","Generated monitoring search for offline coverage. Open the source and verify any named vacancy before applying.","Generated live search","https://www.linkedin.com/jobs/search/?keywords=IT%20Service%20Delivery%20Manager&location=Egypt&sortBy=DD"
"offline-medical-40","Technical Project Manager — Egypt","LinkedIn","Live Search","Egypt","Egypt","Egypt","High","Monitoring","","2026-07-21","Generated monitoring search for offline coverage. Open the source and verify any named vacancy before applying.","Generated live search","https://www.linkedin.com/jobs/search/?keywords=Technical%20Project%20Manager&location=Egypt&sortBy=DD"
"offline-medical-41","Program Management Office Lead — Egypt","LinkedIn","Live Search","Egypt","Egypt","Egypt","High","Monitoring","","2026-07-21","Generated monitoring search for offline coverage. Open the source and verify any named vacancy before applying.","Generated live search","https://www.linkedin.com/jobs/search/?keywords=Program%20Management%20Office%20Lead&location=Egypt&sortBy=DD"
"offline-medical-42","Technology Strategy Manager — Egypt","LinkedIn","Live Search","Egypt","Egypt","Egypt","High","Monitoring","","2026-07-21","Generated monitoring search for offline coverage. Open the source and verify any named vacancy before applying.","Generated live search","https://www.linkedin.com/jobs/search/?keywords=Technology%20Strategy%20Manager&location=Egypt&sortBy=DD"
"offline-medical-43","ICT Manager — Egypt","LinkedIn","Live Search","Egypt","Egypt","Egypt","High","Monitoring","","2026-07-21","Generated monitoring search for offline coverage. Open the source and verify any named vacancy before applying.","Generated live search","https://www.linkedin.com/jobs/search/?keywords=ICT%20Manager&location=Egypt&sortBy=DD"
"offline-medical-44","Regional IT Manager — Egypt","LinkedIn","Live Search","Egypt","Egypt","Egypt","High","Monitoring","","2026-07-21","Generated monitoring search for offline coverage. Open the source and verify any named vacancy before applying.","Generated live search","https://www.linkedin.com/jobs/search/?keywords=Regional%20IT%20Manager&location=Egypt&sortBy=DD"
"offline-medical-45","Country IT Manager — Egypt","LinkedIn","Live Search","Egypt","Egypt","Egypt","High","Monitoring","","2026-07-21","Generated monitoring search for offline coverage. Open the source and verify any named vacancy before applying.","Generated live search","https://www.linkedin.com/jobs/search/?keywords=Country%20IT%20Manager&location=Egypt&sortBy=DD"
"offline-medical-46","Technical Team Lead — Egypt","LinkedIn","Live Search","Egypt","Egypt","Egypt","High","Monitoring","","2026-07-21","Generated monitoring search for offline coverage. Open the source and verify any named vacancy before applying.","Generated live search","https://www.linkedin.com/jobs/search/?keywords=Technical%20Team%20Lead&location=Egypt&sortBy=DD"
"offline-medical-47","Enterprise Systems Lead — Egypt","LinkedIn","Live Search","Egypt","Egypt","Egypt","High","Monitoring","","2026-07-21","Generated monitoring search for offline coverage. Open the source and verify any named vacancy before applying.","Generated live search","https://www.linkedin.com/jobs/search/?keywords=Enterprise%20Systems%20Lead&location=Egypt&sortBy=DD"
"offline-medical-48","Chief Information Officer — Saudi Arabia","LinkedIn","Live Search","Saudi Arabia","Saudi Arabia","Saudi Arabia","High","Monitoring","","2026-07-21","Generated monitoring search for offline coverage. Open the source and verify any named vacancy before applying.","Generated live search","https://www.linkedin.com/jobs/search/?keywords=Chief%20Information%20Officer&location=Saudi%20Arabia&sortBy=DD"
"offline-medical-49","Chief Technology Officer — Saudi Arabia","LinkedIn","Live Search","Saudi Arabia","Saudi Arabia","Saudi Arabia","High","Monitoring","","2026-07-21","Generated monitoring search for offline coverage. Open the source and verify any named vacancy before applying.","Generated live search","https://www.linkedin.com/jobs/search/?keywords=Chief%20Technology%20Officer&location=Saudi%20Arabia&sortBy=DD"
"offline-medical-50","IT Director — Saudi Arabia","LinkedIn","Live Search","Saudi Arabia","Saudi Arabia","Saudi Arabia","High","Monitoring","","2026-07-21","Generated monitoring search for offline coverage. Open the source and verify any named vacancy before applying.","Generated live search","https://www.linkedin.com/jobs/search/?keywords=IT%20Director&location=Saudi%20Arabia&sortBy=DD"
"offline-medical-51","Director of Digital Transformation — Saudi Arabia","LinkedIn","Live Search","Saudi Arabia","Saudi Arabia","Saudi Arabia","High","Monitoring","","2026-07-21","Generated monitoring search for offline coverage. Open the source and verify any named vacancy before applying.","Generated live search","https://www.linkedin.com/jobs/search/?keywords=Director%20of%20Digital%20Transformation&location=Saudi%20Arabia&sortBy=DD"
"offline-medical-52","Head of Information Systems — Saudi Arabia","LinkedIn","Live Search","Saudi Arabia","Saudi Arabia","Saudi Arabia","High","Monitoring","","2026-07-21","Generated monitoring search for offline coverage. Open the source and verify any named vacancy before applying.","Generated live search","https://www.linkedin.com/jobs/search/?keywords=Head%20of%20Information%20Systems&location=Saudi%20Arabia&sortBy=DD"
"offline-medical-53","Head of Enterprise Applications — Saudi Arabia","LinkedIn","Live Search","Saudi Arabia","Saudi Arabia","Saudi Arabia","High","Monitoring","","2026-07-21","Generated monitoring search for offline coverage. Open the source and verify any named vacancy before applying.","Generated live search","https://www.linkedin.com/jobs/search/?keywords=Head%20of%20Enterprise%20Applications&location=Saudi%20Arabia&sortBy=DD"
"offline-medical-54","Head of Digital Transformation — Saudi Arabia","LinkedIn","Live Search","Saudi Arabia","Saudi Arabia","Saudi Arabia","High","Monitoring","","2026-07-21","Generated monitoring search for offline coverage. Open the source and verify any named vacancy before applying.","Generated live search","https://www.linkedin.com/jobs/search/?keywords=Head%20of%20Digital%20Transformation&location=Saudi%20Arabia&sortBy=DD"
"offline-medical-55","Enterprise Architect — Saudi Arabia","LinkedIn","Live Search","Saudi Arabia","Saudi Arabia","Saudi Arabia","High","Monitoring","","2026-07-21","Generated monitoring search for offline coverage. Open the source and verify any named vacancy before applying.","Generated live search","https://www.linkedin.com/jobs/search/?keywords=Enterprise%20Architect&location=Saudi%20Arabia&sortBy=DD"
"offline-medical-56","Solution Architect — Saudi Arabia","LinkedIn","Live Search","Saudi Arabia","Saudi Arabia","Saudi Arabia","High","Monitoring","","2026-07-21","Generated monitoring search for offline coverage. Open the source and verify any named vacancy before applying.","Generated live search","https://www.linkedin.com/jobs/search/?keywords=Solution%20Architect&location=Saudi%20Arabia&sortBy=DD"
"offline-medical-57","Business Architect — Saudi Arabia","LinkedIn","Live Search","Saudi Arabia","Saudi Arabia","Saudi Arabia","High","Monitoring","","2026-07-21","Generated monitoring search for offline coverage. Open the source and verify any named vacancy before applying.","Generated live search","https://www.linkedin.com/jobs/search/?keywords=Business%20Architect&location=Saudi%20Arabia&sortBy=DD"
"offline-medical-58","Technology Architect — Saudi Arabia","LinkedIn","Live Search","Saudi Arabia","Saudi Arabia","Saudi Arabia","High","Monitoring","","2026-07-21","Generated monitoring search for offline coverage. Open the source and verify any named vacancy before applying.","Generated live search","https://www.linkedin.com/jobs/search/?keywords=Technology%20Architect&location=Saudi%20Arabia&sortBy=DD"
"offline-medical-59","Data Architect — Saudi Arabia","LinkedIn","Live Search","Saudi Arabia","Saudi Arabia","Saudi Arabia","High","Monitoring","","2026-07-21","Generated monitoring search for offline coverage. Open the source and verify any named vacancy before applying.","Generated live search","https://www.linkedin.com/jobs/search/?keywords=Data%20Architect&location=Saudi%20Arabia&sortBy=DD"
"offline-medical-60","Cloud Architect — Saudi Arabia","LinkedIn","Live Search","Saudi Arabia","Saudi Arabia","Saudi Arabia","High","Monitoring","","2026-07-21","Generated monitoring search for offline coverage. Open the source and verify any named vacancy before applying.","Generated live search","https://www.linkedin.com/jobs/search/?keywords=Cloud%20Architect&location=Saudi%20Arabia&sortBy=DD"
"offline-medical-61","Integration Architect — Saudi Arabia","LinkedIn","Live Search","Saudi Arabia","Saudi Arabia","Saudi Arabia","High","Monitoring","","2026-07-21","Generated monitoring search for offline coverage. Open the source and verify any named vacancy before applying.","Generated live search","https://www.linkedin.com/jobs/search/?keywords=Integration%20Architect&location=Saudi%20Arabia&sortBy=DD"
"offline-medical-62","Applications Manager — Saudi Arabia","LinkedIn","Live Search","Saudi Arabia","Saudi Arabia","Saudi Arabia","High","Monitoring","","2026-07-21","Generated monitoring search for offline coverage. Open the source and verify any named vacancy before applying.","Generated live search","https://www.linkedin.com/jobs/search/?keywords=Applications%20Manager&location=Saudi%20Arabia&sortBy=DD"
"offline-medical-63","Enterprise Applications Manager — Saudi Arabia","LinkedIn","Live Search","Saudi Arabia","Saudi Arabia","Saudi Arabia","High","Monitoring","","2026-07-21","Generated monitoring search for offline coverage. Open the source and verify any named vacancy before applying.","Generated live search","https://www.linkedin.com/jobs/search/?keywords=Enterprise%20Applications%20Manager&location=Saudi%20Arabia&sortBy=DD"
"offline-medical-64","Systems Manager — Saudi Arabia","LinkedIn","Live Search","Saudi Arabia","Saudi Arabia","Saudi Arabia","High","Monitoring","","2026-07-21","Generated monitoring search for offline coverage. Open the source and verify any named vacancy before applying.","Generated live search","https://www.linkedin.com/jobs/search/?keywords=Systems%20Manager&location=Saudi%20Arabia&sortBy=DD"
"offline-medical-65","Information Systems Manager — Saudi Arabia","LinkedIn","Live Search","Saudi Arabia","Saudi Arabia","Saudi Arabia","High","Monitoring","","2026-07-21","Generated monitoring search for offline coverage. Open the source and verify any named vacancy before applying.","Generated live search","https://www.linkedin.com/jobs/search/?keywords=Information%20Systems%20Manager&location=Saudi%20Arabia&sortBy=DD"
"offline-medical-66","IT Operations Manager — Saudi Arabia","LinkedIn","Live Search","Saudi Arabia","Saudi Arabia","Saudi Arabia","High","Monitoring","","2026-07-21","Generated monitoring search for offline coverage. Open the source and verify any named vacancy before applying.","Generated live search","https://www.linkedin.com/jobs/search/?keywords=IT%20Operations%20Manager&location=Saudi%20Arabia&sortBy=DD"
"offline-medical-67","Infrastructure Manager — Saudi Arabia","LinkedIn","Live Search","Saudi Arabia","Saudi Arabia","Saudi Arabia","High","Monitoring","","2026-07-21","Generated monitoring search for offline coverage. Open the source and verify any named vacancy before applying.","Generated live search","https://www.linkedin.com/jobs/search/?keywords=Infrastructure%20Manager&location=Saudi%20Arabia&sortBy=DD"
"offline-medical-68","Digital Transformation Manager — Saudi Arabia","LinkedIn","Live Search","Saudi Arabia","Saudi Arabia","Saudi Arabia","High","Monitoring","","2026-07-21","Generated monitoring search for offline coverage. Open the source and verify any named vacancy before applying.","Generated live search","https://www.linkedin.com/jobs/search/?keywords=Digital%20Transformation%20Manager&location=Saudi%20Arabia&sortBy=DD"
"offline-medical-69","Digital Program Manager — Saudi Arabia","LinkedIn","Live Search","Saudi Arabia","Saudi Arabia","Saudi Arabia","High","Monitoring","","2026-07-21","Generated monitoring search for offline coverage. Open the source and verify any named vacancy before applying.","Generated live search","https://www.linkedin.com/jobs/search/?keywords=Digital%20Program%20Manager&location=Saudi%20Arabia&sortBy=DD"
"offline-medical-70","Technology Program Manager — Saudi Arabia","LinkedIn","Live Search","Saudi Arabia","Saudi Arabia","Saudi Arabia","High","Monitoring","","2026-07-21","Generated monitoring search for offline coverage. Open the source and verify any named vacancy before applying.","Generated live search","https://www.linkedin.com/jobs/search/?keywords=Technology%20Program%20Manager&location=Saudi%20Arabia&sortBy=DD"
"offline-medical-71","IT Program Manager — Saudi Arabia","LinkedIn","Live Search","Saudi Arabia","Saudi Arabia","Saudi Arabia","High","Monitoring","","2026-07-21","Generated monitoring search for offline coverage. Open the source and verify any named vacancy before applying.","Generated live search","https://www.linkedin.com/jobs/search/?keywords=IT%20Program%20Manager&location=Saudi%20Arabia&sortBy=DD"
"offline-medical-72","IT Governance Manager — Saudi Arabia","LinkedIn","Live Search","Saudi Arabia","Saudi Arabia","Saudi Arabia","High","Monitoring","","2026-07-21","Generated monitoring search for offline coverage. Open the source and verify any named vacancy before applying.","Generated live search","https://www.linkedin.com/jobs/search/?keywords=IT%20Governance%20Manager&location=Saudi%20Arabia&sortBy=DD"
"offline-medical-73","Data Governance Lead — Saudi Arabia","LinkedIn","Live Search","Saudi Arabia","Saudi Arabia","Saudi Arabia","High","Monitoring","","2026-07-21","Generated monitoring search for offline coverage. Open the source and verify any named vacancy before applying.","Generated live search","https://www.linkedin.com/jobs/search/?keywords=Data%20Governance%20Lead&location=Saudi%20Arabia&sortBy=DD"
"offline-medical-74","AI Governance Lead — Saudi Arabia","LinkedIn","Live Search","Saudi Arabia","Saudi Arabia","Saudi Arabia","High","Monitoring","","2026-07-21","Generated monitoring search for offline coverage. Open the source and verify any named vacancy before applying.","Generated live search","https://www.linkedin.com/jobs/search/?keywords=AI%20Governance%20Lead&location=Saudi%20Arabia&sortBy=DD"
"offline-medical-75","Cybersecurity Governance Manager — Saudi Arabia","LinkedIn","Live Search","Saudi Arabia","Saudi Arabia","Saudi Arabia","High","Monitoring","","2026-07-21","Generated monitoring search for offline coverage. Open the source and verify any named vacancy before applying.","Generated live search","https://www.linkedin.com/jobs/search/?keywords=Cybersecurity%20Governance%20Manager&location=Saudi%20Arabia&sortBy=DD"
"offline-medical-76","Healthcare IT Manager — Saudi Arabia","LinkedIn","Live Search","Saudi Arabia","Saudi Arabia","Saudi Arabia","High","Monitoring","","2026-07-21","Generated monitoring search for offline coverage. Open the source and verify any named vacancy before applying.","Generated live search","https://www.linkedin.com/jobs/search/?keywords=Healthcare%20IT%20Manager&location=Saudi%20Arabia&sortBy=DD"
"offline-medical-77","Health Information Systems Manager — Saudi Arabia","LinkedIn","Live Search","Saudi Arabia","Saudi Arabia","Saudi Arabia","High","Monitoring","","2026-07-21","Generated monitoring search for offline coverage. Open the source and verify any named vacancy before applying.","Generated live search","https://www.linkedin.com/jobs/search/?keywords=Health%20Information%20Systems%20Manager&location=Saudi%20Arabia&sortBy=DD"
"offline-medical-78","Digital Health Manager — Saudi Arabia","LinkedIn","Live Search","Saudi Arabia","Saudi Arabia","Saudi Arabia","High","Monitoring","","2026-07-21","Generated monitoring search for offline coverage. Open the source and verify any named vacancy before applying.","Generated live search","https://www.linkedin.com/jobs/search/?keywords=Digital%20Health%20Manager&location=Saudi%20Arabia&sortBy=DD"
"offline-medical-79","Medical Technology Manager — Saudi Arabia","LinkedIn","Live Search","Saudi Arabia","Saudi Arabia","Saudi Arabia","High","Monitoring","","2026-07-21","Generated monitoring search for offline coverage. Open the source and verify any named vacancy before applying.","Generated live search","https://www.linkedin.com/jobs/search/?keywords=Medical%20Technology%20Manager&location=Saudi%20Arabia&sortBy=DD"
"offline-medical-80","ERP Manager — Saudi Arabia","LinkedIn","Live Search","Saudi Arabia","Saudi Arabia","Saudi Arabia","High","Monitoring","","2026-07-21","Generated monitoring search for offline coverage. Open the source and verify any named vacancy before applying.","Generated live search","https://www.linkedin.com/jobs/search/?keywords=ERP%20Manager&location=Saudi%20Arabia&sortBy=DD"
"offline-medical-81","CRM Manager — Saudi Arabia","LinkedIn","Live Search","Saudi Arabia","Saudi Arabia","Saudi Arabia","High","Monitoring","","2026-07-21","Generated monitoring search for offline coverage. Open the source and verify any named vacancy before applying.","Generated live search","https://www.linkedin.com/jobs/search/?keywords=CRM%20Manager&location=Saudi%20Arabia&sortBy=DD"
"offline-medical-82","Business Intelligence Manager — Saudi Arabia","LinkedIn","Live Search","Saudi Arabia","Saudi Arabia","Saudi Arabia","High","Monitoring","","2026-07-21","Generated monitoring search for offline coverage. Open the source and verify any named vacancy before applying.","Generated live search","https://www.linkedin.com/jobs/search/?keywords=Business%20Intelligence%20Manager&location=Saudi%20Arabia&sortBy=DD"
"offline-medical-83","Data Platform Manager — Saudi Arabia","LinkedIn","Live Search","Saudi Arabia","Saudi Arabia","Saudi Arabia","High","Monitoring","","2026-07-21","Generated monitoring search for offline coverage. Open the source and verify any named vacancy before applying.","Generated live search","https://www.linkedin.com/jobs/search/?keywords=Data%20Platform%20Manager&location=Saudi%20Arabia&sortBy=DD"
"offline-medical-84","Data Warehouse Manager — Saudi Arabia","LinkedIn","Live Search","Saudi Arabia","Saudi Arabia","Saudi Arabia","High","Monitoring","","2026-07-21","Generated monitoring search for offline coverage. Open the source and verify any named vacancy before applying.","Generated live search","https://www.linkedin.com/jobs/search/?keywords=Data%20Warehouse%20Manager&location=Saudi%20Arabia&sortBy=DD"
"offline-medical-85","Technology Delivery Manager — Saudi Arabia","LinkedIn","Live Search","Saudi Arabia","Saudi Arabia","Saudi Arabia","High","Monitoring","","2026-07-21","Generated monitoring search for offline coverage. Open the source and verify any named vacancy before applying.","Generated live search","https://www.linkedin.com/jobs/search/?keywords=Technology%20Delivery%20Manager&location=Saudi%20Arabia&sortBy=DD"
"offline-medical-86","IT Service Delivery Manager — Saudi Arabia","LinkedIn","Live Search","Saudi Arabia","Saudi Arabia","Saudi Arabia","High","Monitoring","","2026-07-21","Generated monitoring search for offline coverage. Open the source and verify any named vacancy before applying.","Generated live search","https://www.linkedin.com/jobs/search/?keywords=IT%20Service%20Delivery%20Manager&location=Saudi%20Arabia&sortBy=DD"
"offline-medical-87","Technical Project Manager — Saudi Arabia","LinkedIn","Live Search","Saudi Arabia","Saudi Arabia","Saudi Arabia","High","Monitoring","","2026-07-21","Generated monitoring search for offline coverage. Open the source and verify any named vacancy before applying.","Generated live search","https://www.linkedin.com/jobs/search/?keywords=Technical%20Project%20Manager&location=Saudi%20Arabia&sortBy=DD"
"offline-medical-88","Program Management Office Lead — Saudi Arabia","LinkedIn","Live Search","Saudi Arabia","Saudi Arabia","Saudi Arabia","High","Monitoring","","2026-07-21","Generated monitoring search for offline coverage. Open the source and verify any named vacancy before applying.","Generated live search","https://www.linkedin.com/jobs/search/?keywords=Program%20Management%20Office%20Lead&location=Saudi%20Arabia&sortBy=DD"
"offline-medical-89","Technology Strategy Manager — Saudi Arabia","LinkedIn","Live Search","Saudi Arabia","Saudi Arabia","Saudi Arabia","High","Monitoring","","2026-07-21","Generated monitoring search for offline coverage. Open the source and verify any named vacancy before applying.","Generated live search","https://www.linkedin.com/jobs/search/?keywords=Technology%20Strategy%20Manager&location=Saudi%20Arabia&sortBy=DD"
"offline-medical-90","ICT Manager — Saudi Arabia","LinkedIn","Live Search","Saudi Arabia","Saudi Arabia","Saudi Arabia","High","Monitoring","","2026-07-21","Generated monitoring search for offline coverage. Open the source and verify any named vacancy before applying.","Generated live search","https://www.linkedin.com/jobs/search/?keywords=ICT%20Manager&location=Saudi%20Arabia&sortBy=DD"
"offline-medical-91","Regional IT Manager — Saudi Arabia","LinkedIn","Live Search","Saudi Arabia","Saudi Arabia","Saudi Arabia","High","Monitoring","","2026-07-21","Generated monitoring search for offline coverage. Open the source and verify any named vacancy before applying.","Generated live search","https://www.linkedin.com/jobs/search/?keywords=Regional%20IT%20Manager&location=Saudi%20Arabia&sortBy=DD"
"offline-medical-92","Country IT Manager — Saudi Arabia","LinkedIn","Live Search","Saudi Arabia","Saudi Arabia","Saudi Arabia","High","Monitoring","","2026-07-21","Generated monitoring search for offline coverage. Open the source and verify any named vacancy before applying.","Generated live search","https://www.linkedin.com/jobs/search/?keywords=Country%20IT%20Manager&location=Saudi%20Arabia&sortBy=DD"
"offline-medical-93","Technical Team Lead — Saudi Arabia","LinkedIn","Live Search","Saudi Arabia","Saudi Arabia","Saudi Arabia","High","Monitoring","","2026-07-21","Generated monitoring search for offline coverage. Open the source and verify any named vacancy before applying.","Generated live search","https://www.linkedin.com/jobs/search/?keywords=Technical%20Team%20Lead&location=Saudi%20Arabia&sortBy=DD"
"offline-medical-94","Enterprise Systems Lead — Saudi Arabia","LinkedIn","Live Search","Saudi Arabia","Saudi Arabia","Saudi Arabia","High","Monitoring","","2026-07-21","Generated monitoring search for offline coverage. Open the source and verify any named vacancy before applying.","Generated live search","https://www.linkedin.com/jobs/search/?keywords=Enterprise%20Systems%20Lead&location=Saudi%20Arabia&sortBy=DD"
"offline-medical-95","Chief Information Officer — United Arab Emirates","LinkedIn","Live Search","United Arab Emirates","United Arab Emirates","United Arab Emirates","High","Monitoring","","2026-07-21","Generated monitoring search for offline coverage. Open the source and verify any named vacancy before applying.","Generated live search","https://www.linkedin.com/jobs/search/?keywords=Chief%20Information%20Officer&location=United%20Arab%20Emirates&sortBy=DD"
"offline-medical-96","Chief Technology Officer — United Arab Emirates","LinkedIn","Live Search","United Arab Emirates","United Arab Emirates","United Arab Emirates","High","Monitoring","","2026-07-21","Generated monitoring search for offline coverage. Open the source and verify any named vacancy before applying.","Generated live search","https://www.linkedin.com/jobs/search/?keywords=Chief%20Technology%20Officer&location=United%20Arab%20Emirates&sortBy=DD"
"offline-medical-97","IT Director — United Arab Emirates","LinkedIn","Live Search","United Arab Emirates","United Arab Emirates","United Arab Emirates","High","Monitoring","","2026-07-21","Generated monitoring search for offline coverage. Open the source and verify any named vacancy before applying.","Generated live search","https://www.linkedin.com/jobs/search/?keywords=IT%20Director&location=United%20Arab%20Emirates&sortBy=DD"
"offline-medical-98","Director of Digital Transformation — United Arab Emirates","LinkedIn","Live Search","United Arab Emirates","United Arab Emirates","United Arab Emirates","High","Monitoring","","2026-07-21","Generated monitoring search for offline coverage. Open the source and verify any named vacancy before applying.","Generated live search","https://www.linkedin.com/jobs/search/?keywords=Director%20of%20Digital%20Transformation&location=United%20Arab%20Emirates&sortBy=DD"
"offline-medical-99","Head of Information Systems — United Arab Emirates","LinkedIn","Live Search","United Arab Emirates","United Arab Emirates","United Arab Emirates","High","Monitoring","","2026-07-21","Generated monitoring search for offline coverage. Open the source and verify any named vacancy before applying.","Generated live search","https://www.linkedin.com/jobs/search/?keywords=Head%20of%20Information%20Systems&location=United%20Arab%20Emirates&sortBy=DD"
"offline-medical-100","Head of Enterprise Applications — United Arab Emirates","LinkedIn","Live Search","United Arab Emirates","United Arab Emirates","United Arab Emirates","High","Monitoring","","2026-07-21","Generated monitoring search for offline coverage. Open the source and verify any named vacancy before applying.","Generated live search","https://www.linkedin.com/jobs/search/?keywords=Head%20of%20Enterprise%20Applications&location=United%20Arab%20Emirates&sortBy=DD"
"offline-medical-101","Head of Digital Transformation — United Arab Emirates","LinkedIn","Live Search","United Arab Emirates","United Arab Emirates","United Arab Emirates","High","Monitoring","","2026-07-21","Generated monitoring search for offline coverage. Open the source and verify any named vacancy before applying.","Generated live search","https://www.linkedin.com/jobs/search/?keywords=Head%20of%20Digital%20Transformation&location=United%20Arab%20Emirates&sortBy=DD"
"offline-medical-102","Enterprise Architect — United Arab Emirates","LinkedIn","Live Search","United Arab Emirates","United Arab Emirates","United Arab Emirates","High","Monitoring","","2026-07-21","Generated monitoring search for offline coverage. Open the source and verify any named vacancy before applying.","Generated live search","https://www.linkedin.com/jobs/search/?keywords=Enterprise%20Architect&location=United%20Arab%20Emirates&sortBy=DD"
"offline-medical-103","Solution Architect — United Arab Emirates","LinkedIn","Live Search","United Arab Emirates","United Arab Emirates","United Arab Emirates","High","Monitoring","","2026-07-21","Generated monitoring search for offline coverage. Open the source and verify any named vacancy before applying.","Generated live search","https://www.linkedin.com/jobs/search/?keywords=Solution%20Architect&location=United%20Arab%20Emirates&sortBy=DD"
"offline-medical-104","Business Architect — United Arab Emirates","LinkedIn","Live Search","United Arab Emirates","United Arab Emirates","United Arab Emirates","High","Monitoring","","2026-07-21","Generated monitoring search for offline coverage. Open the source and verify any named vacancy before applying.","Generated live search","https://www.linkedin.com/jobs/search/?keywords=Business%20Architect&location=United%20Arab%20Emirates&sortBy=DD"
"offline-medical-105","Technology Architect — United Arab Emirates","LinkedIn","Live Search","United Arab Emirates","United Arab Emirates","United Arab Emirates","High","Monitoring","","2026-07-21","Generated monitoring search for offline coverage. Open the source and verify any named vacancy before applying.","Generated live search","https://www.linkedin.com/jobs/search/?keywords=Technology%20Architect&location=United%20Arab%20Emirates&sortBy=DD"
"offline-medical-106","Data Architect — United Arab Emirates","LinkedIn","Live Search","United Arab Emirates","United Arab Emirates","United Arab Emirates","High","Monitoring","","2026-07-21","Generated monitoring search for offline coverage. Open the source and verify any named vacancy before applying.","Generated live search","https://www.linkedin.com/jobs/search/?keywords=Data%20Architect&location=United%20Arab%20Emirates&sortBy=DD"
"offline-medical-107","Cloud Architect — United Arab Emirates","LinkedIn","Live Search","United Arab Emirates","United Arab Emirates","United Arab Emirates","High","Monitoring","","2026-07-21","Generated monitoring search for offline coverage. Open the source and verify any named vacancy before applying.","Generated live search","https://www.linkedin.com/jobs/search/?keywords=Cloud%20Architect&location=United%20Arab%20Emirates&sortBy=DD"
"offline-medical-108","Integration Architect — United Arab Emirates","LinkedIn","Live Search","United Arab Emirates","United Arab Emirates","United Arab Emirates","High","Monitoring","","2026-07-21","Generated monitoring search for offline coverage. Open the source and verify any named vacancy before applying.","Generated live search","https://www.linkedin.com/jobs/search/?keywords=Integration%20Architect&location=United%20Arab%20Emirates&sortBy=DD"
"offline-medical-109","Applications Manager — United Arab Emirates","LinkedIn","Live Search","United Arab Emirates","United Arab Emirates","United Arab Emirates","High","Monitoring","","2026-07-21","Generated monitoring search for offline coverage. Open the source and verify any named vacancy before applying.","Generated live search","https://www.linkedin.com/jobs/search/?keywords=Applications%20Manager&location=United%20Arab%20Emirates&sortBy=DD"
"offline-medical-110","Enterprise Applications Manager — United Arab Emirates","LinkedIn","Live Search","United Arab Emirates","United Arab Emirates","United Arab Emirates","High","Monitoring","","2026-07-21","Generated monitoring search for offline coverage. Open the source and verify any named vacancy before applying.","Generated live search","https://www.linkedin.com/jobs/search/?keywords=Enterprise%20Applications%20Manager&location=United%20Arab%20Emirates&sortBy=DD"
"offline-medical-111","Systems Manager — United Arab Emirates","LinkedIn","Live Search","United Arab Emirates","United Arab Emirates","United Arab Emirates","High","Monitoring","","2026-07-21","Generated monitoring search for offline coverage. Open the source and verify any named vacancy before applying.","Generated live search","https://www.linkedin.com/jobs/search/?keywords=Systems%20Manager&location=United%20Arab%20Emirates&sortBy=DD"
"offline-medical-112","Information Systems Manager — United Arab Emirates","LinkedIn","Live Search","United Arab Emirates","United Arab Emirates","United Arab Emirates","High","Monitoring","","2026-07-21","Generated monitoring search for offline coverage. Open the source and verify any named vacancy before applying.","Generated live search","https://www.linkedin.com/jobs/search/?keywords=Information%20Systems%20Manager&location=United%20Arab%20Emirates&sortBy=DD"
"offline-medical-113","IT Operations Manager — United Arab Emirates","LinkedIn","Live Search","United Arab Emirates","United Arab Emirates","United Arab Emirates","High","Monitoring","","2026-07-21","Generated monitoring search for offline coverage. Open the source and verify any named vacancy before applying.","Generated live search","https://www.linkedin.com/jobs/search/?keywords=IT%20Operations%20Manager&location=United%20Arab%20Emirates&sortBy=DD"
"offline-medical-114","Infrastructure Manager — United Arab Emirates","LinkedIn","Live Search","United Arab Emirates","United Arab Emirates","United Arab Emirates","High","Monitoring","","2026-07-21","Generated monitoring search for offline coverage. Open the source and verify any named vacancy before applying.","Generated live search","https://www.linkedin.com/jobs/search/?keywords=Infrastructure%20Manager&location=United%20Arab%20Emirates&sortBy=DD"
"offline-medical-115","Digital Transformation Manager — United Arab Emirates","LinkedIn","Live Search","United Arab Emirates","United Arab Emirates","United Arab Emirates","High","Monitoring","","2026-07-21","Generated monitoring search for offline coverage. Open the source and verify any named vacancy before applying.","Generated live search","https://www.linkedin.com/jobs/search/?keywords=Digital%20Transformation%20Manager&location=United%20Arab%20Emirates&sortBy=DD"
"offline-medical-116","Digital Program Manager — United Arab Emirates","LinkedIn","Live Search","United Arab Emirates","United Arab Emirates","United Arab Emirates","High","Monitoring","","2026-07-21","Generated monitoring search for offline coverage. Open the source and verify any named vacancy before applying.","Generated live search","https://www.linkedin.com/jobs/search/?keywords=Digital%20Program%20Manager&location=United%20Arab%20Emirates&sortBy=DD"
"offline-medical-117","Technology Program Manager — United Arab Emirates","LinkedIn","Live Search","United Arab Emirates","United Arab Emirates","United Arab Emirates","High","Monitoring","","2026-07-21","Generated monitoring search for offline coverage. Open the source and verify any named vacancy before applying.","Generated live search","https://www.linkedin.com/jobs/search/?keywords=Technology%20Program%20Manager&location=United%20Arab%20Emirates&sortBy=DD"
"offline-medical-118","IT Program Manager — United Arab Emirates","LinkedIn","Live Search","United Arab Emirates","United Arab Emirates","United Arab Emirates","High","Monitoring","","2026-07-21","Generated monitoring search for offline coverage. Open the source and verify any named vacancy before applying.","Generated live search","https://www.linkedin.com/jobs/search/?keywords=IT%20Program%20Manager&location=United%20Arab%20Emirates&sortBy=DD"
"offline-medical-119","IT Governance Manager — United Arab Emirates","LinkedIn","Live Search","United Arab Emirates","United Arab Emirates","United Arab Emirates","High","Monitoring","","2026-07-21","Generated monitoring search for offline coverage. Open the source and verify any named vacancy before applying.","Generated live search","https://www.linkedin.com/jobs/search/?keywords=IT%20Governance%20Manager&location=United%20Arab%20Emirates&sortBy=DD"
"offline-medical-120","Data Governance Lead — United Arab Emirates","LinkedIn","Live Search","United Arab Emirates","United Arab Emirates","United Arab Emirates","High","Monitoring","","2026-07-21","Generated monitoring search for offline coverage. Open the source and verify any named vacancy before applying.","Generated live search","https://www.linkedin.com/jobs/search/?keywords=Data%20Governance%20Lead&location=United%20Arab%20Emirates&sortBy=DD"
"offline-medical-121","AI Governance Lead — United Arab Emirates","LinkedIn","Live Search","United Arab Emirates","United Arab Emirates","United Arab Emirates","High","Monitoring","","2026-07-21","Generated monitoring search for offline coverage. Open the source and verify any named vacancy before applying.","Generated live search","https://www.linkedin.com/jobs/search/?keywords=AI%20Governance%20Lead&location=United%20Arab%20Emirates&sortBy=DD"
"offline-medical-122","Cybersecurity Governance Manager — United Arab Emirates","LinkedIn","Live Search","United Arab Emirates","United Arab Emirates","United Arab Emirates","High","Monitoring","","2026-07-21","Generated monitoring search for offline coverage. Open the source and verify any named vacancy before applying.","Generated live search","https://www.linkedin.com/jobs/search/?keywords=Cybersecurity%20Governance%20Manager&location=United%20Arab%20Emirates&sortBy=DD"
"offline-medical-123","Healthcare IT Manager — United Arab Emirates","LinkedIn","Live Search","United Arab Emirates","United Arab Emirates","United Arab Emirates","High","Monitoring","","2026-07-21","Generated monitoring search for offline coverage. Open the source and verify any named vacancy before applying.","Generated live search","https://www.linkedin.com/jobs/search/?keywords=Healthcare%20IT%20Manager&location=United%20Arab%20Emirates&sortBy=DD"
"offline-medical-124","Health Information Systems Manager — United Arab Emirates","LinkedIn","Live Search","United Arab Emirates","United Arab Emirates","United Arab Emirates","High","Monitoring","","2026-07-21","Generated monitoring search for offline coverage. Open the source and verify any named vacancy before applying.","Generated live search","https://www.linkedin.com/jobs/search/?keywords=Health%20Information%20Systems%20Manager&location=United%20Arab%20Emirates&sortBy=DD"
"offline-medical-125","Digital Health Manager — United Arab Emirates","LinkedIn","Live Search","United Arab Emirates","United Arab Emirates","United Arab Emirates","High","Monitoring","","2026-07-21","Generated monitoring search for offline coverage. Open the source and verify any named vacancy before applying.","Generated live search","https://www.linkedin.com/jobs/search/?keywords=Digital%20Health%20Manager&location=United%20Arab%20Emirates&sortBy=DD"
"offline-medical-126","Medical Technology Manager — United Arab Emirates","LinkedIn","Live Search","United Arab Emirates","United Arab Emirates","United Arab Emirates","High","Monitoring","","2026-07-21","Generated monitoring search for offline coverage. Open the source and verify any named vacancy before applying.","Generated live search","https://www.linkedin.com/jobs/search/?keywords=Medical%20Technology%20Manager&location=United%20Arab%20Emirates&sortBy=DD"
"offline-medical-127","ERP Manager — United Arab Emirates","LinkedIn","Live Search","United Arab Emirates","United Arab Emirates","United Arab Emirates","High","Monitoring","","2026-07-21","Generated monitoring search for offline coverage. Open the source and verify any named vacancy before applying.","Generated live search","https://www.linkedin.com/jobs/search/?keywords=ERP%20Manager&location=United%20Arab%20Emirates&sortBy=DD"
"offline-medical-128","CRM Manager — United Arab Emirates","LinkedIn","Live Search","United Arab Emirates","United Arab Emirates","United Arab Emirates","High","Monitoring","","2026-07-21","Generated monitoring search for offline coverage. Open the source and verify any named vacancy before applying.","Generated live search","https://www.linkedin.com/jobs/search/?keywords=CRM%20Manager&location=United%20Arab%20Emirates&sortBy=DD"
"offline-medical-129","Business Intelligence Manager — United Arab Emirates","LinkedIn","Live Search","United Arab Emirates","United Arab Emirates","United Arab Emirates","High","Monitoring","","2026-07-21","Generated monitoring search for offline coverage. Open the source and verify any named vacancy before applying.","Generated live search","https://www.linkedin.com/jobs/search/?keywords=Business%20Intelligence%20Manager&location=United%20Arab%20Emirates&sortBy=DD"
"offline-medical-130","Data Platform Manager — United Arab Emirates","LinkedIn","Live Search","United Arab Emirates","United Arab Emirates","United Arab Emirates","High","Monitoring","","2026-07-21","Generated monitoring search for offline coverage. Open the source and verify any named vacancy before applying.","Generated live search","https://www.linkedin.com/jobs/search/?keywords=Data%20Platform%20Manager&location=United%20Arab%20Emirates&sortBy=DD"
"offline-medical-131","Data Warehouse Manager — United Arab Emirates","LinkedIn","Live Search","United Arab Emirates","United Arab Emirates","United Arab Emirates","High","Monitoring","","2026-07-21","Generated monitoring search for offline coverage. Open the source and verify any named vacancy before applying.","Generated live search","https://www.linkedin.com/jobs/search/?keywords=Data%20Warehouse%20Manager&location=United%20Arab%20Emirates&sortBy=DD"
"offline-medical-132","Technology Delivery Manager — United Arab Emirates","LinkedIn","Live Search","United Arab Emirates","United Arab Emirates","United Arab Emirates","High","Monitoring","","2026-07-21","Generated monitoring search for offline coverage. Open the source and verify any named vacancy before applying.","Generated live search","https://www.linkedin.com/jobs/search/?keywords=Technology%20Delivery%20Manager&location=United%20Arab%20Emirates&sortBy=DD"
"offline-medical-133","IT Service Delivery Manager — United Arab Emirates","LinkedIn","Live Search","United Arab Emirates","United Arab Emirates","United Arab Emirates","High","Monitoring","","2026-07-21","Generated monitoring search for offline coverage. Open the source and verify any named vacancy before applying.","Generated live search","https://www.linkedin.com/jobs/search/?keywords=IT%20Service%20Delivery%20Manager&location=United%20Arab%20Emirates&sortBy=DD"
"offline-medical-134","Technical Project Manager — United Arab Emirates","LinkedIn","Live Search","United Arab Emirates","United Arab Emirates","United Arab Emirates","High","Monitoring","","2026-07-21","Generated monitoring search for offline coverage. Open the source and verify any named vacancy before applying.","Generated live search","https://www.linkedin.com/jobs/search/?keywords=Technical%20Project%20Manager&location=United%20Arab%20Emirates&sortBy=DD"
"offline-medical-135","Program Management Office Lead — United Arab Emirates","LinkedIn","Live Search","United Arab Emirates","United Arab Emirates","United Arab Emirates","High","Monitoring","","2026-07-21","Generated monitoring search for offline coverage. Open the source and verify any named vacancy before applying.","Generated live search","https://www.linkedin.com/jobs/search/?keywords=Program%20Management%20Office%20Lead&location=United%20Arab%20Emirates&sortBy=DD"
"offline-medical-136","Technology Strategy Manager — United Arab Emirates","LinkedIn","Live Search","United Arab Emirates","United Arab Emirates","United Arab Emirates","High","Monitoring","","2026-07-21","Generated monitoring search for offline coverage. Open the source and verify any named vacancy before applying.","Generated live search","https://www.linkedin.com/jobs/search/?keywords=Technology%20Strategy%20Manager&location=United%20Arab%20Emirates&sortBy=DD"
"offline-medical-137","ICT Manager — United Arab Emirates","LinkedIn","Live Search","United Arab Emirates","United Arab Emirates","United Arab Emirates","High","Monitoring","","2026-07-21","Generated monitoring search for offline coverage. Open the source and verify any named vacancy before applying.","Generated live search","https://www.linkedin.com/jobs/search/?keywords=ICT%20Manager&location=United%20Arab%20Emirates&sortBy=DD"
"offline-medical-138","Regional IT Manager — United Arab Emirates","LinkedIn","Live Search","United Arab Emirates","United Arab Emirates","United Arab Emirates","High","Monitoring","","2026-07-21","Generated monitoring search for offline coverage. Open the source and verify any named vacancy before applying.","Generated live search","https://www.linkedin.com/jobs/search/?keywords=Regional%20IT%20Manager&location=United%20Arab%20Emirates&sortBy=DD"
"offline-medical-139","Country IT Manager — United Arab Emirates","LinkedIn","Live Search","United Arab Emirates","United Arab Emirates","United Arab Emirates","High","Monitoring","","2026-07-21","Generated monitoring search for offline coverage. Open the source and verify any named vacancy before applying.","Generated live search","https://www.linkedin.com/jobs/search/?keywords=Country%20IT%20Manager&location=United%20Arab%20Emirates&sortBy=DD"
"offline-medical-140","Technical Team Lead — United Arab Emirates","LinkedIn","Live Search","United Arab Emirates","United Arab Emirates","United Arab Emirates","High","Monitoring","","2026-07-21","Generated monitoring search for offline coverage. Open the source and verify any named vacancy before applying.","Generated live search","https://www.linkedin.com/jobs/search/?keywords=Technical%20Team%20Lead&location=United%20Arab%20Emirates&sortBy=DD"
"offline-medical-141","Enterprise Systems Lead — United Arab Emirates","LinkedIn","Live Search","United Arab Emirates","United Arab Emirates","United Arab Emirates","High","Monitoring","","2026-07-21","Generated monitoring search for offline coverage. Open the source and verify any named vacancy before applying.","Generated live search","https://www.linkedin.com/jobs/search/?keywords=Enterprise%20Systems%20Lead&location=United%20Arab%20Emirates&sortBy=DD"
"offline-medical-142","Chief Information Officer — Qatar","LinkedIn","Live Search","Qatar","Qatar","Qatar","High","Monitoring","","2026-07-21","Generated monitoring search for offline coverage. Open the source and verify any named vacancy before applying.","Generated live search","https://www.linkedin.com/jobs/search/?keywords=Chief%20Information%20Officer&location=Qatar&sortBy=DD"
"offline-medical-143","Chief Technology Officer — Qatar","LinkedIn","Live Search","Qatar","Qatar","Qatar","High","Monitoring","","2026-07-21","Generated monitoring search for offline coverage. Open the source and verify any named vacancy before applying.","Generated live search","https://www.linkedin.com/jobs/search/?keywords=Chief%20Technology%20Officer&location=Qatar&sortBy=DD"
"offline-medical-144","IT Director — Qatar","LinkedIn","Live Search","Qatar","Qatar","Qatar","High","Monitoring","","2026-07-21","Generated monitoring search for offline coverage. Open the source and verify any named vacancy before applying.","Generated live search","https://www.linkedin.com/jobs/search/?keywords=IT%20Director&location=Qatar&sortBy=DD"
"offline-medical-145","Director of Digital Transformation — Qatar","LinkedIn","Live Search","Qatar","Qatar","Qatar","High","Monitoring","","2026-07-21","Generated monitoring search for offline coverage. Open the source and verify any named vacancy before applying.","Generated live search","https://www.linkedin.com/jobs/search/?keywords=Director%20of%20Digital%20Transformation&location=Qatar&sortBy=DD"
"offline-medical-146","Head of Information Systems — Qatar","LinkedIn","Live Search","Qatar","Qatar","Qatar","High","Monitoring","","2026-07-21","Generated monitoring search for offline coverage. Open the source and verify any named vacancy before applying.","Generated live search","https://www.linkedin.com/jobs/search/?keywords=Head%20of%20Information%20Systems&location=Qatar&sortBy=DD"
"offline-medical-147","Head of Enterprise Applications — Qatar","LinkedIn","Live Search","Qatar","Qatar","Qatar","High","Monitoring","","2026-07-21","Generated monitoring search for offline coverage. Open the source and verify any named vacancy before applying.","Generated live search","https://www.linkedin.com/jobs/search/?keywords=Head%20of%20Enterprise%20Applications&location=Qatar&sortBy=DD"
"offline-medical-148","Head of Digital Transformation — Qatar","LinkedIn","Live Search","Qatar","Qatar","Qatar","High","Monitoring","","2026-07-21","Generated monitoring search for offline coverage. Open the source and verify any named vacancy before applying.","Generated live search","https://www.linkedin.com/jobs/search/?keywords=Head%20of%20Digital%20Transformation&location=Qatar&sortBy=DD"
"offline-medical-149","Enterprise Architect — Qatar","LinkedIn","Live Search","Qatar","Qatar","Qatar","High","Monitoring","","2026-07-21","Generated monitoring search for offline coverage. Open the source and verify any named vacancy before applying.","Generated live search","https://www.linkedin.com/jobs/search/?keywords=Enterprise%20Architect&location=Qatar&sortBy=DD"
"offline-medical-150","Solution Architect — Qatar","LinkedIn","Live Search","Qatar","Qatar","Qatar","High","Monitoring","","2026-07-21","Generated monitoring search for offline coverage. Open the source and verify any named vacancy before applying.","Generated live search","https://www.linkedin.com/jobs/search/?keywords=Solution%20Architect&location=Qatar&sortBy=DD"
"offline-medical-151","Business Architect — Qatar","LinkedIn","Live Search","Qatar","Qatar","Qatar","High","Monitoring","","2026-07-21","Generated monitoring search for offline coverage. Open the source and verify any named vacancy before applying.","Generated live search","https://www.linkedin.com/jobs/search/?keywords=Business%20Architect&location=Qatar&sortBy=DD"
"offline-medical-152","Technology Architect — Qatar","LinkedIn","Live Search","Qatar","Qatar","Qatar","High","Monitoring","","2026-07-21","Generated monitoring search for offline coverage. Open the source and verify any named vacancy before applying.","Generated live search","https://www.linkedin.com/jobs/search/?keywords=Technology%20Architect&location=Qatar&sortBy=DD"
"offline-medical-153","Data Architect — Qatar","LinkedIn","Live Search","Qatar","Qatar","Qatar","High","Monitoring","","2026-07-21","Generated monitoring search for offline coverage. Open the source and verify any named vacancy before applying.","Generated live search","https://www.linkedin.com/jobs/search/?keywords=Data%20Architect&location=Qatar&sortBy=DD"
"offline-medical-154","Cloud Architect — Qatar","LinkedIn","Live Search","Qatar","Qatar","Qatar","High","Monitoring","","2026-07-21","Generated monitoring search for offline coverage. Open the source and verify any named vacancy before applying.","Generated live search","https://www.linkedin.com/jobs/search/?keywords=Cloud%20Architect&location=Qatar&sortBy=DD"
"offline-medical-155","Integration Architect — Qatar","LinkedIn","Live Search","Qatar","Qatar","Qatar","High","Monitoring","","2026-07-21","Generated monitoring search for offline coverage. Open the source and verify any named vacancy before applying.","Generated live search","https://www.linkedin.com/jobs/search/?keywords=Integration%20Architect&location=Qatar&sortBy=DD"
"offline-medical-156","Applications Manager — Qatar","LinkedIn","Live Search","Qatar","Qatar","Qatar","High","Monitoring","","2026-07-21","Generated monitoring search for offline coverage. Open the source and verify any named vacancy before applying.","Generated live search","https://www.linkedin.com/jobs/search/?keywords=Applications%20Manager&location=Qatar&sortBy=DD"
"offline-medical-157","Enterprise Applications Manager — Qatar","LinkedIn","Live Search","Qatar","Qatar","Qatar","High","Monitoring","","2026-07-21","Generated monitoring search for offline coverage. Open the source and verify any named vacancy before applying.","Generated live search","https://www.linkedin.com/jobs/search/?keywords=Enterprise%20Applications%20Manager&location=Qatar&sortBy=DD"
"offline-medical-158","Systems Manager — Qatar","LinkedIn","Live Search","Qatar","Qatar","Qatar","High","Monitoring","","2026-07-21","Generated monitoring search for offline coverage. Open the source and verify any named vacancy before applying.","Generated live search","https://www.linkedin.com/jobs/search/?keywords=Systems%20Manager&location=Qatar&sortBy=DD"
"offline-medical-159","Information Systems Manager — Qatar","LinkedIn","Live Search","Qatar","Qatar","Qatar","High","Monitoring","","2026-07-21","Generated monitoring search for offline coverage. Open the source and verify any named vacancy before applying.","Generated live search","https://www.linkedin.com/jobs/search/?keywords=Information%20Systems%20Manager&location=Qatar&sortBy=DD"
"offline-medical-160","IT Operations Manager — Qatar","LinkedIn","Live Search","Qatar","Qatar","Qatar","High","Monitoring","","2026-07-21","Generated monitoring search for offline coverage. Open the source and verify any named vacancy before applying.","Generated live search","https://www.linkedin.com/jobs/search/?keywords=IT%20Operations%20Manager&location=Qatar&sortBy=DD"
"offline-medical-161","Infrastructure Manager — Qatar","LinkedIn","Live Search","Qatar","Qatar","Qatar","High","Monitoring","","2026-07-21","Generated monitoring search for offline coverage. Open the source and verify any named vacancy before applying.","Generated live search","https://www.linkedin.com/jobs/search/?keywords=Infrastructure%20Manager&location=Qatar&sortBy=DD"
"offline-medical-162","Digital Transformation Manager — Qatar","LinkedIn","Live Search","Qatar","Qatar","Qatar","High","Monitoring","","2026-07-21","Generated monitoring search for offline coverage. Open the source and verify any named vacancy before applying.","Generated live search","https://www.linkedin.com/jobs/search/?keywords=Digital%20Transformation%20Manager&location=Qatar&sortBy=DD"
"offline-medical-163","Digital Program Manager — Qatar","LinkedIn","Live Search","Qatar","Qatar","Qatar","High","Monitoring","","2026-07-21","Generated monitoring search for offline coverage. Open the source and verify any named vacancy before applying.","Generated live search","https://www.linkedin.com/jobs/search/?keywords=Digital%20Program%20Manager&location=Qatar&sortBy=DD"
"offline-medical-164","Technology Program Manager — Qatar","LinkedIn","Live Search","Qatar","Qatar","Qatar","High","Monitoring","","2026-07-21","Generated monitoring search for offline coverage. Open the source and verify any named vacancy before applying.","Generated live search","https://www.linkedin.com/jobs/search/?keywords=Technology%20Program%20Manager&location=Qatar&sortBy=DD"
"offline-medical-165","IT Program Manager — Qatar","LinkedIn","Live Search","Qatar","Qatar","Qatar","High","Monitoring","","2026-07-21","Generated monitoring search for offline coverage. Open the source and verify any named vacancy before applying.","Generated live search","https://www.linkedin.com/jobs/search/?keywords=IT%20Program%20Manager&location=Qatar&sortBy=DD"
"offline-medical-166","IT Governance Manager — Qatar","LinkedIn","Live Search","Qatar","Qatar","Qatar","High","Monitoring","","2026-07-21","Generated monitoring search for offline coverage. Open the source and verify any named vacancy before applying.","Generated live search","https://www.linkedin.com/jobs/search/?keywords=IT%20Governance%20Manager&location=Qatar&sortBy=DD"
"offline-medical-167","Data Governance Lead — Qatar","LinkedIn","Live Search","Qatar","Qatar","Qatar","High","Monitoring","","2026-07-21","Generated monitoring search for offline coverage. Open the source and verify any named vacancy before applying.","Generated live search","https://www.linkedin.com/jobs/search/?keywords=Data%20Governance%20Lead&location=Qatar&sortBy=DD"
"offline-medical-168","AI Governance Lead — Qatar","LinkedIn","Live Search","Qatar","Qatar","Qatar","High","Monitoring","","2026-07-21","Generated monitoring search for offline coverage. Open the source and verify any named vacancy before applying.","Generated live search","https://www.linkedin.com/jobs/search/?keywords=AI%20Governance%20Lead&location=Qatar&sortBy=DD"
"offline-medical-169","Cybersecurity Governance Manager — Qatar","LinkedIn","Live Search","Qatar","Qatar","Qatar","High","Monitoring","","2026-07-21","Generated monitoring search for offline coverage. Open the source and verify any named vacancy before applying.","Generated live search","https://www.linkedin.com/jobs/search/?keywords=Cybersecurity%20Governance%20Manager&location=Qatar&sortBy=DD"
"offline-medical-170","Healthcare IT Manager — Qatar","LinkedIn","Live Search","Qatar","Qatar","Qatar","High","Monitoring","","2026-07-21","Generated monitoring search for offline coverage. Open the source and verify any named vacancy before applying.","Generated live search","https://www.linkedin.com/jobs/search/?keywords=Healthcare%20IT%20Manager&location=Qatar&sortBy=DD"
"offline-medical-171","Health Information Systems Manager — Qatar","LinkedIn","Live Search","Qatar","Qatar","Qatar","High","Monitoring","","2026-07-21","Generated monitoring search for offline coverage. Open the source and verify any named vacancy before applying.","Generated live search","https://www.linkedin.com/jobs/search/?keywords=Health%20Information%20Systems%20Manager&location=Qatar&sortBy=DD"
"offline-medical-172","Digital Health Manager — Qatar","LinkedIn","Live Search","Qatar","Qatar","Qatar","High","Monitoring","","2026-07-21","Generated monitoring search for offline coverage. Open the source and verify any named vacancy before applying.","Generated live search","https://www.linkedin.com/jobs/search/?keywords=Digital%20Health%20Manager&location=Qatar&sortBy=DD"
"offline-medical-173","Medical Technology Manager — Qatar","LinkedIn","Live Search","Qatar","Qatar","Qatar","High","Monitoring","","2026-07-21","Generated monitoring search for offline coverage. Open the source and verify any named vacancy before applying.","Generated live search","https://www.linkedin.com/jobs/search/?keywords=Medical%20Technology%20Manager&location=Qatar&sortBy=DD"
"offline-medical-174","ERP Manager — Qatar","LinkedIn","Live Search","Qatar","Qatar","Qatar","High","Monitoring","","2026-07-21","Generated monitoring search for offline coverage. Open the source and verify any named vacancy before applying.","Generated live search","https://www.linkedin.com/jobs/search/?keywords=ERP%20Manager&location=Qatar&sortBy=DD"
"offline-medical-175","CRM Manager — Qatar","LinkedIn","Live Search","Qatar","Qatar","Qatar","High","Monitoring","","2026-07-21","Generated monitoring search for offline coverage. Open the source and verify any named vacancy before applying.","Generated live search","https://www.linkedin.com/jobs/search/?keywords=CRM%20Manager&location=Qatar&sortBy=DD"
"offline-medical-176","Business Intelligence Manager — Qatar","LinkedIn","Live Search","Qatar","Qatar","Qatar","High","Monitoring","","2026-07-21","Generated monitoring search for offline coverage. Open the source and verify any named vacancy before applying.","Generated live search","https://www.linkedin.com/jobs/search/?keywords=Business%20Intelligence%20Manager&location=Qatar&sortBy=DD"
"offline-medical-177","Data Platform Manager — Qatar","LinkedIn","Live Search","Qatar","Qatar","Qatar","High","Monitoring","","2026-07-21","Generated monitoring search for offline coverage. Open the source and verify any named vacancy before applying.","Generated live search","https://www.linkedin.com/jobs/search/?keywords=Data%20Platform%20Manager&location=Qatar&sortBy=DD"
"offline-medical-178","Data Warehouse Manager — Qatar","LinkedIn","Live Search","Qatar","Qatar","Qatar","High","Monitoring","","2026-07-21","Generated monitoring search for offline coverage. Open the source and verify any named vacancy before applying.","Generated live search","https://www.linkedin.com/jobs/search/?keywords=Data%20Warehouse%20Manager&location=Qatar&sortBy=DD"
"offline-medical-179","Technology Delivery Manager — Qatar","LinkedIn","Live Search","Qatar","Qatar","Qatar","High","Monitoring","","2026-07-21","Generated monitoring search for offline coverage. Open the source and verify any named vacancy before applying.","Generated live search","https://www.linkedin.com/jobs/search/?keywords=Technology%20Delivery%20Manager&location=Qatar&sortBy=DD"
"offline-medical-180","IT Service Delivery Manager — Qatar","LinkedIn","Live Search","Qatar","Qatar","Qatar","High","Monitoring","","2026-07-21","Generated monitoring search for offline coverage. Open the source and verify any named vacancy before applying.","Generated live search","https://www.linkedin.com/jobs/search/?keywords=IT%20Service%20Delivery%20Manager&location=Qatar&sortBy=DD"
"offline-medical-181","Technical Project Manager — Qatar","LinkedIn","Live Search","Qatar","Qatar","Qatar","High","Monitoring","","2026-07-21","Generated monitoring search for offline coverage. Open the source and verify any named vacancy before applying.","Generated live search","https://www.linkedin.com/jobs/search/?keywords=Technical%20Project%20Manager&location=Qatar&sortBy=DD"
"offline-medical-182","Program Management Office Lead — Qatar","LinkedIn","Live Search","Qatar","Qatar","Qatar","High","Monitoring","","2026-07-21","Generated monitoring search for offline coverage. Open the source and verify any named vacancy before applying.","Generated live search","https://www.linkedin.com/jobs/search/?keywords=Program%20Management%20Office%20Lead&location=Qatar&sortBy=DD"
"offline-medical-183","Technology Strategy Manager — Qatar","LinkedIn","Live Search","Qatar","Qatar","Qatar","High","Monitoring","","2026-07-21","Generated monitoring search for offline coverage. Open the source and verify any named vacancy before applying.","Generated live search","https://www.linkedin.com/jobs/search/?keywords=Technology%20Strategy%20Manager&location=Qatar&sortBy=DD"
"offline-medical-184","ICT Manager — Qatar","LinkedIn","Live Search","Qatar","Qatar","Qatar","High","Monitoring","","2026-07-21","Generated monitoring search for offline coverage. Open the source and verify any named vacancy before applying.","Generated live search","https://www.linkedin.com/jobs/search/?keywords=ICT%20Manager&location=Qatar&sortBy=DD"
"offline-medical-185","Regional IT Manager — Qatar","LinkedIn","Live Search","Qatar","Qatar","Qatar","High","Monitoring","","2026-07-21","Generated monitoring search for offline coverage. Open the source and verify any named vacancy before applying.","Generated live search","https://www.linkedin.com/jobs/search/?keywords=Regional%20IT%20Manager&location=Qatar&sortBy=DD"
"offline-medical-186","Country IT Manager — Qatar","LinkedIn","Live Search","Qatar","Qatar","Qatar","High","Monitoring","","2026-07-21","Generated monitoring search for offline coverage. Open the source and verify any named vacancy before applying.","Generated live search","https://www.linkedin.com/jobs/search/?keywords=Country%20IT%20Manager&location=Qatar&sortBy=DD"
"offline-medical-187","Technical Team Lead — Qatar","LinkedIn","Live Search","Qatar","Qatar","Qatar","High","Monitoring","","2026-07-21","Generated monitoring search for offline coverage. Open the source and verify any named vacancy before applying.","Generated live search","https://www.linkedin.com/jobs/search/?keywords=Technical%20Team%20Lead&location=Qatar&sortBy=DD"
"offline-medical-188","Enterprise Systems Lead — Qatar","LinkedIn","Live Search","Qatar","Qatar","Qatar","High","Monitoring","","2026-07-21","Generated monitoring search for offline coverage. Open the source and verify any named vacancy before applying.","Generated live search","https://www.linkedin.com/jobs/search/?keywords=Enterprise%20Systems%20Lead&location=Qatar&sortBy=DD"
"offline-medical-189","Chief Information Officer — Kuwait","LinkedIn","Live Search","Kuwait","Kuwait","Kuwait","High","Monitoring","","2026-07-21","Generated monitoring search for offline coverage. Open the source and verify any named vacancy before applying.","Generated live search","https://www.linkedin.com/jobs/search/?keywords=Chief%20Information%20Officer&location=Kuwait&sortBy=DD"
"offline-medical-190","Chief Technology Officer — Kuwait","LinkedIn","Live Search","Kuwait","Kuwait","Kuwait","High","Monitoring","","2026-07-21","Generated monitoring search for offline coverage. Open the source and verify any named vacancy before applying.","Generated live search","https://www.linkedin.com/jobs/search/?keywords=Chief%20Technology%20Officer&location=Kuwait&sortBy=DD"
"offline-medical-191","IT Director — Kuwait","LinkedIn","Live Search","Kuwait","Kuwait","Kuwait","High","Monitoring","","2026-07-21","Generated monitoring search for offline coverage. Open the source and verify any named vacancy before applying.","Generated live search","https://www.linkedin.com/jobs/search/?keywords=IT%20Director&location=Kuwait&sortBy=DD"
"offline-medical-192","Director of Digital Transformation — Kuwait","LinkedIn","Live Search","Kuwait","Kuwait","Kuwait","High","Monitoring","","2026-07-21","Generated monitoring search for offline coverage. Open the source and verify any named vacancy before applying.","Generated live search","https://www.linkedin.com/jobs/search/?keywords=Director%20of%20Digital%20Transformation&location=Kuwait&sortBy=DD"
"offline-medical-193","Head of Information Systems — Kuwait","LinkedIn","Live Search","Kuwait","Kuwait","Kuwait","High","Monitoring","","2026-07-21","Generated monitoring search for offline coverage. Open the source and verify any named vacancy before applying.","Generated live search","https://www.linkedin.com/jobs/search/?keywords=Head%20of%20Information%20Systems&location=Kuwait&sortBy=DD"
"offline-medical-194","Head of Enterprise Applications — Kuwait","LinkedIn","Live Search","Kuwait","Kuwait","Kuwait","High","Monitoring","","2026-07-21","Generated monitoring search for offline coverage. Open the source and verify any named vacancy before applying.","Generated live search","https://www.linkedin.com/jobs/search/?keywords=Head%20of%20Enterprise%20Applications&location=Kuwait&sortBy=DD"
"offline-medical-195","Head of Digital Transformation — Kuwait","LinkedIn","Live Search","Kuwait","Kuwait","Kuwait","High","Monitoring","","2026-07-21","Generated monitoring search for offline coverage. Open the source and verify any named vacancy before applying.","Generated live search","https://www.linkedin.com/jobs/search/?keywords=Head%20of%20Digital%20Transformation&location=Kuwait&sortBy=DD"
"offline-medical-196","Enterprise Architect — Kuwait","LinkedIn","Live Search","Kuwait","Kuwait","Kuwait","High","Monitoring","","2026-07-21","Generated monitoring search for offline coverage. Open the source and verify any named vacancy before applying.","Generated live search","https://www.linkedin.com/jobs/search/?keywords=Enterprise%20Architect&location=Kuwait&sortBy=DD"
"offline-medical-197","Solution Architect — Kuwait","LinkedIn","Live Search","Kuwait","Kuwait","Kuwait","High","Monitoring","","2026-07-21","Generated monitoring search for offline coverage. Open the source and verify any named vacancy before applying.","Generated live search","https://www.linkedin.com/jobs/search/?keywords=Solution%20Architect&location=Kuwait&sortBy=DD"
"offline-medical-198","Business Architect — Kuwait","LinkedIn","Live Search","Kuwait","Kuwait","Kuwait","High","Monitoring","","2026-07-21","Generated monitoring search for offline coverage. Open the source and verify any named vacancy before applying.","Generated live search","https://www.linkedin.com/jobs/search/?keywords=Business%20Architect&location=Kuwait&sortBy=DD"
"offline-medical-199","Technology Architect — Kuwait","LinkedIn","Live Search","Kuwait","Kuwait","Kuwait","High","Monitoring","","2026-07-21","Generated monitoring search for offline coverage. Open the source and verify any named vacancy before applying.","Generated live search","https://www.linkedin.com/jobs/search/?keywords=Technology%20Architect&location=Kuwait&sortBy=DD"
"offline-medical-200","Data Architect — Kuwait","LinkedIn","Live Search","Kuwait","Kuwait","Kuwait","High","Monitoring","","2026-07-21","Generated monitoring search for offline coverage. Open the source and verify any named vacancy before applying.","Generated live search","https://www.linkedin.com/jobs/search/?keywords=Data%20Architect&location=Kuwait&sortBy=DD"
"offline-medical-201","Cloud Architect — Kuwait","LinkedIn","Live Search","Kuwait","Kuwait","Kuwait","High","Monitoring","","2026-07-21","Generated monitoring search for offline coverage. Open the source and verify any named vacancy before applying.","Generated live search","https://www.linkedin.com/jobs/search/?keywords=Cloud%20Architect&location=Kuwait&sortBy=DD"
"offline-medical-202","Integration Architect — Kuwait","LinkedIn","Live Search","Kuwait","Kuwait","Kuwait","High","Monitoring","","2026-07-21","Generated monitoring search for offline coverage. Open the source and verify any named vacancy before applying.","Generated live search","https://www.linkedin.com/jobs/search/?keywords=Integration%20Architect&location=Kuwait&sortBy=DD"
"offline-medical-203","Applications Manager — Kuwait","LinkedIn","Live Search","Kuwait","Kuwait","Kuwait","High","Monitoring","","2026-07-21","Generated monitoring search for offline coverage. Open the source and verify any named vacancy before applying.","Generated live search","https://www.linkedin.com/jobs/search/?keywords=Applications%20Manager&location=Kuwait&sortBy=DD"
"offline-medical-204","Enterprise Applications Manager — Kuwait","LinkedIn","Live Search","Kuwait","Kuwait","Kuwait","High","Monitoring","","2026-07-21","Generated monitoring search for offline coverage. Open the source and verify any named vacancy before applying.","Generated live search","https://www.linkedin.com/jobs/search/?keywords=Enterprise%20Applications%20Manager&location=Kuwait&sortBy=DD"
"offline-medical-205","Systems Manager — Kuwait","LinkedIn","Live Search","Kuwait","Kuwait","Kuwait","High","Monitoring","","2026-07-21","Generated monitoring search for offline coverage. Open the source and verify any named vacancy before applying.","Generated live search","https://www.linkedin.com/jobs/search/?keywords=Systems%20Manager&location=Kuwait&sortBy=DD"
"offline-medical-206","Information Systems Manager — Kuwait","LinkedIn","Live Search","Kuwait","Kuwait","Kuwait","High","Monitoring","","2026-07-21","Generated monitoring search for offline coverage. Open the source and verify any named vacancy before applying.","Generated live search","https://www.linkedin.com/jobs/search/?keywords=Information%20Systems%20Manager&location=Kuwait&sortBy=DD"
"offline-medical-207","IT Operations Manager — Kuwait","LinkedIn","Live Search","Kuwait","Kuwait","Kuwait","High","Monitoring","","2026-07-21","Generated monitoring search for offline coverage. Open the source and verify any named vacancy before applying.","Generated live search","https://www.linkedin.com/jobs/search/?keywords=IT%20Operations%20Manager&location=Kuwait&sortBy=DD"
"offline-medical-208","Infrastructure Manager — Kuwait","LinkedIn","Live Search","Kuwait","Kuwait","Kuwait","High","Monitoring","","2026-07-21","Generated monitoring search for offline coverage. Open the source and verify any named vacancy before applying.","Generated live search","https://www.linkedin.com/jobs/search/?keywords=Infrastructure%20Manager&location=Kuwait&sortBy=DD"
"offline-medical-209","Digital Transformation Manager — Kuwait","LinkedIn","Live Search","Kuwait","Kuwait","Kuwait","High","Monitoring","","2026-07-21","Generated monitoring search for offline coverage. Open the source and verify any named vacancy before applying.","Generated live search","https://www.linkedin.com/jobs/search/?keywords=Digital%20Transformation%20Manager&location=Kuwait&sortBy=DD"
"offline-medical-210","Digital Program Manager — Kuwait","LinkedIn","Live Search","Kuwait","Kuwait","Kuwait","High","Monitoring","","2026-07-21","Generated monitoring search for offline coverage. Open the source and verify any named vacancy before applying.","Generated live search","https://www.linkedin.com/jobs/search/?keywords=Digital%20Program%20Manager&location=Kuwait&sortBy=DD"
"offline-medical-211","Technology Program Manager — Kuwait","LinkedIn","Live Search","Kuwait","Kuwait","Kuwait","High","Monitoring","","2026-07-21","Generated monitoring search for offline coverage. Open the source and verify any named vacancy before applying.","Generated live search","https://www.linkedin.com/jobs/search/?keywords=Technology%20Program%20Manager&location=Kuwait&sortBy=DD"
"offline-medical-212","IT Program Manager — Kuwait","LinkedIn","Live Search","Kuwait","Kuwait","Kuwait","High","Monitoring","","2026-07-21","Generated monitoring search for offline coverage. Open the source and verify any named vacancy before applying.","Generated live search","https://www.linkedin.com/jobs/search/?keywords=IT%20Program%20Manager&location=Kuwait&sortBy=DD"
"offline-medical-213","IT Governance Manager — Kuwait","LinkedIn","Live Search","Kuwait","Kuwait","Kuwait","High","Monitoring","","2026-07-21","Generated monitoring search for offline coverage. Open the source and verify any named vacancy before applying.","Generated live search","https://www.linkedin.com/jobs/search/?keywords=IT%20Governance%20Manager&location=Kuwait&sortBy=DD"
"offline-medical-214","Data Governance Lead — Kuwait","LinkedIn","Live Search","Kuwait","Kuwait","Kuwait","High","Monitoring","","2026-07-21","Generated monitoring search for offline coverage. Open the source and verify any named vacancy before applying.","Generated live search","https://www.linkedin.com/jobs/search/?keywords=Data%20Governance%20Lead&location=Kuwait&sortBy=DD"
"offline-medical-215","AI Governance Lead — Kuwait","LinkedIn","Live Search","Kuwait","Kuwait","Kuwait","High","Monitoring","","2026-07-21","Generated monitoring search for offline coverage. Open the source and verify any named vacancy before applying.","Generated live search","https://www.linkedin.com/jobs/search/?keywords=AI%20Governance%20Lead&location=Kuwait&sortBy=DD"
"offline-medical-216","Cybersecurity Governance Manager — Kuwait","LinkedIn","Live Search","Kuwait","Kuwait","Kuwait","High","Monitoring","","2026-07-21","Generated monitoring search for offline coverage. Open the source and verify any named vacancy before applying.","Generated live search","https://www.linkedin.com/jobs/search/?keywords=Cybersecurity%20Governance%20Manager&location=Kuwait&sortBy=DD"
"offline-medical-217","Healthcare IT Manager — Kuwait","LinkedIn","Live Search","Kuwait","Kuwait","Kuwait","High","Monitoring","","2026-07-21","Generated monitoring search for offline coverage. Open the source and verify any named vacancy before applying.","Generated live search","https://www.linkedin.com/jobs/search/?keywords=Healthcare%20IT%20Manager&location=Kuwait&sortBy=DD"
"offline-medical-218","Health Information Systems Manager — Kuwait","LinkedIn","Live Search","Kuwait","Kuwait","Kuwait","High","Monitoring","","2026-07-21","Generated monitoring search for offline coverage. Open the source and verify any named vacancy before applying.","Generated live search","https://www.linkedin.com/jobs/search/?keywords=Health%20Information%20Systems%20Manager&location=Kuwait&sortBy=DD"
"offline-medical-219","Digital Health Manager — Kuwait","LinkedIn","Live Search","Kuwait","Kuwait","Kuwait","High","Monitoring","","2026-07-21","Generated monitoring search for offline coverage. Open the source and verify any named vacancy before applying.","Generated live search","https://www.linkedin.com/jobs/search/?keywords=Digital%20Health%20Manager&location=Kuwait&sortBy=DD"
"offline-medical-220","Medical Technology Manager — Kuwait","LinkedIn","Live Search","Kuwait","Kuwait","Kuwait","High","Monitoring","","2026-07-21","Generated monitoring search for offline coverage. Open the source and verify any named vacancy before applying.","Generated live search","https://www.linkedin.com/jobs/search/?keywords=Medical%20Technology%20Manager&location=Kuwait&sortBy=DD"
"offline-medical-221","ERP Manager — Kuwait","LinkedIn","Live Search","Kuwait","Kuwait","Kuwait","High","Monitoring","","2026-07-21","Generated monitoring search for offline coverage. Open the source and verify any named vacancy before applying.","Generated live search","https://www.linkedin.com/jobs/search/?keywords=ERP%20Manager&location=Kuwait&sortBy=DD"
"offline-medical-222","CRM Manager — Kuwait","LinkedIn","Live Search","Kuwait","Kuwait","Kuwait","High","Monitoring","","2026-07-21","Generated monitoring search for offline coverage. Open the source and verify any named vacancy before applying.","Generated live search","https://www.linkedin.com/jobs/search/?keywords=CRM%20Manager&location=Kuwait&sortBy=DD"
"offline-medical-223","Business Intelligence Manager — Kuwait","LinkedIn","Live Search","Kuwait","Kuwait","Kuwait","High","Monitoring","","2026-07-21","Generated monitoring search for offline coverage. Open the source and verify any named vacancy before applying.","Generated live search","https://www.linkedin.com/jobs/search/?keywords=Business%20Intelligence%20Manager&location=Kuwait&sortBy=DD"
"offline-medical-224","Data Platform Manager — Kuwait","LinkedIn","Live Search","Kuwait","Kuwait","Kuwait","High","Monitoring","","2026-07-21","Generated monitoring search for offline coverage. Open the source and verify any named vacancy before applying.","Generated live search","https://www.linkedin.com/jobs/search/?keywords=Data%20Platform%20Manager&location=Kuwait&sortBy=DD"
"offline-medical-225","Data Warehouse Manager — Kuwait","LinkedIn","Live Search","Kuwait","Kuwait","Kuwait","High","Monitoring","","2026-07-21","Generated monitoring search for offline coverage. Open the source and verify any named vacancy before applying.","Generated live search","https://www.linkedin.com/jobs/search/?keywords=Data%20Warehouse%20Manager&location=Kuwait&sortBy=DD"
"offline-medical-226","Technology Delivery Manager — Kuwait","LinkedIn","Live Search","Kuwait","Kuwait","Kuwait","High","Monitoring","","2026-07-21","Generated monitoring search for offline coverage. Open the source and verify any named vacancy before applying.","Generated live search","https://www.linkedin.com/jobs/search/?keywords=Technology%20Delivery%20Manager&location=Kuwait&sortBy=DD"
"offline-medical-227","IT Service Delivery Manager — Kuwait","LinkedIn","Live Search","Kuwait","Kuwait","Kuwait","High","Monitoring","","2026-07-21","Generated monitoring search for offline coverage. Open the source and verify any named vacancy before applying.","Generated live search","https://www.linkedin.com/jobs/search/?keywords=IT%20Service%20Delivery%20Manager&location=Kuwait&sortBy=DD"
"offline-medical-228","Technical Project Manager — Kuwait","LinkedIn","Live Search","Kuwait","Kuwait","Kuwait","High","Monitoring","","2026-07-21","Generated monitoring search for offline coverage. Open the source and verify any named vacancy before applying.","Generated live search","https://www.linkedin.com/jobs/search/?keywords=Technical%20Project%20Manager&location=Kuwait&sortBy=DD"
"offline-medical-229","Program Management Office Lead — Kuwait","LinkedIn","Live Search","Kuwait","Kuwait","Kuwait","High","Monitoring","","2026-07-21","Generated monitoring search for offline coverage. Open the source and verify any named vacancy before applying.","Generated live search","https://www.linkedin.com/jobs/search/?keywords=Program%20Management%20Office%20Lead&location=Kuwait&sortBy=DD"
"offline-medical-230","Technology Strategy Manager — Kuwait","LinkedIn","Live Search","Kuwait","Kuwait","Kuwait","High","Monitoring","","2026-07-21","Generated monitoring search for offline coverage. Open the source and verify any named vacancy before applying.","Generated live search","https://www.linkedin.com/jobs/search/?keywords=Technology%20Strategy%20Manager&location=Kuwait&sortBy=DD"
"offline-medical-231","ICT Manager — Kuwait","LinkedIn","Live Search","Kuwait","Kuwait","Kuwait","High","Monitoring","","2026-07-21","Generated monitoring search for offline coverage. Open the source and verify any named vacancy before applying.","Generated live search","https://www.linkedin.com/jobs/search/?keywords=ICT%20Manager&location=Kuwait&sortBy=DD"
"offline-medical-232","Regional IT Manager — Kuwait","LinkedIn","Live Search","Kuwait","Kuwait","Kuwait","High","Monitoring","","2026-07-21","Generated monitoring search for offline coverage. Open the source and verify any named vacancy before applying.","Generated live search","https://www.linkedin.com/jobs/search/?keywords=Regional%20IT%20Manager&location=Kuwait&sortBy=DD"
"offline-medical-233","Country IT Manager — Kuwait","LinkedIn","Live Search","Kuwait","Kuwait","Kuwait","High","Monitoring","","2026-07-21","Generated monitoring search for offline coverage. Open the source and verify any named vacancy before applying.","Generated live search","https://www.linkedin.com/jobs/search/?keywords=Country%20IT%20Manager&location=Kuwait&sortBy=DD"
"offline-medical-234","Technical Team Lead — Kuwait","LinkedIn","Live Search","Kuwait","Kuwait","Kuwait","High","Monitoring","","2026-07-21","Generated monitoring search for offline coverage. Open the source and verify any named vacancy before applying.","Generated live search","https://www.linkedin.com/jobs/search/?keywords=Technical%20Team%20Lead&location=Kuwait&sortBy=DD"
"offline-medical-235","Enterprise Systems Lead — Kuwait","LinkedIn","Live Search","Kuwait","Kuwait","Kuwait","High","Monitoring","","2026-07-21","Generated monitoring search for offline coverage. Open the source and verify any named vacancy before applying.","Generated live search","https://www.linkedin.com/jobs/search/?keywords=Enterprise%20Systems%20Lead&location=Kuwait&sortBy=DD"
"offline-medical-236","Chief Information Officer — Oman","LinkedIn","Live Search","Oman","Oman","Oman","High","Monitoring","","2026-07-21","Generated monitoring search for offline coverage. Open the source and verify any named vacancy before applying.","Generated live search","https://www.linkedin.com/jobs/search/?keywords=Chief%20Information%20Officer&location=Oman&sortBy=DD"
"offline-medical-237","Chief Technology Officer — Oman","LinkedIn","Live Search","Oman","Oman","Oman","High","Monitoring","","2026-07-21","Generated monitoring search for offline coverage. Open the source and verify any named vacancy before applying.","Generated live search","https://www.linkedin.com/jobs/search/?keywords=Chief%20Technology%20Officer&location=Oman&sortBy=DD"
"offline-medical-238","IT Director — Oman","LinkedIn","Live Search","Oman","Oman","Oman","High","Monitoring","","2026-07-21","Generated monitoring search for offline coverage. Open the source and verify any named vacancy before applying.","Generated live search","https://www.linkedin.com/jobs/search/?keywords=IT%20Director&location=Oman&sortBy=DD"
"offline-medical-239","Director of Digital Transformation — Oman","LinkedIn","Live Search","Oman","Oman","Oman","High","Monitoring","","2026-07-21","Generated monitoring search for offline coverage. Open the source and verify any named vacancy before applying.","Generated live search","https://www.linkedin.com/jobs/search/?keywords=Director%20of%20Digital%20Transformation&location=Oman&sortBy=DD"
"offline-medical-240","Head of Information Systems — Oman","LinkedIn","Live Search","Oman","Oman","Oman","High","Monitoring","","2026-07-21","Generated monitoring search for offline coverage. Open the source and verify any named vacancy before applying.","Generated live search","https://www.linkedin.com/jobs/search/?keywords=Head%20of%20Information%20Systems&location=Oman&sortBy=DD"
"offline-medical-241","Head of Enterprise Applications — Oman","LinkedIn","Live Search","Oman","Oman","Oman","High","Monitoring","","2026-07-21","Generated monitoring search for offline coverage. Open the source and verify any named vacancy before applying.","Generated live search","https://www.linkedin.com/jobs/search/?keywords=Head%20of%20Enterprise%20Applications&location=Oman&sortBy=DD"
"offline-medical-242","Head of Digital Transformation — Oman","LinkedIn","Live Search","Oman","Oman","Oman","High","Monitoring","","2026-07-21","Generated monitoring search for offline coverage. Open the source and verify any named vacancy before applying.","Generated live search","https://www.linkedin.com/jobs/search/?keywords=Head%20of%20Digital%20Transformation&location=Oman&sortBy=DD"
"offline-medical-243","Enterprise Architect — Oman","LinkedIn","Live Search","Oman","Oman","Oman","High","Monitoring","","2026-07-21","Generated monitoring search for offline coverage. Open the source and verify any named vacancy before applying.","Generated live search","https://www.linkedin.com/jobs/search/?keywords=Enterprise%20Architect&location=Oman&sortBy=DD"
"offline-medical-244","Solution Architect — Oman","LinkedIn","Live Search","Oman","Oman","Oman","High","Monitoring","","2026-07-21","Generated monitoring search for offline coverage. Open the source and verify any named vacancy before applying.","Generated live search","https://www.linkedin.com/jobs/search/?keywords=Solution%20Architect&location=Oman&sortBy=DD"
"offline-medical-245","Business Architect — Oman","LinkedIn","Live Search","Oman","Oman","Oman","High","Monitoring","","2026-07-21","Generated monitoring search for offline coverage. Open the source and verify any named vacancy before applying.","Generated live search","https://www.linkedin.com/jobs/search/?keywords=Business%20Architect&location=Oman&sortBy=DD"
"offline-medical-246","Technology Architect — Oman","LinkedIn","Live Search","Oman","Oman","Oman","High","Monitoring","","2026-07-21","Generated monitoring search for offline coverage. Open the source and verify any named vacancy before applying.","Generated live search","https://www.linkedin.com/jobs/search/?keywords=Technology%20Architect&location=Oman&sortBy=DD"
"offline-medical-247","Data Architect — Oman","LinkedIn","Live Search","Oman","Oman","Oman","High","Monitoring","","2026-07-21","Generated monitoring search for offline coverage. Open the source and verify any named vacancy before applying.","Generated live search","https://www.linkedin.com/jobs/search/?keywords=Data%20Architect&location=Oman&sortBy=DD"
"offline-medical-248","Cloud Architect — Oman","LinkedIn","Live Search","Oman","Oman","Oman","High","Monitoring","","2026-07-21","Generated monitoring search for offline coverage. Open the source and verify any named vacancy before applying.","Generated live search","https://www.linkedin.com/jobs/search/?keywords=Cloud%20Architect&location=Oman&sortBy=DD"
"offline-medical-249","Integration Architect — Oman","LinkedIn","Live Search","Oman","Oman","Oman","High","Monitoring","","2026-07-21","Generated monitoring search for offline coverage. Open the source and verify any named vacancy before applying.","Generated live search","https://www.linkedin.com/jobs/search/?keywords=Integration%20Architect&location=Oman&sortBy=DD"
"offline-medical-250","Applications Manager — Oman","LinkedIn","Live Search","Oman","Oman","Oman","High","Monitoring","","2026-07-21","Generated monitoring search for offline coverage. Open the source and verify any named vacancy before applying.","Generated live search","https://www.linkedin.com/jobs/search/?keywords=Applications%20Manager&location=Oman&sortBy=DD"
"offline-medical-251","Enterprise Applications Manager — Oman","LinkedIn","Live Search","Oman","Oman","Oman","High","Monitoring","","2026-07-21","Generated monitoring search for offline coverage. Open the source and verify any named vacancy before applying.","Generated live search","https://www.linkedin.com/jobs/search/?keywords=Enterprise%20Applications%20Manager&location=Oman&sortBy=DD"
"offline-medical-252","Systems Manager — Oman","LinkedIn","Live Search","Oman","Oman","Oman","High","Monitoring","","2026-07-21","Generated monitoring search for offline coverage. Open the source and verify any named vacancy before applying.","Generated live search","https://www.linkedin.com/jobs/search/?keywords=Systems%20Manager&location=Oman&sortBy=DD"
"offline-medical-253","Information Systems Manager — Oman","LinkedIn","Live Search","Oman","Oman","Oman","High","Monitoring","","2026-07-21","Generated monitoring search for offline coverage. Open the source and verify any named vacancy before applying.","Generated live search","https://www.linkedin.com/jobs/search/?keywords=Information%20Systems%20Manager&location=Oman&sortBy=DD"
"offline-medical-254","IT Operations Manager — Oman","LinkedIn","Live Search","Oman","Oman","Oman","High","Monitoring","","2026-07-21","Generated monitoring search for offline coverage. Open the source and verify any named vacancy before applying.","Generated live search","https://www.linkedin.com/jobs/search/?keywords=IT%20Operations%20Manager&location=Oman&sortBy=DD"
"offline-medical-255","Infrastructure Manager — Oman","LinkedIn","Live Search","Oman","Oman","Oman","High","Monitoring","","2026-07-21","Generated monitoring search for offline coverage. Open the source and verify any named vacancy before applying.","Generated live search","https://www.linkedin.com/jobs/search/?keywords=Infrastructure%20Manager&location=Oman&sortBy=DD"
"offline-medical-256","Digital Transformation Manager — Oman","LinkedIn","Live Search","Oman","Oman","Oman","High","Monitoring","","2026-07-21","Generated monitoring search for offline coverage. Open the source and verify any named vacancy before applying.","Generated live search","https://www.linkedin.com/jobs/search/?keywords=Digital%20Transformation%20Manager&location=Oman&sortBy=DD"
"offline-medical-257","Digital Program Manager — Oman","LinkedIn","Live Search","Oman","Oman","Oman","High","Monitoring","","2026-07-21","Generated monitoring search for offline coverage. Open the source and verify any named vacancy before applying.","Generated live search","https://www.linkedin.com/jobs/search/?keywords=Digital%20Program%20Manager&location=Oman&sortBy=DD"
"offline-medical-258","Technology Program Manager — Oman","LinkedIn","Live Search","Oman","Oman","Oman","High","Monitoring","","2026-07-21","Generated monitoring search for offline coverage. Open the source and verify any named vacancy before applying.","Generated live search","https://www.linkedin.com/jobs/search/?keywords=Technology%20Program%20Manager&location=Oman&sortBy=DD"
"offline-medical-259","IT Program Manager — Oman","LinkedIn","Live Search","Oman","Oman","Oman","High","Monitoring","","2026-07-21","Generated monitoring search for offline coverage. Open the source and verify any named vacancy before applying.","Generated live search","https://www.linkedin.com/jobs/search/?keywords=IT%20Program%20Manager&location=Oman&sortBy=DD"
"offline-medical-260","IT Governance Manager — Oman","LinkedIn","Live Search","Oman","Oman","Oman","High","Monitoring","","2026-07-21","Generated monitoring search for offline coverage. Open the source and verify any named vacancy before applying.","Generated live search","https://www.linkedin.com/jobs/search/?keywords=IT%20Governance%20Manager&location=Oman&sortBy=DD"
"offline-medical-261","Data Governance Lead — Oman","LinkedIn","Live Search","Oman","Oman","Oman","High","Monitoring","","2026-07-21","Generated monitoring search for offline coverage. Open the source and verify any named vacancy before applying.","Generated live search","https://www.linkedin.com/jobs/search/?keywords=Data%20Governance%20Lead&location=Oman&sortBy=DD"
"offline-medical-262","AI Governance Lead — Oman","LinkedIn","Live Search","Oman","Oman","Oman","High","Monitoring","","2026-07-21","Generated monitoring search for offline coverage. Open the source and verify any named vacancy before applying.","Generated live search","https://www.linkedin.com/jobs/search/?keywords=AI%20Governance%20Lead&location=Oman&sortBy=DD"
"offline-medical-263","Cybersecurity Governance Manager — Oman","LinkedIn","Live Search","Oman","Oman","Oman","High","Monitoring","","2026-07-21","Generated monitoring search for offline coverage. Open the source and verify any named vacancy before applying.","Generated live search","https://www.linkedin.com/jobs/search/?keywords=Cybersecurity%20Governance%20Manager&location=Oman&sortBy=DD"
"offline-medical-264","Healthcare IT Manager — Oman","LinkedIn","Live Search","Oman","Oman","Oman","High","Monitoring","","2026-07-21","Generated monitoring search for offline coverage. Open the source and verify any named vacancy before applying.","Generated live search","https://www.linkedin.com/jobs/search/?keywords=Healthcare%20IT%20Manager&location=Oman&sortBy=DD"
"offline-medical-265","Health Information Systems Manager — Oman","LinkedIn","Live Search","Oman","Oman","Oman","High","Monitoring","","2026-07-21","Generated monitoring search for offline coverage. Open the source and verify any named vacancy before applying.","Generated live search","https://www.linkedin.com/jobs/search/?keywords=Health%20Information%20Systems%20Manager&location=Oman&sortBy=DD"
"offline-medical-266","Digital Health Manager — Oman","LinkedIn","Live Search","Oman","Oman","Oman","High","Monitoring","","2026-07-21","Generated monitoring search for offline coverage. Open the source and verify any named vacancy before applying.","Generated live search","https://www.linkedin.com/jobs/search/?keywords=Digital%20Health%20Manager&location=Oman&sortBy=DD"
"offline-medical-267","Medical Technology Manager — Oman","LinkedIn","Live Search","Oman","Oman","Oman","High","Monitoring","","2026-07-21","Generated monitoring search for offline coverage. Open the source and verify any named vacancy before applying.","Generated live search","https://www.linkedin.com/jobs/search/?keywords=Medical%20Technology%20Manager&location=Oman&sortBy=DD"
"offline-medical-268","ERP Manager — Oman","LinkedIn","Live Search","Oman","Oman","Oman","High","Monitoring","","2026-07-21","Generated monitoring search for offline coverage. Open the source and verify any named vacancy before applying.","Generated live search","https://www.linkedin.com/jobs/search/?keywords=ERP%20Manager&location=Oman&sortBy=DD"
"offline-medical-269","CRM Manager — Oman","LinkedIn","Live Search","Oman","Oman","Oman","High","Monitoring","","2026-07-21","Generated monitoring search for offline coverage. Open the source and verify any named vacancy before applying.","Generated live search","https://www.linkedin.com/jobs/search/?keywords=CRM%20Manager&location=Oman&sortBy=DD"
"offline-medical-270","Business Intelligence Manager — Oman","LinkedIn","Live Search","Oman","Oman","Oman","High","Monitoring","","2026-07-21","Generated monitoring search for offline coverage. Open the source and verify any named vacancy before applying.","Generated live search","https://www.linkedin.com/jobs/search/?keywords=Business%20Intelligence%20Manager&location=Oman&sortBy=DD"
"offline-medical-271","Data Platform Manager — Oman","LinkedIn","Live Search","Oman","Oman","Oman","High","Monitoring","","2026-07-21","Generated monitoring search for offline coverage. Open the source and verify any named vacancy before applying.","Generated live search","https://www.linkedin.com/jobs/search/?keywords=Data%20Platform%20Manager&location=Oman&sortBy=DD"
"offline-medical-272","Data Warehouse Manager — Oman","LinkedIn","Live Search","Oman","Oman","Oman","High","Monitoring","","2026-07-21","Generated monitoring search for offline coverage. Open the source and verify any named vacancy before applying.","Generated live search","https://www.linkedin.com/jobs/search/?keywords=Data%20Warehouse%20Manager&location=Oman&sortBy=DD"
"offline-medical-273","Technology Delivery Manager — Oman","LinkedIn","Live Search","Oman","Oman","Oman","High","Monitoring","","2026-07-21","Generated monitoring search for offline coverage. Open the source and verify any named vacancy before applying.","Generated live search","https://www.linkedin.com/jobs/search/?keywords=Technology%20Delivery%20Manager&location=Oman&sortBy=DD"
"offline-medical-274","IT Service Delivery Manager — Oman","LinkedIn","Live Search","Oman","Oman","Oman","High","Monitoring","","2026-07-21","Generated monitoring search for offline coverage. Open the source and verify any named vacancy before applying.","Generated live search","https://www.linkedin.com/jobs/search/?keywords=IT%20Service%20Delivery%20Manager&location=Oman&sortBy=DD"
"offline-medical-275","Technical Project Manager — Oman","LinkedIn","Live Search","Oman","Oman","Oman","High","Monitoring","","2026-07-21","Generated monitoring search for offline coverage. Open the source and verify any named vacancy before applying.","Generated live search","https://www.linkedin.com/jobs/search/?keywords=Technical%20Project%20Manager&location=Oman&sortBy=DD"
"offline-medical-276","Program Management Office Lead — Oman","LinkedIn","Live Search","Oman","Oman","Oman","High","Monitoring","","2026-07-21","Generated monitoring search for offline coverage. Open the source and verify any named vacancy before applying.","Generated live search","https://www.linkedin.com/jobs/search/?keywords=Program%20Management%20Office%20Lead&location=Oman&sortBy=DD"
"offline-medical-277","Technology Strategy Manager — Oman","LinkedIn","Live Search","Oman","Oman","Oman","High","Monitoring","","2026-07-21","Generated monitoring search for offline coverage. Open the source and verify any named vacancy before applying.","Generated live search","https://www.linkedin.com/jobs/search/?keywords=Technology%20Strategy%20Manager&location=Oman&sortBy=DD"
"offline-medical-278","ICT Manager — Oman","LinkedIn","Live Search","Oman","Oman","Oman","High","Monitoring","","2026-07-21","Generated monitoring search for offline coverage. Open the source and verify any named vacancy before applying.","Generated live search","https://www.linkedin.com/jobs/search/?keywords=ICT%20Manager&location=Oman&sortBy=DD"
"offline-medical-279","Regional IT Manager — Oman","LinkedIn","Live Search","Oman","Oman","Oman","High","Monitoring","","2026-07-21","Generated monitoring search for offline coverage. Open the source and verify any named vacancy before applying.","Generated live search","https://www.linkedin.com/jobs/search/?keywords=Regional%20IT%20Manager&location=Oman&sortBy=DD"
"offline-medical-280","Country IT Manager — Oman","LinkedIn","Live Search","Oman","Oman","Oman","High","Monitoring","","2026-07-21","Generated monitoring search for offline coverage. Open the source and verify any named vacancy before applying.","Generated live search","https://www.linkedin.com/jobs/search/?keywords=Country%20IT%20Manager&location=Oman&sortBy=DD"
"offline-medical-281","Technical Team Lead — Oman","LinkedIn","Live Search","Oman","Oman","Oman","High","Monitoring","","2026-07-21","Generated monitoring search for offline coverage. Open the source and verify any named vacancy before applying.","Generated live search","https://www.linkedin.com/jobs/search/?keywords=Technical%20Team%20Lead&location=Oman&sortBy=DD"
"offline-medical-282","Enterprise Systems Lead — Oman","LinkedIn","Live Search","Oman","Oman","Oman","High","Monitoring","","2026-07-21","Generated monitoring search for offline coverage. Open the source and verify any named vacancy before applying.","Generated live search","https://www.linkedin.com/jobs/search/?keywords=Enterprise%20Systems%20Lead&location=Oman&sortBy=DD"
"offline-medical-283","Chief Information Officer — Bahrain","LinkedIn","Live Search","Bahrain","Bahrain","Bahrain","High","Monitoring","","2026-07-21","Generated monitoring search for offline coverage. Open the source and verify any named vacancy before applying.","Generated live search","https://www.linkedin.com/jobs/search/?keywords=Chief%20Information%20Officer&location=Bahrain&sortBy=DD"
"offline-medical-284","Chief Technology Officer — Bahrain","LinkedIn","Live Search","Bahrain","Bahrain","Bahrain","High","Monitoring","","2026-07-21","Generated monitoring search for offline coverage. Open the source and verify any named vacancy before applying.","Generated live search","https://www.linkedin.com/jobs/search/?keywords=Chief%20Technology%20Officer&location=Bahrain&sortBy=DD"
"offline-medical-285","IT Director — Bahrain","LinkedIn","Live Search","Bahrain","Bahrain","Bahrain","High","Monitoring","","2026-07-21","Generated monitoring search for offline coverage. Open the source and verify any named vacancy before applying.","Generated live search","https://www.linkedin.com/jobs/search/?keywords=IT%20Director&location=Bahrain&sortBy=DD"
"offline-medical-286","Director of Digital Transformation — Bahrain","LinkedIn","Live Search","Bahrain","Bahrain","Bahrain","High","Monitoring","","2026-07-21","Generated monitoring search for offline coverage. Open the source and verify any named vacancy before applying.","Generated live search","https://www.linkedin.com/jobs/search/?keywords=Director%20of%20Digital%20Transformation&location=Bahrain&sortBy=DD"
"offline-medical-287","Head of Information Systems — Bahrain","LinkedIn","Live Search","Bahrain","Bahrain","Bahrain","High","Monitoring","","2026-07-21","Generated monitoring search for offline coverage. Open the source and verify any named vacancy before applying.","Generated live search","https://www.linkedin.com/jobs/search/?keywords=Head%20of%20Information%20Systems&location=Bahrain&sortBy=DD"
"offline-medical-288","Head of Enterprise Applications — Bahrain","LinkedIn","Live Search","Bahrain","Bahrain","Bahrain","High","Monitoring","","2026-07-21","Generated monitoring search for offline coverage. Open the source and verify any named vacancy before applying.","Generated live search","https://www.linkedin.com/jobs/search/?keywords=Head%20of%20Enterprise%20Applications&location=Bahrain&sortBy=DD"
"offline-medical-289","Head of Digital Transformation — Bahrain","LinkedIn","Live Search","Bahrain","Bahrain","Bahrain","High","Monitoring","","2026-07-21","Generated monitoring search for offline coverage. Open the source and verify any named vacancy before applying.","Generated live search","https://www.linkedin.com/jobs/search/?keywords=Head%20of%20Digital%20Transformation&location=Bahrain&sortBy=DD"
"offline-medical-290","Enterprise Architect — Bahrain","LinkedIn","Live Search","Bahrain","Bahrain","Bahrain","High","Monitoring","","2026-07-21","Generated monitoring search for offline coverage. Open the source and verify any named vacancy before applying.","Generated live search","https://www.linkedin.com/jobs/search/?keywords=Enterprise%20Architect&location=Bahrain&sortBy=DD"
"offline-medical-291","Solution Architect — Bahrain","LinkedIn","Live Search","Bahrain","Bahrain","Bahrain","High","Monitoring","","2026-07-21","Generated monitoring search for offline coverage. Open the source and verify any named vacancy before applying.","Generated live search","https://www.linkedin.com/jobs/search/?keywords=Solution%20Architect&location=Bahrain&sortBy=DD"
"offline-medical-292","Business Architect — Bahrain","LinkedIn","Live Search","Bahrain","Bahrain","Bahrain","High","Monitoring","","2026-07-21","Generated monitoring search for offline coverage. Open the source and verify any named vacancy before applying.","Generated live search","https://www.linkedin.com/jobs/search/?keywords=Business%20Architect&location=Bahrain&sortBy=DD"
"offline-medical-293","Technology Architect — Bahrain","LinkedIn","Live Search","Bahrain","Bahrain","Bahrain","High","Monitoring","","2026-07-21","Generated monitoring search for offline coverage. Open the source and verify any named vacancy before applying.","Generated live search","https://www.linkedin.com/jobs/search/?keywords=Technology%20Architect&location=Bahrain&sortBy=DD"
"offline-medical-294","Data Architect — Bahrain","LinkedIn","Live Search","Bahrain","Bahrain","Bahrain","High","Monitoring","","2026-07-21","Generated monitoring search for offline coverage. Open the source and verify any named vacancy before applying.","Generated live search","https://www.linkedin.com/jobs/search/?keywords=Data%20Architect&location=Bahrain&sortBy=DD"
"offline-medical-295","Cloud Architect — Bahrain","LinkedIn","Live Search","Bahrain","Bahrain","Bahrain","High","Monitoring","","2026-07-21","Generated monitoring search for offline coverage. Open the source and verify any named vacancy before applying.","Generated live search","https://www.linkedin.com/jobs/search/?keywords=Cloud%20Architect&location=Bahrain&sortBy=DD"
"offline-medical-296","Integration Architect — Bahrain","LinkedIn","Live Search","Bahrain","Bahrain","Bahrain","High","Monitoring","","2026-07-21","Generated monitoring search for offline coverage. Open the source and verify any named vacancy before applying.","Generated live search","https://www.linkedin.com/jobs/search/?keywords=Integration%20Architect&location=Bahrain&sortBy=DD"
"offline-medical-297","Applications Manager — Bahrain","LinkedIn","Live Search","Bahrain","Bahrain","Bahrain","High","Monitoring","","2026-07-21","Generated monitoring search for offline coverage. Open the source and verify any named vacancy before applying.","Generated live search","https://www.linkedin.com/jobs/search/?keywords=Applications%20Manager&location=Bahrain&sortBy=DD"
"offline-medical-298","Enterprise Applications Manager — Bahrain","LinkedIn","Live Search","Bahrain","Bahrain","Bahrain","High","Monitoring","","2026-07-21","Generated monitoring search for offline coverage. Open the source and verify any named vacancy before applying.","Generated live search","https://www.linkedin.com/jobs/search/?keywords=Enterprise%20Applications%20Manager&location=Bahrain&sortBy=DD"
"offline-medical-299","Systems Manager — Bahrain","LinkedIn","Live Search","Bahrain","Bahrain","Bahrain","High","Monitoring","","2026-07-21","Generated monitoring search for offline coverage. Open the source and verify any named vacancy before applying.","Generated live search","https://www.linkedin.com/jobs/search/?keywords=Systems%20Manager&location=Bahrain&sortBy=DD"
"offline-medical-300","Information Systems Manager — Bahrain","LinkedIn","Live Search","Bahrain","Bahrain","Bahrain","High","Monitoring","","2026-07-21","Generated monitoring search for offline coverage. Open the source and verify any named vacancy before applying.","Generated live search","https://www.linkedin.com/jobs/search/?keywords=Information%20Systems%20Manager&location=Bahrain&sortBy=DD"
"offline-medical-301","IT Operations Manager — Bahrain","LinkedIn","Live Search","Bahrain","Bahrain","Bahrain","High","Monitoring","","2026-07-21","Generated monitoring search for offline coverage. Open the source and verify any named vacancy before applying.","Generated live search","https://www.linkedin.com/jobs/search/?keywords=IT%20Operations%20Manager&location=Bahrain&sortBy=DD"
"offline-medical-302","Infrastructure Manager — Bahrain","LinkedIn","Live Search","Bahrain","Bahrain","Bahrain","High","Monitoring","","2026-07-21","Generated monitoring search for offline coverage. Open the source and verify any named vacancy before applying.","Generated live search","https://www.linkedin.com/jobs/search/?keywords=Infrastructure%20Manager&location=Bahrain&sortBy=DD"
"offline-medical-303","Digital Transformation Manager — Bahrain","LinkedIn","Live Search","Bahrain","Bahrain","Bahrain","High","Monitoring","","2026-07-21","Generated monitoring search for offline coverage. Open the source and verify any named vacancy before applying.","Generated live search","https://www.linkedin.com/jobs/search/?keywords=Digital%20Transformation%20Manager&location=Bahrain&sortBy=DD"
"offline-medical-304","Digital Program Manager — Bahrain","LinkedIn","Live Search","Bahrain","Bahrain","Bahrain","High","Monitoring","","2026-07-21","Generated monitoring search for offline coverage. Open the source and verify any named vacancy before applying.","Generated live search","https://www.linkedin.com/jobs/search/?keywords=Digital%20Program%20Manager&location=Bahrain&sortBy=DD"
"offline-medical-305","Technology Program Manager — Bahrain","LinkedIn","Live Search","Bahrain","Bahrain","Bahrain","High","Monitoring","","2026-07-21","Generated monitoring search for offline coverage. Open the source and verify any named vacancy before applying.","Generated live search","https://www.linkedin.com/jobs/search/?keywords=Technology%20Program%20Manager&location=Bahrain&sortBy=DD"
"offline-medical-306","IT Program Manager — Bahrain","LinkedIn","Live Search","Bahrain","Bahrain","Bahrain","High","Monitoring","","2026-07-21","Generated monitoring search for offline coverage. Open the source and verify any named vacancy before applying.","Generated live search","https://www.linkedin.com/jobs/search/?keywords=IT%20Program%20Manager&location=Bahrain&sortBy=DD"
"offline-medical-307","IT Governance Manager — Bahrain","LinkedIn","Live Search","Bahrain","Bahrain","Bahrain","High","Monitoring","","2026-07-21","Generated monitoring search for offline coverage. Open the source and verify any named vacancy before applying.","Generated live search","https://www.linkedin.com/jobs/search/?keywords=IT%20Governance%20Manager&location=Bahrain&sortBy=DD"
"offline-medical-308","Data Governance Lead — Bahrain","LinkedIn","Live Search","Bahrain","Bahrain","Bahrain","High","Monitoring","","2026-07-21","Generated monitoring search for offline coverage. Open the source and verify any named vacancy before applying.","Generated live search","https://www.linkedin.com/jobs/search/?keywords=Data%20Governance%20Lead&location=Bahrain&sortBy=DD"
"offline-medical-309","AI Governance Lead — Bahrain","LinkedIn","Live Search","Bahrain","Bahrain","Bahrain","High","Monitoring","","2026-07-21","Generated monitoring search for offline coverage. Open the source and verify any named vacancy before applying.","Generated live search","https://www.linkedin.com/jobs/search/?keywords=AI%20Governance%20Lead&location=Bahrain&sortBy=DD"
"offline-medical-310","Cybersecurity Governance Manager — Bahrain","LinkedIn","Live Search","Bahrain","Bahrain","Bahrain","High","Monitoring","","2026-07-21","Generated monitoring search for offline coverage. Open the source and verify any named vacancy before applying.","Generated live search","https://www.linkedin.com/jobs/search/?keywords=Cybersecurity%20Governance%20Manager&location=Bahrain&sortBy=DD"
"offline-medical-311","Healthcare IT Manager — Bahrain","LinkedIn","Live Search","Bahrain","Bahrain","Bahrain","High","Monitoring","","2026-07-21","Generated monitoring search for offline coverage. Open the source and verify any named vacancy before applying.","Generated live search","https://www.linkedin.com/jobs/search/?keywords=Healthcare%20IT%20Manager&location=Bahrain&sortBy=DD"
"offline-medical-312","Health Information Systems Manager — Bahrain","LinkedIn","Live Search","Bahrain","Bahrain","Bahrain","High","Monitoring","","2026-07-21","Generated monitoring search for offline coverage. Open the source and verify any named vacancy before applying.","Generated live search","https://www.linkedin.com/jobs/search/?keywords=Health%20Information%20Systems%20Manager&location=Bahrain&sortBy=DD"
"offline-medical-313","Digital Health Manager — Bahrain","LinkedIn","Live Search","Bahrain","Bahrain","Bahrain","High","Monitoring","","2026-07-21","Generated monitoring search for offline coverage. Open the source and verify any named vacancy before applying.","Generated live search","https://www.linkedin.com/jobs/search/?keywords=Digital%20Health%20Manager&location=Bahrain&sortBy=DD"
"offline-medical-314","Medical Technology Manager — Bahrain","LinkedIn","Live Search","Bahrain","Bahrain","Bahrain","High","Monitoring","","2026-07-21","Generated monitoring search for offline coverage. Open the source and verify any named vacancy before applying.","Generated live search","https://www.linkedin.com/jobs/search/?keywords=Medical%20Technology%20Manager&location=Bahrain&sortBy=DD"
"offline-medical-315","ERP Manager — Bahrain","LinkedIn","Live Search","Bahrain","Bahrain","Bahrain","High","Monitoring","","2026-07-21","Generated monitoring search for offline coverage. Open the source and verify any named vacancy before applying.","Generated live search","https://www.linkedin.com/jobs/search/?keywords=ERP%20Manager&location=Bahrain&sortBy=DD"
"offline-medical-316","CRM Manager — Bahrain","LinkedIn","Live Search","Bahrain","Bahrain","Bahrain","High","Monitoring","","2026-07-21","Generated monitoring search for offline coverage. Open the source and verify any named vacancy before applying.","Generated live search","https://www.linkedin.com/jobs/search/?keywords=CRM%20Manager&location=Bahrain&sortBy=DD"
"offline-medical-317","Business Intelligence Manager — Bahrain","LinkedIn","Live Search","Bahrain","Bahrain","Bahrain","High","Monitoring","","2026-07-21","Generated monitoring search for offline coverage. Open the source and verify any named vacancy before applying.","Generated live search","https://www.linkedin.com/jobs/search/?keywords=Business%20Intelligence%20Manager&location=Bahrain&sortBy=DD"
"offline-medical-318","Data Platform Manager — Bahrain","LinkedIn","Live Search","Bahrain","Bahrain","Bahrain","High","Monitoring","","2026-07-21","Generated monitoring search for offline coverage. Open the source and verify any named vacancy before applying.","Generated live search","https://www.linkedin.com/jobs/search/?keywords=Data%20Platform%20Manager&location=Bahrain&sortBy=DD"
"offline-medical-319","Data Warehouse Manager — Bahrain","LinkedIn","Live Search","Bahrain","Bahrain","Bahrain","High","Monitoring","","2026-07-21","Generated monitoring search for offline coverage. Open the source and verify any named vacancy before applying.","Generated live search","https://www.linkedin.com/jobs/search/?keywords=Data%20Warehouse%20Manager&location=Bahrain&sortBy=DD"
"offline-medical-320","Technology Delivery Manager — Bahrain","LinkedIn","Live Search","Bahrain","Bahrain","Bahrain","High","Monitoring","","2026-07-21","Generated monitoring search for offline coverage. Open the source and verify any named vacancy before applying.","Generated live search","https://www.linkedin.com/jobs/search/?keywords=Technology%20Delivery%20Manager&location=Bahrain&sortBy=DD"
"offline-medical-321","IT Service Delivery Manager — Bahrain","LinkedIn","Live Search","Bahrain","Bahrain","Bahrain","High","Monitoring","","2026-07-21","Generated monitoring search for offline coverage. Open the source and verify any named vacancy before applying.","Generated live search","https://www.linkedin.com/jobs/search/?keywords=IT%20Service%20Delivery%20Manager&location=Bahrain&sortBy=DD"
"offline-medical-322","Technical Project Manager — Bahrain","LinkedIn","Live Search","Bahrain","Bahrain","Bahrain","High","Monitoring","","2026-07-21","Generated monitoring search for offline coverage. Open the source and verify any named vacancy before applying.","Generated live search","https://www.linkedin.com/jobs/search/?keywords=Technical%20Project%20Manager&location=Bahrain&sortBy=DD"
"offline-medical-323","Program Management Office Lead — Bahrain","LinkedIn","Live Search","Bahrain","Bahrain","Bahrain","High","Monitoring","","2026-07-21","Generated monitoring search for offline coverage. Open the source and verify any named vacancy before applying.","Generated live search","https://www.linkedin.com/jobs/search/?keywords=Program%20Management%20Office%20Lead&location=Bahrain&sortBy=DD"
"offline-medical-324","Technology Strategy Manager — Bahrain","LinkedIn","Live Search","Bahrain","Bahrain","Bahrain","High","Monitoring","","2026-07-21","Generated monitoring search for offline coverage. Open the source and verify any named vacancy before applying.","Generated live search","https://www.linkedin.com/jobs/search/?keywords=Technology%20Strategy%20Manager&location=Bahrain&sortBy=DD"
"offline-medical-325","ICT Manager — Bahrain","LinkedIn","Live Search","Bahrain","Bahrain","Bahrain","High","Monitoring","","2026-07-21","Generated monitoring search for offline coverage. Open the source and verify any named vacancy before applying.","Generated live search","https://www.linkedin.com/jobs/search/?keywords=ICT%20Manager&location=Bahrain&sortBy=DD"
"offline-medical-326","Regional IT Manager — Bahrain","LinkedIn","Live Search","Bahrain","Bahrain","Bahrain","High","Monitoring","","2026-07-21","Generated monitoring search for offline coverage. Open the source and verify any named vacancy before applying.","Generated live search","https://www.linkedin.com/jobs/search/?keywords=Regional%20IT%20Manager&location=Bahrain&sortBy=DD"
"offline-medical-327","Country IT Manager — Bahrain","LinkedIn","Live Search","Bahrain","Bahrain","Bahrain","High","Monitoring","","2026-07-21","Generated monitoring search for offline coverage. Open the source and verify any named vacancy before applying.","Generated live search","https://www.linkedin.com/jobs/search/?keywords=Country%20IT%20Manager&location=Bahrain&sortBy=DD"
"offline-medical-328","Technical Team Lead — Bahrain","LinkedIn","Live Search","Bahrain","Bahrain","Bahrain","High","Monitoring","","2026-07-21","Generated monitoring search for offline coverage. Open the source and verify any named vacancy before applying.","Generated live search","https://www.linkedin.com/jobs/search/?keywords=Technical%20Team%20Lead&location=Bahrain&sortBy=DD"
"offline-medical-329","Enterprise Systems Lead — Bahrain","LinkedIn","Live Search","Bahrain","Bahrain","Bahrain","High","Monitoring","","2026-07-21","Generated monitoring search for offline coverage. Open the source and verify any named vacancy before applying.","Generated live search","https://www.linkedin.com/jobs/search/?keywords=Enterprise%20Systems%20Lead&location=Bahrain&sortBy=DD"
"offline-medical-330","Chief Information Officer — GCC","LinkedIn","Live Search","GCC","GCC","GCC","High","Monitoring","","2026-07-21","Generated monitoring search for offline coverage. Open the source and verify any named vacancy before applying.","Generated live search","https://www.linkedin.com/jobs/search/?keywords=Chief%20Information%20Officer&location=GCC&sortBy=DD"
"offline-medical-331","Chief Technology Officer — GCC","LinkedIn","Live Search","GCC","GCC","GCC","High","Monitoring","","2026-07-21","Generated monitoring search for offline coverage. Open the source and verify any named vacancy before applying.","Generated live search","https://www.linkedin.com/jobs/search/?keywords=Chief%20Technology%20Officer&location=GCC&sortBy=DD"
"offline-medical-332","IT Director — GCC","LinkedIn","Live Search","GCC","GCC","GCC","High","Monitoring","","2026-07-21","Generated monitoring search for offline coverage. Open the source and verify any named vacancy before applying.","Generated live search","https://www.linkedin.com/jobs/search/?keywords=IT%20Director&location=GCC&sortBy=DD"
"offline-medical-333","Director of Digital Transformation — GCC","LinkedIn","Live Search","GCC","GCC","GCC","High","Monitoring","","2026-07-21","Generated monitoring search for offline coverage. Open the source and verify any named vacancy before applying.","Generated live search","https://www.linkedin.com/jobs/search/?keywords=Director%20of%20Digital%20Transformation&location=GCC&sortBy=DD"
"offline-medical-334","Head of Information Systems — GCC","LinkedIn","Live Search","GCC","GCC","GCC","High","Monitoring","","2026-07-21","Generated monitoring search for offline coverage. Open the source and verify any named vacancy before applying.","Generated live search","https://www.linkedin.com/jobs/search/?keywords=Head%20of%20Information%20Systems&location=GCC&sortBy=DD"
"offline-medical-335","Head of Enterprise Applications — GCC","LinkedIn","Live Search","GCC","GCC","GCC","High","Monitoring","","2026-07-21","Generated monitoring search for offline coverage. Open the source and verify any named vacancy before applying.","Generated live search","https://www.linkedin.com/jobs/search/?keywords=Head%20of%20Enterprise%20Applications&location=GCC&sortBy=DD"
"offline-medical-336","Head of Digital Transformation — GCC","LinkedIn","Live Search","GCC","GCC","GCC","High","Monitoring","","2026-07-21","Generated monitoring search for offline coverage. Open the source and verify any named vacancy before applying.","Generated live search","https://www.linkedin.com/jobs/search/?keywords=Head%20of%20Digital%20Transformation&location=GCC&sortBy=DD"
"offline-medical-337","Enterprise Architect — GCC","LinkedIn","Live Search","GCC","GCC","GCC","High","Monitoring","","2026-07-21","Generated monitoring search for offline coverage. Open the source and verify any named vacancy before applying.","Generated live search","https://www.linkedin.com/jobs/search/?keywords=Enterprise%20Architect&location=GCC&sortBy=DD"
"offline-medical-338","Solution Architect — GCC","LinkedIn","Live Search","GCC","GCC","GCC","High","Monitoring","","2026-07-21","Generated monitoring search for offline coverage. Open the source and verify any named vacancy before applying.","Generated live search","https://www.linkedin.com/jobs/search/?keywords=Solution%20Architect&location=GCC&sortBy=DD"
"offline-medical-339","Business Architect — GCC","LinkedIn","Live Search","GCC","GCC","GCC","High","Monitoring","","2026-07-21","Generated monitoring search for offline coverage. Open the source and verify any named vacancy before applying.","Generated live search","https://www.linkedin.com/jobs/search/?keywords=Business%20Architect&location=GCC&sortBy=DD"
"offline-medical-340","Technology Architect — GCC","LinkedIn","Live Search","GCC","GCC","GCC","High","Monitoring","","2026-07-21","Generated monitoring search for offline coverage. Open the source and verify any named vacancy before applying.","Generated live search","https://www.linkedin.com/jobs/search/?keywords=Technology%20Architect&location=GCC&sortBy=DD"
"offline-medical-341","Data Architect — GCC","LinkedIn","Live Search","GCC","GCC","GCC","High","Monitoring","","2026-07-21","Generated monitoring search for offline coverage. Open the source and verify any named vacancy before applying.","Generated live search","https://www.linkedin.com/jobs/search/?keywords=Data%20Architect&location=GCC&sortBy=DD"
"offline-medical-342","Cloud Architect — GCC","LinkedIn","Live Search","GCC","GCC","GCC","High","Monitoring","","2026-07-21","Generated monitoring search for offline coverage. Open the source and verify any named vacancy before applying.","Generated live search","https://www.linkedin.com/jobs/search/?keywords=Cloud%20Architect&location=GCC&sortBy=DD"
"offline-medical-343","Integration Architect — GCC","LinkedIn","Live Search","GCC","GCC","GCC","High","Monitoring","","2026-07-21","Generated monitoring search for offline coverage. Open the source and verify any named vacancy before applying.","Generated live search","https://www.linkedin.com/jobs/search/?keywords=Integration%20Architect&location=GCC&sortBy=DD"
"offline-medical-344","Applications Manager — GCC","LinkedIn","Live Search","GCC","GCC","GCC","High","Monitoring","","2026-07-21","Generated monitoring search for offline coverage. Open the source and verify any named vacancy before applying.","Generated live search","https://www.linkedin.com/jobs/search/?keywords=Applications%20Manager&location=GCC&sortBy=DD"
"offline-medical-345","Enterprise Applications Manager — GCC","LinkedIn","Live Search","GCC","GCC","GCC","High","Monitoring","","2026-07-21","Generated monitoring search for offline coverage. Open the source and verify any named vacancy before applying.","Generated live search","https://www.linkedin.com/jobs/search/?keywords=Enterprise%20Applications%20Manager&location=GCC&sortBy=DD"
"offline-medical-346","Systems Manager — GCC","LinkedIn","Live Search","GCC","GCC","GCC","High","Monitoring","","2026-07-21","Generated monitoring search for offline coverage. Open the source and verify any named vacancy before applying.","Generated live search","https://www.linkedin.com/jobs/search/?keywords=Systems%20Manager&location=GCC&sortBy=DD"
"offline-medical-347","Information Systems Manager — GCC","LinkedIn","Live Search","GCC","GCC","GCC","High","Monitoring","","2026-07-21","Generated monitoring search for offline coverage. Open the source and verify any named vacancy before applying.","Generated live search","https://www.linkedin.com/jobs/search/?keywords=Information%20Systems%20Manager&location=GCC&sortBy=DD"
"offline-medical-348","IT Operations Manager — GCC","LinkedIn","Live Search","GCC","GCC","GCC","High","Monitoring","","2026-07-21","Generated monitoring search for offline coverage. Open the source and verify any named vacancy before applying.","Generated live search","https://www.linkedin.com/jobs/search/?keywords=IT%20Operations%20Manager&location=GCC&sortBy=DD"
"offline-medical-349","Infrastructure Manager — GCC","LinkedIn","Live Search","GCC","GCC","GCC","High","Monitoring","","2026-07-21","Generated monitoring search for offline coverage. Open the source and verify any named vacancy before applying.","Generated live search","https://www.linkedin.com/jobs/search/?keywords=Infrastructure%20Manager&location=GCC&sortBy=DD"
"offline-medical-350","Digital Transformation Manager — GCC","LinkedIn","Live Search","GCC","GCC","GCC","High","Monitoring","","2026-07-21","Generated monitoring search for offline coverage. Open the source and verify any named vacancy before applying.","Generated live search","https://www.linkedin.com/jobs/search/?keywords=Digital%20Transformation%20Manager&location=GCC&sortBy=DD"
"offline-medical-351","Digital Program Manager — GCC","LinkedIn","Live Search","GCC","GCC","GCC","High","Monitoring","","2026-07-21","Generated monitoring search for offline coverage. Open the source and verify any named vacancy before applying.","Generated live search","https://www.linkedin.com/jobs/search/?keywords=Digital%20Program%20Manager&location=GCC&sortBy=DD"
"offline-medical-352","Technology Program Manager — GCC","LinkedIn","Live Search","GCC","GCC","GCC","High","Monitoring","","2026-07-21","Generated monitoring search for offline coverage. Open the source and verify any named vacancy before applying.","Generated live search","https://www.linkedin.com/jobs/search/?keywords=Technology%20Program%20Manager&location=GCC&sortBy=DD"
"offline-medical-353","IT Program Manager — GCC","LinkedIn","Live Search","GCC","GCC","GCC","High","Monitoring","","2026-07-21","Generated monitoring search for offline coverage. Open the source and verify any named vacancy before applying.","Generated live search","https://www.linkedin.com/jobs/search/?keywords=IT%20Program%20Manager&location=GCC&sortBy=DD"
"offline-medical-354","IT Governance Manager — GCC","LinkedIn","Live Search","GCC","GCC","GCC","High","Monitoring","","2026-07-21","Generated monitoring search for offline coverage. Open the source and verify any named vacancy before applying.","Generated live search","https://www.linkedin.com/jobs/search/?keywords=IT%20Governance%20Manager&location=GCC&sortBy=DD"
"offline-medical-355","Data Governance Lead — GCC","LinkedIn","Live Search","GCC","GCC","GCC","High","Monitoring","","2026-07-21","Generated monitoring search for offline coverage. Open the source and verify any named vacancy before applying.","Generated live search","https://www.linkedin.com/jobs/search/?keywords=Data%20Governance%20Lead&location=GCC&sortBy=DD"
"offline-medical-356","AI Governance Lead — GCC","LinkedIn","Live Search","GCC","GCC","GCC","High","Monitoring","","2026-07-21","Generated monitoring search for offline coverage. Open the source and verify any named vacancy before applying.","Generated live search","https://www.linkedin.com/jobs/search/?keywords=AI%20Governance%20Lead&location=GCC&sortBy=DD"
"offline-medical-357","Cybersecurity Governance Manager — GCC","LinkedIn","Live Search","GCC","GCC","GCC","High","Monitoring","","2026-07-21","Generated monitoring search for offline coverage. Open the source and verify any named vacancy before applying.","Generated live search","https://www.linkedin.com/jobs/search/?keywords=Cybersecurity%20Governance%20Manager&location=GCC&sortBy=DD"
"offline-medical-358","Healthcare IT Manager — GCC","LinkedIn","Live Search","GCC","GCC","GCC","High","Monitoring","","2026-07-21","Generated monitoring search for offline coverage. Open the source and verify any named vacancy before applying.","Generated live search","https://www.linkedin.com/jobs/search/?keywords=Healthcare%20IT%20Manager&location=GCC&sortBy=DD"
"offline-medical-359","Health Information Systems Manager — GCC","LinkedIn","Live Search","GCC","GCC","GCC","High","Monitoring","","2026-07-21","Generated monitoring search for offline coverage. Open the source and verify any named vacancy before applying.","Generated live search","https://www.linkedin.com/jobs/search/?keywords=Health%20Information%20Systems%20Manager&location=GCC&sortBy=DD"
"offline-medical-360","Digital Health Manager — GCC","LinkedIn","Live Search","GCC","GCC","GCC","High","Monitoring","","2026-07-21","Generated monitoring search for offline coverage. Open the source and verify any named vacancy before applying.","Generated live search","https://www.linkedin.com/jobs/search/?keywords=Digital%20Health%20Manager&location=GCC&sortBy=DD"
"offline-medical-361","Medical Technology Manager — GCC","LinkedIn","Live Search","GCC","GCC","GCC","High","Monitoring","","2026-07-21","Generated monitoring search for offline coverage. Open the source and verify any named vacancy before applying.","Generated live search","https://www.linkedin.com/jobs/search/?keywords=Medical%20Technology%20Manager&location=GCC&sortBy=DD"
"offline-medical-362","ERP Manager — GCC","LinkedIn","Live Search","GCC","GCC","GCC","High","Monitoring","","2026-07-21","Generated monitoring search for offline coverage. Open the source and verify any named vacancy before applying.","Generated live search","https://www.linkedin.com/jobs/search/?keywords=ERP%20Manager&location=GCC&sortBy=DD"
"offline-medical-363","CRM Manager — GCC","LinkedIn","Live Search","GCC","GCC","GCC","High","Monitoring","","2026-07-21","Generated monitoring search for offline coverage. Open the source and verify any named vacancy before applying.","Generated live search","https://www.linkedin.com/jobs/search/?keywords=CRM%20Manager&location=GCC&sortBy=DD"
"offline-medical-364","Business Intelligence Manager — GCC","LinkedIn","Live Search","GCC","GCC","GCC","High","Monitoring","","2026-07-21","Generated monitoring search for offline coverage. Open the source and verify any named vacancy before applying.","Generated live search","https://www.linkedin.com/jobs/search/?keywords=Business%20Intelligence%20Manager&location=GCC&sortBy=DD"
"offline-medical-365","Data Platform Manager — GCC","LinkedIn","Live Search","GCC","GCC","GCC","High","Monitoring","","2026-07-21","Generated monitoring search for offline coverage. Open the source and verify any named vacancy before applying.","Generated live search","https://www.linkedin.com/jobs/search/?keywords=Data%20Platform%20Manager&location=GCC&sortBy=DD"
"offline-medical-366","Data Warehouse Manager — GCC","LinkedIn","Live Search","GCC","GCC","GCC","High","Monitoring","","2026-07-21","Generated monitoring search for offline coverage. Open the source and verify any named vacancy before applying.","Generated live search","https://www.linkedin.com/jobs/search/?keywords=Data%20Warehouse%20Manager&location=GCC&sortBy=DD"
"offline-medical-367","Technology Delivery Manager — GCC","LinkedIn","Live Search","GCC","GCC","GCC","High","Monitoring","","2026-07-21","Generated monitoring search for offline coverage. Open the source and verify any named vacancy before applying.","Generated live search","https://www.linkedin.com/jobs/search/?keywords=Technology%20Delivery%20Manager&location=GCC&sortBy=DD"
"offline-medical-368","IT Service Delivery Manager — GCC","LinkedIn","Live Search","GCC","GCC","GCC","High","Monitoring","","2026-07-21","Generated monitoring search for offline coverage. Open the source and verify any named vacancy before applying.","Generated live search","https://www.linkedin.com/jobs/search/?keywords=IT%20Service%20Delivery%20Manager&location=GCC&sortBy=DD"
"offline-medical-369","Technical Project Manager — GCC","LinkedIn","Live Search","GCC","GCC","GCC","High","Monitoring","","2026-07-21","Generated monitoring search for offline coverage. Open the source and verify any named vacancy before applying.","Generated live search","https://www.linkedin.com/jobs/search/?keywords=Technical%20Project%20Manager&location=GCC&sortBy=DD"
"offline-medical-370","Program Management Office Lead — GCC","LinkedIn","Live Search","GCC","GCC","GCC","High","Monitoring","","2026-07-21","Generated monitoring search for offline coverage. Open the source and verify any named vacancy before applying.","Generated live search","https://www.linkedin.com/jobs/search/?keywords=Program%20Management%20Office%20Lead&location=GCC&sortBy=DD"
"offline-medical-371","Technology Strategy Manager — GCC","LinkedIn","Live Search","GCC","GCC","GCC","High","Monitoring","","2026-07-21","Generated monitoring search for offline coverage. Open the source and verify any named vacancy before applying.","Generated live search","https://www.linkedin.com/jobs/search/?keywords=Technology%20Strategy%20Manager&location=GCC&sortBy=DD"
"offline-medical-372","ICT Manager — GCC","LinkedIn","Live Search","GCC","GCC","GCC","High","Monitoring","","2026-07-21","Generated monitoring search for offline coverage. Open the source and verify any named vacancy before applying.","Generated live search","https://www.linkedin.com/jobs/search/?keywords=ICT%20Manager&location=GCC&sortBy=DD"
"offline-medical-373","Regional IT Manager — GCC","LinkedIn","Live Search","GCC","GCC","GCC","High","Monitoring","","2026-07-21","Generated monitoring search for offline coverage. Open the source and verify any named vacancy before applying.","Generated live search","https://www.linkedin.com/jobs/search/?keywords=Regional%20IT%20Manager&location=GCC&sortBy=DD"
"offline-medical-374","Country IT Manager — GCC","LinkedIn","Live Search","GCC","GCC","GCC","High","Monitoring","","2026-07-21","Generated monitoring search for offline coverage. Open the source and verify any named vacancy before applying.","Generated live search","https://www.linkedin.com/jobs/search/?keywords=Country%20IT%20Manager&location=GCC&sortBy=DD"
"offline-medical-375","Technical Team Lead — GCC","LinkedIn","Live Search","GCC","GCC","GCC","High","Monitoring","","2026-07-21","Generated monitoring search for offline coverage. Open the source and verify any named vacancy before applying.","Generated live search","https://www.linkedin.com/jobs/search/?keywords=Technical%20Team%20Lead&location=GCC&sortBy=DD"
"offline-medical-376","Enterprise Systems Lead — GCC","LinkedIn","Live Search","GCC","GCC","GCC","High","Monitoring","","2026-07-21","Generated monitoring search for offline coverage. Open the source and verify any named vacancy before applying.","Generated live search","https://www.linkedin.com/jobs/search/?keywords=Enterprise%20Systems%20Lead&location=GCC&sortBy=DD"
"offline-medical-377","Chief Information Officer — Middle East","LinkedIn","Live Search","Middle East","Middle East","Middle East","High","Monitoring","","2026-07-21","Generated monitoring search for offline coverage. Open the source and verify any named vacancy before applying.","Generated live search","https://www.linkedin.com/jobs/search/?keywords=Chief%20Information%20Officer&location=Middle%20East&sortBy=DD"
"offline-medical-378","Chief Technology Officer — Middle East","LinkedIn","Live Search","Middle East","Middle East","Middle East","High","Monitoring","","2026-07-21","Generated monitoring search for offline coverage. Open the source and verify any named vacancy before applying.","Generated live search","https://www.linkedin.com/jobs/search/?keywords=Chief%20Technology%20Officer&location=Middle%20East&sortBy=DD"
"offline-medical-379","IT Director — Middle East","LinkedIn","Live Search","Middle East","Middle East","Middle East","High","Monitoring","","2026-07-21","Generated monitoring search for offline coverage. Open the source and verify any named vacancy before applying.","Generated live search","https://www.linkedin.com/jobs/search/?keywords=IT%20Director&location=Middle%20East&sortBy=DD"
"offline-medical-380","Director of Digital Transformation — Middle East","LinkedIn","Live Search","Middle East","Middle East","Middle East","High","Monitoring","","2026-07-21","Generated monitoring search for offline coverage. Open the source and verify any named vacancy before applying.","Generated live search","https://www.linkedin.com/jobs/search/?keywords=Director%20of%20Digital%20Transformation&location=Middle%20East&sortBy=DD"
"offline-medical-381","Head of Information Systems — Middle East","LinkedIn","Live Search","Middle East","Middle East","Middle East","High","Monitoring","","2026-07-21","Generated monitoring search for offline coverage. Open the source and verify any named vacancy before applying.","Generated live search","https://www.linkedin.com/jobs/search/?keywords=Head%20of%20Information%20Systems&location=Middle%20East&sortBy=DD"
"offline-medical-382","Head of Enterprise Applications — Middle East","LinkedIn","Live Search","Middle East","Middle East","Middle East","High","Monitoring","","2026-07-21","Generated monitoring search for offline coverage. Open the source and verify any named vacancy before applying.","Generated live search","https://www.linkedin.com/jobs/search/?keywords=Head%20of%20Enterprise%20Applications&location=Middle%20East&sortBy=DD"
"offline-medical-383","Head of Digital Transformation — Middle East","LinkedIn","Live Search","Middle East","Middle East","Middle East","High","Monitoring","","2026-07-21","Generated monitoring search for offline coverage. Open the source and verify any named vacancy before applying.","Generated live search","https://www.linkedin.com/jobs/search/?keywords=Head%20of%20Digital%20Transformation&location=Middle%20East&sortBy=DD"
"offline-medical-384","Enterprise Architect — Middle East","LinkedIn","Live Search","Middle East","Middle East","Middle East","High","Monitoring","","2026-07-21","Generated monitoring search for offline coverage. Open the source and verify any named vacancy before applying.","Generated live search","https://www.linkedin.com/jobs/search/?keywords=Enterprise%20Architect&location=Middle%20East&sortBy=DD"
"offline-medical-385","Solution Architect — Middle East","LinkedIn","Live Search","Middle East","Middle East","Middle East","High","Monitoring","","2026-07-21","Generated monitoring search for offline coverage. Open the source and verify any named vacancy before applying.","Generated live search","https://www.linkedin.com/jobs/search/?keywords=Solution%20Architect&location=Middle%20East&sortBy=DD"
"offline-medical-386","Business Architect — Middle East","LinkedIn","Live Search","Middle East","Middle East","Middle East","High","Monitoring","","2026-07-21","Generated monitoring search for offline coverage. Open the source and verify any named vacancy before applying.","Generated live search","https://www.linkedin.com/jobs/search/?keywords=Business%20Architect&location=Middle%20East&sortBy=DD"
"offline-medical-387","Technology Architect — Middle East","LinkedIn","Live Search","Middle East","Middle East","Middle East","High","Monitoring","","2026-07-21","Generated monitoring search for offline coverage. Open the source and verify any named vacancy before applying.","Generated live search","https://www.linkedin.com/jobs/search/?keywords=Technology%20Architect&location=Middle%20East&sortBy=DD"
"offline-medical-388","Data Architect — Middle East","LinkedIn","Live Search","Middle East","Middle East","Middle East","High","Monitoring","","2026-07-21","Generated monitoring search for offline coverage. Open the source and verify any named vacancy before applying.","Generated live search","https://www.linkedin.com/jobs/search/?keywords=Data%20Architect&location=Middle%20East&sortBy=DD"
"offline-medical-389","Cloud Architect — Middle East","LinkedIn","Live Search","Middle East","Middle East","Middle East","High","Monitoring","","2026-07-21","Generated monitoring search for offline coverage. Open the source and verify any named vacancy before applying.","Generated live search","https://www.linkedin.com/jobs/search/?keywords=Cloud%20Architect&location=Middle%20East&sortBy=DD"
"offline-medical-390","Integration Architect — Middle East","LinkedIn","Live Search","Middle East","Middle East","Middle East","High","Monitoring","","2026-07-21","Generated monitoring search for offline coverage. Open the source and verify any named vacancy before applying.","Generated live search","https://www.linkedin.com/jobs/search/?keywords=Integration%20Architect&location=Middle%20East&sortBy=DD"
"offline-medical-391","Applications Manager — Middle East","LinkedIn","Live Search","Middle East","Middle East","Middle East","High","Monitoring","","2026-07-21","Generated monitoring search for offline coverage. Open the source and verify any named vacancy before applying.","Generated live search","https://www.linkedin.com/jobs/search/?keywords=Applications%20Manager&location=Middle%20East&sortBy=DD"
"offline-medical-392","Enterprise Applications Manager — Middle East","LinkedIn","Live Search","Middle East","Middle East","Middle East","High","Monitoring","","2026-07-21","Generated monitoring search for offline coverage. Open the source and verify any named vacancy before applying.","Generated live search","https://www.linkedin.com/jobs/search/?keywords=Enterprise%20Applications%20Manager&location=Middle%20East&sortBy=DD"
"offline-medical-393","Systems Manager — Middle East","LinkedIn","Live Search","Middle East","Middle East","Middle East","High","Monitoring","","2026-07-21","Generated monitoring search for offline coverage. Open the source and verify any named vacancy before applying.","Generated live search","https://www.linkedin.com/jobs/search/?keywords=Systems%20Manager&location=Middle%20East&sortBy=DD"
"offline-medical-394","Information Systems Manager — Middle East","LinkedIn","Live Search","Middle East","Middle East","Middle East","High","Monitoring","","2026-07-21","Generated monitoring search for offline coverage. Open the source and verify any named vacancy before applying.","Generated live search","https://www.linkedin.com/jobs/search/?keywords=Information%20Systems%20Manager&location=Middle%20East&sortBy=DD"
"offline-medical-395","IT Operations Manager — Middle East","LinkedIn","Live Search","Middle East","Middle East","Middle East","High","Monitoring","","2026-07-21","Generated monitoring search for offline coverage. Open the source and verify any named vacancy before applying.","Generated live search","https://www.linkedin.com/jobs/search/?keywords=IT%20Operations%20Manager&location=Middle%20East&sortBy=DD"
"offline-medical-396","Infrastructure Manager — Middle East","LinkedIn","Live Search","Middle East","Middle East","Middle East","High","Monitoring","","2026-07-21","Generated monitoring search for offline coverage. Open the source and verify any named vacancy before applying.","Generated live search","https://www.linkedin.com/jobs/search/?keywords=Infrastructure%20Manager&location=Middle%20East&sortBy=DD"
"offline-medical-397","Digital Transformation Manager — Middle East","LinkedIn","Live Search","Middle East","Middle East","Middle East","High","Monitoring","","2026-07-21","Generated monitoring search for offline coverage. Open the source and verify any named vacancy before applying.","Generated live search","https://www.linkedin.com/jobs/search/?keywords=Digital%20Transformation%20Manager&location=Middle%20East&sortBy=DD"
"offline-medical-398","Digital Program Manager — Middle East","LinkedIn","Live Search","Middle East","Middle East","Middle East","High","Monitoring","","2026-07-21","Generated monitoring search for offline coverage. Open the source and verify any named vacancy before applying.","Generated live search","https://www.linkedin.com/jobs/search/?keywords=Digital%20Program%20Manager&location=Middle%20East&sortBy=DD"
"offline-medical-399","Technology Program Manager — Middle East","LinkedIn","Live Search","Middle East","Middle East","Middle East","High","Monitoring","","2026-07-21","Generated monitoring search for offline coverage. Open the source and verify any named vacancy before applying.","Generated live search","https://www.linkedin.com/jobs/search/?keywords=Technology%20Program%20Manager&location=Middle%20East&sortBy=DD"
"offline-medical-400","IT Program Manager — Middle East","LinkedIn","Live Search","Middle East","Middle East","Middle East","High","Monitoring","","2026-07-21","Generated monitoring search for offline coverage. Open the source and verify any named vacancy before applying.","Generated live search","https://www.linkedin.com/jobs/search/?keywords=IT%20Program%20Manager&location=Middle%20East&sortBy=DD"
"offline-medical-401","IT Governance Manager — Middle East","LinkedIn","Live Search","Middle East","Middle East","Middle East","High","Monitoring","","2026-07-21","Generated monitoring search for offline coverage. Open the source and verify any named vacancy before applying.","Generated live search","https://www.linkedin.com/jobs/search/?keywords=IT%20Governance%20Manager&location=Middle%20East&sortBy=DD"
"offline-medical-402","Data Governance Lead — Middle East","LinkedIn","Live Search","Middle East","Middle East","Middle East","High","Monitoring","","2026-07-21","Generated monitoring search for offline coverage. Open the source and verify any named vacancy before applying.","Generated live search","https://www.linkedin.com/jobs/search/?keywords=Data%20Governance%20Lead&location=Middle%20East&sortBy=DD"
"offline-medical-403","AI Governance Lead — Middle East","LinkedIn","Live Search","Middle East","Middle East","Middle East","High","Monitoring","","2026-07-21","Generated monitoring search for offline coverage. Open the source and verify any named vacancy before applying.","Generated live search","https://www.linkedin.com/jobs/search/?keywords=AI%20Governance%20Lead&location=Middle%20East&sortBy=DD"
"offline-medical-404","Cybersecurity Governance Manager — Middle East","LinkedIn","Live Search","Middle East","Middle East","Middle East","High","Monitoring","","2026-07-21","Generated monitoring search for offline coverage. Open the source and verify any named vacancy before applying.","Generated live search","https://www.linkedin.com/jobs/search/?keywords=Cybersecurity%20Governance%20Manager&location=Middle%20East&sortBy=DD"
"offline-medical-405","Healthcare IT Manager — Middle East","LinkedIn","Live Search","Middle East","Middle East","Middle East","High","Monitoring","","2026-07-21","Generated monitoring search for offline coverage. Open the source and verify any named vacancy before applying.","Generated live search","https://www.linkedin.com/jobs/search/?keywords=Healthcare%20IT%20Manager&location=Middle%20East&sortBy=DD"
"offline-medical-406","Health Information Systems Manager — Middle East","LinkedIn","Live Search","Middle East","Middle East","Middle East","High","Monitoring","","2026-07-21","Generated monitoring search for offline coverage. Open the source and verify any named vacancy before applying.","Generated live search","https://www.linkedin.com/jobs/search/?keywords=Health%20Information%20Systems%20Manager&location=Middle%20East&sortBy=DD"
"offline-medical-407","Digital Health Manager — Middle East","LinkedIn","Live Search","Middle East","Middle East","Middle East","High","Monitoring","","2026-07-21","Generated monitoring search for offline coverage. Open the source and verify any named vacancy before applying.","Generated live search","https://www.linkedin.com/jobs/search/?keywords=Digital%20Health%20Manager&location=Middle%20East&sortBy=DD"
"offline-medical-408","Medical Technology Manager — Middle East","LinkedIn","Live Search","Middle East","Middle East","Middle East","High","Monitoring","","2026-07-21","Generated monitoring search for offline coverage. Open the source and verify any named vacancy before applying.","Generated live search","https://www.linkedin.com/jobs/search/?keywords=Medical%20Technology%20Manager&location=Middle%20East&sortBy=DD"
"offline-medical-409","ERP Manager — Middle East","LinkedIn","Live Search","Middle East","Middle East","Middle East","High","Monitoring","","2026-07-21","Generated monitoring search for offline coverage. Open the source and verify any named vacancy before applying.","Generated live search","https://www.linkedin.com/jobs/search/?keywords=ERP%20Manager&location=Middle%20East&sortBy=DD"
"offline-medical-410","CRM Manager — Middle East","LinkedIn","Live Search","Middle East","Middle East","Middle East","High","Monitoring","","2026-07-21","Generated monitoring search for offline coverage. Open the source and verify any named vacancy before applying.","Generated live search","https://www.linkedin.com/jobs/search/?keywords=CRM%20Manager&location=Middle%20East&sortBy=DD"
"offline-medical-411","Business Intelligence Manager — Middle East","LinkedIn","Live Search","Middle East","Middle East","Middle East","High","Monitoring","","2026-07-21","Generated monitoring search for offline coverage. Open the source and verify any named vacancy before applying.","Generated live search","https://www.linkedin.com/jobs/search/?keywords=Business%20Intelligence%20Manager&location=Middle%20East&sortBy=DD"
"offline-medical-412","Data Platform Manager — Middle East","LinkedIn","Live Search","Middle East","Middle East","Middle East","High","Monitoring","","2026-07-21","Generated monitoring search for offline coverage. Open the source and verify any named vacancy before applying.","Generated live search","https://www.linkedin.com/jobs/search/?keywords=Data%20Platform%20Manager&location=Middle%20East&sortBy=DD"
"offline-medical-413","Data Warehouse Manager — Middle East","LinkedIn","Live Search","Middle East","Middle East","Middle East","High","Monitoring","","2026-07-21","Generated monitoring search for offline coverage. Open the source and verify any named vacancy before applying.","Generated live search","https://www.linkedin.com/jobs/search/?keywords=Data%20Warehouse%20Manager&location=Middle%20East&sortBy=DD"
"offline-medical-414","Technology Delivery Manager — Middle East","LinkedIn","Live Search","Middle East","Middle East","Middle East","High","Monitoring","","2026-07-21","Generated monitoring search for offline coverage. Open the source and verify any named vacancy before applying.","Generated live search","https://www.linkedin.com/jobs/search/?keywords=Technology%20Delivery%20Manager&location=Middle%20East&sortBy=DD"
"offline-medical-415","IT Service Delivery Manager — Middle East","LinkedIn","Live Search","Middle East","Middle East","Middle East","High","Monitoring","","2026-07-21","Generated monitoring search for offline coverage. Open the source and verify any named vacancy before applying.","Generated live search","https://www.linkedin.com/jobs/search/?keywords=IT%20Service%20Delivery%20Manager&location=Middle%20East&sortBy=DD"
"offline-medical-416","Technical Project Manager — Middle East","LinkedIn","Live Search","Middle East","Middle East","Middle East","High","Monitoring","","2026-07-21","Generated monitoring search for offline coverage. Open the source and verify any named vacancy before applying.","Generated live search","https://www.linkedin.com/jobs/search/?keywords=Technical%20Project%20Manager&location=Middle%20East&sortBy=DD"
"offline-medical-417","Program Management Office Lead — Middle East","LinkedIn","Live Search","Middle East","Middle East","Middle East","High","Monitoring","","2026-07-21","Generated monitoring search for offline coverage. Open the source and verify any named vacancy before applying.","Generated live search","https://www.linkedin.com/jobs/search/?keywords=Program%20Management%20Office%20Lead&location=Middle%20East&sortBy=DD"
"offline-medical-418","Technology Strategy Manager — Middle East","LinkedIn","Live Search","Middle East","Middle East","Middle East","High","Monitoring","","2026-07-21","Generated monitoring search for offline coverage. Open the source and verify any named vacancy before applying.","Generated live search","https://www.linkedin.com/jobs/search/?keywords=Technology%20Strategy%20Manager&location=Middle%20East&sortBy=DD"
"offline-medical-419","ICT Manager — Middle East","LinkedIn","Live Search","Middle East","Middle East","Middle East","High","Monitoring","","2026-07-21","Generated monitoring search for offline coverage. Open the source and verify any named vacancy before applying.","Generated live search","https://www.linkedin.com/jobs/search/?keywords=ICT%20Manager&location=Middle%20East&sortBy=DD"
"offline-medical-420","Regional IT Manager — Middle East","LinkedIn","Live Search","Middle East","Middle East","Middle East","High","Monitoring","","2026-07-21","Generated monitoring search for offline coverage. Open the source and verify any named vacancy before applying.","Generated live search","https://www.linkedin.com/jobs/search/?keywords=Regional%20IT%20Manager&location=Middle%20East&sortBy=DD"
"offline-medical-421","Country IT Manager — Middle East","LinkedIn","Live Search","Middle East","Middle East","Middle East","High","Monitoring","","2026-07-21","Generated monitoring search for offline coverage. Open the source and verify any named vacancy before applying.","Generated live search","https://www.linkedin.com/jobs/search/?keywords=Country%20IT%20Manager&location=Middle%20East&sortBy=DD"
"offline-medical-422","Technical Team Lead — Middle East","LinkedIn","Live Search","Middle East","Middle East","Middle East","High","Monitoring","","2026-07-21","Generated monitoring search for offline coverage. Open the source and verify any named vacancy before applying.","Generated live search","https://www.linkedin.com/jobs/search/?keywords=Technical%20Team%20Lead&location=Middle%20East&sortBy=DD"
"offline-medical-423","Enterprise Systems Lead — Middle East","LinkedIn","Live Search","Middle East","Middle East","Middle East","High","Monitoring","","2026-07-21","Generated monitoring search for offline coverage. Open the source and verify any named vacancy before applying.","Generated live search","https://www.linkedin.com/jobs/search/?keywords=Enterprise%20Systems%20Lead&location=Middle%20East&sortBy=DD"
"offline-medical-424","Chief Information Officer — Jordan","LinkedIn","Live Search","Jordan","Jordan","Jordan","High","Monitoring","","2026-07-21","Generated monitoring search for offline coverage. Open the source and verify any named vacancy before applying.","Generated live search","https://www.linkedin.com/jobs/search/?keywords=Chief%20Information%20Officer&location=Jordan&sortBy=DD"
"offline-medical-425","Chief Technology Officer — Jordan","LinkedIn","Live Search","Jordan","Jordan","Jordan","High","Monitoring","","2026-07-21","Generated monitoring search for offline coverage. Open the source and verify any named vacancy before applying.","Generated live search","https://www.linkedin.com/jobs/search/?keywords=Chief%20Technology%20Officer&location=Jordan&sortBy=DD"
"offline-medical-426","IT Director — Jordan","LinkedIn","Live Search","Jordan","Jordan","Jordan","High","Monitoring","","2026-07-21","Generated monitoring search for offline coverage. Open the source and verify any named vacancy before applying.","Generated live search","https://www.linkedin.com/jobs/search/?keywords=IT%20Director&location=Jordan&sortBy=DD"
"offline-medical-427","Director of Digital Transformation — Jordan","LinkedIn","Live Search","Jordan","Jordan","Jordan","High","Monitoring","","2026-07-21","Generated monitoring search for offline coverage. Open the source and verify any named vacancy before applying.","Generated live search","https://www.linkedin.com/jobs/search/?keywords=Director%20of%20Digital%20Transformation&location=Jordan&sortBy=DD"
"offline-medical-428","Head of Information Systems — Jordan","LinkedIn","Live Search","Jordan","Jordan","Jordan","High","Monitoring","","2026-07-21","Generated monitoring search for offline coverage. Open the source and verify any named vacancy before applying.","Generated live search","https://www.linkedin.com/jobs/search/?keywords=Head%20of%20Information%20Systems&location=Jordan&sortBy=DD"
"offline-medical-429","Head of Enterprise Applications — Jordan","LinkedIn","Live Search","Jordan","Jordan","Jordan","High","Monitoring","","2026-07-21","Generated monitoring search for offline coverage. Open the source and verify any named vacancy before applying.","Generated live search","https://www.linkedin.com/jobs/search/?keywords=Head%20of%20Enterprise%20Applications&location=Jordan&sortBy=DD"
"offline-medical-430","Head of Digital Transformation — Jordan","LinkedIn","Live Search","Jordan","Jordan","Jordan","High","Monitoring","","2026-07-21","Generated monitoring search for offline coverage. Open the source and verify any named vacancy before applying.","Generated live search","https://www.linkedin.com/jobs/search/?keywords=Head%20of%20Digital%20Transformation&location=Jordan&sortBy=DD"
"offline-medical-431","Enterprise Architect — Jordan","LinkedIn","Live Search","Jordan","Jordan","Jordan","High","Monitoring","","2026-07-21","Generated monitoring search for offline coverage. Open the source and verify any named vacancy before applying.","Generated live search","https://www.linkedin.com/jobs/search/?keywords=Enterprise%20Architect&location=Jordan&sortBy=DD"
"offline-medical-432","Solution Architect — Jordan","LinkedIn","Live Search","Jordan","Jordan","Jordan","High","Monitoring","","2026-07-21","Generated monitoring search for offline coverage. Open the source and verify any named vacancy before applying.","Generated live search","https://www.linkedin.com/jobs/search/?keywords=Solution%20Architect&location=Jordan&sortBy=DD"
"offline-medical-433","Business Architect — Jordan","LinkedIn","Live Search","Jordan","Jordan","Jordan","High","Monitoring","","2026-07-21","Generated monitoring search for offline coverage. Open the source and verify any named vacancy before applying.","Generated live search","https://www.linkedin.com/jobs/search/?keywords=Business%20Architect&location=Jordan&sortBy=DD"
"offline-medical-434","Technology Architect — Jordan","LinkedIn","Live Search","Jordan","Jordan","Jordan","High","Monitoring","","2026-07-21","Generated monitoring search for offline coverage. Open the source and verify any named vacancy before applying.","Generated live search","https://www.linkedin.com/jobs/search/?keywords=Technology%20Architect&location=Jordan&sortBy=DD"
"offline-medical-435","Data Architect — Jordan","LinkedIn","Live Search","Jordan","Jordan","Jordan","High","Monitoring","","2026-07-21","Generated monitoring search for offline coverage. Open the source and verify any named vacancy before applying.","Generated live search","https://www.linkedin.com/jobs/search/?keywords=Data%20Architect&location=Jordan&sortBy=DD"
"offline-medical-436","Cloud Architect — Jordan","LinkedIn","Live Search","Jordan","Jordan","Jordan","High","Monitoring","","2026-07-21","Generated monitoring search for offline coverage. Open the source and verify any named vacancy before applying.","Generated live search","https://www.linkedin.com/jobs/search/?keywords=Cloud%20Architect&location=Jordan&sortBy=DD"
"offline-medical-437","Integration Architect — Jordan","LinkedIn","Live Search","Jordan","Jordan","Jordan","High","Monitoring","","2026-07-21","Generated monitoring search for offline coverage. Open the source and verify any named vacancy before applying.","Generated live search","https://www.linkedin.com/jobs/search/?keywords=Integration%20Architect&location=Jordan&sortBy=DD"
"offline-medical-438","Applications Manager — Jordan","LinkedIn","Live Search","Jordan","Jordan","Jordan","High","Monitoring","","2026-07-21","Generated monitoring search for offline coverage. Open the source and verify any named vacancy before applying.","Generated live search","https://www.linkedin.com/jobs/search/?keywords=Applications%20Manager&location=Jordan&sortBy=DD"
"offline-medical-439","Enterprise Applications Manager — Jordan","LinkedIn","Live Search","Jordan","Jordan","Jordan","High","Monitoring","","2026-07-21","Generated monitoring search for offline coverage. Open the source and verify any named vacancy before applying.","Generated live search","https://www.linkedin.com/jobs/search/?keywords=Enterprise%20Applications%20Manager&location=Jordan&sortBy=DD"
"offline-medical-440","Systems Manager — Jordan","LinkedIn","Live Search","Jordan","Jordan","Jordan","High","Monitoring","","2026-07-21","Generated monitoring search for offline coverage. Open the source and verify any named vacancy before applying.","Generated live search","https://www.linkedin.com/jobs/search/?keywords=Systems%20Manager&location=Jordan&sortBy=DD"
"offline-medical-441","Information Systems Manager — Jordan","LinkedIn","Live Search","Jordan","Jordan","Jordan","High","Monitoring","","2026-07-21","Generated monitoring search for offline coverage. Open the source and verify any named vacancy before applying.","Generated live search","https://www.linkedin.com/jobs/search/?keywords=Information%20Systems%20Manager&location=Jordan&sortBy=DD"
"offline-medical-442","IT Operations Manager — Jordan","LinkedIn","Live Search","Jordan","Jordan","Jordan","High","Monitoring","","2026-07-21","Generated monitoring search for offline coverage. Open the source and verify any named vacancy before applying.","Generated live search","https://www.linkedin.com/jobs/search/?keywords=IT%20Operations%20Manager&location=Jordan&sortBy=DD"
"offline-medical-443","Infrastructure Manager — Jordan","LinkedIn","Live Search","Jordan","Jordan","Jordan","High","Monitoring","","2026-07-21","Generated monitoring search for offline coverage. Open the source and verify any named vacancy before applying.","Generated live search","https://www.linkedin.com/jobs/search/?keywords=Infrastructure%20Manager&location=Jordan&sortBy=DD"
"offline-medical-444","Digital Transformation Manager — Jordan","LinkedIn","Live Search","Jordan","Jordan","Jordan","High","Monitoring","","2026-07-21","Generated monitoring search for offline coverage. Open the source and verify any named vacancy before applying.","Generated live search","https://www.linkedin.com/jobs/search/?keywords=Digital%20Transformation%20Manager&location=Jordan&sortBy=DD"
"offline-medical-445","Digital Program Manager — Jordan","LinkedIn","Live Search","Jordan","Jordan","Jordan","High","Monitoring","","2026-07-21","Generated monitoring search for offline coverage. Open the source and verify any named vacancy before applying.","Generated live search","https://www.linkedin.com/jobs/search/?keywords=Digital%20Program%20Manager&location=Jordan&sortBy=DD"
"offline-medical-446","Technology Program Manager — Jordan","LinkedIn","Live Search","Jordan","Jordan","Jordan","High","Monitoring","","2026-07-21","Generated monitoring search for offline coverage. Open the source and verify any named vacancy before applying.","Generated live search","https://www.linkedin.com/jobs/search/?keywords=Technology%20Program%20Manager&location=Jordan&sortBy=DD"
"offline-medical-447","IT Program Manager — Jordan","LinkedIn","Live Search","Jordan","Jordan","Jordan","High","Monitoring","","2026-07-21","Generated monitoring search for offline coverage. Open the source and verify any named vacancy before applying.","Generated live search","https://www.linkedin.com/jobs/search/?keywords=IT%20Program%20Manager&location=Jordan&sortBy=DD"
"offline-medical-448","IT Governance Manager — Jordan","LinkedIn","Live Search","Jordan","Jordan","Jordan","High","Monitoring","","2026-07-21","Generated monitoring search for offline coverage. Open the source and verify any named vacancy before applying.","Generated live search","https://www.linkedin.com/jobs/search/?keywords=IT%20Governance%20Manager&location=Jordan&sortBy=DD"
"offline-medical-449","Data Governance Lead — Jordan","LinkedIn","Live Search","Jordan","Jordan","Jordan","High","Monitoring","","2026-07-21","Generated monitoring search for offline coverage. Open the source and verify any named vacancy before applying.","Generated live search","https://www.linkedin.com/jobs/search/?keywords=Data%20Governance%20Lead&location=Jordan&sortBy=DD"
"offline-medical-450","AI Governance Lead — Jordan","LinkedIn","Live Search","Jordan","Jordan","Jordan","High","Monitoring","","2026-07-21","Generated monitoring search for offline coverage. Open the source and verify any named vacancy before applying.","Generated live search","https://www.linkedin.com/jobs/search/?keywords=AI%20Governance%20Lead&location=Jordan&sortBy=DD"
"offline-medical-451","Cybersecurity Governance Manager — Jordan","LinkedIn","Live Search","Jordan","Jordan","Jordan","High","Monitoring","","2026-07-21","Generated monitoring search for offline coverage. Open the source and verify any named vacancy before applying.","Generated live search","https://www.linkedin.com/jobs/search/?keywords=Cybersecurity%20Governance%20Manager&location=Jordan&sortBy=DD"
"offline-medical-452","Healthcare IT Manager — Jordan","LinkedIn","Live Search","Jordan","Jordan","Jordan","High","Monitoring","","2026-07-21","Generated monitoring search for offline coverage. Open the source and verify any named vacancy before applying.","Generated live search","https://www.linkedin.com/jobs/search/?keywords=Healthcare%20IT%20Manager&location=Jordan&sortBy=DD"
"offline-medical-453","Health Information Systems Manager — Jordan","LinkedIn","Live Search","Jordan","Jordan","Jordan","High","Monitoring","","2026-07-21","Generated monitoring search for offline coverage. Open the source and verify any named vacancy before applying.","Generated live search","https://www.linkedin.com/jobs/search/?keywords=Health%20Information%20Systems%20Manager&location=Jordan&sortBy=DD"
"offline-medical-454","Digital Health Manager — Jordan","LinkedIn","Live Search","Jordan","Jordan","Jordan","High","Monitoring","","2026-07-21","Generated monitoring search for offline coverage. Open the source and verify any named vacancy before applying.","Generated live search","https://www.linkedin.com/jobs/search/?keywords=Digital%20Health%20Manager&location=Jordan&sortBy=DD"
"offline-medical-455","Medical Technology Manager — Jordan","LinkedIn","Live Search","Jordan","Jordan","Jordan","High","Monitoring","","2026-07-21","Generated monitoring search for offline coverage. Open the source and verify any named vacancy before applying.","Generated live search","https://www.linkedin.com/jobs/search/?keywords=Medical%20Technology%20Manager&location=Jordan&sortBy=DD"
"offline-medical-456","ERP Manager — Jordan","LinkedIn","Live Search","Jordan","Jordan","Jordan","High","Monitoring","","2026-07-21","Generated monitoring search for offline coverage. Open the source and verify any named vacancy before applying.","Generated live search","https://www.linkedin.com/jobs/search/?keywords=ERP%20Manager&location=Jordan&sortBy=DD"
"offline-medical-457","CRM Manager — Jordan","LinkedIn","Live Search","Jordan","Jordan","Jordan","High","Monitoring","","2026-07-21","Generated monitoring search for offline coverage. Open the source and verify any named vacancy before applying.","Generated live search","https://www.linkedin.com/jobs/search/?keywords=CRM%20Manager&location=Jordan&sortBy=DD"
"offline-medical-458","Business Intelligence Manager — Jordan","LinkedIn","Live Search","Jordan","Jordan","Jordan","High","Monitoring","","2026-07-21","Generated monitoring search for offline coverage. Open the source and verify any named vacancy before applying.","Generated live search","https://www.linkedin.com/jobs/search/?keywords=Business%20Intelligence%20Manager&location=Jordan&sortBy=DD"
"offline-medical-459","Data Platform Manager — Jordan","LinkedIn","Live Search","Jordan","Jordan","Jordan","High","Monitoring","","2026-07-21","Generated monitoring search for offline coverage. Open the source and verify any named vacancy before applying.","Generated live search","https://www.linkedin.com/jobs/search/?keywords=Data%20Platform%20Manager&location=Jordan&sortBy=DD"
"offline-medical-460","Data Warehouse Manager — Jordan","LinkedIn","Live Search","Jordan","Jordan","Jordan","High","Monitoring","","2026-07-21","Generated monitoring search for offline coverage. Open the source and verify any named vacancy before applying.","Generated live search","https://www.linkedin.com/jobs/search/?keywords=Data%20Warehouse%20Manager&location=Jordan&sortBy=DD"
"offline-medical-461","Technology Delivery Manager — Jordan","LinkedIn","Live Search","Jordan","Jordan","Jordan","High","Monitoring","","2026-07-21","Generated monitoring search for offline coverage. Open the source and verify any named vacancy before applying.","Generated live search","https://www.linkedin.com/jobs/search/?keywords=Technology%20Delivery%20Manager&location=Jordan&sortBy=DD"
"offline-medical-462","IT Service Delivery Manager — Jordan","LinkedIn","Live Search","Jordan","Jordan","Jordan","High","Monitoring","","2026-07-21","Generated monitoring search for offline coverage. Open the source and verify any named vacancy before applying.","Generated live search","https://www.linkedin.com/jobs/search/?keywords=IT%20Service%20Delivery%20Manager&location=Jordan&sortBy=DD"
"offline-medical-463","Technical Project Manager — Jordan","LinkedIn","Live Search","Jordan","Jordan","Jordan","High","Monitoring","","2026-07-21","Generated monitoring search for offline coverage. Open the source and verify any named vacancy before applying.","Generated live search","https://www.linkedin.com/jobs/search/?keywords=Technical%20Project%20Manager&location=Jordan&sortBy=DD"
"offline-medical-464","Program Management Office Lead — Jordan","LinkedIn","Live Search","Jordan","Jordan","Jordan","High","Monitoring","","2026-07-21","Generated monitoring search for offline coverage. Open the source and verify any named vacancy before applying.","Generated live search","https://www.linkedin.com/jobs/search/?keywords=Program%20Management%20Office%20Lead&location=Jordan&sortBy=DD"
"offline-medical-465","Technology Strategy Manager — Jordan","LinkedIn","Live Search","Jordan","Jordan","Jordan","High","Monitoring","","2026-07-21","Generated monitoring search for offline coverage. Open the source and verify any named vacancy before applying.","Generated live search","https://www.linkedin.com/jobs/search/?keywords=Technology%20Strategy%20Manager&location=Jordan&sortBy=DD"
"offline-medical-466","ICT Manager — Jordan","LinkedIn","Live Search","Jordan","Jordan","Jordan","High","Monitoring","","2026-07-21","Generated monitoring search for offline coverage. Open the source and verify any named vacancy before applying.","Generated live search","https://www.linkedin.com/jobs/search/?keywords=ICT%20Manager&location=Jordan&sortBy=DD"
"offline-medical-467","Regional IT Manager — Jordan","LinkedIn","Live Search","Jordan","Jordan","Jordan","High","Monitoring","","2026-07-21","Generated monitoring search for offline coverage. Open the source and verify any named vacancy before applying.","Generated live search","https://www.linkedin.com/jobs/search/?keywords=Regional%20IT%20Manager&location=Jordan&sortBy=DD"
"offline-medical-468","Country IT Manager — Jordan","LinkedIn","Live Search","Jordan","Jordan","Jordan","High","Monitoring","","2026-07-21","Generated monitoring search for offline coverage. Open the source and verify any named vacancy before applying.","Generated live search","https://www.linkedin.com/jobs/search/?keywords=Country%20IT%20Manager&location=Jordan&sortBy=DD"
"offline-medical-469","Technical Team Lead — Jordan","LinkedIn","Live Search","Jordan","Jordan","Jordan","High","Monitoring","","2026-07-21","Generated monitoring search for offline coverage. Open the source and verify any named vacancy before applying.","Generated live search","https://www.linkedin.com/jobs/search/?keywords=Technical%20Team%20Lead&location=Jordan&sortBy=DD"
"offline-medical-470","Enterprise Systems Lead — Jordan","LinkedIn","Live Search","Jordan","Jordan","Jordan","High","Monitoring","","2026-07-21","Generated monitoring search for offline coverage. Open the source and verify any named vacancy before applying.","Generated live search","https://www.linkedin.com/jobs/search/?keywords=Enterprise%20Systems%20Lead&location=Jordan&sortBy=DD"
"offline-medical-471","Chief Information Officer — Lebanon","LinkedIn","Live Search","Lebanon","Lebanon","Lebanon","High","Monitoring","","2026-07-21","Generated monitoring search for offline coverage. Open the source and verify any named vacancy before applying.","Generated live search","https://www.linkedin.com/jobs/search/?keywords=Chief%20Information%20Officer&location=Lebanon&sortBy=DD"
"offline-medical-472","Chief Technology Officer — Lebanon","LinkedIn","Live Search","Lebanon","Lebanon","Lebanon","High","Monitoring","","2026-07-21","Generated monitoring search for offline coverage. Open the source and verify any named vacancy before applying.","Generated live search","https://www.linkedin.com/jobs/search/?keywords=Chief%20Technology%20Officer&location=Lebanon&sortBy=DD"
"offline-medical-473","IT Director — Lebanon","LinkedIn","Live Search","Lebanon","Lebanon","Lebanon","High","Monitoring","","2026-07-21","Generated monitoring search for offline coverage. Open the source and verify any named vacancy before applying.","Generated live search","https://www.linkedin.com/jobs/search/?keywords=IT%20Director&location=Lebanon&sortBy=DD"
"offline-medical-474","Director of Digital Transformation — Lebanon","LinkedIn","Live Search","Lebanon","Lebanon","Lebanon","High","Monitoring","","2026-07-21","Generated monitoring search for offline coverage. Open the source and verify any named vacancy before applying.","Generated live search","https://www.linkedin.com/jobs/search/?keywords=Director%20of%20Digital%20Transformation&location=Lebanon&sortBy=DD"
"offline-medical-475","Head of Information Systems — Lebanon","LinkedIn","Live Search","Lebanon","Lebanon","Lebanon","High","Monitoring","","2026-07-21","Generated monitoring search for offline coverage. Open the source and verify any named vacancy before applying.","Generated live search","https://www.linkedin.com/jobs/search/?keywords=Head%20of%20Information%20Systems&location=Lebanon&sortBy=DD"
"offline-medical-476","Head of Enterprise Applications — Lebanon","LinkedIn","Live Search","Lebanon","Lebanon","Lebanon","High","Monitoring","","2026-07-21","Generated monitoring search for offline coverage. Open the source and verify any named vacancy before applying.","Generated live search","https://www.linkedin.com/jobs/search/?keywords=Head%20of%20Enterprise%20Applications&location=Lebanon&sortBy=DD"
"offline-medical-477","Head of Digital Transformation — Lebanon","LinkedIn","Live Search","Lebanon","Lebanon","Lebanon","High","Monitoring","","2026-07-21","Generated monitoring search for offline coverage. Open the source and verify any named vacancy before applying.","Generated live search","https://www.linkedin.com/jobs/search/?keywords=Head%20of%20Digital%20Transformation&location=Lebanon&sortBy=DD"
"offline-medical-478","Enterprise Architect — Lebanon","LinkedIn","Live Search","Lebanon","Lebanon","Lebanon","High","Monitoring","","2026-07-21","Generated monitoring search for offline coverage. Open the source and verify any named vacancy before applying.","Generated live search","https://www.linkedin.com/jobs/search/?keywords=Enterprise%20Architect&location=Lebanon&sortBy=DD"
"offline-medical-479","Solution Architect — Lebanon","LinkedIn","Live Search","Lebanon","Lebanon","Lebanon","High","Monitoring","","2026-07-21","Generated monitoring search for offline coverage. Open the source and verify any named vacancy before applying.","Generated live search","https://www.linkedin.com/jobs/search/?keywords=Solution%20Architect&location=Lebanon&sortBy=DD"
"offline-medical-480","Business Architect — Lebanon","LinkedIn","Live Search","Lebanon","Lebanon","Lebanon","High","Monitoring","","2026-07-21","Generated monitoring search for offline coverage. Open the source and verify any named vacancy before applying.","Generated live search","https://www.linkedin.com/jobs/search/?keywords=Business%20Architect&location=Lebanon&sortBy=DD"
"offline-medical-481","Technology Architect — Lebanon","LinkedIn","Live Search","Lebanon","Lebanon","Lebanon","High","Monitoring","","2026-07-21","Generated monitoring search for offline coverage. Open the source and verify any named vacancy before applying.","Generated live search","https://www.linkedin.com/jobs/search/?keywords=Technology%20Architect&location=Lebanon&sortBy=DD"
"offline-medical-482","Data Architect — Lebanon","LinkedIn","Live Search","Lebanon","Lebanon","Lebanon","High","Monitoring","","2026-07-21","Generated monitoring search for offline coverage. Open the source and verify any named vacancy before applying.","Generated live search","https://www.linkedin.com/jobs/search/?keywords=Data%20Architect&location=Lebanon&sortBy=DD"
"offline-medical-483","Cloud Architect — Lebanon","LinkedIn","Live Search","Lebanon","Lebanon","Lebanon","High","Monitoring","","2026-07-21","Generated monitoring search for offline coverage. Open the source and verify any named vacancy before applying.","Generated live search","https://www.linkedin.com/jobs/search/?keywords=Cloud%20Architect&location=Lebanon&sortBy=DD"
"offline-medical-484","Integration Architect — Lebanon","LinkedIn","Live Search","Lebanon","Lebanon","Lebanon","High","Monitoring","","2026-07-21","Generated monitoring search for offline coverage. Open the source and verify any named vacancy before applying.","Generated live search","https://www.linkedin.com/jobs/search/?keywords=Integration%20Architect&location=Lebanon&sortBy=DD"
"offline-medical-485","Applications Manager — Lebanon","LinkedIn","Live Search","Lebanon","Lebanon","Lebanon","High","Monitoring","","2026-07-21","Generated monitoring search for offline coverage. Open the source and verify any named vacancy before applying.","Generated live search","https://www.linkedin.com/jobs/search/?keywords=Applications%20Manager&location=Lebanon&sortBy=DD"
"offline-medical-486","Enterprise Applications Manager — Lebanon","LinkedIn","Live Search","Lebanon","Lebanon","Lebanon","High","Monitoring","","2026-07-21","Generated monitoring search for offline coverage. Open the source and verify any named vacancy before applying.","Generated live search","https://www.linkedin.com/jobs/search/?keywords=Enterprise%20Applications%20Manager&location=Lebanon&sortBy=DD"
"offline-medical-487","Systems Manager — Lebanon","LinkedIn","Live Search","Lebanon","Lebanon","Lebanon","High","Monitoring","","2026-07-21","Generated monitoring search for offline coverage. Open the source and verify any named vacancy before applying.","Generated live search","https://www.linkedin.com/jobs/search/?keywords=Systems%20Manager&location=Lebanon&sortBy=DD"
"offline-medical-488","Information Systems Manager — Lebanon","LinkedIn","Live Search","Lebanon","Lebanon","Lebanon","High","Monitoring","","2026-07-21","Generated monitoring search for offline coverage. Open the source and verify any named vacancy before applying.","Generated live search","https://www.linkedin.com/jobs/search/?keywords=Information%20Systems%20Manager&location=Lebanon&sortBy=DD"
"offline-medical-489","IT Operations Manager — Lebanon","LinkedIn","Live Search","Lebanon","Lebanon","Lebanon","High","Monitoring","","2026-07-21","Generated monitoring search for offline coverage. Open the source and verify any named vacancy before applying.","Generated live search","https://www.linkedin.com/jobs/search/?keywords=IT%20Operations%20Manager&location=Lebanon&sortBy=DD"
"offline-medical-490","Infrastructure Manager — Lebanon","LinkedIn","Live Search","Lebanon","Lebanon","Lebanon","High","Monitoring","","2026-07-21","Generated monitoring search for offline coverage. Open the source and verify any named vacancy before applying.","Generated live search","https://www.linkedin.com/jobs/search/?keywords=Infrastructure%20Manager&location=Lebanon&sortBy=DD"
"offline-medical-491","Digital Transformation Manager — Lebanon","LinkedIn","Live Search","Lebanon","Lebanon","Lebanon","High","Monitoring","","2026-07-21","Generated monitoring search for offline coverage. Open the source and verify any named vacancy before applying.","Generated live search","https://www.linkedin.com/jobs/search/?keywords=Digital%20Transformation%20Manager&location=Lebanon&sortBy=DD"
"offline-medical-492","Digital Program Manager — Lebanon","LinkedIn","Live Search","Lebanon","Lebanon","Lebanon","High","Monitoring","","2026-07-21","Generated monitoring search for offline coverage. Open the source and verify any named vacancy before applying.","Generated live search","https://www.linkedin.com/jobs/search/?keywords=Digital%20Program%20Manager&location=Lebanon&sortBy=DD"
"offline-medical-493","Technology Program Manager — Lebanon","LinkedIn","Live Search","Lebanon","Lebanon","Lebanon","High","Monitoring","","2026-07-21","Generated monitoring search for offline coverage. Open the source and verify any named vacancy before applying.","Generated live search","https://www.linkedin.com/jobs/search/?keywords=Technology%20Program%20Manager&location=Lebanon&sortBy=DD"
"offline-medical-494","IT Program Manager — Lebanon","LinkedIn","Live Search","Lebanon","Lebanon","Lebanon","High","Monitoring","","2026-07-21","Generated monitoring search for offline coverage. Open the source and verify any named vacancy before applying.","Generated live search","https://www.linkedin.com/jobs/search/?keywords=IT%20Program%20Manager&location=Lebanon&sortBy=DD"
"offline-medical-495","IT Governance Manager — Lebanon","LinkedIn","Live Search","Lebanon","Lebanon","Lebanon","High","Monitoring","","2026-07-21","Generated monitoring search for offline coverage. Open the source and verify any named vacancy before applying.","Generated live search","https://www.linkedin.com/jobs/search/?keywords=IT%20Governance%20Manager&location=Lebanon&sortBy=DD"
"offline-medical-496","Data Governance Lead — Lebanon","LinkedIn","Live Search","Lebanon","Lebanon","Lebanon","High","Monitoring","","2026-07-21","Generated monitoring search for offline coverage. Open the source and verify any named vacancy before applying.","Generated live search","https://www.linkedin.com/jobs/search/?keywords=Data%20Governance%20Lead&location=Lebanon&sortBy=DD"
"offline-medical-497","AI Governance Lead — Lebanon","LinkedIn","Live Search","Lebanon","Lebanon","Lebanon","High","Monitoring","","2026-07-21","Generated monitoring search for offline coverage. Open the source and verify any named vacancy before applying.","Generated live search","https://www.linkedin.com/jobs/search/?keywords=AI%20Governance%20Lead&location=Lebanon&sortBy=DD"
"offline-medical-498","Cybersecurity Governance Manager — Lebanon","LinkedIn","Live Search","Lebanon","Lebanon","Lebanon","High","Monitoring","","2026-07-21","Generated monitoring search for offline coverage. Open the source and verify any named vacancy before applying.","Generated live search","https://www.linkedin.com/jobs/search/?keywords=Cybersecurity%20Governance%20Manager&location=Lebanon&sortBy=DD"
"offline-medical-499","Healthcare IT Manager — Lebanon","LinkedIn","Live Search","Lebanon","Lebanon","Lebanon","High","Monitoring","","2026-07-21","Generated monitoring search for offline coverage. Open the source and verify any named vacancy before applying.","Generated live search","https://www.linkedin.com/jobs/search/?keywords=Healthcare%20IT%20Manager&location=Lebanon&sortBy=DD"
"offline-medical-500","Health Information Systems Manager — Lebanon","LinkedIn","Live Search","Lebanon","Lebanon","Lebanon","High","Monitoring","","2026-07-21","Generated monitoring search for offline coverage. Open the source and verify any named vacancy before applying.","Generated live search","https://www.linkedin.com/jobs/search/?keywords=Health%20Information%20Systems%20Manager&location=Lebanon&sortBy=DD"
"offline-medical-501","Digital Health Manager — Lebanon","LinkedIn","Live Search","Lebanon","Lebanon","Lebanon","High","Monitoring","","2026-07-21","Generated monitoring search for offline coverage. Open the source and verify any named vacancy before applying.","Generated live search","https://www.linkedin.com/jobs/search/?keywords=Digital%20Health%20Manager&location=Lebanon&sortBy=DD"
"offline-medical-502","Medical Technology Manager — Lebanon","LinkedIn","Live Search","Lebanon","Lebanon","Lebanon","High","Monitoring","","2026-07-21","Generated monitoring search for offline coverage. Open the source and verify any named vacancy before applying.","Generated live search","https://www.linkedin.com/jobs/search/?keywords=Medical%20Technology%20Manager&location=Lebanon&sortBy=DD"
"offline-medical-503","ERP Manager — Lebanon","LinkedIn","Live Search","Lebanon","Lebanon","Lebanon","High","Monitoring","","2026-07-21","Generated monitoring search for offline coverage. Open the source and verify any named vacancy before applying.","Generated live search","https://www.linkedin.com/jobs/search/?keywords=ERP%20Manager&location=Lebanon&sortBy=DD"
"offline-medical-504","CRM Manager — Lebanon","LinkedIn","Live Search","Lebanon","Lebanon","Lebanon","High","Monitoring","","2026-07-21","Generated monitoring search for offline coverage. Open the source and verify any named vacancy before applying.","Generated live search","https://www.linkedin.com/jobs/search/?keywords=CRM%20Manager&location=Lebanon&sortBy=DD"
"offline-medical-505","Business Intelligence Manager — Lebanon","LinkedIn","Live Search","Lebanon","Lebanon","Lebanon","High","Monitoring","","2026-07-21","Generated monitoring search for offline coverage. Open the source and verify any named vacancy before applying.","Generated live search","https://www.linkedin.com/jobs/search/?keywords=Business%20Intelligence%20Manager&location=Lebanon&sortBy=DD"
"offline-medical-506","Data Platform Manager — Lebanon","LinkedIn","Live Search","Lebanon","Lebanon","Lebanon","High","Monitoring","","2026-07-21","Generated monitoring search for offline coverage. Open the source and verify any named vacancy before applying.","Generated live search","https://www.linkedin.com/jobs/search/?keywords=Data%20Platform%20Manager&location=Lebanon&sortBy=DD"
"offline-medical-507","Data Warehouse Manager — Lebanon","LinkedIn","Live Search","Lebanon","Lebanon","Lebanon","High","Monitoring","","2026-07-21","Generated monitoring search for offline coverage. Open the source and verify any named vacancy before applying.","Generated live search","https://www.linkedin.com/jobs/search/?keywords=Data%20Warehouse%20Manager&location=Lebanon&sortBy=DD"
"offline-medical-508","Technology Delivery Manager — Lebanon","LinkedIn","Live Search","Lebanon","Lebanon","Lebanon","High","Monitoring","","2026-07-21","Generated monitoring search for offline coverage. Open the source and verify any named vacancy before applying.","Generated live search","https://www.linkedin.com/jobs/search/?keywords=Technology%20Delivery%20Manager&location=Lebanon&sortBy=DD"
"offline-medical-509","IT Service Delivery Manager — Lebanon","LinkedIn","Live Search","Lebanon","Lebanon","Lebanon","High","Monitoring","","2026-07-21","Generated monitoring search for offline coverage. Open the source and verify any named vacancy before applying.","Generated live search","https://www.linkedin.com/jobs/search/?keywords=IT%20Service%20Delivery%20Manager&location=Lebanon&sortBy=DD"
"offline-medical-510","Technical Project Manager — Lebanon","LinkedIn","Live Search","Lebanon","Lebanon","Lebanon","High","Monitoring","","2026-07-21","Generated monitoring search for offline coverage. Open the source and verify any named vacancy before applying.","Generated live search","https://www.linkedin.com/jobs/search/?keywords=Technical%20Project%20Manager&location=Lebanon&sortBy=DD"
"offline-medical-511","Program Management Office Lead — Lebanon","LinkedIn","Live Search","Lebanon","Lebanon","Lebanon","High","Monitoring","","2026-07-21","Generated monitoring search for offline coverage. Open the source and verify any named vacancy before applying.","Generated live search","https://www.linkedin.com/jobs/search/?keywords=Program%20Management%20Office%20Lead&location=Lebanon&sortBy=DD"
"offline-medical-512","Technology Strategy Manager — Lebanon","LinkedIn","Live Search","Lebanon","Lebanon","Lebanon","High","Monitoring","","2026-07-21","Generated monitoring search for offline coverage. Open the source and verify any named vacancy before applying.","Generated live search","https://www.linkedin.com/jobs/search/?keywords=Technology%20Strategy%20Manager&location=Lebanon&sortBy=DD"
"offline-medical-513","ICT Manager — Lebanon","LinkedIn","Live Search","Lebanon","Lebanon","Lebanon","High","Monitoring","","2026-07-21","Generated monitoring search for offline coverage. Open the source and verify any named vacancy before applying.","Generated live search","https://www.linkedin.com/jobs/search/?keywords=ICT%20Manager&location=Lebanon&sortBy=DD"
"offline-medical-514","Regional IT Manager — Lebanon","LinkedIn","Live Search","Lebanon","Lebanon","Lebanon","High","Monitoring","","2026-07-21","Generated monitoring search for offline coverage. Open the source and verify any named vacancy before applying.","Generated live search","https://www.linkedin.com/jobs/search/?keywords=Regional%20IT%20Manager&location=Lebanon&sortBy=DD"
"offline-medical-515","Country IT Manager — Lebanon","LinkedIn","Live Search","Lebanon","Lebanon","Lebanon","High","Monitoring","","2026-07-21","Generated monitoring search for offline coverage. Open the source and verify any named vacancy before applying.","Generated live search","https://www.linkedin.com/jobs/search/?keywords=Country%20IT%20Manager&location=Lebanon&sortBy=DD"
"offline-medical-516","Technical Team Lead — Lebanon","LinkedIn","Live Search","Lebanon","Lebanon","Lebanon","High","Monitoring","","2026-07-21","Generated monitoring search for offline coverage. Open the source and verify any named vacancy before applying.","Generated live search","https://www.linkedin.com/jobs/search/?keywords=Technical%20Team%20Lead&location=Lebanon&sortBy=DD"
"offline-medical-517","Enterprise Systems Lead — Lebanon","LinkedIn","Live Search","Lebanon","Lebanon","Lebanon","High","Monitoring","","2026-07-21","Generated monitoring search for offline coverage. Open the source and verify any named vacancy before applying.","Generated live search","https://www.linkedin.com/jobs/search/?keywords=Enterprise%20Systems%20Lead&location=Lebanon&sortBy=DD"
"offline-medical-518","Chief Information Officer — Iraq","LinkedIn","Live Search","Iraq","Iraq","Iraq","High","Monitoring","","2026-07-21","Generated monitoring search for offline coverage. Open the source and verify any named vacancy before applying.","Generated live search","https://www.linkedin.com/jobs/search/?keywords=Chief%20Information%20Officer&location=Iraq&sortBy=DD"
"offline-medical-519","Chief Technology Officer — Iraq","LinkedIn","Live Search","Iraq","Iraq","Iraq","High","Monitoring","","2026-07-21","Generated monitoring search for offline coverage. Open the source and verify any named vacancy before applying.","Generated live search","https://www.linkedin.com/jobs/search/?keywords=Chief%20Technology%20Officer&location=Iraq&sortBy=DD"
"offline-medical-520","IT Director — Iraq","LinkedIn","Live Search","Iraq","Iraq","Iraq","High","Monitoring","","2026-07-21","Generated monitoring search for offline coverage. Open the source and verify any named vacancy before applying.","Generated live search","https://www.linkedin.com/jobs/search/?keywords=IT%20Director&location=Iraq&sortBy=DD"
"offline-medical-521","Director of Digital Transformation — Iraq","LinkedIn","Live Search","Iraq","Iraq","Iraq","High","Monitoring","","2026-07-21","Generated monitoring search for offline coverage. Open the source and verify any named vacancy before applying.","Generated live search","https://www.linkedin.com/jobs/search/?keywords=Director%20of%20Digital%20Transformation&location=Iraq&sortBy=DD"
"offline-medical-522","Head of Information Systems — Iraq","LinkedIn","Live Search","Iraq","Iraq","Iraq","High","Monitoring","","2026-07-21","Generated monitoring search for offline coverage. Open the source and verify any named vacancy before applying.","Generated live search","https://www.linkedin.com/jobs/search/?keywords=Head%20of%20Information%20Systems&location=Iraq&sortBy=DD"
"offline-medical-523","Head of Enterprise Applications — Iraq","LinkedIn","Live Search","Iraq","Iraq","Iraq","High","Monitoring","","2026-07-21","Generated monitoring search for offline coverage. Open the source and verify any named vacancy before applying.","Generated live search","https://www.linkedin.com/jobs/search/?keywords=Head%20of%20Enterprise%20Applications&location=Iraq&sortBy=DD"
"offline-medical-524","Head of Digital Transformation — Iraq","LinkedIn","Live Search","Iraq","Iraq","Iraq","High","Monitoring","","2026-07-21","Generated monitoring search for offline coverage. Open the source and verify any named vacancy before applying.","Generated live search","https://www.linkedin.com/jobs/search/?keywords=Head%20of%20Digital%20Transformation&location=Iraq&sortBy=DD"
"offline-medical-525","Enterprise Architect — Iraq","LinkedIn","Live Search","Iraq","Iraq","Iraq","High","Monitoring","","2026-07-21","Generated monitoring search for offline coverage. Open the source and verify any named vacancy before applying.","Generated live search","https://www.linkedin.com/jobs/search/?keywords=Enterprise%20Architect&location=Iraq&sortBy=DD"
"offline-medical-526","Solution Architect — Iraq","LinkedIn","Live Search","Iraq","Iraq","Iraq","High","Monitoring","","2026-07-21","Generated monitoring search for offline coverage. Open the source and verify any named vacancy before applying.","Generated live search","https://www.linkedin.com/jobs/search/?keywords=Solution%20Architect&location=Iraq&sortBy=DD"
"offline-medical-527","Business Architect — Iraq","LinkedIn","Live Search","Iraq","Iraq","Iraq","High","Monitoring","","2026-07-21","Generated monitoring search for offline coverage. Open the source and verify any named vacancy before applying.","Generated live search","https://www.linkedin.com/jobs/search/?keywords=Business%20Architect&location=Iraq&sortBy=DD"
"offline-medical-528","Technology Architect — Iraq","LinkedIn","Live Search","Iraq","Iraq","Iraq","High","Monitoring","","2026-07-21","Generated monitoring search for offline coverage. Open the source and verify any named vacancy before applying.","Generated live search","https://www.linkedin.com/jobs/search/?keywords=Technology%20Architect&location=Iraq&sortBy=DD"
"offline-medical-529","Data Architect — Iraq","LinkedIn","Live Search","Iraq","Iraq","Iraq","High","Monitoring","","2026-07-21","Generated monitoring search for offline coverage. Open the source and verify any named vacancy before applying.","Generated live search","https://www.linkedin.com/jobs/search/?keywords=Data%20Architect&location=Iraq&sortBy=DD"
"offline-medical-530","Cloud Architect — Iraq","LinkedIn","Live Search","Iraq","Iraq","Iraq","High","Monitoring","","2026-07-21","Generated monitoring search for offline coverage. Open the source and verify any named vacancy before applying.","Generated live search","https://www.linkedin.com/jobs/search/?keywords=Cloud%20Architect&location=Iraq&sortBy=DD"
"offline-medical-531","Integration Architect — Iraq","LinkedIn","Live Search","Iraq","Iraq","Iraq","High","Monitoring","","2026-07-21","Generated monitoring search for offline coverage. Open the source and verify any named vacancy before applying.","Generated live search","https://www.linkedin.com/jobs/search/?keywords=Integration%20Architect&location=Iraq&sortBy=DD"
"offline-medical-532","Applications Manager — Iraq","LinkedIn","Live Search","Iraq","Iraq","Iraq","High","Monitoring","","2026-07-21","Generated monitoring search for offline coverage. Open the source and verify any named vacancy before applying.","Generated live search","https://www.linkedin.com/jobs/search/?keywords=Applications%20Manager&location=Iraq&sortBy=DD"
"offline-medical-533","Enterprise Applications Manager — Iraq","LinkedIn","Live Search","Iraq","Iraq","Iraq","High","Monitoring","","2026-07-21","Generated monitoring search for offline coverage. Open the source and verify any named vacancy before applying.","Generated live search","https://www.linkedin.com/jobs/search/?keywords=Enterprise%20Applications%20Manager&location=Iraq&sortBy=DD"
"offline-medical-534","Systems Manager — Iraq","LinkedIn","Live Search","Iraq","Iraq","Iraq","High","Monitoring","","2026-07-21","Generated monitoring search for offline coverage. Open the source and verify any named vacancy before applying.","Generated live search","https://www.linkedin.com/jobs/search/?keywords=Systems%20Manager&location=Iraq&sortBy=DD"
"offline-medical-535","Information Systems Manager — Iraq","LinkedIn","Live Search","Iraq","Iraq","Iraq","High","Monitoring","","2026-07-21","Generated monitoring search for offline coverage. Open the source and verify any named vacancy before applying.","Generated live search","https://www.linkedin.com/jobs/search/?keywords=Information%20Systems%20Manager&location=Iraq&sortBy=DD"
"offline-medical-536","IT Operations Manager — Iraq","LinkedIn","Live Search","Iraq","Iraq","Iraq","High","Monitoring","","2026-07-21","Generated monitoring search for offline coverage. Open the source and verify any named vacancy before applying.","Generated live search","https://www.linkedin.com/jobs/search/?keywords=IT%20Operations%20Manager&location=Iraq&sortBy=DD"
"offline-medical-537","Infrastructure Manager — Iraq","LinkedIn","Live Search","Iraq","Iraq","Iraq","High","Monitoring","","2026-07-21","Generated monitoring search for offline coverage. Open the source and verify any named vacancy before applying.","Generated live search","https://www.linkedin.com/jobs/search/?keywords=Infrastructure%20Manager&location=Iraq&sortBy=DD"
"offline-medical-538","Digital Transformation Manager — Iraq","LinkedIn","Live Search","Iraq","Iraq","Iraq","High","Monitoring","","2026-07-21","Generated monitoring search for offline coverage. Open the source and verify any named vacancy before applying.","Generated live search","https://www.linkedin.com/jobs/search/?keywords=Digital%20Transformation%20Manager&location=Iraq&sortBy=DD"
"offline-medical-539","Digital Program Manager — Iraq","LinkedIn","Live Search","Iraq","Iraq","Iraq","High","Monitoring","","2026-07-21","Generated monitoring search for offline coverage. Open the source and verify any named vacancy before applying.","Generated live search","https://www.linkedin.com/jobs/search/?keywords=Digital%20Program%20Manager&location=Iraq&sortBy=DD"
"offline-medical-540","Technology Program Manager — Iraq","LinkedIn","Live Search","Iraq","Iraq","Iraq","High","Monitoring","","2026-07-21","Generated monitoring search for offline coverage. Open the source and verify any named vacancy before applying.","Generated live search","https://www.linkedin.com/jobs/search/?keywords=Technology%20Program%20Manager&location=Iraq&sortBy=DD"
"offline-medical-541","IT Program Manager — Iraq","LinkedIn","Live Search","Iraq","Iraq","Iraq","High","Monitoring","","2026-07-21","Generated monitoring search for offline coverage. Open the source and verify any named vacancy before applying.","Generated live search","https://www.linkedin.com/jobs/search/?keywords=IT%20Program%20Manager&location=Iraq&sortBy=DD"
"offline-medical-542","IT Governance Manager — Iraq","LinkedIn","Live Search","Iraq","Iraq","Iraq","High","Monitoring","","2026-07-21","Generated monitoring search for offline coverage. Open the source and verify any named vacancy before applying.","Generated live search","https://www.linkedin.com/jobs/search/?keywords=IT%20Governance%20Manager&location=Iraq&sortBy=DD"
"offline-medical-543","Data Governance Lead — Iraq","LinkedIn","Live Search","Iraq","Iraq","Iraq","High","Monitoring","","2026-07-21","Generated monitoring search for offline coverage. Open the source and verify any named vacancy before applying.","Generated live search","https://www.linkedin.com/jobs/search/?keywords=Data%20Governance%20Lead&location=Iraq&sortBy=DD"
"offline-medical-544","AI Governance Lead — Iraq","LinkedIn","Live Search","Iraq","Iraq","Iraq","High","Monitoring","","2026-07-21","Generated monitoring search for offline coverage. Open the source and verify any named vacancy before applying.","Generated live search","https://www.linkedin.com/jobs/search/?keywords=AI%20Governance%20Lead&location=Iraq&sortBy=DD"
"offline-medical-545","Cybersecurity Governance Manager — Iraq","LinkedIn","Live Search","Iraq","Iraq","Iraq","High","Monitoring","","2026-07-21","Generated monitoring search for offline coverage. Open the source and verify any named vacancy before applying.","Generated live search","https://www.linkedin.com/jobs/search/?keywords=Cybersecurity%20Governance%20Manager&location=Iraq&sortBy=DD"
"offline-medical-546","Healthcare IT Manager — Iraq","LinkedIn","Live Search","Iraq","Iraq","Iraq","High","Monitoring","","2026-07-21","Generated monitoring search for offline coverage. Open the source and verify any named vacancy before applying.","Generated live search","https://www.linkedin.com/jobs/search/?keywords=Healthcare%20IT%20Manager&location=Iraq&sortBy=DD"
"offline-medical-547","Health Information Systems Manager — Iraq","LinkedIn","Live Search","Iraq","Iraq","Iraq","High","Monitoring","","2026-07-21","Generated monitoring search for offline coverage. Open the source and verify any named vacancy before applying.","Generated live search","https://www.linkedin.com/jobs/search/?keywords=Health%20Information%20Systems%20Manager&location=Iraq&sortBy=DD"
"offline-medical-548","Digital Health Manager — Iraq","LinkedIn","Live Search","Iraq","Iraq","Iraq","High","Monitoring","","2026-07-21","Generated monitoring search for offline coverage. Open the source and verify any named vacancy before applying.","Generated live search","https://www.linkedin.com/jobs/search/?keywords=Digital%20Health%20Manager&location=Iraq&sortBy=DD"
"offline-medical-549","Medical Technology Manager — Iraq","LinkedIn","Live Search","Iraq","Iraq","Iraq","High","Monitoring","","2026-07-21","Generated monitoring search for offline coverage. Open the source and verify any named vacancy before applying.","Generated live search","https://www.linkedin.com/jobs/search/?keywords=Medical%20Technology%20Manager&location=Iraq&sortBy=DD"
"offline-medical-550","ERP Manager — Iraq","LinkedIn","Live Search","Iraq","Iraq","Iraq","High","Monitoring","","2026-07-21","Generated monitoring search for offline coverage. Open the source and verify any named vacancy before applying.","Generated live search","https://www.linkedin.com/jobs/search/?keywords=ERP%20Manager&location=Iraq&sortBy=DD"
"offline-medical-551","CRM Manager — Iraq","LinkedIn","Live Search","Iraq","Iraq","Iraq","High","Monitoring","","2026-07-21","Generated monitoring search for offline coverage. Open the source and verify any named vacancy before applying.","Generated live search","https://www.linkedin.com/jobs/search/?keywords=CRM%20Manager&location=Iraq&sortBy=DD"
"offline-medical-552","Business Intelligence Manager — Iraq","LinkedIn","Live Search","Iraq","Iraq","Iraq","High","Monitoring","","2026-07-21","Generated monitoring search for offline coverage. Open the source and verify any named vacancy before applying.","Generated live search","https://www.linkedin.com/jobs/search/?keywords=Business%20Intelligence%20Manager&location=Iraq&sortBy=DD"
"offline-medical-553","Data Platform Manager — Iraq","LinkedIn","Live Search","Iraq","Iraq","Iraq","High","Monitoring","","2026-07-21","Generated monitoring search for offline coverage. Open the source and verify any named vacancy before applying.","Generated live search","https://www.linkedin.com/jobs/search/?keywords=Data%20Platform%20Manager&location=Iraq&sortBy=DD"
"offline-medical-554","Data Warehouse Manager — Iraq","LinkedIn","Live Search","Iraq","Iraq","Iraq","High","Monitoring","","2026-07-21","Generated monitoring search for offline coverage. Open the source and verify any named vacancy before applying.","Generated live search","https://www.linkedin.com/jobs/search/?keywords=Data%20Warehouse%20Manager&location=Iraq&sortBy=DD"
"offline-medical-555","Technology Delivery Manager — Iraq","LinkedIn","Live Search","Iraq","Iraq","Iraq","High","Monitoring","","2026-07-21","Generated monitoring search for offline coverage. Open the source and verify any named vacancy before applying.","Generated live search","https://www.linkedin.com/jobs/search/?keywords=Technology%20Delivery%20Manager&location=Iraq&sortBy=DD"
"offline-medical-556","IT Service Delivery Manager — Iraq","LinkedIn","Live Search","Iraq","Iraq","Iraq","High","Monitoring","","2026-07-21","Generated monitoring search for offline coverage. Open the source and verify any named vacancy before applying.","Generated live search","https://www.linkedin.com/jobs/search/?keywords=IT%20Service%20Delivery%20Manager&location=Iraq&sortBy=DD"
"offline-medical-557","Technical Project Manager — Iraq","LinkedIn","Live Search","Iraq","Iraq","Iraq","High","Monitoring","","2026-07-21","Generated monitoring search for offline coverage. Open the source and verify any named vacancy before applying.","Generated live search","https://www.linkedin.com/jobs/search/?keywords=Technical%20Project%20Manager&location=Iraq&sortBy=DD"
"offline-medical-558","Program Management Office Lead — Iraq","LinkedIn","Live Search","Iraq","Iraq","Iraq","High","Monitoring","","2026-07-21","Generated monitoring search for offline coverage. Open the source and verify any named vacancy before applying.","Generated live search","https://www.linkedin.com/jobs/search/?keywords=Program%20Management%20Office%20Lead&location=Iraq&sortBy=DD"
"offline-medical-559","Technology Strategy Manager — Iraq","LinkedIn","Live Search","Iraq","Iraq","Iraq","High","Monitoring","","2026-07-21","Generated monitoring search for offline coverage. Open the source and verify any named vacancy before applying.","Generated live search","https://www.linkedin.com/jobs/search/?keywords=Technology%20Strategy%20Manager&location=Iraq&sortBy=DD"
"offline-medical-560","ICT Manager — Iraq","LinkedIn","Live Search","Iraq","Iraq","Iraq","High","Monitoring","","2026-07-21","Generated monitoring search for offline coverage. Open the source and verify any named vacancy before applying.","Generated live search","https://www.linkedin.com/jobs/search/?keywords=ICT%20Manager&location=Iraq&sortBy=DD"
"offline-medical-561","Regional IT Manager — Iraq","LinkedIn","Live Search","Iraq","Iraq","Iraq","High","Monitoring","","2026-07-21","Generated monitoring search for offline coverage. Open the source and verify any named vacancy before applying.","Generated live search","https://www.linkedin.com/jobs/search/?keywords=Regional%20IT%20Manager&location=Iraq&sortBy=DD"
"offline-medical-562","Country IT Manager — Iraq","LinkedIn","Live Search","Iraq","Iraq","Iraq","High","Monitoring","","2026-07-21","Generated monitoring search for offline coverage. Open the source and verify any named vacancy before applying.","Generated live search","https://www.linkedin.com/jobs/search/?keywords=Country%20IT%20Manager&location=Iraq&sortBy=DD"
"offline-medical-563","Technical Team Lead — Iraq","LinkedIn","Live Search","Iraq","Iraq","Iraq","High","Monitoring","","2026-07-21","Generated monitoring search for offline coverage. Open the source and verify any named vacancy before applying.","Generated live search","https://www.linkedin.com/jobs/search/?keywords=Technical%20Team%20Lead&location=Iraq&sortBy=DD"
"offline-medical-564","Enterprise Systems Lead — Iraq","LinkedIn","Live Search","Iraq","Iraq","Iraq","High","Monitoring","","2026-07-21","Generated monitoring search for offline coverage. Open the source and verify any named vacancy before applying.","Generated live search","https://www.linkedin.com/jobs/search/?keywords=Enterprise%20Systems%20Lead&location=Iraq&sortBy=DD"
"offline-medical-565","Chief Information Officer — Morocco","LinkedIn","Live Search","Morocco","Morocco","Morocco","High","Monitoring","","2026-07-21","Generated monitoring search for offline coverage. Open the source and verify any named vacancy before applying.","Generated live search","https://www.linkedin.com/jobs/search/?keywords=Chief%20Information%20Officer&location=Morocco&sortBy=DD"
"offline-medical-566","Chief Technology Officer — Morocco","LinkedIn","Live Search","Morocco","Morocco","Morocco","High","Monitoring","","2026-07-21","Generated monitoring search for offline coverage. Open the source and verify any named vacancy before applying.","Generated live search","https://www.linkedin.com/jobs/search/?keywords=Chief%20Technology%20Officer&location=Morocco&sortBy=DD"
"offline-medical-567","IT Director — Morocco","LinkedIn","Live Search","Morocco","Morocco","Morocco","High","Monitoring","","2026-07-21","Generated monitoring search for offline coverage. Open the source and verify any named vacancy before applying.","Generated live search","https://www.linkedin.com/jobs/search/?keywords=IT%20Director&location=Morocco&sortBy=DD"
"offline-medical-568","Director of Digital Transformation — Morocco","LinkedIn","Live Search","Morocco","Morocco","Morocco","High","Monitoring","","2026-07-21","Generated monitoring search for offline coverage. Open the source and verify any named vacancy before applying.","Generated live search","https://www.linkedin.com/jobs/search/?keywords=Director%20of%20Digital%20Transformation&location=Morocco&sortBy=DD"
"offline-medical-569","Head of Information Systems — Morocco","LinkedIn","Live Search","Morocco","Morocco","Morocco","High","Monitoring","","2026-07-21","Generated monitoring search for offline coverage. Open the source and verify any named vacancy before applying.","Generated live search","https://www.linkedin.com/jobs/search/?keywords=Head%20of%20Information%20Systems&location=Morocco&sortBy=DD"
"offline-medical-570","Head of Enterprise Applications — Morocco","LinkedIn","Live Search","Morocco","Morocco","Morocco","High","Monitoring","","2026-07-21","Generated monitoring search for offline coverage. Open the source and verify any named vacancy before applying.","Generated live search","https://www.linkedin.com/jobs/search/?keywords=Head%20of%20Enterprise%20Applications&location=Morocco&sortBy=DD"
"offline-medical-571","Head of Digital Transformation — Morocco","LinkedIn","Live Search","Morocco","Morocco","Morocco","High","Monitoring","","2026-07-21","Generated monitoring search for offline coverage. Open the source and verify any named vacancy before applying.","Generated live search","https://www.linkedin.com/jobs/search/?keywords=Head%20of%20Digital%20Transformation&location=Morocco&sortBy=DD"
"offline-medical-572","Enterprise Architect — Morocco","LinkedIn","Live Search","Morocco","Morocco","Morocco","High","Monitoring","","2026-07-21","Generated monitoring search for offline coverage. Open the source and verify any named vacancy before applying.","Generated live search","https://www.linkedin.com/jobs/search/?keywords=Enterprise%20Architect&location=Morocco&sortBy=DD"
"offline-medical-573","Solution Architect — Morocco","LinkedIn","Live Search","Morocco","Morocco","Morocco","High","Monitoring","","2026-07-21","Generated monitoring search for offline coverage. Open the source and verify any named vacancy before applying.","Generated live search","https://www.linkedin.com/jobs/search/?keywords=Solution%20Architect&location=Morocco&sortBy=DD"
"offline-medical-574","Business Architect — Morocco","LinkedIn","Live Search","Morocco","Morocco","Morocco","High","Monitoring","","2026-07-21","Generated monitoring search for offline coverage. Open the source and verify any named vacancy before applying.","Generated live search","https://www.linkedin.com/jobs/search/?keywords=Business%20Architect&location=Morocco&sortBy=DD"
"offline-medical-575","Technology Architect — Morocco","LinkedIn","Live Search","Morocco","Morocco","Morocco","High","Monitoring","","2026-07-21","Generated monitoring search for offline coverage. Open the source and verify any named vacancy before applying.","Generated live search","https://www.linkedin.com/jobs/search/?keywords=Technology%20Architect&location=Morocco&sortBy=DD"
"offline-medical-576","Data Architect — Morocco","LinkedIn","Live Search","Morocco","Morocco","Morocco","High","Monitoring","","2026-07-21","Generated monitoring search for offline coverage. Open the source and verify any named vacancy before applying.","Generated live search","https://www.linkedin.com/jobs/search/?keywords=Data%20Architect&location=Morocco&sortBy=DD"
"offline-medical-577","Cloud Architect — Morocco","LinkedIn","Live Search","Morocco","Morocco","Morocco","High","Monitoring","","2026-07-21","Generated monitoring search for offline coverage. Open the source and verify any named vacancy before applying.","Generated live search","https://www.linkedin.com/jobs/search/?keywords=Cloud%20Architect&location=Morocco&sortBy=DD"
"offline-medical-578","Integration Architect — Morocco","LinkedIn","Live Search","Morocco","Morocco","Morocco","High","Monitoring","","2026-07-21","Generated monitoring search for offline coverage. Open the source and verify any named vacancy before applying.","Generated live search","https://www.linkedin.com/jobs/search/?keywords=Integration%20Architect&location=Morocco&sortBy=DD"
"offline-medical-579","Applications Manager — Morocco","LinkedIn","Live Search","Morocco","Morocco","Morocco","High","Monitoring","","2026-07-21","Generated monitoring search for offline coverage. Open the source and verify any named vacancy before applying.","Generated live search","https://www.linkedin.com/jobs/search/?keywords=Applications%20Manager&location=Morocco&sortBy=DD"
"offline-medical-580","Enterprise Applications Manager — Morocco","LinkedIn","Live Search","Morocco","Morocco","Morocco","High","Monitoring","","2026-07-21","Generated monitoring search for offline coverage. Open the source and verify any named vacancy before applying.","Generated live search","https://www.linkedin.com/jobs/search/?keywords=Enterprise%20Applications%20Manager&location=Morocco&sortBy=DD"
"offline-medical-581","Systems Manager — Morocco","LinkedIn","Live Search","Morocco","Morocco","Morocco","High","Monitoring","","2026-07-21","Generated monitoring search for offline coverage. Open the source and verify any named vacancy before applying.","Generated live search","https://www.linkedin.com/jobs/search/?keywords=Systems%20Manager&location=Morocco&sortBy=DD"
"offline-medical-582","Information Systems Manager — Morocco","LinkedIn","Live Search","Morocco","Morocco","Morocco","High","Monitoring","","2026-07-21","Generated monitoring search for offline coverage. Open the source and verify any named vacancy before applying.","Generated live search","https://www.linkedin.com/jobs/search/?keywords=Information%20Systems%20Manager&location=Morocco&sortBy=DD"
"offline-medical-583","IT Operations Manager — Morocco","LinkedIn","Live Search","Morocco","Morocco","Morocco","High","Monitoring","","2026-07-21","Generated monitoring search for offline coverage. Open the source and verify any named vacancy before applying.","Generated live search","https://www.linkedin.com/jobs/search/?keywords=IT%20Operations%20Manager&location=Morocco&sortBy=DD"
"offline-medical-584","Infrastructure Manager — Morocco","LinkedIn","Live Search","Morocco","Morocco","Morocco","High","Monitoring","","2026-07-21","Generated monitoring search for offline coverage. Open the source and verify any named vacancy before applying.","Generated live search","https://www.linkedin.com/jobs/search/?keywords=Infrastructure%20Manager&location=Morocco&sortBy=DD"
"offline-medical-585","Digital Transformation Manager — Morocco","LinkedIn","Live Search","Morocco","Morocco","Morocco","High","Monitoring","","2026-07-21","Generated monitoring search for offline coverage. Open the source and verify any named vacancy before applying.","Generated live search","https://www.linkedin.com/jobs/search/?keywords=Digital%20Transformation%20Manager&location=Morocco&sortBy=DD"
"offline-medical-586","Digital Program Manager — Morocco","LinkedIn","Live Search","Morocco","Morocco","Morocco","High","Monitoring","","2026-07-21","Generated monitoring search for offline coverage. Open the source and verify any named vacancy before applying.","Generated live search","https://www.linkedin.com/jobs/search/?keywords=Digital%20Program%20Manager&location=Morocco&sortBy=DD"
"offline-medical-587","Technology Program Manager — Morocco","LinkedIn","Live Search","Morocco","Morocco","Morocco","High","Monitoring","","2026-07-21","Generated monitoring search for offline coverage. Open the source and verify any named vacancy before applying.","Generated live search","https://www.linkedin.com/jobs/search/?keywords=Technology%20Program%20Manager&location=Morocco&sortBy=DD"
"offline-medical-588","IT Program Manager — Morocco","LinkedIn","Live Search","Morocco","Morocco","Morocco","High","Monitoring","","2026-07-21","Generated monitoring search for offline coverage. Open the source and verify any named vacancy before applying.","Generated live search","https://www.linkedin.com/jobs/search/?keywords=IT%20Program%20Manager&location=Morocco&sortBy=DD"
"offline-medical-589","IT Governance Manager — Morocco","LinkedIn","Live Search","Morocco","Morocco","Morocco","High","Monitoring","","2026-07-21","Generated monitoring search for offline coverage. Open the source and verify any named vacancy before applying.","Generated live search","https://www.linkedin.com/jobs/search/?keywords=IT%20Governance%20Manager&location=Morocco&sortBy=DD"
"offline-medical-590","Data Governance Lead — Morocco","LinkedIn","Live Search","Morocco","Morocco","Morocco","High","Monitoring","","2026-07-21","Generated monitoring search for offline coverage. Open the source and verify any named vacancy before applying.","Generated live search","https://www.linkedin.com/jobs/search/?keywords=Data%20Governance%20Lead&location=Morocco&sortBy=DD"
"offline-medical-591","AI Governance Lead — Morocco","LinkedIn","Live Search","Morocco","Morocco","Morocco","High","Monitoring","","2026-07-21","Generated monitoring search for offline coverage. Open the source and verify any named vacancy before applying.","Generated live search","https://www.linkedin.com/jobs/search/?keywords=AI%20Governance%20Lead&location=Morocco&sortBy=DD"
"offline-medical-592","Cybersecurity Governance Manager — Morocco","LinkedIn","Live Search","Morocco","Morocco","Morocco","High","Monitoring","","2026-07-21","Generated monitoring search for offline coverage. Open the source and verify any named vacancy before applying.","Generated live search","https://www.linkedin.com/jobs/search/?keywords=Cybersecurity%20Governance%20Manager&location=Morocco&sortBy=DD"
"offline-medical-593","Healthcare IT Manager — Morocco","LinkedIn","Live Search","Morocco","Morocco","Morocco","High","Monitoring","","2026-07-21","Generated monitoring search for offline coverage. Open the source and verify any named vacancy before applying.","Generated live search","https://www.linkedin.com/jobs/search/?keywords=Healthcare%20IT%20Manager&location=Morocco&sortBy=DD"
"offline-medical-594","Health Information Systems Manager — Morocco","LinkedIn","Live Search","Morocco","Morocco","Morocco","High","Monitoring","","2026-07-21","Generated monitoring search for offline coverage. Open the source and verify any named vacancy before applying.","Generated live search","https://www.linkedin.com/jobs/search/?keywords=Health%20Information%20Systems%20Manager&location=Morocco&sortBy=DD"
"offline-medical-595","Digital Health Manager — Morocco","LinkedIn","Live Search","Morocco","Morocco","Morocco","High","Monitoring","","2026-07-21","Generated monitoring search for offline coverage. Open the source and verify any named vacancy before applying.","Generated live search","https://www.linkedin.com/jobs/search/?keywords=Digital%20Health%20Manager&location=Morocco&sortBy=DD"
"offline-medical-596","Medical Technology Manager — Morocco","LinkedIn","Live Search","Morocco","Morocco","Morocco","High","Monitoring","","2026-07-21","Generated monitoring search for offline coverage. Open the source and verify any named vacancy before applying.","Generated live search","https://www.linkedin.com/jobs/search/?keywords=Medical%20Technology%20Manager&location=Morocco&sortBy=DD"
"offline-medical-597","ERP Manager — Morocco","LinkedIn","Live Search","Morocco","Morocco","Morocco","High","Monitoring","","2026-07-21","Generated monitoring search for offline coverage. Open the source and verify any named vacancy before applying.","Generated live search","https://www.linkedin.com/jobs/search/?keywords=ERP%20Manager&location=Morocco&sortBy=DD"
"offline-medical-598","CRM Manager — Morocco","LinkedIn","Live Search","Morocco","Morocco","Morocco","High","Monitoring","","2026-07-21","Generated monitoring search for offline coverage. Open the source and verify any named vacancy before applying.","Generated live search","https://www.linkedin.com/jobs/search/?keywords=CRM%20Manager&location=Morocco&sortBy=DD"
"offline-medical-599","Business Intelligence Manager — Morocco","LinkedIn","Live Search","Morocco","Morocco","Morocco","High","Monitoring","","2026-07-21","Generated monitoring search for offline coverage. Open the source and verify any named vacancy before applying.","Generated live search","https://www.linkedin.com/jobs/search/?keywords=Business%20Intelligence%20Manager&location=Morocco&sortBy=DD"
"offline-medical-600","Data Platform Manager — Morocco","LinkedIn","Live Search","Morocco","Morocco","Morocco","High","Monitoring","","2026-07-21","Generated monitoring search for offline coverage. Open the source and verify any named vacancy before applying.","Generated live search","https://www.linkedin.com/jobs/search/?keywords=Data%20Platform%20Manager&location=Morocco&sortBy=DD"
"offline-medical-601","Data Warehouse Manager — Morocco","LinkedIn","Live Search","Morocco","Morocco","Morocco","High","Monitoring","","2026-07-21","Generated monitoring search for offline coverage. Open the source and verify any named vacancy before applying.","Generated live search","https://www.linkedin.com/jobs/search/?keywords=Data%20Warehouse%20Manager&location=Morocco&sortBy=DD"
"offline-medical-602","Technology Delivery Manager — Morocco","LinkedIn","Live Search","Morocco","Morocco","Morocco","High","Monitoring","","2026-07-21","Generated monitoring search for offline coverage. Open the source and verify any named vacancy before applying.","Generated live search","https://www.linkedin.com/jobs/search/?keywords=Technology%20Delivery%20Manager&location=Morocco&sortBy=DD"
"offline-medical-603","IT Service Delivery Manager — Morocco","LinkedIn","Live Search","Morocco","Morocco","Morocco","High","Monitoring","","2026-07-21","Generated monitoring search for offline coverage. Open the source and verify any named vacancy before applying.","Generated live search","https://www.linkedin.com/jobs/search/?keywords=IT%20Service%20Delivery%20Manager&location=Morocco&sortBy=DD"
"offline-medical-604","Technical Project Manager — Morocco","LinkedIn","Live Search","Morocco","Morocco","Morocco","High","Monitoring","","2026-07-21","Generated monitoring search for offline coverage. Open the source and verify any named vacancy before applying.","Generated live search","https://www.linkedin.com/jobs/search/?keywords=Technical%20Project%20Manager&location=Morocco&sortBy=DD"
"offline-medical-605","Program Management Office Lead — Morocco","LinkedIn","Live Search","Morocco","Morocco","Morocco","High","Monitoring","","2026-07-21","Generated monitoring search for offline coverage. Open the source and verify any named vacancy before applying.","Generated live search","https://www.linkedin.com/jobs/search/?keywords=Program%20Management%20Office%20Lead&location=Morocco&sortBy=DD"
"offline-medical-606","Technology Strategy Manager — Morocco","LinkedIn","Live Search","Morocco","Morocco","Morocco","High","Monitoring","","2026-07-21","Generated monitoring search for offline coverage. Open the source and verify any named vacancy before applying.","Generated live search","https://www.linkedin.com/jobs/search/?keywords=Technology%20Strategy%20Manager&location=Morocco&sortBy=DD"
"offline-medical-607","ICT Manager — Morocco","LinkedIn","Live Search","Morocco","Morocco","Morocco","High","Monitoring","","2026-07-21","Generated monitoring search for offline coverage. Open the source and verify any named vacancy before applying.","Generated live search","https://www.linkedin.com/jobs/search/?keywords=ICT%20Manager&location=Morocco&sortBy=DD"
"offline-medical-608","Regional IT Manager — Morocco","LinkedIn","Live Search","Morocco","Morocco","Morocco","High","Monitoring","","2026-07-21","Generated monitoring search for offline coverage. Open the source and verify any named vacancy before applying.","Generated live search","https://www.linkedin.com/jobs/search/?keywords=Regional%20IT%20Manager&location=Morocco&sortBy=DD"
"offline-medical-609","Country IT Manager — Morocco","LinkedIn","Live Search","Morocco","Morocco","Morocco","High","Monitoring","","2026-07-21","Generated monitoring search for offline coverage. Open the source and verify any named vacancy before applying.","Generated live search","https://www.linkedin.com/jobs/search/?keywords=Country%20IT%20Manager&location=Morocco&sortBy=DD"
"offline-medical-610","Technical Team Lead — Morocco","LinkedIn","Live Search","Morocco","Morocco","Morocco","High","Monitoring","","2026-07-21","Generated monitoring search for offline coverage. Open the source and verify any named vacancy before applying.","Generated live search","https://www.linkedin.com/jobs/search/?keywords=Technical%20Team%20Lead&location=Morocco&sortBy=DD"
"offline-medical-611","Enterprise Systems Lead — Morocco","LinkedIn","Live Search","Morocco","Morocco","Morocco","High","Monitoring","","2026-07-21","Generated monitoring search for offline coverage. Open the source and verify any named vacancy before applying.","Generated live search","https://www.linkedin.com/jobs/search/?keywords=Enterprise%20Systems%20Lead&location=Morocco&sortBy=DD"
"offline-medical-612","Chief Information Officer — Tunisia","LinkedIn","Live Search","Tunisia","Tunisia","Tunisia","High","Monitoring","","2026-07-21","Generated monitoring search for offline coverage. Open the source and verify any named vacancy before applying.","Generated live search","https://www.linkedin.com/jobs/search/?keywords=Chief%20Information%20Officer&location=Tunisia&sortBy=DD"
"offline-medical-613","Chief Technology Officer — Tunisia","LinkedIn","Live Search","Tunisia","Tunisia","Tunisia","High","Monitoring","","2026-07-21","Generated monitoring search for offline coverage. Open the source and verify any named vacancy before applying.","Generated live search","https://www.linkedin.com/jobs/search/?keywords=Chief%20Technology%20Officer&location=Tunisia&sortBy=DD"
"offline-medical-614","IT Director — Tunisia","LinkedIn","Live Search","Tunisia","Tunisia","Tunisia","High","Monitoring","","2026-07-21","Generated monitoring search for offline coverage. Open the source and verify any named vacancy before applying.","Generated live search","https://www.linkedin.com/jobs/search/?keywords=IT%20Director&location=Tunisia&sortBy=DD"
"offline-medical-615","Director of Digital Transformation — Tunisia","LinkedIn","Live Search","Tunisia","Tunisia","Tunisia","High","Monitoring","","2026-07-21","Generated monitoring search for offline coverage. Open the source and verify any named vacancy before applying.","Generated live search","https://www.linkedin.com/jobs/search/?keywords=Director%20of%20Digital%20Transformation&location=Tunisia&sortBy=DD"
"offline-medical-616","Head of Information Systems — Tunisia","LinkedIn","Live Search","Tunisia","Tunisia","Tunisia","High","Monitoring","","2026-07-21","Generated monitoring search for offline coverage. Open the source and verify any named vacancy before applying.","Generated live search","https://www.linkedin.com/jobs/search/?keywords=Head%20of%20Information%20Systems&location=Tunisia&sortBy=DD"
"offline-medical-617","Head of Enterprise Applications — Tunisia","LinkedIn","Live Search","Tunisia","Tunisia","Tunisia","High","Monitoring","","2026-07-21","Generated monitoring search for offline coverage. Open the source and verify any named vacancy before applying.","Generated live search","https://www.linkedin.com/jobs/search/?keywords=Head%20of%20Enterprise%20Applications&location=Tunisia&sortBy=DD"
"offline-medical-618","Head of Digital Transformation — Tunisia","LinkedIn","Live Search","Tunisia","Tunisia","Tunisia","High","Monitoring","","2026-07-21","Generated monitoring search for offline coverage. Open the source and verify any named vacancy before applying.","Generated live search","https://www.linkedin.com/jobs/search/?keywords=Head%20of%20Digital%20Transformation&location=Tunisia&sortBy=DD"
"offline-medical-619","Enterprise Architect — Tunisia","LinkedIn","Live Search","Tunisia","Tunisia","Tunisia","High","Monitoring","","2026-07-21","Generated monitoring search for offline coverage. Open the source and verify any named vacancy before applying.","Generated live search","https://www.linkedin.com/jobs/search/?keywords=Enterprise%20Architect&location=Tunisia&sortBy=DD"
"offline-medical-620","Solution Architect — Tunisia","LinkedIn","Live Search","Tunisia","Tunisia","Tunisia","High","Monitoring","","2026-07-21","Generated monitoring search for offline coverage. Open the source and verify any named vacancy before applying.","Generated live search","https://www.linkedin.com/jobs/search/?keywords=Solution%20Architect&location=Tunisia&sortBy=DD"
"offline-medical-621","Business Architect — Tunisia","LinkedIn","Live Search","Tunisia","Tunisia","Tunisia","High","Monitoring","","2026-07-21","Generated monitoring search for offline coverage. Open the source and verify any named vacancy before applying.","Generated live search","https://www.linkedin.com/jobs/search/?keywords=Business%20Architect&location=Tunisia&sortBy=DD"
"offline-medical-622","Technology Architect — Tunisia","LinkedIn","Live Search","Tunisia","Tunisia","Tunisia","High","Monitoring","","2026-07-21","Generated monitoring search for offline coverage. Open the source and verify any named vacancy before applying.","Generated live search","https://www.linkedin.com/jobs/search/?keywords=Technology%20Architect&location=Tunisia&sortBy=DD"
"offline-medical-623","Data Architect — Tunisia","LinkedIn","Live Search","Tunisia","Tunisia","Tunisia","High","Monitoring","","2026-07-21","Generated monitoring search for offline coverage. Open the source and verify any named vacancy before applying.","Generated live search","https://www.linkedin.com/jobs/search/?keywords=Data%20Architect&location=Tunisia&sortBy=DD"
"offline-medical-624","Cloud Architect — Tunisia","LinkedIn","Live Search","Tunisia","Tunisia","Tunisia","High","Monitoring","","2026-07-21","Generated monitoring search for offline coverage. Open the source and verify any named vacancy before applying.","Generated live search","https://www.linkedin.com/jobs/search/?keywords=Cloud%20Architect&location=Tunisia&sortBy=DD"
"offline-medical-625","Integration Architect — Tunisia","LinkedIn","Live Search","Tunisia","Tunisia","Tunisia","High","Monitoring","","2026-07-21","Generated monitoring search for offline coverage. Open the source and verify any named vacancy before applying.","Generated live search","https://www.linkedin.com/jobs/search/?keywords=Integration%20Architect&location=Tunisia&sortBy=DD"
"offline-medical-626","Applications Manager — Tunisia","LinkedIn","Live Search","Tunisia","Tunisia","Tunisia","High","Monitoring","","2026-07-21","Generated monitoring search for offline coverage. Open the source and verify any named vacancy before applying.","Generated live search","https://www.linkedin.com/jobs/search/?keywords=Applications%20Manager&location=Tunisia&sortBy=DD"
"offline-medical-627","Enterprise Applications Manager — Tunisia","LinkedIn","Live Search","Tunisia","Tunisia","Tunisia","High","Monitoring","","2026-07-21","Generated monitoring search for offline coverage. Open the source and verify any named vacancy before applying.","Generated live search","https://www.linkedin.com/jobs/search/?keywords=Enterprise%20Applications%20Manager&location=Tunisia&sortBy=DD"
"offline-medical-628","Systems Manager — Tunisia","LinkedIn","Live Search","Tunisia","Tunisia","Tunisia","High","Monitoring","","2026-07-21","Generated monitoring search for offline coverage. Open the source and verify any named vacancy before applying.","Generated live search","https://www.linkedin.com/jobs/search/?keywords=Systems%20Manager&location=Tunisia&sortBy=DD"
"offline-medical-629","Information Systems Manager — Tunisia","LinkedIn","Live Search","Tunisia","Tunisia","Tunisia","High","Monitoring","","2026-07-21","Generated monitoring search for offline coverage. Open the source and verify any named vacancy before applying.","Generated live search","https://www.linkedin.com/jobs/search/?keywords=Information%20Systems%20Manager&location=Tunisia&sortBy=DD"
"offline-medical-630","IT Operations Manager — Tunisia","LinkedIn","Live Search","Tunisia","Tunisia","Tunisia","High","Monitoring","","2026-07-21","Generated monitoring search for offline coverage. Open the source and verify any named vacancy before applying.","Generated live search","https://www.linkedin.com/jobs/search/?keywords=IT%20Operations%20Manager&location=Tunisia&sortBy=DD"
"offline-medical-631","Infrastructure Manager — Tunisia","LinkedIn","Live Search","Tunisia","Tunisia","Tunisia","High","Monitoring","","2026-07-21","Generated monitoring search for offline coverage. Open the source and verify any named vacancy before applying.","Generated live search","https://www.linkedin.com/jobs/search/?keywords=Infrastructure%20Manager&location=Tunisia&sortBy=DD"
"offline-medical-632","Digital Transformation Manager — Tunisia","LinkedIn","Live Search","Tunisia","Tunisia","Tunisia","High","Monitoring","","2026-07-21","Generated monitoring search for offline coverage. Open the source and verify any named vacancy before applying.","Generated live search","https://www.linkedin.com/jobs/search/?keywords=Digital%20Transformation%20Manager&location=Tunisia&sortBy=DD"
"offline-medical-633","Digital Program Manager — Tunisia","LinkedIn","Live Search","Tunisia","Tunisia","Tunisia","High","Monitoring","","2026-07-21","Generated monitoring search for offline coverage. Open the source and verify any named vacancy before applying.","Generated live search","https://www.linkedin.com/jobs/search/?keywords=Digital%20Program%20Manager&location=Tunisia&sortBy=DD"
"offline-medical-634","Technology Program Manager — Tunisia","LinkedIn","Live Search","Tunisia","Tunisia","Tunisia","High","Monitoring","","2026-07-21","Generated monitoring search for offline coverage. Open the source and verify any named vacancy before applying.","Generated live search","https://www.linkedin.com/jobs/search/?keywords=Technology%20Program%20Manager&location=Tunisia&sortBy=DD"
"offline-medical-635","IT Program Manager — Tunisia","LinkedIn","Live Search","Tunisia","Tunisia","Tunisia","High","Monitoring","","2026-07-21","Generated monitoring search for offline coverage. Open the source and verify any named vacancy before applying.","Generated live search","https://www.linkedin.com/jobs/search/?keywords=IT%20Program%20Manager&location=Tunisia&sortBy=DD"
"offline-medical-636","IT Governance Manager — Tunisia","LinkedIn","Live Search","Tunisia","Tunisia","Tunisia","High","Monitoring","","2026-07-21","Generated monitoring search for offline coverage. Open the source and verify any named vacancy before applying.","Generated live search","https://www.linkedin.com/jobs/search/?keywords=IT%20Governance%20Manager&location=Tunisia&sortBy=DD"
"offline-medical-637","Data Governance Lead — Tunisia","LinkedIn","Live Search","Tunisia","Tunisia","Tunisia","High","Monitoring","","2026-07-21","Generated monitoring search for offline coverage. Open the source and verify any named vacancy before applying.","Generated live search","https://www.linkedin.com/jobs/search/?keywords=Data%20Governance%20Lead&location=Tunisia&sortBy=DD"
"offline-medical-638","AI Governance Lead — Tunisia","LinkedIn","Live Search","Tunisia","Tunisia","Tunisia","High","Monitoring","","2026-07-21","Generated monitoring search for offline coverage. Open the source and verify any named vacancy before applying.","Generated live search","https://www.linkedin.com/jobs/search/?keywords=AI%20Governance%20Lead&location=Tunisia&sortBy=DD"
"offline-medical-639","Cybersecurity Governance Manager — Tunisia","LinkedIn","Live Search","Tunisia","Tunisia","Tunisia","High","Monitoring","","2026-07-21","Generated monitoring search for offline coverage. Open the source and verify any named vacancy before applying.","Generated live search","https://www.linkedin.com/jobs/search/?keywords=Cybersecurity%20Governance%20Manager&location=Tunisia&sortBy=DD"