id,record_type,category,title,organization,subtitle,role_family,type,industry,region,country,location,availability_status,published_date,expiry_date,last_checked,posted_text,source,source_quality,source_quality_label,verification_level,match_score,fit,priority_tier,url,notes
job-00001,Platform-Indexed Vacancy,job,Head of Digital Transformation,Emirates NBD Egypt,Emirates NBD Egypt,Digital Transformation,Digital Transformation,Technology & Consulting,Egypt,Egypt,Cairo,Possibly Available,2026-07-06,,2026-07-20,Listed 2 weeks ago,LinkedIn current search,B,Recognized job platform,Platform,62,Medium,,https://eg.linkedin.com/jobs/digital-transformation-manager-jobs?countryRedirected=1,"Verify eligibility, deadline and work authorization on the linked source before applying."
job-00002,Platform-Indexed Vacancy,job,"Consulting Manager - Digital, Visa Consulting and Analytics",Visa,Visa,Digital Transformation,Digital Transformation,Technology & Consulting,Egypt,Egypt,Egypt,Possibly Available,2026-07-16,,2026-07-20,Listed 4 days ago,LinkedIn current search,B,Recognized job platform,Platform,64,Medium,,https://eg.linkedin.com/jobs/digital-transformation-manager-jobs?countryRedirected=1,"Verify eligibility, deadline and work authorization on the linked source before applying."
job-00003,Platform-Indexed Vacancy,job,Odoo Implementer & Digital Transformation Manager,Misr Radiology Center,Misr Radiology Center,Digital Transformation,Digital Transformation,Technology & Consulting,Egypt,Egypt,Cairo,Possibly Available,2026-07-20,,2026-07-20,Listed 11 hours ago,LinkedIn current search,B,Recognized job platform,Platform,62,Medium,,https://eg.linkedin.com/jobs/digital-transformation-manager-jobs?countryRedirected=1,"Verify eligibility, deadline and work authorization on the linked source before applying."
job-00004,Platform-Indexed Vacancy,job,Senior AI / Digital Transformation Expert,Accenture,Accenture,AI & Automation,AI & Automation,Technology & Consulting,Egypt,Egypt,Cairo,Possibly Available,2026-07-13,,2026-07-20,Listed 1 week ago,LinkedIn current search,B,Recognized job platform,Platform,60,Medium,,https://eg.linkedin.com/jobs/digital-transformation-manager-jobs?countryRedirected=1,"Verify eligibility, deadline and work authorization on the linked source before applying."
job-00005,Platform-Indexed Vacancy,job,AI Architect,Deloitte Innovation Hub,Deloitte Innovation Hub,AI & Automation,AI & Automation,Other Multinational & Enterprise,Egypt,Egypt,Cairo,Possibly Available,2026-07-13,,2026-07-20,Listed 1 week ago,LinkedIn current search,B,Recognized job platform,Platform,58,Low,,https://eg.linkedin.com/jobs/digital-transformation-manager-jobs?countryRedirected=1,"Verify eligibility, deadline and work authorization on the linked source before applying."
job-00006,Platform-Indexed Vacancy,job,Platform Architect - OT/IT,Coca-Cola HBC,Coca-Cola HBC,Solution Architecture,Solution Architecture,Other Multinational & Enterprise,Egypt,Egypt,Cairo,Possibly Available,2026-07-13,,2026-07-20,Listed 1 week ago,LinkedIn current search,B,Recognized job platform,Platform,64,Medium,,https://eg.linkedin.com/jobs/digital-transformation-manager-jobs?countryRedirected=1,"Verify eligibility, deadline and work authorization on the linked source before applying."
job-00007,Platform-Indexed Vacancy,job,Business Transformation Lead,VOIS,VOIS,Digital Transformation,Digital Transformation,Technology & Consulting,Egypt,Egypt,Giza,Possibly Available,2026-07-13,,2026-07-20,Listed 1 week ago,LinkedIn current search,B,Recognized job platform,Platform,62,Medium,,https://eg.linkedin.com/jobs/digital-transformation-manager-jobs?countryRedirected=1,"Verify eligibility, deadline and work authorization on the linked source before applying."
job-00008,Platform-Indexed Vacancy,job,Associate Director - MENA Chief Data Officer,EY,EY,Data & Governance,Data & Governance,Technology & Consulting,Egypt,Egypt,Cairo,Possibly Available,2026-07-20,,2026-07-20,Listed 13 hours ago,LinkedIn current search,B,Recognized job platform,Platform,65,Medium,,https://eg.linkedin.com/jobs/digital-transformation-manager-jobs?countryRedirected=1,"Verify eligibility, deadline and work authorization on the linked source before applying."
job-00009,Platform-Indexed Vacancy,job,IT Solution Architect,VOIS,VOIS,Solution Architecture,Solution Architecture,Other Multinational & Enterprise,Egypt,Egypt,Giza,Expired,,,2026-07-20,Listing page available,LinkedIn,B,Recognized job platform,Platform,64,Medium,,https://www.linkedin.com/jobs/view/4356560149,Verify listing remains open
job-00010,Platform-Indexed Vacancy,job,Architecture Advisor Expert,SAP,SAP,Enterprise Architecture,Enterprise Architecture,Technology & Consulting,Egypt,Egypt,Cairo,Possibly Available,2026-07-06,,2026-07-20,Listed 2 weeks ago,LinkedIn current search,B,Recognized job platform,Platform,67,Medium,,https://eg.linkedin.com/jobs/digital-transformation-manager-jobs?countryRedirected=1,"Verify eligibility, deadline and work authorization on the linked source before applying."
job-00011,Platform-Indexed Vacancy,job,ETIC Solution Architecture Director,PwC,PwC,Solution Architecture,Solution Architecture,Other Multinational & Enterprise,Egypt,Egypt,Cairo,Possibly Available,2026-07-06,,2026-07-20,Listed 2 weeks ago,LinkedIn current search,B,Recognized job platform,Platform,67,Medium,,https://eg.linkedin.com/jobs/digital-transformation-manager-jobs?countryRedirected=1,"Verify eligibility, deadline and work authorization on the linked source before applying."
job-00012,Platform-Indexed Vacancy,job,Cloud Architect Section Head,eFinance,eFinance,Cloud & Platforms,Cloud & Platforms,Technology & Consulting,Egypt,Egypt,Giza,Possibly Available,2026-07-18,,2026-07-20,Listed 2 days ago,LinkedIn current search,B,Recognized job platform,Platform,60,Medium,,https://eg.linkedin.com/jobs/digital-transformation-manager-jobs?countryRedirected=1,"Verify eligibility, deadline and work authorization on the linked source before applying."
job-00013,Platform-Indexed Vacancy,job,Enterprise Architect,Veeam Software,Veeam Software,Enterprise Architecture,Enterprise Architecture,Technology & Consulting,Egypt,Egypt,Egypt,Possibly Available,2026-07-13,,2026-07-20,Listed 1 week ago,LinkedIn current search,B,Recognized job platform,Platform,67,Medium,,https://eg.linkedin.com/jobs/digital-transformation-manager-jobs?countryRedirected=1,"Verify eligibility, deadline and work authorization on the linked source before applying."
job-00014,Platform-Indexed Vacancy,job,Solution Architect - Technical Governance Lead,Konecta,Konecta,Solution Architecture,Solution Architecture,Other Multinational & Enterprise,Egypt,Egypt,New Cairo,Possibly Available,2026-07-06,,2026-07-20,Listed 2 weeks ago,LinkedIn current search,B,Recognized job platform,Platform,65,Medium,,https://www.linkedin.com/jobs/konecta-jobs-worldwide?f_AL=true,"Verify eligibility, deadline and work authorization on the linked source before applying."
job-00015,Platform-Indexed Vacancy,job,Solution Architect,Konecta,Konecta,Solution Architecture,Solution Architecture,Other Multinational & Enterprise,Egypt,Egypt,New Cairo,Possibly Available,2026-07-13,,2026-07-20,Listed 1 week ago,LinkedIn current search,B,Recognized job platform,Platform,64,Medium,,https://www.linkedin.com/jobs/konecta-jobs-worldwide?f_AL=true,"Verify eligibility, deadline and work authorization on the linked source before applying."
job-00016,Platform-Indexed Vacancy,job,Health Informatics Supervisor,eHealth,eHealth,Healthcare IT,Healthcare IT,Healthcare & Life Sciences,Egypt,Egypt,Giza,Possibly Available,2026-07-13,,2026-07-20,Listed 1 week ago - no longer accepting,LinkedIn,B,Recognized job platform,Platform,58,Low,,https://eg.linkedin.com/jobs/view/health-informatics-supervisor-at-ehealth-4437768572,"Verify eligibility, deadline and work authorization on the linked source before applying."
job-00017,Platform-Indexed Vacancy,job,Enterprise Architect — LinkedIn Live Search,Egypt,Egypt,Live Job Search,Live Job Search,Technology & Consulting,Egypt,Egypt,Live / varies,Possibly Available,,,2026-07-20,Live search sorted toward newest results,LinkedIn,B,Recognized job platform,Platform,65,Medium,,https://www.linkedin.com/jobs/search/?keywords=Enterprise+Architect&sortBy=DD&location=Egypt,"Egypt live-search pack. This is a live search link, not one fixed vacancy."
job-00018,Platform-Indexed Vacancy,job,Enterprise Architect — Wuzzuf Live Search,Egypt,Egypt,Live Job Search,Live Job Search,Technology & Consulting,Egypt,Egypt,Live / varies,Possibly Available,,,2026-07-20,Live search sorted toward newest results,Wuzzuf,B,Recognized job platform,Platform,65,Medium,,https://wuzzuf.net/search/jobs/?q=Enterprise+Architect&a=navbl,"Egypt live-search pack. This is a live search link, not one fixed vacancy."
job-00019,Platform-Indexed Vacancy,job,Enterprise Architect — Bayt Live Search,Egypt,Egypt,Live Job Search,Live Job Search,Technology & Consulting,Egypt,Egypt,Live / varies,Possibly Available,,,2026-07-20,Live search sorted toward newest results,Bayt,B,Recognized job platform,Platform,65,Medium,,https://www.bayt.com/en/egypt/jobs/Enterprise%20Architect-jobs/,"Egypt live-search pack. This is a live search link, not one fixed vacancy."
job-00021,Platform-Indexed Vacancy,job,Solution Architect — LinkedIn Live Search,Egypt,Egypt,Live Job Search,Live Job Search,Other Multinational & Enterprise,Egypt,Egypt,Live / varies,Possibly Available,,,2026-07-20,Live search sorted toward newest results,LinkedIn,B,Recognized job platform,Platform,62,Medium,,https://www.linkedin.com/jobs/search/?keywords=Solution+Architect&sortBy=DD&location=Egypt,"Egypt live-search pack. This is a live search link, not one fixed vacancy."
job-00022,Platform-Indexed Vacancy,job,Solution Architect — Wuzzuf Live Search,Egypt,Egypt,Live Job Search,Live Job Search,Other Multinational & Enterprise,Egypt,Egypt,Live / varies,Possibly Available,,,2026-07-20,Live search sorted toward newest results,Wuzzuf,B,Recognized job platform,Platform,62,Medium,,https://wuzzuf.net/search/jobs/?q=Solution+Architect&a=navbl,"Egypt live-search pack. This is a live search link, not one fixed vacancy."
job-00023,Platform-Indexed Vacancy,job,Solution Architect — Bayt Live Search,Egypt,Egypt,Live Job Search,Live Job Search,Other Multinational & Enterprise,Egypt,Egypt,Live / varies,Possibly Available,,,2026-07-20,Live search sorted toward newest results,Bayt,B,Recognized job platform,Platform,62,Medium,,https://www.bayt.com/en/egypt/jobs/Solution%20Architect-jobs/,"Egypt live-search pack. This is a live search link, not one fixed vacancy."
job-00025,Platform-Indexed Vacancy,job,Digital Transformation Manager — LinkedIn Live Search,Egypt,Egypt,Live Job Search,Live Job Search,Technology & Consulting,Egypt,Egypt,Live / varies,Possibly Available,,,2026-07-20,Live search sorted toward newest results,LinkedIn,B,Recognized job platform,Platform,62,Medium,,https://www.linkedin.com/jobs/search/?keywords=Digital+Transformation+Manager&sortBy=DD&location=Egypt,"Egypt live-search pack. This is a live search link, not one fixed vacancy."
job-00026,Platform-Indexed Vacancy,job,Digital Transformation Manager — Wuzzuf Live Search,Egypt,Egypt,Live Job Search,Live Job Search,Technology & Consulting,Egypt,Egypt,Live / varies,Possibly Available,,,2026-07-20,Live search sorted toward newest results,Wuzzuf,B,Recognized job platform,Platform,62,Medium,,https://wuzzuf.net/search/jobs/?q=Digital+Transformation+Manager&a=navbl,"Egypt live-search pack. This is a live search link, not one fixed vacancy."
job-00027,Platform-Indexed Vacancy,job,Digital Transformation Manager — Bayt Live Search,Egypt,Egypt,Live Job Search,Live Job Search,Technology & Consulting,Egypt,Egypt,Live / varies,Possibly Available,,,2026-07-20,Live search sorted toward newest results,Bayt,B,Recognized job platform,Platform,62,Medium,,https://www.bayt.com/en/egypt/jobs/Digital%20Transformation%20Manager-jobs/,"Egypt live-search pack. This is a live search link, not one fixed vacancy."
job-00029,Platform-Indexed Vacancy,job,IT Director — LinkedIn Live Search,Egypt,Egypt,Live Job Search,Live Job Search,Other Multinational & Enterprise,Egypt,Egypt,Live / varies,Possibly Available,,,2026-07-20,Live search sorted toward newest results,LinkedIn,B,Recognized job platform,Platform,65,Medium,,https://www.linkedin.com/jobs/search/?keywords=IT+Director&sortBy=DD&location=Egypt,"Egypt live-search pack. This is a live search link, not one fixed vacancy."
job-00030,Platform-Indexed Vacancy,job,IT Director — Wuzzuf Live Search,Egypt,Egypt,Live Job Search,Live Job Search,Other Multinational & Enterprise,Egypt,Egypt,Live / varies,Possibly Available,,,2026-07-20,Live search sorted toward newest results,Wuzzuf,B,Recognized job platform,Platform,65,Medium,,https://wuzzuf.net/search/jobs/?q=IT+Director&a=navbl,"Egypt live-search pack. This is a live search link, not one fixed vacancy."
job-00031,Platform-Indexed Vacancy,job,IT Director — Bayt Live Search,Egypt,Egypt,Live Job Search,Live Job Search,Other Multinational & Enterprise,Egypt,Egypt,Live / varies,Possibly Available,,,2026-07-20,Live search sorted toward newest results,Bayt,B,Recognized job platform,Platform,65,Medium,,https://www.bayt.com/en/egypt/jobs/IT%20Director-jobs/,"Egypt live-search pack. This is a live search link, not one fixed vacancy."
job-00033,Platform-Indexed Vacancy,job,Head of Technology — LinkedIn Live Search,Egypt,Egypt,Live Job Search,Live Job Search,Technology & Consulting,Egypt,Egypt,Live / varies,Possibly Available,,,2026-07-20,Live search sorted toward newest results,LinkedIn,B,Recognized job platform,Platform,58,Low,,https://www.linkedin.com/jobs/search/?keywords=Head+of+Technology&sortBy=DD&location=Egypt,"Egypt live-search pack. This is a live search link, not one fixed vacancy."
job-00034,Platform-Indexed Vacancy,job,Head of Technology — Wuzzuf Live Search,Egypt,Egypt,Live Job Search,Live Job Search,Technology & Consulting,Egypt,Egypt,Live / varies,Possibly Available,,,2026-07-20,Live search sorted toward newest results,Wuzzuf,B,Recognized job platform,Platform,58,Low,,https://wuzzuf.net/search/jobs/?q=Head+of+Technology&a=navbl,"Egypt live-search pack. This is a live search link, not one fixed vacancy."
job-00035,Platform-Indexed Vacancy,job,Head of Technology — Bayt Live Search,Egypt,Egypt,Live Job Search,Live Job Search,Technology & Consulting,Egypt,Egypt,Live / varies,Possibly Available,,,2026-07-20,Live search sorted toward newest results,Bayt,B,Recognized job platform,Platform,58,Low,,https://www.bayt.com/en/egypt/jobs/Head%20of%20Technology-jobs/,"Egypt live-search pack. This is a live search link, not one fixed vacancy."
job-00037,Platform-Indexed Vacancy,job,Technology Director — LinkedIn Live Search,Egypt,Egypt,Live Job Search,Live Job Search,Technology & Consulting,Egypt,Egypt,Live / varies,Possibly Available,,,2026-07-20,Live search sorted toward newest results,LinkedIn,B,Recognized job platform,Platform,65,Medium,,https://www.linkedin.com/jobs/search/?keywords=Technology+Director&sortBy=DD&location=Egypt,"Egypt live-search pack. This is a live search link, not one fixed vacancy."
job-00038,Platform-Indexed Vacancy,job,Technology Director — Wuzzuf Live Search,Egypt,Egypt,Live Job Search,Live Job Search,Technology & Consulting,Egypt,Egypt,Live / varies,Possibly Available,,,2026-07-20,Live search sorted toward newest results,Wuzzuf,B,Recognized job platform,Platform,65,Medium,,https://wuzzuf.net/search/jobs/?q=Technology+Director&a=navbl,"Egypt live-search pack. This is a live search link, not one fixed vacancy."
job-00039,Platform-Indexed Vacancy,job,Technology Director — Bayt Live Search,Egypt,Egypt,Live Job Search,Live Job Search,Technology & Consulting,Egypt,Egypt,Live / varies,Possibly Available,,,2026-07-20,Live search sorted toward newest results,Bayt,B,Recognized job platform,Platform,65,Medium,,https://www.bayt.com/en/egypt/jobs/Technology%20Director-jobs/,"Egypt live-search pack. This is a live search link, not one fixed vacancy."
job-00041,Platform-Indexed Vacancy,job,IT Strategy Manager — LinkedIn Live Search,Egypt,Egypt,Live Job Search,Live Job Search,Other Multinational & Enterprise,Egypt,Egypt,Live / varies,Possibly Available,,,2026-07-20,Live search sorted toward newest results,LinkedIn,B,Recognized job platform,Platform,62,Medium,,https://www.linkedin.com/jobs/search/?keywords=IT+Strategy+Manager&sortBy=DD&location=Egypt,"Egypt live-search pack. This is a live search link, not one fixed vacancy."
job-00042,Platform-Indexed Vacancy,job,IT Strategy Manager — Wuzzuf Live Search,Egypt,Egypt,Live Job Search,Live Job Search,Other Multinational & Enterprise,Egypt,Egypt,Live / varies,Possibly Available,,,2026-07-20,Live search sorted toward newest results,Wuzzuf,B,Recognized job platform,Platform,62,Medium,,https://wuzzuf.net/search/jobs/?q=IT+Strategy+Manager&a=navbl,"Egypt live-search pack. This is a live search link, not one fixed vacancy."
job-00043,Platform-Indexed Vacancy,job,IT Strategy Manager — Bayt Live Search,Egypt,Egypt,Live Job Search,Live Job Search,Other Multinational & Enterprise,Egypt,Egypt,Live / varies,Possibly Available,,,2026-07-20,Live search sorted toward newest results,Bayt,B,Recognized job platform,Platform,62,Medium,,https://www.bayt.com/en/egypt/jobs/IT%20Strategy%20Manager-jobs/,"Egypt live-search pack. This is a live search link, not one fixed vacancy."
job-00045,Platform-Indexed Vacancy,job,Data Architect — LinkedIn Live Search,Egypt,Egypt,Live Job Search,Live Job Search,Technology & Consulting,Egypt,Egypt,Live / varies,Possibly Available,,,2026-07-20,Live search sorted toward newest results,LinkedIn,B,Recognized job platform,Platform,60,Medium,,https://www.linkedin.com/jobs/search/?keywords=Data+Architect&sortBy=DD&location=Egypt,"Egypt live-search pack. This is a live search link, not one fixed vacancy."
job-00046,Platform-Indexed Vacancy,job,Data Architect — Wuzzuf Live Search,Egypt,Egypt,Live Job Search,Live Job Search,Technology & Consulting,Egypt,Egypt,Live / varies,Possibly Available,,,2026-07-20,Live search sorted toward newest results,Wuzzuf,B,Recognized job platform,Platform,60,Medium,,https://wuzzuf.net/search/jobs/?q=Data+Architect&a=navbl,"Egypt live-search pack. This is a live search link, not one fixed vacancy."
job-00047,Platform-Indexed Vacancy,job,Data Architect — Bayt Live Search,Egypt,Egypt,Live Job Search,Live Job Search,Technology & Consulting,Egypt,Egypt,Live / varies,Possibly Available,,,2026-07-20,Live search sorted toward newest results,Bayt,B,Recognized job platform,Platform,60,Medium,,https://www.bayt.com/en/egypt/jobs/Data%20Architect-jobs/,"Egypt live-search pack. This is a live search link, not one fixed vacancy."
job-00049,Platform-Indexed Vacancy,job,Data Governance Manager — LinkedIn Live Search,Egypt,Egypt,Live Job Search,Live Job Search,Technology & Consulting,Egypt,Egypt,Live / varies,Possibly Available,,,2026-07-20,Live search sorted toward newest results,LinkedIn,B,Recognized job platform,Platform,65,Medium,,https://www.linkedin.com/jobs/search/?keywords=Data+Governance+Manager&sortBy=DD&location=Egypt,"Egypt live-search pack. This is a live search link, not one fixed vacancy."
job-00050,Platform-Indexed Vacancy,job,Data Governance Manager — Wuzzuf Live Search,Egypt,Egypt,Live Job Search,Live Job Search,Technology & Consulting,Egypt,Egypt,Live / varies,Possibly Available,,,2026-07-20,Live search sorted toward newest results,Wuzzuf,B,Recognized job platform,Platform,65,Medium,,https://wuzzuf.net/search/jobs/?q=Data+Governance+Manager&a=navbl,"Egypt live-search pack. This is a live search link, not one fixed vacancy."
job-00051,Platform-Indexed Vacancy,job,Data Governance Manager — Bayt Live Search,Egypt,Egypt,Live Job Search,Live Job Search,Technology & Consulting,Egypt,Egypt,Live / varies,Possibly Available,,,2026-07-20,Live search sorted toward newest results,Bayt,B,Recognized job platform,Platform,65,Medium,,https://www.bayt.com/en/egypt/jobs/Data%20Governance%20Manager-jobs/,"Egypt live-search pack. This is a live search link, not one fixed vacancy."
job-00053,Platform-Indexed Vacancy,job,Chief Data Officer — LinkedIn Live Search,Egypt,Egypt,Live Job Search,Live Job Search,Technology & Consulting,Egypt,Egypt,Live / varies,Possibly Available,,,2026-07-20,Live search sorted toward newest results,LinkedIn,B,Recognized job platform,Platform,60,Medium,,https://www.linkedin.com/jobs/search/?keywords=Chief+Data+Officer&sortBy=DD&location=Egypt,"Egypt live-search pack. This is a live search link, not one fixed vacancy."
job-00054,Platform-Indexed Vacancy,job,Chief Data Officer — Wuzzuf Live Search,Egypt,Egypt,Live Job Search,Live Job Search,Technology & Consulting,Egypt,Egypt,Live / varies,Possibly Available,,,2026-07-20,Live search sorted toward newest results,Wuzzuf,B,Recognized job platform,Platform,60,Medium,,https://wuzzuf.net/search/jobs/?q=Chief+Data+Officer&a=navbl,"Egypt live-search pack. This is a live search link, not one fixed vacancy."
job-00055,Platform-Indexed Vacancy,job,Chief Data Officer — Bayt Live Search,Egypt,Egypt,Live Job Search,Live Job Search,Technology & Consulting,Egypt,Egypt,Live / varies,Possibly Available,,,2026-07-20,Live search sorted toward newest results,Bayt,B,Recognized job platform,Platform,60,Medium,,https://www.bayt.com/en/egypt/jobs/Chief%20Data%20Officer-jobs/,"Egypt live-search pack. This is a live search link, not one fixed vacancy."
job-00057,Platform-Indexed Vacancy,job,Healthcare IT Manager — LinkedIn Live Search,Egypt,Egypt,Live Job Search,Live Job Search,Healthcare & Life Sciences,Egypt,Egypt,Live / varies,Possibly Available,,,2026-07-20,Live search sorted toward newest results,LinkedIn,B,Recognized job platform,Platform,64,Medium,,https://www.linkedin.com/jobs/search/?keywords=Healthcare+IT+Manager&sortBy=DD&location=Egypt,"Egypt live-search pack. This is a live search link, not one fixed vacancy."
job-00058,Platform-Indexed Vacancy,job,Healthcare IT Manager — Wuzzuf Live Search,Egypt,Egypt,Live Job Search,Live Job Search,Healthcare & Life Sciences,Egypt,Egypt,Live / varies,Possibly Available,,,2026-07-20,Live search sorted toward newest results,Wuzzuf,B,Recognized job platform,Platform,64,Medium,,https://wuzzuf.net/search/jobs/?q=Healthcare+IT+Manager&a=navbl,"Egypt live-search pack. This is a live search link, not one fixed vacancy."
job-00059,Platform-Indexed Vacancy,job,Healthcare IT Manager — Bayt Live Search,Egypt,Egypt,Live Job Search,Live Job Search,Healthcare & Life Sciences,Egypt,Egypt,Live / varies,Possibly Available,,,2026-07-20,Live search sorted toward newest results,Bayt,B,Recognized job platform,Platform,64,Medium,,https://www.bayt.com/en/egypt/jobs/Healthcare%20IT%20Manager-jobs/,"Egypt live-search pack. This is a live search link, not one fixed vacancy."
job-00061,Platform-Indexed Vacancy,job,Health Informatics — LinkedIn Live Search,Egypt,Egypt,Live Job Search,Live Job Search,Healthcare & Life Sciences,Egypt,Egypt,Live / varies,Possibly Available,,,2026-07-20,Live search sorted toward newest results,LinkedIn,B,Recognized job platform,Platform,54,Low,,https://www.linkedin.com/jobs/search/?keywords=Health+Informatics&sortBy=DD&location=Egypt,"Egypt live-search pack. This is a live search link, not one fixed vacancy."
job-00062,Platform-Indexed Vacancy,job,Health Informatics — Wuzzuf Live Search,Egypt,Egypt,Live Job Search,Live Job Search,Healthcare & Life Sciences,Egypt,Egypt,Live / varies,Possibly Available,,,2026-07-20,Live search sorted toward newest results,Wuzzuf,B,Recognized job platform,Platform,54,Low,,https://wuzzuf.net/search/jobs/?q=Health+Informatics&a=navbl,"Egypt live-search pack. This is a live search link, not one fixed vacancy."
job-00063,Platform-Indexed Vacancy,job,Health Informatics — Bayt Live Search,Egypt,Egypt,Live Job Search,Live Job Search,Healthcare & Life Sciences,Egypt,Egypt,Live / varies,Possibly Available,,,2026-07-20,Live search sorted toward newest results,Bayt,B,Recognized job platform,Platform,54,Low,,https://www.bayt.com/en/egypt/jobs/Health%20Informatics-jobs/,"Egypt live-search pack. This is a live search link, not one fixed vacancy."
job-00065,Platform-Indexed Vacancy,job,Digital Health — LinkedIn Live Search,Egypt,Egypt,Live Job Search,Live Job Search,Healthcare & Life Sciences,Egypt,Egypt,Live / varies,Possibly Available,,,2026-07-20,Live search sorted toward newest results,LinkedIn,B,Recognized job platform,Platform,58,Low,,https://www.linkedin.com/jobs/search/?keywords=Digital+Health&sortBy=DD&location=Egypt,"Egypt live-search pack. This is a live search link, not one fixed vacancy."
job-00066,Platform-Indexed Vacancy,job,Digital Health — Wuzzuf Live Search,Egypt,Egypt,Live Job Search,Live Job Search,Healthcare & Life Sciences,Egypt,Egypt,Live / varies,Possibly Available,,,2026-07-20,Live search sorted toward newest results,Wuzzuf,B,Recognized job platform,Platform,58,Low,,https://wuzzuf.net/search/jobs/?q=Digital+Health&a=navbl,"Egypt live-search pack. This is a live search link, not one fixed vacancy."
job-00067,Platform-Indexed Vacancy,job,Digital Health — Bayt Live Search,Egypt,Egypt,Live Job Search,Live Job Search,Healthcare & Life Sciences,Egypt,Egypt,Live / varies,Possibly Available,,,2026-07-20,Live search sorted toward newest results,Bayt,B,Recognized job platform,Platform,58,Low,,https://www.bayt.com/en/egypt/jobs/Digital%20Health-jobs/,"Egypt live-search pack. This is a live search link, not one fixed vacancy."
job-00069,Platform-Indexed Vacancy,job,Technical Program Manager — LinkedIn Live Search,Egypt,Egypt,Live Job Search,Live Job Search,Other Multinational & Enterprise,Egypt,Egypt,Live / varies,Possibly Available,,,2026-07-20,Live search sorted toward newest results,LinkedIn,B,Recognized job platform,Platform,65,Medium,,https://www.linkedin.com/jobs/search/?keywords=Technical+Program+Manager&sortBy=DD&location=Egypt,"Egypt live-search pack. This is a live search link, not one fixed vacancy."
job-00070,Platform-Indexed Vacancy,job,Technical Program Manager — Wuzzuf Live Search,Egypt,Egypt,Live Job Search,Live Job Search,Other Multinational & Enterprise,Egypt,Egypt,Live / varies,Possibly Available,,,2026-07-20,Live search sorted toward newest results,Wuzzuf,B,Recognized job platform,Platform,65,Medium,,https://wuzzuf.net/search/jobs/?q=Technical+Program+Manager&a=navbl,"Egypt live-search pack. This is a live search link, not one fixed vacancy."
job-00071,Platform-Indexed Vacancy,job,Technical Program Manager — Bayt Live Search,Egypt,Egypt,Live Job Search,Live Job Search,Other Multinational & Enterprise,Egypt,Egypt,Live / varies,Possibly Available,,,2026-07-20,Live search sorted toward newest results,Bayt,B,Recognized job platform,Platform,65,Medium,,https://www.bayt.com/en/egypt/jobs/Technical%20Program%20Manager-jobs/,"Egypt live-search pack. This is a live search link, not one fixed vacancy."
job-00073,Platform-Indexed Vacancy,job,IT Portfolio Manager — LinkedIn Live Search,Egypt,Egypt,Live Job Search,Live Job Search,Supply Chain & Logistics,Egypt,Egypt,Live / varies,Possibly Available,,,2026-07-20,Live search sorted toward newest results,LinkedIn,B,Recognized job platform,Platform,58,Low,,https://www.linkedin.com/jobs/search/?keywords=IT+Portfolio+Manager&sortBy=DD&location=Egypt,"Egypt live-search pack. This is a live search link, not one fixed vacancy."
job-00074,Platform-Indexed Vacancy,job,IT Portfolio Manager — Wuzzuf Live Search,Egypt,Egypt,Live Job Search,Live Job Search,Supply Chain & Logistics,Egypt,Egypt,Live / varies,Possibly Available,,,2026-07-20,Live search sorted toward newest results,Wuzzuf,B,Recognized job platform,Platform,58,Low,,https://wuzzuf.net/search/jobs/?q=IT+Portfolio+Manager&a=navbl,"Egypt live-search pack. This is a live search link, not one fixed vacancy."
job-00075,Platform-Indexed Vacancy,job,IT Portfolio Manager — Bayt Live Search,Egypt,Egypt,Live Job Search,Live Job Search,Supply Chain & Logistics,Egypt,Egypt,Live / varies,Possibly Available,,,2026-07-20,Live search sorted toward newest results,Bayt,B,Recognized job platform,Platform,58,Low,,https://www.bayt.com/en/egypt/jobs/IT%20Portfolio%20Manager-jobs/,"Egypt live-search pack. This is a live search link, not one fixed vacancy."
job-00077,Platform-Indexed Vacancy,job,PMO Manager — LinkedIn Live Search,Egypt,Egypt,Live Job Search,Live Job Search,Other Multinational & Enterprise,Egypt,Egypt,Live / varies,Possibly Available,,,2026-07-20,Live search sorted toward newest results,LinkedIn,B,Recognized job platform,Platform,58,Low,,https://www.linkedin.com/jobs/search/?keywords=PMO+Manager&sortBy=DD&location=Egypt,"Egypt live-search pack. This is a live search link, not one fixed vacancy."
job-00078,Platform-Indexed Vacancy,job,PMO Manager — Wuzzuf Live Search,Egypt,Egypt,Live Job Search,Live Job Search,Other Multinational & Enterprise,Egypt,Egypt,Live / varies,Possibly Available,,,2026-07-20,Live search sorted toward newest results,Wuzzuf,B,Recognized job platform,Platform,58,Low,,https://wuzzuf.net/search/jobs/?q=PMO+Manager&a=navbl,"Egypt live-search pack. This is a live search link, not one fixed vacancy."
job-00079,Platform-Indexed Vacancy,job,PMO Manager — Bayt Live Search,Egypt,Egypt,Live Job Search,Live Job Search,Other Multinational & Enterprise,Egypt,Egypt,Live / varies,Possibly Available,,,2026-07-20,Live search sorted toward newest results,Bayt,B,Recognized job platform,Platform,58,Low,,https://www.bayt.com/en/egypt/jobs/PMO%20Manager-jobs/,"Egypt live-search pack. This is a live search link, not one fixed vacancy."
job-00081,Platform-Indexed Vacancy,job,Cloud Architect — LinkedIn Live Search,Egypt,Egypt,Live Job Search,Live Job Search,Technology & Consulting,Egypt,Egypt,Live / varies,Possibly Available,,,2026-07-20,Live search sorted toward newest results,LinkedIn,B,Recognized job platform,Platform,60,Medium,,https://www.linkedin.com/jobs/search/?keywords=Cloud+Architect&sortBy=DD&location=Egypt,"Egypt live-search pack. This is a live search link, not one fixed vacancy."
job-00082,Platform-Indexed Vacancy,job,Cloud Architect — Wuzzuf Live Search,Egypt,Egypt,Live Job Search,Live Job Search,Technology & Consulting,Egypt,Egypt,Live / varies,Possibly Available,,,2026-07-20,Live search sorted toward newest results,Wuzzuf,B,Recognized job platform,Platform,60,Medium,,https://wuzzuf.net/search/jobs/?q=Cloud+Architect&a=navbl,"Egypt live-search pack. This is a live search link, not one fixed vacancy."
job-00083,Platform-Indexed Vacancy,job,Cloud Architect — Bayt Live Search,Egypt,Egypt,Live Job Search,Live Job Search,Technology & Consulting,Egypt,Egypt,Live / varies,Possibly Available,,,2026-07-20,Live search sorted toward newest results,Bayt,B,Recognized job platform,Platform,60,Medium,,https://www.bayt.com/en/egypt/jobs/Cloud%20Architect-jobs/,"Egypt live-search pack. This is a live search link, not one fixed vacancy."
job-00085,Platform-Indexed Vacancy,job,Integration Architect — LinkedIn Live Search,Egypt,Egypt,Live Job Search,Live Job Search,Other Multinational & Enterprise,Egypt,Egypt,Live / varies,Possibly Available,,,2026-07-20,Live search sorted toward newest results,LinkedIn,B,Recognized job platform,Platform,64,Medium,,https://www.linkedin.com/jobs/search/?keywords=Integration+Architect&sortBy=DD&location=Egypt,"Egypt live-search pack. This is a live search link, not one fixed vacancy."
job-00086,Platform-Indexed Vacancy,job,Integration Architect — Wuzzuf Live Search,Egypt,Egypt,Live Job Search,Live Job Search,Other Multinational & Enterprise,Egypt,Egypt,Live / varies,Possibly Available,,,2026-07-20,Live search sorted toward newest results,Wuzzuf,B,Recognized job platform,Platform,64,Medium,,https://wuzzuf.net/search/jobs/?q=Integration+Architect&a=navbl,"Egypt live-search pack. This is a live search link, not one fixed vacancy."
job-00087,Platform-Indexed Vacancy,job,Integration Architect — Bayt Live Search,Egypt,Egypt,Live Job Search,Live Job Search,Other Multinational & Enterprise,Egypt,Egypt,Live / varies,Possibly Available,,,2026-07-20,Live search sorted toward newest results,Bayt,B,Recognized job platform,Platform,64,Medium,,https://www.bayt.com/en/egypt/jobs/Integration%20Architect-jobs/,"Egypt live-search pack. This is a live search link, not one fixed vacancy."
job-00089,Platform-Indexed Vacancy,job,Enterprise Applications Manager — LinkedIn Live Search,Egypt,Egypt,Live Job Search,Live Job Search,Technology & Consulting,Egypt,Egypt,Live / varies,Possibly Available,,,2026-07-20,Live search sorted toward newest results,LinkedIn,B,Recognized job platform,Platform,62,Medium,,https://www.linkedin.com/jobs/search/?keywords=Enterprise+Applications+Manager&sortBy=DD&location=Egypt,"Egypt live-search pack. This is a live search link, not one fixed vacancy."
job-00090,Platform-Indexed Vacancy,job,Enterprise Applications Manager — Wuzzuf Live Search,Egypt,Egypt,Live Job Search,Live Job Search,Technology & Consulting,Egypt,Egypt,Live / varies,Possibly Available,,,2026-07-20,Live search sorted toward newest results,Wuzzuf,B,Recognized job platform,Platform,62,Medium,,https://wuzzuf.net/search/jobs/?q=Enterprise+Applications+Manager&a=navbl,"Egypt live-search pack. This is a live search link, not one fixed vacancy."
job-00091,Platform-Indexed Vacancy,job,Enterprise Applications Manager — Bayt Live Search,Egypt,Egypt,Live Job Search,Live Job Search,Technology & Consulting,Egypt,Egypt,Live / varies,Possibly Available,,,2026-07-20,Live search sorted toward newest results,Bayt,B,Recognized job platform,Platform,62,Medium,,https://www.bayt.com/en/egypt/jobs/Enterprise%20Applications%20Manager-jobs/,"Egypt live-search pack. This is a live search link, not one fixed vacancy."
job-00093,Platform-Indexed Vacancy,job,Cybersecurity Manager — LinkedIn Live Search,Egypt,Egypt,Live Job Search,Live Job Search,Technology & Consulting,Egypt,Egypt,Live / varies,Possibly Available,,,2026-07-20,Live search sorted toward newest results,LinkedIn,B,Recognized job platform,Platform,58,Low,,https://www.linkedin.com/jobs/search/?keywords=Cybersecurity+Manager&sortBy=DD&location=Egypt,"Egypt live-search pack. This is a live search link, not one fixed vacancy."
job-00094,Platform-Indexed Vacancy,job,Cybersecurity Manager — Wuzzuf Live Search,Egypt,Egypt,Live Job Search,Live Job Search,Technology & Consulting,Egypt,Egypt,Live / varies,Possibly Available,,,2026-07-20,Live search sorted toward newest results,Wuzzuf,B,Recognized job platform,Platform,58,Low,,https://wuzzuf.net/search/jobs/?q=Cybersecurity+Manager&a=navbl,"Egypt live-search pack. This is a live search link, not one fixed vacancy."
job-00095,Platform-Indexed Vacancy,job,Cybersecurity Manager — Bayt Live Search,Egypt,Egypt,Live Job Search,Live Job Search,Technology & Consulting,Egypt,Egypt,Live / varies,Possibly Available,,,2026-07-20,Live search sorted toward newest results,Bayt,B,Recognized job platform,Platform,58,Low,,https://www.bayt.com/en/egypt/jobs/Cybersecurity%20Manager-jobs/,"Egypt live-search pack. This is a live search link, not one fixed vacancy."
job-00097,Platform-Indexed Vacancy,job,AI Solution Architect — LinkedIn Live Search,Egypt,Egypt,Live Job Search,Live Job Search,Other Multinational & Enterprise,Egypt,Egypt,Live / varies,Possibly Available,,,2026-07-20,Live search sorted toward newest results,LinkedIn,B,Recognized job platform,Platform,62,Medium,,https://www.linkedin.com/jobs/search/?keywords=AI+Solution+Architect&sortBy=DD&location=Egypt,"Egypt live-search pack. This is a live search link, not one fixed vacancy."
job-00098,Platform-Indexed Vacancy,job,AI Solution Architect — Wuzzuf Live Search,Egypt,Egypt,Live Job Search,Live Job Search,Other Multinational & Enterprise,Egypt,Egypt,Live / varies,Possibly Available,,,2026-07-20,Live search sorted toward newest results,Wuzzuf,B,Recognized job platform,Platform,62,Medium,,https://wuzzuf.net/search/jobs/?q=AI+Solution+Architect&a=navbl,"Egypt live-search pack. This is a live search link, not one fixed vacancy."
job-00099,Platform-Indexed Vacancy,job,AI Solution Architect — Bayt Live Search,Egypt,Egypt,Live Job Search,Live Job Search,Other Multinational & Enterprise,Egypt,Egypt,Live / varies,Possibly Available,,,2026-07-20,Live search sorted toward newest results,Bayt,B,Recognized job platform,Platform,62,Medium,,https://www.bayt.com/en/egypt/jobs/AI%20Solution%20Architect-jobs/,"Egypt live-search pack. This is a live search link, not one fixed vacancy."
job-00101,Platform-Indexed Vacancy,job,Business Transformation Manager — LinkedIn Live Search,Egypt,Egypt,Live Job Search,Live Job Search,Other Multinational & Enterprise,Egypt,Egypt,Live / varies,Possibly Available,,,2026-07-20,Live search sorted toward newest results,LinkedIn,B,Recognized job platform,Platform,58,Low,,https://www.linkedin.com/jobs/search/?keywords=Business+Transformation+Manager&sortBy=DD&location=Egypt,"Egypt live-search pack. This is a live search link, not one fixed vacancy."
job-00102,Platform-Indexed Vacancy,job,Business Transformation Manager — Wuzzuf Live Search,Egypt,Egypt,Live Job Search,Live Job Search,Other Multinational & Enterprise,Egypt,Egypt,Live / varies,Possibly Available,,,2026-07-20,Live search sorted toward newest results,Wuzzuf,B,Recognized job platform,Platform,58,Low,,https://wuzzuf.net/search/jobs/?q=Business+Transformation+Manager&a=navbl,"Egypt live-search pack. This is a live search link, not one fixed vacancy."
job-00103,Platform-Indexed Vacancy,job,Business Transformation Manager — Bayt Live Search,Egypt,Egypt,Live Job Search,Live Job Search,Other Multinational & Enterprise,Egypt,Egypt,Live / varies,Possibly Available,,,2026-07-20,Live search sorted toward newest results,Bayt,B,Recognized job platform,Platform,58,Low,,https://www.bayt.com/en/egypt/jobs/Business%20Transformation%20Manager-jobs/,"Egypt live-search pack. This is a live search link, not one fixed vacancy."
job-00105,Platform-Indexed Vacancy,job,ServiceNow Architect — LinkedIn Live Search,Egypt,Egypt,Live Job Search,Live Job Search,Other Multinational & Enterprise,Egypt,Egypt,Live / varies,Possibly Available,,,2026-07-20,Live search sorted toward newest results,LinkedIn,B,Recognized job platform,Platform,58,Low,,https://www.linkedin.com/jobs/search/?keywords=ServiceNow+Architect&sortBy=DD&location=Egypt,"Egypt live-search pack. This is a live search link, not one fixed vacancy."
job-00106,Platform-Indexed Vacancy,job,ServiceNow Architect — Wuzzuf Live Search,Egypt,Egypt,Live Job Search,Live Job Search,Other Multinational & Enterprise,Egypt,Egypt,Live / varies,Possibly Available,,,2026-07-20,Live search sorted toward newest results,Wuzzuf,B,Recognized job platform,Platform,58,Low,,https://wuzzuf.net/search/jobs/?q=ServiceNow+Architect&a=navbl,"Egypt live-search pack. This is a live search link, not one fixed vacancy."
job-00107,Platform-Indexed Vacancy,job,ServiceNow Architect — Bayt Live Search,Egypt,Egypt,Live Job Search,Live Job Search,Other Multinational & Enterprise,Egypt,Egypt,Live / varies,Possibly Available,,,2026-07-20,Live search sorted toward newest results,Bayt,B,Recognized job platform,Platform,58,Low,,https://www.bayt.com/en/egypt/jobs/ServiceNow%20Architect-jobs/,"Egypt live-search pack. This is a live search link, not one fixed vacancy."
job-00109,Platform-Indexed Vacancy,job,ERP Program Manager — LinkedIn Live Search,Egypt,Egypt,Live Job Search,Live Job Search,Other Multinational & Enterprise,Egypt,Egypt,Live / varies,Possibly Available,,,2026-07-20,Live search sorted toward newest results,LinkedIn,B,Recognized job platform,Platform,64,Medium,,https://www.linkedin.com/jobs/search/?keywords=ERP+Program+Manager&sortBy=DD&location=Egypt,"Egypt live-search pack. This is a live search link, not one fixed vacancy."
job-00110,Platform-Indexed Vacancy,job,ERP Program Manager — Wuzzuf Live Search,Egypt,Egypt,Live Job Search,Live Job Search,Other Multinational & Enterprise,Egypt,Egypt,Live / varies,Possibly Available,,,2026-07-20,Live search sorted toward newest results,Wuzzuf,B,Recognized job platform,Platform,64,Medium,,https://wuzzuf.net/search/jobs/?q=ERP+Program+Manager&a=navbl,"Egypt live-search pack. This is a live search link, not one fixed vacancy."
job-00111,Platform-Indexed Vacancy,job,ERP Program Manager — Bayt Live Search,Egypt,Egypt,Live Job Search,Live Job Search,Other Multinational & Enterprise,Egypt,Egypt,Live / varies,Possibly Available,,,2026-07-20,Live search sorted toward newest results,Bayt,B,Recognized job platform,Platform,64,Medium,,https://www.bayt.com/en/egypt/jobs/ERP%20Program%20Manager-jobs/,"Egypt live-search pack. This is a live search link, not one fixed vacancy."
job-00113,Platform-Indexed Vacancy,job,ICT Manager — LinkedIn Live Search,Egypt,Egypt,Live Job Search,Live Job Search,Other Multinational & Enterprise,Egypt,Egypt,Live / varies,Possibly Available,,,2026-07-20,Live search sorted toward newest results,LinkedIn,B,Recognized job platform,Platform,58,Low,,https://www.linkedin.com/jobs/search/?keywords=ICT+Manager&sortBy=DD&location=Egypt,"Egypt live-search pack. This is a live search link, not one fixed vacancy."
job-00114,Platform-Indexed Vacancy,job,ICT Manager — Wuzzuf Live Search,Egypt,Egypt,Live Job Search,Live Job Search,Other Multinational & Enterprise,Egypt,Egypt,Live / varies,Possibly Available,,,2026-07-20,Live search sorted toward newest results,Wuzzuf,B,Recognized job platform,Platform,58,Low,,https://wuzzuf.net/search/jobs/?q=ICT+Manager&a=navbl,"Egypt live-search pack. This is a live search link, not one fixed vacancy."
job-00115,Platform-Indexed Vacancy,job,ICT Manager — Bayt Live Search,Egypt,Egypt,Live Job Search,Live Job Search,Other Multinational & Enterprise,Egypt,Egypt,Live / varies,Possibly Available,,,2026-07-20,Live search sorted toward newest results,Bayt,B,Recognized job platform,Platform,58,Low,,https://www.bayt.com/en/egypt/jobs/ICT%20Manager-jobs/,"Egypt live-search pack. This is a live search link, not one fixed vacancy."
job-00117,Platform-Indexed Vacancy,job,AI Solution Architect,CodeNinja,CodeNinja,Solution Architecture,Solution Architecture,Other Multinational & Enterprise,Egypt,Egypt,Remote,Expired,,,2026-07-20,2026-07-12,Workable,A,Official / primary source,Official,64,Medium,,https://jobs.workable.com/view/2LNtkwJTBYeMQNxCZNYQii/remote-ai-solution-architect-in-egypt-at-codeninja,Remote Egypt
job-00118,Platform-Indexed Vacancy,job,Eskadenia Solutions Architect,Müller’s Solutions,Müller’s Solutions,Solution Architecture,Solution Architecture,Other Multinational & Enterprise,Egypt,Egypt,Cairo / Remote,Expired,,,2026-07-20,2026-07-16,Workable,A,Official / primary source,Official,64,Medium,,https://jobs.workable.com/view/gBESCNVFPomv8EGGT9en18/remote-eskadenia-solutions-architect-in-cairo-at-m%C3%BCller%60s-solutions,Remote Cairo
job-00119,Platform-Indexed Vacancy,job,AWS Cloud Solution Architect (CDK Support),SSC HR Solutions,SSC HR Solutions,Solution Architecture,Solution Architecture,Supply Chain & Logistics,Egypt,Egypt,New Cairo / Hybrid,Expired,,,2026-07-20,2026-07-12,Workable,A,Official / primary source,Official,65,Medium,,https://jobs.workable.com/view/jX9DuPw6foy5n8FWKmrB1U/hybrid-aws-cloud-solution-architect-%28cdk-support%29-in-new-cairo-city-at-ssc-hr-solutions,Hybrid New Cairo
job-00120,Platform-Indexed Vacancy,job,Oracle EPM Principal Consultant,Talent 360,Talent 360,Enterprise Applications & Software,Enterprise Applications & Software,Technology & Consulting,Egypt,Egypt,Maadi / Hybrid,Expired,,,2026-07-20,2026-06-21,Workable,A,Official / primary source,Official,62,Medium,,https://jobs.workable.com/view/tsxMuHXXa1DbK4RGUPVVMk/hybrid-oracle-epm-principle-consultant-in-maadi-at-talent-360.me,Hybrid Maadi
job-00121,Platform-Indexed Vacancy,job,Sitecore Solution Architect (XM Cloud),Arcsen,Arcsen,Solution Architecture,Solution Architecture,Technology & Consulting,Egypt,Egypt,Maadi / Hybrid,Expired,,,2026-07-20,2026-06-23,Workable,A,Official / primary source,Official,65,Medium,,https://jobs.workable.com/view/vrEjNQyZvDiNRzx2vGmZkj/hybrid-sitecore-solution-architect-%28xm-cloud%29-in-maadi-at-arcsen,Hybrid Maadi
job-00122,Platform-Indexed Vacancy,job,"Enterprise Architect, Planning",Coca-Cola HBC,Coca-Cola HBC,Enterprise Architecture,Enterprise Architecture,Technology & Consulting,Egypt,Egypt,Cairo,Expired,,,2026-07-20,Posted July 2026,LinkedIn,B,Recognized job platform,Platform,67,Medium,,https://www.linkedin.com/jobs/view/4436716196/,Verify listing remains open
job-00123,Platform-Indexed Vacancy,job,"Enterprise Architect, Commercial",Coca-Cola HBC,Coca-Cola HBC,Enterprise Architecture,Enterprise Architecture,Technology & Consulting,Egypt,Egypt,Cairo,Expired,,,2026-07-20,Posted July 2026,LinkedIn,B,Recognized job platform,Platform,67,Medium,,https://eg.linkedin.com/jobs/view/enterprise-architect-commercial-at-coca-cola-hbc-4436710502,Verify listing remains open
job-00124,Platform-Indexed Vacancy,job,Platform Architect - Manufacturing & Maintenance,Coca-Cola HBC,Coca-Cola HBC,Enterprise Architecture,Enterprise Architecture,Technology & Consulting,Egypt,Egypt,Cairo,Expired,,,2026-07-20,Listing page available,LinkedIn,B,Recognized job platform,Platform,67,Medium,,https://www.linkedin.com/jobs/view/4359796643/,SAP S/4HANA and manufacturing experience
job-00125,Platform-Indexed Vacancy,job,Platform Architect - Employee Experience,Coca-Cola HBC,Coca-Cola HBC,Enterprise Architecture,Enterprise Architecture,Technology & Consulting,Egypt,Egypt,New Cairo,Expired,,,2026-07-20,Recent listing,LinkedIn,B,Recognized job platform,Platform,67,Medium,,https://www.linkedin.com/jobs/view/4413403409/,"SharePoint, Viva and Workday experience"
job-00126,Platform-Indexed Vacancy,job,Enterprise Security Architect,Banque Misr,Banque Misr,Cybersecurity & Security Architecture,Cybersecurity & Security Architecture,Technology & Consulting,Egypt,Egypt,Cairo,Expired,,,2026-07-20,Listing page available; checked 18 Jul 2026,LinkedIn,B,Recognized job platform,Platform,64,Medium,,https://www.linkedin.com/jobs/view/4356370310/,Senior security architecture profile
job-00127,Platform-Indexed Vacancy,job,Digital Technology & IT Manager,The Translation Gate,The Translation Gate,IT Leadership & Management,IT Leadership & Management,Technology & Consulting,Egypt,Egypt,"Maadi, Cairo",Expired,,,2026-07-20,Listing page available; checked 18 Jul 2026,LinkedIn,B,Recognized job platform,Platform,58,Low,,https://www.linkedin.com/jobs/view/4358822123/,Strategic technology leadership role
job-00128,Platform-Indexed Vacancy,job,Digital Transformation Architect,Orascom Development Egypt,Orascom Development Egypt,Digital Transformation & Strategy,Digital Transformation & Strategy,Technology & Consulting,Egypt,Egypt,Cairo,Expired,,,2026-07-20,Listing page available; checked 18 Jul 2026,LinkedIn,B,Recognized job platform,Platform,62,Medium,,https://www.linkedin.com/jobs/view/4378177523/,Verify detailed eligibility
job-00129,Platform-Indexed Vacancy,job,Digital Transformation Manager - C# / .NET Consultant,Goahead Consulting,Goahead Consulting,Digital Transformation & Strategy,Digital Transformation & Strategy,Technology & Consulting,Egypt,Egypt,Cairo,Expired,,,2026-07-20,Listing page available,LinkedIn,B,Recognized job platform,Platform,64,Medium,,https://eg.linkedin.com/jobs/view/digital-transformation-manager-c%23-dot-net-consultant-at-goahead-consulting-4108792756,On-site; .NET consulting background
job-00130,Platform-Indexed Vacancy,job,"Manager, Digitalization",Juhayna Food Industries,Juhayna Food Industries,Digital Transformation & Strategy,Digital Transformation & Strategy,Technology & Consulting,Egypt,Egypt,Sheikh Zayed / Giza,Expired,,,2026-07-20,Listing page available,LinkedIn,B,Recognized job platform,Platform,62,Medium,,https://eg.linkedin.com/jobs/view/manager-digitalization-at-juhayna-food-industries-4371440973,Industry 4.0 and manufacturing digitalization
job-00131,Platform-Indexed Vacancy,job,Digital Transformation Governance Senior Executive,GB Corp,GB Corp,Digital Transformation & Strategy,Digital Transformation & Strategy,Technology & Consulting,Egypt,Egypt,Giza,Expired,,,2026-07-20,Recent listing,LinkedIn,B,Recognized job platform,Platform,62,Medium,,https://www.linkedin.com/jobs/view/4418678029/,Governance and transformation experience
job-00132,Platform-Indexed Vacancy,job,AI & Agile Transformation Head,Crédit Agricole Egypt,Crédit Agricole Egypt,Digital Transformation & Strategy,Digital Transformation & Strategy,Technology & Consulting,Egypt,Egypt,Cairo,Expired,,,2026-07-20,Posted July 2026,LinkedIn,B,Recognized job platform,Platform,62,Medium,,https://www.linkedin.com/jobs/view/4439740212/,Executive transformation profile
job-00133,Platform-Indexed Vacancy,job,Operational Excellence & Digitalization Director,The Coca-Cola Company,The Coca-Cola Company,Digital Transformation & Strategy,Digital Transformation & Strategy,Technology & Consulting,Egypt,Egypt,Cairo,Expired,,,2026-07-20,Recent listing,LinkedIn,B,Recognized job platform,Platform,65,Medium,,https://www.linkedin.com/jobs/view/4402634138/,Director-level operational excellence experience
job-00134,Platform-Indexed Vacancy,job,Senior Consultant - Transformation Architecture,EY,EY,Other Technology Role,Other Technology Role,Technology & Consulting,Egypt,Egypt,Cairo,Expired,,,2026-07-20,Recent listing,LinkedIn,B,Recognized job platform,Platform,60,Medium,,https://www.linkedin.com/jobs/view/senior-consultant-transformation-architecture-business-transformation-egypt-at-ey-4413619229,Consulting experience preferred
job-00135,Platform-Indexed Vacancy,job,Senior Data Architect,SDG Group Middle East,SDG Group Middle East,Data Architecture & Governance,Data Architecture & Governance,Technology & Consulting,Egypt,Egypt,Cairo,Expired,,,2026-07-20,Posted July 2026,LinkedIn,B,Recognized job platform,Platform,64,Medium,,https://www.linkedin.com/jobs/view/4434534683/,Senior data architecture experience
job-00136,Platform-Indexed Vacancy,job,Senior Data Governance Specialist,SDG Group Middle East,SDG Group Middle East,Data Architecture & Governance,Data Architecture & Governance,Technology & Consulting,Egypt,Egypt,Cairo,Expired,,,2026-07-20,Posted July 2026,LinkedIn,B,Recognized job platform,Platform,67,Medium,,https://www.linkedin.com/jobs/view/4434543511/,Hands-on governance implementation
job-00137,Platform-Indexed Vacancy,job,Data Governance Lead,Intellias,Intellias,Data Architecture & Governance,Data Architecture & Governance,Technology & Consulting,Egypt,Egypt,Cairo,Expired,,,2026-07-20,Posted 29 Jun 2026,LinkedIn,B,Recognized job platform,Platform,67,Medium,,https://www.linkedin.com/jobs/view/4429998727/,Governance frameworks and data catalog experience
job-00138,Platform-Indexed Vacancy,job,Data Management Lead,SILO HUB,SILO HUB,Data Architecture & Governance,Data Architecture & Governance,Technology & Consulting,Egypt,Egypt,Heliopolis / Cairo,Expired,,,2026-07-20,Posted July 2026,LinkedIn,B,Recognized job platform,Platform,67,Medium,,https://www.linkedin.com/jobs/view/4439744047/,Enterprise data strategy and stewardship
job-00139,Platform-Indexed Vacancy,job,Data Privacy Specialist,Majid Al Futtaim,Majid Al Futtaim,Data Architecture & Governance,Data Architecture & Governance,Technology & Consulting,Egypt,Egypt,Cairo,Expired,,,2026-07-20,Posted July 2026,LinkedIn,B,Recognized job platform,Platform,64,Medium,,https://www.linkedin.com/jobs/view/4440268003/,Privacy and compliance background
job-00140,Platform-Indexed Vacancy,job,Commercial Data Operations Manager,AstraZeneca,AstraZeneca,Data & Analytics,Data & Analytics,Technology & Consulting,Egypt,Egypt,Cairo,Expired,,,2026-07-20,Listing page available,LinkedIn,B,Recognized job platform,Platform,62,Medium,,https://www.linkedin.com/jobs/view/4369159420/,Commercial data operations experience
job-00141,Platform-Indexed Vacancy,job,Data Privacy Partner - Egypt,AstraZeneca,AstraZeneca,Data Architecture & Governance,Data Architecture & Governance,Technology & Consulting,Egypt,Egypt,Cairo,Expired,,,2026-07-20,Listing page available,LinkedIn,B,Recognized job platform,Platform,64,Medium,,https://www.linkedin.com/jobs/view/4408675290/,Privacy and regulatory background
job-00142,Platform-Indexed Vacancy,job,"Regulatory Data Coordinator, Senior Associate",Pfizer,Pfizer,Data Architecture & Governance,Data Architecture & Governance,Technology & Consulting,Egypt,Egypt,Cairo,Expired,,,2026-07-20,Listing page available,LinkedIn,B,Recognized job platform,Platform,64,Medium,,https://www.linkedin.com/jobs/view/4340386487/,Regulatory data and master-data experience
job-00143,Platform-Indexed Vacancy,job,Principal AI Platform / Agentic AI Architect,Intellias,Intellias,"AI, Data Science & Governance","AI, Data Science & Governance",Technology & Consulting,Egypt,Egypt,Cairo,Expired,,,2026-07-20,Posted July 2026,LinkedIn,B,Recognized job platform,Platform,62,Medium,,https://www.linkedin.com/jobs/view/4440528085/,Principal-level AI platform experience
job-00144,Platform-Indexed Vacancy,job,Senior AI Governance,BBI,BBI,"AI, Data Science & Governance","AI, Data Science & Governance",Technology & Consulting,Egypt,Egypt,Cairo,Expired,,,2026-07-20,Posted July 2026,LinkedIn,B,Recognized job platform,Platform,60,Medium,,https://www.linkedin.com/jobs/view/4434827215/,AI governance and risk experience
job-00145,Platform-Indexed Vacancy,job,Solutions Architect,QNBeyond Plus,QNBeyond Plus,Solution Architecture,Solution Architecture,Other Multinational & Enterprise,Egypt,Egypt,Cairo,Expired,,,2026-07-20,Posted July 2026,LinkedIn,B,Recognized job platform,Platform,64,Medium,,https://www.linkedin.com/jobs/view/4437226292/,Verify detailed technical stack
job-00146,Platform-Indexed Vacancy,job,Program Manager / Head of PMO,QNBeyond Plus,QNBeyond Plus,"Program, Project & Delivery Management","Program, Project & Delivery Management",Other Multinational & Enterprise,Egypt,Egypt,Cairo,Expired,,,2026-07-20,Posted July 2026,LinkedIn,B,Recognized job platform,Platform,64,Medium,,https://www.linkedin.com/jobs/view/4437221415/,PMO establishment and governance experience
job-00147,Platform-Indexed Vacancy,job,Project Manager - CRM,QNBeyond Plus,QNBeyond Plus,"Program, Project & Delivery Management","Program, Project & Delivery Management",Other Multinational & Enterprise,Egypt,Egypt,Cairo,Expired,,,2026-07-20,Posted July 2026,LinkedIn,B,Recognized job platform,Platform,60,Medium,,https://www.linkedin.com/jobs/view/4437221417/,CRM implementation experience
job-00148,Platform-Indexed Vacancy,job,Project Manager - Core Banking,QNB Egypt,QNB Egypt,"Program, Project & Delivery Management","Program, Project & Delivery Management",Financial Services,Egypt,Egypt,Cairo,Expired,,,2026-07-20,Posted July 2026,LinkedIn,B,Recognized job platform,Platform,60,Medium,,https://www.linkedin.com/jobs/view/4437222427/,Core-banking project experience
job-00149,Platform-Indexed Vacancy,job,Solution Architect,Ericsson,Ericsson,Solution Architecture,Solution Architecture,Technology & Consulting,Egypt,Egypt,Smart Village / Cairo,Expired,,,2026-07-20,Posted July 2026,LinkedIn,B,Recognized job platform,Platform,64,Medium,,https://www.linkedin.com/jobs/view/4439895071/,Telecom solution architecture experience
job-00150,Platform-Indexed Vacancy,job,Senior Solution Architect - Telecom & Network Services,Tech Mahindra,Tech Mahindra,Solution Architecture,Solution Architecture,Technology & Consulting,Egypt,Egypt,Cairo,Expired,,,2026-07-20,Posted July 2026,LinkedIn,B,Recognized job platform,Platform,64,Medium,,https://www.linkedin.com/jobs/view/4439869381/,Senior telecom architecture background
job-00151,Platform-Indexed Vacancy,job,Data Architecture Senior Tech Lead,Vodafone,Vodafone,Data Architecture & Governance,Data Architecture & Governance,Technology & Consulting,Egypt,Egypt,Giza,Expired,,,2026-07-20,Posted July 2026,LinkedIn,B,Recognized job platform,Platform,64,Medium,,https://www.linkedin.com/jobs/view/4435912448/,Senior data-platform leadership
job-00152,Platform-Indexed Vacancy,job,Senior Modern Workplace Solutions Architect,CareersTech.Hub,CareersTech.Hub,Solution Architecture,Solution Architecture,Automotive & Mobility,Egypt,Egypt,Cairo,Expired,,,2026-07-20,Posted July 2026,LinkedIn,B,Recognized job platform,Platform,64,Medium,,https://www.linkedin.com/jobs/view/4435659594/,Microsoft modern-workplace architecture
job-00153,Platform-Indexed Vacancy,job,Salesforce Architect,Cloud 11,Cloud 11,Solution Architecture,Solution Architecture,Technology & Consulting,Egypt,Egypt,Cairo,Expired,,,2026-07-20,Posted July 2026,LinkedIn,B,Recognized job platform,Platform,65,Medium,,https://www.linkedin.com/jobs/view/4435986280/,Salesforce architecture experience
job-00154,Platform-Indexed Vacancy,job,Data Solutions Presales Architect - English & French,Hewlett Packard Enterprise,Hewlett Packard Enterprise,Solution Architecture,Solution Architecture,Technology & Consulting,Egypt,Egypt,Cairo,Expired,,,2026-07-20,Listing page available,LinkedIn,B,Recognized job platform,Platform,69,Medium,,https://www.linkedin.com/jobs/view/4340103624/,English and French required
job-00155,Platform-Indexed Vacancy,job,IT Release and Change Management,TP,TP,IT Governance & Service Management,IT Governance & Service Management,Other Multinational & Enterprise,Egypt,Egypt,"Maadi, Cairo",Expired,,,2026-07-20,Posted July 2026,LinkedIn,B,Recognized job platform,Platform,55,Low,,https://www.linkedin.com/jobs/view/4437761549/,Release and change-management experience
job-00156,Platform-Indexed Vacancy,job,IT Operations Specialist,LEONI Egypt,LEONI Egypt,"Cloud, Infrastructure & IT Operations","Cloud, Infrastructure & IT Operations",Technology & Consulting,Egypt,Egypt,"Nasr City, Cairo",Expired,,,2026-07-20,Posted July 2026,LinkedIn,B,Recognized job platform,Platform,55,Low,,https://www.linkedin.com/jobs/view/4438992068/,Operations-focused role
job-00157,Platform-Indexed Vacancy,job,IT Analyst,Orange Business,Orange Business,"Cloud, Infrastructure & IT Operations","Cloud, Infrastructure & IT Operations",Technology & Consulting,Egypt,Egypt,Cairo,Expired,,,2026-07-20,Posted July 2026,LinkedIn,B,Recognized job platform,Platform,55,Low,,https://www.linkedin.com/jobs/view/4440234866/,Verify detailed requirements
job-00158,Platform-Indexed Vacancy,job,Information & Technology Coordinator,Marriott International,Marriott International,"Cloud, Infrastructure & IT Operations","Cloud, Infrastructure & IT Operations",Technology & Consulting,Egypt,Egypt,Cairo,Expired,,,2026-07-20,Posted July 2026,LinkedIn,B,Recognized job platform,Platform,22,Low,,https://www.linkedin.com/jobs/view/4437949614/,Hotel IT operations role
job-00159,Platform-Indexed Vacancy,job,"Senior Applications Solutions Engineer - Fusion HCM, Health & Life Sciences",Oracle,Oracle,Healthcare IT & Digital Health,Healthcare IT & Digital Health,Healthcare & Life Sciences,Egypt,Egypt,Egypt,Expired,,,2026-07-20,Listing page available,LinkedIn,B,Recognized job platform,Platform,65,Medium,,https://www.linkedin.com/jobs/view/4361889046/,Oracle Fusion and presales expertise
job-00160,Platform-Indexed Vacancy,job,Web Portal Support Specialist - Tech,Mediconsult,Mediconsult,Healthcare IT & Digital Health,Healthcare IT & Digital Health,Healthcare & Life Sciences,Egypt,Egypt,Giza,Expired,,,2026-07-20,Listing page available,LinkedIn,B,Recognized job platform,Platform,62,Medium,,https://www.linkedin.com/jobs/view/4346231591/,Portal support role
job-00161,Platform-Indexed Vacancy,job,Project Manager / Senior Project Manager,RSA Security,RSA Security,Cybersecurity & Security Architecture,Cybersecurity & Security Architecture,Technology & Consulting,Egypt,Egypt,Cairo,Expired,,,2026-07-20,Posted July 2026,LinkedIn,B,Recognized job platform,Platform,60,Medium,,https://www.linkedin.com/jobs/view/4440536994/,Professional-services delivery experience
job-00162,Platform-Indexed Vacancy,job,Technical Delivery Manager,Beetleware,Beetleware,"Program, Project & Delivery Management","Program, Project & Delivery Management",Other Multinational & Enterprise,Egypt,Egypt,Cairo,Expired,,,2026-07-20,Posted July 2026,LinkedIn,B,Recognized job platform,Platform,62,Medium,,https://www.linkedin.com/jobs/view/4438472898/,Technical delivery leadership
job-00163,Platform-Indexed Vacancy,job,Information Technology Manager,SolutionMall,SolutionMall,IT Leadership & Management,IT Leadership & Management,Technology & Consulting,Egypt,Egypt,Cairo,Expired,,,2026-07-20,Listing page available,LinkedIn,B,Recognized job platform,Platform,58,Low,,https://www.linkedin.com/jobs/view/information-technology-manager-at-solutionmall-4392852334,Verify company and detailed scope
job-00164,Platform-Indexed Vacancy,job,Information & Technology Supervisor,Marriott International,Marriott International,"Cloud, Infrastructure & IT Operations","Cloud, Infrastructure & IT Operations",Healthcare & Life Sciences,Egypt,Egypt,Cairo,Expired,,,2026-07-20,Posted July 2026,LinkedIn,B,Recognized job platform,Platform,22,Low,,https://www.linkedin.com/jobs/view/4437951378/,Hospitality IT operations
job-00165,Platform-Indexed Vacancy,job,SAP Solution Architect - Integrated Order Management,Coca-Cola HBC,Coca-Cola HBC,Solution Architecture,Solution Architecture,Other Multinational & Enterprise,Egypt,Egypt,Cairo,Expired,,,2026-07-20,Older listing page; verify status,LinkedIn,B,Recognized job platform,Platform,64,Medium,,https://www.linkedin.com/jobs/view/4380330174/,SAP order-management architecture
job-00166,Platform-Indexed Vacancy,job,Solution Architect - IIoT Manufacturing,Coca-Cola HBC,Coca-Cola HBC,Solution Architecture,Solution Architecture,Energy & Infrastructure,Egypt,Egypt,New Cairo,Expired,,,2026-07-20,Older listing page; verify status,LinkedIn,B,Recognized job platform,Platform,64,Medium,,https://www.linkedin.com/jobs/view/4371841602/,Industrial IoT and manufacturing systems
job-00167,Platform-Indexed Vacancy,job,IT Enterprise Applications Architect,Confidential / LinkedIn listing,Confidential / LinkedIn listing,Enterprise Architecture,Enterprise Architecture,Technology & Consulting,Egypt,Egypt,Cairo,Expired,,,2026-07-20,Listing page available,LinkedIn,B,Recognized job platform,Platform,67,Medium,,https://www.linkedin.com/jobs/view/4397919725/,Employer details may require sign-in
job-00168,Platform-Indexed Vacancy,job,Digital Transformation Manager,CAREER141 client,CAREER141 client,Digital Transformation & Strategy,Digital Transformation & Strategy,Automotive & Mobility,Egypt,Egypt,Egypt,Expired,,,2026-07-20,Listing page available,LinkedIn,B,Recognized job platform,Platform,62,Medium,,https://lk.linkedin.com/jobs/view/digital-transformation-manager-at-career141-4340119935,Recruiter-managed role; verify employer
job-00169,Platform-Indexed Vacancy,job,System Analyst,Datamatics Technologies,Datamatics Technologies,Other Technology Role,Other Technology Role,Technology & Consulting,Egypt,Egypt,Cairo,Expired,,,2026-07-20,Posted July 2026,LinkedIn,B,Recognized job platform,Platform,55,Low,,https://www.linkedin.com/jobs/view/4435681672/,Systems-analysis role
job-00170,Platform-Indexed Vacancy,job,ERP Technical Support Specialist,dawatech,dawatech,Enterprise Applications & Software,Enterprise Applications & Software,Supply Chain & Logistics,Egypt,Egypt,Cairo,Expired,,,2026-07-20,Posted July 2026,LinkedIn,B,Recognized job platform,Platform,56,Low,,https://www.linkedin.com/jobs/view/4438176823/,ERP support role
job-00666,Platform-Indexed Vacancy,job,Digital Solutions Enterprise Architect,Omnix International,Omnix International,Enterprise Architecture,Enterprise Architecture,Technology & Consulting,Egypt,GCC / Egypt,Remote from Egypt + GCC travel,Expired,,,2026-07-20,Recent listing,LinkedIn,B,Recognized job platform,Platform,42,Low,,https://eg.linkedin.com/jobs/view/digital-solutions-enterprise-architect-at-omnix-international-4427184102,Regular GCC travel
job-00677,Platform-Indexed Vacancy,job,"Regional Delivery Manager - CIS, Middle East & Africa",Thales,Thales,"Program, Project & Delivery Management","Program, Project & Delivery Management",Other Multinational & Enterprise,GCC,United Arab Emirates,Dubai / Regional,Expired,2026-07-20,,2026-07-20,Current listing,LinkedIn,B,Recognized job platform,Platform,61,Medium,,https://ae.linkedin.com/jobs/view/regional-delivery-manager-cis-middle-east-africa-cismea-at-thales-4316806318,Regional scope
job-00911,Platform-Indexed Vacancy,job,Enterprise Architect — LinkedIn Live Search,Africa Remote,Africa Remote,Live Job Search,Live Job Search,Technology & Consulting,Africa,Africa Remote,Live / varies,Possibly Available,,,2026-07-20,Live search sorted toward newest results,LinkedIn,B,Recognized job platform,Platform,64,Medium,,https://www.linkedin.com/jobs/search/?keywords=Enterprise+Architect&sortBy=DD&location=Africa+Remote,"Global remote live-search pack. This is a live search link, not one fixed vacancy."
job-00912,Platform-Indexed Vacancy,job,Enterprise Architect — WeWorkRemotely Live Search,Africa Remote,Africa Remote,Live Job Search,Live Job Search,Technology & Consulting,Africa,Africa Remote,Live / varies,Possibly Available,,,2026-07-20,Live search sorted toward newest results,WeWorkRemotely,B,Direct organization or specialist source,Direct,64,Medium,,https://weworkremotely.com/remote-jobs/search?term=Enterprise+Architect,"Global remote live-search pack. This is a live search link, not one fixed vacancy."
job-00913,Platform-Indexed Vacancy,job,Enterprise Architect — RemoteOK Live Search,Africa Remote,Africa Remote,Live Job Search,Live Job Search,Technology & Consulting,Africa,Africa Remote,Live / varies,Possibly Available,,,2026-07-20,Live search sorted toward newest results,RemoteOK,B,Direct organization or specialist source,Direct,64,Medium,,https://remoteok.com/remote-enterprise-architect-jobs,"Global remote live-search pack. This is a live search link, not one fixed vacancy."
job-00914,Platform-Indexed Vacancy,job,Enterprise Architect — Wellfound Live Search,Africa Remote,Africa Remote,Live Job Search,Live Job Search,Technology & Consulting,Africa,Africa Remote,Live / varies,Possibly Available,,,2026-07-20,Live search sorted toward newest results,Wellfound,B,Direct organization or specialist source,Direct,64,Medium,,https://wellfound.com/jobs?q=Enterprise+Architect&remote=True,"Global remote live-search pack. This is a live search link, not one fixed vacancy."
job-00915,Platform-Indexed Vacancy,job,Solution Architect — LinkedIn Live Search,Africa Remote,Africa Remote,Live Job Search,Live Job Search,Other Multinational & Enterprise,Africa,Africa Remote,Live / varies,Possibly Available,,,2026-07-20,Live search sorted toward newest results,LinkedIn,B,Recognized job platform,Platform,61,Medium,,https://www.linkedin.com/jobs/search/?keywords=Solution+Architect&sortBy=DD&location=Africa+Remote,"Global remote live-search pack. This is a live search link, not one fixed vacancy."
job-00916,Platform-Indexed Vacancy,job,Solution Architect — WeWorkRemotely Live Search,Africa Remote,Africa Remote,Live Job Search,Live Job Search,Other Multinational & Enterprise,Africa,Africa Remote,Live / varies,Possibly Available,,,2026-07-20,Live search sorted toward newest results,WeWorkRemotely,B,Direct organization or specialist source,Direct,61,Medium,,https://weworkremotely.com/remote-jobs/search?term=Solution+Architect,"Global remote live-search pack. This is a live search link, not one fixed vacancy."
job-00917,Platform-Indexed Vacancy,job,Solution Architect — RemoteOK Live Search,Africa Remote,Africa Remote,Live Job Search,Live Job Search,Other Multinational & Enterprise,Africa,Africa Remote,Live / varies,Possibly Available,,,2026-07-20,Live search sorted toward newest results,RemoteOK,B,Direct organization or specialist source,Direct,61,Medium,,https://remoteok.com/remote-solution-architect-jobs,"Global remote live-search pack. This is a live search link, not one fixed vacancy."
job-00918,Platform-Indexed Vacancy,job,Solution Architect — Wellfound Live Search,Africa Remote,Africa Remote,Live Job Search,Live Job Search,Other Multinational & Enterprise,Africa,Africa Remote,Live / varies,Possibly Available,,,2026-07-20,Live search sorted toward newest results,Wellfound,B,Direct organization or specialist source,Direct,61,Medium,,https://wellfound.com/jobs?q=Solution+Architect&remote=True,"Global remote live-search pack. This is a live search link, not one fixed vacancy."
job-00919,Platform-Indexed Vacancy,job,Digital Transformation Manager — LinkedIn Live Search,Africa Remote,Africa Remote,Live Job Search,Live Job Search,Technology & Consulting,Africa,Africa Remote,Live / varies,Possibly Available,,,2026-07-20,Live search sorted toward newest results,LinkedIn,B,Recognized job platform,Platform,61,Medium,,https://www.linkedin.com/jobs/search/?keywords=Digital+Transformation+Manager&sortBy=DD&location=Africa+Remote,"Global remote live-search pack. This is a live search link, not one fixed vacancy."
job-00920,Platform-Indexed Vacancy,job,Digital Transformation Manager — WeWorkRemotely Live Search,Africa Remote,Africa Remote,Live Job Search,Live Job Search,Technology & Consulting,Africa,Africa Remote,Live / varies,Possibly Available,,,2026-07-20,Live search sorted toward newest results,WeWorkRemotely,B,Direct organization or specialist source,Direct,61,Medium,,https://weworkremotely.com/remote-jobs/search?term=Digital+Transformation+Manager,"Global remote live-search pack. This is a live search link, not one fixed vacancy."
job-00921,Platform-Indexed Vacancy,job,Digital Transformation Manager — RemoteOK Live Search,Africa Remote,Africa Remote,Live Job Search,Live Job Search,Technology & Consulting,Africa,Africa Remote,Live / varies,Possibly Available,,,2026-07-20,Live search sorted toward newest results,RemoteOK,B,Direct organization or specialist source,Direct,61,Medium,,https://remoteok.com/remote-digital-transformation-manager-jobs,"Global remote live-search pack. This is a live search link, not one fixed vacancy."
job-00922,Platform-Indexed Vacancy,job,Digital Transformation Manager — Wellfound Live Search,Africa Remote,Africa Remote,Live Job Search,Live Job Search,Technology & Consulting,Africa,Africa Remote,Live / varies,Possibly Available,,,2026-07-20,Live search sorted toward newest results,Wellfound,B,Direct organization or specialist source,Direct,61,Medium,,https://wellfound.com/jobs?q=Digital+Transformation+Manager&remote=True,"Global remote live-search pack. This is a live search link, not one fixed vacancy."
job-00923,Platform-Indexed Vacancy,job,IT Director — LinkedIn Live Search,Africa Remote,Africa Remote,Live Job Search,Live Job Search,Other Multinational & Enterprise,Africa,Africa Remote,Live / varies,Possibly Available,,,2026-07-20,Live search sorted toward newest results,LinkedIn,B,Recognized job platform,Platform,64,Medium,,https://www.linkedin.com/jobs/search/?keywords=IT+Director&sortBy=DD&location=Africa+Remote,"Global remote live-search pack. This is a live search link, not one fixed vacancy."
job-00924,Platform-Indexed Vacancy,job,IT Director — WeWorkRemotely Live Search,Africa Remote,Africa Remote,Live Job Search,Live Job Search,Other Multinational & Enterprise,Africa,Africa Remote,Live / varies,Possibly Available,,,2026-07-20,Live search sorted toward newest results,WeWorkRemotely,B,Direct organization or specialist source,Direct,64,Medium,,https://weworkremotely.com/remote-jobs/search?term=IT+Director,"Global remote live-search pack. This is a live search link, not one fixed vacancy."
job-00925,Platform-Indexed Vacancy,job,IT Director — RemoteOK Live Search,Africa Remote,Africa Remote,Live Job Search,Live Job Search,Other Multinational & Enterprise,Africa,Africa Remote,Live / varies,Possibly Available,,,2026-07-20,Live search sorted toward newest results,RemoteOK,B,Direct organization or specialist source,Direct,64,Medium,,https://remoteok.com/remote-it-director-jobs,"Global remote live-search pack. This is a live search link, not one fixed vacancy."
job-00926,Platform-Indexed Vacancy,job,IT Director — Wellfound Live Search,Africa Remote,Africa Remote,Live Job Search,Live Job Search,Other Multinational & Enterprise,Africa,Africa Remote,Live / varies,Possibly Available,,,2026-07-20,Live search sorted toward newest results,Wellfound,B,Direct organization or specialist source,Direct,64,Medium,,https://wellfound.com/jobs?q=IT+Director&remote=True,"Global remote live-search pack. This is a live search link, not one fixed vacancy."
job-00927,Platform-Indexed Vacancy,job,Head of Technology — LinkedIn Live Search,Africa Remote,Africa Remote,Live Job Search,Live Job Search,Technology & Consulting,Africa,Africa Remote,Live / varies,Possibly Available,,,2026-07-20,Live search sorted toward newest results,LinkedIn,B,Recognized job platform,Platform,57,Low,,https://www.linkedin.com/jobs/search/?keywords=Head+of+Technology&sortBy=DD&location=Africa+Remote,"Global remote live-search pack. This is a live search link, not one fixed vacancy."
job-00928,Platform-Indexed Vacancy,job,Head of Technology — WeWorkRemotely Live Search,Africa Remote,Africa Remote,Live Job Search,Live Job Search,Technology & Consulting,Africa,Africa Remote,Live / varies,Possibly Available,,,2026-07-20,Live search sorted toward newest results,WeWorkRemotely,B,Direct organization or specialist source,Direct,57,Low,,https://weworkremotely.com/remote-jobs/search?term=Head+of+Technology,"Global remote live-search pack. This is a live search link, not one fixed vacancy."
job-00929,Platform-Indexed Vacancy,job,Head of Technology — RemoteOK Live Search,Africa Remote,Africa Remote,Live Job Search,Live Job Search,Technology & Consulting,Africa,Africa Remote,Live / varies,Possibly Available,,,2026-07-20,Live search sorted toward newest results,RemoteOK,B,Direct organization or specialist source,Direct,57,Low,,https://remoteok.com/remote-head-of-technology-jobs,"Global remote live-search pack. This is a live search link, not one fixed vacancy."
job-00930,Platform-Indexed Vacancy,job,Head of Technology — Wellfound Live Search,Africa Remote,Africa Remote,Live Job Search,Live Job Search,Technology & Consulting,Africa,Africa Remote,Live / varies,Possibly Available,,,2026-07-20,Live search sorted toward newest results,Wellfound,B,Direct organization or specialist source,Direct,57,Low,,https://wellfound.com/jobs?q=Head+of+Technology&remote=True,"Global remote live-search pack. This is a live search link, not one fixed vacancy."
job-00931,Platform-Indexed Vacancy,job,Technology Director — LinkedIn Live Search,Africa Remote,Africa Remote,Live Job Search,Live Job Search,Technology & Consulting,Africa,Africa Remote,Live / varies,Possibly Available,,,2026-07-20,Live search sorted toward newest results,LinkedIn,B,Recognized job platform,Platform,64,Medium,,https://www.linkedin.com/jobs/search/?keywords=Technology+Director&sortBy=DD&location=Africa+Remote,"Global remote live-search pack. This is a live search link, not one fixed vacancy."
job-00932,Platform-Indexed Vacancy,job,Technology Director — WeWorkRemotely Live Search,Africa Remote,Africa Remote,Live Job Search,Live Job Search,Technology & Consulting,Africa,Africa Remote,Live / varies,Possibly Available,,,2026-07-20,Live search sorted toward newest results,WeWorkRemotely,B,Direct organization or specialist source,Direct,64,Medium,,https://weworkremotely.com/remote-jobs/search?term=Technology+Director,"Global remote live-search pack. This is a live search link, not one fixed vacancy."
job-00933,Platform-Indexed Vacancy,job,Technology Director — RemoteOK Live Search,Africa Remote,Africa Remote,Live Job Search,Live Job Search,Technology & Consulting,Africa,Africa Remote,Live / varies,Possibly Available,,,2026-07-20,Live search sorted toward newest results,RemoteOK,B,Direct organization or specialist source,Direct,64,Medium,,https://remoteok.com/remote-technology-director-jobs,"Global remote live-search pack. This is a live search link, not one fixed vacancy."
job-00934,Platform-Indexed Vacancy,job,Technology Director — Wellfound Live Search,Africa Remote,Africa Remote,Live Job Search,Live Job Search,Technology & Consulting,Africa,Africa Remote,Live / varies,Possibly Available,,,2026-07-20,Live search sorted toward newest results,Wellfound,B,Direct organization or specialist source,Direct,64,Medium,,https://wellfound.com/jobs?q=Technology+Director&remote=True,"Global remote live-search pack. This is a live search link, not one fixed vacancy."
job-00935,Platform-Indexed Vacancy,job,IT Strategy Manager — LinkedIn Live Search,Africa Remote,Africa Remote,Live Job Search,Live Job Search,Other Multinational & Enterprise,Africa,Africa Remote,Live / varies,Possibly Available,,,2026-07-20,Live search sorted toward newest results,LinkedIn,B,Recognized job platform,Platform,61,Medium,,https://www.linkedin.com/jobs/search/?keywords=IT+Strategy+Manager&sortBy=DD&location=Africa+Remote,"Global remote live-search pack. This is a live search link, not one fixed vacancy."
job-00936,Platform-Indexed Vacancy,job,IT Strategy Manager — WeWorkRemotely Live Search,Africa Remote,Africa Remote,Live Job Search,Live Job Search,Other Multinational & Enterprise,Africa,Africa Remote,Live / varies,Possibly Available,,,2026-07-20,Live search sorted toward newest results,WeWorkRemotely,B,Direct organization or specialist source,Direct,61,Medium,,https://weworkremotely.com/remote-jobs/search?term=IT+Strategy+Manager,"Global remote live-search pack. This is a live search link, not one fixed vacancy."
job-00937,Platform-Indexed Vacancy,job,IT Strategy Manager — RemoteOK Live Search,Africa Remote,Africa Remote,Live Job Search,Live Job Search,Other Multinational & Enterprise,Africa,Africa Remote,Live / varies,Possibly Available,,,2026-07-20,Live search sorted toward newest results,RemoteOK,B,Direct organization or specialist source,Direct,61,Medium,,https://remoteok.com/remote-it-strategy-manager-jobs,"Global remote live-search pack. This is a live search link, not one fixed vacancy."
job-00938,Platform-Indexed Vacancy,job,IT Strategy Manager — Wellfound Live Search,Africa Remote,Africa Remote,Live Job Search,Live Job Search,Other Multinational & Enterprise,Africa,Africa Remote,Live / varies,Possibly Available,,,2026-07-20,Live search sorted toward newest results,Wellfound,B,Direct organization or specialist source,Direct,61,Medium,,https://wellfound.com/jobs?q=IT+Strategy+Manager&remote=True,"Global remote live-search pack. This is a live search link, not one fixed vacancy."
job-00939,Platform-Indexed Vacancy,job,Data Architect — LinkedIn Live Search,Africa Remote,Africa Remote,Live Job Search,Live Job Search,Technology & Consulting,Africa,Africa Remote,Live / varies,Possibly Available,,,2026-07-20,Live search sorted toward newest results,LinkedIn,B,Recognized job platform,Platform,59,Low,,https://www.linkedin.com/jobs/search/?keywords=Data+Architect&sortBy=DD&location=Africa+Remote,"Global remote live-search pack. This is a live search link, not one fixed vacancy."
job-00940,Platform-Indexed Vacancy,job,Data Architect — WeWorkRemotely Live Search,Africa Remote,Africa Remote,Live Job Search,Live Job Search,Technology & Consulting,Africa,Africa Remote,Live / varies,Possibly Available,,,2026-07-20,Live search sorted toward newest results,WeWorkRemotely,B,Direct organization or specialist source,Direct,59,Low,,https://weworkremotely.com/remote-jobs/search?term=Data+Architect,"Global remote live-search pack. This is a live search link, not one fixed vacancy."
job-00941,Platform-Indexed Vacancy,job,Data Architect — RemoteOK Live Search,Africa Remote,Africa Remote,Live Job Search,Live Job Search,Technology & Consulting,Africa,Africa Remote,Live / varies,Possibly Available,,,2026-07-20,Live search sorted toward newest results,RemoteOK,B,Direct organization or specialist source,Direct,59,Low,,https://remoteok.com/remote-data-architect-jobs,"Global remote live-search pack. This is a live search link, not one fixed vacancy."
job-00942,Platform-Indexed Vacancy,job,Data Architect — Wellfound Live Search,Africa Remote,Africa Remote,Live Job Search,Live Job Search,Technology & Consulting,Africa,Africa Remote,Live / varies,Possibly Available,,,2026-07-20,Live search sorted toward newest results,Wellfound,B,Direct organization or specialist source,Direct,59,Low,,https://wellfound.com/jobs?q=Data+Architect&remote=True,"Global remote live-search pack. This is a live search link, not one fixed vacancy."
job-00943,Platform-Indexed Vacancy,job,Data Governance Manager — LinkedIn Live Search,Africa Remote,Africa Remote,Live Job Search,Live Job Search,Technology & Consulting,Africa,Africa Remote,Live / varies,Possibly Available,,,2026-07-20,Live search sorted toward newest results,LinkedIn,B,Recognized job platform,Platform,64,Medium,,https://www.linkedin.com/jobs/search/?keywords=Data+Governance+Manager&sortBy=DD&location=Africa+Remote,"Global remote live-search pack. This is a live search link, not one fixed vacancy."
job-00944,Platform-Indexed Vacancy,job,Data Governance Manager — WeWorkRemotely Live Search,Africa Remote,Africa Remote,Live Job Search,Live Job Search,Technology & Consulting,Africa,Africa Remote,Live / varies,Possibly Available,,,2026-07-20,Live search sorted toward newest results,WeWorkRemotely,B,Direct organization or specialist source,Direct,64,Medium,,https://weworkremotely.com/remote-jobs/search?term=Data+Governance+Manager,"Global remote live-search pack. This is a live search link, not one fixed vacancy."
job-00945,Platform-Indexed Vacancy,job,Data Governance Manager — RemoteOK Live Search,Africa Remote,Africa Remote,Live Job Search,Live Job Search,Technology & Consulting,Africa,Africa Remote,Live / varies,Possibly Available,,,2026-07-20,Live search sorted toward newest results,RemoteOK,B,Direct organization or specialist source,Direct,64,Medium,,https://remoteok.com/remote-data-governance-manager-jobs,"Global remote live-search pack. This is a live search link, not one fixed vacancy."
job-00946,Platform-Indexed Vacancy,job,Data Governance Manager — Wellfound Live Search,Africa Remote,Africa Remote,Live Job Search,Live Job Search,Technology & Consulting,Africa,Africa Remote,Live / varies,Possibly Available,,,2026-07-20,Live search sorted toward newest results,Wellfound,B,Direct organization or specialist source,Direct,64,Medium,,https://wellfound.com/jobs?q=Data+Governance+Manager&remote=True,"Global remote live-search pack. This is a live search link, not one fixed vacancy."
job-00947,Platform-Indexed Vacancy,job,Chief Data Officer — LinkedIn Live Search,Africa Remote,Africa Remote,Live Job Search,Live Job Search,Technology & Consulting,Africa,Africa Remote,Live / varies,Possibly Available,,,2026-07-20,Live search sorted toward newest results,LinkedIn,B,Recognized job platform,Platform,59,Low,,https://www.linkedin.com/jobs/search/?keywords=Chief+Data+Officer&sortBy=DD&location=Africa+Remote,"Global remote live-search pack. This is a live search link, not one fixed vacancy."
job-00948,Platform-Indexed Vacancy,job,Chief Data Officer — WeWorkRemotely Live Search,Africa Remote,Africa Remote,Live Job Search,Live Job Search,Technology & Consulting,Africa,Africa Remote,Live / varies,Possibly Available,,,2026-07-20,Live search sorted toward newest results,WeWorkRemotely,B,Direct organization or specialist source,Direct,59,Low,,https://weworkremotely.com/remote-jobs/search?term=Chief+Data+Officer,"Global remote live-search pack. This is a live search link, not one fixed vacancy."
job-00949,Platform-Indexed Vacancy,job,Chief Data Officer — RemoteOK Live Search,Africa Remote,Africa Remote,Live Job Search,Live Job Search,Technology & Consulting,Africa,Africa Remote,Live / varies,Possibly Available,,,2026-07-20,Live search sorted toward newest results,RemoteOK,B,Direct organization or specialist source,Direct,59,Low,,https://remoteok.com/remote-chief-data-officer-jobs,"Global remote live-search pack. This is a live search link, not one fixed vacancy."
job-00950,Platform-Indexed Vacancy,job,Chief Data Officer — Wellfound Live Search,Africa Remote,Africa Remote,Live Job Search,Live Job Search,Technology & Consulting,Africa,Africa Remote,Live / varies,Possibly Available,,,2026-07-20,Live search sorted toward newest results,Wellfound,B,Direct organization or specialist source,Direct,59,Low,,https://wellfound.com/jobs?q=Chief+Data+Officer&remote=True,"Global remote live-search pack. This is a live search link, not one fixed vacancy."
job-00951,Platform-Indexed Vacancy,job,Healthcare IT Manager — LinkedIn Live Search,Africa Remote,Africa Remote,Live Job Search,Live Job Search,Healthcare & Life Sciences,Africa,Africa Remote,Live / varies,Possibly Available,,,2026-07-20,Live search sorted toward newest results,LinkedIn,B,Recognized job platform,Platform,62,Medium,,https://www.linkedin.com/jobs/search/?keywords=Healthcare+IT+Manager&sortBy=DD&location=Africa+Remote,"Global remote live-search pack. This is a live search link, not one fixed vacancy."
job-00952,Platform-Indexed Vacancy,job,Healthcare IT Manager — WeWorkRemotely Live Search,Africa Remote,Africa Remote,Live Job Search,Live Job Search,Healthcare & Life Sciences,Africa,Africa Remote,Live / varies,Possibly Available,,,2026-07-20,Live search sorted toward newest results,WeWorkRemotely,B,Direct organization or specialist source,Direct,62,Medium,,https://weworkremotely.com/remote-jobs/search?term=Healthcare+IT+Manager,"Global remote live-search pack. This is a live search link, not one fixed vacancy."
job-00953,Platform-Indexed Vacancy,job,Healthcare IT Manager — RemoteOK Live Search,Africa Remote,Africa Remote,Live Job Search,Live Job Search,Healthcare & Life Sciences,Africa,Africa Remote,Live / varies,Possibly Available,,,2026-07-20,Live search sorted toward newest results,RemoteOK,B,Direct organization or specialist source,Direct,62,Medium,,https://remoteok.com/remote-healthcare-it-manager-jobs,"Global remote live-search pack. This is a live search link, not one fixed vacancy."
job-00954,Platform-Indexed Vacancy,job,Healthcare IT Manager — Wellfound Live Search,Africa Remote,Africa Remote,Live Job Search,Live Job Search,Healthcare & Life Sciences,Africa,Africa Remote,Live / varies,Possibly Available,,,2026-07-20,Live search sorted toward newest results,Wellfound,B,Direct organization or specialist source,Direct,62,Medium,,https://wellfound.com/jobs?q=Healthcare+IT+Manager&remote=True,"Global remote live-search pack. This is a live search link, not one fixed vacancy."
job-00955,Platform-Indexed Vacancy,job,Health Informatics — LinkedIn Live Search,Africa Remote,Africa Remote,Live Job Search,Live Job Search,Healthcare & Life Sciences,Africa,Africa Remote,Live / varies,Possibly Available,,,2026-07-20,Live search sorted toward newest results,LinkedIn,B,Recognized job platform,Platform,53,Low,,https://www.linkedin.com/jobs/search/?keywords=Health+Informatics&sortBy=DD&location=Africa+Remote,"Global remote live-search pack. This is a live search link, not one fixed vacancy."
job-00956,Platform-Indexed Vacancy,job,Health Informatics — WeWorkRemotely Live Search,Africa Remote,Africa Remote,Live Job Search,Live Job Search,Healthcare & Life Sciences,Africa,Africa Remote,Live / varies,Possibly Available,,,2026-07-20,Live search sorted toward newest results,WeWorkRemotely,B,Direct organization or specialist source,Direct,53,Low,,https://weworkremotely.com/remote-jobs/search?term=Health+Informatics,"Global remote live-search pack. This is a live search link, not one fixed vacancy."
job-00957,Platform-Indexed Vacancy,job,Health Informatics — RemoteOK Live Search,Africa Remote,Africa Remote,Live Job Search,Live Job Search,Healthcare & Life Sciences,Africa,Africa Remote,Live / varies,Possibly Available,,,2026-07-20,Live search sorted toward newest results,RemoteOK,B,Direct organization or specialist source,Direct,53,Low,,https://remoteok.com/remote-health-informatics-jobs,"Global remote live-search pack. This is a live search link, not one fixed vacancy."
job-00958,Platform-Indexed Vacancy,job,Health Informatics — Wellfound Live Search,Africa Remote,Africa Remote,Live Job Search,Live Job Search,Healthcare & Life Sciences,Africa,Africa Remote,Live / varies,Possibly Available,,,2026-07-20,Live search sorted toward newest results,Wellfound,B,Direct organization or specialist source,Direct,53,Low,,https://wellfound.com/jobs?q=Health+Informatics&remote=True,"Global remote live-search pack. This is a live search link, not one fixed vacancy."
job-00959,Platform-Indexed Vacancy,job,Digital Health — LinkedIn Live Search,Africa Remote,Africa Remote,Live Job Search,Live Job Search,Healthcare & Life Sciences,Africa,Africa Remote,Live / varies,Possibly Available,,,2026-07-20,Live search sorted toward newest results,LinkedIn,B,Recognized job platform,Platform,57,Low,,https://www.linkedin.com/jobs/search/?keywords=Digital+Health&sortBy=DD&location=Africa+Remote,"Global remote live-search pack. This is a live search link, not one fixed vacancy."
job-00960,Platform-Indexed Vacancy,job,Digital Health — WeWorkRemotely Live Search,Africa Remote,Africa Remote,Live Job Search,Live Job Search,Healthcare & Life Sciences,Africa,Africa Remote,Live / varies,Possibly Available,,,2026-07-20,Live search sorted toward newest results,WeWorkRemotely,B,Direct organization or specialist source,Direct,57,Low,,https://weworkremotely.com/remote-jobs/search?term=Digital+Health,"Global remote live-search pack. This is a live search link, not one fixed vacancy."
job-00961,Platform-Indexed Vacancy,job,Digital Health — RemoteOK Live Search,Africa Remote,Africa Remote,Live Job Search,Live Job Search,Healthcare & Life Sciences,Africa,Africa Remote,Live / varies,Possibly Available,,,2026-07-20,Live search sorted toward newest results,RemoteOK,B,Direct organization or specialist source,Direct,57,Low,,https://remoteok.com/remote-digital-health-jobs,"Global remote live-search pack. This is a live search link, not one fixed vacancy."
job-00962,Platform-Indexed Vacancy,job,Digital Health — Wellfound Live Search,Africa Remote,Africa Remote,Live Job Search,Live Job Search,Healthcare & Life Sciences,Africa,Africa Remote,Live / varies,Possibly Available,,,2026-07-20,Live search sorted toward newest results,Wellfound,B,Direct organization or specialist source,Direct,57,Low,,https://wellfound.com/jobs?q=Digital+Health&remote=True,"Global remote live-search pack. This is a live search link, not one fixed vacancy."
job-00963,Platform-Indexed Vacancy,job,Technical Program Manager — LinkedIn Live Search,Africa Remote,Africa Remote,Live Job Search,Live Job Search,Other Multinational & Enterprise,Africa,Africa Remote,Live / varies,Possibly Available,,,2026-07-20,Live search sorted toward newest results,LinkedIn,B,Recognized job platform,Platform,64,Medium,,https://www.linkedin.com/jobs/search/?keywords=Technical+Program+Manager&sortBy=DD&location=Africa+Remote,"Global remote live-search pack. This is a live search link, not one fixed vacancy."
job-00964,Platform-Indexed Vacancy,job,Technical Program Manager — WeWorkRemotely Live Search,Africa Remote,Africa Remote,Live Job Search,Live Job Search,Other Multinational & Enterprise,Africa,Africa Remote,Live / varies,Possibly Available,,,2026-07-20,Live search sorted toward newest results,WeWorkRemotely,B,Direct organization or specialist source,Direct,64,Medium,,https://weworkremotely.com/remote-jobs/search?term=Technical+Program+Manager,"Global remote live-search pack. This is a live search link, not one fixed vacancy."
job-00965,Platform-Indexed Vacancy,job,Technical Program Manager — RemoteOK Live Search,Africa Remote,Africa Remote,Live Job Search,Live Job Search,Other Multinational & Enterprise,Africa,Africa Remote,Live / varies,Possibly Available,,,2026-07-20,Live search sorted toward newest results,RemoteOK,B,Direct organization or specialist source,Direct,64,Medium,,https://remoteok.com/remote-technical-program-manager-jobs,"Global remote live-search pack. This is a live search link, not one fixed vacancy."
job-00966,Platform-Indexed Vacancy,job,Technical Program Manager — Wellfound Live Search,Africa Remote,Africa Remote,Live Job Search,Live Job Search,Other Multinational & Enterprise,Africa,Africa Remote,Live / varies,Possibly Available,,,2026-07-20,Live search sorted toward newest results,Wellfound,B,Direct organization or specialist source,Direct,64,Medium,,https://wellfound.com/jobs?q=Technical+Program+Manager&remote=True,"Global remote live-search pack. This is a live search link, not one fixed vacancy."
job-00967,Platform-Indexed Vacancy,job,IT Portfolio Manager — LinkedIn Live Search,Africa Remote,Africa Remote,Live Job Search,Live Job Search,Supply Chain & Logistics,Africa,Africa Remote,Live / varies,Possibly Available,,,2026-07-20,Live search sorted toward newest results,LinkedIn,B,Recognized job platform,Platform,57,Low,,https://www.linkedin.com/jobs/search/?keywords=IT+Portfolio+Manager&sortBy=DD&location=Africa+Remote,"Global remote live-search pack. This is a live search link, not one fixed vacancy."
job-00968,Platform-Indexed Vacancy,job,IT Portfolio Manager — WeWorkRemotely Live Search,Africa Remote,Africa Remote,Live Job Search,Live Job Search,Supply Chain & Logistics,Africa,Africa Remote,Live / varies,Possibly Available,,,2026-07-20,Live search sorted toward newest results,WeWorkRemotely,B,Direct organization or specialist source,Direct,57,Low,,https://weworkremotely.com/remote-jobs/search?term=IT+Portfolio+Manager,"Global remote live-search pack. This is a live search link, not one fixed vacancy."
job-00969,Platform-Indexed Vacancy,job,IT Portfolio Manager — RemoteOK Live Search,Africa Remote,Africa Remote,Live Job Search,Live Job Search,Supply Chain & Logistics,Africa,Africa Remote,Live / varies,Possibly Available,,,2026-07-20,Live search sorted toward newest results,RemoteOK,B,Direct organization or specialist source,Direct,57,Low,,https://remoteok.com/remote-it-portfolio-manager-jobs,"Global remote live-search pack. This is a live search link, not one fixed vacancy."
job-00970,Platform-Indexed Vacancy,job,IT Portfolio Manager — Wellfound Live Search,Africa Remote,Africa Remote,Live Job Search,Live Job Search,Supply Chain & Logistics,Africa,Africa Remote,Live / varies,Possibly Available,,,2026-07-20,Live search sorted toward newest results,Wellfound,B,Direct organization or specialist source,Direct,57,Low,,https://wellfound.com/jobs?q=IT+Portfolio+Manager&remote=True,"Global remote live-search pack. This is a live search link, not one fixed vacancy."
job-00971,Platform-Indexed Vacancy,job,PMO Manager — LinkedIn Live Search,Africa Remote,Africa Remote,Live Job Search,Live Job Search,Other Multinational & Enterprise,Africa,Africa Remote,Live / varies,Possibly Available,,,2026-07-20,Live search sorted toward newest results,LinkedIn,B,Recognized job platform,Platform,57,Low,,https://www.linkedin.com/jobs/search/?keywords=PMO+Manager&sortBy=DD&location=Africa+Remote,"Global remote live-search pack. This is a live search link, not one fixed vacancy."
job-00972,Platform-Indexed Vacancy,job,PMO Manager — WeWorkRemotely Live Search,Africa Remote,Africa Remote,Live Job Search,Live Job Search,Other Multinational & Enterprise,Africa,Africa Remote,Live / varies,Possibly Available,,,2026-07-20,Live search sorted toward newest results,WeWorkRemotely,B,Direct organization or specialist source,Direct,57,Low,,https://weworkremotely.com/remote-jobs/search?term=PMO+Manager,"Global remote live-search pack. This is a live search link, not one fixed vacancy."
job-00973,Platform-Indexed Vacancy,job,PMO Manager — RemoteOK Live Search,Africa Remote,Africa Remote,Live Job Search,Live Job Search,Other Multinational & Enterprise,Africa,Africa Remote,Live / varies,Possibly Available,,,2026-07-20,Live search sorted toward newest results,RemoteOK,B,Direct organization or specialist source,Direct,57,Low,,https://remoteok.com/remote-pmo-manager-jobs,"Global remote live-search pack. This is a live search link, not one fixed vacancy."
job-00974,Platform-Indexed Vacancy,job,PMO Manager — Wellfound Live Search,Africa Remote,Africa Remote,Live Job Search,Live Job Search,Other Multinational & Enterprise,Africa,Africa Remote,Live / varies,Possibly Available,,,2026-07-20,Live search sorted toward newest results,Wellfound,B,Direct organization or specialist source,Direct,57,Low,,https://wellfound.com/jobs?q=PMO+Manager&remote=True,"Global remote live-search pack. This is a live search link, not one fixed vacancy."
job-00975,Platform-Indexed Vacancy,job,Cloud Architect — LinkedIn Live Search,Africa Remote,Africa Remote,Live Job Search,Live Job Search,Technology & Consulting,Africa,Africa Remote,Live / varies,Possibly Available,,,2026-07-20,Live search sorted toward newest results,LinkedIn,B,Recognized job platform,Platform,59,Low,,https://www.linkedin.com/jobs/search/?keywords=Cloud+Architect&sortBy=DD&location=Africa+Remote,"Global remote live-search pack. This is a live search link, not one fixed vacancy."
job-00976,Platform-Indexed Vacancy,job,Cloud Architect — WeWorkRemotely Live Search,Africa Remote,Africa Remote,Live Job Search,Live Job Search,Technology & Consulting,Africa,Africa Remote,Live / varies,Possibly Available,,,2026-07-20,Live search sorted toward newest results,WeWorkRemotely,B,Direct organization or specialist source,Direct,59,Low,,https://weworkremotely.com/remote-jobs/search?term=Cloud+Architect,"Global remote live-search pack. This is a live search link, not one fixed vacancy."
job-00977,Platform-Indexed Vacancy,job,Cloud Architect — RemoteOK Live Search,Africa Remote,Africa Remote,Live Job Search,Live Job Search,Technology & Consulting,Africa,Africa Remote,Live / varies,Possibly Available,,,2026-07-20,Live search sorted toward newest results,RemoteOK,B,Direct organization or specialist source,Direct,59,Low,,https://remoteok.com/remote-cloud-architect-jobs,"Global remote live-search pack. This is a live search link, not one fixed vacancy."
job-00978,Platform-Indexed Vacancy,job,Cloud Architect — Wellfound Live Search,Africa Remote,Africa Remote,Live Job Search,Live Job Search,Technology & Consulting,Africa,Africa Remote,Live / varies,Possibly Available,,,2026-07-20,Live search sorted toward newest results,Wellfound,B,Direct organization or specialist source,Direct,59,Low,,https://wellfound.com/jobs?q=Cloud+Architect&remote=True,"Global remote live-search pack. This is a live search link, not one fixed vacancy."
job-00979,Platform-Indexed Vacancy,job,Integration Architect — LinkedIn Live Search,Africa Remote,Africa Remote,Live Job Search,Live Job Search,Other Multinational & Enterprise,Africa,Africa Remote,Live / varies,Possibly Available,,,2026-07-20,Live search sorted toward newest results,LinkedIn,B,Recognized job platform,Platform,62,Medium,,https://www.linkedin.com/jobs/search/?keywords=Integration+Architect&sortBy=DD&location=Africa+Remote,"Global remote live-search pack. This is a live search link, not one fixed vacancy."
job-00980,Platform-Indexed Vacancy,job,Integration Architect — WeWorkRemotely Live Search,Africa Remote,Africa Remote,Live Job Search,Live Job Search,Other Multinational & Enterprise,Africa,Africa Remote,Live / varies,Possibly Available,,,2026-07-20,Live search sorted toward newest results,WeWorkRemotely,B,Direct organization or specialist source,Direct,62,Medium,,https://weworkremotely.com/remote-jobs/search?term=Integration+Architect,"Global remote live-search pack. This is a live search link, not one fixed vacancy."
job-00981,Platform-Indexed Vacancy,job,Integration Architect — RemoteOK Live Search,Africa Remote,Africa Remote,Live Job Search,Live Job Search,Other Multinational & Enterprise,Africa,Africa Remote,Live / varies,Possibly Available,,,2026-07-20,Live search sorted toward newest results,RemoteOK,B,Direct organization or specialist source,Direct,62,Medium,,https://remoteok.com/remote-integration-architect-jobs,"Global remote live-search pack. This is a live search link, not one fixed vacancy."
job-00982,Platform-Indexed Vacancy,job,Integration Architect — Wellfound Live Search,Africa Remote,Africa Remote,Live Job Search,Live Job Search,Other Multinational & Enterprise,Africa,Africa Remote,Live / varies,Possibly Available,,,2026-07-20,Live search sorted toward newest results,Wellfound,B,Direct organization or specialist source,Direct,62,Medium,,https://wellfound.com/jobs?q=Integration+Architect&remote=True,"Global remote live-search pack. This is a live search link, not one fixed vacancy."
job-00983,Platform-Indexed Vacancy,job,Enterprise Applications Manager — LinkedIn Live Search,Africa Remote,Africa Remote,Live Job Search,Live Job Search,Technology & Consulting,Africa,Africa Remote,Live / varies,Possibly Available,,,2026-07-20,Live search sorted toward newest results,LinkedIn,B,Recognized job platform,Platform,60,Medium,,https://www.linkedin.com/jobs/search/?keywords=Enterprise+Applications+Manager&sortBy=DD&location=Africa+Remote,"Global remote live-search pack. This is a live search link, not one fixed vacancy."
job-00984,Platform-Indexed Vacancy,job,Enterprise Applications Manager — WeWorkRemotely Live Search,Africa Remote,Africa Remote,Live Job Search,Live Job Search,Technology & Consulting,Africa,Africa Remote,Live / varies,Possibly Available,,,2026-07-20,Live search sorted toward newest results,WeWorkRemotely,B,Direct organization or specialist source,Direct,60,Medium,,https://weworkremotely.com/remote-jobs/search?term=Enterprise+Applications+Manager,"Global remote live-search pack. This is a live search link, not one fixed vacancy."
job-00985,Platform-Indexed Vacancy,job,Enterprise Applications Manager — RemoteOK Live Search,Africa Remote,Africa Remote,Live Job Search,Live Job Search,Technology & Consulting,Africa,Africa Remote,Live / varies,Possibly Available,,,2026-07-20,Live search sorted toward newest results,RemoteOK,B,Direct organization or specialist source,Direct,60,Medium,,https://remoteok.com/remote-enterprise-applications-manager-jobs,"Global remote live-search pack. This is a live search link, not one fixed vacancy."
job-00986,Platform-Indexed Vacancy,job,Enterprise Applications Manager — Wellfound Live Search,Africa Remote,Africa Remote,Live Job Search,Live Job Search,Technology & Consulting,Africa,Africa Remote,Live / varies,Possibly Available,,,2026-07-20,Live search sorted toward newest results,Wellfound,B,Direct organization or specialist source,Direct,60,Medium,,https://wellfound.com/jobs?q=Enterprise+Applications+Manager&remote=True,"Global remote live-search pack. This is a live search link, not one fixed vacancy."
job-00987,Platform-Indexed Vacancy,job,Cybersecurity Manager — LinkedIn Live Search,Africa Remote,Africa Remote,Live Job Search,Live Job Search,Technology & Consulting,Africa,Africa Remote,Live / varies,Possibly Available,,,2026-07-20,Live search sorted toward newest results,LinkedIn,B,Recognized job platform,Platform,57,Low,,https://www.linkedin.com/jobs/search/?keywords=Cybersecurity+Manager&sortBy=DD&location=Africa+Remote,"Global remote live-search pack. This is a live search link, not one fixed vacancy."
job-00988,Platform-Indexed Vacancy,job,Cybersecurity Manager — WeWorkRemotely Live Search,Africa Remote,Africa Remote,Live Job Search,Live Job Search,Technology & Consulting,Africa,Africa Remote,Live / varies,Possibly Available,,,2026-07-20,Live search sorted toward newest results,WeWorkRemotely,B,Direct organization or specialist source,Direct,57,Low,,https://weworkremotely.com/remote-jobs/search?term=Cybersecurity+Manager,"Global remote live-search pack. This is a live search link, not one fixed vacancy."
job-00989,Platform-Indexed Vacancy,job,Cybersecurity Manager — RemoteOK Live Search,Africa Remote,Africa Remote,Live Job Search,Live Job Search,Technology & Consulting,Africa,Africa Remote,Live / varies,Possibly Available,,,2026-07-20,Live search sorted toward newest results,RemoteOK,B,Direct organization or specialist source,Direct,57,Low,,https://remoteok.com/remote-cybersecurity-manager-jobs,"Global remote live-search pack. This is a live search link, not one fixed vacancy."
job-00990,Platform-Indexed Vacancy,job,Cybersecurity Manager — Wellfound Live Search,Africa Remote,Africa Remote,Live Job Search,Live Job Search,Technology & Consulting,Africa,Africa Remote,Live / varies,Possibly Available,,,2026-07-20,Live search sorted toward newest results,Wellfound,B,Direct organization or specialist source,Direct,57,Low,,https://wellfound.com/jobs?q=Cybersecurity+Manager&remote=True,"Global remote live-search pack. This is a live search link, not one fixed vacancy."
job-00991,Platform-Indexed Vacancy,job,AI Solution Architect — LinkedIn Live Search,Africa Remote,Africa Remote,Live Job Search,Live Job Search,Other Multinational & Enterprise,Africa,Africa Remote,Live / varies,Possibly Available,,,2026-07-20,Live search sorted toward newest results,LinkedIn,B,Recognized job platform,Platform,61,Medium,,https://www.linkedin.com/jobs/search/?keywords=AI+Solution+Architect&sortBy=DD&location=Africa+Remote,"Global remote live-search pack. This is a live search link, not one fixed vacancy."
job-00992,Platform-Indexed Vacancy,job,AI Solution Architect — WeWorkRemotely Live Search,Africa Remote,Africa Remote,Live Job Search,Live Job Search,Other Multinational & Enterprise,Africa,Africa Remote,Live / varies,Possibly Available,,,2026-07-20,Live search sorted toward newest results,WeWorkRemotely,B,Direct organization or specialist source,Direct,61,Medium,,https://weworkremotely.com/remote-jobs/search?term=AI+Solution+Architect,"Global remote live-search pack. This is a live search link, not one fixed vacancy."
job-00993,Platform-Indexed Vacancy,job,AI Solution Architect — RemoteOK Live Search,Africa Remote,Africa Remote,Live Job Search,Live Job Search,Other Multinational & Enterprise,Africa,Africa Remote,Live / varies,Possibly Available,,,2026-07-20,Live search sorted toward newest results,RemoteOK,B,Direct organization or specialist source,Direct,61,Medium,,https://remoteok.com/remote-ai-solution-architect-jobs,"Global remote live-search pack. This is a live search link, not one fixed vacancy."
job-00994,Platform-Indexed Vacancy,job,AI Solution Architect — Wellfound Live Search,Africa Remote,Africa Remote,Live Job Search,Live Job Search,Other Multinational & Enterprise,Africa,Africa Remote,Live / varies,Possibly Available,,,2026-07-20,Live search sorted toward newest results,Wellfound,B,Direct organization or specialist source,Direct,61,Medium,,https://wellfound.com/jobs?q=AI+Solution+Architect&remote=True,"Global remote live-search pack. This is a live search link, not one fixed vacancy."
job-00995,Platform-Indexed Vacancy,job,Business Transformation Manager — LinkedIn Live Search,Africa Remote,Africa Remote,Live Job Search,Live Job Search,Other Multinational & Enterprise,Africa,Africa Remote,Live / varies,Possibly Available,,,2026-07-20,Live search sorted toward newest results,LinkedIn,B,Recognized job platform,Platform,57,Low,,https://www.linkedin.com/jobs/search/?keywords=Business+Transformation+Manager&sortBy=DD&location=Africa+Remote,"Global remote live-search pack. This is a live search link, not one fixed vacancy."
job-00996,Platform-Indexed Vacancy,job,Business Transformation Manager — WeWorkRemotely Live Search,Africa Remote,Africa Remote,Live Job Search,Live Job Search,Other Multinational & Enterprise,Africa,Africa Remote,Live / varies,Possibly Available,,,2026-07-20,Live search sorted toward newest results,WeWorkRemotely,B,Direct organization or specialist source,Direct,57,Low,,https://weworkremotely.com/remote-jobs/search?term=Business+Transformation+Manager,"Global remote live-search pack. This is a live search link, not one fixed vacancy."
job-00997,Platform-Indexed Vacancy,job,Business Transformation Manager — RemoteOK Live Search,Africa Remote,Africa Remote,Live Job Search,Live Job Search,Other Multinational & Enterprise,Africa,Africa Remote,Live / varies,Possibly Available,,,2026-07-20,Live search sorted toward newest results,RemoteOK,B,Direct organization or specialist source,Direct,57,Low,,https://remoteok.com/remote-business-transformation-manager-jobs,"Global remote live-search pack. This is a live search link, not one fixed vacancy."
job-00998,Platform-Indexed Vacancy,job,Business Transformation Manager — Wellfound Live Search,Africa Remote,Africa Remote,Live Job Search,Live Job Search,Other Multinational & Enterprise,Africa,Africa Remote,Live / varies,Possibly Available,,,2026-07-20,Live search sorted toward newest results,Wellfound,B,Direct organization or specialist source,Direct,57,Low,,https://wellfound.com/jobs?q=Business+Transformation+Manager&remote=True,"Global remote live-search pack. This is a live search link, not one fixed vacancy."
job-00999,Platform-Indexed Vacancy,job,ServiceNow Architect — LinkedIn Live Search,Africa Remote,Africa Remote,Live Job Search,Live Job Search,Other Multinational & Enterprise,Africa,Africa Remote,Live / varies,Possibly Available,,,2026-07-20,Live search sorted toward newest results,LinkedIn,B,Recognized job platform,Platform,57,Low,,https://www.linkedin.com/jobs/search/?keywords=ServiceNow+Architect&sortBy=DD&location=Africa+Remote,"Global remote live-search pack. This is a live search link, not one fixed vacancy."
job-01000,Platform-Indexed Vacancy,job,ServiceNow Architect — WeWorkRemotely Live Search,Africa Remote,Africa Remote,Live Job Search,Live Job Search,Other Multinational & Enterprise,Africa,Africa Remote,Live / varies,Possibly Available,,,2026-07-20,Live search sorted toward newest results,WeWorkRemotely,B,Direct organization or specialist source,Direct,57,Low,,https://weworkremotely.com/remote-jobs/search?term=ServiceNow+Architect,"Global remote live-search pack. This is a live search link, not one fixed vacancy."
job-01001,Platform-Indexed Vacancy,job,ServiceNow Architect — RemoteOK Live Search,Africa Remote,Africa Remote,Live Job Search,Live Job Search,Other Multinational & Enterprise,Africa,Africa Remote,Live / varies,Possibly Available,,,2026-07-20,Live search sorted toward newest results,RemoteOK,B,Direct organization or specialist source,Direct,57,Low,,https://remoteok.com/remote-servicenow-architect-jobs,"Global remote live-search pack. This is a live search link, not one fixed vacancy."
job-01002,Platform-Indexed Vacancy,job,ServiceNow Architect — Wellfound Live Search,Africa Remote,Africa Remote,Live Job Search,Live Job Search,Other Multinational & Enterprise,Africa,Africa Remote,Live / varies,Possibly Available,,,2026-07-20,Live search sorted toward newest results,Wellfound,B,Direct organization or specialist source,Direct,57,Low,,https://wellfound.com/jobs?q=ServiceNow+Architect&remote=True,"Global remote live-search pack. This is a live search link, not one fixed vacancy."
job-01003,Platform-Indexed Vacancy,job,ERP Program Manager — LinkedIn Live Search,Africa Remote,Africa Remote,Live Job Search,Live Job Search,Other Multinational & Enterprise,Africa,Africa Remote,Live / varies,Possibly Available,,,2026-07-20,Live search sorted toward newest results,LinkedIn,B,Recognized job platform,Platform,62,Medium,,https://www.linkedin.com/jobs/search/?keywords=ERP+Program+Manager&sortBy=DD&location=Africa+Remote,"Global remote live-search pack. This is a live search link, not one fixed vacancy."
job-01004,Platform-Indexed Vacancy,job,ERP Program Manager — WeWorkRemotely Live Search,Africa Remote,Africa Remote,Live Job Search,Live Job Search,Other Multinational & Enterprise,Africa,Africa Remote,Live / varies,Possibly Available,,,2026-07-20,Live search sorted toward newest results,WeWorkRemotely,B,Direct organization or specialist source,Direct,62,Medium,,https://weworkremotely.com/remote-jobs/search?term=ERP+Program+Manager,"Global remote live-search pack. This is a live search link, not one fixed vacancy."
job-01005,Platform-Indexed Vacancy,job,ERP Program Manager — RemoteOK Live Search,Africa Remote,Africa Remote,Live Job Search,Live Job Search,Other Multinational & Enterprise,Africa,Africa Remote,Live / varies,Possibly Available,,,2026-07-20,Live search sorted toward newest results,RemoteOK,B,Direct organization or specialist source,Direct,62,Medium,,https://remoteok.com/remote-erp-program-manager-jobs,"Global remote live-search pack. This is a live search link, not one fixed vacancy."
job-01006,Platform-Indexed Vacancy,job,ERP Program Manager — Wellfound Live Search,Africa Remote,Africa Remote,Live Job Search,Live Job Search,Other Multinational & Enterprise,Africa,Africa Remote,Live / varies,Possibly Available,,,2026-07-20,Live search sorted toward newest results,Wellfound,B,Direct organization or specialist source,Direct,62,Medium,,https://wellfound.com/jobs?q=ERP+Program+Manager&remote=True,"Global remote live-search pack. This is a live search link, not one fixed vacancy."
job-01007,Platform-Indexed Vacancy,job,ICT Manager — LinkedIn Live Search,Africa Remote,Africa Remote,Live Job Search,Live Job Search,Other Multinational & Enterprise,Africa,Africa Remote,Live / varies,Possibly Available,,,2026-07-20,Live search sorted toward newest results,LinkedIn,B,Recognized job platform,Platform,57,Low,,https://www.linkedin.com/jobs/search/?keywords=ICT+Manager&sortBy=DD&location=Africa+Remote,"Global remote live-search pack. This is a live search link, not one fixed vacancy."
job-01008,Platform-Indexed Vacancy,job,ICT Manager — WeWorkRemotely Live Search,Africa Remote,Africa Remote,Live Job Search,Live Job Search,Other Multinational & Enterprise,Africa,Africa Remote,Live / varies,Possibly Available,,,2026-07-20,Live search sorted toward newest results,WeWorkRemotely,B,Direct organization or specialist source,Direct,57,Low,,https://weworkremotely.com/remote-jobs/search?term=ICT+Manager,"Global remote live-search pack. This is a live search link, not one fixed vacancy."
job-01009,Platform-Indexed Vacancy,job,ICT Manager — RemoteOK Live Search,Africa Remote,Africa Remote,Live Job Search,Live Job Search,Other Multinational & Enterprise,Africa,Africa Remote,Live / varies,Possibly Available,,,2026-07-20,Live search sorted toward newest results,RemoteOK,B,Direct organization or specialist source,Direct,57,Low,,https://remoteok.com/remote-ict-manager-jobs,"Global remote live-search pack. This is a live search link, not one fixed vacancy."
job-01010,Platform-Indexed Vacancy,job,ICT Manager — Wellfound Live Search,Africa Remote,Africa Remote,Live Job Search,Live Job Search,Other Multinational & Enterprise,Africa,Africa Remote,Live / varies,Possibly Available,,,2026-07-20,Live search sorted toward newest results,Wellfound,B,Direct organization or specialist source,Direct,57,Low,,https://wellfound.com/jobs?q=ICT+Manager&remote=True,"Global remote live-search pack. This is a live search link, not one fixed vacancy."
job-01115,Platform-Indexed Vacancy,job,Solutions Architect,GitLab,GitLab,Solution Architecture,Solution Architecture,Supply Chain & Logistics,Remote / Global,Remote - Multiple Regions,Remote,Expired,,,2026-07-20,Current GitLab job-board listing,Official employer board,B,Direct organization or specialist source,Direct,62,Medium,,https://about.gitlab.com/jobs/all-jobs/,Use GitLab location filter and confirm Egypt is supported
job-01147,Platform-Indexed Vacancy,job,Senior Business Analyst - Digital Transformation,SSC HR Solutions,SSC HR Solutions,Digital Transformation & Strategy,Digital Transformation & Strategy,Technology & Consulting,Egypt,Egypt,Remote,Expired,,,2026-07-20,Posted 18 Jul 2026,Official ATS,A,Official / primary source,Official,60,Medium,,https://jobs.workable.com/view/wsPs2e4w3rx9Keer3PZj6X/remote-senior-business-analyst-%28digital-transformation%29-in-egypt-at-ssc-hr-solutions,Remote Egypt role
job-01148,Platform-Indexed Vacancy,job,MEL System Development and Implementation,CGIAR,CGIAR,Digital Transformation & Strategy,Digital Transformation & Strategy,Technology & Consulting,Africa,Africa / Kenya,Remote / Nairobi-linked,Expired,,,2026-07-20,Posted 4 Jul 2026,Official ATS,A,Official / primary source,Official,55,Low,,https://jobs.workable.com/view/iAPwEMD3yUkepNnYUoQ7pW/remote-mel-system-development-and-implementation-in-nairobi-at-cgiar,Consultancy/assignment; verify eligible countries
job-01149,Platform-Indexed Vacancy,job,Partner Integrations Specialist,JUMO,JUMO,Integration & Enterprise Applications,Integration & Enterprise Applications,Technology & Consulting,Africa,South Africa,Remote-first,Expired,,,2026-07-20,Shown on current employer job board,Official employer ATS,A,Official / primary source,Official,57,Low,,https://boards.greenhouse.io/jumo/jobs/7870659,Based in South Africa
job-01150,Platform-Indexed Vacancy,job,Strategic Partnerships Lead - Banking Distribution COO,JUMO,JUMO,Digital Transformation & Strategy,Digital Transformation & Strategy,Technology & Consulting,Remote / Global,UTC 0 to UTC+3 / Selected countries,Remote-first,Expired,,,2026-07-20,Shown on current employer job board,Official employer ATS,A,Official / primary source,Official,62,Medium,,https://boards.greenhouse.io/jumo/jobs/7870659,Job board references remote hiring within UTC 0 to UTC+3; confirm Egypt eligibility
job-01151,Platform-Indexed Vacancy,job,Presales Consultant,Müller's Solutions,Müller's Solutions,Solution Architecture,Solution Architecture,Technology & Consulting,Egypt,Egypt,Remote,Expired,,,2026-07-20,Open page checked 18 Jul 2026,Official ATS,A,Official / primary source,Official,64,Medium,,https://jobs.workable.com/view/qbthsnFBmPkWV9WthvjQpq/presales-consultant-%28remote%29-in-cairo-at-m%C3%BCller%60s-solutions,Remote role associated with Cairo
job-01157,Platform-Indexed Vacancy,job,Digital Transformation & Business Technology Group Director,Victory Farms,Victory Farms,IT Leadership,IT Leadership,Technology & Consulting,Africa,Kenya,Nairobi,Possibly Available,2026-07-16,,2026-07-20,Listed 4 days ago,LinkedIn current search,B,Recognized job platform,Platform,63,Medium,,https://ke.linkedin.com/jobs/it-director-jobs,"Verify eligibility, deadline and work authorization on the linked source before applying."
job-01158,Platform-Indexed Vacancy,job,"Director, Digital Health and Informatics",Last Mile Health,Last Mile Health,Healthcare IT,Healthcare IT,Healthcare & Life Sciences,Africa,Kenya,Kenya,Possibly Available,2026-07-06,,2026-07-20,Listed 2 weeks ago,LinkedIn current search,B,Recognized job platform,Platform,68,Medium,,https://ke.linkedin.com/jobs/it-director-jobs,"Verify eligibility, deadline and work authorization on the linked source before applying."
job-01159,Platform-Indexed Vacancy,job,ICT Specialist - Data & Digital Innovation,ICRC,ICRC,Data & Governance,Data & Governance,Technology & Consulting,Africa,Kenya,Nairobi,Possibly Available,2026-07-13,,2026-07-20,Listed 1 week ago,LinkedIn current search,B,Recognized job platform,Platform,54,Low,,https://ke.linkedin.com/jobs/it-director-jobs,"Verify eligibility, deadline and work authorization on the linked source before applying."
job-01160,Platform-Indexed Vacancy,job,Digital Transformation Project Manager,World Vision,World Vision,Programme & Delivery,Programme & Delivery,Technology & Consulting,Africa,Kenya,Kenya,Possibly Available,2026-07-06,,2026-07-20,Listed 2 weeks ago,LinkedIn current search,B,Recognized job platform,Platform,59,Low,,https://ke.linkedin.com/jobs/it-director-jobs,"Verify eligibility, deadline and work authorization on the linked source before applying."
job-01161,Platform-Indexed Vacancy,job,ServiceNow System Administrator,International Rescue Committee,International Rescue Committee,Enterprise Applications,Enterprise Applications,Technology & Consulting,Africa,Kenya,Nairobi,Possibly Available,2026-07-20,,2026-07-20,Listed 17 hours ago,LinkedIn current search,B,Recognized job platform,Platform,21,Low,,https://ke.linkedin.com/jobs/it-director-jobs,"Verify eligibility, deadline and work authorization on the linked source before applying."
job-01162,Platform-Indexed Vacancy,job,Head of Engineering - Digital Experience,Watu Credit,Watu Credit,IT Leadership,IT Leadership,Technology & Consulting,Africa,Kenya,Nairobi,Possibly Available,2026-07-18,,2026-07-20,Listed 2 days ago,LinkedIn current search,B,Recognized job platform,Platform,56,Low,,https://ke.linkedin.com/jobs/digital-transformation-jobs,"Verify eligibility, deadline and work authorization on the linked source before applying."
job-01163,Platform-Indexed Vacancy,job,Senior Customs Digitalisation / Transit Systems Expert,NTU International,NTU International,Digital Transformation,Digital Transformation,Technology & Consulting,Africa,Kenya,Nairobi,Possibly Available,2026-07-13,,2026-07-20,Listed 1 week ago,LinkedIn current search,B,Recognized job platform,Platform,32,Low,,https://ke.linkedin.com/jobs/digital-transformation-jobs,"Verify eligibility, deadline and work authorization on the linked source before applying."
job-01164,Platform-Indexed Vacancy,job,Head of Data & Analytics,Millar Cameron client,Millar Cameron client,Data & Governance,Data & Governance,Technology & Consulting,Africa,Kenya,Nairobi,Possibly Available,2026-07-06,,2026-07-20,Listed 2 weeks ago,LinkedIn current search,B,Recognized job platform,Platform,61,Medium,,https://ke.linkedin.com/jobs/digital-transformation-jobs,"Verify eligibility, deadline and work authorization on the linked source before applying."
job-01165,Platform-Indexed Vacancy,job,Enterprise Architect Lead,Securitas Security Services Europe,Securitas Security Services Europe,Enterprise Architecture,Enterprise Architecture,Technology & Consulting,Africa,Kenya,Kenya,Possibly Available,2026-07-13,,2026-07-20,Listed 1 week ago,LinkedIn current search,B,Recognized job platform,Platform,64,Medium,,https://ke.linkedin.com/jobs/digital-transformation-jobs,"Verify eligibility, deadline and work authorization on the linked source before applying."
job-01166,Platform-Indexed Vacancy,job,"Regional Partner, Africa - Digital Transformation",Accion,Accion,Digital Transformation,Digital Transformation,Technology & Consulting,Africa,Kenya,Nairobi,Possibly Available,2026-07-06,,2026-07-20,Listed 2 weeks ago,LinkedIn current search,B,Recognized job platform,Platform,57,Low,,https://ke.linkedin.com/jobs/it-director-jobs,"Verify eligibility, deadline and work authorization on the linked source before applying."
job-01167,Platform-Indexed Vacancy,job,Enterprise Architect — LinkedIn Live Search,Kenya,Kenya,Live Job Search,Live Job Search,Technology & Consulting,Africa,Kenya,Live / varies,Possibly Available,,,2026-07-20,Live search sorted toward newest results,LinkedIn,B,Recognized job platform,Platform,63,Medium,,https://www.linkedin.com/jobs/search/?keywords=Enterprise+Architect&sortBy=DD&location=Kenya,"Africa live-search pack. This is a live search link, not one fixed vacancy."
job-01169,Platform-Indexed Vacancy,job,Solution Architect — LinkedIn Live Search,Kenya,Kenya,Live Job Search,Live Job Search,Other Multinational & Enterprise,Africa,Kenya,Live / varies,Possibly Available,,,2026-07-20,Live search sorted toward newest results,LinkedIn,B,Recognized job platform,Platform,59,Low,,https://www.linkedin.com/jobs/search/?keywords=Solution+Architect&sortBy=DD&location=Kenya,"Africa live-search pack. This is a live search link, not one fixed vacancy."
job-01171,Platform-Indexed Vacancy,job,Digital Transformation Manager — LinkedIn Live Search,Kenya,Kenya,Live Job Search,Live Job Search,Technology & Consulting,Africa,Kenya,Live / varies,Possibly Available,,,2026-07-20,Live search sorted toward newest results,LinkedIn,B,Recognized job platform,Platform,59,Low,,https://www.linkedin.com/jobs/search/?keywords=Digital+Transformation+Manager&sortBy=DD&location=Kenya,"Africa live-search pack. This is a live search link, not one fixed vacancy."
job-01173,Platform-Indexed Vacancy,job,IT Director — LinkedIn Live Search,Kenya,Kenya,Live Job Search,Live Job Search,Other Multinational & Enterprise,Africa,Kenya,Live / varies,Possibly Available,,,2026-07-20,Live search sorted toward newest results,LinkedIn,B,Recognized job platform,Platform,63,Medium,,https://www.linkedin.com/jobs/search/?keywords=IT+Director&sortBy=DD&location=Kenya,"Africa live-search pack. This is a live search link, not one fixed vacancy."
job-01175,Platform-Indexed Vacancy,job,Head of Technology — LinkedIn Live Search,Kenya,Kenya,Live Job Search,Live Job Search,Technology & Consulting,Africa,Kenya,Live / varies,Possibly Available,,,2026-07-20,Live search sorted toward newest results,LinkedIn,B,Recognized job platform,Platform,56,Low,,https://www.linkedin.com/jobs/search/?keywords=Head+of+Technology&sortBy=DD&location=Kenya,"Africa live-search pack. This is a live search link, not one fixed vacancy."
job-01177,Platform-Indexed Vacancy,job,Technology Director — LinkedIn Live Search,Kenya,Kenya,Live Job Search,Live Job Search,Technology & Consulting,Africa,Kenya,Live / varies,Possibly Available,,,2026-07-20,Live search sorted toward newest results,LinkedIn,B,Recognized job platform,Platform,63,Medium,,https://www.linkedin.com/jobs/search/?keywords=Technology+Director&sortBy=DD&location=Kenya,"Africa live-search pack. This is a live search link, not one fixed vacancy."
job-01179,Platform-Indexed Vacancy,job,IT Strategy Manager — LinkedIn Live Search,Kenya,Kenya,Live Job Search,Live Job Search,Other Multinational & Enterprise,Africa,Kenya,Live / varies,Possibly Available,,,2026-07-20,Live search sorted toward newest results,LinkedIn,B,Recognized job platform,Platform,59,Low,,https://www.linkedin.com/jobs/search/?keywords=IT+Strategy+Manager&sortBy=DD&location=Kenya,"Africa live-search pack. This is a live search link, not one fixed vacancy."
job-01181,Platform-Indexed Vacancy,job,Data Architect — LinkedIn Live Search,Kenya,Kenya,Live Job Search,Live Job Search,Technology & Consulting,Africa,Kenya,Live / varies,Possibly Available,,,2026-07-20,Live search sorted toward newest results,LinkedIn,B,Recognized job platform,Platform,57,Low,,https://www.linkedin.com/jobs/search/?keywords=Data+Architect&sortBy=DD&location=Kenya,"Africa live-search pack. This is a live search link, not one fixed vacancy."
job-01183,Platform-Indexed Vacancy,job,Data Governance Manager — LinkedIn Live Search,Kenya,Kenya,Live Job Search,Live Job Search,Technology & Consulting,Africa,Kenya,Live / varies,Possibly Available,,,2026-07-20,Live search sorted toward newest results,LinkedIn,B,Recognized job platform,Platform,63,Medium,,https://www.linkedin.com/jobs/search/?keywords=Data+Governance+Manager&sortBy=DD&location=Kenya,"Africa live-search pack. This is a live search link, not one fixed vacancy."
job-01185,Platform-Indexed Vacancy,job,Chief Data Officer — LinkedIn Live Search,Kenya,Kenya,Live Job Search,Live Job Search,Technology & Consulting,Africa,Kenya,Live / varies,Possibly Available,,,2026-07-20,Live search sorted toward newest results,LinkedIn,B,Recognized job platform,Platform,57,Low,,https://www.linkedin.com/jobs/search/?keywords=Chief+Data+Officer&sortBy=DD&location=Kenya,"Africa live-search pack. This is a live search link, not one fixed vacancy."
job-01187,Platform-Indexed Vacancy,job,Healthcare IT Manager — LinkedIn Live Search,Kenya,Kenya,Live Job Search,Live Job Search,Healthcare & Life Sciences,Africa,Kenya,Live / varies,Possibly Available,,,2026-07-20,Live search sorted toward newest results,LinkedIn,B,Recognized job platform,Platform,61,Medium,,https://www.linkedin.com/jobs/search/?keywords=Healthcare+IT+Manager&sortBy=DD&location=Kenya,"Africa live-search pack. This is a live search link, not one fixed vacancy."
job-01189,Platform-Indexed Vacancy,job,Health Informatics — LinkedIn Live Search,Kenya,Kenya,Live Job Search,Live Job Search,Healthcare & Life Sciences,Africa,Kenya,Live / varies,Possibly Available,,,2026-07-20,Live search sorted toward newest results,LinkedIn,B,Recognized job platform,Platform,52,Low,,https://www.linkedin.com/jobs/search/?keywords=Health+Informatics&sortBy=DD&location=Kenya,"Africa live-search pack. This is a live search link, not one fixed vacancy."
job-01191,Platform-Indexed Vacancy,job,Digital Health — LinkedIn Live Search,Kenya,Kenya,Live Job Search,Live Job Search,Healthcare & Life Sciences,Africa,Kenya,Live / varies,Possibly Available,,,2026-07-20,Live search sorted toward newest results,LinkedIn,B,Recognized job platform,Platform,55,Low,,https://www.linkedin.com/jobs/search/?keywords=Digital+Health&sortBy=DD&location=Kenya,"Africa live-search pack. This is a live search link, not one fixed vacancy."
job-01193,Platform-Indexed Vacancy,job,Technical Program Manager — LinkedIn Live Search,Kenya,Kenya,Live Job Search,Live Job Search,Other Multinational & Enterprise,Africa,Kenya,Live / varies,Possibly Available,,,2026-07-20,Live search sorted toward newest results,LinkedIn,B,Recognized job platform,Platform,63,Medium,,https://www.linkedin.com/jobs/search/?keywords=Technical+Program+Manager&sortBy=DD&location=Kenya,"Africa live-search pack. This is a live search link, not one fixed vacancy."
job-01195,Platform-Indexed Vacancy,job,IT Portfolio Manager — LinkedIn Live Search,Kenya,Kenya,Live Job Search,Live Job Search,Supply Chain & Logistics,Africa,Kenya,Live / varies,Possibly Available,,,2026-07-20,Live search sorted toward newest results,LinkedIn,B,Recognized job platform,Platform,56,Low,,https://www.linkedin.com/jobs/search/?keywords=IT+Portfolio+Manager&sortBy=DD&location=Kenya,"Africa live-search pack. This is a live search link, not one fixed vacancy."
job-01197,Platform-Indexed Vacancy,job,PMO Manager — LinkedIn Live Search,Kenya,Kenya,Live Job Search,Live Job Search,Other Multinational & Enterprise,Africa,Kenya,Live / varies,Possibly Available,,,2026-07-20,Live search sorted toward newest results,LinkedIn,B,Recognized job platform,Platform,56,Low,,https://www.linkedin.com/jobs/search/?keywords=PMO+Manager&sortBy=DD&location=Kenya,"Africa live-search pack. This is a live search link, not one fixed vacancy."
job-01199,Platform-Indexed Vacancy,job,Cloud Architect — LinkedIn Live Search,Kenya,Kenya,Live Job Search,Live Job Search,Technology & Consulting,Africa,Kenya,Live / varies,Possibly Available,,,2026-07-20,Live search sorted toward newest results,LinkedIn,B,Recognized job platform,Platform,57,Low,,https://www.linkedin.com/jobs/search/?keywords=Cloud+Architect&sortBy=DD&location=Kenya,"Africa live-search pack. This is a live search link, not one fixed vacancy."
job-01201,Platform-Indexed Vacancy,job,Integration Architect — LinkedIn Live Search,Kenya,Kenya,Live Job Search,Live Job Search,Other Multinational & Enterprise,Africa,Kenya,Live / varies,Possibly Available,,,2026-07-20,Live search sorted toward newest results,LinkedIn,B,Recognized job platform,Platform,61,Medium,,https://www.linkedin.com/jobs/search/?keywords=Integration+Architect&sortBy=DD&location=Kenya,"Africa live-search pack. This is a live search link, not one fixed vacancy."
job-01203,Platform-Indexed Vacancy,job,Enterprise Applications Manager — LinkedIn Live Search,Kenya,Kenya,Live Job Search,Live Job Search,Technology & Consulting,Africa,Kenya,Live / varies,Possibly Available,,,2026-07-20,Live search sorted toward newest results,LinkedIn,B,Recognized job platform,Platform,59,Low,,https://www.linkedin.com/jobs/search/?keywords=Enterprise+Applications+Manager&sortBy=DD&location=Kenya,"Africa live-search pack. This is a live search link, not one fixed vacancy."
job-01205,Platform-Indexed Vacancy,job,Cybersecurity Manager — LinkedIn Live Search,Kenya,Kenya,Live Job Search,Live Job Search,Technology & Consulting,Africa,Kenya,Live / varies,Possibly Available,,,2026-07-20,Live search sorted toward newest results,LinkedIn,B,Recognized job platform,Platform,56,Low,,https://www.linkedin.com/jobs/search/?keywords=Cybersecurity+Manager&sortBy=DD&location=Kenya,"Africa live-search pack. This is a live search link, not one fixed vacancy."
job-01207,Platform-Indexed Vacancy,job,AI Solution Architect — LinkedIn Live Search,Kenya,Kenya,Live Job Search,Live Job Search,Other Multinational & Enterprise,Africa,Kenya,Live / varies,Possibly Available,,,2026-07-20,Live search sorted toward newest results,LinkedIn,B,Recognized job platform,Platform,59,Low,,https://www.linkedin.com/jobs/search/?keywords=AI+Solution+Architect&sortBy=DD&location=Kenya,"Africa live-search pack. This is a live search link, not one fixed vacancy."
job-01209,Platform-Indexed Vacancy,job,Business Transformation Manager — LinkedIn Live Search,Kenya,Kenya,Live Job Search,Live Job Search,Other Multinational & Enterprise,Africa,Kenya,Live / varies,Possibly Available,,,2026-07-20,Live search sorted toward newest results,LinkedIn,B,Recognized job platform,Platform,56,Low,,https://www.linkedin.com/jobs/search/?keywords=Business+Transformation+Manager&sortBy=DD&location=Kenya,"Africa live-search pack. This is a live search link, not one fixed vacancy."
job-01211,Platform-Indexed Vacancy,job,ServiceNow Architect — LinkedIn Live Search,Kenya,Kenya,Live Job Search,Live Job Search,Other Multinational & Enterprise,Africa,Kenya,Live / varies,Possibly Available,,,2026-07-20,Live search sorted toward newest results,LinkedIn,B,Recognized job platform,Platform,56,Low,,https://www.linkedin.com/jobs/search/?keywords=ServiceNow+Architect&sortBy=DD&location=Kenya,"Africa live-search pack. This is a live search link, not one fixed vacancy."
job-01213,Platform-Indexed Vacancy,job,ERP Program Manager — LinkedIn Live Search,Kenya,Kenya,Live Job Search,Live Job Search,Other Multinational & Enterprise,Africa,Kenya,Live / varies,Possibly Available,,,2026-07-20,Live search sorted toward newest results,LinkedIn,B,Recognized job platform,Platform,61,Medium,,https://www.linkedin.com/jobs/search/?keywords=ERP+Program+Manager&sortBy=DD&location=Kenya,"Africa live-search pack. This is a live search link, not one fixed vacancy."
job-01215,Platform-Indexed Vacancy,job,ICT Manager — LinkedIn Live Search,Kenya,Kenya,Live Job Search,Live Job Search,Other Multinational & Enterprise,Africa,Kenya,Live / varies,Possibly Available,,,2026-07-20,Live search sorted toward newest results,LinkedIn,B,Recognized job platform,Platform,56,Low,,https://www.linkedin.com/jobs/search/?keywords=ICT+Manager&sortBy=DD&location=Kenya,"Africa live-search pack. This is a live search link, not one fixed vacancy."
job-01217,Platform-Indexed Vacancy,job,Enterprise Architect — LinkedIn Live Search,Nigeria,Nigeria,Live Job Search,Live Job Search,Technology & Consulting,Africa,Nigeria,Live / varies,Possibly Available,,,2026-07-20,Live search sorted toward newest results,LinkedIn,B,Recognized job platform,Platform,63,Medium,,https://www.linkedin.com/jobs/search/?keywords=Enterprise+Architect&sortBy=DD&location=Nigeria,"Africa live-search pack. This is a live search link, not one fixed vacancy."
job-01219,Platform-Indexed Vacancy,job,Solution Architect — LinkedIn Live Search,Nigeria,Nigeria,Live Job Search,Live Job Search,Other Multinational & Enterprise,Africa,Nigeria,Live / varies,Possibly Available,,,2026-07-20,Live search sorted toward newest results,LinkedIn,B,Recognized job platform,Platform,59,Low,,https://www.linkedin.com/jobs/search/?keywords=Solution+Architect&sortBy=DD&location=Nigeria,"Africa live-search pack. This is a live search link, not one fixed vacancy."
job-01221,Platform-Indexed Vacancy,job,Digital Transformation Manager — LinkedIn Live Search,Nigeria,Nigeria,Live Job Search,Live Job Search,Technology & Consulting,Africa,Nigeria,Live / varies,Possibly Available,,,2026-07-20,Live search sorted toward newest results,LinkedIn,B,Recognized job platform,Platform,59,Low,,https://www.linkedin.com/jobs/search/?keywords=Digital+Transformation+Manager&sortBy=DD&location=Nigeria,"Africa live-search pack. This is a live search link, not one fixed vacancy."
job-01223,Platform-Indexed Vacancy,job,IT Director — LinkedIn Live Search,Nigeria,Nigeria,Live Job Search,Live Job Search,Other Multinational & Enterprise,Africa,Nigeria,Live / varies,Possibly Available,,,2026-07-20,Live search sorted toward newest results,LinkedIn,B,Recognized job platform,Platform,63,Medium,,https://www.linkedin.com/jobs/search/?keywords=IT+Director&sortBy=DD&location=Nigeria,"Africa live-search pack. This is a live search link, not one fixed vacancy."
job-01225,Platform-Indexed Vacancy,job,Head of Technology — LinkedIn Live Search,Nigeria,Nigeria,Live Job Search,Live Job Search,Technology & Consulting,Africa,Nigeria,Live / varies,Possibly Available,,,2026-07-20,Live search sorted toward newest results,LinkedIn,B,Recognized job platform,Platform,56,Low,,https://www.linkedin.com/jobs/search/?keywords=Head+of+Technology&sortBy=DD&location=Nigeria,"Africa live-search pack. This is a live search link, not one fixed vacancy."
job-01227,Platform-Indexed Vacancy,job,Technology Director — LinkedIn Live Search,Nigeria,Nigeria,Live Job Search,Live Job Search,Technology & Consulting,Africa,Nigeria,Live / varies,Possibly Available,,,2026-07-20,Live search sorted toward newest results,LinkedIn,B,Recognized job platform,Platform,63,Medium,,https://www.linkedin.com/jobs/search/?keywords=Technology+Director&sortBy=DD&location=Nigeria,"Africa live-search pack. This is a live search link, not one fixed vacancy."
job-01229,Platform-Indexed Vacancy,job,IT Strategy Manager — LinkedIn Live Search,Nigeria,Nigeria,Live Job Search,Live Job Search,Other Multinational & Enterprise,Africa,Nigeria,Live / varies,Possibly Available,,,2026-07-20,Live search sorted toward newest results,LinkedIn,B,Recognized job platform,Platform,59,Low,,https://www.linkedin.com/jobs/search/?keywords=IT+Strategy+Manager&sortBy=DD&location=Nigeria,"Africa live-search pack. This is a live search link, not one fixed vacancy."
job-01231,Platform-Indexed Vacancy,job,Data Architect — LinkedIn Live Search,Nigeria,Nigeria,Live Job Search,Live Job Search,Technology & Consulting,Africa,Nigeria,Live / varies,Possibly Available,,,2026-07-20,Live search sorted toward newest results,LinkedIn,B,Recognized job platform,Platform,57,Low,,https://www.linkedin.com/jobs/search/?keywords=Data+Architect&sortBy=DD&location=Nigeria,"Africa live-search pack. This is a live search link, not one fixed vacancy."
job-01233,Platform-Indexed Vacancy,job,Data Governance Manager — LinkedIn Live Search,Nigeria,Nigeria,Live Job Search,Live Job Search,Technology & Consulting,Africa,Nigeria,Live / varies,Possibly Available,,,2026-07-20,Live search sorted toward newest results,LinkedIn,B,Recognized job platform,Platform,63,Medium,,https://www.linkedin.com/jobs/search/?keywords=Data+Governance+Manager&sortBy=DD&location=Nigeria,"Africa live-search pack. This is a live search link, not one fixed vacancy."
job-01235,Platform-Indexed Vacancy,job,Chief Data Officer — LinkedIn Live Search,Nigeria,Nigeria,Live Job Search,Live Job Search,Technology & Consulting,Africa,Nigeria,Live / varies,Possibly Available,,,2026-07-20,Live search sorted toward newest results,LinkedIn,B,Recognized job platform,Platform,57,Low,,https://www.linkedin.com/jobs/search/?keywords=Chief+Data+Officer&sortBy=DD&location=Nigeria,"Africa live-search pack. This is a live search link, not one fixed vacancy."
job-01237,Platform-Indexed Vacancy,job,Healthcare IT Manager — LinkedIn Live Search,Nigeria,Nigeria,Live Job Search,Live Job Search,Healthcare & Life Sciences,Africa,Nigeria,Live / varies,Possibly Available,,,2026-07-20,Live search sorted toward newest results,LinkedIn,B,Recognized job platform,Platform,61,Medium,,https://www.linkedin.com/jobs/search/?keywords=Healthcare+IT+Manager&sortBy=DD&location=Nigeria,"Africa live-search pack. This is a live search link, not one fixed vacancy."
job-01239,Platform-Indexed Vacancy,job,Health Informatics — LinkedIn Live Search,Nigeria,Nigeria,Live Job Search,Live Job Search,Healthcare & Life Sciences,Africa,Nigeria,Live / varies,Possibly Available,,,2026-07-20,Live search sorted toward newest results,LinkedIn,B,Recognized job platform,Platform,52,Low,,https://www.linkedin.com/jobs/search/?keywords=Health+Informatics&sortBy=DD&location=Nigeria,"Africa live-search pack. This is a live search link, not one fixed vacancy."
job-01241,Platform-Indexed Vacancy,job,Digital Health — LinkedIn Live Search,Nigeria,Nigeria,Live Job Search,Live Job Search,Healthcare & Life Sciences,Africa,Nigeria,Live / varies,Possibly Available,,,2026-07-20,Live search sorted toward newest results,LinkedIn,B,Recognized job platform,Platform,55,Low,,https://www.linkedin.com/jobs/search/?keywords=Digital+Health&sortBy=DD&location=Nigeria,"Africa live-search pack. This is a live search link, not one fixed vacancy."
job-01243,Platform-Indexed Vacancy,job,Technical Program Manager — LinkedIn Live Search,Nigeria,Nigeria,Live Job Search,Live Job Search,Other Multinational & Enterprise,Africa,Nigeria,Live / varies,Possibly Available,,,2026-07-20,Live search sorted toward newest results,LinkedIn,B,Recognized job platform,Platform,63,Medium,,https://www.linkedin.com/jobs/search/?keywords=Technical+Program+Manager&sortBy=DD&location=Nigeria,"Africa live-search pack. This is a live search link, not one fixed vacancy."
job-01245,Platform-Indexed Vacancy,job,IT Portfolio Manager — LinkedIn Live Search,Nigeria,Nigeria,Live Job Search,Live Job Search,Supply Chain & Logistics,Africa,Nigeria,Live / varies,Possibly Available,,,2026-07-20,Live search sorted toward newest results,LinkedIn,B,Recognized job platform,Platform,56,Low,,https://www.linkedin.com/jobs/search/?keywords=IT+Portfolio+Manager&sortBy=DD&location=Nigeria,"Africa live-search pack. This is a live search link, not one fixed vacancy."
job-01247,Platform-Indexed Vacancy,job,PMO Manager — LinkedIn Live Search,Nigeria,Nigeria,Live Job Search,Live Job Search,Other Multinational & Enterprise,Africa,Nigeria,Live / varies,Possibly Available,,,2026-07-20,Live search sorted toward newest results,LinkedIn,B,Recognized job platform,Platform,56,Low,,https://www.linkedin.com/jobs/search/?keywords=PMO+Manager&sortBy=DD&location=Nigeria,"Africa live-search pack. This is a live search link, not one fixed vacancy."
job-01249,Platform-Indexed Vacancy,job,Cloud Architect — LinkedIn Live Search,Nigeria,Nigeria,Live Job Search,Live Job Search,Technology & Consulting,Africa,Nigeria,Live / varies,Possibly Available,,,2026-07-20,Live search sorted toward newest results,LinkedIn,B,Recognized job platform,Platform,57,Low,,https://www.linkedin.com/jobs/search/?keywords=Cloud+Architect&sortBy=DD&location=Nigeria,"Africa live-search pack. This is a live search link, not one fixed vacancy."
job-01251,Platform-Indexed Vacancy,job,Integration Architect — LinkedIn Live Search,Nigeria,Nigeria,Live Job Search,Live Job Search,Other Multinational & Enterprise,Africa,Nigeria,Live / varies,Possibly Available,,,2026-07-20,Live search sorted toward newest results,LinkedIn,B,Recognized job platform,Platform,61,Medium,,https://www.linkedin.com/jobs/search/?keywords=Integration+Architect&sortBy=DD&location=Nigeria,"Africa live-search pack. This is a live search link, not one fixed vacancy."
job-01253,Platform-Indexed Vacancy,job,Enterprise Applications Manager — LinkedIn Live Search,Nigeria,Nigeria,Live Job Search,Live Job Search,Technology & Consulting,Africa,Nigeria,Live / varies,Possibly Available,,,2026-07-20,Live search sorted toward newest results,LinkedIn,B,Recognized job platform,Platform,59,Low,,https://www.linkedin.com/jobs/search/?keywords=Enterprise+Applications+Manager&sortBy=DD&location=Nigeria,"Africa live-search pack. This is a live search link, not one fixed vacancy."
job-01255,Platform-Indexed Vacancy,job,Cybersecurity Manager — LinkedIn Live Search,Nigeria,Nigeria,Live Job Search,Live Job Search,Technology & Consulting,Africa,Nigeria,Live / varies,Possibly Available,,,2026-07-20,Live search sorted toward newest results,LinkedIn,B,Recognized job platform,Platform,56,Low,,https://www.linkedin.com/jobs/search/?keywords=Cybersecurity+Manager&sortBy=DD&location=Nigeria,"Africa live-search pack. This is a live search link, not one fixed vacancy."
job-01257,Platform-Indexed Vacancy,job,AI Solution Architect — LinkedIn Live Search,Nigeria,Nigeria,Live Job Search,Live Job Search,Other Multinational & Enterprise,Africa,Nigeria,Live / varies,Possibly Available,,,2026-07-20,Live search sorted toward newest results,LinkedIn,B,Recognized job platform,Platform,59,Low,,https://www.linkedin.com/jobs/search/?keywords=AI+Solution+Architect&sortBy=DD&location=Nigeria,"Africa live-search pack. This is a live search link, not one fixed vacancy."
job-01259,Platform-Indexed Vacancy,job,Business Transformation Manager — LinkedIn Live Search,Nigeria,Nigeria,Live Job Search,Live Job Search,Other Multinational & Enterprise,Africa,Nigeria,Live / varies,Possibly Available,,,2026-07-20,Live search sorted toward newest results,LinkedIn,B,Recognized job platform,Platform,56,Low,,https://www.linkedin.com/jobs/search/?keywords=Business+Transformation+Manager&sortBy=DD&location=Nigeria,"Africa live-search pack. This is a live search link, not one fixed vacancy."
job-01261,Platform-Indexed Vacancy,job,ServiceNow Architect — LinkedIn Live Search,Nigeria,Nigeria,Live Job Search,Live Job Search,Other Multinational & Enterprise,Africa,Nigeria,Live / varies,Possibly Available,,,2026-07-20,Live search sorted toward newest results,LinkedIn,B,Recognized job platform,Platform,56,Low,,https://www.linkedin.com/jobs/search/?keywords=ServiceNow+Architect&sortBy=DD&location=Nigeria,"Africa live-search pack. This is a live search link, not one fixed vacancy."
job-01263,Platform-Indexed Vacancy,job,ERP Program Manager — LinkedIn Live Search,Nigeria,Nigeria,Live Job Search,Live Job Search,Other Multinational & Enterprise,Africa,Nigeria,Live / varies,Possibly Available,,,2026-07-20,Live search sorted toward newest results,LinkedIn,B,Recognized job platform,Platform,61,Medium,,https://www.linkedin.com/jobs/search/?keywords=ERP+Program+Manager&sortBy=DD&location=Nigeria,"Africa live-search pack. This is a live search link, not one fixed vacancy."
job-01265,Platform-Indexed Vacancy,job,ICT Manager — LinkedIn Live Search,Nigeria,Nigeria,Live Job Search,Live Job Search,Other Multinational & Enterprise,Africa,Nigeria,Live / varies,Possibly Available,,,2026-07-20,Live search sorted toward newest results,LinkedIn,B,Recognized job platform,Platform,56,Low,,https://www.linkedin.com/jobs/search/?keywords=ICT+Manager&sortBy=DD&location=Nigeria,"Africa live-search pack. This is a live search link, not one fixed vacancy."
job-01267,Platform-Indexed Vacancy,job,Enterprise Architect — LinkedIn Live Search,Ghana,Ghana,Live Job Search,Live Job Search,Technology & Consulting,Africa,Ghana,Live / varies,Possibly Available,,,2026-07-20,Live search sorted toward newest results,LinkedIn,B,Recognized job platform,Platform,63,Medium,,https://www.linkedin.com/jobs/search/?keywords=Enterprise+Architect&sortBy=DD&location=Ghana,"Africa live-search pack. This is a live search link, not one fixed vacancy."
job-01269,Platform-Indexed Vacancy,job,Solution Architect — LinkedIn Live Search,Ghana,Ghana,Live Job Search,Live Job Search,Other Multinational & Enterprise,Africa,Ghana,Live / varies,Possibly Available,,,2026-07-20,Live search sorted toward newest results,LinkedIn,B,Recognized job platform,Platform,59,Low,,https://www.linkedin.com/jobs/search/?keywords=Solution+Architect&sortBy=DD&location=Ghana,"Africa live-search pack. This is a live search link, not one fixed vacancy."
job-01271,Platform-Indexed Vacancy,job,Digital Transformation Manager — LinkedIn Live Search,Ghana,Ghana,Live Job Search,Live Job Search,Technology & Consulting,Africa,Ghana,Live / varies,Possibly Available,,,2026-07-20,Live search sorted toward newest results,LinkedIn,B,Recognized job platform,Platform,59,Low,,https://www.linkedin.com/jobs/search/?keywords=Digital+Transformation+Manager&sortBy=DD&location=Ghana,"Africa live-search pack. This is a live search link, not one fixed vacancy."
job-01273,Platform-Indexed Vacancy,job,IT Director — LinkedIn Live Search,Ghana,Ghana,Live Job Search,Live Job Search,Other Multinational & Enterprise,Africa,Ghana,Live / varies,Possibly Available,,,2026-07-20,Live search sorted toward newest results,LinkedIn,B,Recognized job platform,Platform,63,Medium,,https://www.linkedin.com/jobs/search/?keywords=IT+Director&sortBy=DD&location=Ghana,"Africa live-search pack. This is a live search link, not one fixed vacancy."
job-01275,Platform-Indexed Vacancy,job,Head of Technology — LinkedIn Live Search,Ghana,Ghana,Live Job Search,Live Job Search,Technology & Consulting,Africa,Ghana,Live / varies,Possibly Available,,,2026-07-20,Live search sorted toward newest results,LinkedIn,B,Recognized job platform,Platform,56,Low,,https://www.linkedin.com/jobs/search/?keywords=Head+of+Technology&sortBy=DD&location=Ghana,"Africa live-search pack. This is a live search link, not one fixed vacancy."
job-01277,Platform-Indexed Vacancy,job,Technology Director — LinkedIn Live Search,Ghana,Ghana,Live Job Search,Live Job Search,Technology & Consulting,Africa,Ghana,Live / varies,Possibly Available,,,2026-07-20,Live search sorted toward newest results,LinkedIn,B,Recognized job platform,Platform,63,Medium,,https://www.linkedin.com/jobs/search/?keywords=Technology+Director&sortBy=DD&location=Ghana,"Africa live-search pack. This is a live search link, not one fixed vacancy."
job-01279,Platform-Indexed Vacancy,job,IT Strategy Manager — LinkedIn Live Search,Ghana,Ghana,Live Job Search,Live Job Search,Other Multinational & Enterprise,Africa,Ghana,Live / varies,Possibly Available,,,2026-07-20,Live search sorted toward newest results,LinkedIn,B,Recognized job platform,Platform,59,Low,,https://www.linkedin.com/jobs/search/?keywords=IT+Strategy+Manager&sortBy=DD&location=Ghana,"Africa live-search pack. This is a live search link, not one fixed vacancy."
job-01281,Platform-Indexed Vacancy,job,Data Architect — LinkedIn Live Search,Ghana,Ghana,Live Job Search,Live Job Search,Technology & Consulting,Africa,Ghana,Live / varies,Possibly Available,,,2026-07-20,Live search sorted toward newest results,LinkedIn,B,Recognized job platform,Platform,57,Low,,https://www.linkedin.com/jobs/search/?keywords=Data+Architect&sortBy=DD&location=Ghana,"Africa live-search pack. This is a live search link, not one fixed vacancy."
job-01283,Platform-Indexed Vacancy,job,Data Governance Manager — LinkedIn Live Search,Ghana,Ghana,Live Job Search,Live Job Search,Technology & Consulting,Africa,Ghana,Live / varies,Possibly Available,,,2026-07-20,Live search sorted toward newest results,LinkedIn,B,Recognized job platform,Platform,63,Medium,,https://www.linkedin.com/jobs/search/?keywords=Data+Governance+Manager&sortBy=DD&location=Ghana,"Africa live-search pack. This is a live search link, not one fixed vacancy."
job-01285,Platform-Indexed Vacancy,job,Chief Data Officer — LinkedIn Live Search,Ghana,Ghana,Live Job Search,Live Job Search,Technology & Consulting,Africa,Ghana,Live / varies,Possibly Available,,,2026-07-20,Live search sorted toward newest results,LinkedIn,B,Recognized job platform,Platform,57,Low,,https://www.linkedin.com/jobs/search/?keywords=Chief+Data+Officer&sortBy=DD&location=Ghana,"Africa live-search pack. This is a live search link, not one fixed vacancy."
job-01287,Platform-Indexed Vacancy,job,Healthcare IT Manager — LinkedIn Live Search,Ghana,Ghana,Live Job Search,Live Job Search,Healthcare & Life Sciences,Africa,Ghana,Live / varies,Possibly Available,,,2026-07-20,Live search sorted toward newest results,LinkedIn,B,Recognized job platform,Platform,61,Medium,,https://www.linkedin.com/jobs/search/?keywords=Healthcare+IT+Manager&sortBy=DD&location=Ghana,"Africa live-search pack. This is a live search link, not one fixed vacancy."
job-01289,Platform-Indexed Vacancy,job,Health Informatics — LinkedIn Live Search,Ghana,Ghana,Live Job Search,Live Job Search,Healthcare & Life Sciences,Africa,Ghana,Live / varies,Possibly Available,,,2026-07-20,Live search sorted toward newest results,LinkedIn,B,Recognized job platform,Platform,52,Low,,https://www.linkedin.com/jobs/search/?keywords=Health+Informatics&sortBy=DD&location=Ghana,"Africa live-search pack. This is a live search link, not one fixed vacancy."
job-01291,Platform-Indexed Vacancy,job,Digital Health — LinkedIn Live Search,Ghana,Ghana,Live Job Search,Live Job Search,Healthcare & Life Sciences,Africa,Ghana,Live / varies,Possibly Available,,,2026-07-20,Live search sorted toward newest results,LinkedIn,B,Recognized job platform,Platform,55,Low,,https://www.linkedin.com/jobs/search/?keywords=Digital+Health&sortBy=DD&location=Ghana,"Africa live-search pack. This is a live search link, not one fixed vacancy."
job-01293,Platform-Indexed Vacancy,job,Technical Program Manager — LinkedIn Live Search,Ghana,Ghana,Live Job Search,Live Job Search,Other Multinational & Enterprise,Africa,Ghana,Live / varies,Possibly Available,,,2026-07-20,Live search sorted toward newest results,LinkedIn,B,Recognized job platform,Platform,63,Medium,,https://www.linkedin.com/jobs/search/?keywords=Technical+Program+Manager&sortBy=DD&location=Ghana,"Africa live-search pack. This is a live search link, not one fixed vacancy."
job-01295,Platform-Indexed Vacancy,job,IT Portfolio Manager — LinkedIn Live Search,Ghana,Ghana,Live Job Search,Live Job Search,Supply Chain & Logistics,Africa,Ghana,Live / varies,Possibly Available,,,2026-07-20,Live search sorted toward newest results,LinkedIn,B,Recognized job platform,Platform,56,Low,,https://www.linkedin.com/jobs/search/?keywords=IT+Portfolio+Manager&sortBy=DD&location=Ghana,"Africa live-search pack. This is a live search link, not one fixed vacancy."
job-01297,Platform-Indexed Vacancy,job,PMO Manager — LinkedIn Live Search,Ghana,Ghana,Live Job Search,Live Job Search,Other Multinational & Enterprise,Africa,Ghana,Live / varies,Possibly Available,,,2026-07-20,Live search sorted toward newest results,LinkedIn,B,Recognized job platform,Platform,56,Low,,https://www.linkedin.com/jobs/search/?keywords=PMO+Manager&sortBy=DD&location=Ghana,"Africa live-search pack. This is a live search link, not one fixed vacancy."
job-01299,Platform-Indexed Vacancy,job,Cloud Architect — LinkedIn Live Search,Ghana,Ghana,Live Job Search,Live Job Search,Technology & Consulting,Africa,Ghana,Live / varies,Possibly Available,,,2026-07-20,Live search sorted toward newest results,LinkedIn,B,Recognized job platform,Platform,57,Low,,https://www.linkedin.com/jobs/search/?keywords=Cloud+Architect&sortBy=DD&location=Ghana,"Africa live-search pack. This is a live search link, not one fixed vacancy."
job-01301,Platform-Indexed Vacancy,job,Integration Architect — LinkedIn Live Search,Ghana,Ghana,Live Job Search,Live Job Search,Other Multinational & Enterprise,Africa,Ghana,Live / varies,Possibly Available,,,2026-07-20,Live search sorted toward newest results,LinkedIn,B,Recognized job platform,Platform,61,Medium,,https://www.linkedin.com/jobs/search/?keywords=Integration+Architect&sortBy=DD&location=Ghana,"Africa live-search pack. This is a live search link, not one fixed vacancy."
job-01303,Platform-Indexed Vacancy,job,Enterprise Applications Manager — LinkedIn Live Search,Ghana,Ghana,Live Job Search,Live Job Search,Technology & Consulting,Africa,Ghana,Live / varies,Possibly Available,,,2026-07-20,Live search sorted toward newest results,LinkedIn,B,Recognized job platform,Platform,59,Low,,https://www.linkedin.com/jobs/search/?keywords=Enterprise+Applications+Manager&sortBy=DD&location=Ghana,"Africa live-search pack. This is a live search link, not one fixed vacancy."
job-01305,Platform-Indexed Vacancy,job,Cybersecurity Manager — LinkedIn Live Search,Ghana,Ghana,Live Job Search,Live Job Search,Technology & Consulting,Africa,Ghana,Live / varies,Possibly Available,,,2026-07-20,Live search sorted toward newest results,LinkedIn,B,Recognized job platform,Platform,56,Low,,https://www.linkedin.com/jobs/search/?keywords=Cybersecurity+Manager&sortBy=DD&location=Ghana,"Africa live-search pack. This is a live search link, not one fixed vacancy."
job-01307,Platform-Indexed Vacancy,job,AI Solution Architect — LinkedIn Live Search,Ghana,Ghana,Live Job Search,Live Job Search,Other Multinational & Enterprise,Africa,Ghana,Live / varies,Possibly Available,,,2026-07-20,Live search sorted toward newest results,LinkedIn,B,Recognized job platform,Platform,59,Low,,https://www.linkedin.com/jobs/search/?keywords=AI+Solution+Architect&sortBy=DD&location=Ghana,"Africa live-search pack. This is a live search link, not one fixed vacancy."
job-01309,Platform-Indexed Vacancy,job,Business Transformation Manager — LinkedIn Live Search,Ghana,Ghana,Live Job Search,Live Job Search,Other Multinational & Enterprise,Africa,Ghana,Live / varies,Possibly Available,,,2026-07-20,Live search sorted toward newest results,LinkedIn,B,Recognized job platform,Platform,56,Low,,https://www.linkedin.com/jobs/search/?keywords=Business+Transformation+Manager&sortBy=DD&location=Ghana,"Africa live-search pack. This is a live search link, not one fixed vacancy."
job-01311,Platform-Indexed Vacancy,job,ServiceNow Architect — LinkedIn Live Search,Ghana,Ghana,Live Job Search,Live Job Search,Other Multinational & Enterprise,Africa,Ghana,Live / varies,Possibly Available,,,2026-07-20,Live search sorted toward newest results,LinkedIn,B,Recognized job platform,Platform,56,Low,,https://www.linkedin.com/jobs/search/?keywords=ServiceNow+Architect&sortBy=DD&location=Ghana,"Africa live-search pack. This is a live search link, not one fixed vacancy."
job-01313,Platform-Indexed Vacancy,job,ERP Program Manager — LinkedIn Live Search,Ghana,Ghana,Live Job Search,Live Job Search,Other Multinational & Enterprise,Africa,Ghana,Live / varies,Possibly Available,,,2026-07-20,Live search sorted toward newest results,LinkedIn,B,Recognized job platform,Platform,61,Medium,,https://www.linkedin.com/jobs/search/?keywords=ERP+Program+Manager&sortBy=DD&location=Ghana,"Africa live-search pack. This is a live search link, not one fixed vacancy."
job-01315,Platform-Indexed Vacancy,job,ICT Manager — LinkedIn Live Search,Ghana,Ghana,Live Job Search,Live Job Search,Other Multinational & Enterprise,Africa,Ghana,Live / varies,Possibly Available,,,2026-07-20,Live search sorted toward newest results,LinkedIn,B,Recognized job platform,Platform,56,Low,,https://www.linkedin.com/jobs/search/?keywords=ICT+Manager&sortBy=DD&location=Ghana,"Africa live-search pack. This is a live search link, not one fixed vacancy."
job-01317,Platform-Indexed Vacancy,job,Enterprise Architect — LinkedIn Live Search,South Africa,South Africa,Live Job Search,Live Job Search,Technology & Consulting,Africa,South Africa,Live / varies,Possibly Available,,,2026-07-20,Live search sorted toward newest results,LinkedIn,B,Recognized job platform,Platform,63,Medium,,https://www.linkedin.com/jobs/search/?keywords=Enterprise+Architect&sortBy=DD&location=South+Africa,"Africa live-search pack. This is a live search link, not one fixed vacancy."
job-01319,Platform-Indexed Vacancy,job,Solution Architect — LinkedIn Live Search,South Africa,South Africa,Live Job Search,Live Job Search,Other Multinational & Enterprise,Africa,South Africa,Live / varies,Possibly Available,,,2026-07-20,Live search sorted toward newest results,LinkedIn,B,Recognized job platform,Platform,59,Low,,https://www.linkedin.com/jobs/search/?keywords=Solution+Architect&sortBy=DD&location=South+Africa,"Africa live-search pack. This is a live search link, not one fixed vacancy."
job-01321,Platform-Indexed Vacancy,job,Digital Transformation Manager — LinkedIn Live Search,South Africa,South Africa,Live Job Search,Live Job Search,Technology & Consulting,Africa,South Africa,Live / varies,Possibly Available,,,2026-07-20,Live search sorted toward newest results,LinkedIn,B,Recognized job platform,Platform,59,Low,,https://www.linkedin.com/jobs/search/?keywords=Digital+Transformation+Manager&sortBy=DD&location=South+Africa,"Africa live-search pack. This is a live search link, not one fixed vacancy."
job-01323,Platform-Indexed Vacancy,job,IT Director — LinkedIn Live Search,South Africa,South Africa,Live Job Search,Live Job Search,Other Multinational & Enterprise,Africa,South Africa,Live / varies,Possibly Available,,,2026-07-20,Live search sorted toward newest results,LinkedIn,B,Recognized job platform,Platform,63,Medium,,https://www.linkedin.com/jobs/search/?keywords=IT+Director&sortBy=DD&location=South+Africa,"Africa live-search pack. This is a live search link, not one fixed vacancy."
job-01325,Platform-Indexed Vacancy,job,Head of Technology — LinkedIn Live Search,South Africa,South Africa,Live Job Search,Live Job Search,Technology & Consulting,Africa,South Africa,Live / varies,Possibly Available,,,2026-07-20,Live search sorted toward newest results,LinkedIn,B,Recognized job platform,Platform,56,Low,,https://www.linkedin.com/jobs/search/?keywords=Head+of+Technology&sortBy=DD&location=South+Africa,"Africa live-search pack. This is a live search link, not one fixed vacancy."
job-01327,Platform-Indexed Vacancy,job,Technology Director — LinkedIn Live Search,South Africa,South Africa,Live Job Search,Live Job Search,Technology & Consulting,Africa,South Africa,Live / varies,Possibly Available,,,2026-07-20,Live search sorted toward newest results,LinkedIn,B,Recognized job platform,Platform,63,Medium,,https://www.linkedin.com/jobs/search/?keywords=Technology+Director&sortBy=DD&location=South+Africa,"Africa live-search pack. This is a live search link, not one fixed vacancy."
job-01329,Platform-Indexed Vacancy,job,IT Strategy Manager — LinkedIn Live Search,South Africa,South Africa,Live Job Search,Live Job Search,Other Multinational & Enterprise,Africa,South Africa,Live / varies,Possibly Available,,,2026-07-20,Live search sorted toward newest results,LinkedIn,B,Recognized job platform,Platform,59,Low,,https://www.linkedin.com/jobs/search/?keywords=IT+Strategy+Manager&sortBy=DD&location=South+Africa,"Africa live-search pack. This is a live search link, not one fixed vacancy."
job-01331,Platform-Indexed Vacancy,job,Data Architect — LinkedIn Live Search,South Africa,South Africa,Live Job Search,Live Job Search,Technology & Consulting,Africa,South Africa,Live / varies,Possibly Available,,,2026-07-20,Live search sorted toward newest results,LinkedIn,B,Recognized job platform,Platform,57,Low,,https://www.linkedin.com/jobs/search/?keywords=Data+Architect&sortBy=DD&location=South+Africa,"Africa live-search pack. This is a live search link, not one fixed vacancy."
job-01333,Platform-Indexed Vacancy,job,Data Governance Manager — LinkedIn Live Search,South Africa,South Africa,Live Job Search,Live Job Search,Technology & Consulting,Africa,South Africa,Live / varies,Possibly Available,,,2026-07-20,Live search sorted toward newest results,LinkedIn,B,Recognized job platform,Platform,63,Medium,,https://www.linkedin.com/jobs/search/?keywords=Data+Governance+Manager&sortBy=DD&location=South+Africa,"Africa live-search pack. This is a live search link, not one fixed vacancy."
job-01335,Platform-Indexed Vacancy,job,Chief Data Officer — LinkedIn Live Search,South Africa,South Africa,Live Job Search,Live Job Search,Technology & Consulting,Africa,South Africa,Live / varies,Possibly Available,,,2026-07-20,Live search sorted toward newest results,LinkedIn,B,Recognized job platform,Platform,57,Low,,https://www.linkedin.com/jobs/search/?keywords=Chief+Data+Officer&sortBy=DD&location=South+Africa,"Africa live-search pack. This is a live search link, not one fixed vacancy."
job-01337,Platform-Indexed Vacancy,job,Healthcare IT Manager — LinkedIn Live Search,South Africa,South Africa,Live Job Search,Live Job Search,Healthcare & Life Sciences,Africa,South Africa,Live / varies,Possibly Available,,,2026-07-20,Live search sorted toward newest results,LinkedIn,B,Recognized job platform,Platform,61,Medium,,https://www.linkedin.com/jobs/search/?keywords=Healthcare+IT+Manager&sortBy=DD&location=South+Africa,"Africa live-search pack. This is a live search link, not one fixed vacancy."
job-01339,Platform-Indexed Vacancy,job,Health Informatics — LinkedIn Live Search,South Africa,South Africa,Live Job Search,Live Job Search,Healthcare & Life Sciences,Africa,South Africa,Live / varies,Possibly Available,,,2026-07-20,Live search sorted toward newest results,LinkedIn,B,Recognized job platform,Platform,52,Low,,https://www.linkedin.com/jobs/search/?keywords=Health+Informatics&sortBy=DD&location=South+Africa,"Africa live-search pack. This is a live search link, not one fixed vacancy."
job-01341,Platform-Indexed Vacancy,job,Digital Health — LinkedIn Live Search,South Africa,South Africa,Live Job Search,Live Job Search,Healthcare & Life Sciences,Africa,South Africa,Live / varies,Possibly Available,,,2026-07-20,Live search sorted toward newest results,LinkedIn,B,Recognized job platform,Platform,55,Low,,https://www.linkedin.com/jobs/search/?keywords=Digital+Health&sortBy=DD&location=South+Africa,"Africa live-search pack. This is a live search link, not one fixed vacancy."
job-01343,Platform-Indexed Vacancy,job,Technical Program Manager — LinkedIn Live Search,South Africa,South Africa,Live Job Search,Live Job Search,Other Multinational & Enterprise,Africa,South Africa,Live / varies,Possibly Available,,,2026-07-20,Live search sorted toward newest results,LinkedIn,B,Recognized job platform,Platform,63,Medium,,https://www.linkedin.com/jobs/search/?keywords=Technical+Program+Manager&sortBy=DD&location=South+Africa,"Africa live-search pack. This is a live search link, not one fixed vacancy."
job-01345,Platform-Indexed Vacancy,job,IT Portfolio Manager — LinkedIn Live Search,South Africa,South Africa,Live Job Search,Live Job Search,Supply Chain & Logistics,Africa,South Africa,Live / varies,Possibly Available,,,2026-07-20,Live search sorted toward newest results,LinkedIn,B,Recognized job platform,Platform,56,Low,,https://www.linkedin.com/jobs/search/?keywords=IT+Portfolio+Manager&sortBy=DD&location=South+Africa,"Africa live-search pack. This is a live search link, not one fixed vacancy."
job-01347,Platform-Indexed Vacancy,job,PMO Manager — LinkedIn Live Search,South Africa,South Africa,Live Job Search,Live Job Search,Other Multinational & Enterprise,Africa,South Africa,Live / varies,Possibly Available,,,2026-07-20,Live search sorted toward newest results,LinkedIn,B,Recognized job platform,Platform,56,Low,,https://www.linkedin.com/jobs/search/?keywords=PMO+Manager&sortBy=DD&location=South+Africa,"Africa live-search pack. This is a live search link, not one fixed vacancy."
job-01349,Platform-Indexed Vacancy,job,Cloud Architect — LinkedIn Live Search,South Africa,South Africa,Live Job Search,Live Job Search,Technology & Consulting,Africa,South Africa,Live / varies,Possibly Available,,,2026-07-20,Live search sorted toward newest results,LinkedIn,B,Recognized job platform,Platform,57,Low,,https://www.linkedin.com/jobs/search/?keywords=Cloud+Architect&sortBy=DD&location=South+Africa,"Africa live-search pack. This is a live search link, not one fixed vacancy."
job-01351,Platform-Indexed Vacancy,job,Integration Architect — LinkedIn Live Search,South Africa,South Africa,Live Job Search,Live Job Search,Other Multinational & Enterprise,Africa,South Africa,Live / varies,Possibly Available,,,2026-07-20,Live search sorted toward newest results,LinkedIn,B,Recognized job platform,Platform,61,Medium,,https://www.linkedin.com/jobs/search/?keywords=Integration+Architect&sortBy=DD&location=South+Africa,"Africa live-search pack. This is a live search link, not one fixed vacancy."
job-01353,Platform-Indexed Vacancy,job,Enterprise Applications Manager — LinkedIn Live Search,South Africa,South Africa,Live Job Search,Live Job Search,Technology & Consulting,Africa,South Africa,Live / varies,Possibly Available,,,2026-07-20,Live search sorted toward newest results,LinkedIn,B,Recognized job platform,Platform,59,Low,,https://www.linkedin.com/jobs/search/?keywords=Enterprise+Applications+Manager&sortBy=DD&location=South+Africa,"Africa live-search pack. This is a live search link, not one fixed vacancy."
job-01355,Platform-Indexed Vacancy,job,Cybersecurity Manager — LinkedIn Live Search,South Africa,South Africa,Live Job Search,Live Job Search,Technology & Consulting,Africa,South Africa,Live / varies,Possibly Available,,,2026-07-20,Live search sorted toward newest results,LinkedIn,B,Recognized job platform,Platform,56,Low,,https://www.linkedin.com/jobs/search/?keywords=Cybersecurity+Manager&sortBy=DD&location=South+Africa,"Africa live-search pack. This is a live search link, not one fixed vacancy."
job-01357,Platform-Indexed Vacancy,job,AI Solution Architect — LinkedIn Live Search,South Africa,South Africa,Live Job Search,Live Job Search,Other Multinational & Enterprise,Africa,South Africa,Live / varies,Possibly Available,,,2026-07-20,Live search sorted toward newest results,LinkedIn,B,Recognized job platform,Platform,59,Low,,https://www.linkedin.com/jobs/search/?keywords=AI+Solution+Architect&sortBy=DD&location=South+Africa,"Africa live-search pack. This is a live search link, not one fixed vacancy."
job-01359,Platform-Indexed Vacancy,job,Business Transformation Manager — LinkedIn Live Search,South Africa,South Africa,Live Job Search,Live Job Search,Other Multinational & Enterprise,Africa,South Africa,Live / varies,Possibly Available,,,2026-07-20,Live search sorted toward newest results,LinkedIn,B,Recognized job platform,Platform,56,Low,,https://www.linkedin.com/jobs/search/?keywords=Business+Transformation+Manager&sortBy=DD&location=South+Africa,"Africa live-search pack. This is a live search link, not one fixed vacancy."
job-01361,Platform-Indexed Vacancy,job,ServiceNow Architect — LinkedIn Live Search,South Africa,South Africa,Live Job Search,Live Job Search,Other Multinational & Enterprise,Africa,South Africa,Live / varies,Possibly Available,,,2026-07-20,Live search sorted toward newest results,LinkedIn,B,Recognized job platform,Platform,56,Low,,https://www.linkedin.com/jobs/search/?keywords=ServiceNow+Architect&sortBy=DD&location=South+Africa,"Africa live-search pack. This is a live search link, not one fixed vacancy."
job-01363,Platform-Indexed Vacancy,job,ERP Program Manager — LinkedIn Live Search,South Africa,South Africa,Live Job Search,Live Job Search,Other Multinational & Enterprise,Africa,South Africa,Live / varies,Possibly Available,,,2026-07-20,Live search sorted toward newest results,LinkedIn,B,Recognized job platform,Platform,61,Medium,,https://www.linkedin.com/jobs/search/?keywords=ERP+Program+Manager&sortBy=DD&location=South+Africa,"Africa live-search pack. This is a live search link, not one fixed vacancy."
job-01365,Platform-Indexed Vacancy,job,ICT Manager — LinkedIn Live Search,South Africa,South Africa,Live Job Search,Live Job Search,Other Multinational & Enterprise,Africa,South Africa,Live / varies,Possibly Available,,,2026-07-20,Live search sorted toward newest results,LinkedIn,B,Recognized job platform,Platform,56,Low,,https://www.linkedin.com/jobs/search/?keywords=ICT+Manager&sortBy=DD&location=South+Africa,"Africa live-search pack. This is a live search link, not one fixed vacancy."
job-01367,Platform-Indexed Vacancy,job,Enterprise Architect — LinkedIn Live Search,Rwanda,Rwanda,Live Job Search,Live Job Search,Technology & Consulting,Africa,Rwanda,Live / varies,Possibly Available,,,2026-07-20,Live search sorted toward newest results,LinkedIn,B,Recognized job platform,Platform,63,Medium,,https://www.linkedin.com/jobs/search/?keywords=Enterprise+Architect&sortBy=DD&location=Rwanda,"Africa live-search pack. This is a live search link, not one fixed vacancy."
job-01369,Platform-Indexed Vacancy,job,Solution Architect — LinkedIn Live Search,Rwanda,Rwanda,Live Job Search,Live Job Search,Other Multinational & Enterprise,Africa,Rwanda,Live / varies,Possibly Available,,,2026-07-20,Live search sorted toward newest results,LinkedIn,B,Recognized job platform,Platform,59,Low,,https://www.linkedin.com/jobs/search/?keywords=Solution+Architect&sortBy=DD&location=Rwanda,"Africa live-search pack. This is a live search link, not one fixed vacancy."
job-01371,Platform-Indexed Vacancy,job,Digital Transformation Manager — LinkedIn Live Search,Rwanda,Rwanda,Live Job Search,Live Job Search,Technology & Consulting,Africa,Rwanda,Live / varies,Possibly Available,,,2026-07-20,Live search sorted toward newest results,LinkedIn,B,Recognized job platform,Platform,59,Low,,https://www.linkedin.com/jobs/search/?keywords=Digital+Transformation+Manager&sortBy=DD&location=Rwanda,"Africa live-search pack. This is a live search link, not one fixed vacancy."
job-01373,Platform-Indexed Vacancy,job,IT Director — LinkedIn Live Search,Rwanda,Rwanda,Live Job Search,Live Job Search,Other Multinational & Enterprise,Africa,Rwanda,Live / varies,Possibly Available,,,2026-07-20,Live search sorted toward newest results,LinkedIn,B,Recognized job platform,Platform,63,Medium,,https://www.linkedin.com/jobs/search/?keywords=IT+Director&sortBy=DD&location=Rwanda,"Africa live-search pack. This is a live search link, not one fixed vacancy."
job-01375,Platform-Indexed Vacancy,job,Head of Technology — LinkedIn Live Search,Rwanda,Rwanda,Live Job Search,Live Job Search,Technology & Consulting,Africa,Rwanda,Live / varies,Possibly Available,,,2026-07-20,Live search sorted toward newest results,LinkedIn,B,Recognized job platform,Platform,56,Low,,https://www.linkedin.com/jobs/search/?keywords=Head+of+Technology&sortBy=DD&location=Rwanda,"Africa live-search pack. This is a live search link, not one fixed vacancy."
job-01377,Platform-Indexed Vacancy,job,Technology Director — LinkedIn Live Search,Rwanda,Rwanda,Live Job Search,Live Job Search,Technology & Consulting,Africa,Rwanda,Live / varies,Possibly Available,,,2026-07-20,Live search sorted toward newest results,LinkedIn,B,Recognized job platform,Platform,63,Medium,,https://www.linkedin.com/jobs/search/?keywords=Technology+Director&sortBy=DD&location=Rwanda,"Africa live-search pack. This is a live search link, not one fixed vacancy."
job-01379,Platform-Indexed Vacancy,job,IT Strategy Manager — LinkedIn Live Search,Rwanda,Rwanda,Live Job Search,Live Job Search,Other Multinational & Enterprise,Africa,Rwanda,Live / varies,Possibly Available,,,2026-07-20,Live search sorted toward newest results,LinkedIn,B,Recognized job platform,Platform,59,Low,,https://www.linkedin.com/jobs/search/?keywords=IT+Strategy+Manager&sortBy=DD&location=Rwanda,"Africa live-search pack. This is a live search link, not one fixed vacancy."
job-01381,Platform-Indexed Vacancy,job,Data Architect — LinkedIn Live Search,Rwanda,Rwanda,Live Job Search,Live Job Search,Technology & Consulting,Africa,Rwanda,Live / varies,Possibly Available,,,2026-07-20,Live search sorted toward newest results,LinkedIn,B,Recognized job platform,Platform,57,Low,,https://www.linkedin.com/jobs/search/?keywords=Data+Architect&sortBy=DD&location=Rwanda,"Africa live-search pack. This is a live search link, not one fixed vacancy."
job-01383,Platform-Indexed Vacancy,job,Data Governance Manager — LinkedIn Live Search,Rwanda,Rwanda,Live Job Search,Live Job Search,Technology & Consulting,Africa,Rwanda,Live / varies,Possibly Available,,,2026-07-20,Live search sorted toward newest results,LinkedIn,B,Recognized job platform,Platform,63,Medium,,https://www.linkedin.com/jobs/search/?keywords=Data+Governance+Manager&sortBy=DD&location=Rwanda,"Africa live-search pack. This is a live search link, not one fixed vacancy."
job-01385,Platform-Indexed Vacancy,job,Chief Data Officer — LinkedIn Live Search,Rwanda,Rwanda,Live Job Search,Live Job Search,Technology & Consulting,Africa,Rwanda,Live / varies,Possibly Available,,,2026-07-20,Live search sorted toward newest results,LinkedIn,B,Recognized job platform,Platform,57,Low,,https://www.linkedin.com/jobs/search/?keywords=Chief+Data+Officer&sortBy=DD&location=Rwanda,"Africa live-search pack. This is a live search link, not one fixed vacancy."
job-01387,Platform-Indexed Vacancy,job,Healthcare IT Manager — LinkedIn Live Search,Rwanda,Rwanda,Live Job Search,Live Job Search,Healthcare & Life Sciences,Africa,Rwanda,Live / varies,Possibly Available,,,2026-07-20,Live search sorted toward newest results,LinkedIn,B,Recognized job platform,Platform,61,Medium,,https://www.linkedin.com/jobs/search/?keywords=Healthcare+IT+Manager&sortBy=DD&location=Rwanda,"Africa live-search pack. This is a live search link, not one fixed vacancy."
job-01389,Platform-Indexed Vacancy,job,Health Informatics — LinkedIn Live Search,Rwanda,Rwanda,Live Job Search,Live Job Search,Healthcare & Life Sciences,Africa,Rwanda,Live / varies,Possibly Available,,,2026-07-20,Live search sorted toward newest results,LinkedIn,B,Recognized job platform,Platform,52,Low,,https://www.linkedin.com/jobs/search/?keywords=Health+Informatics&sortBy=DD&location=Rwanda,"Africa live-search pack. This is a live search link, not one fixed vacancy."
job-01391,Platform-Indexed Vacancy,job,Digital Health — LinkedIn Live Search,Rwanda,Rwanda,Live Job Search,Live Job Search,Healthcare & Life Sciences,Africa,Rwanda,Live / varies,Possibly Available,,,2026-07-20,Live search sorted toward newest results,LinkedIn,B,Recognized job platform,Platform,55,Low,,https://www.linkedin.com/jobs/search/?keywords=Digital+Health&sortBy=DD&location=Rwanda,"Africa live-search pack. This is a live search link, not one fixed vacancy."
job-01393,Platform-Indexed Vacancy,job,Technical Program Manager — LinkedIn Live Search,Rwanda,Rwanda,Live Job Search,Live Job Search,Other Multinational & Enterprise,Africa,Rwanda,Live / varies,Possibly Available,,,2026-07-20,Live search sorted toward newest results,LinkedIn,B,Recognized job platform,Platform,63,Medium,,https://www.linkedin.com/jobs/search/?keywords=Technical+Program+Manager&sortBy=DD&location=Rwanda,"Africa live-search pack. This is a live search link, not one fixed vacancy."
job-01395,Platform-Indexed Vacancy,job,IT Portfolio Manager — LinkedIn Live Search,Rwanda,Rwanda,Live Job Search,Live Job Search,Supply Chain & Logistics,Africa,Rwanda,Live / varies,Possibly Available,,,2026-07-20,Live search sorted toward newest results,LinkedIn,B,Recognized job platform,Platform,56,Low,,https://www.linkedin.com/jobs/search/?keywords=IT+Portfolio+Manager&sortBy=DD&location=Rwanda,"Africa live-search pack. This is a live search link, not one fixed vacancy."
job-01397,Platform-Indexed Vacancy,job,PMO Manager — LinkedIn Live Search,Rwanda,Rwanda,Live Job Search,Live Job Search,Other Multinational & Enterprise,Africa,Rwanda,Live / varies,Possibly Available,,,2026-07-20,Live search sorted toward newest results,LinkedIn,B,Recognized job platform,Platform,56,Low,,https://www.linkedin.com/jobs/search/?keywords=PMO+Manager&sortBy=DD&location=Rwanda,"Africa live-search pack. This is a live search link, not one fixed vacancy."
job-01399,Platform-Indexed Vacancy,job,Cloud Architect — LinkedIn Live Search,Rwanda,Rwanda,Live Job Search,Live Job Search,Technology & Consulting,Africa,Rwanda,Live / varies,Possibly Available,,,2026-07-20,Live search sorted toward newest results,LinkedIn,B,Recognized job platform,Platform,57,Low,,https://www.linkedin.com/jobs/search/?keywords=Cloud+Architect&sortBy=DD&location=Rwanda,"Africa live-search pack. This is a live search link, not one fixed vacancy."
job-01401,Platform-Indexed Vacancy,job,Integration Architect — LinkedIn Live Search,Rwanda,Rwanda,Live Job Search,Live Job Search,Other Multinational & Enterprise,Africa,Rwanda,Live / varies,Possibly Available,,,2026-07-20,Live search sorted toward newest results,LinkedIn,B,Recognized job platform,Platform,61,Medium,,https://www.linkedin.com/jobs/search/?keywords=Integration+Architect&sortBy=DD&location=Rwanda,"Africa live-search pack. This is a live search link, not one fixed vacancy."
job-01403,Platform-Indexed Vacancy,job,Enterprise Applications Manager — LinkedIn Live Search,Rwanda,Rwanda,Live Job Search,Live Job Search,Technology & Consulting,Africa,Rwanda,Live / varies,Possibly Available,,,2026-07-20,Live search sorted toward newest results,LinkedIn,B,Recognized job platform,Platform,59,Low,,https://www.linkedin.com/jobs/search/?keywords=Enterprise+Applications+Manager&sortBy=DD&location=Rwanda,"Africa live-search pack. This is a live search link, not one fixed vacancy."
job-01405,Platform-Indexed Vacancy,job,Cybersecurity Manager — LinkedIn Live Search,Rwanda,Rwanda,Live Job Search,Live Job Search,Technology & Consulting,Africa,Rwanda,Live / varies,Possibly Available,,,2026-07-20,Live search sorted toward newest results,LinkedIn,B,Recognized job platform,Platform,56,Low,,https://www.linkedin.com/jobs/search/?keywords=Cybersecurity+Manager&sortBy=DD&location=Rwanda,"Africa live-search pack. This is a live search link, not one fixed vacancy."
job-01407,Platform-Indexed Vacancy,job,AI Solution Architect — LinkedIn Live Search,Rwanda,Rwanda,Live Job Search,Live Job Search,Other Multinational & Enterprise,Africa,Rwanda,Live / varies,Possibly Available,,,2026-07-20,Live search sorted toward newest results,LinkedIn,B,Recognized job platform,Platform,59,Low,,https://www.linkedin.com/jobs/search/?keywords=AI+Solution+Architect&sortBy=DD&location=Rwanda,"Africa live-search pack. This is a live search link, not one fixed vacancy."
job-01409,Platform-Indexed Vacancy,job,Business Transformation Manager — LinkedIn Live Search,Rwanda,Rwanda,Live Job Search,Live Job Search,Other Multinational & Enterprise,Africa,Rwanda,Live / varies,Possibly Available,,,2026-07-20,Live search sorted toward newest results,LinkedIn,B,Recognized job platform,Platform,56,Low,,https://www.linkedin.com/jobs/search/?keywords=Business+Transformation+Manager&sortBy=DD&location=Rwanda,"Africa live-search pack. This is a live search link, not one fixed vacancy."
job-01411,Platform-Indexed Vacancy,job,ServiceNow Architect — LinkedIn Live Search,Rwanda,Rwanda,Live Job Search,Live Job Search,Other Multinational & Enterprise,Africa,Rwanda,Live / varies,Possibly Available,,,2026-07-20,Live search sorted toward newest results,LinkedIn,B,Recognized job platform,Platform,56,Low,,https://www.linkedin.com/jobs/search/?keywords=ServiceNow+Architect&sortBy=DD&location=Rwanda,"Africa live-search pack. This is a live search link, not one fixed vacancy."
job-01413,Platform-Indexed Vacancy,job,ERP Program Manager — LinkedIn Live Search,Rwanda,Rwanda,Live Job Search,Live Job Search,Other Multinational & Enterprise,Africa,Rwanda,Live / varies,Possibly Available,,,2026-07-20,Live search sorted toward newest results,LinkedIn,B,Recognized job platform,Platform,61,Medium,,https://www.linkedin.com/jobs/search/?keywords=ERP+Program+Manager&sortBy=DD&location=Rwanda,"Africa live-search pack. This is a live search link, not one fixed vacancy."
job-01415,Platform-Indexed Vacancy,job,ICT Manager — LinkedIn Live Search,Rwanda,Rwanda,Live Job Search,Live Job Search,Other Multinational & Enterprise,Africa,Rwanda,Live / varies,Possibly Available,,,2026-07-20,Live search sorted toward newest results,LinkedIn,B,Recognized job platform,Platform,56,Low,,https://www.linkedin.com/jobs/search/?keywords=ICT+Manager&sortBy=DD&location=Rwanda,"Africa live-search pack. This is a live search link, not one fixed vacancy."
job-01417,Platform-Indexed Vacancy,job,Enterprise Architect — LinkedIn Live Search,Uganda,Uganda,Live Job Search,Live Job Search,Technology & Consulting,Africa,Uganda,Live / varies,Possibly Available,,,2026-07-20,Live search sorted toward newest results,LinkedIn,B,Recognized job platform,Platform,63,Medium,,https://www.linkedin.com/jobs/search/?keywords=Enterprise+Architect&sortBy=DD&location=Uganda,"Africa live-search pack. This is a live search link, not one fixed vacancy."
job-01419,Platform-Indexed Vacancy,job,Solution Architect — LinkedIn Live Search,Uganda,Uganda,Live Job Search,Live Job Search,Other Multinational & Enterprise,Africa,Uganda,Live / varies,Possibly Available,,,2026-07-20,Live search sorted toward newest results,LinkedIn,B,Recognized job platform,Platform,59,Low,,https://www.linkedin.com/jobs/search/?keywords=Solution+Architect&sortBy=DD&location=Uganda,"Africa live-search pack. This is a live search link, not one fixed vacancy."
job-01421,Platform-Indexed Vacancy,job,Digital Transformation Manager — LinkedIn Live Search,Uganda,Uganda,Live Job Search,Live Job Search,Technology & Consulting,Africa,Uganda,Live / varies,Possibly Available,,,2026-07-20,Live search sorted toward newest results,LinkedIn,B,Recognized job platform,Platform,59,Low,,https://www.linkedin.com/jobs/search/?keywords=Digital+Transformation+Manager&sortBy=DD&location=Uganda,"Africa live-search pack. This is a live search link, not one fixed vacancy."
job-01423,Platform-Indexed Vacancy,job,IT Director — LinkedIn Live Search,Uganda,Uganda,Live Job Search,Live Job Search,Other Multinational & Enterprise,Africa,Uganda,Live / varies,Possibly Available,,,2026-07-20,Live search sorted toward newest results,LinkedIn,B,Recognized job platform,Platform,63,Medium,,https://www.linkedin.com/jobs/search/?keywords=IT+Director&sortBy=DD&location=Uganda,"Africa live-search pack. This is a live search link, not one fixed vacancy."
job-01425,Platform-Indexed Vacancy,job,Head of Technology — LinkedIn Live Search,Uganda,Uganda,Live Job Search,Live Job Search,Technology & Consulting,Africa,Uganda,Live / varies,Possibly Available,,,2026-07-20,Live search sorted toward newest results,LinkedIn,B,Recognized job platform,Platform,56,Low,,https://www.linkedin.com/jobs/search/?keywords=Head+of+Technology&sortBy=DD&location=Uganda,"Africa live-search pack. This is a live search link, not one fixed vacancy."
job-01427,Platform-Indexed Vacancy,job,Technology Director — LinkedIn Live Search,Uganda,Uganda,Live Job Search,Live Job Search,Technology & Consulting,Africa,Uganda,Live / varies,Possibly Available,,,2026-07-20,Live search sorted toward newest results,LinkedIn,B,Recognized job platform,Platform,63,Medium,,https://www.linkedin.com/jobs/search/?keywords=Technology+Director&sortBy=DD&location=Uganda,"Africa live-search pack. This is a live search link, not one fixed vacancy."
job-01429,Platform-Indexed Vacancy,job,IT Strategy Manager — LinkedIn Live Search,Uganda,Uganda,Live Job Search,Live Job Search,Other Multinational & Enterprise,Africa,Uganda,Live / varies,Possibly Available,,,2026-07-20,Live search sorted toward newest results,LinkedIn,B,Recognized job platform,Platform,59,Low,,https://www.linkedin.com/jobs/search/?keywords=IT+Strategy+Manager&sortBy=DD&location=Uganda,"Africa live-search pack. This is a live search link, not one fixed vacancy."
job-01431,Platform-Indexed Vacancy,job,Data Architect — LinkedIn Live Search,Uganda,Uganda,Live Job Search,Live Job Search,Technology & Consulting,Africa,Uganda,Live / varies,Possibly Available,,,2026-07-20,Live search sorted toward newest results,LinkedIn,B,Recognized job platform,Platform,57,Low,,https://www.linkedin.com/jobs/search/?keywords=Data+Architect&sortBy=DD&location=Uganda,"Africa live-search pack. This is a live search link, not one fixed vacancy."
job-01433,Platform-Indexed Vacancy,job,Data Governance Manager — LinkedIn Live Search,Uganda,Uganda,Live Job Search,Live Job Search,Technology & Consulting,Africa,Uganda,Live / varies,Possibly Available,,,2026-07-20,Live search sorted toward newest results,LinkedIn,B,Recognized job platform,Platform,63,Medium,,https://www.linkedin.com/jobs/search/?keywords=Data+Governance+Manager&sortBy=DD&location=Uganda,"Africa live-search pack. This is a live search link, not one fixed vacancy."
job-01435,Platform-Indexed Vacancy,job,Chief Data Officer — LinkedIn Live Search,Uganda,Uganda,Live Job Search,Live Job Search,Technology & Consulting,Africa,Uganda,Live / varies,Possibly Available,,,2026-07-20,Live search sorted toward newest results,LinkedIn,B,Recognized job platform,Platform,57,Low,,https://www.linkedin.com/jobs/search/?keywords=Chief+Data+Officer&sortBy=DD&location=Uganda,"Africa live-search pack. This is a live search link, not one fixed vacancy."
job-01437,Platform-Indexed Vacancy,job,Healthcare IT Manager — LinkedIn Live Search,Uganda,Uganda,Live Job Search,Live Job Search,Healthcare & Life Sciences,Africa,Uganda,Live / varies,Possibly Available,,,2026-07-20,Live search sorted toward newest results,LinkedIn,B,Recognized job platform,Platform,61,Medium,,https://www.linkedin.com/jobs/search/?keywords=Healthcare+IT+Manager&sortBy=DD&location=Uganda,"Africa live-search pack. This is a live search link, not one fixed vacancy."
job-01439,Platform-Indexed Vacancy,job,Health Informatics — LinkedIn Live Search,Uganda,Uganda,Live Job Search,Live Job Search,Healthcare & Life Sciences,Africa,Uganda,Live / varies,Possibly Available,,,2026-07-20,Live search sorted toward newest results,LinkedIn,B,Recognized job platform,Platform,52,Low,,https://www.linkedin.com/jobs/search/?keywords=Health+Informatics&sortBy=DD&location=Uganda,"Africa live-search pack. This is a live search link, not one fixed vacancy."
job-01441,Platform-Indexed Vacancy,job,Digital Health — LinkedIn Live Search,Uganda,Uganda,Live Job Search,Live Job Search,Healthcare & Life Sciences,Africa,Uganda,Live / varies,Possibly Available,,,2026-07-20,Live search sorted toward newest results,LinkedIn,B,Recognized job platform,Platform,55,Low,,https://www.linkedin.com/jobs/search/?keywords=Digital+Health&sortBy=DD&location=Uganda,"Africa live-search pack. This is a live search link, not one fixed vacancy."
job-01443,Platform-Indexed Vacancy,job,Technical Program Manager — LinkedIn Live Search,Uganda,Uganda,Live Job Search,Live Job Search,Other Multinational & Enterprise,Africa,Uganda,Live / varies,Possibly Available,,,2026-07-20,Live search sorted toward newest results,LinkedIn,B,Recognized job platform,Platform,63,Medium,,https://www.linkedin.com/jobs/search/?keywords=Technical+Program+Manager&sortBy=DD&location=Uganda,"Africa live-search pack. This is a live search link, not one fixed vacancy."
job-01445,Platform-Indexed Vacancy,job,IT Portfolio Manager — LinkedIn Live Search,Uganda,Uganda,Live Job Search,Live Job Search,Supply Chain & Logistics,Africa,Uganda,Live / varies,Possibly Available,,,2026-07-20,Live search sorted toward newest results,LinkedIn,B,Recognized job platform,Platform,56,Low,,https://www.linkedin.com/jobs/search/?keywords=IT+Portfolio+Manager&sortBy=DD&location=Uganda,"Africa live-search pack. This is a live search link, not one fixed vacancy."
job-01447,Platform-Indexed Vacancy,job,PMO Manager — LinkedIn Live Search,Uganda,Uganda,Live Job Search,Live Job Search,Other Multinational & Enterprise,Africa,Uganda,Live / varies,Possibly Available,,,2026-07-20,Live search sorted toward newest results,LinkedIn,B,Recognized job platform,Platform,56,Low,,https://www.linkedin.com/jobs/search/?keywords=PMO+Manager&sortBy=DD&location=Uganda,"Africa live-search pack. This is a live search link, not one fixed vacancy."
job-01449,Platform-Indexed Vacancy,job,Cloud Architect — LinkedIn Live Search,Uganda,Uganda,Live Job Search,Live Job Search,Technology & Consulting,Africa,Uganda,Live / varies,Possibly Available,,,2026-07-20,Live search sorted toward newest results,LinkedIn,B,Recognized job platform,Platform,57,Low,,https://www.linkedin.com/jobs/search/?keywords=Cloud+Architect&sortBy=DD&location=Uganda,"Africa live-search pack. This is a live search link, not one fixed vacancy."
job-01451,Platform-Indexed Vacancy,job,Integration Architect — LinkedIn Live Search,Uganda,Uganda,Live Job Search,Live Job Search,Other Multinational & Enterprise,Africa,Uganda,Live / varies,Possibly Available,,,2026-07-20,Live search sorted toward newest results,LinkedIn,B,Recognized job platform,Platform,61,Medium,,https://www.linkedin.com/jobs/search/?keywords=Integration+Architect&sortBy=DD&location=Uganda,"Africa live-search pack. This is a live search link, not one fixed vacancy."
job-01453,Platform-Indexed Vacancy,job,Enterprise Applications Manager — LinkedIn Live Search,Uganda,Uganda,Live Job Search,Live Job Search,Technology & Consulting,Africa,Uganda,Live / varies,Possibly Available,,,2026-07-20,Live search sorted toward newest results,LinkedIn,B,Recognized job platform,Platform,59,Low,,https://www.linkedin.com/jobs/search/?keywords=Enterprise+Applications+Manager&sortBy=DD&location=Uganda,"Africa live-search pack. This is a live search link, not one fixed vacancy."
job-01455,Platform-Indexed Vacancy,job,Cybersecurity Manager — LinkedIn Live Search,Uganda,Uganda,Live Job Search,Live Job Search,Technology & Consulting,Africa,Uganda,Live / varies,Possibly Available,,,2026-07-20,Live search sorted toward newest results,LinkedIn,B,Recognized job platform,Platform,56,Low,,https://www.linkedin.com/jobs/search/?keywords=Cybersecurity+Manager&sortBy=DD&location=Uganda,"Africa live-search pack. This is a live search link, not one fixed vacancy."
job-01457,Platform-Indexed Vacancy,job,AI Solution Architect — LinkedIn Live Search,Uganda,Uganda,Live Job Search,Live Job Search,Other Multinational & Enterprise,Africa,Uganda,Live / varies,Possibly Available,,,2026-07-20,Live search sorted toward newest results,LinkedIn,B,Recognized job platform,Platform,59,Low,,https://www.linkedin.com/jobs/search/?keywords=AI+Solution+Architect&sortBy=DD&location=Uganda,"Africa live-search pack. This is a live search link, not one fixed vacancy."
job-01459,Platform-Indexed Vacancy,job,Business Transformation Manager — LinkedIn Live Search,Uganda,Uganda,Live Job Search,Live Job Search,Other Multinational & Enterprise,Africa,Uganda,Live / varies,Possibly Available,,,2026-07-20,Live search sorted toward newest results,LinkedIn,B,Recognized job platform,Platform,56,Low,,https://www.linkedin.com/jobs/search/?keywords=Business+Transformation+Manager&sortBy=DD&location=Uganda,"Africa live-search pack. This is a live search link, not one fixed vacancy."
job-01461,Platform-Indexed Vacancy,job,ServiceNow Architect — LinkedIn Live Search,Uganda,Uganda,Live Job Search,Live Job Search,Other Multinational & Enterprise,Africa,Uganda,Live / varies,Possibly Available,,,2026-07-20,Live search sorted toward newest results,LinkedIn,B,Recognized job platform,Platform,56,Low,,https://www.linkedin.com/jobs/search/?keywords=ServiceNow+Architect&sortBy=DD&location=Uganda,"Africa live-search pack. This is a live search link, not one fixed vacancy."
job-01463,Platform-Indexed Vacancy,job,ERP Program Manager — LinkedIn Live Search,Uganda,Uganda,Live Job Search,Live Job Search,Other Multinational & Enterprise,Africa,Uganda,Live / varies,Possibly Available,,,2026-07-20,Live search sorted toward newest results,LinkedIn,B,Recognized job platform,Platform,61,Medium,,https://www.linkedin.com/jobs/search/?keywords=ERP+Program+Manager&sortBy=DD&location=Uganda,"Africa live-search pack. This is a live search link, not one fixed vacancy."
job-01465,Platform-Indexed Vacancy,job,ICT Manager — LinkedIn Live Search,Uganda,Uganda,Live Job Search,Live Job Search,Other Multinational & Enterprise,Africa,Uganda,Live / varies,Possibly Available,,,2026-07-20,Live search sorted toward newest results,LinkedIn,B,Recognized job platform,Platform,56,Low,,https://www.linkedin.com/jobs/search/?keywords=ICT+Manager&sortBy=DD&location=Uganda,"Africa live-search pack. This is a live search link, not one fixed vacancy."
job-01467,Platform-Indexed Vacancy,job,Enterprise Architect — LinkedIn Live Search,Tanzania,Tanzania,Live Job Search,Live Job Search,Technology & Consulting,Africa,Tanzania,Live / varies,Possibly Available,,,2026-07-20,Live search sorted toward newest results,LinkedIn,B,Recognized job platform,Platform,63,Medium,,https://www.linkedin.com/jobs/search/?keywords=Enterprise+Architect&sortBy=DD&location=Tanzania,"Africa live-search pack. This is a live search link, not one fixed vacancy."
job-01469,Platform-Indexed Vacancy,job,Solution Architect — LinkedIn Live Search,Tanzania,Tanzania,Live Job Search,Live Job Search,Other Multinational & Enterprise,Africa,Tanzania,Live / varies,Possibly Available,,,2026-07-20,Live search sorted toward newest results,LinkedIn,B,Recognized job platform,Platform,59,Low,,https://www.linkedin.com/jobs/search/?keywords=Solution+Architect&sortBy=DD&location=Tanzania,"Africa live-search pack. This is a live search link, not one fixed vacancy."
job-01471,Platform-Indexed Vacancy,job,Digital Transformation Manager — LinkedIn Live Search,Tanzania,Tanzania,Live Job Search,Live Job Search,Technology & Consulting,Africa,Tanzania,Live / varies,Possibly Available,,,2026-07-20,Live search sorted toward newest results,LinkedIn,B,Recognized job platform,Platform,59,Low,,https://www.linkedin.com/jobs/search/?keywords=Digital+Transformation+Manager&sortBy=DD&location=Tanzania,"Africa live-search pack. This is a live search link, not one fixed vacancy."
job-01473,Platform-Indexed Vacancy,job,IT Director — LinkedIn Live Search,Tanzania,Tanzania,Live Job Search,Live Job Search,Other Multinational & Enterprise,Africa,Tanzania,Live / varies,Possibly Available,,,2026-07-20,Live search sorted toward newest results,LinkedIn,B,Recognized job platform,Platform,63,Medium,,https://www.linkedin.com/jobs/search/?keywords=IT+Director&sortBy=DD&location=Tanzania,"Africa live-search pack. This is a live search link, not one fixed vacancy."
job-01475,Platform-Indexed Vacancy,job,Head of Technology — LinkedIn Live Search,Tanzania,Tanzania,Live Job Search,Live Job Search,Technology & Consulting,Africa,Tanzania,Live / varies,Possibly Available,,,2026-07-20,Live search sorted toward newest results,LinkedIn,B,Recognized job platform,Platform,56,Low,,https://www.linkedin.com/jobs/search/?keywords=Head+of+Technology&sortBy=DD&location=Tanzania,"Africa live-search pack. This is a live search link, not one fixed vacancy."
job-01477,Platform-Indexed Vacancy,job,Technology Director — LinkedIn Live Search,Tanzania,Tanzania,Live Job Search,Live Job Search,Technology & Consulting,Africa,Tanzania,Live / varies,Possibly Available,,,2026-07-20,Live search sorted toward newest results,LinkedIn,B,Recognized job platform,Platform,63,Medium,,https://www.linkedin.com/jobs/search/?keywords=Technology+Director&sortBy=DD&location=Tanzania,"Africa live-search pack. This is a live search link, not one fixed vacancy."
job-01479,Platform-Indexed Vacancy,job,IT Strategy Manager — LinkedIn Live Search,Tanzania,Tanzania,Live Job Search,Live Job Search,Other Multinational & Enterprise,Africa,Tanzania,Live / varies,Possibly Available,,,2026-07-20,Live search sorted toward newest results,LinkedIn,B,Recognized job platform,Platform,59,Low,,https://www.linkedin.com/jobs/search/?keywords=IT+Strategy+Manager&sortBy=DD&location=Tanzania,"Africa live-search pack. This is a live search link, not one fixed vacancy."
job-01481,Platform-Indexed Vacancy,job,Data Architect — LinkedIn Live Search,Tanzania,Tanzania,Live Job Search,Live Job Search,Technology & Consulting,Africa,Tanzania,Live / varies,Possibly Available,,,2026-07-20,Live search sorted toward newest results,LinkedIn,B,Recognized job platform,Platform,57,Low,,https://www.linkedin.com/jobs/search/?keywords=Data+Architect&sortBy=DD&location=Tanzania,"Africa live-search pack. This is a live search link, not one fixed vacancy."
job-01483,Platform-Indexed Vacancy,job,Data Governance Manager — LinkedIn Live Search,Tanzania,Tanzania,Live Job Search,Live Job Search,Technology & Consulting,Africa,Tanzania,Live / varies,Possibly Available,,,2026-07-20,Live search sorted toward newest results,LinkedIn,B,Recognized job platform,Platform,63,Medium,,https://www.linkedin.com/jobs/search/?keywords=Data+Governance+Manager&sortBy=DD&location=Tanzania,"Africa live-search pack. This is a live search link, not one fixed vacancy."
job-01485,Platform-Indexed Vacancy,job,Chief Data Officer — LinkedIn Live Search,Tanzania,Tanzania,Live Job Search,Live Job Search,Technology & Consulting,Africa,Tanzania,Live / varies,Possibly Available,,,2026-07-20,Live search sorted toward newest results,LinkedIn,B,Recognized job platform,Platform,57,Low,,https://www.linkedin.com/jobs/search/?keywords=Chief+Data+Officer&sortBy=DD&location=Tanzania,"Africa live-search pack. This is a live search link, not one fixed vacancy."
job-01487,Platform-Indexed Vacancy,job,Healthcare IT Manager — LinkedIn Live Search,Tanzania,Tanzania,Live Job Search,Live Job Search,Healthcare & Life Sciences,Africa,Tanzania,Live / varies,Possibly Available,,,2026-07-20,Live search sorted toward newest results,LinkedIn,B,Recognized job platform,Platform,61,Medium,,https://www.linkedin.com/jobs/search/?keywords=Healthcare+IT+Manager&sortBy=DD&location=Tanzania,"Africa live-search pack. This is a live search link, not one fixed vacancy."
job-01489,Platform-Indexed Vacancy,job,Health Informatics — LinkedIn Live Search,Tanzania,Tanzania,Live Job Search,Live Job Search,Healthcare & Life Sciences,Africa,Tanzania,Live / varies,Possibly Available,,,2026-07-20,Live search sorted toward newest results,LinkedIn,B,Recognized job platform,Platform,52,Low,,https://www.linkedin.com/jobs/search/?keywords=Health+Informatics&sortBy=DD&location=Tanzania,"Africa live-search pack. This is a live search link, not one fixed vacancy."
job-01491,Platform-Indexed Vacancy,job,Digital Health — LinkedIn Live Search,Tanzania,Tanzania,Live Job Search,Live Job Search,Healthcare & Life Sciences,Africa,Tanzania,Live / varies,Possibly Available,,,2026-07-20,Live search sorted toward newest results,LinkedIn,B,Recognized job platform,Platform,55,Low,,https://www.linkedin.com/jobs/search/?keywords=Digital+Health&sortBy=DD&location=Tanzania,"Africa live-search pack. This is a live search link, not one fixed vacancy."
job-01493,Platform-Indexed Vacancy,job,Technical Program Manager — LinkedIn Live Search,Tanzania,Tanzania,Live Job Search,Live Job Search,Other Multinational & Enterprise,Africa,Tanzania,Live / varies,Possibly Available,,,2026-07-20,Live search sorted toward newest results,LinkedIn,B,Recognized job platform,Platform,63,Medium,,https://www.linkedin.com/jobs/search/?keywords=Technical+Program+Manager&sortBy=DD&location=Tanzania,"Africa live-search pack. This is a live search link, not one fixed vacancy."
job-01495,Platform-Indexed Vacancy,job,IT Portfolio Manager — LinkedIn Live Search,Tanzania,Tanzania,Live Job Search,Live Job Search,Supply Chain & Logistics,Africa,Tanzania,Live / varies,Possibly Available,,,2026-07-20,Live search sorted toward newest results,LinkedIn,B,Recognized job platform,Platform,56,Low,,https://www.linkedin.com/jobs/search/?keywords=IT+Portfolio+Manager&sortBy=DD&location=Tanzania,"Africa live-search pack. This is a live search link, not one fixed vacancy."
job-01497,Platform-Indexed Vacancy,job,PMO Manager — LinkedIn Live Search,Tanzania,Tanzania,Live Job Search,Live Job Search,Other Multinational & Enterprise,Africa,Tanzania,Live / varies,Possibly Available,,,2026-07-20,Live search sorted toward newest results,LinkedIn,B,Recognized job platform,Platform,56,Low,,https://www.linkedin.com/jobs/search/?keywords=PMO+Manager&sortBy=DD&location=Tanzania,"Africa live-search pack. This is a live search link, not one fixed vacancy."
job-01499,Platform-Indexed Vacancy,job,Cloud Architect — LinkedIn Live Search,Tanzania,Tanzania,Live Job Search,Live Job Search,Technology & Consulting,Africa,Tanzania,Live / varies,Possibly Available,,,2026-07-20,Live search sorted toward newest results,LinkedIn,B,Recognized job platform,Platform,57,Low,,https://www.linkedin.com/jobs/search/?keywords=Cloud+Architect&sortBy=DD&location=Tanzania,"Africa live-search pack. This is a live search link, not one fixed vacancy."
job-01501,Platform-Indexed Vacancy,job,Integration Architect — LinkedIn Live Search,Tanzania,Tanzania,Live Job Search,Live Job Search,Other Multinational & Enterprise,Africa,Tanzania,Live / varies,Possibly Available,,,2026-07-20,Live search sorted toward newest results,LinkedIn,B,Recognized job platform,Platform,61,Medium,,https://www.linkedin.com/jobs/search/?keywords=Integration+Architect&sortBy=DD&location=Tanzania,"Africa live-search pack. This is a live search link, not one fixed vacancy."
job-01503,Platform-Indexed Vacancy,job,Enterprise Applications Manager — LinkedIn Live Search,Tanzania,Tanzania,Live Job Search,Live Job Search,Technology & Consulting,Africa,Tanzania,Live / varies,Possibly Available,,,2026-07-20,Live search sorted toward newest results,LinkedIn,B,Recognized job platform,Platform,59,Low,,https://www.linkedin.com/jobs/search/?keywords=Enterprise+Applications+Manager&sortBy=DD&location=Tanzania,"Africa live-search pack. This is a live search link, not one fixed vacancy."
job-01505,Platform-Indexed Vacancy,job,Cybersecurity Manager — LinkedIn Live Search,Tanzania,Tanzania,Live Job Search,Live Job Search,Technology & Consulting,Africa,Tanzania,Live / varies,Possibly Available,,,2026-07-20,Live search sorted toward newest results,LinkedIn,B,Recognized job platform,Platform,56,Low,,https://www.linkedin.com/jobs/search/?keywords=Cybersecurity+Manager&sortBy=DD&location=Tanzania,"Africa live-search pack. This is a live search link, not one fixed vacancy."
job-01507,Platform-Indexed Vacancy,job,AI Solution Architect — LinkedIn Live Search,Tanzania,Tanzania,Live Job Search,Live Job Search,Other Multinational & Enterprise,Africa,Tanzania,Live / varies,Possibly Available,,,2026-07-20,Live search sorted toward newest results,LinkedIn,B,Recognized job platform,Platform,59,Low,,https://www.linkedin.com/jobs/search/?keywords=AI+Solution+Architect&sortBy=DD&location=Tanzania,"Africa live-search pack. This is a live search link, not one fixed vacancy."
job-01509,Platform-Indexed Vacancy,job,Business Transformation Manager — LinkedIn Live Search,Tanzania,Tanzania,Live Job Search,Live Job Search,Other Multinational & Enterprise,Africa,Tanzania,Live / varies,Possibly Available,,,2026-07-20,Live search sorted toward newest results,LinkedIn,B,Recognized job platform,Platform,56,Low,,https://www.linkedin.com/jobs/search/?keywords=Business+Transformation+Manager&sortBy=DD&location=Tanzania,"Africa live-search pack. This is a live search link, not one fixed vacancy."
job-01511,Platform-Indexed Vacancy,job,ServiceNow Architect — LinkedIn Live Search,Tanzania,Tanzania,Live Job Search,Live Job Search,Other Multinational & Enterprise,Africa,Tanzania,Live / varies,Possibly Available,,,2026-07-20,Live search sorted toward newest results,LinkedIn,B,Recognized job platform,Platform,56,Low,,https://www.linkedin.com/jobs/search/?keywords=ServiceNow+Architect&sortBy=DD&location=Tanzania,"Africa live-search pack. This is a live search link, not one fixed vacancy."
job-01513,Platform-Indexed Vacancy,job,ERP Program Manager — LinkedIn Live Search,Tanzania,Tanzania,Live Job Search,Live Job Search,Other Multinational & Enterprise,Africa,Tanzania,Live / varies,Possibly Available,,,2026-07-20,Live search sorted toward newest results,LinkedIn,B,Recognized job platform,Platform,61,Medium,,https://www.linkedin.com/jobs/search/?keywords=ERP+Program+Manager&sortBy=DD&location=Tanzania,"Africa live-search pack. This is a live search link, not one fixed vacancy."
job-01515,Platform-Indexed Vacancy,job,ICT Manager — LinkedIn Live Search,Tanzania,Tanzania,Live Job Search,Live Job Search,Other Multinational & Enterprise,Africa,Tanzania,Live / varies,Possibly Available,,,2026-07-20,Live search sorted toward newest results,LinkedIn,B,Recognized job platform,Platform,56,Low,,https://www.linkedin.com/jobs/search/?keywords=ICT+Manager&sortBy=DD&location=Tanzania,"Africa live-search pack. This is a live search link, not one fixed vacancy."
job-01517,Platform-Indexed Vacancy,job,Enterprise Architect — LinkedIn Live Search,Ethiopia,Ethiopia,Live Job Search,Live Job Search,Technology & Consulting,Africa,Ethiopia,Live / varies,Possibly Available,,,2026-07-20,Live search sorted toward newest results,LinkedIn,B,Recognized job platform,Platform,63,Medium,,https://www.linkedin.com/jobs/search/?keywords=Enterprise+Architect&sortBy=DD&location=Ethiopia,"Africa live-search pack. This is a live search link, not one fixed vacancy."
job-01519,Platform-Indexed Vacancy,job,Solution Architect — LinkedIn Live Search,Ethiopia,Ethiopia,Live Job Search,Live Job Search,Other Multinational & Enterprise,Africa,Ethiopia,Live / varies,Possibly Available,,,2026-07-20,Live search sorted toward newest results,LinkedIn,B,Recognized job platform,Platform,59,Low,,https://www.linkedin.com/jobs/search/?keywords=Solution+Architect&sortBy=DD&location=Ethiopia,"Africa live-search pack. This is a live search link, not one fixed vacancy."
job-01521,Platform-Indexed Vacancy,job,Digital Transformation Manager — LinkedIn Live Search,Ethiopia,Ethiopia,Live Job Search,Live Job Search,Technology & Consulting,Africa,Ethiopia,Live / varies,Possibly Available,,,2026-07-20,Live search sorted toward newest results,LinkedIn,B,Recognized job platform,Platform,59,Low,,https://www.linkedin.com/jobs/search/?keywords=Digital+Transformation+Manager&sortBy=DD&location=Ethiopia,"Africa live-search pack. This is a live search link, not one fixed vacancy."
job-01523,Platform-Indexed Vacancy,job,IT Director — LinkedIn Live Search,Ethiopia,Ethiopia,Live Job Search,Live Job Search,Other Multinational & Enterprise,Africa,Ethiopia,Live / varies,Possibly Available,,,2026-07-20,Live search sorted toward newest results,LinkedIn,B,Recognized job platform,Platform,63,Medium,,https://www.linkedin.com/jobs/search/?keywords=IT+Director&sortBy=DD&location=Ethiopia,"Africa live-search pack. This is a live search link, not one fixed vacancy."
job-01525,Platform-Indexed Vacancy,job,Head of Technology — LinkedIn Live Search,Ethiopia,Ethiopia,Live Job Search,Live Job Search,Technology & Consulting,Africa,Ethiopia,Live / varies,Possibly Available,,,2026-07-20,Live search sorted toward newest results,LinkedIn,B,Recognized job platform,Platform,56,Low,,https://www.linkedin.com/jobs/search/?keywords=Head+of+Technology&sortBy=DD&location=Ethiopia,"Africa live-search pack. This is a live search link, not one fixed vacancy."
job-01527,Platform-Indexed Vacancy,job,Technology Director — LinkedIn Live Search,Ethiopia,Ethiopia,Live Job Search,Live Job Search,Technology & Consulting,Africa,Ethiopia,Live / varies,Possibly Available,,,2026-07-20,Live search sorted toward newest results,LinkedIn,B,Recognized job platform,Platform,63,Medium,,https://www.linkedin.com/jobs/search/?keywords=Technology+Director&sortBy=DD&location=Ethiopia,"Africa live-search pack. This is a live search link, not one fixed vacancy."
job-01529,Platform-Indexed Vacancy,job,IT Strategy Manager — LinkedIn Live Search,Ethiopia,Ethiopia,Live Job Search,Live Job Search,Other Multinational & Enterprise,Africa,Ethiopia,Live / varies,Possibly Available,,,2026-07-20,Live search sorted toward newest results,LinkedIn,B,Recognized job platform,Platform,59,Low,,https://www.linkedin.com/jobs/search/?keywords=IT+Strategy+Manager&sortBy=DD&location=Ethiopia,"Africa live-search pack. This is a live search link, not one fixed vacancy."
job-01531,Platform-Indexed Vacancy,job,Data Architect — LinkedIn Live Search,Ethiopia,Ethiopia,Live Job Search,Live Job Search,Technology & Consulting,Africa,Ethiopia,Live / varies,Possibly Available,,,2026-07-20,Live search sorted toward newest results,LinkedIn,B,Recognized job platform,Platform,57,Low,,https://www.linkedin.com/jobs/search/?keywords=Data+Architect&sortBy=DD&location=Ethiopia,"Africa live-search pack. This is a live search link, not one fixed vacancy."
job-01533,Platform-Indexed Vacancy,job,Data Governance Manager — LinkedIn Live Search,Ethiopia,Ethiopia,Live Job Search,Live Job Search,Technology & Consulting,Africa,Ethiopia,Live / varies,Possibly Available,,,2026-07-20,Live search sorted toward newest results,LinkedIn,B,Recognized job platform,Platform,63,Medium,,https://www.linkedin.com/jobs/search/?keywords=Data+Governance+Manager&sortBy=DD&location=Ethiopia,"Africa live-search pack. This is a live search link, not one fixed vacancy."
job-01535,Platform-Indexed Vacancy,job,Chief Data Officer — LinkedIn Live Search,Ethiopia,Ethiopia,Live Job Search,Live Job Search,Technology & Consulting,Africa,Ethiopia,Live / varies,Possibly Available,,,2026-07-20,Live search sorted toward newest results,LinkedIn,B,Recognized job platform,Platform,57,Low,,https://www.linkedin.com/jobs/search/?keywords=Chief+Data+Officer&sortBy=DD&location=Ethiopia,"Africa live-search pack. This is a live search link, not one fixed vacancy."
job-01537,Platform-Indexed Vacancy,job,Healthcare IT Manager — LinkedIn Live Search,Ethiopia,Ethiopia,Live Job Search,Live Job Search,Healthcare & Life Sciences,Africa,Ethiopia,Live / varies,Possibly Available,,,2026-07-20,Live search sorted toward newest results,LinkedIn,B,Recognized job platform,Platform,61,Medium,,https://www.linkedin.com/jobs/search/?keywords=Healthcare+IT+Manager&sortBy=DD&location=Ethiopia,"Africa live-search pack. This is a live search link, not one fixed vacancy."
job-01539,Platform-Indexed Vacancy,job,Health Informatics — LinkedIn Live Search,Ethiopia,Ethiopia,Live Job Search,Live Job Search,Healthcare & Life Sciences,Africa,Ethiopia,Live / varies,Possibly Available,,,2026-07-20,Live search sorted toward newest results,LinkedIn,B,Recognized job platform,Platform,52,Low,,https://www.linkedin.com/jobs/search/?keywords=Health+Informatics&sortBy=DD&location=Ethiopia,"Africa live-search pack. This is a live search link, not one fixed vacancy."
job-01541,Platform-Indexed Vacancy,job,Digital Health — LinkedIn Live Search,Ethiopia,Ethiopia,Live Job Search,Live Job Search,Healthcare & Life Sciences,Africa,Ethiopia,Live / varies,Possibly Available,,,2026-07-20,Live search sorted toward newest results,LinkedIn,B,Recognized job platform,Platform,55,Low,,https://www.linkedin.com/jobs/search/?keywords=Digital+Health&sortBy=DD&location=Ethiopia,"Africa live-search pack. This is a live search link, not one fixed vacancy."
job-01543,Platform-Indexed Vacancy,job,Technical Program Manager — LinkedIn Live Search,Ethiopia,Ethiopia,Live Job Search,Live Job Search,Other Multinational & Enterprise,Africa,Ethiopia,Live / varies,Possibly Available,,,2026-07-20,Live search sorted toward newest results,LinkedIn,B,Recognized job platform,Platform,63,Medium,,https://www.linkedin.com/jobs/search/?keywords=Technical+Program+Manager&sortBy=DD&location=Ethiopia,"Africa live-search pack. This is a live search link, not one fixed vacancy."
job-01545,Platform-Indexed Vacancy,job,IT Portfolio Manager — LinkedIn Live Search,Ethiopia,Ethiopia,Live Job Search,Live Job Search,Supply Chain & Logistics,Africa,Ethiopia,Live / varies,Possibly Available,,,2026-07-20,Live search sorted toward newest results,LinkedIn,B,Recognized job platform,Platform,56,Low,,https://www.linkedin.com/jobs/search/?keywords=IT+Portfolio+Manager&sortBy=DD&location=Ethiopia,"Africa live-search pack. This is a live search link, not one fixed vacancy."
job-01547,Platform-Indexed Vacancy,job,PMO Manager — LinkedIn Live Search,Ethiopia,Ethiopia,Live Job Search,Live Job Search,Other Multinational & Enterprise,Africa,Ethiopia,Live / varies,Possibly Available,,,2026-07-20,Live search sorted toward newest results,LinkedIn,B,Recognized job platform,Platform,56,Low,,https://www.linkedin.com/jobs/search/?keywords=PMO+Manager&sortBy=DD&location=Ethiopia,"Africa live-search pack. This is a live search link, not one fixed vacancy."
job-01549,Platform-Indexed Vacancy,job,Cloud Architect — LinkedIn Live Search,Ethiopia,Ethiopia,Live Job Search,Live Job Search,Technology & Consulting,Africa,Ethiopia,Live / varies,Possibly Available,,,2026-07-20,Live search sorted toward newest results,LinkedIn,B,Recognized job platform,Platform,57,Low,,https://www.linkedin.com/jobs/search/?keywords=Cloud+Architect&sortBy=DD&location=Ethiopia,"Africa live-search pack. This is a live search link, not one fixed vacancy."
job-01551,Platform-Indexed Vacancy,job,Integration Architect — LinkedIn Live Search,Ethiopia,Ethiopia,Live Job Search,Live Job Search,Other Multinational & Enterprise,Africa,Ethiopia,Live / varies,Possibly Available,,,2026-07-20,Live search sorted toward newest results,LinkedIn,B,Recognized job platform,Platform,61,Medium,,https://www.linkedin.com/jobs/search/?keywords=Integration+Architect&sortBy=DD&location=Ethiopia,"Africa live-search pack. This is a live search link, not one fixed vacancy."
job-01553,Platform-Indexed Vacancy,job,Enterprise Applications Manager — LinkedIn Live Search,Ethiopia,Ethiopia,Live Job Search,Live Job Search,Technology & Consulting,Africa,Ethiopia,Live / varies,Possibly Available,,,2026-07-20,Live search sorted toward newest results,LinkedIn,B,Recognized job platform,Platform,59,Low,,https://www.linkedin.com/jobs/search/?keywords=Enterprise+Applications+Manager&sortBy=DD&location=Ethiopia,"Africa live-search pack. This is a live search link, not one fixed vacancy."
job-01555,Platform-Indexed Vacancy,job,Cybersecurity Manager — LinkedIn Live Search,Ethiopia,Ethiopia,Live Job Search,Live Job Search,Technology & Consulting,Africa,Ethiopia,Live / varies,Possibly Available,,,2026-07-20,Live search sorted toward newest results,LinkedIn,B,Recognized job platform,Platform,56,Low,,https://www.linkedin.com/jobs/search/?keywords=Cybersecurity+Manager&sortBy=DD&location=Ethiopia,"Africa live-search pack. This is a live search link, not one fixed vacancy."
job-01557,Platform-Indexed Vacancy,job,AI Solution Architect — LinkedIn Live Search,Ethiopia,Ethiopia,Live Job Search,Live Job Search,Other Multinational & Enterprise,Africa,Ethiopia,Live / varies,Possibly Available,,,2026-07-20,Live search sorted toward newest results,LinkedIn,B,Recognized job platform,Platform,59,Low,,https://www.linkedin.com/jobs/search/?keywords=AI+Solution+Architect&sortBy=DD&location=Ethiopia,"Africa live-search pack. This is a live search link, not one fixed vacancy."
job-01559,Platform-Indexed Vacancy,job,Business Transformation Manager — LinkedIn Live Search,Ethiopia,Ethiopia,Live Job Search,Live Job Search,Other Multinational & Enterprise,Africa,Ethiopia,Live / varies,Possibly Available,,,2026-07-20,Live search sorted toward newest results,LinkedIn,B,Recognized job platform,Platform,56,Low,,https://www.linkedin.com/jobs/search/?keywords=Business+Transformation+Manager&sortBy=DD&location=Ethiopia,"Africa live-search pack. This is a live search link, not one fixed vacancy."
job-01561,Platform-Indexed Vacancy,job,ServiceNow Architect — LinkedIn Live Search,Ethiopia,Ethiopia,Live Job Search,Live Job Search,Other Multinational & Enterprise,Africa,Ethiopia,Live / varies,Possibly Available,,,2026-07-20,Live search sorted toward newest results,LinkedIn,B,Recognized job platform,Platform,56,Low,,https://www.linkedin.com/jobs/search/?keywords=ServiceNow+Architect&sortBy=DD&location=Ethiopia,"Africa live-search pack. This is a live search link, not one fixed vacancy."
job-01563,Platform-Indexed Vacancy,job,ERP Program Manager — LinkedIn Live Search,Ethiopia,Ethiopia,Live Job Search,Live Job Search,Other Multinational & Enterprise,Africa,Ethiopia,Live / varies,Possibly Available,,,2026-07-20,Live search sorted toward newest results,LinkedIn,B,Recognized job platform,Platform,61,Medium,,https://www.linkedin.com/jobs/search/?keywords=ERP+Program+Manager&sortBy=DD&location=Ethiopia,"Africa live-search pack. This is a live search link, not one fixed vacancy."
job-01565,Platform-Indexed Vacancy,job,ICT Manager — LinkedIn Live Search,Ethiopia,Ethiopia,Live Job Search,Live Job Search,Other Multinational & Enterprise,Africa,Ethiopia,Live / varies,Possibly Available,,,2026-07-20,Live search sorted toward newest results,LinkedIn,B,Recognized job platform,Platform,56,Low,,https://www.linkedin.com/jobs/search/?keywords=ICT+Manager&sortBy=DD&location=Ethiopia,"Africa live-search pack. This is a live search link, not one fixed vacancy."
job-01567,Platform-Indexed Vacancy,job,Senior IT Projects Associate,Inkomoko,Inkomoko,Digital Transformation & Strategy,Digital Transformation & Strategy,Technology & Consulting,Africa,Kenya,Nairobi,Expired,,,2026-07-20,,Workable,A,Official / primary source,Official,57,Low,,https://jobs.workable.com/view/b8V5Zc6Hs8H4uTU7FiK2HP/it-project-senior-associate-in-nairobi-at-inkomoko,
job-01576,Platform-Indexed Vacancy,job,AI Product Manager - Delivery & Operations,SSC HR Solutions,SSC HR Solutions,"Program, Project & Delivery Management","Program, Project & Delivery Management",Other Multinational & Enterprise,Egypt,Egypt,Cairo,Expired,,,2026-07-20,,Workable,A,Official / primary source,Official,58,Low,,https://jobs.workable.com/view/nnPKoYzBPzxDQYcQQGXZB3/hybrid-ai-product-manager---delivery-%26-operations-in-cairo-at-ssc-hr-solutions,
job-01577,Platform-Indexed Vacancy,job,Full Stack Software Engineer - AWS / Azure,SSC HR Solutions,SSC HR Solutions,Enterprise Applications & Software,Enterprise Applications & Software,Technology & Consulting,Egypt,Egypt,Cairo,Expired,,,2026-07-20,,Workable,A,Official / primary source,Official,56,Low,,https://jobs.workable.com/view/ximG7qN1jqwh2rsmvJteQF/hybrid-full-stack-software-engineer-%28python%2Ftypescript%2Fgo%29---aws%2Fazure-in-cairo-at-ssc-hr-solutions,
job-01578,Platform-Indexed Vacancy,job,Data Scientist,Access Bank PLC,Access Bank PLC,Data & Analytics,Data & Analytics,Technology & Consulting,Africa,Nigeria,Lagos,Expired,,,2026-07-20,,Workable,A,Official / primary source,Official,54,Low,,https://jobs.workable.com/view/1rPyfgQT1jT2VBMGMrUs2N/data-scientist-in-lagos-at-access-bank-plc,
job-01579,Platform-Indexed Vacancy,job,Commercial Data and Insights Analyst,SPARK Schools,SPARK Schools,Data & Analytics,Data & Analytics,Technology & Consulting,Africa,South Africa,Randburg,Expired,,,2026-07-20,,Workable,A,Official / primary source,Official,54,Low,,https://jobs.workable.com/view/bBtC6hecvBqSBj6abrEaMs/hybrid-commercial-data-and-insights-analyst---spark-schools-support---2026-in-randburg-at-spark-schools,
job-01582,Official Vacancy,job,"Sr. Program Manager, Ops Integration",Amazon,Amazon,Program Delivery,Program Delivery,Other Multinational & Enterprise,Egypt,Egypt,Cairo,Available,2026-06-22,,2026-07-24,Official listing,Official employer careers,A,Official employer / primary source,Official,94,High,,https://www.amazon.jobs/en/search?country=EGY&loc_query=Egypt,"Amazon Job ID 10454746. Operations integration, program leadership and cross-functional delivery."
job-01583,Official Vacancy,job,"Launch Program Manager, Amazon Now",Amazon,Amazon,Program Delivery,Program Delivery,Other Multinational & Enterprise,Egypt,Egypt,Cairo,Available,2026-06-23,,2026-07-24,Official listing,Official employer careers,A,Official employer / primary source,Official,92,High,,https://www.amazon.jobs/en/search?country=EGY&loc_query=Egypt,"Amazon Job ID 10456264. Program strategy, end-to-end delivery, metrics and senior-stakeholder communication."
job-01584,Official Vacancy,job,"Program Manager - QC Inventory Health, Supply Chain",Amazon,Amazon,Supply Chain Transformation,Supply Chain Transformation,Healthcare & Life Sciences,Egypt,Egypt,Cairo,Available,2026-07-01,,2026-07-24,Official listing,Official employer careers,A,Official employer / primary source,Official,90,High,,https://amazon.jobs/es/search?base_query=&country=EGY&loc_query=Egypt&sort=relevant,Amazon Job ID 10463444. Cross-functional technology and operations program improvement using data and metrics.
job-01585,Official Vacancy,job,Global Continuous Improvement & Governance Lead,Unilever,Unilever,Governance & Continuous Improvement,Governance & Continuous Improvement,Automotive & Mobility,Egypt,Egypt,6th of October City,Available,2026-07-22,,2026-07-24,Official listing,Official employer careers,A,Official employer / primary source,Official,88,High,,https://careers.unilever.com/en/Egypt,Current official Unilever Egypt listing focused on governance and continuous improvement. Verify details on the official career page.
job-01586,Official Vacancy,job,"Program Manager Inventory, Supply Chain",Amazon,Amazon,Supply Chain Transformation,Supply Chain Transformation,Supply Chain & Logistics,Egypt,Egypt,Cairo,Available,2026-06-22,,2026-07-24,Official listing,Official employer careers,A,Official employer / primary source,Official,88,High,,https://www.amazon.jobs/en/search?country=EGY&loc_query=Egypt,"Amazon Job ID 10454589. Inventory, supply-chain program management and data-driven improvement."
job-01588,Official Vacancy,job,Egypt Warehouse Assistant Manager,Unilever,Unilever,Supply Chain Leadership,Supply Chain Leadership,Supply Chain & Logistics,Egypt,Egypt,6th of October City,Available,2026-07-22,,2026-07-24,Official listing,Official employer careers,A,Official employer / primary source,Official,80,High,,https://careers.unilever.com/en/Egypt,Current official Unilever Egypt listing in warehouse and supply-chain leadership.
job-01589,Official Vacancy,job,"Operations City Manager, UAF",Amazon,Amazon,Operations Leadership,Operations Leadership,Supply Chain & Logistics,Egypt,Egypt,Cairo,Available,2026-07-02,,2026-07-24,Official listing,Official employer careers,A,Official employer / primary source,Official,78,Medium,,https://amazon.jobs/es/search?base_query=&country=EGY&loc_query=Egypt&sort=relevant,Amazon Job ID 10464467. Logistics and operational leadership.
search-008837,Live Search,live_search,Enterprise Architect,LinkedIn,LinkedIn,Enterprise Architecture,Enterprise Architecture,,Africa,Malawi,Malawi,Live Search,,,2026-07-20,Live search,LinkedIn,B,Recognized job platform,Platform,64,Medium,,https://www.linkedin.com/jobs/search/?keywords=Enterprise+Architect&location=South+Africa&sortBy=DD,"Direct platform search for Enterprise Architect in Malawi. Sort by newest on the platform and verify employer, date, location eligibility and application route."
search-008838,Live Search,live_search,Enterprise Architect,Indeed,Indeed,Enterprise Architecture,Enterprise Architecture,,Africa,South Africa,South Africa,Live Search,,,2026-07-20,Live search,Indeed,B,Recognized job platform,Platform,64,Medium,,https://za.indeed.com/jobs?q=Enterprise+Architect&l=South+Africa&sort=date,"Direct platform search for Enterprise Architect in South Africa. Sort by newest on the platform and verify employer, date, location eligibility and application route."
search-008841,Live Search,live_search,Enterprise Architect,Careerjet,Careerjet,Enterprise Architecture,Enterprise Architecture,,Africa,Malawi,Malawi,Live Search,,,2026-07-20,Live search,Careerjet,C,Aggregator,Aggregator,64,Medium,,https://www.careerjet.com/search/jobs?s=Enterprise+Architect&l=South+Africa,"Direct platform search for Enterprise Architect in Malawi. Sort by newest on the platform and verify employer, date, location eligibility and application route."
search-008842,Live Search,live_search,Enterprise Architect,Talent.com,Talent.com,Enterprise Architecture,Enterprise Architecture,,Africa,Malawi,Malawi,Live Search,,,2026-07-20,Live search,Talent.com,C,Aggregator,Aggregator,64,Medium,,https://www.talent.com/jobs?k=Enterprise+Architect&l=South+Africa,"Direct platform search for Enterprise Architect in Malawi. Sort by newest on the platform and verify employer, date, location eligibility and application route."
search-008849,Live Search,live_search,Solutions Architect,LinkedIn,LinkedIn,Solution Architecture,Solution Architecture,,Africa,Malawi,Malawi,Live Search,,,2026-07-20,Live search,LinkedIn,B,Recognized job platform,Platform,61,Medium,,https://www.linkedin.com/jobs/search/?keywords=Solutions+Architect&location=South+Africa&sortBy=DD,"Direct platform search for Solutions Architect in Malawi. Sort by newest on the platform and verify employer, date, location eligibility and application route."
search-008850,Live Search,live_search,Solutions Architect,Indeed,Indeed,Solution Architecture,Solution Architecture,,Africa,South Africa,South Africa,Live Search,,,2026-07-20,Live search,Indeed,B,Recognized job platform,Platform,61,Medium,,https://za.indeed.com/jobs?q=Solutions+Architect&l=South+Africa&sort=date,"Direct platform search for Solutions Architect in South Africa. Sort by newest on the platform and verify employer, date, location eligibility and application route."
search-008853,Live Search,live_search,Solutions Architect,Careerjet,Careerjet,Solution Architecture,Solution Architecture,,Africa,Malawi,Malawi,Live Search,,,2026-07-20,Live search,Careerjet,C,Aggregator,Aggregator,61,Medium,,https://www.careerjet.com/search/jobs?s=Solutions+Architect&l=South+Africa,"Direct platform search for Solutions Architect in Malawi. Sort by newest on the platform and verify employer, date, location eligibility and application route."
search-008854,Live Search,live_search,Solutions Architect,Talent.com,Talent.com,Solution Architecture,Solution Architecture,,Africa,Malawi,Malawi,Live Search,,,2026-07-20,Live search,Talent.com,C,Aggregator,Aggregator,61,Medium,,https://www.talent.com/jobs?k=Solutions+Architect&l=South+Africa,"Direct platform search for Solutions Architect in Malawi. Sort by newest on the platform and verify employer, date, location eligibility and application route."
search-008861,Live Search,live_search,Solution Architect,LinkedIn,LinkedIn,Solution Architecture,Solution Architecture,,Africa,Malawi,Malawi,Live Search,,,2026-07-20,Live search,LinkedIn,B,Recognized job platform,Platform,61,Medium,,https://www.linkedin.com/jobs/search/?keywords=Solution+Architect&location=South+Africa&sortBy=DD,"Direct platform search for Solution Architect in Malawi. Sort by newest on the platform and verify employer, date, location eligibility and application route."
search-008862,Live Search,live_search,Solution Architect,Indeed,Indeed,Solution Architecture,Solution Architecture,,Africa,South Africa,South Africa,Live Search,,,2026-07-20,Live search,Indeed,B,Recognized job platform,Platform,61,Medium,,https://za.indeed.com/jobs?q=Solution+Architect&l=South+Africa&sort=date,"Direct platform search for Solution Architect in South Africa. Sort by newest on the platform and verify employer, date, location eligibility and application route."
search-008865,Live Search,live_search,Solution Architect,Careerjet,Careerjet,Solution Architecture,Solution Architecture,,Africa,Malawi,Malawi,Live Search,,,2026-07-20,Live search,Careerjet,C,Aggregator,Aggregator,61,Medium,,https://www.careerjet.com/search/jobs?s=Solution+Architect&l=South+Africa,"Direct platform search for Solution Architect in Malawi. Sort by newest on the platform and verify employer, date, location eligibility and application route."
search-008866,Live Search,live_search,Solution Architect,Talent.com,Talent.com,Solution Architecture,Solution Architecture,,Africa,Malawi,Malawi,Live Search,,,2026-07-20,Live search,Talent.com,C,Aggregator,Aggregator,61,Medium,,https://www.talent.com/jobs?k=Solution+Architect&l=South+Africa,"Direct platform search for Solution Architect in Malawi. Sort by newest on the platform and verify employer, date, location eligibility and application route."
search-008873,Live Search,live_search,Technical Architect,LinkedIn,LinkedIn,Solution Architecture,Solution Architecture,,Africa,Malawi,Malawi,Live Search,,,2026-07-20,Live search,LinkedIn,B,Recognized job platform,Platform,61,Medium,,https://www.linkedin.com/jobs/search/?keywords=Technical+Architect&location=South+Africa&sortBy=DD,"Direct platform search for Technical Architect in Malawi. Sort by newest on the platform and verify employer, date, location eligibility and application route."
search-008874,Live Search,live_search,Technical Architect,Indeed,Indeed,Solution Architecture,Solution Architecture,,Africa,South Africa,South Africa,Live Search,,,2026-07-20,Live search,Indeed,B,Recognized job platform,Platform,61,Medium,,https://za.indeed.com/jobs?q=Technical+Architect&l=South+Africa&sort=date,"Direct platform search for Technical Architect in South Africa. Sort by newest on the platform and verify employer, date, location eligibility and application route."
search-008877,Live Search,live_search,Technical Architect,Careerjet,Careerjet,Solution Architecture,Solution Architecture,,Africa,Malawi,Malawi,Live Search,,,2026-07-20,Live search,Careerjet,C,Aggregator,Aggregator,61,Medium,,https://www.careerjet.com/search/jobs?s=Technical+Architect&l=South+Africa,"Direct platform search for Technical Architect in Malawi. Sort by newest on the platform and verify employer, date, location eligibility and application route."
search-008878,Live Search,live_search,Technical Architect,Talent.com,Talent.com,Solution Architecture,Solution Architecture,,Africa,Malawi,Malawi,Live Search,,,2026-07-20,Live search,Talent.com,C,Aggregator,Aggregator,61,Medium,,https://www.talent.com/jobs?k=Technical+Architect&l=South+Africa,"Direct platform search for Technical Architect in Malawi. Sort by newest on the platform and verify employer, date, location eligibility and application route."
search-008885,Live Search,live_search,Cloud Architect,LinkedIn,LinkedIn,Cloud & Infrastructure,Cloud & Infrastructure,,Africa,Malawi,Malawi,Live Search,,,2026-07-20,Live search,LinkedIn,B,Recognized job platform,Platform,57,Low,,https://www.linkedin.com/jobs/search/?keywords=Cloud+Architect&location=South+Africa&sortBy=DD,"Direct platform search for Cloud Architect in Malawi. Sort by newest on the platform and verify employer, date, location eligibility and application route."
search-008886,Live Search,live_search,Cloud Architect,Indeed,Indeed,Cloud & Infrastructure,Cloud & Infrastructure,,Africa,South Africa,South Africa,Live Search,,,2026-07-20,Live search,Indeed,B,Recognized job platform,Platform,57,Low,,https://za.indeed.com/jobs?q=Cloud+Architect&l=South+Africa&sort=date,"Direct platform search for Cloud Architect in South Africa. Sort by newest on the platform and verify employer, date, location eligibility and application route."
search-008889,Live Search,live_search,Cloud Architect,Careerjet,Careerjet,Cloud & Infrastructure,Cloud & Infrastructure,,Africa,Malawi,Malawi,Live Search,,,2026-07-20,Live search,Careerjet,C,Aggregator,Aggregator,57,Low,,https://www.careerjet.com/search/jobs?s=Cloud+Architect&l=South+Africa,"Direct platform search for Cloud Architect in Malawi. Sort by newest on the platform and verify employer, date, location eligibility and application route."
search-008890,Live Search,live_search,Cloud Architect,Talent.com,Talent.com,Cloud & Infrastructure,Cloud & Infrastructure,,Africa,Malawi,Malawi,Live Search,,,2026-07-20,Live search,Talent.com,C,Aggregator,Aggregator,57,Low,,https://www.talent.com/jobs?k=Cloud+Architect&l=South+Africa,"Direct platform search for Cloud Architect in Malawi. Sort by newest on the platform and verify employer, date, location eligibility and application route."
search-008897,Live Search,live_search,Data Architect,LinkedIn,LinkedIn,Data & Governance,Data & Governance,,Africa,Malawi,Malawi,Live Search,,,2026-07-20,Live search,LinkedIn,B,Recognized job platform,Platform,59,Low,,https://www.linkedin.com/jobs/search/?keywords=Data+Architect&location=South+Africa&sortBy=DD,"Direct platform search for Data Architect in Malawi. Sort by newest on the platform and verify employer, date, location eligibility and application route."
search-008898,Live Search,live_search,Data Architect,Indeed,Indeed,Data & Governance,Data & Governance,,Africa,South Africa,South Africa,Live Search,,,2026-07-20,Live search,Indeed,B,Recognized job platform,Platform,59,Low,,https://za.indeed.com/jobs?q=Data+Architect&l=South+Africa&sort=date,"Direct platform search for Data Architect in South Africa. Sort by newest on the platform and verify employer, date, location eligibility and application route."
search-008901,Live Search,live_search,Data Architect,Careerjet,Careerjet,Data & Governance,Data & Governance,,Africa,Malawi,Malawi,Live Search,,,2026-07-20,Live search,Careerjet,C,Aggregator,Aggregator,59,Low,,https://www.careerjet.com/search/jobs?s=Data+Architect&l=South+Africa,"Direct platform search for Data Architect in Malawi. Sort by newest on the platform and verify employer, date, location eligibility and application route."
search-008902,Live Search,live_search,Data Architect,Talent.com,Talent.com,Data & Governance,Data & Governance,,Africa,Malawi,Malawi,Live Search,,,2026-07-20,Live search,Talent.com,C,Aggregator,Aggregator,59,Low,,https://www.talent.com/jobs?k=Data+Architect&l=South+Africa,"Direct platform search for Data Architect in Malawi. Sort by newest on the platform and verify employer, date, location eligibility and application route."
search-008909,Live Search,live_search,Integration Architect,LinkedIn,LinkedIn,Integration Architecture,Integration Architecture,,Africa,Malawi,Malawi,Live Search,,,2026-07-20,Live search,LinkedIn,B,Recognized job platform,Platform,63,Medium,,https://www.linkedin.com/jobs/search/?keywords=Integration+Architect&location=South+Africa&sortBy=DD,"Direct platform search for Integration Architect in Malawi. Sort by newest on the platform and verify employer, date, location eligibility and application route."
search-008910,Live Search,live_search,Integration Architect,Indeed,Indeed,Integration Architecture,Integration Architecture,,Africa,South Africa,South Africa,Live Search,,,2026-07-20,Live search,Indeed,B,Recognized job platform,Platform,63,Medium,,https://za.indeed.com/jobs?q=Integration+Architect&l=South+Africa&sort=date,"Direct platform search for Integration Architect in South Africa. Sort by newest on the platform and verify employer, date, location eligibility and application route."
search-008913,Live Search,live_search,Integration Architect,Careerjet,Careerjet,Integration Architecture,Integration Architecture,,Africa,Malawi,Malawi,Live Search,,,2026-07-20,Live search,Careerjet,C,Aggregator,Aggregator,63,Medium,,https://www.careerjet.com/search/jobs?s=Integration+Architect&l=South+Africa,"Direct platform search for Integration Architect in Malawi. Sort by newest on the platform and verify employer, date, location eligibility and application route."
search-008914,Live Search,live_search,Integration Architect,Talent.com,Talent.com,Integration Architecture,Integration Architecture,,Africa,Malawi,Malawi,Live Search,,,2026-07-20,Live search,Talent.com,C,Aggregator,Aggregator,63,Medium,,https://www.talent.com/jobs?k=Integration+Architect&l=South+Africa,"Direct platform search for Integration Architect in Malawi. Sort by newest on the platform and verify employer, date, location eligibility and application route."
search-008921,Live Search,live_search,Application Architect,LinkedIn,LinkedIn,Solution Architecture,Solution Architecture,,Africa,Malawi,Malawi,Live Search,,,2026-07-20,Live search,LinkedIn,B,Recognized job platform,Platform,61,Medium,,https://www.linkedin.com/jobs/search/?keywords=Application+Architect&location=South+Africa&sortBy=DD,"Direct platform search for Application Architect in Malawi. Sort by newest on the platform and verify employer, date, location eligibility and application route."
search-008922,Live Search,live_search,Application Architect,Indeed,Indeed,Solution Architecture,Solution Architecture,,Africa,South Africa,South Africa,Live Search,,,2026-07-20,Live search,Indeed,B,Recognized job platform,Platform,61,Medium,,https://za.indeed.com/jobs?q=Application+Architect&l=South+Africa&sort=date,"Direct platform search for Application Architect in South Africa. Sort by newest on the platform and verify employer, date, location eligibility and application route."
search-008925,Live Search,live_search,Application Architect,Careerjet,Careerjet,Solution Architecture,Solution Architecture,,Africa,Malawi,Malawi,Live Search,,,2026-07-20,Live search,Careerjet,C,Aggregator,Aggregator,61,Medium,,https://www.careerjet.com/search/jobs?s=Application+Architect&l=South+Africa,"Direct platform search for Application Architect in Malawi. Sort by newest on the platform and verify employer, date, location eligibility and application route."
search-008926,Live Search,live_search,Application Architect,Talent.com,Talent.com,Solution Architecture,Solution Architecture,,Africa,Malawi,Malawi,Live Search,,,2026-07-20,Live search,Talent.com,C,Aggregator,Aggregator,61,Medium,,https://www.talent.com/jobs?k=Application+Architect&l=South+Africa,"Direct platform search for Application Architect in Malawi. Sort by newest on the platform and verify employer, date, location eligibility and application route."
search-008933,Live Search,live_search,Security Architect,LinkedIn,LinkedIn,Cybersecurity,Cybersecurity,,Africa,Malawi,Malawi,Live Search,,,2026-07-20,Live search,LinkedIn,B,Recognized job platform,Platform,56,Low,,https://www.linkedin.com/jobs/search/?keywords=Security+Architect&location=South+Africa&sortBy=DD,"Direct platform search for Security Architect in Malawi. Sort by newest on the platform and verify employer, date, location eligibility and application route."
search-008934,Live Search,live_search,Security Architect,Indeed,Indeed,Cybersecurity,Cybersecurity,,Africa,South Africa,South Africa,Live Search,,,2026-07-20,Live search,Indeed,B,Recognized job platform,Platform,56,Low,,https://za.indeed.com/jobs?q=Security+Architect&l=South+Africa&sort=date,"Direct platform search for Security Architect in South Africa. Sort by newest on the platform and verify employer, date, location eligibility and application route."
search-008937,Live Search,live_search,Security Architect,Careerjet,Careerjet,Cybersecurity,Cybersecurity,,Africa,Malawi,Malawi,Live Search,,,2026-07-20,Live search,Careerjet,C,Aggregator,Aggregator,56,Low,,https://www.careerjet.com/search/jobs?s=Security+Architect&l=South+Africa,"Direct platform search for Security Architect in Malawi. Sort by newest on the platform and verify employer, date, location eligibility and application route."
search-008938,Live Search,live_search,Security Architect,Talent.com,Talent.com,Cybersecurity,Cybersecurity,,Africa,Malawi,Malawi,Live Search,,,2026-07-20,Live search,Talent.com,C,Aggregator,Aggregator,56,Low,,https://www.talent.com/jobs?k=Security+Architect&l=South+Africa,"Direct platform search for Security Architect in Malawi. Sort by newest on the platform and verify employer, date, location eligibility and application route."
search-008945,Live Search,live_search,Infrastructure Architect,LinkedIn,LinkedIn,Cloud & Infrastructure,Cloud & Infrastructure,,Africa,Malawi,Malawi,Live Search,,,2026-07-20,Live search,LinkedIn,B,Recognized job platform,Platform,57,Low,,https://www.linkedin.com/jobs/search/?keywords=Infrastructure+Architect&location=South+Africa&sortBy=DD,"Direct platform search for Infrastructure Architect in Malawi. Sort by newest on the platform and verify employer, date, location eligibility and application route."
search-008946,Live Search,live_search,Infrastructure Architect,Indeed,Indeed,Cloud & Infrastructure,Cloud & Infrastructure,,Africa,South Africa,South Africa,Live Search,,,2026-07-20,Live search,Indeed,B,Recognized job platform,Platform,57,Low,,https://za.indeed.com/jobs?q=Infrastructure+Architect&l=South+Africa&sort=date,"Direct platform search for Infrastructure Architect in South Africa. Sort by newest on the platform and verify employer, date, location eligibility and application route."
search-008949,Live Search,live_search,Infrastructure Architect,Careerjet,Careerjet,Cloud & Infrastructure,Cloud & Infrastructure,,Africa,Malawi,Malawi,Live Search,,,2026-07-20,Live search,Careerjet,C,Aggregator,Aggregator,57,Low,,https://www.careerjet.com/search/jobs?s=Infrastructure+Architect&l=South+Africa,"Direct platform search for Infrastructure Architect in Malawi. Sort by newest on the platform and verify employer, date, location eligibility and application route."
search-008950,Live Search,live_search,Infrastructure Architect,Talent.com,Talent.com,Cloud & Infrastructure,Cloud & Infrastructure,,Africa,Malawi,Malawi,Live Search,,,2026-07-20,Live search,Talent.com,C,Aggregator,Aggregator,57,Low,,https://www.talent.com/jobs?k=Infrastructure+Architect&l=South+Africa,"Direct platform search for Infrastructure Architect in Malawi. Sort by newest on the platform and verify employer, date, location eligibility and application route."
search-008957,Live Search,live_search,Digital Transformation Director,LinkedIn,LinkedIn,Digital Transformation,Digital Transformation,,Africa,Malawi,Malawi,Live Search,,,2026-07-20,Live search,LinkedIn,B,Recognized job platform,Platform,63,Medium,,https://www.linkedin.com/jobs/search/?keywords=Digital+Transformation+Director&location=South+Africa&sortBy=DD,"Direct platform search for Digital Transformation Director in Malawi. Sort by newest on the platform and verify employer, date, location eligibility and application route."
search-008958,Live Search,live_search,Digital Transformation Director,Indeed,Indeed,Digital Transformation,Digital Transformation,,Africa,South Africa,South Africa,Live Search,,,2026-07-20,Live search,Indeed,B,Recognized job platform,Platform,63,Medium,,https://za.indeed.com/jobs?q=Digital+Transformation+Director&l=South+Africa&sort=date,"Direct platform search for Digital Transformation Director in South Africa. Sort by newest on the platform and verify employer, date, location eligibility and application route."
search-008961,Live Search,live_search,Digital Transformation Director,Careerjet,Careerjet,Digital Transformation,Digital Transformation,,Africa,Malawi,Malawi,Live Search,,,2026-07-20,Live search,Careerjet,C,Aggregator,Aggregator,63,Medium,,https://www.careerjet.com/search/jobs?s=Digital+Transformation+Director&l=South+Africa,"Direct platform search for Digital Transformation Director in Malawi. Sort by newest on the platform and verify employer, date, location eligibility and application route."
search-008962,Live Search,live_search,Digital Transformation Director,Talent.com,Talent.com,Digital Transformation,Digital Transformation,,Africa,Malawi,Malawi,Live Search,,,2026-07-20,Live search,Talent.com,C,Aggregator,Aggregator,63,Medium,,https://www.talent.com/jobs?k=Digital+Transformation+Director&l=South+Africa,"Direct platform search for Digital Transformation Director in Malawi. Sort by newest on the platform and verify employer, date, location eligibility and application route."
search-008969,Live Search,live_search,Digital Transformation Manager,LinkedIn,LinkedIn,Digital Transformation,Digital Transformation,,Africa,Malawi,Malawi,Live Search,,,2026-07-20,Live search,LinkedIn,B,Recognized job platform,Platform,59,Low,,https://www.linkedin.com/jobs/search/?keywords=Digital+Transformation+Manager&location=South+Africa&sortBy=DD,"Direct platform search for Digital Transformation Manager in Malawi. Sort by newest on the platform and verify employer, date, location eligibility and application route."
search-008970,Live Search,live_search,Digital Transformation Manager,Indeed,Indeed,Digital Transformation,Digital Transformation,,Africa,South Africa,South Africa,Live Search,,,2026-07-20,Live search,Indeed,B,Recognized job platform,Platform,59,Low,,https://za.indeed.com/jobs?q=Digital+Transformation+Manager&l=South+Africa&sort=date,"Direct platform search for Digital Transformation Manager in South Africa. Sort by newest on the platform and verify employer, date, location eligibility and application route."
search-008973,Live Search,live_search,Digital Transformation Manager,Careerjet,Careerjet,Digital Transformation,Digital Transformation,,Africa,Malawi,Malawi,Live Search,,,2026-07-20,Live search,Careerjet,C,Aggregator,Aggregator,59,Low,,https://www.careerjet.com/search/jobs?s=Digital+Transformation+Manager&l=South+Africa,"Direct platform search for Digital Transformation Manager in Malawi. Sort by newest on the platform and verify employer, date, location eligibility and application route."
search-008974,Live Search,live_search,Digital Transformation Manager,Talent.com,Talent.com,Digital Transformation,Digital Transformation,,Africa,Malawi,Malawi,Live Search,,,2026-07-20,Live search,Talent.com,C,Aggregator,Aggregator,59,Low,,https://www.talent.com/jobs?k=Digital+Transformation+Manager&l=South+Africa,"Direct platform search for Digital Transformation Manager in Malawi. Sort by newest on the platform and verify employer, date, location eligibility and application route."
search-008981,Live Search,live_search,Head of Digital Transformation,LinkedIn,LinkedIn,Digital Transformation,Digital Transformation,,Africa,Malawi,Malawi,Live Search,,,2026-07-20,Live search,LinkedIn,B,Recognized job platform,Platform,59,Low,,https://www.linkedin.com/jobs/search/?keywords=Head+of+Digital+Transformation&location=South+Africa&sortBy=DD,"Direct platform search for Head of Digital Transformation in Malawi. Sort by newest on the platform and verify employer, date, location eligibility and application route."
search-008982,Live Search,live_search,Head of Digital Transformation,Indeed,Indeed,Digital Transformation,Digital Transformation,,Africa,South Africa,South Africa,Live Search,,,2026-07-20,Live search,Indeed,B,Recognized job platform,Platform,59,Low,,https://za.indeed.com/jobs?q=Head+of+Digital+Transformation&l=South+Africa&sort=date,"Direct platform search for Head of Digital Transformation in South Africa. Sort by newest on the platform and verify employer, date, location eligibility and application route."
search-008985,Live Search,live_search,Head of Digital Transformation,Careerjet,Careerjet,Digital Transformation,Digital Transformation,,Africa,Malawi,Malawi,Live Search,,,2026-07-20,Live search,Careerjet,C,Aggregator,Aggregator,59,Low,,https://www.careerjet.com/search/jobs?s=Head+of+Digital+Transformation&l=South+Africa,"Direct platform search for Head of Digital Transformation in Malawi. Sort by newest on the platform and verify employer, date, location eligibility and application route."
search-008986,Live Search,live_search,Head of Digital Transformation,Talent.com,Talent.com,Digital Transformation,Digital Transformation,,Africa,Malawi,Malawi,Live Search,,,2026-07-20,Live search,Talent.com,C,Aggregator,Aggregator,59,Low,,https://www.talent.com/jobs?k=Head+of+Digital+Transformation&l=South+Africa,"Direct platform search for Head of Digital Transformation in Malawi. Sort by newest on the platform and verify employer, date, location eligibility and application route."
search-008993,Live Search,live_search,IT Director,LinkedIn,LinkedIn,Technology Leadership,Technology Leadership,,Africa,Malawi,Malawi,Live Search,,,2026-07-20,Live search,LinkedIn,B,Recognized job platform,Platform,63,Medium,,https://www.linkedin.com/jobs/search/?keywords=IT+Director&location=South+Africa&sortBy=DD,"Direct platform search for IT Director in Malawi. Sort by newest on the platform and verify employer, date, location eligibility and application route."
search-008994,Live Search,live_search,IT Director,Indeed,Indeed,Technology Leadership,Technology Leadership,,Africa,South Africa,South Africa,Live Search,,,2026-07-20,Live search,Indeed,B,Recognized job platform,Platform,63,Medium,,https://za.indeed.com/jobs?q=IT+Director&l=South+Africa&sort=date,"Direct platform search for IT Director in South Africa. Sort by newest on the platform and verify employer, date, location eligibility and application route."
search-008997,Live Search,live_search,IT Director,Careerjet,Careerjet,Technology Leadership,Technology Leadership,,Africa,Malawi,Malawi,Live Search,,,2026-07-20,Live search,Careerjet,C,Aggregator,Aggregator,63,Medium,,https://www.careerjet.com/search/jobs?s=IT+Director&l=South+Africa,"Direct platform search for IT Director in Malawi. Sort by newest on the platform and verify employer, date, location eligibility and application route."
search-008998,Live Search,live_search,IT Director,Talent.com,Talent.com,Technology Leadership,Technology Leadership,,Africa,Malawi,Malawi,Live Search,,,2026-07-20,Live search,Talent.com,C,Aggregator,Aggregator,63,Medium,,https://www.talent.com/jobs?k=IT+Director&l=South+Africa,"Direct platform search for IT Director in Malawi. Sort by newest on the platform and verify employer, date, location eligibility and application route."
search-009005,Live Search,live_search,Head of IT,LinkedIn,LinkedIn,Technology Leadership,Technology Leadership,,Africa,Malawi,Malawi,Live Search,,,2026-07-20,Live search,LinkedIn,B,Recognized job platform,Platform,59,Low,,https://www.linkedin.com/jobs/search/?keywords=Head+of+IT&location=South+Africa&sortBy=DD,"Direct platform search for Head of IT in Malawi. Sort by newest on the platform and verify employer, date, location eligibility and application route."
search-009006,Live Search,live_search,Head of IT,Indeed,Indeed,Technology Leadership,Technology Leadership,,Africa,South Africa,South Africa,Live Search,,,2026-07-20,Live search,Indeed,B,Recognized job platform,Platform,59,Low,,https://za.indeed.com/jobs?q=Head+of+IT&l=South+Africa&sort=date,"Direct platform search for Head of IT in South Africa. Sort by newest on the platform and verify employer, date, location eligibility and application route."
search-009009,Live Search,live_search,Head of IT,Careerjet,Careerjet,Technology Leadership,Technology Leadership,,Africa,Malawi,Malawi,Live Search,,,2026-07-20,Live search,Careerjet,C,Aggregator,Aggregator,59,Low,,https://www.careerjet.com/search/jobs?s=Head+of+IT&l=South+Africa,"Direct platform search for Head of IT in Malawi. Sort by newest on the platform and verify employer, date, location eligibility and application route."
search-009010,Live Search,live_search,Head of IT,Talent.com,Talent.com,Technology Leadership,Technology Leadership,,Africa,Malawi,Malawi,Live Search,,,2026-07-20,Live search,Talent.com,C,Aggregator,Aggregator,59,Low,,https://www.talent.com/jobs?k=Head+of+IT&l=South+Africa,"Direct platform search for Head of IT in Malawi. Sort by newest on the platform and verify employer, date, location eligibility and application route."
search-009017,Live Search,live_search,Chief Information Officer,LinkedIn,LinkedIn,Technology Leadership,Technology Leadership,,Africa,Malawi,Malawi,Live Search,,,2026-07-20,Live search,LinkedIn,B,Recognized job platform,Platform,56,Low,,https://www.linkedin.com/jobs/search/?keywords=Chief+Information+Officer&location=South+Africa&sortBy=DD,"Direct platform search for Chief Information Officer in Malawi. Sort by newest on the platform and verify employer, date, location eligibility and application route."
search-009018,Live Search,live_search,Chief Information Officer,Indeed,Indeed,Technology Leadership,Technology Leadership,,Africa,South Africa,South Africa,Live Search,,,2026-07-20,Live search,Indeed,B,Recognized job platform,Platform,56,Low,,https://za.indeed.com/jobs?q=Chief+Information+Officer&l=South+Africa&sort=date,"Direct platform search for Chief Information Officer in South Africa. Sort by newest on the platform and verify employer, date, location eligibility and application route."
search-009021,Live Search,live_search,Chief Information Officer,Careerjet,Careerjet,Technology Leadership,Technology Leadership,,Africa,Malawi,Malawi,Live Search,,,2026-07-20,Live search,Careerjet,C,Aggregator,Aggregator,56,Low,,https://www.careerjet.com/search/jobs?s=Chief+Information+Officer&l=South+Africa,"Direct platform search for Chief Information Officer in Malawi. Sort by newest on the platform and verify employer, date, location eligibility and application route."
search-009022,Live Search,live_search,Chief Information Officer,Talent.com,Talent.com,Technology Leadership,Technology Leadership,,Africa,Malawi,Malawi,Live Search,,,2026-07-20,Live search,Talent.com,C,Aggregator,Aggregator,56,Low,,https://www.talent.com/jobs?k=Chief+Information+Officer&l=South+Africa,"Direct platform search for Chief Information Officer in Malawi. Sort by newest on the platform and verify employer, date, location eligibility and application route."
search-009029,Live Search,live_search,Chief Technology Officer,LinkedIn,LinkedIn,Technology Leadership,Technology Leadership,,Africa,Malawi,Malawi,Live Search,,,2026-07-20,Live search,LinkedIn,B,Recognized job platform,Platform,56,Low,,https://www.linkedin.com/jobs/search/?keywords=Chief+Technology+Officer&location=South+Africa&sortBy=DD,"Direct platform search for Chief Technology Officer in Malawi. Sort by newest on the platform and verify employer, date, location eligibility and application route."
search-009030,Live Search,live_search,Chief Technology Officer,Indeed,Indeed,Technology Leadership,Technology Leadership,,Africa,South Africa,South Africa,Live Search,,,2026-07-20,Live search,Indeed,B,Recognized job platform,Platform,56,Low,,https://za.indeed.com/jobs?q=Chief+Technology+Officer&l=South+Africa&sort=date,"Direct platform search for Chief Technology Officer in South Africa. Sort by newest on the platform and verify employer, date, location eligibility and application route."
search-009033,Live Search,live_search,Chief Technology Officer,Careerjet,Careerjet,Technology Leadership,Technology Leadership,,Africa,Malawi,Malawi,Live Search,,,2026-07-20,Live search,Careerjet,C,Aggregator,Aggregator,56,Low,,https://www.careerjet.com/search/jobs?s=Chief+Technology+Officer&l=South+Africa,"Direct platform search for Chief Technology Officer in Malawi. Sort by newest on the platform and verify employer, date, location eligibility and application route."
search-009034,Live Search,live_search,Chief Technology Officer,Talent.com,Talent.com,Technology Leadership,Technology Leadership,,Africa,Malawi,Malawi,Live Search,,,2026-07-20,Live search,Talent.com,C,Aggregator,Aggregator,56,Low,,https://www.talent.com/jobs?k=Chief+Technology+Officer&l=South+Africa,"Direct platform search for Chief Technology Officer in Malawi. Sort by newest on the platform and verify employer, date, location eligibility and application route."
search-009041,Live Search,live_search,Technology Director,LinkedIn,LinkedIn,Technology Leadership,Technology Leadership,,Africa,Malawi,Malawi,Live Search,,,2026-07-20,Live search,LinkedIn,B,Recognized job platform,Platform,63,Medium,,https://www.linkedin.com/jobs/search/?keywords=Technology+Director&location=South+Africa&sortBy=DD,"Direct platform search for Technology Director in Malawi. Sort by newest on the platform and verify employer, date, location eligibility and application route."
search-009042,Live Search,live_search,Technology Director,Indeed,Indeed,Technology Leadership,Technology Leadership,,Africa,South Africa,South Africa,Live Search,,,2026-07-20,Live search,Indeed,B,Recognized job platform,Platform,63,Medium,,https://za.indeed.com/jobs?q=Technology+Director&l=South+Africa&sort=date,"Direct platform search for Technology Director in South Africa. Sort by newest on the platform and verify employer, date, location eligibility and application route."
search-009045,Live Search,live_search,Technology Director,Careerjet,Careerjet,Technology Leadership,Technology Leadership,,Africa,Malawi,Malawi,Live Search,,,2026-07-20,Live search,Careerjet,C,Aggregator,Aggregator,63,Medium,,https://www.careerjet.com/search/jobs?s=Technology+Director&l=South+Africa,"Direct platform search for Technology Director in Malawi. Sort by newest on the platform and verify employer, date, location eligibility and application route."
search-009046,Live Search,live_search,Technology Director,Talent.com,Talent.com,Technology Leadership,Technology Leadership,,Africa,Malawi,Malawi,Live Search,,,2026-07-20,Live search,Talent.com,C,Aggregator,Aggregator,63,Medium,,https://www.talent.com/jobs?k=Technology+Director&l=South+Africa,"Direct platform search for Technology Director in Malawi. Sort by newest on the platform and verify employer, date, location eligibility and application route."
search-009053,Live Search,live_search,IT Strategy Manager,LinkedIn,LinkedIn,IT Strategy & Governance,IT Strategy & Governance,,Africa,Malawi,Malawi,Live Search,,,2026-07-20,Live search,LinkedIn,B,Recognized job platform,Platform,61,Medium,,https://www.linkedin.com/jobs/search/?keywords=IT+Strategy+Manager&location=South+Africa&sortBy=DD,"Direct platform search for IT Strategy Manager in Malawi. Sort by newest on the platform and verify employer, date, location eligibility and application route."
search-009054,Live Search,live_search,IT Strategy Manager,Indeed,Indeed,IT Strategy & Governance,IT Strategy & Governance,,Africa,South Africa,South Africa,Live Search,,,2026-07-20,Live search,Indeed,B,Recognized job platform,Platform,61,Medium,,https://za.indeed.com/jobs?q=IT+Strategy+Manager&l=South+Africa&sort=date,"Direct platform search for IT Strategy Manager in South Africa. Sort by newest on the platform and verify employer, date, location eligibility and application route."
search-009057,Live Search,live_search,IT Strategy Manager,Careerjet,Careerjet,IT Strategy & Governance,IT Strategy & Governance,,Africa,Malawi,Malawi,Live Search,,,2026-07-20,Live search,Careerjet,C,Aggregator,Aggregator,61,Medium,,https://www.careerjet.com/search/jobs?s=IT+Strategy+Manager&l=South+Africa,"Direct platform search for IT Strategy Manager in Malawi. Sort by newest on the platform and verify employer, date, location eligibility and application route."
search-009058,Live Search,live_search,IT Strategy Manager,Talent.com,Talent.com,IT Strategy & Governance,IT Strategy & Governance,,Africa,Malawi,Malawi,Live Search,,,2026-07-20,Live search,Talent.com,C,Aggregator,Aggregator,61,Medium,,https://www.talent.com/jobs?k=IT+Strategy+Manager&l=South+Africa,"Direct platform search for IT Strategy Manager in Malawi. Sort by newest on the platform and verify employer, date, location eligibility and application route."
search-009065,Live Search,live_search,IT Governance Manager,LinkedIn,LinkedIn,IT Strategy & Governance,IT Strategy & Governance,,Africa,Malawi,Malawi,Live Search,,,2026-07-20,Live search,LinkedIn,B,Recognized job platform,Platform,61,Medium,,https://www.linkedin.com/jobs/search/?keywords=IT+Governance+Manager&location=South+Africa&sortBy=DD,"Direct platform search for IT Governance Manager in Malawi. Sort by newest on the platform and verify employer, date, location eligibility and application route."
search-009066,Live Search,live_search,IT Governance Manager,Indeed,Indeed,IT Strategy & Governance,IT Strategy & Governance,,Africa,South Africa,South Africa,Live Search,,,2026-07-20,Live search,Indeed,B,Recognized job platform,Platform,61,Medium,,https://za.indeed.com/jobs?q=IT+Governance+Manager&l=South+Africa&sort=date,"Direct platform search for IT Governance Manager in South Africa. Sort by newest on the platform and verify employer, date, location eligibility and application route."
search-009069,Live Search,live_search,IT Governance Manager,Careerjet,Careerjet,IT Strategy & Governance,IT Strategy & Governance,,Africa,Malawi,Malawi,Live Search,,,2026-07-20,Live search,Careerjet,C,Aggregator,Aggregator,61,Medium,,https://www.careerjet.com/search/jobs?s=IT+Governance+Manager&l=South+Africa,"Direct platform search for IT Governance Manager in Malawi. Sort by newest on the platform and verify employer, date, location eligibility and application route."
search-009070,Live Search,live_search,IT Governance Manager,Talent.com,Talent.com,IT Strategy & Governance,IT Strategy & Governance,,Africa,Malawi,Malawi,Live Search,,,2026-07-20,Live search,Talent.com,C,Aggregator,Aggregator,61,Medium,,https://www.talent.com/jobs?k=IT+Governance+Manager&l=South+Africa,"Direct platform search for IT Governance Manager in Malawi. Sort by newest on the platform and verify employer, date, location eligibility and application route."
search-009077,Live Search,live_search,Enterprise Applications Manager,LinkedIn,LinkedIn,Enterprise Applications,Enterprise Applications,,Africa,Malawi,Malawi,Live Search,,,2026-07-20,Live search,LinkedIn,B,Recognized job platform,Platform,59,Low,,https://www.linkedin.com/jobs/search/?keywords=Enterprise+Applications+Manager&location=South+Africa&sortBy=DD,"Direct platform search for Enterprise Applications Manager in Malawi. Sort by newest on the platform and verify employer, date, location eligibility and application route."
search-009078,Live Search,live_search,Enterprise Applications Manager,Indeed,Indeed,Enterprise Applications,Enterprise Applications,,Africa,South Africa,South Africa,Live Search,,,2026-07-20,Live search,Indeed,B,Recognized job platform,Platform,59,Low,,https://za.indeed.com/jobs?q=Enterprise+Applications+Manager&l=South+Africa&sort=date,"Direct platform search for Enterprise Applications Manager in South Africa. Sort by newest on the platform and verify employer, date, location eligibility and application route."
search-009081,Live Search,live_search,Enterprise Applications Manager,Careerjet,Careerjet,Enterprise Applications,Enterprise Applications,,Africa,Malawi,Malawi,Live Search,,,2026-07-20,Live search,Careerjet,C,Aggregator,Aggregator,59,Low,,https://www.careerjet.com/search/jobs?s=Enterprise+Applications+Manager&l=South+Africa,"Direct platform search for Enterprise Applications Manager in Malawi. Sort by newest on the platform and verify employer, date, location eligibility and application route."
search-009082,Live Search,live_search,Enterprise Applications Manager,Talent.com,Talent.com,Enterprise Applications,Enterprise Applications,,Africa,Malawi,Malawi,Live Search,,,2026-07-20,Live search,Talent.com,C,Aggregator,Aggregator,59,Low,,https://www.talent.com/jobs?k=Enterprise+Applications+Manager&l=South+Africa,"Direct platform search for Enterprise Applications Manager in Malawi. Sort by newest on the platform and verify employer, date, location eligibility and application route."
search-009089,Live Search,live_search,ERP Program Manager,LinkedIn,LinkedIn,Programme & Delivery,Programme & Delivery,,Africa,Malawi,Malawi,Live Search,,,2026-07-20,Live search,LinkedIn,B,Recognized job platform,Platform,61,Medium,,https://www.linkedin.com/jobs/search/?keywords=ERP+Program+Manager&location=South+Africa&sortBy=DD,"Direct platform search for ERP Program Manager in Malawi. Sort by newest on the platform and verify employer, date, location eligibility and application route."
search-009090,Live Search,live_search,ERP Program Manager,Indeed,Indeed,Programme & Delivery,Programme & Delivery,,Africa,South Africa,South Africa,Live Search,,,2026-07-20,Live search,Indeed,B,Recognized job platform,Platform,61,Medium,,https://za.indeed.com/jobs?q=ERP+Program+Manager&l=South+Africa&sort=date,"Direct platform search for ERP Program Manager in South Africa. Sort by newest on the platform and verify employer, date, location eligibility and application route."
search-009093,Live Search,live_search,ERP Program Manager,Careerjet,Careerjet,Programme & Delivery,Programme & Delivery,,Africa,Malawi,Malawi,Live Search,,,2026-07-20,Live search,Careerjet,C,Aggregator,Aggregator,61,Medium,,https://www.careerjet.com/search/jobs?s=ERP+Program+Manager&l=South+Africa,"Direct platform search for ERP Program Manager in Malawi. Sort by newest on the platform and verify employer, date, location eligibility and application route."
search-009094,Live Search,live_search,ERP Program Manager,Talent.com,Talent.com,Programme & Delivery,Programme & Delivery,,Africa,Malawi,Malawi,Live Search,,,2026-07-20,Live search,Talent.com,C,Aggregator,Aggregator,61,Medium,,https://www.talent.com/jobs?k=ERP+Program+Manager&l=South+Africa,"Direct platform search for ERP Program Manager in Malawi. Sort by newest on the platform and verify employer, date, location eligibility and application route."
search-009101,Live Search,live_search,SAP Program Manager,LinkedIn,LinkedIn,Programme & Delivery,Programme & Delivery,,Africa,Malawi,Malawi,Live Search,,,2026-07-20,Live search,LinkedIn,B,Recognized job platform,Platform,59,Low,,https://www.linkedin.com/jobs/search/?keywords=SAP+Program+Manager&location=South+Africa&sortBy=DD,"Direct platform search for SAP Program Manager in Malawi. Sort by newest on the platform and verify employer, date, location eligibility and application route."
search-009102,Live Search,live_search,SAP Program Manager,Indeed,Indeed,Programme & Delivery,Programme & Delivery,,Africa,South Africa,South Africa,Live Search,,,2026-07-20,Live search,Indeed,B,Recognized job platform,Platform,59,Low,,https://za.indeed.com/jobs?q=SAP+Program+Manager&l=South+Africa&sort=date,"Direct platform search for SAP Program Manager in South Africa. Sort by newest on the platform and verify employer, date, location eligibility and application route."
search-009105,Live Search,live_search,SAP Program Manager,Careerjet,Careerjet,Programme & Delivery,Programme & Delivery,,Africa,Malawi,Malawi,Live Search,,,2026-07-20,Live search,Careerjet,C,Aggregator,Aggregator,59,Low,,https://www.careerjet.com/search/jobs?s=SAP+Program+Manager&l=South+Africa,"Direct platform search for SAP Program Manager in Malawi. Sort by newest on the platform and verify employer, date, location eligibility and application route."
search-009106,Live Search,live_search,SAP Program Manager,Talent.com,Talent.com,Programme & Delivery,Programme & Delivery,,Africa,Malawi,Malawi,Live Search,,,2026-07-20,Live search,Talent.com,C,Aggregator,Aggregator,59,Low,,https://www.talent.com/jobs?k=SAP+Program+Manager&l=South+Africa,"Direct platform search for SAP Program Manager in Malawi. Sort by newest on the platform and verify employer, date, location eligibility and application route."
search-009113,Live Search,live_search,Healthcare IT Manager,LinkedIn,LinkedIn,Healthcare IT & Digital Health,Healthcare IT & Digital Health,,Africa,Malawi,Malawi,Live Search,,,2026-07-20,Live search,LinkedIn,B,Recognized job platform,Platform,64,Medium,,https://www.linkedin.com/jobs/search/?keywords=Healthcare+IT+Manager&location=South+Africa&sortBy=DD,"Direct platform search for Healthcare IT Manager in Malawi. Sort by newest on the platform and verify employer, date, location eligibility and application route."
search-009114,Live Search,live_search,Healthcare IT Manager,Indeed,Indeed,Healthcare IT & Digital Health,Healthcare IT & Digital Health,,Africa,South Africa,South Africa,Live Search,,,2026-07-20,Live search,Indeed,B,Recognized job platform,Platform,64,Medium,,https://za.indeed.com/jobs?q=Healthcare+IT+Manager&l=South+Africa&sort=date,"Direct platform search for Healthcare IT Manager in South Africa. Sort by newest on the platform and verify employer, date, location eligibility and application route."
search-009117,Live Search,live_search,Healthcare IT Manager,Careerjet,Careerjet,Healthcare IT & Digital Health,Healthcare IT & Digital Health,,Africa,Malawi,Malawi,Live Search,,,2026-07-20,Live search,Careerjet,C,Aggregator,Aggregator,64,Medium,,https://www.careerjet.com/search/jobs?s=Healthcare+IT+Manager&l=South+Africa,"Direct platform search for Healthcare IT Manager in Malawi. Sort by newest on the platform and verify employer, date, location eligibility and application route."
search-009118,Live Search,live_search,Healthcare IT Manager,Talent.com,Talent.com,Healthcare IT & Digital Health,Healthcare IT & Digital Health,,Africa,Malawi,Malawi,Live Search,,,2026-07-20,Live search,Talent.com,C,Aggregator,Aggregator,64,Medium,,https://www.talent.com/jobs?k=Healthcare+IT+Manager&l=South+Africa,"Direct platform search for Healthcare IT Manager in Malawi. Sort by newest on the platform and verify employer, date, location eligibility and application route."
search-009125,Live Search,live_search,Health Informatics Director,LinkedIn,LinkedIn,Healthcare IT & Digital Health,Healthcare IT & Digital Health,,Africa,Malawi,Malawi,Live Search,,,2026-07-20,Live search,LinkedIn,B,Recognized job platform,Platform,68,Medium,,https://www.linkedin.com/jobs/search/?keywords=Health+Informatics+Director&location=South+Africa&sortBy=DD,"Direct platform search for Health Informatics Director in Malawi. Sort by newest on the platform and verify employer, date, location eligibility and application route."
search-009126,Live Search,live_search,Health Informatics Director,Indeed,Indeed,Healthcare IT & Digital Health,Healthcare IT & Digital Health,,Africa,South Africa,South Africa,Live Search,,,2026-07-20,Live search,Indeed,B,Recognized job platform,Platform,68,Medium,,https://za.indeed.com/jobs?q=Health+Informatics+Director&l=South+Africa&sort=date,"Direct platform search for Health Informatics Director in South Africa. Sort by newest on the platform and verify employer, date, location eligibility and application route."
search-009129,Live Search,live_search,Health Informatics Director,Careerjet,Careerjet,Healthcare IT & Digital Health,Healthcare IT & Digital Health,,Africa,Malawi,Malawi,Live Search,,,2026-07-20,Live search,Careerjet,C,Aggregator,Aggregator,68,Medium,,https://www.careerjet.com/search/jobs?s=Health+Informatics+Director&l=South+Africa,"Direct platform search for Health Informatics Director in Malawi. Sort by newest on the platform and verify employer, date, location eligibility and application route."
search-009130,Live Search,live_search,Health Informatics Director,Talent.com,Talent.com,Healthcare IT & Digital Health,Healthcare IT & Digital Health,,Africa,Malawi,Malawi,Live Search,,,2026-07-20,Live search,Talent.com,C,Aggregator,Aggregator,68,Medium,,https://www.talent.com/jobs?k=Health+Informatics+Director&l=South+Africa,"Direct platform search for Health Informatics Director in Malawi. Sort by newest on the platform and verify employer, date, location eligibility and application route."
search-009137,Live Search,live_search,Digital Health Director,LinkedIn,LinkedIn,Healthcare IT & Digital Health,Healthcare IT & Digital Health,,Africa,Malawi,Malawi,Live Search,,,2026-07-20,Live search,LinkedIn,B,Recognized job platform,Platform,68,Medium,,https://www.linkedin.com/jobs/search/?keywords=Digital+Health+Director&location=South+Africa&sortBy=DD,"Direct platform search for Digital Health Director in Malawi. Sort by newest on the platform and verify employer, date, location eligibility and application route."
search-009138,Live Search,live_search,Digital Health Director,Indeed,Indeed,Healthcare IT & Digital Health,Healthcare IT & Digital Health,,Africa,South Africa,South Africa,Live Search,,,2026-07-20,Live search,Indeed,B,Recognized job platform,Platform,68,Medium,,https://za.indeed.com/jobs?q=Digital+Health+Director&l=South+Africa&sort=date,"Direct platform search for Digital Health Director in South Africa. Sort by newest on the platform and verify employer, date, location eligibility and application route."
search-009141,Live Search,live_search,Digital Health Director,Careerjet,Careerjet,Healthcare IT & Digital Health,Healthcare IT & Digital Health,,Africa,Malawi,Malawi,Live Search,,,2026-07-20,Live search,Careerjet,C,Aggregator,Aggregator,68,Medium,,https://www.careerjet.com/search/jobs?s=Digital+Health+Director&l=South+Africa,"Direct platform search for Digital Health Director in Malawi. Sort by newest on the platform and verify employer, date, location eligibility and application route."
search-009142,Live Search,live_search,Digital Health Director,Talent.com,Talent.com,Healthcare IT & Digital Health,Healthcare IT & Digital Health,,Africa,Malawi,Malawi,Live Search,,,2026-07-20,Live search,Talent.com,C,Aggregator,Aggregator,68,Medium,,https://www.talent.com/jobs?k=Digital+Health+Director&l=South+Africa,"Direct platform search for Digital Health Director in Malawi. Sort by newest on the platform and verify employer, date, location eligibility and application route."
search-009149,Live Search,live_search,Data Governance Manager,LinkedIn,LinkedIn,Data & Governance,Data & Governance,,Africa,Malawi,Malawi,Live Search,,,2026-07-20,Live search,LinkedIn,B,Recognized job platform,Platform,63,Medium,,https://www.linkedin.com/jobs/search/?keywords=Data+Governance+Manager&location=South+Africa&sortBy=DD,"Direct platform search for Data Governance Manager in Malawi. Sort by newest on the platform and verify employer, date, location eligibility and application route."
search-009150,Live Search,live_search,Data Governance Manager,Indeed,Indeed,Data & Governance,Data & Governance,,Africa,South Africa,South Africa,Live Search,,,2026-07-20,Live search,Indeed,B,Recognized job platform,Platform,63,Medium,,https://za.indeed.com/jobs?q=Data+Governance+Manager&l=South+Africa&sort=date,"Direct platform search for Data Governance Manager in South Africa. Sort by newest on the platform and verify employer, date, location eligibility and application route."
search-009153,Live Search,live_search,Data Governance Manager,Careerjet,Careerjet,Data & Governance,Data & Governance,,Africa,Malawi,Malawi,Live Search,,,2026-07-20,Live search,Careerjet,C,Aggregator,Aggregator,63,Medium,,https://www.careerjet.com/search/jobs?s=Data+Governance+Manager&l=South+Africa,"Direct platform search for Data Governance Manager in Malawi. Sort by newest on the platform and verify employer, date, location eligibility and application route."
search-009154,Live Search,live_search,Data Governance Manager,Talent.com,Talent.com,Data & Governance,Data & Governance,,Africa,Malawi,Malawi,Live Search,,,2026-07-20,Live search,Talent.com,C,Aggregator,Aggregator,63,Medium,,https://www.talent.com/jobs?k=Data+Governance+Manager&l=South+Africa,"Direct platform search for Data Governance Manager in Malawi. Sort by newest on the platform and verify employer, date, location eligibility and application route."
search-009161,Live Search,live_search,Data Platform Manager,LinkedIn,LinkedIn,Data & Governance,Data & Governance,,Africa,Malawi,Malawi,Live Search,,,2026-07-20,Live search,LinkedIn,B,Recognized job platform,Platform,59,Low,,https://www.linkedin.com/jobs/search/?keywords=Data+Platform+Manager&location=South+Africa&sortBy=DD,"Direct platform search for Data Platform Manager in Malawi. Sort by newest on the platform and verify employer, date, location eligibility and application route."
search-009162,Live Search,live_search,Data Platform Manager,Indeed,Indeed,Data & Governance,Data & Governance,,Africa,South Africa,South Africa,Live Search,,,2026-07-20,Live search,Indeed,B,Recognized job platform,Platform,59,Low,,https://za.indeed.com/jobs?q=Data+Platform+Manager&l=South+Africa&sort=date,"Direct platform search for Data Platform Manager in South Africa. Sort by newest on the platform and verify employer, date, location eligibility and application route."
search-009165,Live Search,live_search,Data Platform Manager,Careerjet,Careerjet,Data & Governance,Data & Governance,,Africa,Malawi,Malawi,Live Search,,,2026-07-20,Live search,Careerjet,C,Aggregator,Aggregator,59,Low,,https://www.careerjet.com/search/jobs?s=Data+Platform+Manager&l=South+Africa,"Direct platform search for Data Platform Manager in Malawi. Sort by newest on the platform and verify employer, date, location eligibility and application route."
search-009166,Live Search,live_search,Data Platform Manager,Talent.com,Talent.com,Data & Governance,Data & Governance,,Africa,Malawi,Malawi,Live Search,,,2026-07-20,Live search,Talent.com,C,Aggregator,Aggregator,59,Low,,https://www.talent.com/jobs?k=Data+Platform+Manager&l=South+Africa,"Direct platform search for Data Platform Manager in Malawi. Sort by newest on the platform and verify employer, date, location eligibility and application route."
search-009173,Live Search,live_search,Business Intelligence Director,LinkedIn,LinkedIn,Data & Governance,Data & Governance,,Africa,Malawi,Malawi,Live Search,,,2026-07-20,Live search,LinkedIn,B,Recognized job platform,Platform,63,Medium,,https://www.linkedin.com/jobs/search/?keywords=Business+Intelligence+Director&location=South+Africa&sortBy=DD,"Direct platform search for Business Intelligence Director in Malawi. Sort by newest on the platform and verify employer, date, location eligibility and application route."
search-009174,Live Search,live_search,Business Intelligence Director,Indeed,Indeed,Data & Governance,Data & Governance,,Africa,South Africa,South Africa,Live Search,,,2026-07-20,Live search,Indeed,B,Recognized job platform,Platform,63,Medium,,https://za.indeed.com/jobs?q=Business+Intelligence+Director&l=South+Africa&sort=date,"Direct platform search for Business Intelligence Director in South Africa. Sort by newest on the platform and verify employer, date, location eligibility and application route."
search-009177,Live Search,live_search,Business Intelligence Director,Careerjet,Careerjet,Data & Governance,Data & Governance,,Africa,Malawi,Malawi,Live Search,,,2026-07-20,Live search,Careerjet,C,Aggregator,Aggregator,63,Medium,,https://www.careerjet.com/search/jobs?s=Business+Intelligence+Director&l=South+Africa,"Direct platform search for Business Intelligence Director in Malawi. Sort by newest on the platform and verify employer, date, location eligibility and application route."
search-009178,Live Search,live_search,Business Intelligence Director,Talent.com,Talent.com,Data & Governance,Data & Governance,,Africa,Malawi,Malawi,Live Search,,,2026-07-20,Live search,Talent.com,C,Aggregator,Aggregator,63,Medium,,https://www.talent.com/jobs?k=Business+Intelligence+Director&l=South+Africa,"Direct platform search for Business Intelligence Director in Malawi. Sort by newest on the platform and verify employer, date, location eligibility and application route."
search-009185,Live Search,live_search,Analytics Director,LinkedIn,LinkedIn,Data & Governance,Data & Governance,,Africa,Malawi,Malawi,Live Search,,,2026-07-20,Live search,LinkedIn,B,Recognized job platform,Platform,65,Medium,,https://www.linkedin.com/jobs/search/?keywords=Analytics+Director&location=South+Africa&sortBy=DD,"Direct platform search for Analytics Director in Malawi. Sort by newest on the platform and verify employer, date, location eligibility and application route."
search-009186,Live Search,live_search,Analytics Director,Indeed,Indeed,Data & Governance,Data & Governance,,Africa,South Africa,South Africa,Live Search,,,2026-07-20,Live search,Indeed,B,Recognized job platform,Platform,65,Medium,,https://za.indeed.com/jobs?q=Analytics+Director&l=South+Africa&sort=date,"Direct platform search for Analytics Director in South Africa. Sort by newest on the platform and verify employer, date, location eligibility and application route."
search-009189,Live Search,live_search,Analytics Director,Careerjet,Careerjet,Data & Governance,Data & Governance,,Africa,Malawi,Malawi,Live Search,,,2026-07-20,Live search,Careerjet,C,Aggregator,Aggregator,65,Medium,,https://www.careerjet.com/search/jobs?s=Analytics+Director&l=South+Africa,"Direct platform search for Analytics Director in Malawi. Sort by newest on the platform and verify employer, date, location eligibility and application route."
search-009190,Live Search,live_search,Analytics Director,Talent.com,Talent.com,Data & Governance,Data & Governance,,Africa,Malawi,Malawi,Live Search,,,2026-07-20,Live search,Talent.com,C,Aggregator,Aggregator,65,Medium,,https://www.talent.com/jobs?k=Analytics+Director&l=South+Africa,"Direct platform search for Analytics Director in Malawi. Sort by newest on the platform and verify employer, date, location eligibility and application route."
search-009197,Live Search,live_search,AI Strategy Manager,LinkedIn,LinkedIn,IT Strategy & Governance,IT Strategy & Governance,,Africa,Malawi,Malawi,Live Search,,,2026-07-20,Live search,LinkedIn,B,Recognized job platform,Platform,61,Medium,,https://www.linkedin.com/jobs/search/?keywords=AI+Strategy+Manager&location=South+Africa&sortBy=DD,"Direct platform search for AI Strategy Manager in Malawi. Sort by newest on the platform and verify employer, date, location eligibility and application route."
search-009198,Live Search,live_search,AI Strategy Manager,Indeed,Indeed,IT Strategy & Governance,IT Strategy & Governance,,Africa,South Africa,South Africa,Live Search,,,2026-07-20,Live search,Indeed,B,Recognized job platform,Platform,61,Medium,,https://za.indeed.com/jobs?q=AI+Strategy+Manager&l=South+Africa&sort=date,"Direct platform search for AI Strategy Manager in South Africa. Sort by newest on the platform and verify employer, date, location eligibility and application route."
search-009201,Live Search,live_search,AI Strategy Manager,Careerjet,Careerjet,IT Strategy & Governance,IT Strategy & Governance,,Africa,Malawi,Malawi,Live Search,,,2026-07-20,Live search,Careerjet,C,Aggregator,Aggregator,61,Medium,,https://www.careerjet.com/search/jobs?s=AI+Strategy+Manager&l=South+Africa,"Direct platform search for AI Strategy Manager in Malawi. Sort by newest on the platform and verify employer, date, location eligibility and application route."
search-009202,Live Search,live_search,AI Strategy Manager,Talent.com,Talent.com,IT Strategy & Governance,IT Strategy & Governance,,Africa,Malawi,Malawi,Live Search,,,2026-07-20,Live search,Talent.com,C,Aggregator,Aggregator,61,Medium,,https://www.talent.com/jobs?k=AI+Strategy+Manager&l=South+Africa,"Direct platform search for AI Strategy Manager in Malawi. Sort by newest on the platform and verify employer, date, location eligibility and application route."
search-009209,Live Search,live_search,AI Solutions Architect,LinkedIn,LinkedIn,Solution Architecture,Solution Architecture,,Africa,Malawi,Malawi,Live Search,,,2026-07-20,Live search,LinkedIn,B,Recognized job platform,Platform,61,Medium,,https://www.linkedin.com/jobs/search/?keywords=AI+Solutions+Architect&location=South+Africa&sortBy=DD,"Direct platform search for AI Solutions Architect in Malawi. Sort by newest on the platform and verify employer, date, location eligibility and application route."
search-009210,Live Search,live_search,AI Solutions Architect,Indeed,Indeed,Solution Architecture,Solution Architecture,,Africa,South Africa,South Africa,Live Search,,,2026-07-20,Live search,Indeed,B,Recognized job platform,Platform,61,Medium,,https://za.indeed.com/jobs?q=AI+Solutions+Architect&l=South+Africa&sort=date,"Direct platform search for AI Solutions Architect in South Africa. Sort by newest on the platform and verify employer, date, location eligibility and application route."
search-009213,Live Search,live_search,AI Solutions Architect,Careerjet,Careerjet,Solution Architecture,Solution Architecture,,Africa,Malawi,Malawi,Live Search,,,2026-07-20,Live search,Careerjet,C,Aggregator,Aggregator,61,Medium,,https://www.careerjet.com/search/jobs?s=AI+Solutions+Architect&l=South+Africa,"Direct platform search for AI Solutions Architect in Malawi. Sort by newest on the platform and verify employer, date, location eligibility and application route."
search-009214,Live Search,live_search,AI Solutions Architect,Talent.com,Talent.com,Solution Architecture,Solution Architecture,,Africa,Malawi,Malawi,Live Search,,,2026-07-20,Live search,Talent.com,C,Aggregator,Aggregator,61,Medium,,https://www.talent.com/jobs?k=AI+Solutions+Architect&l=South+Africa,"Direct platform search for AI Solutions Architect in Malawi. Sort by newest on the platform and verify employer, date, location eligibility and application route."
search-009221,Live Search,live_search,Technical Program Manager,LinkedIn,LinkedIn,Programme & Delivery,Programme & Delivery,,Africa,Malawi,Malawi,Live Search,,,2026-07-20,Live search,LinkedIn,B,Recognized job platform,Platform,63,Medium,,https://www.linkedin.com/jobs/search/?keywords=Technical+Program+Manager&location=South+Africa&sortBy=DD,"Direct platform search for Technical Program Manager in Malawi. Sort by newest on the platform and verify employer, date, location eligibility and application route."
search-009222,Live Search,live_search,Technical Program Manager,Indeed,Indeed,Programme & Delivery,Programme & Delivery,,Africa,South Africa,South Africa,Live Search,,,2026-07-20,Live search,Indeed,B,Recognized job platform,Platform,63,Medium,,https://za.indeed.com/jobs?q=Technical+Program+Manager&l=South+Africa&sort=date,"Direct platform search for Technical Program Manager in South Africa. Sort by newest on the platform and verify employer, date, location eligibility and application route."
search-009225,Live Search,live_search,Technical Program Manager,Careerjet,Careerjet,Programme & Delivery,Programme & Delivery,,Africa,Malawi,Malawi,Live Search,,,2026-07-20,Live search,Careerjet,C,Aggregator,Aggregator,63,Medium,,https://www.careerjet.com/search/jobs?s=Technical+Program+Manager&l=South+Africa,"Direct platform search for Technical Program Manager in Malawi. Sort by newest on the platform and verify employer, date, location eligibility and application route."
search-009226,Live Search,live_search,Technical Program Manager,Talent.com,Talent.com,Programme & Delivery,Programme & Delivery,,Africa,Malawi,Malawi,Live Search,,,2026-07-20,Live search,Talent.com,C,Aggregator,Aggregator,63,Medium,,https://www.talent.com/jobs?k=Technical+Program+Manager&l=South+Africa,"Direct platform search for Technical Program Manager in Malawi. Sort by newest on the platform and verify employer, date, location eligibility and application route."
search-009233,Live Search,live_search,IT Program Manager,LinkedIn,LinkedIn,Programme & Delivery,Programme & Delivery,,Africa,Malawi,Malawi,Live Search,,,2026-07-20,Live search,LinkedIn,B,Recognized job platform,Platform,59,Low,,https://www.linkedin.com/jobs/search/?keywords=IT+Program+Manager&location=South+Africa&sortBy=DD,"Direct platform search for IT Program Manager in Malawi. Sort by newest on the platform and verify employer, date, location eligibility and application route."
search-009234,Live Search,live_search,IT Program Manager,Indeed,Indeed,Programme & Delivery,Programme & Delivery,,Africa,South Africa,South Africa,Live Search,,,2026-07-20,Live search,Indeed,B,Recognized job platform,Platform,59,Low,,https://za.indeed.com/jobs?q=IT+Program+Manager&l=South+Africa&sort=date,"Direct platform search for IT Program Manager in South Africa. Sort by newest on the platform and verify employer, date, location eligibility and application route."
search-009237,Live Search,live_search,IT Program Manager,Careerjet,Careerjet,Programme & Delivery,Programme & Delivery,,Africa,Malawi,Malawi,Live Search,,,2026-07-20,Live search,Careerjet,C,Aggregator,Aggregator,59,Low,,https://www.careerjet.com/search/jobs?s=IT+Program+Manager&l=South+Africa,"Direct platform search for IT Program Manager in Malawi. Sort by newest on the platform and verify employer, date, location eligibility and application route."
search-009238,Live Search,live_search,IT Program Manager,Talent.com,Talent.com,Programme & Delivery,Programme & Delivery,,Africa,Malawi,Malawi,Live Search,,,2026-07-20,Live search,Talent.com,C,Aggregator,Aggregator,59,Low,,https://www.talent.com/jobs?k=IT+Program+Manager&l=South+Africa,"Direct platform search for IT Program Manager in Malawi. Sort by newest on the platform and verify employer, date, location eligibility and application route."
search-009245,Live Search,live_search,PMO Director,LinkedIn,LinkedIn,Technology Leadership,Technology Leadership,,Africa,Malawi,Malawi,Live Search,,,2026-07-20,Live search,LinkedIn,B,Recognized job platform,Platform,59,Low,,https://www.linkedin.com/jobs/search/?keywords=PMO+Director&location=South+Africa&sortBy=DD,"Direct platform search for PMO Director in Malawi. Sort by newest on the platform and verify employer, date, location eligibility and application route."
search-009246,Live Search,live_search,PMO Director,Indeed,Indeed,Technology Leadership,Technology Leadership,,Africa,South Africa,South Africa,Live Search,,,2026-07-20,Live search,Indeed,B,Recognized job platform,Platform,59,Low,,https://za.indeed.com/jobs?q=PMO+Director&l=South+Africa&sort=date,"Direct platform search for PMO Director in South Africa. Sort by newest on the platform and verify employer, date, location eligibility and application route."
search-009249,Live Search,live_search,PMO Director,Careerjet,Careerjet,Technology Leadership,Technology Leadership,,Africa,Malawi,Malawi,Live Search,,,2026-07-20,Live search,Careerjet,C,Aggregator,Aggregator,59,Low,,https://www.careerjet.com/search/jobs?s=PMO+Director&l=South+Africa,"Direct platform search for PMO Director in Malawi. Sort by newest on the platform and verify employer, date, location eligibility and application route."
search-009250,Live Search,live_search,PMO Director,Talent.com,Talent.com,Technology Leadership,Technology Leadership,,Africa,Malawi,Malawi,Live Search,,,2026-07-20,Live search,Talent.com,C,Aggregator,Aggregator,59,Low,,https://www.talent.com/jobs?k=PMO+Director&l=South+Africa,"Direct platform search for PMO Director in Malawi. Sort by newest on the platform and verify employer, date, location eligibility and application route."
search-009257,Live Search,live_search,Technology Delivery Manager,LinkedIn,LinkedIn,Programme & Delivery,Programme & Delivery,,Africa,Malawi,Malawi,Live Search,,,2026-07-20,Live search,LinkedIn,B,Recognized job platform,Platform,59,Low,,https://www.linkedin.com/jobs/search/?keywords=Technology+Delivery+Manager&location=South+Africa&sortBy=DD,"Direct platform search for Technology Delivery Manager in Malawi. Sort by newest on the platform and verify employer, date, location eligibility and application route."
search-009258,Live Search,live_search,Technology Delivery Manager,Indeed,Indeed,Programme & Delivery,Programme & Delivery,,Africa,South Africa,South Africa,Live Search,,,2026-07-20,Live search,Indeed,B,Recognized job platform,Platform,59,Low,,https://za.indeed.com/jobs?q=Technology+Delivery+Manager&l=South+Africa&sort=date,"Direct platform search for Technology Delivery Manager in South Africa. Sort by newest on the platform and verify employer, date, location eligibility and application route."
search-009261,Live Search,live_search,Technology Delivery Manager,Careerjet,Careerjet,Programme & Delivery,Programme & Delivery,,Africa,Malawi,Malawi,Live Search,,,2026-07-20,Live search,Careerjet,C,Aggregator,Aggregator,59,Low,,https://www.careerjet.com/search/jobs?s=Technology+Delivery+Manager&l=South+Africa,"Direct platform search for Technology Delivery Manager in Malawi. Sort by newest on the platform and verify employer, date, location eligibility and application route."
search-009262,Live Search,live_search,Technology Delivery Manager,Talent.com,Talent.com,Programme & Delivery,Programme & Delivery,,Africa,Malawi,Malawi,Live Search,,,2026-07-20,Live search,Talent.com,C,Aggregator,Aggregator,59,Low,,https://www.talent.com/jobs?k=Technology+Delivery+Manager&l=South+Africa,"Direct platform search for Technology Delivery Manager in Malawi. Sort by newest on the platform and verify employer, date, location eligibility and application route."
search-009269,Live Search,live_search,Systems Manager,LinkedIn,LinkedIn,IT Operations,IT Operations,,Africa,Malawi,Malawi,Live Search,,,2026-07-20,Live search,LinkedIn,B,Recognized job platform,Platform,59,Low,,https://www.linkedin.com/jobs/search/?keywords=Systems+Manager&location=South+Africa&sortBy=DD,"Direct platform search for Systems Manager in Malawi. Sort by newest on the platform and verify employer, date, location eligibility and application route."
search-009270,Live Search,live_search,Systems Manager,Indeed,Indeed,IT Operations,IT Operations,,Africa,South Africa,South Africa,Live Search,,,2026-07-20,Live search,Indeed,B,Recognized job platform,Platform,59,Low,,https://za.indeed.com/jobs?q=Systems+Manager&l=South+Africa&sort=date,"Direct platform search for Systems Manager in South Africa. Sort by newest on the platform and verify employer, date, location eligibility and application route."
search-009273,Live Search,live_search,Systems Manager,Careerjet,Careerjet,IT Operations,IT Operations,,Africa,Malawi,Malawi,Live Search,,,2026-07-20,Live search,Careerjet,C,Aggregator,Aggregator,59,Low,,https://www.careerjet.com/search/jobs?s=Systems+Manager&l=South+Africa,"Direct platform search for Systems Manager in Malawi. Sort by newest on the platform and verify employer, date, location eligibility and application route."
search-009274,Live Search,live_search,Systems Manager,Talent.com,Talent.com,IT Operations,IT Operations,,Africa,Malawi,Malawi,Live Search,,,2026-07-20,Live search,Talent.com,C,Aggregator,Aggregator,59,Low,,https://www.talent.com/jobs?k=Systems+Manager&l=South+Africa,"Direct platform search for Systems Manager in Malawi. Sort by newest on the platform and verify employer, date, location eligibility and application route."
search-009281,Live Search,live_search,Infrastructure Manager,LinkedIn,LinkedIn,Technology & Digital,Technology & Digital,,Africa,Malawi,Malawi,Live Search,,,2026-07-20,Live search,LinkedIn,B,Recognized job platform,Platform,56,Low,,https://www.linkedin.com/jobs/search/?keywords=Infrastructure+Manager&location=South+Africa&sortBy=DD,"Direct platform search for Infrastructure Manager in Malawi. Sort by newest on the platform and verify employer, date, location eligibility and application route."
search-009282,Live Search,live_search,Infrastructure Manager,Indeed,Indeed,Technology & Digital,Technology & Digital,,Africa,South Africa,South Africa,Live Search,,,2026-07-20,Live search,Indeed,B,Recognized job platform,Platform,56,Low,,https://za.indeed.com/jobs?q=Infrastructure+Manager&l=South+Africa&sort=date,"Direct platform search for Infrastructure Manager in South Africa. Sort by newest on the platform and verify employer, date, location eligibility and application route."
search-009285,Live Search,live_search,Infrastructure Manager,Careerjet,Careerjet,Technology & Digital,Technology & Digital,,Africa,Malawi,Malawi,Live Search,,,2026-07-20,Live search,Careerjet,C,Aggregator,Aggregator,56,Low,,https://www.careerjet.com/search/jobs?s=Infrastructure+Manager&l=South+Africa,"Direct platform search for Infrastructure Manager in Malawi. Sort by newest on the platform and verify employer, date, location eligibility and application route."
search-009286,Live Search,live_search,Infrastructure Manager,Talent.com,Talent.com,Technology & Digital,Technology & Digital,,Africa,Malawi,Malawi,Live Search,,,2026-07-20,Live search,Talent.com,C,Aggregator,Aggregator,56,Low,,https://www.talent.com/jobs?k=Infrastructure+Manager&l=South+Africa,"Direct platform search for Infrastructure Manager in Malawi. Sort by newest on the platform and verify employer, date, location eligibility and application route."
search-009293,Live Search,live_search,IT Operations Manager,LinkedIn,LinkedIn,IT Operations,IT Operations,,Africa,Malawi,Malawi,Live Search,,,2026-07-20,Live search,LinkedIn,B,Recognized job platform,Platform,56,Low,,https://www.linkedin.com/jobs/search/?keywords=IT+Operations+Manager&location=South+Africa&sortBy=DD,"Direct platform search for IT Operations Manager in Malawi. Sort by newest on the platform and verify employer, date, location eligibility and application route."
search-009294,Live Search,live_search,IT Operations Manager,Indeed,Indeed,IT Operations,IT Operations,,Africa,South Africa,South Africa,Live Search,,,2026-07-20,Live search,Indeed,B,Recognized job platform,Platform,56,Low,,https://za.indeed.com/jobs?q=IT+Operations+Manager&l=South+Africa&sort=date,"Direct platform search for IT Operations Manager in South Africa. Sort by newest on the platform and verify employer, date, location eligibility and application route."
search-009297,Live Search,live_search,IT Operations Manager,Careerjet,Careerjet,IT Operations,IT Operations,,Africa,Malawi,Malawi,Live Search,,,2026-07-20,Live search,Careerjet,C,Aggregator,Aggregator,56,Low,,https://www.careerjet.com/search/jobs?s=IT+Operations+Manager&l=South+Africa,"Direct platform search for IT Operations Manager in Malawi. Sort by newest on the platform and verify employer, date, location eligibility and application route."
search-009298,Live Search,live_search,IT Operations Manager,Talent.com,Talent.com,IT Operations,IT Operations,,Africa,Malawi,Malawi,Live Search,,,2026-07-20,Live search,Talent.com,C,Aggregator,Aggregator,56,Low,,https://www.talent.com/jobs?k=IT+Operations+Manager&l=South+Africa,"Direct platform search for IT Operations Manager in Malawi. Sort by newest on the platform and verify employer, date, location eligibility and application route."
search-009305,Live Search,live_search,Service Delivery Manager,LinkedIn,LinkedIn,Programme & Delivery,Programme & Delivery,,Africa,Malawi,Malawi,Live Search,,,2026-07-20,Live search,LinkedIn,B,Recognized job platform,Platform,59,Low,,https://www.linkedin.com/jobs/search/?keywords=Service+Delivery+Manager&location=South+Africa&sortBy=DD,"Direct platform search for Service Delivery Manager in Malawi. Sort by newest on the platform and verify employer, date, location eligibility and application route."
search-009306,Live Search,live_search,Service Delivery Manager,Indeed,Indeed,Programme & Delivery,Programme & Delivery,,Africa,South Africa,South Africa,Live Search,,,2026-07-20,Live search,Indeed,B,Recognized job platform,Platform,59,Low,,https://za.indeed.com/jobs?q=Service+Delivery+Manager&l=South+Africa&sort=date,"Direct platform search for Service Delivery Manager in South Africa. Sort by newest on the platform and verify employer, date, location eligibility and application route."
search-009309,Live Search,live_search,Service Delivery Manager,Careerjet,Careerjet,Programme & Delivery,Programme & Delivery,,Africa,Malawi,Malawi,Live Search,,,2026-07-20,Live search,Careerjet,C,Aggregator,Aggregator,59,Low,,https://www.careerjet.com/search/jobs?s=Service+Delivery+Manager&l=South+Africa,"Direct platform search for Service Delivery Manager in Malawi. Sort by newest on the platform and verify employer, date, location eligibility and application route."
search-009310,Live Search,live_search,Service Delivery Manager,Talent.com,Talent.com,Programme & Delivery,Programme & Delivery,,Africa,Malawi,Malawi,Live Search,,,2026-07-20,Live search,Talent.com,C,Aggregator,Aggregator,59,Low,,https://www.talent.com/jobs?k=Service+Delivery+Manager&l=South+Africa,"Direct platform search for Service Delivery Manager in Malawi. Sort by newest on the platform and verify employer, date, location eligibility and application route."
search-009317,Live Search,live_search,Solutions Engineering Manager,LinkedIn,LinkedIn,Solution Architecture,Solution Architecture,,Africa,Malawi,Malawi,Live Search,,,2026-07-20,Live search,LinkedIn,B,Recognized job platform,Platform,61,Medium,,https://www.linkedin.com/jobs/search/?keywords=Solutions+Engineering+Manager&location=South+Africa&sortBy=DD,"Direct platform search for Solutions Engineering Manager in Malawi. Sort by newest on the platform and verify employer, date, location eligibility and application route."
search-009318,Live Search,live_search,Solutions Engineering Manager,Indeed,Indeed,Solution Architecture,Solution Architecture,,Africa,South Africa,South Africa,Live Search,,,2026-07-20,Live search,Indeed,B,Recognized job platform,Platform,61,Medium,,https://za.indeed.com/jobs?q=Solutions+Engineering+Manager&l=South+Africa&sort=date,"Direct platform search for Solutions Engineering Manager in South Africa. Sort by newest on the platform and verify employer, date, location eligibility and application route."
search-009321,Live Search,live_search,Solutions Engineering Manager,Careerjet,Careerjet,Solution Architecture,Solution Architecture,,Africa,Malawi,Malawi,Live Search,,,2026-07-20,Live search,Careerjet,C,Aggregator,Aggregator,61,Medium,,https://www.careerjet.com/search/jobs?s=Solutions+Engineering+Manager&l=South+Africa,"Direct platform search for Solutions Engineering Manager in Malawi. Sort by newest on the platform and verify employer, date, location eligibility and application route."
search-009322,Live Search,live_search,Solutions Engineering Manager,Talent.com,Talent.com,Solution Architecture,Solution Architecture,,Africa,Malawi,Malawi,Live Search,,,2026-07-20,Live search,Talent.com,C,Aggregator,Aggregator,61,Medium,,https://www.talent.com/jobs?k=Solutions+Engineering+Manager&l=South+Africa,"Direct platform search for Solutions Engineering Manager in Malawi. Sort by newest on the platform and verify employer, date, location eligibility and application route."
search-009329,Live Search,live_search,Presales Solution Architect,LinkedIn,LinkedIn,Solution Architecture,Solution Architecture,,Africa,Malawi,Malawi,Live Search,,,2026-07-20,Live search,LinkedIn,B,Recognized job platform,Platform,61,Medium,,https://www.linkedin.com/jobs/search/?keywords=Presales+Solution+Architect&location=South+Africa&sortBy=DD,"Direct platform search for Presales Solution Architect in Malawi. Sort by newest on the platform and verify employer, date, location eligibility and application route."
search-009330,Live Search,live_search,Presales Solution Architect,Indeed,Indeed,Solution Architecture,Solution Architecture,,Africa,South Africa,South Africa,Live Search,,,2026-07-20,Live search,Indeed,B,Recognized job platform,Platform,61,Medium,,https://za.indeed.com/jobs?q=Presales+Solution+Architect&l=South+Africa&sort=date,"Direct platform search for Presales Solution Architect in South Africa. Sort by newest on the platform and verify employer, date, location eligibility and application route."
search-009333,Live Search,live_search,Presales Solution Architect,Careerjet,Careerjet,Solution Architecture,Solution Architecture,,Africa,Malawi,Malawi,Live Search,,,2026-07-20,Live search,Careerjet,C,Aggregator,Aggregator,61,Medium,,https://www.careerjet.com/search/jobs?s=Presales+Solution+Architect&l=South+Africa,"Direct platform search for Presales Solution Architect in Malawi. Sort by newest on the platform and verify employer, date, location eligibility and application route."
search-009334,Live Search,live_search,Presales Solution Architect,Talent.com,Talent.com,Solution Architecture,Solution Architecture,,Africa,Malawi,Malawi,Live Search,,,2026-07-20,Live search,Talent.com,C,Aggregator,Aggregator,61,Medium,,https://www.talent.com/jobs?k=Presales+Solution+Architect&l=South+Africa,"Direct platform search for Presales Solution Architect in Malawi. Sort by newest on the platform and verify employer, date, location eligibility and application route."
search-009341,Live Search,live_search,Business Transformation Manager,LinkedIn,LinkedIn,Digital Transformation,Digital Transformation,,Africa,Malawi,Malawi,Live Search,,,2026-07-20,Live search,LinkedIn,B,Recognized job platform,Platform,59,Low,,https://www.linkedin.com/jobs/search/?keywords=Business+Transformation+Manager&location=South+Africa&sortBy=DD,"Direct platform search for Business Transformation Manager in Malawi. Sort by newest on the platform and verify employer, date, location eligibility and application route."
search-009342,Live Search,live_search,Business Transformation Manager,Indeed,Indeed,Digital Transformation,Digital Transformation,,Africa,South Africa,South Africa,Live Search,,,2026-07-20,Live search,Indeed,B,Recognized job platform,Platform,59,Low,,https://za.indeed.com/jobs?q=Business+Transformation+Manager&l=South+Africa&sort=date,"Direct platform search for Business Transformation Manager in South Africa. Sort by newest on the platform and verify employer, date, location eligibility and application route."
search-009345,Live Search,live_search,Business Transformation Manager,Careerjet,Careerjet,Digital Transformation,Digital Transformation,,Africa,Malawi,Malawi,Live Search,,,2026-07-20,Live search,Careerjet,C,Aggregator,Aggregator,59,Low,,https://www.careerjet.com/search/jobs?s=Business+Transformation+Manager&l=South+Africa,"Direct platform search for Business Transformation Manager in Malawi. Sort by newest on the platform and verify employer, date, location eligibility and application route."
search-009346,Live Search,live_search,Business Transformation Manager,Talent.com,Talent.com,Digital Transformation,Digital Transformation,,Africa,Malawi,Malawi,Live Search,,,2026-07-20,Live search,Talent.com,C,Aggregator,Aggregator,59,Low,,https://www.talent.com/jobs?k=Business+Transformation+Manager&l=South+Africa,"Direct platform search for Business Transformation Manager in Malawi. Sort by newest on the platform and verify employer, date, location eligibility and application route."
search-009353,Live Search,live_search,Business Architect,LinkedIn,LinkedIn,Enterprise Architecture,Enterprise Architecture,,Africa,Malawi,Malawi,Live Search,,,2026-07-20,Live search,LinkedIn,B,Recognized job platform,Platform,64,Medium,,https://www.linkedin.com/jobs/search/?keywords=Business+Architect&location=South+Africa&sortBy=DD,"Direct platform search for Business Architect in Malawi. Sort by newest on the platform and verify employer, date, location eligibility and application route."
search-009354,Live Search,live_search,Business Architect,Indeed,Indeed,Enterprise Architecture,Enterprise Architecture,,Africa,South Africa,South Africa,Live Search,,,2026-07-20,Live search,Indeed,B,Recognized job platform,Platform,64,Medium,,https://za.indeed.com/jobs?q=Business+Architect&l=South+Africa&sort=date,"Direct platform search for Business Architect in South Africa. Sort by newest on the platform and verify employer, date, location eligibility and application route."
search-009357,Live Search,live_search,Business Architect,Careerjet,Careerjet,Enterprise Architecture,Enterprise Architecture,,Africa,Malawi,Malawi,Live Search,,,2026-07-20,Live search,Careerjet,C,Aggregator,Aggregator,64,Medium,,https://www.careerjet.com/search/jobs?s=Business+Architect&l=South+Africa,"Direct platform search for Business Architect in Malawi. Sort by newest on the platform and verify employer, date, location eligibility and application route."
search-009358,Live Search,live_search,Business Architect,Talent.com,Talent.com,Enterprise Architecture,Enterprise Architecture,,Africa,Malawi,Malawi,Live Search,,,2026-07-20,Live search,Talent.com,C,Aggregator,Aggregator,64,Medium,,https://www.talent.com/jobs?k=Business+Architect&l=South+Africa,"Direct platform search for Business Architect in Malawi. Sort by newest on the platform and verify employer, date, location eligibility and application route."
search-009365,Live Search,live_search,IT Portfolio Manager,LinkedIn,LinkedIn,IT Strategy & Governance,IT Strategy & Governance,,Africa,Malawi,Malawi,Live Search,,,2026-07-20,Live search,LinkedIn,B,Recognized job platform,Platform,61,Medium,,https://www.linkedin.com/jobs/search/?keywords=IT+Portfolio+Manager&location=South+Africa&sortBy=DD,"Direct platform search for IT Portfolio Manager in Malawi. Sort by newest on the platform and verify employer, date, location eligibility and application route."
search-009366,Live Search,live_search,IT Portfolio Manager,Indeed,Indeed,IT Strategy & Governance,IT Strategy & Governance,,Africa,South Africa,South Africa,Live Search,,,2026-07-20,Live search,Indeed,B,Recognized job platform,Platform,61,Medium,,https://za.indeed.com/jobs?q=IT+Portfolio+Manager&l=South+Africa&sort=date,"Direct platform search for IT Portfolio Manager in South Africa. Sort by newest on the platform and verify employer, date, location eligibility and application route."
search-009369,Live Search,live_search,IT Portfolio Manager,Careerjet,Careerjet,IT Strategy & Governance,IT Strategy & Governance,,Africa,Malawi,Malawi,Live Search,,,2026-07-20,Live search,Careerjet,C,Aggregator,Aggregator,61,Medium,,https://www.careerjet.com/search/jobs?s=IT+Portfolio+Manager&l=South+Africa,"Direct platform search for IT Portfolio Manager in Malawi. Sort by newest on the platform and verify employer, date, location eligibility and application route."
search-009370,Live Search,live_search,IT Portfolio Manager,Talent.com,Talent.com,IT Strategy & Governance,IT Strategy & Governance,,Africa,Malawi,Malawi,Live Search,,,2026-07-20,Live search,Talent.com,C,Aggregator,Aggregator,61,Medium,,https://www.talent.com/jobs?k=IT+Portfolio+Manager&l=South+Africa,"Direct platform search for IT Portfolio Manager in Malawi. Sort by newest on the platform and verify employer, date, location eligibility and application route."
search-009377,Live Search,live_search,Product Director,LinkedIn,LinkedIn,Technology Leadership,Technology Leadership,,Africa,Malawi,Malawi,Live Search,,,2026-07-20,Live search,LinkedIn,B,Recognized job platform,Platform,59,Low,,https://www.linkedin.com/jobs/search/?keywords=Product+Director&location=South+Africa&sortBy=DD,"Direct platform search for Product Director in Malawi. Sort by newest on the platform and verify employer, date, location eligibility and application route."
search-009378,Live Search,live_search,Product Director,Indeed,Indeed,Technology Leadership,Technology Leadership,,Africa,South Africa,South Africa,Live Search,,,2026-07-20,Live search,Indeed,B,Recognized job platform,Platform,59,Low,,https://za.indeed.com/jobs?q=Product+Director&l=South+Africa&sort=date,"Direct platform search for Product Director in South Africa. Sort by newest on the platform and verify employer, date, location eligibility and application route."
search-009381,Live Search,live_search,Product Director,Careerjet,Careerjet,Technology Leadership,Technology Leadership,,Africa,Malawi,Malawi,Live Search,,,2026-07-20,Live search,Careerjet,C,Aggregator,Aggregator,59,Low,,https://www.careerjet.com/search/jobs?s=Product+Director&l=South+Africa,"Direct platform search for Product Director in Malawi. Sort by newest on the platform and verify employer, date, location eligibility and application route."
search-009382,Live Search,live_search,Product Director,Talent.com,Talent.com,Technology Leadership,Technology Leadership,,Africa,Malawi,Malawi,Live Search,,,2026-07-20,Live search,Talent.com,C,Aggregator,Aggregator,59,Low,,https://www.talent.com/jobs?k=Product+Director&l=South+Africa,"Direct platform search for Product Director in Malawi. Sort by newest on the platform and verify employer, date, location eligibility and application route."
search-009389,Live Search,live_search,Digital Product Manager,LinkedIn,LinkedIn,Digital Product,Digital Product,,Africa,Malawi,Malawi,Live Search,,,2026-07-20,Live search,LinkedIn,B,Recognized job platform,Platform,56,Low,,https://www.linkedin.com/jobs/search/?keywords=Digital+Product+Manager&location=South+Africa&sortBy=DD,"Direct platform search for Digital Product Manager in Malawi. Sort by newest on the platform and verify employer, date, location eligibility and application route."
search-009390,Live Search,live_search,Digital Product Manager,Indeed,Indeed,Digital Product,Digital Product,,Africa,South Africa,South Africa,Live Search,,,2026-07-20,Live search,Indeed,B,Recognized job platform,Platform,56,Low,,https://za.indeed.com/jobs?q=Digital+Product+Manager&l=South+Africa&sort=date,"Direct platform search for Digital Product Manager in South Africa. Sort by newest on the platform and verify employer, date, location eligibility and application route."
search-009393,Live Search,live_search,Digital Product Manager,Careerjet,Careerjet,Digital Product,Digital Product,,Africa,Malawi,Malawi,Live Search,,,2026-07-20,Live search,Careerjet,C,Aggregator,Aggregator,56,Low,,https://www.careerjet.com/search/jobs?s=Digital+Product+Manager&l=South+Africa,"Direct platform search for Digital Product Manager in Malawi. Sort by newest on the platform and verify employer, date, location eligibility and application route."
search-009394,Live Search,live_search,Digital Product Manager,Talent.com,Talent.com,Digital Product,Digital Product,,Africa,Malawi,Malawi,Live Search,,,2026-07-20,Live search,Talent.com,C,Aggregator,Aggregator,56,Low,,https://www.talent.com/jobs?k=Digital+Product+Manager&l=South+Africa,"Direct platform search for Digital Product Manager in Malawi. Sort by newest on the platform and verify employer, date, location eligibility and application route."
search-009402,Live Search,live_search,Enterprise Architect,Indeed,Indeed,Enterprise Architecture,Enterprise Architecture,,Africa,Kenya,Kenya,Live Search,,,2026-07-20,Live search,Indeed,B,Recognized job platform,Platform,64,Medium,,https://ke.indeed.com/jobs?q=Enterprise+Architect&l=Kenya&sort=date,"Direct platform search for Enterprise Architect in Kenya. Sort by newest on the platform and verify employer, date, location eligibility and application route."
search-009410,Live Search,live_search,Enterprise Architect,BrighterMonday,BrighterMonday,Enterprise Architecture,Enterprise Architecture,,Africa,Kenya,Kenya,Live Search,,,2026-07-20,Live search,BrighterMonday,B,Recognized job platform,Platform,64,Medium,,https://www.brightermonday.co.ke/jobs?q=Enterprise+Architect,"Direct platform search for Enterprise Architect in Kenya. Sort by newest on the platform and verify employer, date, location eligibility and application route."
search-009413,Live Search,live_search,Solutions Architect,Indeed,Indeed,Solution Architecture,Solution Architecture,,Africa,Kenya,Kenya,Live Search,,,2026-07-20,Live search,Indeed,B,Recognized job platform,Platform,61,Medium,,https://ke.indeed.com/jobs?q=Solutions+Architect&l=Kenya&sort=date,"Direct platform search for Solutions Architect in Kenya. Sort by newest on the platform and verify employer, date, location eligibility and application route."
search-009421,Live Search,live_search,Solutions Architect,BrighterMonday,BrighterMonday,Solution Architecture,Solution Architecture,,Africa,Kenya,Kenya,Live Search,,,2026-07-20,Live search,BrighterMonday,B,Recognized job platform,Platform,61,Medium,,https://www.brightermonday.co.ke/jobs?q=Solutions+Architect,"Direct platform search for Solutions Architect in Kenya. Sort by newest on the platform and verify employer, date, location eligibility and application route."
search-009424,Live Search,live_search,Solution Architect,Indeed,Indeed,Solution Architecture,Solution Architecture,,Africa,Kenya,Kenya,Live Search,,,2026-07-20,Live search,Indeed,B,Recognized job platform,Platform,61,Medium,,https://ke.indeed.com/jobs?q=Solution+Architect&l=Kenya&sort=date,"Direct platform search for Solution Architect in Kenya. Sort by newest on the platform and verify employer, date, location eligibility and application route."
search-009432,Live Search,live_search,Solution Architect,BrighterMonday,BrighterMonday,Solution Architecture,Solution Architecture,,Africa,Kenya,Kenya,Live Search,,,2026-07-20,Live search,BrighterMonday,B,Recognized job platform,Platform,61,Medium,,https://www.brightermonday.co.ke/jobs?q=Solution+Architect,"Direct platform search for Solution Architect in Kenya. Sort by newest on the platform and verify employer, date, location eligibility and application route."
search-009435,Live Search,live_search,Technical Architect,Indeed,Indeed,Solution Architecture,Solution Architecture,,Africa,Kenya,Kenya,Live Search,,,2026-07-20,Live search,Indeed,B,Recognized job platform,Platform,61,Medium,,https://ke.indeed.com/jobs?q=Technical+Architect&l=Kenya&sort=date,"Direct platform search for Technical Architect in Kenya. Sort by newest on the platform and verify employer, date, location eligibility and application route."
search-009443,Live Search,live_search,Technical Architect,BrighterMonday,BrighterMonday,Solution Architecture,Solution Architecture,,Africa,Kenya,Kenya,Live Search,,,2026-07-20,Live search,BrighterMonday,B,Recognized job platform,Platform,61,Medium,,https://www.brightermonday.co.ke/jobs?q=Technical+Architect,"Direct platform search for Technical Architect in Kenya. Sort by newest on the platform and verify employer, date, location eligibility and application route."
search-009446,Live Search,live_search,Cloud Architect,Indeed,Indeed,Cloud & Infrastructure,Cloud & Infrastructure,,Africa,Kenya,Kenya,Live Search,,,2026-07-20,Live search,Indeed,B,Recognized job platform,Platform,57,Low,,https://ke.indeed.com/jobs?q=Cloud+Architect&l=Kenya&sort=date,"Direct platform search for Cloud Architect in Kenya. Sort by newest on the platform and verify employer, date, location eligibility and application route."
search-009454,Live Search,live_search,Cloud Architect,BrighterMonday,BrighterMonday,Cloud & Infrastructure,Cloud & Infrastructure,,Africa,Kenya,Kenya,Live Search,,,2026-07-20,Live search,BrighterMonday,B,Recognized job platform,Platform,57,Low,,https://www.brightermonday.co.ke/jobs?q=Cloud+Architect,"Direct platform search for Cloud Architect in Kenya. Sort by newest on the platform and verify employer, date, location eligibility and application route."
search-009457,Live Search,live_search,Data Architect,Indeed,Indeed,Data & Governance,Data & Governance,,Africa,Kenya,Kenya,Live Search,,,2026-07-20,Live search,Indeed,B,Recognized job platform,Platform,59,Low,,https://ke.indeed.com/jobs?q=Data+Architect&l=Kenya&sort=date,"Direct platform search for Data Architect in Kenya. Sort by newest on the platform and verify employer, date, location eligibility and application route."
search-009465,Live Search,live_search,Data Architect,BrighterMonday,BrighterMonday,Data & Governance,Data & Governance,,Africa,Kenya,Kenya,Live Search,,,2026-07-20,Live search,BrighterMonday,B,Recognized job platform,Platform,59,Low,,https://www.brightermonday.co.ke/jobs?q=Data+Architect,"Direct platform search for Data Architect in Kenya. Sort by newest on the platform and verify employer, date, location eligibility and application route."
search-009468,Live Search,live_search,Integration Architect,Indeed,Indeed,Integration Architecture,Integration Architecture,,Africa,Kenya,Kenya,Live Search,,,2026-07-20,Live search,Indeed,B,Recognized job platform,Platform,63,Medium,,https://ke.indeed.com/jobs?q=Integration+Architect&l=Kenya&sort=date,"Direct platform search for Integration Architect in Kenya. Sort by newest on the platform and verify employer, date, location eligibility and application route."
search-009476,Live Search,live_search,Integration Architect,BrighterMonday,BrighterMonday,Integration Architecture,Integration Architecture,,Africa,Kenya,Kenya,Live Search,,,2026-07-20,Live search,BrighterMonday,B,Recognized job platform,Platform,63,Medium,,https://www.brightermonday.co.ke/jobs?q=Integration+Architect,"Direct platform search for Integration Architect in Kenya. Sort by newest on the platform and verify employer, date, location eligibility and application route."
search-009479,Live Search,live_search,Application Architect,Indeed,Indeed,Solution Architecture,Solution Architecture,,Africa,Kenya,Kenya,Live Search,,,2026-07-20,Live search,Indeed,B,Recognized job platform,Platform,61,Medium,,https://ke.indeed.com/jobs?q=Application+Architect&l=Kenya&sort=date,"Direct platform search for Application Architect in Kenya. Sort by newest on the platform and verify employer, date, location eligibility and application route."
search-009487,Live Search,live_search,Application Architect,BrighterMonday,BrighterMonday,Solution Architecture,Solution Architecture,,Africa,Kenya,Kenya,Live Search,,,2026-07-20,Live search,BrighterMonday,B,Recognized job platform,Platform,61,Medium,,https://www.brightermonday.co.ke/jobs?q=Application+Architect,"Direct platform search for Application Architect in Kenya. Sort by newest on the platform and verify employer, date, location eligibility and application route."
search-009490,Live Search,live_search,Security Architect,Indeed,Indeed,Cybersecurity,Cybersecurity,,Africa,Kenya,Kenya,Live Search,,,2026-07-20,Live search,Indeed,B,Recognized job platform,Platform,56,Low,,https://ke.indeed.com/jobs?q=Security+Architect&l=Kenya&sort=date,"Direct platform search for Security Architect in Kenya. Sort by newest on the platform and verify employer, date, location eligibility and application route."
search-009498,Live Search,live_search,Security Architect,BrighterMonday,BrighterMonday,Cybersecurity,Cybersecurity,,Africa,Kenya,Kenya,Live Search,,,2026-07-20,Live search,BrighterMonday,B,Recognized job platform,Platform,56,Low,,https://www.brightermonday.co.ke/jobs?q=Security+Architect,"Direct platform search for Security Architect in Kenya. Sort by newest on the platform and verify employer, date, location eligibility and application route."
search-009501,Live Search,live_search,Infrastructure Architect,Indeed,Indeed,Cloud & Infrastructure,Cloud & Infrastructure,,Africa,Kenya,Kenya,Live Search,,,2026-07-20,Live search,Indeed,B,Recognized job platform,Platform,57,Low,,https://ke.indeed.com/jobs?q=Infrastructure+Architect&l=Kenya&sort=date,"Direct platform search for Infrastructure Architect in Kenya. Sort by newest on the platform and verify employer, date, location eligibility and application route."
search-009509,Live Search,live_search,Infrastructure Architect,BrighterMonday,BrighterMonday,Cloud & Infrastructure,Cloud & Infrastructure,,Africa,Kenya,Kenya,Live Search,,,2026-07-20,Live search,BrighterMonday,B,Recognized job platform,Platform,57,Low,,https://www.brightermonday.co.ke/jobs?q=Infrastructure+Architect,"Direct platform search for Infrastructure Architect in Kenya. Sort by newest on the platform and verify employer, date, location eligibility and application route."
search-009512,Live Search,live_search,Digital Transformation Director,Indeed,Indeed,Digital Transformation,Digital Transformation,,Africa,Kenya,Kenya,Live Search,,,2026-07-20,Live search,Indeed,B,Recognized job platform,Platform,63,Medium,,https://ke.indeed.com/jobs?q=Digital+Transformation+Director&l=Kenya&sort=date,"Direct platform search for Digital Transformation Director in Kenya. Sort by newest on the platform and verify employer, date, location eligibility and application route."
search-009520,Live Search,live_search,Digital Transformation Director,BrighterMonday,BrighterMonday,Digital Transformation,Digital Transformation,,Africa,Kenya,Kenya,Live Search,,,2026-07-20,Live search,BrighterMonday,B,Recognized job platform,Platform,63,Medium,,https://www.brightermonday.co.ke/jobs?q=Digital+Transformation+Director,"Direct platform search for Digital Transformation Director in Kenya. Sort by newest on the platform and verify employer, date, location eligibility and application route."
search-009523,Live Search,live_search,Digital Transformation Manager,Indeed,Indeed,Digital Transformation,Digital Transformation,,Africa,Kenya,Kenya,Live Search,,,2026-07-20,Live search,Indeed,B,Recognized job platform,Platform,59,Low,,https://ke.indeed.com/jobs?q=Digital+Transformation+Manager&l=Kenya&sort=date,"Direct platform search for Digital Transformation Manager in Kenya. Sort by newest on the platform and verify employer, date, location eligibility and application route."
search-009531,Live Search,live_search,Digital Transformation Manager,BrighterMonday,BrighterMonday,Digital Transformation,Digital Transformation,,Africa,Kenya,Kenya,Live Search,,,2026-07-20,Live search,BrighterMonday,B,Recognized job platform,Platform,59,Low,,https://www.brightermonday.co.ke/jobs?q=Digital+Transformation+Manager,"Direct platform search for Digital Transformation Manager in Kenya. Sort by newest on the platform and verify employer, date, location eligibility and application route."
search-009534,Live Search,live_search,Head of Digital Transformation,Indeed,Indeed,Digital Transformation,Digital Transformation,,Africa,Kenya,Kenya,Live Search,,,2026-07-20,Live search,Indeed,B,Recognized job platform,Platform,59,Low,,https://ke.indeed.com/jobs?q=Head+of+Digital+Transformation&l=Kenya&sort=date,"Direct platform search for Head of Digital Transformation in Kenya. Sort by newest on the platform and verify employer, date, location eligibility and application route."
search-009542,Live Search,live_search,Head of Digital Transformation,BrighterMonday,BrighterMonday,Digital Transformation,Digital Transformation,,Africa,Kenya,Kenya,Live Search,,,2026-07-20,Live search,BrighterMonday,B,Recognized job platform,Platform,59,Low,,https://www.brightermonday.co.ke/jobs?q=Head+of+Digital+Transformation,"Direct platform search for Head of Digital Transformation in Kenya. Sort by newest on the platform and verify employer, date, location eligibility and application route."
search-009545,Live Search,live_search,IT Director,Indeed,Indeed,Technology Leadership,Technology Leadership,,Africa,Kenya,Kenya,Live Search,,,2026-07-20,Live search,Indeed,B,Recognized job platform,Platform,63,Medium,,https://ke.indeed.com/jobs?q=IT+Director&l=Kenya&sort=date,"Direct platform search for IT Director in Kenya. Sort by newest on the platform and verify employer, date, location eligibility and application route."
search-009553,Live Search,live_search,IT Director,BrighterMonday,BrighterMonday,Technology Leadership,Technology Leadership,,Africa,Kenya,Kenya,Live Search,,,2026-07-20,Live search,BrighterMonday,B,Recognized job platform,Platform,63,Medium,,https://www.brightermonday.co.ke/jobs?q=IT+Director,"Direct platform search for IT Director in Kenya. Sort by newest on the platform and verify employer, date, location eligibility and application route."
search-009556,Live Search,live_search,Head of IT,Indeed,Indeed,Technology Leadership,Technology Leadership,,Africa,Kenya,Kenya,Live Search,,,2026-07-20,Live search,Indeed,B,Recognized job platform,Platform,59,Low,,https://ke.indeed.com/jobs?q=Head+of+IT&l=Kenya&sort=date,"Direct platform search for Head of IT in Kenya. Sort by newest on the platform and verify employer, date, location eligibility and application route."
search-009564,Live Search,live_search,Head of IT,BrighterMonday,BrighterMonday,Technology Leadership,Technology Leadership,,Africa,Kenya,Kenya,Live Search,,,2026-07-20,Live search,BrighterMonday,B,Recognized job platform,Platform,59,Low,,https://www.brightermonday.co.ke/jobs?q=Head+of+IT,"Direct platform search for Head of IT in Kenya. Sort by newest on the platform and verify employer, date, location eligibility and application route."
search-009567,Live Search,live_search,Chief Information Officer,Indeed,Indeed,Technology Leadership,Technology Leadership,,Africa,Kenya,Kenya,Live Search,,,2026-07-20,Live search,Indeed,B,Recognized job platform,Platform,56,Low,,https://ke.indeed.com/jobs?q=Chief+Information+Officer&l=Kenya&sort=date,"Direct platform search for Chief Information Officer in Kenya. Sort by newest on the platform and verify employer, date, location eligibility and application route."
search-009575,Live Search,live_search,Chief Information Officer,BrighterMonday,BrighterMonday,Technology Leadership,Technology Leadership,,Africa,Kenya,Kenya,Live Search,,,2026-07-20,Live search,BrighterMonday,B,Recognized job platform,Platform,56,Low,,https://www.brightermonday.co.ke/jobs?q=Chief+Information+Officer,"Direct platform search for Chief Information Officer in Kenya. Sort by newest on the platform and verify employer, date, location eligibility and application route."
search-009578,Live Search,live_search,Chief Technology Officer,Indeed,Indeed,Technology Leadership,Technology Leadership,,Africa,Kenya,Kenya,Live Search,,,2026-07-20,Live search,Indeed,B,Recognized job platform,Platform,56,Low,,https://ke.indeed.com/jobs?q=Chief+Technology+Officer&l=Kenya&sort=date,"Direct platform search for Chief Technology Officer in Kenya. Sort by newest on the platform and verify employer, date, location eligibility and application route."
search-009586,Live Search,live_search,Chief Technology Officer,BrighterMonday,BrighterMonday,Technology Leadership,Technology Leadership,,Africa,Kenya,Kenya,Live Search,,,2026-07-20,Live search,BrighterMonday,B,Recognized job platform,Platform,56,Low,,https://www.brightermonday.co.ke/jobs?q=Chief+Technology+Officer,"Direct platform search for Chief Technology Officer in Kenya. Sort by newest on the platform and verify employer, date, location eligibility and application route."
search-009589,Live Search,live_search,Technology Director,Indeed,Indeed,Technology Leadership,Technology Leadership,,Africa,Kenya,Kenya,Live Search,,,2026-07-20,Live search,Indeed,B,Recognized job platform,Platform,63,Medium,,https://ke.indeed.com/jobs?q=Technology+Director&l=Kenya&sort=date,"Direct platform search for Technology Director in Kenya. Sort by newest on the platform and verify employer, date, location eligibility and application route."
search-009597,Live Search,live_search,Technology Director,BrighterMonday,BrighterMonday,Technology Leadership,Technology Leadership,,Africa,Kenya,Kenya,Live Search,,,2026-07-20,Live search,BrighterMonday,B,Recognized job platform,Platform,63,Medium,,https://www.brightermonday.co.ke/jobs?q=Technology+Director,"Direct platform search for Technology Director in Kenya. Sort by newest on the platform and verify employer, date, location eligibility and application route."
search-009600,Live Search,live_search,IT Strategy Manager,Indeed,Indeed,IT Strategy & Governance,IT Strategy & Governance,,Africa,Kenya,Kenya,Live Search,,,2026-07-20,Live search,Indeed,B,Recognized job platform,Platform,61,Medium,,https://ke.indeed.com/jobs?q=IT+Strategy+Manager&l=Kenya&sort=date,"Direct platform search for IT Strategy Manager in Kenya. Sort by newest on the platform and verify employer, date, location eligibility and application route."
search-009608,Live Search,live_search,IT Strategy Manager,BrighterMonday,BrighterMonday,IT Strategy & Governance,IT Strategy & Governance,,Africa,Kenya,Kenya,Live Search,,,2026-07-20,Live search,BrighterMonday,B,Recognized job platform,Platform,61,Medium,,https://www.brightermonday.co.ke/jobs?q=IT+Strategy+Manager,"Direct platform search for IT Strategy Manager in Kenya. Sort by newest on the platform and verify employer, date, location eligibility and application route."
search-009611,Live Search,live_search,IT Governance Manager,Indeed,Indeed,IT Strategy & Governance,IT Strategy & Governance,,Africa,Kenya,Kenya,Live Search,,,2026-07-20,Live search,Indeed,B,Recognized job platform,Platform,61,Medium,,https://ke.indeed.com/jobs?q=IT+Governance+Manager&l=Kenya&sort=date,"Direct platform search for IT Governance Manager in Kenya. Sort by newest on the platform and verify employer, date, location eligibility and application route."
search-009619,Live Search,live_search,IT Governance Manager,BrighterMonday,BrighterMonday,IT Strategy & Governance,IT Strategy & Governance,,Africa,Kenya,Kenya,Live Search,,,2026-07-20,Live search,BrighterMonday,B,Recognized job platform,Platform,61,Medium,,https://www.brightermonday.co.ke/jobs?q=IT+Governance+Manager,"Direct platform search for IT Governance Manager in Kenya. Sort by newest on the platform and verify employer, date, location eligibility and application route."
search-009622,Live Search,live_search,Enterprise Applications Manager,Indeed,Indeed,Enterprise Applications,Enterprise Applications,,Africa,Kenya,Kenya,Live Search,,,2026-07-20,Live search,Indeed,B,Recognized job platform,Platform,59,Low,,https://ke.indeed.com/jobs?q=Enterprise+Applications+Manager&l=Kenya&sort=date,"Direct platform search for Enterprise Applications Manager in Kenya. Sort by newest on the platform and verify employer, date, location eligibility and application route."
search-009630,Live Search,live_search,Enterprise Applications Manager,BrighterMonday,BrighterMonday,Enterprise Applications,Enterprise Applications,,Africa,Kenya,Kenya,Live Search,,,2026-07-20,Live search,BrighterMonday,B,Recognized job platform,Platform,59,Low,,https://www.brightermonday.co.ke/jobs?q=Enterprise+Applications+Manager,"Direct platform search for Enterprise Applications Manager in Kenya. Sort by newest on the platform and verify employer, date, location eligibility and application route."
search-009633,Live Search,live_search,ERP Program Manager,Indeed,Indeed,Programme & Delivery,Programme & Delivery,,Africa,Kenya,Kenya,Live Search,,,2026-07-20,Live search,Indeed,B,Recognized job platform,Platform,61,Medium,,https://ke.indeed.com/jobs?q=ERP+Program+Manager&l=Kenya&sort=date,"Direct platform search for ERP Program Manager in Kenya. Sort by newest on the platform and verify employer, date, location eligibility and application route."
search-009641,Live Search,live_search,ERP Program Manager,BrighterMonday,BrighterMonday,Programme & Delivery,Programme & Delivery,,Africa,Kenya,Kenya,Live Search,,,2026-07-20,Live search,BrighterMonday,B,Recognized job platform,Platform,61,Medium,,https://www.brightermonday.co.ke/jobs?q=ERP+Program+Manager,"Direct platform search for ERP Program Manager in Kenya. Sort by newest on the platform and verify employer, date, location eligibility and application route."
search-009644,Live Search,live_search,SAP Program Manager,Indeed,Indeed,Programme & Delivery,Programme & Delivery,,Africa,Kenya,Kenya,Live Search,,,2026-07-20,Live search,Indeed,B,Recognized job platform,Platform,59,Low,,https://ke.indeed.com/jobs?q=SAP+Program+Manager&l=Kenya&sort=date,"Direct platform search for SAP Program Manager in Kenya. Sort by newest on the platform and verify employer, date, location eligibility and application route."
search-009652,Live Search,live_search,SAP Program Manager,BrighterMonday,BrighterMonday,Programme & Delivery,Programme & Delivery,,Africa,Kenya,Kenya,Live Search,,,2026-07-20,Live search,BrighterMonday,B,Recognized job platform,Platform,59,Low,,https://www.brightermonday.co.ke/jobs?q=SAP+Program+Manager,"Direct platform search for SAP Program Manager in Kenya. Sort by newest on the platform and verify employer, date, location eligibility and application route."
search-009655,Live Search,live_search,Healthcare IT Manager,Indeed,Indeed,Healthcare IT & Digital Health,Healthcare IT & Digital Health,,Africa,Kenya,Kenya,Live Search,,,2026-07-20,Live search,Indeed,B,Recognized job platform,Platform,64,Medium,,https://ke.indeed.com/jobs?q=Healthcare+IT+Manager&l=Kenya&sort=date,"Direct platform search for Healthcare IT Manager in Kenya. Sort by newest on the platform and verify employer, date, location eligibility and application route."
search-009663,Live Search,live_search,Healthcare IT Manager,BrighterMonday,BrighterMonday,Healthcare IT & Digital Health,Healthcare IT & Digital Health,,Africa,Kenya,Kenya,Live Search,,,2026-07-20,Live search,BrighterMonday,B,Recognized job platform,Platform,64,Medium,,https://www.brightermonday.co.ke/jobs?q=Healthcare+IT+Manager,"Direct platform search for Healthcare IT Manager in Kenya. Sort by newest on the platform and verify employer, date, location eligibility and application route."
search-009666,Live Search,live_search,Health Informatics Director,Indeed,Indeed,Healthcare IT & Digital Health,Healthcare IT & Digital Health,,Africa,Kenya,Kenya,Live Search,,,2026-07-20,Live search,Indeed,B,Recognized job platform,Platform,68,Medium,,https://ke.indeed.com/jobs?q=Health+Informatics+Director&l=Kenya&sort=date,"Direct platform search for Health Informatics Director in Kenya. Sort by newest on the platform and verify employer, date, location eligibility and application route."
search-009674,Live Search,live_search,Health Informatics Director,BrighterMonday,BrighterMonday,Healthcare IT & Digital Health,Healthcare IT & Digital Health,,Africa,Kenya,Kenya,Live Search,,,2026-07-20,Live search,BrighterMonday,B,Recognized job platform,Platform,68,Medium,,https://www.brightermonday.co.ke/jobs?q=Health+Informatics+Director,"Direct platform search for Health Informatics Director in Kenya. Sort by newest on the platform and verify employer, date, location eligibility and application route."
search-009677,Live Search,live_search,Digital Health Director,Indeed,Indeed,Healthcare IT & Digital Health,Healthcare IT & Digital Health,,Africa,Kenya,Kenya,Live Search,,,2026-07-20,Live search,Indeed,B,Recognized job platform,Platform,68,Medium,,https://ke.indeed.com/jobs?q=Digital+Health+Director&l=Kenya&sort=date,"Direct platform search for Digital Health Director in Kenya. Sort by newest on the platform and verify employer, date, location eligibility and application route."
search-009685,Live Search,live_search,Digital Health Director,BrighterMonday,BrighterMonday,Healthcare IT & Digital Health,Healthcare IT & Digital Health,,Africa,Kenya,Kenya,Live Search,,,2026-07-20,Live search,BrighterMonday,B,Recognized job platform,Platform,68,Medium,,https://www.brightermonday.co.ke/jobs?q=Digital+Health+Director,"Direct platform search for Digital Health Director in Kenya. Sort by newest on the platform and verify employer, date, location eligibility and application route."
search-009688,Live Search,live_search,Data Governance Manager,Indeed,Indeed,Data & Governance,Data & Governance,,Africa,Kenya,Kenya,Live Search,,,2026-07-20,Live search,Indeed,B,Recognized job platform,Platform,63,Medium,,https://ke.indeed.com/jobs?q=Data+Governance+Manager&l=Kenya&sort=date,"Direct platform search for Data Governance Manager in Kenya. Sort by newest on the platform and verify employer, date, location eligibility and application route."
search-009696,Live Search,live_search,Data Governance Manager,BrighterMonday,BrighterMonday,Data & Governance,Data & Governance,,Africa,Kenya,Kenya,Live Search,,,2026-07-20,Live search,BrighterMonday,B,Recognized job platform,Platform,63,Medium,,https://www.brightermonday.co.ke/jobs?q=Data+Governance+Manager,"Direct platform search for Data Governance Manager in Kenya. Sort by newest on the platform and verify employer, date, location eligibility and application route."
search-009699,Live Search,live_search,Data Platform Manager,Indeed,Indeed,Data & Governance,Data & Governance,,Africa,Kenya,Kenya,Live Search,,,2026-07-20,Live search,Indeed,B,Recognized job platform,Platform,59,Low,,https://ke.indeed.com/jobs?q=Data+Platform+Manager&l=Kenya&sort=date,"Direct platform search for Data Platform Manager in Kenya. Sort by newest on the platform and verify employer, date, location eligibility and application route."
search-009707,Live Search,live_search,Data Platform Manager,BrighterMonday,BrighterMonday,Data & Governance,Data & Governance,,Africa,Kenya,Kenya,Live Search,,,2026-07-20,Live search,BrighterMonday,B,Recognized job platform,Platform,59,Low,,https://www.brightermonday.co.ke/jobs?q=Data+Platform+Manager,"Direct platform search for Data Platform Manager in Kenya. Sort by newest on the platform and verify employer, date, location eligibility and application route."
search-009710,Live Search,live_search,Business Intelligence Director,Indeed,Indeed,Data & Governance,Data & Governance,,Africa,Kenya,Kenya,Live Search,,,2026-07-20,Live search,Indeed,B,Recognized job platform,Platform,63,Medium,,https://ke.indeed.com/jobs?q=Business+Intelligence+Director&l=Kenya&sort=date,"Direct platform search for Business Intelligence Director in Kenya. Sort by newest on the platform and verify employer, date, location eligibility and application route."
search-009718,Live Search,live_search,Business Intelligence Director,BrighterMonday,BrighterMonday,Data & Governance,Data & Governance,,Africa,Kenya,Kenya,Live Search,,,2026-07-20,Live search,BrighterMonday,B,Recognized job platform,Platform,63,Medium,,https://www.brightermonday.co.ke/jobs?q=Business+Intelligence+Director,"Direct platform search for Business Intelligence Director in Kenya. Sort by newest on the platform and verify employer, date, location eligibility and application route."
search-009721,Live Search,live_search,Analytics Director,Indeed,Indeed,Data & Governance,Data & Governance,,Africa,Kenya,Kenya,Live Search,,,2026-07-20,Live search,Indeed,B,Recognized job platform,Platform,65,Medium,,https://ke.indeed.com/jobs?q=Analytics+Director&l=Kenya&sort=date,"Direct platform search for Analytics Director in Kenya. Sort by newest on the platform and verify employer, date, location eligibility and application route."
search-009729,Live Search,live_search,Analytics Director,BrighterMonday,BrighterMonday,Data & Governance,Data & Governance,,Africa,Kenya,Kenya,Live Search,,,2026-07-20,Live search,BrighterMonday,B,Recognized job platform,Platform,65,Medium,,https://www.brightermonday.co.ke/jobs?q=Analytics+Director,"Direct platform search for Analytics Director in Kenya. Sort by newest on the platform and verify employer, date, location eligibility and application route."
search-009732,Live Search,live_search,AI Strategy Manager,Indeed,Indeed,IT Strategy & Governance,IT Strategy & Governance,,Africa,Kenya,Kenya,Live Search,,,2026-07-20,Live search,Indeed,B,Recognized job platform,Platform,61,Medium,,https://ke.indeed.com/jobs?q=AI+Strategy+Manager&l=Kenya&sort=date,"Direct platform search for AI Strategy Manager in Kenya. Sort by newest on the platform and verify employer, date, location eligibility and application route."
search-009740,Live Search,live_search,AI Strategy Manager,BrighterMonday,BrighterMonday,IT Strategy & Governance,IT Strategy & Governance,,Africa,Kenya,Kenya,Live Search,,,2026-07-20,Live search,BrighterMonday,B,Recognized job platform,Platform,61,Medium,,https://www.brightermonday.co.ke/jobs?q=AI+Strategy+Manager,"Direct platform search for AI Strategy Manager in Kenya. Sort by newest on the platform and verify employer, date, location eligibility and application route."
search-009743,Live Search,live_search,AI Solutions Architect,Indeed,Indeed,Solution Architecture,Solution Architecture,,Africa,Kenya,Kenya,Live Search,,,2026-07-20,Live search,Indeed,B,Recognized job platform,Platform,61,Medium,,https://ke.indeed.com/jobs?q=AI+Solutions+Architect&l=Kenya&sort=date,"Direct platform search for AI Solutions Architect in Kenya. Sort by newest on the platform and verify employer, date, location eligibility and application route."
search-009751,Live Search,live_search,AI Solutions Architect,BrighterMonday,BrighterMonday,Solution Architecture,Solution Architecture,,Africa,Kenya,Kenya,Live Search,,,2026-07-20,Live search,BrighterMonday,B,Recognized job platform,Platform,61,Medium,,https://www.brightermonday.co.ke/jobs?q=AI+Solutions+Architect,"Direct platform search for AI Solutions Architect in Kenya. Sort by newest on the platform and verify employer, date, location eligibility and application route."
search-009754,Live Search,live_search,Technical Program Manager,Indeed,Indeed,Programme & Delivery,Programme & Delivery,,Africa,Kenya,Kenya,Live Search,,,2026-07-20,Live search,Indeed,B,Recognized job platform,Platform,63,Medium,,https://ke.indeed.com/jobs?q=Technical+Program+Manager&l=Kenya&sort=date,"Direct platform search for Technical Program Manager in Kenya. Sort by newest on the platform and verify employer, date, location eligibility and application route."
search-009762,Live Search,live_search,Technical Program Manager,BrighterMonday,BrighterMonday,Programme & Delivery,Programme & Delivery,,Africa,Kenya,Kenya,Live Search,,,2026-07-20,Live search,BrighterMonday,B,Recognized job platform,Platform,63,Medium,,https://www.brightermonday.co.ke/jobs?q=Technical+Program+Manager,"Direct platform search for Technical Program Manager in Kenya. Sort by newest on the platform and verify employer, date, location eligibility and application route."
search-009765,Live Search,live_search,IT Program Manager,Indeed,Indeed,Programme & Delivery,Programme & Delivery,,Africa,Kenya,Kenya,Live Search,,,2026-07-20,Live search,Indeed,B,Recognized job platform,Platform,59,Low,,https://ke.indeed.com/jobs?q=IT+Program+Manager&l=Kenya&sort=date,"Direct platform search for IT Program Manager in Kenya. Sort by newest on the platform and verify employer, date, location eligibility and application route."
search-009773,Live Search,live_search,IT Program Manager,BrighterMonday,BrighterMonday,Programme & Delivery,Programme & Delivery,,Africa,Kenya,Kenya,Live Search,,,2026-07-20,Live search,BrighterMonday,B,Recognized job platform,Platform,59,Low,,https://www.brightermonday.co.ke/jobs?q=IT+Program+Manager,"Direct platform search for IT Program Manager in Kenya. Sort by newest on the platform and verify employer, date, location eligibility and application route."
search-009776,Live Search,live_search,PMO Director,Indeed,Indeed,Technology Leadership,Technology Leadership,,Africa,Kenya,Kenya,Live Search,,,2026-07-20,Live search,Indeed,B,Recognized job platform,Platform,59,Low,,https://ke.indeed.com/jobs?q=PMO+Director&l=Kenya&sort=date,"Direct platform search for PMO Director in Kenya. Sort by newest on the platform and verify employer, date, location eligibility and application route."
search-009784,Live Search,live_search,PMO Director,BrighterMonday,BrighterMonday,Technology Leadership,Technology Leadership,,Africa,Kenya,Kenya,Live Search,,,2026-07-20,Live search,BrighterMonday,B,Recognized job platform,Platform,59,Low,,https://www.brightermonday.co.ke/jobs?q=PMO+Director,"Direct platform search for PMO Director in Kenya. Sort by newest on the platform and verify employer, date, location eligibility and application route."
search-009787,Live Search,live_search,Technology Delivery Manager,Indeed,Indeed,Programme & Delivery,Programme & Delivery,,Africa,Kenya,Kenya,Live Search,,,2026-07-20,Live search,Indeed,B,Recognized job platform,Platform,59,Low,,https://ke.indeed.com/jobs?q=Technology+Delivery+Manager&l=Kenya&sort=date,"Direct platform search for Technology Delivery Manager in Kenya. Sort by newest on the platform and verify employer, date, location eligibility and application route."
search-009795,Live Search,live_search,Technology Delivery Manager,BrighterMonday,BrighterMonday,Programme & Delivery,Programme & Delivery,,Africa,Kenya,Kenya,Live Search,,,2026-07-20,Live search,BrighterMonday,B,Recognized job platform,Platform,59,Low,,https://www.brightermonday.co.ke/jobs?q=Technology+Delivery+Manager,"Direct platform search for Technology Delivery Manager in Kenya. Sort by newest on the platform and verify employer, date, location eligibility and application route."
search-009798,Live Search,live_search,Systems Manager,Indeed,Indeed,IT Operations,IT Operations,,Africa,Kenya,Kenya,Live Search,,,2026-07-20,Live search,Indeed,B,Recognized job platform,Platform,59,Low,,https://ke.indeed.com/jobs?q=Systems+Manager&l=Kenya&sort=date,"Direct platform search for Systems Manager in Kenya. Sort by newest on the platform and verify employer, date, location eligibility and application route."
search-009806,Live Search,live_search,Systems Manager,BrighterMonday,BrighterMonday,IT Operations,IT Operations,,Africa,Kenya,Kenya,Live Search,,,2026-07-20,Live search,BrighterMonday,B,Recognized job platform,Platform,59,Low,,https://www.brightermonday.co.ke/jobs?q=Systems+Manager,"Direct platform search for Systems Manager in Kenya. Sort by newest on the platform and verify employer, date, location eligibility and application route."
search-009809,Live Search,live_search,Infrastructure Manager,Indeed,Indeed,Technology & Digital,Technology & Digital,,Africa,Kenya,Kenya,Live Search,,,2026-07-20,Live search,Indeed,B,Recognized job platform,Platform,56,Low,,https://ke.indeed.com/jobs?q=Infrastructure+Manager&l=Kenya&sort=date,"Direct platform search for Infrastructure Manager in Kenya. Sort by newest on the platform and verify employer, date, location eligibility and application route."
search-009817,Live Search,live_search,Infrastructure Manager,BrighterMonday,BrighterMonday,Technology & Digital,Technology & Digital,,Africa,Kenya,Kenya,Live Search,,,2026-07-20,Live search,BrighterMonday,B,Recognized job platform,Platform,56,Low,,https://www.brightermonday.co.ke/jobs?q=Infrastructure+Manager,"Direct platform search for Infrastructure Manager in Kenya. Sort by newest on the platform and verify employer, date, location eligibility and application route."
search-009820,Live Search,live_search,IT Operations Manager,Indeed,Indeed,IT Operations,IT Operations,,Africa,Kenya,Kenya,Live Search,,,2026-07-20,Live search,Indeed,B,Recognized job platform,Platform,56,Low,,https://ke.indeed.com/jobs?q=IT+Operations+Manager&l=Kenya&sort=date,"Direct platform search for IT Operations Manager in Kenya. Sort by newest on the platform and verify employer, date, location eligibility and application route."
search-009828,Live Search,live_search,IT Operations Manager,BrighterMonday,BrighterMonday,IT Operations,IT Operations,,Africa,Kenya,Kenya,Live Search,,,2026-07-20,Live search,BrighterMonday,B,Recognized job platform,Platform,56,Low,,https://www.brightermonday.co.ke/jobs?q=IT+Operations+Manager,"Direct platform search for IT Operations Manager in Kenya. Sort by newest on the platform and verify employer, date, location eligibility and application route."
search-009831,Live Search,live_search,Service Delivery Manager,Indeed,Indeed,Programme & Delivery,Programme & Delivery,,Africa,Kenya,Kenya,Live Search,,,2026-07-20,Live search,Indeed,B,Recognized job platform,Platform,59,Low,,https://ke.indeed.com/jobs?q=Service+Delivery+Manager&l=Kenya&sort=date,"Direct platform search for Service Delivery Manager in Kenya. Sort by newest on the platform and verify employer, date, location eligibility and application route."
search-009839,Live Search,live_search,Service Delivery Manager,BrighterMonday,BrighterMonday,Programme & Delivery,Programme & Delivery,,Africa,Kenya,Kenya,Live Search,,,2026-07-20,Live search,BrighterMonday,B,Recognized job platform,Platform,59,Low,,https://www.brightermonday.co.ke/jobs?q=Service+Delivery+Manager,"Direct platform search for Service Delivery Manager in Kenya. Sort by newest on the platform and verify employer, date, location eligibility and application route."
search-009842,Live Search,live_search,Solutions Engineering Manager,Indeed,Indeed,Solution Architecture,Solution Architecture,,Africa,Kenya,Kenya,Live Search,,,2026-07-20,Live search,Indeed,B,Recognized job platform,Platform,61,Medium,,https://ke.indeed.com/jobs?q=Solutions+Engineering+Manager&l=Kenya&sort=date,"Direct platform search for Solutions Engineering Manager in Kenya. Sort by newest on the platform and verify employer, date, location eligibility and application route."
search-009850,Live Search,live_search,Solutions Engineering Manager,BrighterMonday,BrighterMonday,Solution Architecture,Solution Architecture,,Africa,Kenya,Kenya,Live Search,,,2026-07-20,Live search,BrighterMonday,B,Recognized job platform,Platform,61,Medium,,https://www.brightermonday.co.ke/jobs?q=Solutions+Engineering+Manager,"Direct platform search for Solutions Engineering Manager in Kenya. Sort by newest on the platform and verify employer, date, location eligibility and application route."
search-009853,Live Search,live_search,Presales Solution Architect,Indeed,Indeed,Solution Architecture,Solution Architecture,,Africa,Kenya,Kenya,Live Search,,,2026-07-20,Live search,Indeed,B,Recognized job platform,Platform,61,Medium,,https://ke.indeed.com/jobs?q=Presales+Solution+Architect&l=Kenya&sort=date,"Direct platform search for Presales Solution Architect in Kenya. Sort by newest on the platform and verify employer, date, location eligibility and application route."
search-009861,Live Search,live_search,Presales Solution Architect,BrighterMonday,BrighterMonday,Solution Architecture,Solution Architecture,,Africa,Kenya,Kenya,Live Search,,,2026-07-20,Live search,BrighterMonday,B,Recognized job platform,Platform,61,Medium,,https://www.brightermonday.co.ke/jobs?q=Presales+Solution+Architect,"Direct platform search for Presales Solution Architect in Kenya. Sort by newest on the platform and verify employer, date, location eligibility and application route."
search-009864,Live Search,live_search,Business Transformation Manager,Indeed,Indeed,Digital Transformation,Digital Transformation,,Africa,Kenya,Kenya,Live Search,,,2026-07-20,Live search,Indeed,B,Recognized job platform,Platform,59,Low,,https://ke.indeed.com/jobs?q=Business+Transformation+Manager&l=Kenya&sort=date,"Direct platform search for Business Transformation Manager in Kenya. Sort by newest on the platform and verify employer, date, location eligibility and application route."
search-009872,Live Search,live_search,Business Transformation Manager,BrighterMonday,BrighterMonday,Digital Transformation,Digital Transformation,,Africa,Kenya,Kenya,Live Search,,,2026-07-20,Live search,BrighterMonday,B,Recognized job platform,Platform,59,Low,,https://www.brightermonday.co.ke/jobs?q=Business+Transformation+Manager,"Direct platform search for Business Transformation Manager in Kenya. Sort by newest on the platform and verify employer, date, location eligibility and application route."
search-009875,Live Search,live_search,Business Architect,Indeed,Indeed,Enterprise Architecture,Enterprise Architecture,,Africa,Kenya,Kenya,Live Search,,,2026-07-20,Live search,Indeed,B,Recognized job platform,Platform,64,Medium,,https://ke.indeed.com/jobs?q=Business+Architect&l=Kenya&sort=date,"Direct platform search for Business Architect in Kenya. Sort by newest on the platform and verify employer, date, location eligibility and application route."
search-009883,Live Search,live_search,Business Architect,BrighterMonday,BrighterMonday,Enterprise Architecture,Enterprise Architecture,,Africa,Kenya,Kenya,Live Search,,,2026-07-20,Live search,BrighterMonday,B,Recognized job platform,Platform,64,Medium,,https://www.brightermonday.co.ke/jobs?q=Business+Architect,"Direct platform search for Business Architect in Kenya. Sort by newest on the platform and verify employer, date, location eligibility and application route."
search-009886,Live Search,live_search,IT Portfolio Manager,Indeed,Indeed,IT Strategy & Governance,IT Strategy & Governance,,Africa,Kenya,Kenya,Live Search,,,2026-07-20,Live search,Indeed,B,Recognized job platform,Platform,61,Medium,,https://ke.indeed.com/jobs?q=IT+Portfolio+Manager&l=Kenya&sort=date,"Direct platform search for IT Portfolio Manager in Kenya. Sort by newest on the platform and verify employer, date, location eligibility and application route."
search-009894,Live Search,live_search,IT Portfolio Manager,BrighterMonday,BrighterMonday,IT Strategy & Governance,IT Strategy & Governance,,Africa,Kenya,Kenya,Live Search,,,2026-07-20,Live search,BrighterMonday,B,Recognized job platform,Platform,61,Medium,,https://www.brightermonday.co.ke/jobs?q=IT+Portfolio+Manager,"Direct platform search for IT Portfolio Manager in Kenya. Sort by newest on the platform and verify employer, date, location eligibility and application route."
search-009897,Live Search,live_search,Product Director,Indeed,Indeed,Technology Leadership,Technology Leadership,,Africa,Kenya,Kenya,Live Search,,,2026-07-20,Live search,Indeed,B,Recognized job platform,Platform,59,Low,,https://ke.indeed.com/jobs?q=Product+Director&l=Kenya&sort=date,"Direct platform search for Product Director in Kenya. Sort by newest on the platform and verify employer, date, location eligibility and application route."
search-009905,Live Search,live_search,Product Director,BrighterMonday,BrighterMonday,Technology Leadership,Technology Leadership,,Africa,Kenya,Kenya,Live Search,,,2026-07-20,Live search,BrighterMonday,B,Recognized job platform,Platform,59,Low,,https://www.brightermonday.co.ke/jobs?q=Product+Director,"Direct platform search for Product Director in Kenya. Sort by newest on the platform and verify employer, date, location eligibility and application route."
search-009908,Live Search,live_search,Digital Product Manager,Indeed,Indeed,Digital Product,Digital Product,,Africa,Kenya,Kenya,Live Search,,,2026-07-20,Live search,Indeed,B,Recognized job platform,Platform,56,Low,,https://ke.indeed.com/jobs?q=Digital+Product+Manager&l=Kenya&sort=date,"Direct platform search for Digital Product Manager in Kenya. Sort by newest on the platform and verify employer, date, location eligibility and application route."
search-009916,Live Search,live_search,Digital Product Manager,BrighterMonday,BrighterMonday,Digital Product,Digital Product,,Africa,Kenya,Kenya,Live Search,,,2026-07-20,Live search,BrighterMonday,B,Recognized job platform,Platform,56,Low,,https://www.brightermonday.co.ke/jobs?q=Digital+Product+Manager,"Direct platform search for Digital Product Manager in Kenya. Sort by newest on the platform and verify employer, date, location eligibility and application route."
search-009919,Live Search,live_search,Enterprise Architect,Indeed,Indeed,Enterprise Architecture,Enterprise Architecture,,Africa,Nigeria,Nigeria,Live Search,,,2026-07-20,Live search,Indeed,B,Recognized job platform,Platform,64,Medium,,https://ng.indeed.com/jobs?q=Enterprise+Architect&l=Nigeria&sort=date,"Direct platform search for Enterprise Architect in Nigeria. Sort by newest on the platform and verify employer, date, location eligibility and application route."
search-009927,Live Search,live_search,Enterprise Architect,Jobberman,Jobberman,Enterprise Architecture,Enterprise Architecture,,Africa,Nigeria,Nigeria,Live Search,,,2026-07-20,Live search,Jobberman,B,Recognized job platform,Platform,64,Medium,,https://www.jobberman.com/jobs?q=Enterprise+Architect,"Direct platform search for Enterprise Architect in Nigeria. Sort by newest on the platform and verify employer, date, location eligibility and application route."
search-009929,Live Search,live_search,Solutions Architect,Indeed,Indeed,Solution Architecture,Solution Architecture,,Africa,Nigeria,Nigeria,Live Search,,,2026-07-20,Live search,Indeed,B,Recognized job platform,Platform,61,Medium,,https://ng.indeed.com/jobs?q=Solutions+Architect&l=Nigeria&sort=date,"Direct platform search for Solutions Architect in Nigeria. Sort by newest on the platform and verify employer, date, location eligibility and application route."
search-009937,Live Search,live_search,Solutions Architect,Jobberman,Jobberman,Solution Architecture,Solution Architecture,,Africa,Nigeria,Nigeria,Live Search,,,2026-07-20,Live search,Jobberman,B,Recognized job platform,Platform,61,Medium,,https://www.jobberman.com/jobs?q=Solutions+Architect,"Direct platform search for Solutions Architect in Nigeria. Sort by newest on the platform and verify employer, date, location eligibility and application route."
search-009939,Live Search,live_search,Solution Architect,Indeed,Indeed,Solution Architecture,Solution Architecture,,Africa,Nigeria,Nigeria,Live Search,,,2026-07-20,Live search,Indeed,B,Recognized job platform,Platform,61,Medium,,https://ng.indeed.com/jobs?q=Solution+Architect&l=Nigeria&sort=date,"Direct platform search for Solution Architect in Nigeria. Sort by newest on the platform and verify employer, date, location eligibility and application route."
search-009947,Live Search,live_search,Solution Architect,Jobberman,Jobberman,Solution Architecture,Solution Architecture,,Africa,Nigeria,Nigeria,Live Search,,,2026-07-20,Live search,Jobberman,B,Recognized job platform,Platform,61,Medium,,https://www.jobberman.com/jobs?q=Solution+Architect,"Direct platform search for Solution Architect in Nigeria. Sort by newest on the platform and verify employer, date, location eligibility and application route."
search-009949,Live Search,live_search,Technical Architect,Indeed,Indeed,Solution Architecture,Solution Architecture,,Africa,Nigeria,Nigeria,Live Search,,,2026-07-20,Live search,Indeed,B,Recognized job platform,Platform,61,Medium,,https://ng.indeed.com/jobs?q=Technical+Architect&l=Nigeria&sort=date,"Direct platform search for Technical Architect in Nigeria. Sort by newest on the platform and verify employer, date, location eligibility and application route."
search-009957,Live Search,live_search,Technical Architect,Jobberman,Jobberman,Solution Architecture,Solution Architecture,,Africa,Nigeria,Nigeria,Live Search,,,2026-07-20,Live search,Jobberman,B,Recognized job platform,Platform,61,Medium,,https://www.jobberman.com/jobs?q=Technical+Architect,"Direct platform search for Technical Architect in Nigeria. Sort by newest on the platform and verify employer, date, location eligibility and application route."
search-009959,Live Search,live_search,Cloud Architect,Indeed,Indeed,Cloud & Infrastructure,Cloud & Infrastructure,,Africa,Nigeria,Nigeria,Live Search,,,2026-07-20,Live search,Indeed,B,Recognized job platform,Platform,57,Low,,https://ng.indeed.com/jobs?q=Cloud+Architect&l=Nigeria&sort=date,"Direct platform search for Cloud Architect in Nigeria. Sort by newest on the platform and verify employer, date, location eligibility and application route."
search-009967,Live Search,live_search,Cloud Architect,Jobberman,Jobberman,Cloud & Infrastructure,Cloud & Infrastructure,,Africa,Nigeria,Nigeria,Live Search,,,2026-07-20,Live search,Jobberman,B,Recognized job platform,Platform,57,Low,,https://www.jobberman.com/jobs?q=Cloud+Architect,"Direct platform search for Cloud Architect in Nigeria. Sort by newest on the platform and verify employer, date, location eligibility and application route."
search-009969,Live Search,live_search,Data Architect,Indeed,Indeed,Data & Governance,Data & Governance,,Africa,Nigeria,Nigeria,Live Search,,,2026-07-20,Live search,Indeed,B,Recognized job platform,Platform,59,Low,,https://ng.indeed.com/jobs?q=Data+Architect&l=Nigeria&sort=date,"Direct platform search for Data Architect in Nigeria. Sort by newest on the platform and verify employer, date, location eligibility and application route."
search-009977,Live Search,live_search,Data Architect,Jobberman,Jobberman,Data & Governance,Data & Governance,,Africa,Nigeria,Nigeria,Live Search,,,2026-07-20,Live search,Jobberman,B,Recognized job platform,Platform,59,Low,,https://www.jobberman.com/jobs?q=Data+Architect,"Direct platform search for Data Architect in Nigeria. Sort by newest on the platform and verify employer, date, location eligibility and application route."
search-009979,Live Search,live_search,Integration Architect,Indeed,Indeed,Integration Architecture,Integration Architecture,,Africa,Nigeria,Nigeria,Live Search,,,2026-07-20,Live search,Indeed,B,Recognized job platform,Platform,63,Medium,,https://ng.indeed.com/jobs?q=Integration+Architect&l=Nigeria&sort=date,"Direct platform search for Integration Architect in Nigeria. Sort by newest on the platform and verify employer, date, location eligibility and application route."
search-009987,Live Search,live_search,Integration Architect,Jobberman,Jobberman,Integration Architecture,Integration Architecture,,Africa,Nigeria,Nigeria,Live Search,,,2026-07-20,Live search,Jobberman,B,Recognized job platform,Platform,63,Medium,,https://www.jobberman.com/jobs?q=Integration+Architect,"Direct platform search for Integration Architect in Nigeria. Sort by newest on the platform and verify employer, date, location eligibility and application route."
search-009989,Live Search,live_search,Application Architect,Indeed,Indeed,Solution Architecture,Solution Architecture,,Africa,Nigeria,Nigeria,Live Search,,,2026-07-20,Live search,Indeed,B,Recognized job platform,Platform,61,Medium,,https://ng.indeed.com/jobs?q=Application+Architect&l=Nigeria&sort=date,"Direct platform search for Application Architect in Nigeria. Sort by newest on the platform and verify employer, date, location eligibility and application route."
search-009997,Live Search,live_search,Application Architect,Jobberman,Jobberman,Solution Architecture,Solution Architecture,,Africa,Nigeria,Nigeria,Live Search,,,2026-07-20,Live search,Jobberman,B,Recognized job platform,Platform,61,Medium,,https://www.jobberman.com/jobs?q=Application+Architect,"Direct platform search for Application Architect in Nigeria. Sort by newest on the platform and verify employer, date, location eligibility and application route."
search-009999,Live Search,live_search,Security Architect,Indeed,Indeed,Cybersecurity,Cybersecurity,,Africa,Nigeria,Nigeria,Live Search,,,2026-07-20,Live search,Indeed,B,Recognized job platform,Platform,56,Low,,https://ng.indeed.com/jobs?q=Security+Architect&l=Nigeria&sort=date,"Direct platform search for Security Architect in Nigeria. Sort by newest on the platform and verify employer, date, location eligibility and application route."
search-010007,Live Search,live_search,Security Architect,Jobberman,Jobberman,Cybersecurity,Cybersecurity,,Africa,Nigeria,Nigeria,Live Search,,,2026-07-20,Live search,Jobberman,B,Recognized job platform,Platform,56,Low,,https://www.jobberman.com/jobs?q=Security+Architect,"Direct platform search for Security Architect in Nigeria. Sort by newest on the platform and verify employer, date, location eligibility and application route."
search-010009,Live Search,live_search,Infrastructure Architect,Indeed,Indeed,Cloud & Infrastructure,Cloud & Infrastructure,,Africa,Nigeria,Nigeria,Live Search,,,2026-07-20,Live search,Indeed,B,Recognized job platform,Platform,57,Low,,https://ng.indeed.com/jobs?q=Infrastructure+Architect&l=Nigeria&sort=date,"Direct platform search for Infrastructure Architect in Nigeria. Sort by newest on the platform and verify employer, date, location eligibility and application route."
search-010017,Live Search,live_search,Infrastructure Architect,Jobberman,Jobberman,Cloud & Infrastructure,Cloud & Infrastructure,,Africa,Nigeria,Nigeria,Live Search,,,2026-07-20,Live search,Jobberman,B,Recognized job platform,Platform,57,Low,,https://www.jobberman.com/jobs?q=Infrastructure+Architect,"Direct platform search for Infrastructure Architect in Nigeria. Sort by newest on the platform and verify employer, date, location eligibility and application route."
search-010019,Live Search,live_search,Digital Transformation Director,Indeed,Indeed,Digital Transformation,Digital Transformation,,Africa,Nigeria,Nigeria,Live Search,,,2026-07-20,Live search,Indeed,B,Recognized job platform,Platform,63,Medium,,https://ng.indeed.com/jobs?q=Digital+Transformation+Director&l=Nigeria&sort=date,"Direct platform search for Digital Transformation Director in Nigeria. Sort by newest on the platform and verify employer, date, location eligibility and application route."
search-010027,Live Search,live_search,Digital Transformation Director,Jobberman,Jobberman,Digital Transformation,Digital Transformation,,Africa,Nigeria,Nigeria,Live Search,,,2026-07-20,Live search,Jobberman,B,Recognized job platform,Platform,63,Medium,,https://www.jobberman.com/jobs?q=Digital+Transformation+Director,"Direct platform search for Digital Transformation Director in Nigeria. Sort by newest on the platform and verify employer, date, location eligibility and application route."
search-010029,Live Search,live_search,Digital Transformation Manager,Indeed,Indeed,Digital Transformation,Digital Transformation,,Africa,Nigeria,Nigeria,Live Search,,,2026-07-20,Live search,Indeed,B,Recognized job platform,Platform,59,Low,,https://ng.indeed.com/jobs?q=Digital+Transformation+Manager&l=Nigeria&sort=date,"Direct platform search for Digital Transformation Manager in Nigeria. Sort by newest on the platform and verify employer, date, location eligibility and application route."
search-010037,Live Search,live_search,Digital Transformation Manager,Jobberman,Jobberman,Digital Transformation,Digital Transformation,,Africa,Nigeria,Nigeria,Live Search,,,2026-07-20,Live search,Jobberman,B,Recognized job platform,Platform,59,Low,,https://www.jobberman.com/jobs?q=Digital+Transformation+Manager,"Direct platform search for Digital Transformation Manager in Nigeria. Sort by newest on the platform and verify employer, date, location eligibility and application route."
search-010039,Live Search,live_search,Head of Digital Transformation,Indeed,Indeed,Digital Transformation,Digital Transformation,,Africa,Nigeria,Nigeria,Live Search,,,2026-07-20,Live search,Indeed,B,Recognized job platform,Platform,59,Low,,https://ng.indeed.com/jobs?q=Head+of+Digital+Transformation&l=Nigeria&sort=date,"Direct platform search for Head of Digital Transformation in Nigeria. Sort by newest on the platform and verify employer, date, location eligibility and application route."
search-010047,Live Search,live_search,Head of Digital Transformation,Jobberman,Jobberman,Digital Transformation,Digital Transformation,,Africa,Nigeria,Nigeria,Live Search,,,2026-07-20,Live search,Jobberman,B,Recognized job platform,Platform,59,Low,,https://www.jobberman.com/jobs?q=Head+of+Digital+Transformation,"Direct platform search for Head of Digital Transformation in Nigeria. Sort by newest on the platform and verify employer, date, location eligibility and application route."
search-010049,Live Search,live_search,IT Director,Indeed,Indeed,Technology Leadership,Technology Leadership,,Africa,Nigeria,Nigeria,Live Search,,,2026-07-20,Live search,Indeed,B,Recognized job platform,Platform,63,Medium,,https://ng.indeed.com/jobs?q=IT+Director&l=Nigeria&sort=date,"Direct platform search for IT Director in Nigeria. Sort by newest on the platform and verify employer, date, location eligibility and application route."
search-010057,Live Search,live_search,IT Director,Jobberman,Jobberman,Technology Leadership,Technology Leadership,,Africa,Nigeria,Nigeria,Live Search,,,2026-07-20,Live search,Jobberman,B,Recognized job platform,Platform,63,Medium,,https://www.jobberman.com/jobs?q=IT+Director,"Direct platform search for IT Director in Nigeria. Sort by newest on the platform and verify employer, date, location eligibility and application route."
search-010059,Live Search,live_search,Head of IT,Indeed,Indeed,Technology Leadership,Technology Leadership,,Africa,Nigeria,Nigeria,Live Search,,,2026-07-20,Live search,Indeed,B,Recognized job platform,Platform,59,Low,,https://ng.indeed.com/jobs?q=Head+of+IT&l=Nigeria&sort=date,"Direct platform search for Head of IT in Nigeria. Sort by newest on the platform and verify employer, date, location eligibility and application route."
search-010067,Live Search,live_search,Head of IT,Jobberman,Jobberman,Technology Leadership,Technology Leadership,,Africa,Nigeria,Nigeria,Live Search,,,2026-07-20,Live search,Jobberman,B,Recognized job platform,Platform,59,Low,,https://www.jobberman.com/jobs?q=Head+of+IT,"Direct platform search for Head of IT in Nigeria. Sort by newest on the platform and verify employer, date, location eligibility and application route."
search-010069,Live Search,live_search,Chief Information Officer,Indeed,Indeed,Technology Leadership,Technology Leadership,,Africa,Nigeria,Nigeria,Live Search,,,2026-07-20,Live search,Indeed,B,Recognized job platform,Platform,56,Low,,https://ng.indeed.com/jobs?q=Chief+Information+Officer&l=Nigeria&sort=date,"Direct platform search for Chief Information Officer in Nigeria. Sort by newest on the platform and verify employer, date, location eligibility and application route."
search-010077,Live Search,live_search,Chief Information Officer,Jobberman,Jobberman,Technology Leadership,Technology Leadership,,Africa,Nigeria,Nigeria,Live Search,,,2026-07-20,Live search,Jobberman,B,Recognized job platform,Platform,56,Low,,https://www.jobberman.com/jobs?q=Chief+Information+Officer,"Direct platform search for Chief Information Officer in Nigeria. Sort by newest on the platform and verify employer, date, location eligibility and application route."
search-010079,Live Search,live_search,Chief Technology Officer,Indeed,Indeed,Technology Leadership,Technology Leadership,,Africa,Nigeria,Nigeria,Live Search,,,2026-07-20,Live search,Indeed,B,Recognized job platform,Platform,56,Low,,https://ng.indeed.com/jobs?q=Chief+Technology+Officer&l=Nigeria&sort=date,"Direct platform search for Chief Technology Officer in Nigeria. Sort by newest on the platform and verify employer, date, location eligibility and application route."
search-010087,Live Search,live_search,Chief Technology Officer,Jobberman,Jobberman,Technology Leadership,Technology Leadership,,Africa,Nigeria,Nigeria,Live Search,,,2026-07-20,Live search,Jobberman,B,Recognized job platform,Platform,56,Low,,https://www.jobberman.com/jobs?q=Chief+Technology+Officer,"Direct platform search for Chief Technology Officer in Nigeria. Sort by newest on the platform and verify employer, date, location eligibility and application route."
search-010089,Live Search,live_search,Technology Director,Indeed,Indeed,Technology Leadership,Technology Leadership,,Africa,Nigeria,Nigeria,Live Search,,,2026-07-20,Live search,Indeed,B,Recognized job platform,Platform,63,Medium,,https://ng.indeed.com/jobs?q=Technology+Director&l=Nigeria&sort=date,"Direct platform search for Technology Director in Nigeria. Sort by newest on the platform and verify employer, date, location eligibility and application route."
search-010097,Live Search,live_search,Technology Director,Jobberman,Jobberman,Technology Leadership,Technology Leadership,,Africa,Nigeria,Nigeria,Live Search,,,2026-07-20,Live search,Jobberman,B,Recognized job platform,Platform,63,Medium,,https://www.jobberman.com/jobs?q=Technology+Director,"Direct platform search for Technology Director in Nigeria. Sort by newest on the platform and verify employer, date, location eligibility and application route."
search-010099,Live Search,live_search,IT Strategy Manager,Indeed,Indeed,IT Strategy & Governance,IT Strategy & Governance,,Africa,Nigeria,Nigeria,Live Search,,,2026-07-20,Live search,Indeed,B,Recognized job platform,Platform,61,Medium,,https://ng.indeed.com/jobs?q=IT+Strategy+Manager&l=Nigeria&sort=date,"Direct platform search for IT Strategy Manager in Nigeria. Sort by newest on the platform and verify employer, date, location eligibility and application route."
search-010107,Live Search,live_search,IT Strategy Manager,Jobberman,Jobberman,IT Strategy & Governance,IT Strategy & Governance,,Africa,Nigeria,Nigeria,Live Search,,,2026-07-20,Live search,Jobberman,B,Recognized job platform,Platform,61,Medium,,https://www.jobberman.com/jobs?q=IT+Strategy+Manager,"Direct platform search for IT Strategy Manager in Nigeria. Sort by newest on the platform and verify employer, date, location eligibility and application route."
search-010109,Live Search,live_search,IT Governance Manager,Indeed,Indeed,IT Strategy & Governance,IT Strategy & Governance,,Africa,Nigeria,Nigeria,Live Search,,,2026-07-20,Live search,Indeed,B,Recognized job platform,Platform,61,Medium,,https://ng.indeed.com/jobs?q=IT+Governance+Manager&l=Nigeria&sort=date,"Direct platform search for IT Governance Manager in Nigeria. Sort by newest on the platform and verify employer, date, location eligibility and application route."
search-010117,Live Search,live_search,IT Governance Manager,Jobberman,Jobberman,IT Strategy & Governance,IT Strategy & Governance,,Africa,Nigeria,Nigeria,Live Search,,,2026-07-20,Live search,Jobberman,B,Recognized job platform,Platform,61,Medium,,https://www.jobberman.com/jobs?q=IT+Governance+Manager,"Direct platform search for IT Governance Manager in Nigeria. Sort by newest on the platform and verify employer, date, location eligibility and application route."
search-010119,Live Search,live_search,Enterprise Applications Manager,Indeed,Indeed,Enterprise Applications,Enterprise Applications,,Africa,Nigeria,Nigeria,Live Search,,,2026-07-20,Live search,Indeed,B,Recognized job platform,Platform,59,Low,,https://ng.indeed.com/jobs?q=Enterprise+Applications+Manager&l=Nigeria&sort=date,"Direct platform search for Enterprise Applications Manager in Nigeria. Sort by newest on the platform and verify employer, date, location eligibility and application route."
search-010127,Live Search,live_search,Enterprise Applications Manager,Jobberman,Jobberman,Enterprise Applications,Enterprise Applications,,Africa,Nigeria,Nigeria,Live Search,,,2026-07-20,Live search,Jobberman,B,Recognized job platform,Platform,59,Low,,https://www.jobberman.com/jobs?q=Enterprise+Applications+Manager,"Direct platform search for Enterprise Applications Manager in Nigeria. Sort by newest on the platform and verify employer, date, location eligibility and application route."
search-010129,Live Search,live_search,ERP Program Manager,Indeed,Indeed,Programme & Delivery,Programme & Delivery,,Africa,Nigeria,Nigeria,Live Search,,,2026-07-20,Live search,Indeed,B,Recognized job platform,Platform,61,Medium,,https://ng.indeed.com/jobs?q=ERP+Program+Manager&l=Nigeria&sort=date,"Direct platform search for ERP Program Manager in Nigeria. Sort by newest on the platform and verify employer, date, location eligibility and application route."
search-010137,Live Search,live_search,ERP Program Manager,Jobberman,Jobberman,Programme & Delivery,Programme & Delivery,,Africa,Nigeria,Nigeria,Live Search,,,2026-07-20,Live search,Jobberman,B,Recognized job platform,Platform,61,Medium,,https://www.jobberman.com/jobs?q=ERP+Program+Manager,"Direct platform search for ERP Program Manager in Nigeria. Sort by newest on the platform and verify employer, date, location eligibility and application route."
search-010139,Live Search,live_search,SAP Program Manager,Indeed,Indeed,Programme & Delivery,Programme & Delivery,,Africa,Nigeria,Nigeria,Live Search,,,2026-07-20,Live search,Indeed,B,Recognized job platform,Platform,59,Low,,https://ng.indeed.com/jobs?q=SAP+Program+Manager&l=Nigeria&sort=date,"Direct platform search for SAP Program Manager in Nigeria. Sort by newest on the platform and verify employer, date, location eligibility and application route."
search-010147,Live Search,live_search,SAP Program Manager,Jobberman,Jobberman,Programme & Delivery,Programme & Delivery,,Africa,Nigeria,Nigeria,Live Search,,,2026-07-20,Live search,Jobberman,B,Recognized job platform,Platform,59,Low,,https://www.jobberman.com/jobs?q=SAP+Program+Manager,"Direct platform search for SAP Program Manager in Nigeria. Sort by newest on the platform and verify employer, date, location eligibility and application route."
search-010149,Live Search,live_search,Healthcare IT Manager,Indeed,Indeed,Healthcare IT & Digital Health,Healthcare IT & Digital Health,,Africa,Nigeria,Nigeria,Live Search,,,2026-07-20,Live search,Indeed,B,Recognized job platform,Platform,64,Medium,,https://ng.indeed.com/jobs?q=Healthcare+IT+Manager&l=Nigeria&sort=date,"Direct platform search for Healthcare IT Manager in Nigeria. Sort by newest on the platform and verify employer, date, location eligibility and application route."
search-010157,Live Search,live_search,Healthcare IT Manager,Jobberman,Jobberman,Healthcare IT & Digital Health,Healthcare IT & Digital Health,,Africa,Nigeria,Nigeria,Live Search,,,2026-07-20,Live search,Jobberman,B,Recognized job platform,Platform,64,Medium,,https://www.jobberman.com/jobs?q=Healthcare+IT+Manager,"Direct platform search for Healthcare IT Manager in Nigeria. Sort by newest on the platform and verify employer, date, location eligibility and application route."
search-010159,Live Search,live_search,Health Informatics Director,Indeed,Indeed,Healthcare IT & Digital Health,Healthcare IT & Digital Health,,Africa,Nigeria,Nigeria,Live Search,,,2026-07-20,Live search,Indeed,B,Recognized job platform,Platform,68,Medium,,https://ng.indeed.com/jobs?q=Health+Informatics+Director&l=Nigeria&sort=date,"Direct platform search for Health Informatics Director in Nigeria. Sort by newest on the platform and verify employer, date, location eligibility and application route."
search-010167,Live Search,live_search,Health Informatics Director,Jobberman,Jobberman,Healthcare IT & Digital Health,Healthcare IT & Digital Health,,Africa,Nigeria,Nigeria,Live Search,,,2026-07-20,Live search,Jobberman,B,Recognized job platform,Platform,68,Medium,,https://www.jobberman.com/jobs?q=Health+Informatics+Director,"Direct platform search for Health Informatics Director in Nigeria. Sort by newest on the platform and verify employer, date, location eligibility and application route."
search-010169,Live Search,live_search,Digital Health Director,Indeed,Indeed,Healthcare IT & Digital Health,Healthcare IT & Digital Health,,Africa,Nigeria,Nigeria,Live Search,,,2026-07-20,Live search,Indeed,B,Recognized job platform,Platform,68,Medium,,https://ng.indeed.com/jobs?q=Digital+Health+Director&l=Nigeria&sort=date,"Direct platform search for Digital Health Director in Nigeria. Sort by newest on the platform and verify employer, date, location eligibility and application route."
search-010177,Live Search,live_search,Digital Health Director,Jobberman,Jobberman,Healthcare IT & Digital Health,Healthcare IT & Digital Health,,Africa,Nigeria,Nigeria,Live Search,,,2026-07-20,Live search,Jobberman,B,Recognized job platform,Platform,68,Medium,,https://www.jobberman.com/jobs?q=Digital+Health+Director,"Direct platform search for Digital Health Director in Nigeria. Sort by newest on the platform and verify employer, date, location eligibility and application route."
search-010179,Live Search,live_search,Data Governance Manager,Indeed,Indeed,Data & Governance,Data & Governance,,Africa,Nigeria,Nigeria,Live Search,,,2026-07-20,Live search,Indeed,B,Recognized job platform,Platform,63,Medium,,https://ng.indeed.com/jobs?q=Data+Governance+Manager&l=Nigeria&sort=date,"Direct platform search for Data Governance Manager in Nigeria. Sort by newest on the platform and verify employer, date, location eligibility and application route."
search-010187,Live Search,live_search,Data Governance Manager,Jobberman,Jobberman,Data & Governance,Data & Governance,,Africa,Nigeria,Nigeria,Live Search,,,2026-07-20,Live search,Jobberman,B,Recognized job platform,Platform,63,Medium,,https://www.jobberman.com/jobs?q=Data+Governance+Manager,"Direct platform search for Data Governance Manager in Nigeria. Sort by newest on the platform and verify employer, date, location eligibility and application route."
search-010189,Live Search,live_search,Data Platform Manager,Indeed,Indeed,Data & Governance,Data & Governance,,Africa,Nigeria,Nigeria,Live Search,,,2026-07-20,Live search,Indeed,B,Recognized job platform,Platform,59,Low,,https://ng.indeed.com/jobs?q=Data+Platform+Manager&l=Nigeria&sort=date,"Direct platform search for Data Platform Manager in Nigeria. Sort by newest on the platform and verify employer, date, location eligibility and application route."
search-010197,Live Search,live_search,Data Platform Manager,Jobberman,Jobberman,Data & Governance,Data & Governance,,Africa,Nigeria,Nigeria,Live Search,,,2026-07-20,Live search,Jobberman,B,Recognized job platform,Platform,59,Low,,https://www.jobberman.com/jobs?q=Data+Platform+Manager,"Direct platform search for Data Platform Manager in Nigeria. Sort by newest on the platform and verify employer, date, location eligibility and application route."
search-010199,Live Search,live_search,Business Intelligence Director,Indeed,Indeed,Data & Governance,Data & Governance,,Africa,Nigeria,Nigeria,Live Search,,,2026-07-20,Live search,Indeed,B,Recognized job platform,Platform,63,Medium,,https://ng.indeed.com/jobs?q=Business+Intelligence+Director&l=Nigeria&sort=date,"Direct platform search for Business Intelligence Director in Nigeria. Sort by newest on the platform and verify employer, date, location eligibility and application route."
search-010207,Live Search,live_search,Business Intelligence Director,Jobberman,Jobberman,Data & Governance,Data & Governance,,Africa,Nigeria,Nigeria,Live Search,,,2026-07-20,Live search,Jobberman,B,Recognized job platform,Platform,63,Medium,,https://www.jobberman.com/jobs?q=Business+Intelligence+Director,"Direct platform search for Business Intelligence Director in Nigeria. Sort by newest on the platform and verify employer, date, location eligibility and application route."
search-010209,Live Search,live_search,Analytics Director,Indeed,Indeed,Data & Governance,Data & Governance,,Africa,Nigeria,Nigeria,Live Search,,,2026-07-20,Live search,Indeed,B,Recognized job platform,Platform,65,Medium,,https://ng.indeed.com/jobs?q=Analytics+Director&l=Nigeria&sort=date,"Direct platform search for Analytics Director in Nigeria. Sort by newest on the platform and verify employer, date, location eligibility and application route."
search-010217,Live Search,live_search,Analytics Director,Jobberman,Jobberman,Data & Governance,Data & Governance,,Africa,Nigeria,Nigeria,Live Search,,,2026-07-20,Live search,Jobberman,B,Recognized job platform,Platform,65,Medium,,https://www.jobberman.com/jobs?q=Analytics+Director,"Direct platform search for Analytics Director in Nigeria. Sort by newest on the platform and verify employer, date, location eligibility and application route."
search-010219,Live Search,live_search,AI Strategy Manager,Indeed,Indeed,IT Strategy & Governance,IT Strategy & Governance,,Africa,Nigeria,Nigeria,Live Search,,,2026-07-20,Live search,Indeed,B,Recognized job platform,Platform,61,Medium,,https://ng.indeed.com/jobs?q=AI+Strategy+Manager&l=Nigeria&sort=date,"Direct platform search for AI Strategy Manager in Nigeria. Sort by newest on the platform and verify employer, date, location eligibility and application route."
search-010227,Live Search,live_search,AI Strategy Manager,Jobberman,Jobberman,IT Strategy & Governance,IT Strategy & Governance,,Africa,Nigeria,Nigeria,Live Search,,,2026-07-20,Live search,Jobberman,B,Recognized job platform,Platform,61,Medium,,https://www.jobberman.com/jobs?q=AI+Strategy+Manager,"Direct platform search for AI Strategy Manager in Nigeria. Sort by newest on the platform and verify employer, date, location eligibility and application route."
search-010229,Live Search,live_search,AI Solutions Architect,Indeed,Indeed,Solution Architecture,Solution Architecture,,Africa,Nigeria,Nigeria,Live Search,,,2026-07-20,Live search,Indeed,B,Recognized job platform,Platform,61,Medium,,https://ng.indeed.com/jobs?q=AI+Solutions+Architect&l=Nigeria&sort=date,"Direct platform search for AI Solutions Architect in Nigeria. Sort by newest on the platform and verify employer, date, location eligibility and application route."
search-010237,Live Search,live_search,AI Solutions Architect,Jobberman,Jobberman,Solution Architecture,Solution Architecture,,Africa,Nigeria,Nigeria,Live Search,,,2026-07-20,Live search,Jobberman,B,Recognized job platform,Platform,61,Medium,,https://www.jobberman.com/jobs?q=AI+Solutions+Architect,"Direct platform search for AI Solutions Architect in Nigeria. Sort by newest on the platform and verify employer, date, location eligibility and application route."
search-010239,Live Search,live_search,Technical Program Manager,Indeed,Indeed,Programme & Delivery,Programme & Delivery,,Africa,Nigeria,Nigeria,Live Search,,,2026-07-20,Live search,Indeed,B,Recognized job platform,Platform,63,Medium,,https://ng.indeed.com/jobs?q=Technical+Program+Manager&l=Nigeria&sort=date,"Direct platform search for Technical Program Manager in Nigeria. Sort by newest on the platform and verify employer, date, location eligibility and application route."
search-010247,Live Search,live_search,Technical Program Manager,Jobberman,Jobberman,Programme & Delivery,Programme & Delivery,,Africa,Nigeria,Nigeria,Live Search,,,2026-07-20,Live search,Jobberman,B,Recognized job platform,Platform,63,Medium,,https://www.jobberman.com/jobs?q=Technical+Program+Manager,"Direct platform search for Technical Program Manager in Nigeria. Sort by newest on the platform and verify employer, date, location eligibility and application route."
search-010249,Live Search,live_search,IT Program Manager,Indeed,Indeed,Programme & Delivery,Programme & Delivery,,Africa,Nigeria,Nigeria,Live Search,,,2026-07-20,Live search,Indeed,B,Recognized job platform,Platform,59,Low,,https://ng.indeed.com/jobs?q=IT+Program+Manager&l=Nigeria&sort=date,"Direct platform search for IT Program Manager in Nigeria. Sort by newest on the platform and verify employer, date, location eligibility and application route."
search-010257,Live Search,live_search,IT Program Manager,Jobberman,Jobberman,Programme & Delivery,Programme & Delivery,,Africa,Nigeria,Nigeria,Live Search,,,2026-07-20,Live search,Jobberman,B,Recognized job platform,Platform,59,Low,,https://www.jobberman.com/jobs?q=IT+Program+Manager,"Direct platform search for IT Program Manager in Nigeria. Sort by newest on the platform and verify employer, date, location eligibility and application route."
search-010259,Live Search,live_search,PMO Director,Indeed,Indeed,Technology Leadership,Technology Leadership,,Africa,Nigeria,Nigeria,Live Search,,,2026-07-20,Live search,Indeed,B,Recognized job platform,Platform,59,Low,,https://ng.indeed.com/jobs?q=PMO+Director&l=Nigeria&sort=date,"Direct platform search for PMO Director in Nigeria. Sort by newest on the platform and verify employer, date, location eligibility and application route."
search-010267,Live Search,live_search,PMO Director,Jobberman,Jobberman,Technology Leadership,Technology Leadership,,Africa,Nigeria,Nigeria,Live Search,,,2026-07-20,Live search,Jobberman,B,Recognized job platform,Platform,59,Low,,https://www.jobberman.com/jobs?q=PMO+Director,"Direct platform search for PMO Director in Nigeria. Sort by newest on the platform and verify employer, date, location eligibility and application route."
search-010269,Live Search,live_search,Technology Delivery Manager,Indeed,Indeed,Programme & Delivery,Programme & Delivery,,Africa,Nigeria,Nigeria,Live Search,,,2026-07-20,Live search,Indeed,B,Recognized job platform,Platform,59,Low,,https://ng.indeed.com/jobs?q=Technology+Delivery+Manager&l=Nigeria&sort=date,"Direct platform search for Technology Delivery Manager in Nigeria. Sort by newest on the platform and verify employer, date, location eligibility and application route."
search-010277,Live Search,live_search,Technology Delivery Manager,Jobberman,Jobberman,Programme & Delivery,Programme & Delivery,,Africa,Nigeria,Nigeria,Live Search,,,2026-07-20,Live search,Jobberman,B,Recognized job platform,Platform,59,Low,,https://www.jobberman.com/jobs?q=Technology+Delivery+Manager,"Direct platform search for Technology Delivery Manager in Nigeria. Sort by newest on the platform and verify employer, date, location eligibility and application route."
search-010279,Live Search,live_search,Systems Manager,Indeed,Indeed,IT Operations,IT Operations,,Africa,Nigeria,Nigeria,Live Search,,,2026-07-20,Live search,Indeed,B,Recognized job platform,Platform,59,Low,,https://ng.indeed.com/jobs?q=Systems+Manager&l=Nigeria&sort=date,"Direct platform search for Systems Manager in Nigeria. Sort by newest on the platform and verify employer, date, location eligibility and application route."
search-010287,Live Search,live_search,Systems Manager,Jobberman,Jobberman,IT Operations,IT Operations,,Africa,Nigeria,Nigeria,Live Search,,,2026-07-20,Live search,Jobberman,B,Recognized job platform,Platform,59,Low,,https://www.jobberman.com/jobs?q=Systems+Manager,"Direct platform search for Systems Manager in Nigeria. Sort by newest on the platform and verify employer, date, location eligibility and application route."
search-010289,Live Search,live_search,Infrastructure Manager,Indeed,Indeed,Technology & Digital,Technology & Digital,,Africa,Nigeria,Nigeria,Live Search,,,2026-07-20,Live search,Indeed,B,Recognized job platform,Platform,56,Low,,https://ng.indeed.com/jobs?q=Infrastructure+Manager&l=Nigeria&sort=date,"Direct platform search for Infrastructure Manager in Nigeria. Sort by newest on the platform and verify employer, date, location eligibility and application route."
search-010297,Live Search,live_search,Infrastructure Manager,Jobberman,Jobberman,Technology & Digital,Technology & Digital,,Africa,Nigeria,Nigeria,Live Search,,,2026-07-20,Live search,Jobberman,B,Recognized job platform,Platform,56,Low,,https://www.jobberman.com/jobs?q=Infrastructure+Manager,"Direct platform search for Infrastructure Manager in Nigeria. Sort by newest on the platform and verify employer, date, location eligibility and application route."
search-010299,Live Search,live_search,IT Operations Manager,Indeed,Indeed,IT Operations,IT Operations,,Africa,Nigeria,Nigeria,Live Search,,,2026-07-20,Live search,Indeed,B,Recognized job platform,Platform,56,Low,,https://ng.indeed.com/jobs?q=IT+Operations+Manager&l=Nigeria&sort=date,"Direct platform search for IT Operations Manager in Nigeria. Sort by newest on the platform and verify employer, date, location eligibility and application route."
search-010307,Live Search,live_search,IT Operations Manager,Jobberman,Jobberman,IT Operations,IT Operations,,Africa,Nigeria,Nigeria,Live Search,,,2026-07-20,Live search,Jobberman,B,Recognized job platform,Platform,56,Low,,https://www.jobberman.com/jobs?q=IT+Operations+Manager,"Direct platform search for IT Operations Manager in Nigeria. Sort by newest on the platform and verify employer, date, location eligibility and application route."
search-010309,Live Search,live_search,Service Delivery Manager,Indeed,Indeed,Programme & Delivery,Programme & Delivery,,Africa,Nigeria,Nigeria,Live Search,,,2026-07-20,Live search,Indeed,B,Recognized job platform,Platform,59,Low,,https://ng.indeed.com/jobs?q=Service+Delivery+Manager&l=Nigeria&sort=date,"Direct platform search for Service Delivery Manager in Nigeria. Sort by newest on the platform and verify employer, date, location eligibility and application route."
search-010317,Live Search,live_search,Service Delivery Manager,Jobberman,Jobberman,Programme & Delivery,Programme & Delivery,,Africa,Nigeria,Nigeria,Live Search,,,2026-07-20,Live search,Jobberman,B,Recognized job platform,Platform,59,Low,,https://www.jobberman.com/jobs?q=Service+Delivery+Manager,"Direct platform search for Service Delivery Manager in Nigeria. Sort by newest on the platform and verify employer, date, location eligibility and application route."
search-010319,Live Search,live_search,Solutions Engineering Manager,Indeed,Indeed,Solution Architecture,Solution Architecture,,Africa,Nigeria,Nigeria,Live Search,,,2026-07-20,Live search,Indeed,B,Recognized job platform,Platform,61,Medium,,https://ng.indeed.com/jobs?q=Solutions+Engineering+Manager&l=Nigeria&sort=date,"Direct platform search for Solutions Engineering Manager in Nigeria. Sort by newest on the platform and verify employer, date, location eligibility and application route."
search-010327,Live Search,live_search,Solutions Engineering Manager,Jobberman,Jobberman,Solution Architecture,Solution Architecture,,Africa,Nigeria,Nigeria,Live Search,,,2026-07-20,Live search,Jobberman,B,Recognized job platform,Platform,61,Medium,,https://www.jobberman.com/jobs?q=Solutions+Engineering+Manager,"Direct platform search for Solutions Engineering Manager in Nigeria. Sort by newest on the platform and verify employer, date, location eligibility and application route."
search-010329,Live Search,live_search,Presales Solution Architect,Indeed,Indeed,Solution Architecture,Solution Architecture,,Africa,Nigeria,Nigeria,Live Search,,,2026-07-20,Live search,Indeed,B,Recognized job platform,Platform,61,Medium,,https://ng.indeed.com/jobs?q=Presales+Solution+Architect&l=Nigeria&sort=date,"Direct platform search for Presales Solution Architect in Nigeria. Sort by newest on the platform and verify employer, date, location eligibility and application route."
search-010337,Live Search,live_search,Presales Solution Architect,Jobberman,Jobberman,Solution Architecture,Solution Architecture,,Africa,Nigeria,Nigeria,Live Search,,,2026-07-20,Live search,Jobberman,B,Recognized job platform,Platform,61,Medium,,https://www.jobberman.com/jobs?q=Presales+Solution+Architect,"Direct platform search for Presales Solution Architect in Nigeria. Sort by newest on the platform and verify employer, date, location eligibility and application route."
search-010339,Live Search,live_search,Business Transformation Manager,Indeed,Indeed,Digital Transformation,Digital Transformation,,Africa,Nigeria,Nigeria,Live Search,,,2026-07-20,Live search,Indeed,B,Recognized job platform,Platform,59,Low,,https://ng.indeed.com/jobs?q=Business+Transformation+Manager&l=Nigeria&sort=date,"Direct platform search for Business Transformation Manager in Nigeria. Sort by newest on the platform and verify employer, date, location eligibility and application route."
search-010347,Live Search,live_search,Business Transformation Manager,Jobberman,Jobberman,Digital Transformation,Digital Transformation,,Africa,Nigeria,Nigeria,Live Search,,,2026-07-20,Live search,Jobberman,B,Recognized job platform,Platform,59,Low,,https://www.jobberman.com/jobs?q=Business+Transformation+Manager,"Direct platform search for Business Transformation Manager in Nigeria. Sort by newest on the platform and verify employer, date, location eligibility and application route."
search-010349,Live Search,live_search,Business Architect,Indeed,Indeed,Enterprise Architecture,Enterprise Architecture,,Africa,Nigeria,Nigeria,Live Search,,,2026-07-20,Live search,Indeed,B,Recognized job platform,Platform,64,Medium,,https://ng.indeed.com/jobs?q=Business+Architect&l=Nigeria&sort=date,"Direct platform search for Business Architect in Nigeria. Sort by newest on the platform and verify employer, date, location eligibility and application route."
search-010357,Live Search,live_search,Business Architect,Jobberman,Jobberman,Enterprise Architecture,Enterprise Architecture,,Africa,Nigeria,Nigeria,Live Search,,,2026-07-20,Live search,Jobberman,B,Recognized job platform,Platform,64,Medium,,https://www.jobberman.com/jobs?q=Business+Architect,"Direct platform search for Business Architect in Nigeria. Sort by newest on the platform and verify employer, date, location eligibility and application route."
search-010359,Live Search,live_search,IT Portfolio Manager,Indeed,Indeed,IT Strategy & Governance,IT Strategy & Governance,,Africa,Nigeria,Nigeria,Live Search,,,2026-07-20,Live search,Indeed,B,Recognized job platform,Platform,61,Medium,,https://ng.indeed.com/jobs?q=IT+Portfolio+Manager&l=Nigeria&sort=date,"Direct platform search for IT Portfolio Manager in Nigeria. Sort by newest on the platform and verify employer, date, location eligibility and application route."
search-010367,Live Search,live_search,IT Portfolio Manager,Jobberman,Jobberman,IT Strategy & Governance,IT Strategy & Governance,,Africa,Nigeria,Nigeria,Live Search,,,2026-07-20,Live search,Jobberman,B,Recognized job platform,Platform,61,Medium,,https://www.jobberman.com/jobs?q=IT+Portfolio+Manager,"Direct platform search for IT Portfolio Manager in Nigeria. Sort by newest on the platform and verify employer, date, location eligibility and application route."
search-010369,Live Search,live_search,Product Director,Indeed,Indeed,Technology Leadership,Technology Leadership,,Africa,Nigeria,Nigeria,Live Search,,,2026-07-20,Live search,Indeed,B,Recognized job platform,Platform,59,Low,,https://ng.indeed.com/jobs?q=Product+Director&l=Nigeria&sort=date,"Direct platform search for Product Director in Nigeria. Sort by newest on the platform and verify employer, date, location eligibility and application route."
search-010377,Live Search,live_search,Product Director,Jobberman,Jobberman,Technology Leadership,Technology Leadership,,Africa,Nigeria,Nigeria,Live Search,,,2026-07-20,Live search,Jobberman,B,Recognized job platform,Platform,59,Low,,https://www.jobberman.com/jobs?q=Product+Director,"Direct platform search for Product Director in Nigeria. Sort by newest on the platform and verify employer, date, location eligibility and application route."
search-010379,Live Search,live_search,Digital Product Manager,Indeed,Indeed,Digital Product,Digital Product,,Africa,Nigeria,Nigeria,Live Search,,,2026-07-20,Live search,Indeed,B,Recognized job platform,Platform,56,Low,,https://ng.indeed.com/jobs?q=Digital+Product+Manager&l=Nigeria&sort=date,"Direct platform search for Digital Product Manager in Nigeria. Sort by newest on the platform and verify employer, date, location eligibility and application route."
search-010387,Live Search,live_search,Digital Product Manager,Jobberman,Jobberman,Digital Product,Digital Product,,Africa,Nigeria,Nigeria,Live Search,,,2026-07-20,Live search,Jobberman,B,Recognized job platform,Platform,56,Low,,https://www.jobberman.com/jobs?q=Digital+Product+Manager,"Direct platform search for Digital Product Manager in Nigeria. Sort by newest on the platform and verify employer, date, location eligibility and application route."
search-010389,Live Search,live_search,Enterprise Architect,Indeed,Indeed,Enterprise Architecture,Enterprise Architecture,,Africa,Ghana,Ghana,Live Search,,,2026-07-20,Live search,Indeed,B,Recognized job platform,Platform,64,Medium,,https://gh.indeed.com/jobs?q=Enterprise+Architect&l=Ghana&sort=date,"Direct platform search for Enterprise Architect in Ghana. Sort by newest on the platform and verify employer, date, location eligibility and application route."
search-010397,Live Search,live_search,Enterprise Architect,Jobberman,Jobberman,Enterprise Architecture,Enterprise Architecture,,Africa,Ghana,Ghana,Live Search,,,2026-07-20,Live search,Jobberman,B,Direct organization or specialist source,Direct,64,Medium,,https://www.jobberman.com.gh/jobs?q=Enterprise+Architect,"Direct platform search for Enterprise Architect in Ghana. Sort by newest on the platform and verify employer, date, location eligibility and application route."
search-010399,Live Search,live_search,Solutions Architect,Indeed,Indeed,Solution Architecture,Solution Architecture,,Africa,Ghana,Ghana,Live Search,,,2026-07-20,Live search,Indeed,B,Recognized job platform,Platform,61,Medium,,https://gh.indeed.com/jobs?q=Solutions+Architect&l=Ghana&sort=date,"Direct platform search for Solutions Architect in Ghana. Sort by newest on the platform and verify employer, date, location eligibility and application route."
search-010407,Live Search,live_search,Solutions Architect,Jobberman,Jobberman,Solution Architecture,Solution Architecture,,Africa,Ghana,Ghana,Live Search,,,2026-07-20,Live search,Jobberman,B,Direct organization or specialist source,Direct,61,Medium,,https://www.jobberman.com.gh/jobs?q=Solutions+Architect,"Direct platform search for Solutions Architect in Ghana. Sort by newest on the platform and verify employer, date, location eligibility and application route."
search-010409,Live Search,live_search,Solution Architect,Indeed,Indeed,Solution Architecture,Solution Architecture,,Africa,Ghana,Ghana,Live Search,,,2026-07-20,Live search,Indeed,B,Recognized job platform,Platform,61,Medium,,https://gh.indeed.com/jobs?q=Solution+Architect&l=Ghana&sort=date,"Direct platform search for Solution Architect in Ghana. Sort by newest on the platform and verify employer, date, location eligibility and application route."
search-010417,Live Search,live_search,Solution Architect,Jobberman,Jobberman,Solution Architecture,Solution Architecture,,Africa,Ghana,Ghana,Live Search,,,2026-07-20,Live search,Jobberman,B,Direct organization or specialist source,Direct,61,Medium,,https://www.jobberman.com.gh/jobs?q=Solution+Architect,"Direct platform search for Solution Architect in Ghana. Sort by newest on the platform and verify employer, date, location eligibility and application route."
search-010419,Live Search,live_search,Technical Architect,Indeed,Indeed,Solution Architecture,Solution Architecture,,Africa,Ghana,Ghana,Live Search,,,2026-07-20,Live search,Indeed,B,Recognized job platform,Platform,61,Medium,,https://gh.indeed.com/jobs?q=Technical+Architect&l=Ghana&sort=date,"Direct platform search for Technical Architect in Ghana. Sort by newest on the platform and verify employer, date, location eligibility and application route."
search-010427,Live Search,live_search,Technical Architect,Jobberman,Jobberman,Solution Architecture,Solution Architecture,,Africa,Ghana,Ghana,Live Search,,,2026-07-20,Live search,Jobberman,B,Direct organization or specialist source,Direct,61,Medium,,https://www.jobberman.com.gh/jobs?q=Technical+Architect,"Direct platform search for Technical Architect in Ghana. Sort by newest on the platform and verify employer, date, location eligibility and application route."
search-010429,Live Search,live_search,Cloud Architect,Indeed,Indeed,Cloud & Infrastructure,Cloud & Infrastructure,,Africa,Ghana,Ghana,Live Search,,,2026-07-20,Live search,Indeed,B,Recognized job platform,Platform,57,Low,,https://gh.indeed.com/jobs?q=Cloud+Architect&l=Ghana&sort=date,"Direct platform search for Cloud Architect in Ghana. Sort by newest on the platform and verify employer, date, location eligibility and application route."
search-010437,Live Search,live_search,Cloud Architect,Jobberman,Jobberman,Cloud & Infrastructure,Cloud & Infrastructure,,Africa,Ghana,Ghana,Live Search,,,2026-07-20,Live search,Jobberman,B,Direct organization or specialist source,Direct,57,Low,,https://www.jobberman.com.gh/jobs?q=Cloud+Architect,"Direct platform search for Cloud Architect in Ghana. Sort by newest on the platform and verify employer, date, location eligibility and application route."
search-010439,Live Search,live_search,Data Architect,Indeed,Indeed,Data & Governance,Data & Governance,,Africa,Ghana,Ghana,Live Search,,,2026-07-20,Live search,Indeed,B,Recognized job platform,Platform,59,Low,,https://gh.indeed.com/jobs?q=Data+Architect&l=Ghana&sort=date,"Direct platform search for Data Architect in Ghana. Sort by newest on the platform and verify employer, date, location eligibility and application route."
search-010447,Live Search,live_search,Data Architect,Jobberman,Jobberman,Data & Governance,Data & Governance,,Africa,Ghana,Ghana,Live Search,,,2026-07-20,Live search,Jobberman,B,Direct organization or specialist source,Direct,59,Low,,https://www.jobberman.com.gh/jobs?q=Data+Architect,"Direct platform search for Data Architect in Ghana. Sort by newest on the platform and verify employer, date, location eligibility and application route."
search-010449,Live Search,live_search,Integration Architect,Indeed,Indeed,Integration Architecture,Integration Architecture,,Africa,Ghana,Ghana,Live Search,,,2026-07-20,Live search,Indeed,B,Recognized job platform,Platform,63,Medium,,https://gh.indeed.com/jobs?q=Integration+Architect&l=Ghana&sort=date,"Direct platform search for Integration Architect in Ghana. Sort by newest on the platform and verify employer, date, location eligibility and application route."
search-010457,Live Search,live_search,Integration Architect,Jobberman,Jobberman,Integration Architecture,Integration Architecture,,Africa,Ghana,Ghana,Live Search,,,2026-07-20,Live search,Jobberman,B,Direct organization or specialist source,Direct,63,Medium,,https://www.jobberman.com.gh/jobs?q=Integration+Architect,"Direct platform search for Integration Architect in Ghana. Sort by newest on the platform and verify employer, date, location eligibility and application route."
search-010459,Live Search,live_search,Application Architect,Indeed,Indeed,Solution Architecture,Solution Architecture,,Africa,Ghana,Ghana,Live Search,,,2026-07-20,Live search,Indeed,B,Recognized job platform,Platform,61,Medium,,https://gh.indeed.com/jobs?q=Application+Architect&l=Ghana&sort=date,"Direct platform search for Application Architect in Ghana. Sort by newest on the platform and verify employer, date, location eligibility and application route."
search-010467,Live Search,live_search,Application Architect,Jobberman,Jobberman,Solution Architecture,Solution Architecture,,Africa,Ghana,Ghana,Live Search,,,2026-07-20,Live search,Jobberman,B,Direct organization or specialist source,Direct,61,Medium,,https://www.jobberman.com.gh/jobs?q=Application+Architect,"Direct platform search for Application Architect in Ghana. Sort by newest on the platform and verify employer, date, location eligibility and application route."
search-010469,Live Search,live_search,Security Architect,Indeed,Indeed,Cybersecurity,Cybersecurity,,Africa,Ghana,Ghana,Live Search,,,2026-07-20,Live search,Indeed,B,Recognized job platform,Platform,56,Low,,https://gh.indeed.com/jobs?q=Security+Architect&l=Ghana&sort=date,"Direct platform search for Security Architect in Ghana. Sort by newest on the platform and verify employer, date, location eligibility and application route."
search-010477,Live Search,live_search,Security Architect,Jobberman,Jobberman,Cybersecurity,Cybersecurity,,Africa,Ghana,Ghana,Live Search,,,2026-07-20,Live search,Jobberman,B,Direct organization or specialist source,Direct,56,Low,,https://www.jobberman.com.gh/jobs?q=Security+Architect,"Direct platform search for Security Architect in Ghana. Sort by newest on the platform and verify employer, date, location eligibility and application route."
search-010479,Live Search,live_search,Infrastructure Architect,Indeed,Indeed,Cloud & Infrastructure,Cloud & Infrastructure,,Africa,Ghana,Ghana,Live Search,,,2026-07-20,Live search,Indeed,B,Recognized job platform,Platform,57,Low,,https://gh.indeed.com/jobs?q=Infrastructure+Architect&l=Ghana&sort=date,"Direct platform search for Infrastructure Architect in Ghana. Sort by newest on the platform and verify employer, date, location eligibility and application route."
search-010487,Live Search,live_search,Infrastructure Architect,Jobberman,Jobberman,Cloud & Infrastructure,Cloud & Infrastructure,,Africa,Ghana,Ghana,Live Search,,,2026-07-20,Live search,Jobberman,B,Direct organization or specialist source,Direct,57,Low,,https://www.jobberman.com.gh/jobs?q=Infrastructure+Architect,"Direct platform search for Infrastructure Architect in Ghana. Sort by newest on the platform and verify employer, date, location eligibility and application route."
search-010489,Live Search,live_search,Digital Transformation Director,Indeed,Indeed,Digital Transformation,Digital Transformation,,Africa,Ghana,Ghana,Live Search,,,2026-07-20,Live search,Indeed,B,Recognized job platform,Platform,63,Medium,,https://gh.indeed.com/jobs?q=Digital+Transformation+Director&l=Ghana&sort=date,"Direct platform search for Digital Transformation Director in Ghana. Sort by newest on the platform and verify employer, date, location eligibility and application route."
search-010497,Live Search,live_search,Digital Transformation Director,Jobberman,Jobberman,Digital Transformation,Digital Transformation,,Africa,Ghana,Ghana,Live Search,,,2026-07-20,Live search,Jobberman,B,Direct organization or specialist source,Direct,63,Medium,,https://www.jobberman.com.gh/jobs?q=Digital+Transformation+Director,"Direct platform search for Digital Transformation Director in Ghana. Sort by newest on the platform and verify employer, date, location eligibility and application route."
search-010499,Live Search,live_search,Digital Transformation Manager,Indeed,Indeed,Digital Transformation,Digital Transformation,,Africa,Ghana,Ghana,Live Search,,,2026-07-20,Live search,Indeed,B,Recognized job platform,Platform,59,Low,,https://gh.indeed.com/jobs?q=Digital+Transformation+Manager&l=Ghana&sort=date,"Direct platform search for Digital Transformation Manager in Ghana. Sort by newest on the platform and verify employer, date, location eligibility and application route."
search-010507,Live Search,live_search,Digital Transformation Manager,Jobberman,Jobberman,Digital Transformation,Digital Transformation,,Africa,Ghana,Ghana,Live Search,,,2026-07-20,Live search,Jobberman,B,Direct organization or specialist source,Direct,59,Low,,https://www.jobberman.com.gh/jobs?q=Digital+Transformation+Manager,"Direct platform search for Digital Transformation Manager in Ghana. Sort by newest on the platform and verify employer, date, location eligibility and application route."
search-010509,Live Search,live_search,Head of Digital Transformation,Indeed,Indeed,Digital Transformation,Digital Transformation,,Africa,Ghana,Ghana,Live Search,,,2026-07-20,Live search,Indeed,B,Recognized job platform,Platform,59,Low,,https://gh.indeed.com/jobs?q=Head+of+Digital+Transformation&l=Ghana&sort=date,"Direct platform search for Head of Digital Transformation in Ghana. Sort by newest on the platform and verify employer, date, location eligibility and application route."
search-010517,Live Search,live_search,Head of Digital Transformation,Jobberman,Jobberman,Digital Transformation,Digital Transformation,,Africa,Ghana,Ghana,Live Search,,,2026-07-20,Live search,Jobberman,B,Direct organization or specialist source,Direct,59,Low,,https://www.jobberman.com.gh/jobs?q=Head+of+Digital+Transformation,"Direct platform search for Head of Digital Transformation in Ghana. Sort by newest on the platform and verify employer, date, location eligibility and application route."
search-010519,Live Search,live_search,IT Director,Indeed,Indeed,Technology Leadership,Technology Leadership,,Africa,Ghana,Ghana,Live Search,,,2026-07-20,Live search,Indeed,B,Recognized job platform,Platform,63,Medium,,https://gh.indeed.com/jobs?q=IT+Director&l=Ghana&sort=date,"Direct platform search for IT Director in Ghana. Sort by newest on the platform and verify employer, date, location eligibility and application route."
search-010527,Live Search,live_search,IT Director,Jobberman,Jobberman,Technology Leadership,Technology Leadership,,Africa,Ghana,Ghana,Live Search,,,2026-07-20,Live search,Jobberman,B,Direct organization or specialist source,Direct,63,Medium,,https://www.jobberman.com.gh/jobs?q=IT+Director,"Direct platform search for IT Director in Ghana. Sort by newest on the platform and verify employer, date, location eligibility and application route."
search-010529,Live Search,live_search,Head of IT,Indeed,Indeed,Technology Leadership,Technology Leadership,,Africa,Ghana,Ghana,Live Search,,,2026-07-20,Live search,Indeed,B,Recognized job platform,Platform,59,Low,,https://gh.indeed.com/jobs?q=Head+of+IT&l=Ghana&sort=date,"Direct platform search for Head of IT in Ghana. Sort by newest on the platform and verify employer, date, location eligibility and application route."
search-010537,Live Search,live_search,Head of IT,Jobberman,Jobberman,Technology Leadership,Technology Leadership,,Africa,Ghana,Ghana,Live Search,,,2026-07-20,Live search,Jobberman,B,Direct organization or specialist source,Direct,59,Low,,https://www.jobberman.com.gh/jobs?q=Head+of+IT,"Direct platform search for Head of IT in Ghana. Sort by newest on the platform and verify employer, date, location eligibility and application route."
search-010539,Live Search,live_search,Chief Information Officer,Indeed,Indeed,Technology Leadership,Technology Leadership,,Africa,Ghana,Ghana,Live Search,,,2026-07-20,Live search,Indeed,B,Recognized job platform,Platform,56,Low,,https://gh.indeed.com/jobs?q=Chief+Information+Officer&l=Ghana&sort=date,"Direct platform search for Chief Information Officer in Ghana. Sort by newest on the platform and verify employer, date, location eligibility and application route."
search-010547,Live Search,live_search,Chief Information Officer,Jobberman,Jobberman,Technology Leadership,Technology Leadership,,Africa,Ghana,Ghana,Live Search,,,2026-07-20,Live search,Jobberman,B,Direct organization or specialist source,Direct,56,Low,,https://www.jobberman.com.gh/jobs?q=Chief+Information+Officer,"Direct platform search for Chief Information Officer in Ghana. Sort by newest on the platform and verify employer, date, location eligibility and application route."
search-010549,Live Search,live_search,Chief Technology Officer,Indeed,Indeed,Technology Leadership,Technology Leadership,,Africa,Ghana,Ghana,Live Search,,,2026-07-20,Live search,Indeed,B,Recognized job platform,Platform,56,Low,,https://gh.indeed.com/jobs?q=Chief+Technology+Officer&l=Ghana&sort=date,"Direct platform search for Chief Technology Officer in Ghana. Sort by newest on the platform and verify employer, date, location eligibility and application route."
search-010557,Live Search,live_search,Chief Technology Officer,Jobberman,Jobberman,Technology Leadership,Technology Leadership,,Africa,Ghana,Ghana,Live Search,,,2026-07-20,Live search,Jobberman,B,Direct organization or specialist source,Direct,56,Low,,https://www.jobberman.com.gh/jobs?q=Chief+Technology+Officer,"Direct platform search for Chief Technology Officer in Ghana. Sort by newest on the platform and verify employer, date, location eligibility and application route."
search-010559,Live Search,live_search,Technology Director,Indeed,Indeed,Technology Leadership,Technology Leadership,,Africa,Ghana,Ghana,Live Search,,,2026-07-20,Live search,Indeed,B,Recognized job platform,Platform,63,Medium,,https://gh.indeed.com/jobs?q=Technology+Director&l=Ghana&sort=date,"Direct platform search for Technology Director in Ghana. Sort by newest on the platform and verify employer, date, location eligibility and application route."
search-010567,Live Search,live_search,Technology Director,Jobberman,Jobberman,Technology Leadership,Technology Leadership,,Africa,Ghana,Ghana,Live Search,,,2026-07-20,Live search,Jobberman,B,Direct organization or specialist source,Direct,63,Medium,,https://www.jobberman.com.gh/jobs?q=Technology+Director,"Direct platform search for Technology Director in Ghana. Sort by newest on the platform and verify employer, date, location eligibility and application route."
search-010569,Live Search,live_search,IT Strategy Manager,Indeed,Indeed,IT Strategy & Governance,IT Strategy & Governance,,Africa,Ghana,Ghana,Live Search,,,2026-07-20,Live search,Indeed,B,Recognized job platform,Platform,61,Medium,,https://gh.indeed.com/jobs?q=IT+Strategy+Manager&l=Ghana&sort=date,"Direct platform search for IT Strategy Manager in Ghana. Sort by newest on the platform and verify employer, date, location eligibility and application route."
search-010577,Live Search,live_search,IT Strategy Manager,Jobberman,Jobberman,IT Strategy & Governance,IT Strategy & Governance,,Africa,Ghana,Ghana,Live Search,,,2026-07-20,Live search,Jobberman,B,Direct organization or specialist source,Direct,61,Medium,,https://www.jobberman.com.gh/jobs?q=IT+Strategy+Manager,"Direct platform search for IT Strategy Manager in Ghana. Sort by newest on the platform and verify employer, date, location eligibility and application route."
search-010579,Live Search,live_search,IT Governance Manager,Indeed,Indeed,IT Strategy & Governance,IT Strategy & Governance,,Africa,Ghana,Ghana,Live Search,,,2026-07-20,Live search,Indeed,B,Recognized job platform,Platform,61,Medium,,https://gh.indeed.com/jobs?q=IT+Governance+Manager&l=Ghana&sort=date,"Direct platform search for IT Governance Manager in Ghana. Sort by newest on the platform and verify employer, date, location eligibility and application route."
search-010587,Live Search,live_search,IT Governance Manager,Jobberman,Jobberman,IT Strategy & Governance,IT Strategy & Governance,,Africa,Ghana,Ghana,Live Search,,,2026-07-20,Live search,Jobberman,B,Direct organization or specialist source,Direct,61,Medium,,https://www.jobberman.com.gh/jobs?q=IT+Governance+Manager,"Direct platform search for IT Governance Manager in Ghana. Sort by newest on the platform and verify employer, date, location eligibility and application route."
search-010589,Live Search,live_search,Enterprise Applications Manager,Indeed,Indeed,Enterprise Applications,Enterprise Applications,,Africa,Ghana,Ghana,Live Search,,,2026-07-20,Live search,Indeed,B,Recognized job platform,Platform,59,Low,,https://gh.indeed.com/jobs?q=Enterprise+Applications+Manager&l=Ghana&sort=date,"Direct platform search for Enterprise Applications Manager in Ghana. Sort by newest on the platform and verify employer, date, location eligibility and application route."
search-010597,Live Search,live_search,Enterprise Applications Manager,Jobberman,Jobberman,Enterprise Applications,Enterprise Applications,,Africa,Ghana,Ghana,Live Search,,,2026-07-20,Live search,Jobberman,B,Direct organization or specialist source,Direct,59,Low,,https://www.jobberman.com.gh/jobs?q=Enterprise+Applications+Manager,"Direct platform search for Enterprise Applications Manager in Ghana. Sort by newest on the platform and verify employer, date, location eligibility and application route."
search-010599,Live Search,live_search,ERP Program Manager,Indeed,Indeed,Programme & Delivery,Programme & Delivery,,Africa,Ghana,Ghana,Live Search,,,2026-07-20,Live search,Indeed,B,Recognized job platform,Platform,61,Medium,,https://gh.indeed.com/jobs?q=ERP+Program+Manager&l=Ghana&sort=date,"Direct platform search for ERP Program Manager in Ghana. Sort by newest on the platform and verify employer, date, location eligibility and application route."
search-010607,Live Search,live_search,ERP Program Manager,Jobberman,Jobberman,Programme & Delivery,Programme & Delivery,,Africa,Ghana,Ghana,Live Search,,,2026-07-20,Live search,Jobberman,B,Direct organization or specialist source,Direct,61,Medium,,https://www.jobberman.com.gh/jobs?q=ERP+Program+Manager,"Direct platform search for ERP Program Manager in Ghana. Sort by newest on the platform and verify employer, date, location eligibility and application route."
search-010609,Live Search,live_search,SAP Program Manager,Indeed,Indeed,Programme & Delivery,Programme & Delivery,,Africa,Ghana,Ghana,Live Search,,,2026-07-20,Live search,Indeed,B,Recognized job platform,Platform,59,Low,,https://gh.indeed.com/jobs?q=SAP+Program+Manager&l=Ghana&sort=date,"Direct platform search for SAP Program Manager in Ghana. Sort by newest on the platform and verify employer, date, location eligibility and application route."
search-010617,Live Search,live_search,SAP Program Manager,Jobberman,Jobberman,Programme & Delivery,Programme & Delivery,,Africa,Ghana,Ghana,Live Search,,,2026-07-20,Live search,Jobberman,B,Direct organization or specialist source,Direct,59,Low,,https://www.jobberman.com.gh/jobs?q=SAP+Program+Manager,"Direct platform search for SAP Program Manager in Ghana. Sort by newest on the platform and verify employer, date, location eligibility and application route."
search-010619,Live Search,live_search,Healthcare IT Manager,Indeed,Indeed,Healthcare IT & Digital Health,Healthcare IT & Digital Health,,Africa,Ghana,Ghana,Live Search,,,2026-07-20,Live search,Indeed,B,Recognized job platform,Platform,64,Medium,,https://gh.indeed.com/jobs?q=Healthcare+IT+Manager&l=Ghana&sort=date,"Direct platform search for Healthcare IT Manager in Ghana. Sort by newest on the platform and verify employer, date, location eligibility and application route."
search-010627,Live Search,live_search,Healthcare IT Manager,Jobberman,Jobberman,Healthcare IT & Digital Health,Healthcare IT & Digital Health,,Africa,Ghana,Ghana,Live Search,,,2026-07-20,Live search,Jobberman,B,Direct organization or specialist source,Direct,64,Medium,,https://www.jobberman.com.gh/jobs?q=Healthcare+IT+Manager,"Direct platform search for Healthcare IT Manager in Ghana. Sort by newest on the platform and verify employer, date, location eligibility and application route."
search-010629,Live Search,live_search,Health Informatics Director,Indeed,Indeed,Healthcare IT & Digital Health,Healthcare IT & Digital Health,,Africa,Ghana,Ghana,Live Search,,,2026-07-20,Live search,Indeed,B,Recognized job platform,Platform,68,Medium,,https://gh.indeed.com/jobs?q=Health+Informatics+Director&l=Ghana&sort=date,"Direct platform search for Health Informatics Director in Ghana. Sort by newest on the platform and verify employer, date, location eligibility and application route."
search-010637,Live Search,live_search,Health Informatics Director,Jobberman,Jobberman,Healthcare IT & Digital Health,Healthcare IT & Digital Health,,Africa,Ghana,Ghana,Live Search,,,2026-07-20,Live search,Jobberman,B,Direct organization or specialist source,Direct,68,Medium,,https://www.jobberman.com.gh/jobs?q=Health+Informatics+Director,"Direct platform search for Health Informatics Director in Ghana. Sort by newest on the platform and verify employer, date, location eligibility and application route."
search-010639,Live Search,live_search,Digital Health Director,Indeed,Indeed,Healthcare IT & Digital Health,Healthcare IT & Digital Health,,Africa,Ghana,Ghana,Live Search,,,2026-07-20,Live search,Indeed,B,Recognized job platform,Platform,68,Medium,,https://gh.indeed.com/jobs?q=Digital+Health+Director&l=Ghana&sort=date,"Direct platform search for Digital Health Director in Ghana. Sort by newest on the platform and verify employer, date, location eligibility and application route."
search-010647,Live Search,live_search,Digital Health Director,Jobberman,Jobberman,Healthcare IT & Digital Health,Healthcare IT & Digital Health,,Africa,Ghana,Ghana,Live Search,,,2026-07-20,Live search,Jobberman,B,Direct organization or specialist source,Direct,68,Medium,,https://www.jobberman.com.gh/jobs?q=Digital+Health+Director,"Direct platform search for Digital Health Director in Ghana. Sort by newest on the platform and verify employer, date, location eligibility and application route."
search-010649,Live Search,live_search,Data Governance Manager,Indeed,Indeed,Data & Governance,Data & Governance,,Africa,Ghana,Ghana,Live Search,,,2026-07-20,Live search,Indeed,B,Recognized job platform,Platform,63,Medium,,https://gh.indeed.com/jobs?q=Data+Governance+Manager&l=Ghana&sort=date,"Direct platform search for Data Governance Manager in Ghana. Sort by newest on the platform and verify employer, date, location eligibility and application route."
search-010657,Live Search,live_search,Data Governance Manager,Jobberman,Jobberman,Data & Governance,Data & Governance,,Africa,Ghana,Ghana,Live Search,,,2026-07-20,Live search,Jobberman,B,Direct organization or specialist source,Direct,63,Medium,,https://www.jobberman.com.gh/jobs?q=Data+Governance+Manager,"Direct platform search for Data Governance Manager in Ghana. Sort by newest on the platform and verify employer, date, location eligibility and application route."
search-010659,Live Search,live_search,Data Platform Manager,Indeed,Indeed,Data & Governance,Data & Governance,,Africa,Ghana,Ghana,Live Search,,,2026-07-20,Live search,Indeed,B,Recognized job platform,Platform,59,Low,,https://gh.indeed.com/jobs?q=Data+Platform+Manager&l=Ghana&sort=date,"Direct platform search for Data Platform Manager in Ghana. Sort by newest on the platform and verify employer, date, location eligibility and application route."
search-010667,Live Search,live_search,Data Platform Manager,Jobberman,Jobberman,Data & Governance,Data & Governance,,Africa,Ghana,Ghana,Live Search,,,2026-07-20,Live search,Jobberman,B,Direct organization or specialist source,Direct,59,Low,,https://www.jobberman.com.gh/jobs?q=Data+Platform+Manager,"Direct platform search for Data Platform Manager in Ghana. Sort by newest on the platform and verify employer, date, location eligibility and application route."
search-010669,Live Search,live_search,Business Intelligence Director,Indeed,Indeed,Data & Governance,Data & Governance,,Africa,Ghana,Ghana,Live Search,,,2026-07-20,Live search,Indeed,B,Recognized job platform,Platform,63,Medium,,https://gh.indeed.com/jobs?q=Business+Intelligence+Director&l=Ghana&sort=date,"Direct platform search for Business Intelligence Director in Ghana. Sort by newest on the platform and verify employer, date, location eligibility and application route."
search-010677,Live Search,live_search,Business Intelligence Director,Jobberman,Jobberman,Data & Governance,Data & Governance,,Africa,Ghana,Ghana,Live Search,,,2026-07-20,Live search,Jobberman,B,Direct organization or specialist source,Direct,63,Medium,,https://www.jobberman.com.gh/jobs?q=Business+Intelligence+Director,"Direct platform search for Business Intelligence Director in Ghana. Sort by newest on the platform and verify employer, date, location eligibility and application route."
search-010679,Live Search,live_search,Analytics Director,Indeed,Indeed,Data & Governance,Data & Governance,,Africa,Ghana,Ghana,Live Search,,,2026-07-20,Live search,Indeed,B,Recognized job platform,Platform,65,Medium,,https://gh.indeed.com/jobs?q=Analytics+Director&l=Ghana&sort=date,"Direct platform search for Analytics Director in Ghana. Sort by newest on the platform and verify employer, date, location eligibility and application route."
search-010687,Live Search,live_search,Analytics Director,Jobberman,Jobberman,Data & Governance,Data & Governance,,Africa,Ghana,Ghana,Live Search,,,2026-07-20,Live search,Jobberman,B,Direct organization or specialist source,Direct,65,Medium,,https://www.jobberman.com.gh/jobs?q=Analytics+Director,"Direct platform search for Analytics Director in Ghana. Sort by newest on the platform and verify employer, date, location eligibility and application route."
search-010689,Live Search,live_search,AI Strategy Manager,Indeed,Indeed,IT Strategy & Governance,IT Strategy & Governance,,Africa,Ghana,Ghana,Live Search,,,2026-07-20,Live search,Indeed,B,Recognized job platform,Platform,61,Medium,,https://gh.indeed.com/jobs?q=AI+Strategy+Manager&l=Ghana&sort=date,"Direct platform search for AI Strategy Manager in Ghana. Sort by newest on the platform and verify employer, date, location eligibility and application route."
search-010697,Live Search,live_search,AI Strategy Manager,Jobberman,Jobberman,IT Strategy & Governance,IT Strategy & Governance,,Africa,Ghana,Ghana,Live Search,,,2026-07-20,Live search,Jobberman,B,Direct organization or specialist source,Direct,61,Medium,,https://www.jobberman.com.gh/jobs?q=AI+Strategy+Manager,"Direct platform search for AI Strategy Manager in Ghana. Sort by newest on the platform and verify employer, date, location eligibility and application route."
search-010699,Live Search,live_search,AI Solutions Architect,Indeed,Indeed,Solution Architecture,Solution Architecture,,Africa,Ghana,Ghana,Live Search,,,2026-07-20,Live search,Indeed,B,Recognized job platform,Platform,61,Medium,,https://gh.indeed.com/jobs?q=AI+Solutions+Architect&l=Ghana&sort=date,"Direct platform search for AI Solutions Architect in Ghana. Sort by newest on the platform and verify employer, date, location eligibility and application route."
search-010707,Live Search,live_search,AI Solutions Architect,Jobberman,Jobberman,Solution Architecture,Solution Architecture,,Africa,Ghana,Ghana,Live Search,,,2026-07-20,Live search,Jobberman,B,Direct organization or specialist source,Direct,61,Medium,,https://www.jobberman.com.gh/jobs?q=AI+Solutions+Architect,"Direct platform search for AI Solutions Architect in Ghana. Sort by newest on the platform and verify employer, date, location eligibility and application route."
search-010709,Live Search,live_search,Technical Program Manager,Indeed,Indeed,Programme & Delivery,Programme & Delivery,,Africa,Ghana,Ghana,Live Search,,,2026-07-20,Live search,Indeed,B,Recognized job platform,Platform,63,Medium,,https://gh.indeed.com/jobs?q=Technical+Program+Manager&l=Ghana&sort=date,"Direct platform search for Technical Program Manager in Ghana. Sort by newest on the platform and verify employer, date, location eligibility and application route."
search-010717,Live Search,live_search,Technical Program Manager,Jobberman,Jobberman,Programme & Delivery,Programme & Delivery,,Africa,Ghana,Ghana,Live Search,,,2026-07-20,Live search,Jobberman,B,Direct organization or specialist source,Direct,63,Medium,,https://www.jobberman.com.gh/jobs?q=Technical+Program+Manager,"Direct platform search for Technical Program Manager in Ghana. Sort by newest on the platform and verify employer, date, location eligibility and application route."
search-010719,Live Search,live_search,IT Program Manager,Indeed,Indeed,Programme & Delivery,Programme & Delivery,,Africa,Ghana,Ghana,Live Search,,,2026-07-20,Live search,Indeed,B,Recognized job platform,Platform,59,Low,,https://gh.indeed.com/jobs?q=IT+Program+Manager&l=Ghana&sort=date,"Direct platform search for IT Program Manager in Ghana. Sort by newest on the platform and verify employer, date, location eligibility and application route."
search-010727,Live Search,live_search,IT Program Manager,Jobberman,Jobberman,Programme & Delivery,Programme & Delivery,,Africa,Ghana,Ghana,Live Search,,,2026-07-20,Live search,Jobberman,B,Direct organization or specialist source,Direct,59,Low,,https://www.jobberman.com.gh/jobs?q=IT+Program+Manager,"Direct platform search for IT Program Manager in Ghana. Sort by newest on the platform and verify employer, date, location eligibility and application route."
search-010729,Live Search,live_search,PMO Director,Indeed,Indeed,Technology Leadership,Technology Leadership,,Africa,Ghana,Ghana,Live Search,,,2026-07-20,Live search,Indeed,B,Recognized job platform,Platform,59,Low,,https://gh.indeed.com/jobs?q=PMO+Director&l=Ghana&sort=date,"Direct platform search for PMO Director in Ghana. Sort by newest on the platform and verify employer, date, location eligibility and application route."
search-010737,Live Search,live_search,PMO Director,Jobberman,Jobberman,Technology Leadership,Technology Leadership,,Africa,Ghana,Ghana,Live Search,,,2026-07-20,Live search,Jobberman,B,Direct organization or specialist source,Direct,59,Low,,https://www.jobberman.com.gh/jobs?q=PMO+Director,"Direct platform search for PMO Director in Ghana. Sort by newest on the platform and verify employer, date, location eligibility and application route."
search-010739,Live Search,live_search,Technology Delivery Manager,Indeed,Indeed,Programme & Delivery,Programme & Delivery,,Africa,Ghana,Ghana,Live Search,,,2026-07-20,Live search,Indeed,B,Recognized job platform,Platform,59,Low,,https://gh.indeed.com/jobs?q=Technology+Delivery+Manager&l=Ghana&sort=date,"Direct platform search for Technology Delivery Manager in Ghana. Sort by newest on the platform and verify employer, date, location eligibility and application route."
search-010747,Live Search,live_search,Technology Delivery Manager,Jobberman,Jobberman,Programme & Delivery,Programme & Delivery,,Africa,Ghana,Ghana,Live Search,,,2026-07-20,Live search,Jobberman,B,Direct organization or specialist source,Direct,59,Low,,https://www.jobberman.com.gh/jobs?q=Technology+Delivery+Manager,"Direct platform search for Technology Delivery Manager in Ghana. Sort by newest on the platform and verify employer, date, location eligibility and application route."
search-010749,Live Search,live_search,Systems Manager,Indeed,Indeed,IT Operations,IT Operations,,Africa,Ghana,Ghana,Live Search,,,2026-07-20,Live search,Indeed,B,Recognized job platform,Platform,59,Low,,https://gh.indeed.com/jobs?q=Systems+Manager&l=Ghana&sort=date,"Direct platform search for Systems Manager in Ghana. Sort by newest on the platform and verify employer, date, location eligibility and application route."
search-010757,Live Search,live_search,Systems Manager,Jobberman,Jobberman,IT Operations,IT Operations,,Africa,Ghana,Ghana,Live Search,,,2026-07-20,Live search,Jobberman,B,Direct organization or specialist source,Direct,59,Low,,https://www.jobberman.com.gh/jobs?q=Systems+Manager,"Direct platform search for Systems Manager in Ghana. Sort by newest on the platform and verify employer, date, location eligibility and application route."
search-010759,Live Search,live_search,Infrastructure Manager,Indeed,Indeed,Technology & Digital,Technology & Digital,,Africa,Ghana,Ghana,Live Search,,,2026-07-20,Live search,Indeed,B,Recognized job platform,Platform,56,Low,,https://gh.indeed.com/jobs?q=Infrastructure+Manager&l=Ghana&sort=date,"Direct platform search for Infrastructure Manager in Ghana. Sort by newest on the platform and verify employer, date, location eligibility and application route."
search-010767,Live Search,live_search,Infrastructure Manager,Jobberman,Jobberman,Technology & Digital,Technology & Digital,,Africa,Ghana,Ghana,Live Search,,,2026-07-20,Live search,Jobberman,B,Direct organization or specialist source,Direct,56,Low,,https://www.jobberman.com.gh/jobs?q=Infrastructure+Manager,"Direct platform search for Infrastructure Manager in Ghana. Sort by newest on the platform and verify employer, date, location eligibility and application route."
search-010769,Live Search,live_search,IT Operations Manager,Indeed,Indeed,IT Operations,IT Operations,,Africa,Ghana,Ghana,Live Search,,,2026-07-20,Live search,Indeed,B,Recognized job platform,Platform,56,Low,,https://gh.indeed.com/jobs?q=IT+Operations+Manager&l=Ghana&sort=date,"Direct platform search for IT Operations Manager in Ghana. Sort by newest on the platform and verify employer, date, location eligibility and application route."
search-010777,Live Search,live_search,IT Operations Manager,Jobberman,Jobberman,IT Operations,IT Operations,,Africa,Ghana,Ghana,Live Search,,,2026-07-20,Live search,Jobberman,B,Direct organization or specialist source,Direct,56,Low,,https://www.jobberman.com.gh/jobs?q=IT+Operations+Manager,"Direct platform search for IT Operations Manager in Ghana. Sort by newest on the platform and verify employer, date, location eligibility and application route."
search-010779,Live Search,live_search,Service Delivery Manager,Indeed,Indeed,Programme & Delivery,Programme & Delivery,,Africa,Ghana,Ghana,Live Search,,,2026-07-20,Live search,Indeed,B,Recognized job platform,Platform,59,Low,,https://gh.indeed.com/jobs?q=Service+Delivery+Manager&l=Ghana&sort=date,"Direct platform search for Service Delivery Manager in Ghana. Sort by newest on the platform and verify employer, date, location eligibility and application route."
search-010787,Live Search,live_search,Service Delivery Manager,Jobberman,Jobberman,Programme & Delivery,Programme & Delivery,,Africa,Ghana,Ghana,Live Search,,,2026-07-20,Live search,Jobberman,B,Direct organization or specialist source,Direct,59,Low,,https://www.jobberman.com.gh/jobs?q=Service+Delivery+Manager,"Direct platform search for Service Delivery Manager in Ghana. Sort by newest on the platform and verify employer, date, location eligibility and application route."
search-010789,Live Search,live_search,Solutions Engineering Manager,Indeed,Indeed,Solution Architecture,Solution Architecture,,Africa,Ghana,Ghana,Live Search,,,2026-07-20,Live search,Indeed,B,Recognized job platform,Platform,61,Medium,,https://gh.indeed.com/jobs?q=Solutions+Engineering+Manager&l=Ghana&sort=date,"Direct platform search for Solutions Engineering Manager in Ghana. Sort by newest on the platform and verify employer, date, location eligibility and application route."
search-010797,Live Search,live_search,Solutions Engineering Manager,Jobberman,Jobberman,Solution Architecture,Solution Architecture,,Africa,Ghana,Ghana,Live Search,,,2026-07-20,Live search,Jobberman,B,Direct organization or specialist source,Direct,61,Medium,,https://www.jobberman.com.gh/jobs?q=Solutions+Engineering+Manager,"Direct platform search for Solutions Engineering Manager in Ghana. Sort by newest on the platform and verify employer, date, location eligibility and application route."
search-010799,Live Search,live_search,Presales Solution Architect,Indeed,Indeed,Solution Architecture,Solution Architecture,,Africa,Ghana,Ghana,Live Search,,,2026-07-20,Live search,Indeed,B,Recognized job platform,Platform,61,Medium,,https://gh.indeed.com/jobs?q=Presales+Solution+Architect&l=Ghana&sort=date,"Direct platform search for Presales Solution Architect in Ghana. Sort by newest on the platform and verify employer, date, location eligibility and application route."
search-010807,Live Search,live_search,Presales Solution Architect,Jobberman,Jobberman,Solution Architecture,Solution Architecture,,Africa,Ghana,Ghana,Live Search,,,2026-07-20,Live search,Jobberman,B,Direct organization or specialist source,Direct,61,Medium,,https://www.jobberman.com.gh/jobs?q=Presales+Solution+Architect,"Direct platform search for Presales Solution Architect in Ghana. Sort by newest on the platform and verify employer, date, location eligibility and application route."
search-010809,Live Search,live_search,Business Transformation Manager,Indeed,Indeed,Digital Transformation,Digital Transformation,,Africa,Ghana,Ghana,Live Search,,,2026-07-20,Live search,Indeed,B,Recognized job platform,Platform,59,Low,,https://gh.indeed.com/jobs?q=Business+Transformation+Manager&l=Ghana&sort=date,"Direct platform search for Business Transformation Manager in Ghana. Sort by newest on the platform and verify employer, date, location eligibility and application route."
search-010817,Live Search,live_search,Business Transformation Manager,Jobberman,Jobberman,Digital Transformation,Digital Transformation,,Africa,Ghana,Ghana,Live Search,,,2026-07-20,Live search,Jobberman,B,Direct organization or specialist source,Direct,59,Low,,https://www.jobberman.com.gh/jobs?q=Business+Transformation+Manager,"Direct platform search for Business Transformation Manager in Ghana. Sort by newest on the platform and verify employer, date, location eligibility and application route."
search-010819,Live Search,live_search,Business Architect,Indeed,Indeed,Enterprise Architecture,Enterprise Architecture,,Africa,Ghana,Ghana,Live Search,,,2026-07-20,Live search,Indeed,B,Recognized job platform,Platform,64,Medium,,https://gh.indeed.com/jobs?q=Business+Architect&l=Ghana&sort=date,"Direct platform search for Business Architect in Ghana. Sort by newest on the platform and verify employer, date, location eligibility and application route."
search-010827,Live Search,live_search,Business Architect,Jobberman,Jobberman,Enterprise Architecture,Enterprise Architecture,,Africa,Ghana,Ghana,Live Search,,,2026-07-20,Live search,Jobberman,B,Direct organization or specialist source,Direct,64,Medium,,https://www.jobberman.com.gh/jobs?q=Business+Architect,"Direct platform search for Business Architect in Ghana. Sort by newest on the platform and verify employer, date, location eligibility and application route."
search-010829,Live Search,live_search,IT Portfolio Manager,Indeed,Indeed,IT Strategy & Governance,IT Strategy & Governance,,Africa,Ghana,Ghana,Live Search,,,2026-07-20,Live search,Indeed,B,Recognized job platform,Platform,61,Medium,,https://gh.indeed.com/jobs?q=IT+Portfolio+Manager&l=Ghana&sort=date,"Direct platform search for IT Portfolio Manager in Ghana. Sort by newest on the platform and verify employer, date, location eligibility and application route."
search-010837,Live Search,live_search,IT Portfolio Manager,Jobberman,Jobberman,IT Strategy & Governance,IT Strategy & Governance,,Africa,Ghana,Ghana,Live Search,,,2026-07-20,Live search,Jobberman,B,Direct organization or specialist source,Direct,61,Medium,,https://www.jobberman.com.gh/jobs?q=IT+Portfolio+Manager,"Direct platform search for IT Portfolio Manager in Ghana. Sort by newest on the platform and verify employer, date, location eligibility and application route."
search-010839,Live Search,live_search,Product Director,Indeed,Indeed,Technology Leadership,Technology Leadership,,Africa,Ghana,Ghana,Live Search,,,2026-07-20,Live search,Indeed,B,Recognized job platform,Platform,59,Low,,https://gh.indeed.com/jobs?q=Product+Director&l=Ghana&sort=date,"Direct platform search for Product Director in Ghana. Sort by newest on the platform and verify employer, date, location eligibility and application route."
search-010847,Live Search,live_search,Product Director,Jobberman,Jobberman,Technology Leadership,Technology Leadership,,Africa,Ghana,Ghana,Live Search,,,2026-07-20,Live search,Jobberman,B,Direct organization or specialist source,Direct,59,Low,,https://www.jobberman.com.gh/jobs?q=Product+Director,"Direct platform search for Product Director in Ghana. Sort by newest on the platform and verify employer, date, location eligibility and application route."
search-010849,Live Search,live_search,Digital Product Manager,Indeed,Indeed,Digital Product,Digital Product,,Africa,Ghana,Ghana,Live Search,,,2026-07-20,Live search,Indeed,B,Recognized job platform,Platform,56,Low,,https://gh.indeed.com/jobs?q=Digital+Product+Manager&l=Ghana&sort=date,"Direct platform search for Digital Product Manager in Ghana. Sort by newest on the platform and verify employer, date, location eligibility and application route."
search-010857,Live Search,live_search,Digital Product Manager,Jobberman,Jobberman,Digital Product,Digital Product,,Africa,Ghana,Ghana,Live Search,,,2026-07-20,Live search,Jobberman,B,Direct organization or specialist source,Direct,56,Low,,https://www.jobberman.com.gh/jobs?q=Digital+Product+Manager,"Direct platform search for Digital Product Manager in Ghana. Sort by newest on the platform and verify employer, date, location eligibility and application route."
search-010859,Live Search,live_search,Enterprise Architect,Indeed,Indeed,Enterprise Architecture,Enterprise Architecture,,Africa,Malawi,Malawi,Live Search,,,2026-07-20,Live search,Indeed,B,Recognized job platform,Platform,64,Medium,,https://www.indeed.com/jobs?q=Enterprise+Architect&l=Rwanda&sort=date,"Direct platform search for Enterprise Architect in Malawi. Sort by newest on the platform and verify employer, date, location eligibility and application route."
search-010868,Live Search,live_search,Solutions Architect,Indeed,Indeed,Solution Architecture,Solution Architecture,,Africa,Malawi,Malawi,Live Search,,,2026-07-20,Live search,Indeed,B,Recognized job platform,Platform,61,Medium,,https://www.indeed.com/jobs?q=Solutions+Architect&l=Rwanda&sort=date,"Direct platform search for Solutions Architect in Malawi. Sort by newest on the platform and verify employer, date, location eligibility and application route."
search-010877,Live Search,live_search,Solution Architect,Indeed,Indeed,Solution Architecture,Solution Architecture,,Africa,Malawi,Malawi,Live Search,,,2026-07-20,Live search,Indeed,B,Recognized job platform,Platform,61,Medium,,https://www.indeed.com/jobs?q=Solution+Architect&l=Rwanda&sort=date,"Direct platform search for Solution Architect in Malawi. Sort by newest on the platform and verify employer, date, location eligibility and application route."
search-010886,Live Search,live_search,Technical Architect,Indeed,Indeed,Solution Architecture,Solution Architecture,,Africa,Malawi,Malawi,Live Search,,,2026-07-20,Live search,Indeed,B,Recognized job platform,Platform,61,Medium,,https://www.indeed.com/jobs?q=Technical+Architect&l=Rwanda&sort=date,"Direct platform search for Technical Architect in Malawi. Sort by newest on the platform and verify employer, date, location eligibility and application route."
search-010895,Live Search,live_search,Cloud Architect,Indeed,Indeed,Cloud & Infrastructure,Cloud & Infrastructure,,Africa,Malawi,Malawi,Live Search,,,2026-07-20,Live search,Indeed,B,Recognized job platform,Platform,57,Low,,https://www.indeed.com/jobs?q=Cloud+Architect&l=Rwanda&sort=date,"Direct platform search for Cloud Architect in Malawi. Sort by newest on the platform and verify employer, date, location eligibility and application route."
search-010904,Live Search,live_search,Data Architect,Indeed,Indeed,Data & Governance,Data & Governance,,Africa,Malawi,Malawi,Live Search,,,2026-07-20,Live search,Indeed,B,Recognized job platform,Platform,59,Low,,https://www.indeed.com/jobs?q=Data+Architect&l=Rwanda&sort=date,"Direct platform search for Data Architect in Malawi. Sort by newest on the platform and verify employer, date, location eligibility and application route."
search-010913,Live Search,live_search,Integration Architect,Indeed,Indeed,Integration Architecture,Integration Architecture,,Africa,Malawi,Malawi,Live Search,,,2026-07-20,Live search,Indeed,B,Recognized job platform,Platform,63,Medium,,https://www.indeed.com/jobs?q=Integration+Architect&l=Rwanda&sort=date,"Direct platform search for Integration Architect in Malawi. Sort by newest on the platform and verify employer, date, location eligibility and application route."
search-010922,Live Search,live_search,Application Architect,Indeed,Indeed,Solution Architecture,Solution Architecture,,Africa,Malawi,Malawi,Live Search,,,2026-07-20,Live search,Indeed,B,Recognized job platform,Platform,61,Medium,,https://www.indeed.com/jobs?q=Application+Architect&l=Rwanda&sort=date,"Direct platform search for Application Architect in Malawi. Sort by newest on the platform and verify employer, date, location eligibility and application route."
search-010931,Live Search,live_search,Security Architect,Indeed,Indeed,Cybersecurity,Cybersecurity,,Africa,Malawi,Malawi,Live Search,,,2026-07-20,Live search,Indeed,B,Recognized job platform,Platform,56,Low,,https://www.indeed.com/jobs?q=Security+Architect&l=Rwanda&sort=date,"Direct platform search for Security Architect in Malawi. Sort by newest on the platform and verify employer, date, location eligibility and application route."
search-010940,Live Search,live_search,Infrastructure Architect,Indeed,Indeed,Cloud & Infrastructure,Cloud & Infrastructure,,Africa,Malawi,Malawi,Live Search,,,2026-07-20,Live search,Indeed,B,Recognized job platform,Platform,57,Low,,https://www.indeed.com/jobs?q=Infrastructure+Architect&l=Rwanda&sort=date,"Direct platform search for Infrastructure Architect in Malawi. Sort by newest on the platform and verify employer, date, location eligibility and application route."
search-010949,Live Search,live_search,Digital Transformation Director,Indeed,Indeed,Digital Transformation,Digital Transformation,,Africa,Malawi,Malawi,Live Search,,,2026-07-20,Live search,Indeed,B,Recognized job platform,Platform,63,Medium,,https://www.indeed.com/jobs?q=Digital+Transformation+Director&l=Rwanda&sort=date,"Direct platform search for Digital Transformation Director in Malawi. Sort by newest on the platform and verify employer, date, location eligibility and application route."
search-010958,Live Search,live_search,Digital Transformation Manager,Indeed,Indeed,Digital Transformation,Digital Transformation,,Africa,Malawi,Malawi,Live Search,,,2026-07-20,Live search,Indeed,B,Recognized job platform,Platform,59,Low,,https://www.indeed.com/jobs?q=Digital+Transformation+Manager&l=Rwanda&sort=date,"Direct platform search for Digital Transformation Manager in Malawi. Sort by newest on the platform and verify employer, date, location eligibility and application route."
search-010967,Live Search,live_search,Head of Digital Transformation,Indeed,Indeed,Digital Transformation,Digital Transformation,,Africa,Malawi,Malawi,Live Search,,,2026-07-20,Live search,Indeed,B,Recognized job platform,Platform,59,Low,,https://www.indeed.com/jobs?q=Head+of+Digital+Transformation&l=Rwanda&sort=date,"Direct platform search for Head of Digital Transformation in Malawi. Sort by newest on the platform and verify employer, date, location eligibility and application route."
search-010976,Live Search,live_search,IT Director,Indeed,Indeed,Technology Leadership,Technology Leadership,,Africa,Malawi,Malawi,Live Search,,,2026-07-20,Live search,Indeed,B,Recognized job platform,Platform,63,Medium,,https://www.indeed.com/jobs?q=IT+Director&l=Rwanda&sort=date,"Direct platform search for IT Director in Malawi. Sort by newest on the platform and verify employer, date, location eligibility and application route."
search-010985,Live Search,live_search,Head of IT,Indeed,Indeed,Technology Leadership,Technology Leadership,,Africa,Malawi,Malawi,Live Search,,,2026-07-20,Live search,Indeed,B,Recognized job platform,Platform,59,Low,,https://www.indeed.com/jobs?q=Head+of+IT&l=Rwanda&sort=date,"Direct platform search for Head of IT in Malawi. Sort by newest on the platform and verify employer, date, location eligibility and application route."
search-010994,Live Search,live_search,Chief Information Officer,Indeed,Indeed,Technology Leadership,Technology Leadership,,Africa,Malawi,Malawi,Live Search,,,2026-07-20,Live search,Indeed,B,Recognized job platform,Platform,56,Low,,https://www.indeed.com/jobs?q=Chief+Information+Officer&l=Rwanda&sort=date,"Direct platform search for Chief Information Officer in Malawi. Sort by newest on the platform and verify employer, date, location eligibility and application route."
search-011003,Live Search,live_search,Chief Technology Officer,Indeed,Indeed,Technology Leadership,Technology Leadership,,Africa,Malawi,Malawi,Live Search,,,2026-07-20,Live search,Indeed,B,Recognized job platform,Platform,56,Low,,https://www.indeed.com/jobs?q=Chief+Technology+Officer&l=Rwanda&sort=date,"Direct platform search for Chief Technology Officer in Malawi. Sort by newest on the platform and verify employer, date, location eligibility and application route."
search-011012,Live Search,live_search,Technology Director,Indeed,Indeed,Technology Leadership,Technology Leadership,,Africa,Malawi,Malawi,Live Search,,,2026-07-20,Live search,Indeed,B,Recognized job platform,Platform,63,Medium,,https://www.indeed.com/jobs?q=Technology+Director&l=Rwanda&sort=date,"Direct platform search for Technology Director in Malawi. Sort by newest on the platform and verify employer, date, location eligibility and application route."
search-011021,Live Search,live_search,IT Strategy Manager,Indeed,Indeed,IT Strategy & Governance,IT Strategy & Governance,,Africa,Malawi,Malawi,Live Search,,,2026-07-20,Live search,Indeed,B,Recognized job platform,Platform,61,Medium,,https://www.indeed.com/jobs?q=IT+Strategy+Manager&l=Rwanda&sort=date,"Direct platform search for IT Strategy Manager in Malawi. Sort by newest on the platform and verify employer, date, location eligibility and application route."
search-011030,Live Search,live_search,IT Governance Manager,Indeed,Indeed,IT Strategy & Governance,IT Strategy & Governance,,Africa,Malawi,Malawi,Live Search,,,2026-07-20,Live search,Indeed,B,Recognized job platform,Platform,61,Medium,,https://www.indeed.com/jobs?q=IT+Governance+Manager&l=Rwanda&sort=date,"Direct platform search for IT Governance Manager in Malawi. Sort by newest on the platform and verify employer, date, location eligibility and application route."
search-011039,Live Search,live_search,Enterprise Applications Manager,Indeed,Indeed,Enterprise Applications,Enterprise Applications,,Africa,Malawi,Malawi,Live Search,,,2026-07-20,Live search,Indeed,B,Recognized job platform,Platform,59,Low,,https://www.indeed.com/jobs?q=Enterprise+Applications+Manager&l=Rwanda&sort=date,"Direct platform search for Enterprise Applications Manager in Malawi. Sort by newest on the platform and verify employer, date, location eligibility and application route."
search-011048,Live Search,live_search,ERP Program Manager,Indeed,Indeed,Programme & Delivery,Programme & Delivery,,Africa,Malawi,Malawi,Live Search,,,2026-07-20,Live search,Indeed,B,Recognized job platform,Platform,61,Medium,,https://www.indeed.com/jobs?q=ERP+Program+Manager&l=Rwanda&sort=date,"Direct platform search for ERP Program Manager in Malawi. Sort by newest on the platform and verify employer, date, location eligibility and application route."
search-011057,Live Search,live_search,SAP Program Manager,Indeed,Indeed,Programme & Delivery,Programme & Delivery,,Africa,Malawi,Malawi,Live Search,,,2026-07-20,Live search,Indeed,B,Recognized job platform,Platform,59,Low,,https://www.indeed.com/jobs?q=SAP+Program+Manager&l=Rwanda&sort=date,"Direct platform search for SAP Program Manager in Malawi. Sort by newest on the platform and verify employer, date, location eligibility and application route."
search-011066,Live Search,live_search,Healthcare IT Manager,Indeed,Indeed,Healthcare IT & Digital Health,Healthcare IT & Digital Health,,Africa,Malawi,Malawi,Live Search,,,2026-07-20,Live search,Indeed,B,Recognized job platform,Platform,64,Medium,,https://www.indeed.com/jobs?q=Healthcare+IT+Manager&l=Rwanda&sort=date,"Direct platform search for Healthcare IT Manager in Malawi. Sort by newest on the platform and verify employer, date, location eligibility and application route."
search-011075,Live Search,live_search,Health Informatics Director,Indeed,Indeed,Healthcare IT & Digital Health,Healthcare IT & Digital Health,,Africa,Malawi,Malawi,Live Search,,,2026-07-20,Live search,Indeed,B,Recognized job platform,Platform,68,Medium,,https://www.indeed.com/jobs?q=Health+Informatics+Director&l=Rwanda&sort=date,"Direct platform search for Health Informatics Director in Malawi. Sort by newest on the platform and verify employer, date, location eligibility and application route."
search-011084,Live Search,live_search,Digital Health Director,Indeed,Indeed,Healthcare IT & Digital Health,Healthcare IT & Digital Health,,Africa,Malawi,Malawi,Live Search,,,2026-07-20,Live search,Indeed,B,Recognized job platform,Platform,68,Medium,,https://www.indeed.com/jobs?q=Digital+Health+Director&l=Rwanda&sort=date,"Direct platform search for Digital Health Director in Malawi. Sort by newest on the platform and verify employer, date, location eligibility and application route."
search-011093,Live Search,live_search,Data Governance Manager,Indeed,Indeed,Data & Governance,Data & Governance,,Africa,Malawi,Malawi,Live Search,,,2026-07-20,Live search,Indeed,B,Recognized job platform,Platform,63,Medium,,https://www.indeed.com/jobs?q=Data+Governance+Manager&l=Rwanda&sort=date,"Direct platform search for Data Governance Manager in Malawi. Sort by newest on the platform and verify employer, date, location eligibility and application route."
search-011102,Live Search,live_search,Data Platform Manager,Indeed,Indeed,Data & Governance,Data & Governance,,Africa,Malawi,Malawi,Live Search,,,2026-07-20,Live search,Indeed,B,Recognized job platform,Platform,59,Low,,https://www.indeed.com/jobs?q=Data+Platform+Manager&l=Rwanda&sort=date,"Direct platform search for Data Platform Manager in Malawi. Sort by newest on the platform and verify employer, date, location eligibility and application route."
search-011111,Live Search,live_search,Business Intelligence Director,Indeed,Indeed,Data & Governance,Data & Governance,,Africa,Malawi,Malawi,Live Search,,,2026-07-20,Live search,Indeed,B,Recognized job platform,Platform,63,Medium,,https://www.indeed.com/jobs?q=Business+Intelligence+Director&l=Rwanda&sort=date,"Direct platform search for Business Intelligence Director in Malawi. Sort by newest on the platform and verify employer, date, location eligibility and application route."
search-011120,Live Search,live_search,Analytics Director,Indeed,Indeed,Data & Governance,Data & Governance,,Africa,Malawi,Malawi,Live Search,,,2026-07-20,Live search,Indeed,B,Recognized job platform,Platform,65,Medium,,https://www.indeed.com/jobs?q=Analytics+Director&l=Rwanda&sort=date,"Direct platform search for Analytics Director in Malawi. Sort by newest on the platform and verify employer, date, location eligibility and application route."
search-011129,Live Search,live_search,AI Strategy Manager,Indeed,Indeed,IT Strategy & Governance,IT Strategy & Governance,,Africa,Malawi,Malawi,Live Search,,,2026-07-20,Live search,Indeed,B,Recognized job platform,Platform,61,Medium,,https://www.indeed.com/jobs?q=AI+Strategy+Manager&l=Rwanda&sort=date,"Direct platform search for AI Strategy Manager in Malawi. Sort by newest on the platform and verify employer, date, location eligibility and application route."
search-011138,Live Search,live_search,AI Solutions Architect,Indeed,Indeed,Solution Architecture,Solution Architecture,,Africa,Malawi,Malawi,Live Search,,,2026-07-20,Live search,Indeed,B,Recognized job platform,Platform,61,Medium,,https://www.indeed.com/jobs?q=AI+Solutions+Architect&l=Rwanda&sort=date,"Direct platform search for AI Solutions Architect in Malawi. Sort by newest on the platform and verify employer, date, location eligibility and application route."
search-011147,Live Search,live_search,Technical Program Manager,Indeed,Indeed,Programme & Delivery,Programme & Delivery,,Africa,Malawi,Malawi,Live Search,,,2026-07-20,Live search,Indeed,B,Recognized job platform,Platform,63,Medium,,https://www.indeed.com/jobs?q=Technical+Program+Manager&l=Rwanda&sort=date,"Direct platform search for Technical Program Manager in Malawi. Sort by newest on the platform and verify employer, date, location eligibility and application route."
search-011156,Live Search,live_search,IT Program Manager,Indeed,Indeed,Programme & Delivery,Programme & Delivery,,Africa,Malawi,Malawi,Live Search,,,2026-07-20,Live search,Indeed,B,Recognized job platform,Platform,59,Low,,https://www.indeed.com/jobs?q=IT+Program+Manager&l=Rwanda&sort=date,"Direct platform search for IT Program Manager in Malawi. Sort by newest on the platform and verify employer, date, location eligibility and application route."
search-011165,Live Search,live_search,PMO Director,Indeed,Indeed,Technology Leadership,Technology Leadership,,Africa,Malawi,Malawi,Live Search,,,2026-07-20,Live search,Indeed,B,Recognized job platform,Platform,59,Low,,https://www.indeed.com/jobs?q=PMO+Director&l=Rwanda&sort=date,"Direct platform search for PMO Director in Malawi. Sort by newest on the platform and verify employer, date, location eligibility and application route."
search-011174,Live Search,live_search,Technology Delivery Manager,Indeed,Indeed,Programme & Delivery,Programme & Delivery,,Africa,Malawi,Malawi,Live Search,,,2026-07-20,Live search,Indeed,B,Recognized job platform,Platform,59,Low,,https://www.indeed.com/jobs?q=Technology+Delivery+Manager&l=Rwanda&sort=date,"Direct platform search for Technology Delivery Manager in Malawi. Sort by newest on the platform and verify employer, date, location eligibility and application route."
search-011183,Live Search,live_search,Systems Manager,Indeed,Indeed,IT Operations,IT Operations,,Africa,Malawi,Malawi,Live Search,,,2026-07-20,Live search,Indeed,B,Recognized job platform,Platform,59,Low,,https://www.indeed.com/jobs?q=Systems+Manager&l=Rwanda&sort=date,"Direct platform search for Systems Manager in Malawi. Sort by newest on the platform and verify employer, date, location eligibility and application route."
search-011192,Live Search,live_search,Infrastructure Manager,Indeed,Indeed,Technology & Digital,Technology & Digital,,Africa,Malawi,Malawi,Live Search,,,2026-07-20,Live search,Indeed,B,Recognized job platform,Platform,56,Low,,https://www.indeed.com/jobs?q=Infrastructure+Manager&l=Rwanda&sort=date,"Direct platform search for Infrastructure Manager in Malawi. Sort by newest on the platform and verify employer, date, location eligibility and application route."
search-011201,Live Search,live_search,IT Operations Manager,Indeed,Indeed,IT Operations,IT Operations,,Africa,Malawi,Malawi,Live Search,,,2026-07-20,Live search,Indeed,B,Recognized job platform,Platform,56,Low,,https://www.indeed.com/jobs?q=IT+Operations+Manager&l=Rwanda&sort=date,"Direct platform search for IT Operations Manager in Malawi. Sort by newest on the platform and verify employer, date, location eligibility and application route."
search-011210,Live Search,live_search,Service Delivery Manager,Indeed,Indeed,Programme & Delivery,Programme & Delivery,,Africa,Malawi,Malawi,Live Search,,,2026-07-20,Live search,Indeed,B,Recognized job platform,Platform,59,Low,,https://www.indeed.com/jobs?q=Service+Delivery+Manager&l=Rwanda&sort=date,"Direct platform search for Service Delivery Manager in Malawi. Sort by newest on the platform and verify employer, date, location eligibility and application route."
search-011219,Live Search,live_search,Solutions Engineering Manager,Indeed,Indeed,Solution Architecture,Solution Architecture,,Africa,Malawi,Malawi,Live Search,,,2026-07-20,Live search,Indeed,B,Recognized job platform,Platform,61,Medium,,https://www.indeed.com/jobs?q=Solutions+Engineering+Manager&l=Rwanda&sort=date,"Direct platform search for Solutions Engineering Manager in Malawi. Sort by newest on the platform and verify employer, date, location eligibility and application route."
search-011228,Live Search,live_search,Presales Solution Architect,Indeed,Indeed,Solution Architecture,Solution Architecture,,Africa,Malawi,Malawi,Live Search,,,2026-07-20,Live search,Indeed,B,Recognized job platform,Platform,61,Medium,,https://www.indeed.com/jobs?q=Presales+Solution+Architect&l=Rwanda&sort=date,"Direct platform search for Presales Solution Architect in Malawi. Sort by newest on the platform and verify employer, date, location eligibility and application route."
search-011237,Live Search,live_search,Business Transformation Manager,Indeed,Indeed,Digital Transformation,Digital Transformation,,Africa,Malawi,Malawi,Live Search,,,2026-07-20,Live search,Indeed,B,Recognized job platform,Platform,59,Low,,https://www.indeed.com/jobs?q=Business+Transformation+Manager&l=Rwanda&sort=date,"Direct platform search for Business Transformation Manager in Malawi. Sort by newest on the platform and verify employer, date, location eligibility and application route."
search-011246,Live Search,live_search,Business Architect,Indeed,Indeed,Enterprise Architecture,Enterprise Architecture,,Africa,Malawi,Malawi,Live Search,,,2026-07-20,Live search,Indeed,B,Recognized job platform,Platform,64,Medium,,https://www.indeed.com/jobs?q=Business+Architect&l=Rwanda&sort=date,"Direct platform search for Business Architect in Malawi. Sort by newest on the platform and verify employer, date, location eligibility and application route."
search-011255,Live Search,live_search,IT Portfolio Manager,Indeed,Indeed,IT Strategy & Governance,IT Strategy & Governance,,Africa,Malawi,Malawi,Live Search,,,2026-07-20,Live search,Indeed,B,Recognized job platform,Platform,61,Medium,,https://www.indeed.com/jobs?q=IT+Portfolio+Manager&l=Rwanda&sort=date,"Direct platform search for IT Portfolio Manager in Malawi. Sort by newest on the platform and verify employer, date, location eligibility and application route."
search-011264,Live Search,live_search,Product Director,Indeed,Indeed,Technology Leadership,Technology Leadership,,Africa,Malawi,Malawi,Live Search,,,2026-07-20,Live search,Indeed,B,Recognized job platform,Platform,59,Low,,https://www.indeed.com/jobs?q=Product+Director&l=Rwanda&sort=date,"Direct platform search for Product Director in Malawi. Sort by newest on the platform and verify employer, date, location eligibility and application route."
search-011273,Live Search,live_search,Digital Product Manager,Indeed,Indeed,Digital Product,Digital Product,,Africa,Malawi,Malawi,Live Search,,,2026-07-20,Live search,Indeed,B,Recognized job platform,Platform,56,Low,,https://www.indeed.com/jobs?q=Digital+Product+Manager&l=Rwanda&sort=date,"Direct platform search for Digital Product Manager in Malawi. Sort by newest on the platform and verify employer, date, location eligibility and application route."
search-011290,Live Search,live_search,Enterprise Architect,BrighterMonday,BrighterMonday,Enterprise Architecture,Enterprise Architecture,,Africa,Uganda,Uganda,Live Search,,,2026-07-20,Live search,BrighterMonday,B,Direct organization or specialist source,Direct,64,Medium,,https://www.brightermonday.co.ug/jobs?q=Enterprise+Architect,"Direct platform search for Enterprise Architect in Uganda. Sort by newest on the platform and verify employer, date, location eligibility and application route."
search-011301,Live Search,live_search,Solutions Architect,BrighterMonday,BrighterMonday,Solution Architecture,Solution Architecture,,Africa,Uganda,Uganda,Live Search,,,2026-07-20,Live search,BrighterMonday,B,Direct organization or specialist source,Direct,61,Medium,,https://www.brightermonday.co.ug/jobs?q=Solutions+Architect,"Direct platform search for Solutions Architect in Uganda. Sort by newest on the platform and verify employer, date, location eligibility and application route."
search-011312,Live Search,live_search,Solution Architect,BrighterMonday,BrighterMonday,Solution Architecture,Solution Architecture,,Africa,Uganda,Uganda,Live Search,,,2026-07-20,Live search,BrighterMonday,B,Direct organization or specialist source,Direct,61,Medium,,https://www.brightermonday.co.ug/jobs?q=Solution+Architect,"Direct platform search for Solution Architect in Uganda. Sort by newest on the platform and verify employer, date, location eligibility and application route."
search-011323,Live Search,live_search,Technical Architect,BrighterMonday,BrighterMonday,Solution Architecture,Solution Architecture,,Africa,Uganda,Uganda,Live Search,,,2026-07-20,Live search,BrighterMonday,B,Direct organization or specialist source,Direct,61,Medium,,https://www.brightermonday.co.ug/jobs?q=Technical+Architect,"Direct platform search for Technical Architect in Uganda. Sort by newest on the platform and verify employer, date, location eligibility and application route."
search-011334,Live Search,live_search,Cloud Architect,BrighterMonday,BrighterMonday,Cloud & Infrastructure,Cloud & Infrastructure,,Africa,Uganda,Uganda,Live Search,,,2026-07-20,Live search,BrighterMonday,B,Direct organization or specialist source,Direct,57,Low,,https://www.brightermonday.co.ug/jobs?q=Cloud+Architect,"Direct platform search for Cloud Architect in Uganda. Sort by newest on the platform and verify employer, date, location eligibility and application route."
search-011345,Live Search,live_search,Data Architect,BrighterMonday,BrighterMonday,Data & Governance,Data & Governance,,Africa,Uganda,Uganda,Live Search,,,2026-07-20,Live search,BrighterMonday,B,Direct organization or specialist source,Direct,59,Low,,https://www.brightermonday.co.ug/jobs?q=Data+Architect,"Direct platform search for Data Architect in Uganda. Sort by newest on the platform and verify employer, date, location eligibility and application route."
search-011356,Live Search,live_search,Integration Architect,BrighterMonday,BrighterMonday,Integration Architecture,Integration Architecture,,Africa,Uganda,Uganda,Live Search,,,2026-07-20,Live search,BrighterMonday,B,Direct organization or specialist source,Direct,63,Medium,,https://www.brightermonday.co.ug/jobs?q=Integration+Architect,"Direct platform search for Integration Architect in Uganda. Sort by newest on the platform and verify employer, date, location eligibility and application route."
search-011367,Live Search,live_search,Application Architect,BrighterMonday,BrighterMonday,Solution Architecture,Solution Architecture,,Africa,Uganda,Uganda,Live Search,,,2026-07-20,Live search,BrighterMonday,B,Direct organization or specialist source,Direct,61,Medium,,https://www.brightermonday.co.ug/jobs?q=Application+Architect,"Direct platform search for Application Architect in Uganda. Sort by newest on the platform and verify employer, date, location eligibility and application route."
search-011378,Live Search,live_search,Security Architect,BrighterMonday,BrighterMonday,Cybersecurity,Cybersecurity,,Africa,Uganda,Uganda,Live Search,,,2026-07-20,Live search,BrighterMonday,B,Direct organization or specialist source,Direct,56,Low,,https://www.brightermonday.co.ug/jobs?q=Security+Architect,"Direct platform search for Security Architect in Uganda. Sort by newest on the platform and verify employer, date, location eligibility and application route."
search-011389,Live Search,live_search,Infrastructure Architect,BrighterMonday,BrighterMonday,Cloud & Infrastructure,Cloud & Infrastructure,,Africa,Uganda,Uganda,Live Search,,,2026-07-20,Live search,BrighterMonday,B,Direct organization or specialist source,Direct,57,Low,,https://www.brightermonday.co.ug/jobs?q=Infrastructure+Architect,"Direct platform search for Infrastructure Architect in Uganda. Sort by newest on the platform and verify employer, date, location eligibility and application route."
search-011400,Live Search,live_search,Digital Transformation Director,BrighterMonday,BrighterMonday,Digital Transformation,Digital Transformation,,Africa,Uganda,Uganda,Live Search,,,2026-07-20,Live search,BrighterMonday,B,Direct organization or specialist source,Direct,63,Medium,,https://www.brightermonday.co.ug/jobs?q=Digital+Transformation+Director,"Direct platform search for Digital Transformation Director in Uganda. Sort by newest on the platform and verify employer, date, location eligibility and application route."
search-011411,Live Search,live_search,Digital Transformation Manager,BrighterMonday,BrighterMonday,Digital Transformation,Digital Transformation,,Africa,Uganda,Uganda,Live Search,,,2026-07-20,Live search,BrighterMonday,B,Direct organization or specialist source,Direct,59,Low,,https://www.brightermonday.co.ug/jobs?q=Digital+Transformation+Manager,"Direct platform search for Digital Transformation Manager in Uganda. Sort by newest on the platform and verify employer, date, location eligibility and application route."
search-011422,Live Search,live_search,Head of Digital Transformation,BrighterMonday,BrighterMonday,Digital Transformation,Digital Transformation,,Africa,Uganda,Uganda,Live Search,,,2026-07-20,Live search,BrighterMonday,B,Direct organization or specialist source,Direct,59,Low,,https://www.brightermonday.co.ug/jobs?q=Head+of+Digital+Transformation,"Direct platform search for Head of Digital Transformation in Uganda. Sort by newest on the platform and verify employer, date, location eligibility and application route."
search-011433,Live Search,live_search,IT Director,BrighterMonday,BrighterMonday,Technology Leadership,Technology Leadership,,Africa,Uganda,Uganda,Live Search,,,2026-07-20,Live search,BrighterMonday,B,Direct organization or specialist source,Direct,63,Medium,,https://www.brightermonday.co.ug/jobs?q=IT+Director,"Direct platform search for IT Director in Uganda. Sort by newest on the platform and verify employer, date, location eligibility and application route."
search-011444,Live Search,live_search,Head of IT,BrighterMonday,BrighterMonday,Technology Leadership,Technology Leadership,,Africa,Uganda,Uganda,Live Search,,,2026-07-20,Live search,BrighterMonday,B,Direct organization or specialist source,Direct,59,Low,,https://www.brightermonday.co.ug/jobs?q=Head+of+IT,"Direct platform search for Head of IT in Uganda. Sort by newest on the platform and verify employer, date, location eligibility and application route."
search-011455,Live Search,live_search,Chief Information Officer,BrighterMonday,BrighterMonday,Technology Leadership,Technology Leadership,,Africa,Uganda,Uganda,Live Search,,,2026-07-20,Live search,BrighterMonday,B,Direct organization or specialist source,Direct,56,Low,,https://www.brightermonday.co.ug/jobs?q=Chief+Information+Officer,"Direct platform search for Chief Information Officer in Uganda. Sort by newest on the platform and verify employer, date, location eligibility and application route."
search-011466,Live Search,live_search,Chief Technology Officer,BrighterMonday,BrighterMonday,Technology Leadership,Technology Leadership,,Africa,Uganda,Uganda,Live Search,,,2026-07-20,Live search,BrighterMonday,B,Direct organization or specialist source,Direct,56,Low,,https://www.brightermonday.co.ug/jobs?q=Chief+Technology+Officer,"Direct platform search for Chief Technology Officer in Uganda. Sort by newest on the platform and verify employer, date, location eligibility and application route."
search-011477,Live Search,live_search,Technology Director,BrighterMonday,BrighterMonday,Technology Leadership,Technology Leadership,,Africa,Uganda,Uganda,Live Search,,,2026-07-20,Live search,BrighterMonday,B,Direct organization or specialist source,Direct,63,Medium,,https://www.brightermonday.co.ug/jobs?q=Technology+Director,"Direct platform search for Technology Director in Uganda. Sort by newest on the platform and verify employer, date, location eligibility and application route."
search-011488,Live Search,live_search,IT Strategy Manager,BrighterMonday,BrighterMonday,IT Strategy & Governance,IT Strategy & Governance,,Africa,Uganda,Uganda,Live Search,,,2026-07-20,Live search,BrighterMonday,B,Direct organization or specialist source,Direct,61,Medium,,https://www.brightermonday.co.ug/jobs?q=IT+Strategy+Manager,"Direct platform search for IT Strategy Manager in Uganda. Sort by newest on the platform and verify employer, date, location eligibility and application route."
search-011499,Live Search,live_search,IT Governance Manager,BrighterMonday,BrighterMonday,IT Strategy & Governance,IT Strategy & Governance,,Africa,Uganda,Uganda,Live Search,,,2026-07-20,Live search,BrighterMonday,B,Direct organization or specialist source,Direct,61,Medium,,https://www.brightermonday.co.ug/jobs?q=IT+Governance+Manager,"Direct platform search for IT Governance Manager in Uganda. Sort by newest on the platform and verify employer, date, location eligibility and application route."
search-011510,Live Search,live_search,Enterprise Applications Manager,BrighterMonday,BrighterMonday,Enterprise Applications,Enterprise Applications,,Africa,Uganda,Uganda,Live Search,,,2026-07-20,Live search,BrighterMonday,B,Direct organization or specialist source,Direct,59,Low,,https://www.brightermonday.co.ug/jobs?q=Enterprise+Applications+Manager,"Direct platform search for Enterprise Applications Manager in Uganda. Sort by newest on the platform and verify employer, date, location eligibility and application route."
search-011521,Live Search,live_search,ERP Program Manager,BrighterMonday,BrighterMonday,Programme & Delivery,Programme & Delivery,,Africa,Uganda,Uganda,Live Search,,,2026-07-20,Live search,BrighterMonday,B,Direct organization or specialist source,Direct,61,Medium,,https://www.brightermonday.co.ug/jobs?q=ERP+Program+Manager,"Direct platform search for ERP Program Manager in Uganda. Sort by newest on the platform and verify employer, date, location eligibility and application route."
search-011532,Live Search,live_search,SAP Program Manager,BrighterMonday,BrighterMonday,Programme & Delivery,Programme & Delivery,,Africa,Uganda,Uganda,Live Search,,,2026-07-20,Live search,BrighterMonday,B,Direct organization or specialist source,Direct,59,Low,,https://www.brightermonday.co.ug/jobs?q=SAP+Program+Manager,"Direct platform search for SAP Program Manager in Uganda. Sort by newest on the platform and verify employer, date, location eligibility and application route."
search-011543,Live Search,live_search,Healthcare IT Manager,BrighterMonday,BrighterMonday,Healthcare IT & Digital Health,Healthcare IT & Digital Health,,Africa,Uganda,Uganda,Live Search,,,2026-07-20,Live search,BrighterMonday,B,Direct organization or specialist source,Direct,64,Medium,,https://www.brightermonday.co.ug/jobs?q=Healthcare+IT+Manager,"Direct platform search for Healthcare IT Manager in Uganda. Sort by newest on the platform and verify employer, date, location eligibility and application route."
search-011554,Live Search,live_search,Health Informatics Director,BrighterMonday,BrighterMonday,Healthcare IT & Digital Health,Healthcare IT & Digital Health,,Africa,Uganda,Uganda,Live Search,,,2026-07-20,Live search,BrighterMonday,B,Direct organization or specialist source,Direct,68,Medium,,https://www.brightermonday.co.ug/jobs?q=Health+Informatics+Director,"Direct platform search for Health Informatics Director in Uganda. Sort by newest on the platform and verify employer, date, location eligibility and application route."
search-011565,Live Search,live_search,Digital Health Director,BrighterMonday,BrighterMonday,Healthcare IT & Digital Health,Healthcare IT & Digital Health,,Africa,Uganda,Uganda,Live Search,,,2026-07-20,Live search,BrighterMonday,B,Direct organization or specialist source,Direct,68,Medium,,https://www.brightermonday.co.ug/jobs?q=Digital+Health+Director,"Direct platform search for Digital Health Director in Uganda. Sort by newest on the platform and verify employer, date, location eligibility and application route."
search-011576,Live Search,live_search,Data Governance Manager,BrighterMonday,BrighterMonday,Data & Governance,Data & Governance,,Africa,Uganda,Uganda,Live Search,,,2026-07-20,Live search,BrighterMonday,B,Direct organization or specialist source,Direct,63,Medium,,https://www.brightermonday.co.ug/jobs?q=Data+Governance+Manager,"Direct platform search for Data Governance Manager in Uganda. Sort by newest on the platform and verify employer, date, location eligibility and application route."
search-011587,Live Search,live_search,Data Platform Manager,BrighterMonday,BrighterMonday,Data & Governance,Data & Governance,,Africa,Uganda,Uganda,Live Search,,,2026-07-20,Live search,BrighterMonday,B,Direct organization or specialist source,Direct,59,Low,,https://www.brightermonday.co.ug/jobs?q=Data+Platform+Manager,"Direct platform search for Data Platform Manager in Uganda. Sort by newest on the platform and verify employer, date, location eligibility and application route."
search-011598,Live Search,live_search,Business Intelligence Director,BrighterMonday,BrighterMonday,Data & Governance,Data & Governance,,Africa,Uganda,Uganda,Live Search,,,2026-07-20,Live search,BrighterMonday,B,Direct organization or specialist source,Direct,63,Medium,,https://www.brightermonday.co.ug/jobs?q=Business+Intelligence+Director,"Direct platform search for Business Intelligence Director in Uganda. Sort by newest on the platform and verify employer, date, location eligibility and application route."
search-011609,Live Search,live_search,Analytics Director,BrighterMonday,BrighterMonday,Data & Governance,Data & Governance,,Africa,Uganda,Uganda,Live Search,,,2026-07-20,Live search,BrighterMonday,B,Direct organization or specialist source,Direct,65,Medium,,https://www.brightermonday.co.ug/jobs?q=Analytics+Director,"Direct platform search for Analytics Director in Uganda. Sort by newest on the platform and verify employer, date, location eligibility and application route."
search-011620,Live Search,live_search,AI Strategy Manager,BrighterMonday,BrighterMonday,IT Strategy & Governance,IT Strategy & Governance,,Africa,Uganda,Uganda,Live Search,,,2026-07-20,Live search,BrighterMonday,B,Direct organization or specialist source,Direct,61,Medium,,https://www.brightermonday.co.ug/jobs?q=AI+Strategy+Manager,"Direct platform search for AI Strategy Manager in Uganda. Sort by newest on the platform and verify employer, date, location eligibility and application route."
search-011631,Live Search,live_search,AI Solutions Architect,BrighterMonday,BrighterMonday,Solution Architecture,Solution Architecture,,Africa,Uganda,Uganda,Live Search,,,2026-07-20,Live search,BrighterMonday,B,Direct organization or specialist source,Direct,61,Medium,,https://www.brightermonday.co.ug/jobs?q=AI+Solutions+Architect,"Direct platform search for AI Solutions Architect in Uganda. Sort by newest on the platform and verify employer, date, location eligibility and application route."
search-011642,Live Search,live_search,Technical Program Manager,BrighterMonday,BrighterMonday,Programme & Delivery,Programme & Delivery,,Africa,Uganda,Uganda,Live Search,,,2026-07-20,Live search,BrighterMonday,B,Direct organization or specialist source,Direct,63,Medium,,https://www.brightermonday.co.ug/jobs?q=Technical+Program+Manager,"Direct platform search for Technical Program Manager in Uganda. Sort by newest on the platform and verify employer, date, location eligibility and application route."
search-011653,Live Search,live_search,IT Program Manager,BrighterMonday,BrighterMonday,Programme & Delivery,Programme & Delivery,,Africa,Uganda,Uganda,Live Search,,,2026-07-20,Live search,BrighterMonday,B,Direct organization or specialist source,Direct,59,Low,,https://www.brightermonday.co.ug/jobs?q=IT+Program+Manager,"Direct platform search for IT Program Manager in Uganda. Sort by newest on the platform and verify employer, date, location eligibility and application route."
search-011664,Live Search,live_search,PMO Director,BrighterMonday,BrighterMonday,Technology Leadership,Technology Leadership,,Africa,Uganda,Uganda,Live Search,,,2026-07-20,Live search,BrighterMonday,B,Direct organization or specialist source,Direct,59,Low,,https://www.brightermonday.co.ug/jobs?q=PMO+Director,"Direct platform search for PMO Director in Uganda. Sort by newest on the platform and verify employer, date, location eligibility and application route."
search-011675,Live Search,live_search,Technology Delivery Manager,BrighterMonday,BrighterMonday,Programme & Delivery,Programme & Delivery,,Africa,Uganda,Uganda,Live Search,,,2026-07-20,Live search,BrighterMonday,B,Direct organization or specialist source,Direct,59,Low,,https://www.brightermonday.co.ug/jobs?q=Technology+Delivery+Manager,"Direct platform search for Technology Delivery Manager in Uganda. Sort by newest on the platform and verify employer, date, location eligibility and application route."
search-011686,Live Search,live_search,Systems Manager,BrighterMonday,BrighterMonday,IT Operations,IT Operations,,Africa,Uganda,Uganda,Live Search,,,2026-07-20,Live search,BrighterMonday,B,Direct organization or specialist source,Direct,59,Low,,https://www.brightermonday.co.ug/jobs?q=Systems+Manager,"Direct platform search for Systems Manager in Uganda. Sort by newest on the platform and verify employer, date, location eligibility and application route."
search-011697,Live Search,live_search,Infrastructure Manager,BrighterMonday,BrighterMonday,Technology & Digital,Technology & Digital,,Africa,Uganda,Uganda,Live Search,,,2026-07-20,Live search,BrighterMonday,B,Direct organization or specialist source,Direct,56,Low,,https://www.brightermonday.co.ug/jobs?q=Infrastructure+Manager,"Direct platform search for Infrastructure Manager in Uganda. Sort by newest on the platform and verify employer, date, location eligibility and application route."
search-011708,Live Search,live_search,IT Operations Manager,BrighterMonday,BrighterMonday,IT Operations,IT Operations,,Africa,Uganda,Uganda,Live Search,,,2026-07-20,Live search,BrighterMonday,B,Direct organization or specialist source,Direct,56,Low,,https://www.brightermonday.co.ug/jobs?q=IT+Operations+Manager,"Direct platform search for IT Operations Manager in Uganda. Sort by newest on the platform and verify employer, date, location eligibility and application route."
search-011719,Live Search,live_search,Service Delivery Manager,BrighterMonday,BrighterMonday,Programme & Delivery,Programme & Delivery,,Africa,Uganda,Uganda,Live Search,,,2026-07-20,Live search,BrighterMonday,B,Direct organization or specialist source,Direct,59,Low,,https://www.brightermonday.co.ug/jobs?q=Service+Delivery+Manager,"Direct platform search for Service Delivery Manager in Uganda. Sort by newest on the platform and verify employer, date, location eligibility and application route."
search-011730,Live Search,live_search,Solutions Engineering Manager,BrighterMonday,BrighterMonday,Solution Architecture,Solution Architecture,,Africa,Uganda,Uganda,Live Search,,,2026-07-20,Live search,BrighterMonday,B,Direct organization or specialist source,Direct,61,Medium,,https://www.brightermonday.co.ug/jobs?q=Solutions+Engineering+Manager,"Direct platform search for Solutions Engineering Manager in Uganda. Sort by newest on the platform and verify employer, date, location eligibility and application route."
search-011741,Live Search,live_search,Presales Solution Architect,BrighterMonday,BrighterMonday,Solution Architecture,Solution Architecture,,Africa,Uganda,Uganda,Live Search,,,2026-07-20,Live search,BrighterMonday,B,Direct organization or specialist source,Direct,61,Medium,,https://www.brightermonday.co.ug/jobs?q=Presales+Solution+Architect,"Direct platform search for Presales Solution Architect in Uganda. Sort by newest on the platform and verify employer, date, location eligibility and application route."
search-011752,Live Search,live_search,Business Transformation Manager,BrighterMonday,BrighterMonday,Digital Transformation,Digital Transformation,,Africa,Uganda,Uganda,Live Search,,,2026-07-20,Live search,BrighterMonday,B,Direct organization or specialist source,Direct,59,Low,,https://www.brightermonday.co.ug/jobs?q=Business+Transformation+Manager,"Direct platform search for Business Transformation Manager in Uganda. Sort by newest on the platform and verify employer, date, location eligibility and application route."
search-011763,Live Search,live_search,Business Architect,BrighterMonday,BrighterMonday,Enterprise Architecture,Enterprise Architecture,,Africa,Uganda,Uganda,Live Search,,,2026-07-20,Live search,BrighterMonday,B,Direct organization or specialist source,Direct,64,Medium,,https://www.brightermonday.co.ug/jobs?q=Business+Architect,"Direct platform search for Business Architect in Uganda. Sort by newest on the platform and verify employer, date, location eligibility and application route."
search-011774,Live Search,live_search,IT Portfolio Manager,BrighterMonday,BrighterMonday,IT Strategy & Governance,IT Strategy & Governance,,Africa,Uganda,Uganda,Live Search,,,2026-07-20,Live search,BrighterMonday,B,Direct organization or specialist source,Direct,61,Medium,,https://www.brightermonday.co.ug/jobs?q=IT+Portfolio+Manager,"Direct platform search for IT Portfolio Manager in Uganda. Sort by newest on the platform and verify employer, date, location eligibility and application route."
search-011785,Live Search,live_search,Product Director,BrighterMonday,BrighterMonday,Technology Leadership,Technology Leadership,,Africa,Uganda,Uganda,Live Search,,,2026-07-20,Live search,BrighterMonday,B,Direct organization or specialist source,Direct,59,Low,,https://www.brightermonday.co.ug/jobs?q=Product+Director,"Direct platform search for Product Director in Uganda. Sort by newest on the platform and verify employer, date, location eligibility and application route."
search-011796,Live Search,live_search,Digital Product Manager,BrighterMonday,BrighterMonday,Digital Product,Digital Product,,Africa,Uganda,Uganda,Live Search,,,2026-07-20,Live search,BrighterMonday,B,Direct organization or specialist source,Direct,56,Low,,https://www.brightermonday.co.ug/jobs?q=Digital+Product+Manager,"Direct platform search for Digital Product Manager in Uganda. Sort by newest on the platform and verify employer, date, location eligibility and application route."
search-011807,Live Search,live_search,Enterprise Architect,BrighterMonday,BrighterMonday,Enterprise Architecture,Enterprise Architecture,,Africa,Tanzania,Tanzania,Live Search,,,2026-07-20,Live search,BrighterMonday,B,Direct organization or specialist source,Direct,64,Medium,,https://www.brightermonday.co.tz/jobs?q=Enterprise+Architect,"Direct platform search for Enterprise Architect in Tanzania. Sort by newest on the platform and verify employer, date, location eligibility and application route."
search-011817,Live Search,live_search,Solutions Architect,BrighterMonday,BrighterMonday,Solution Architecture,Solution Architecture,,Africa,Tanzania,Tanzania,Live Search,,,2026-07-20,Live search,BrighterMonday,B,Direct organization or specialist source,Direct,61,Medium,,https://www.brightermonday.co.tz/jobs?q=Solutions+Architect,"Direct platform search for Solutions Architect in Tanzania. Sort by newest on the platform and verify employer, date, location eligibility and application route."
search-011827,Live Search,live_search,Solution Architect,BrighterMonday,BrighterMonday,Solution Architecture,Solution Architecture,,Africa,Tanzania,Tanzania,Live Search,,,2026-07-20,Live search,BrighterMonday,B,Direct organization or specialist source,Direct,61,Medium,,https://www.brightermonday.co.tz/jobs?q=Solution+Architect,"Direct platform search for Solution Architect in Tanzania. Sort by newest on the platform and verify employer, date, location eligibility and application route."
search-011837,Live Search,live_search,Technical Architect,BrighterMonday,BrighterMonday,Solution Architecture,Solution Architecture,,Africa,Tanzania,Tanzania,Live Search,,,2026-07-20,Live search,BrighterMonday,B,Direct organization or specialist source,Direct,61,Medium,,https://www.brightermonday.co.tz/jobs?q=Technical+Architect,"Direct platform search for Technical Architect in Tanzania. Sort by newest on the platform and verify employer, date, location eligibility and application route."
search-011847,Live Search,live_search,Cloud Architect,BrighterMonday,BrighterMonday,Cloud & Infrastructure,Cloud & Infrastructure,,Africa,Tanzania,Tanzania,Live Search,,,2026-07-20,Live search,BrighterMonday,B,Direct organization or specialist source,Direct,57,Low,,https://www.brightermonday.co.tz/jobs?q=Cloud+Architect,"Direct platform search for Cloud Architect in Tanzania. Sort by newest on the platform and verify employer, date, location eligibility and application route."
search-011857,Live Search,live_search,Data Architect,BrighterMonday,BrighterMonday,Data & Governance,Data & Governance,,Africa,Tanzania,Tanzania,Live Search,,,2026-07-20,Live search,BrighterMonday,B,Direct organization or specialist source,Direct,59,Low,,https://www.brightermonday.co.tz/jobs?q=Data+Architect,"Direct platform search for Data Architect in Tanzania. Sort by newest on the platform and verify employer, date, location eligibility and application route."
search-011867,Live Search,live_search,Integration Architect,BrighterMonday,BrighterMonday,Integration Architecture,Integration Architecture,,Africa,Tanzania,Tanzania,Live Search,,,2026-07-20,Live search,BrighterMonday,B,Direct organization or specialist source,Direct,63,Medium,,https://www.brightermonday.co.tz/jobs?q=Integration+Architect,"Direct platform search for Integration Architect in Tanzania. Sort by newest on the platform and verify employer, date, location eligibility and application route."
search-011877,Live Search,live_search,Application Architect,BrighterMonday,BrighterMonday,Solution Architecture,Solution Architecture,,Africa,Tanzania,Tanzania,Live Search,,,2026-07-20,Live search,BrighterMonday,B,Direct organization or specialist source,Direct,61,Medium,,https://www.brightermonday.co.tz/jobs?q=Application+Architect,"Direct platform search for Application Architect in Tanzania. Sort by newest on the platform and verify employer, date, location eligibility and application route."
search-011887,Live Search,live_search,Security Architect,BrighterMonday,BrighterMonday,Cybersecurity,Cybersecurity,,Africa,Tanzania,Tanzania,Live Search,,,2026-07-20,Live search,BrighterMonday,B,Direct organization or specialist source,Direct,56,Low,,https://www.brightermonday.co.tz/jobs?q=Security+Architect,"Direct platform search for Security Architect in Tanzania. Sort by newest on the platform and verify employer, date, location eligibility and application route."
search-011897,Live Search,live_search,Infrastructure Architect,BrighterMonday,BrighterMonday,Cloud & Infrastructure,Cloud & Infrastructure,,Africa,Tanzania,Tanzania,Live Search,,,2026-07-20,Live search,BrighterMonday,B,Direct organization or specialist source,Direct,57,Low,,https://www.brightermonday.co.tz/jobs?q=Infrastructure+Architect,"Direct platform search for Infrastructure Architect in Tanzania. Sort by newest on the platform and verify employer, date, location eligibility and application route."
search-011907,Live Search,live_search,Digital Transformation Director,BrighterMonday,BrighterMonday,Digital Transformation,Digital Transformation,,Africa,Tanzania,Tanzania,Live Search,,,2026-07-20,Live search,BrighterMonday,B,Direct organization or specialist source,Direct,63,Medium,,https://www.brightermonday.co.tz/jobs?q=Digital+Transformation+Director,"Direct platform search for Digital Transformation Director in Tanzania. Sort by newest on the platform and verify employer, date, location eligibility and application route."
search-011917,Live Search,live_search,Digital Transformation Manager,BrighterMonday,BrighterMonday,Digital Transformation,Digital Transformation,,Africa,Tanzania,Tanzania,Live Search,,,2026-07-20,Live search,BrighterMonday,B,Direct organization or specialist source,Direct,59,Low,,https://www.brightermonday.co.tz/jobs?q=Digital+Transformation+Manager,"Direct platform search for Digital Transformation Manager in Tanzania. Sort by newest on the platform and verify employer, date, location eligibility and application route."
search-011927,Live Search,live_search,Head of Digital Transformation,BrighterMonday,BrighterMonday,Digital Transformation,Digital Transformation,,Africa,Tanzania,Tanzania,Live Search,,,2026-07-20,Live search,BrighterMonday,B,Direct organization or specialist source,Direct,59,Low,,https://www.brightermonday.co.tz/jobs?q=Head+of+Digital+Transformation,"Direct platform search for Head of Digital Transformation in Tanzania. Sort by newest on the platform and verify employer, date, location eligibility and application route."
search-011937,Live Search,live_search,IT Director,BrighterMonday,BrighterMonday,Technology Leadership,Technology Leadership,,Africa,Tanzania,Tanzania,Live Search,,,2026-07-20,Live search,BrighterMonday,B,Direct organization or specialist source,Direct,63,Medium,,https://www.brightermonday.co.tz/jobs?q=IT+Director,"Direct platform search for IT Director in Tanzania. Sort by newest on the platform and verify employer, date, location eligibility and application route."
search-011947,Live Search,live_search,Head of IT,BrighterMonday,BrighterMonday,Technology Leadership,Technology Leadership,,Africa,Tanzania,Tanzania,Live Search,,,2026-07-20,Live search,BrighterMonday,B,Direct organization or specialist source,Direct,59,Low,,https://www.brightermonday.co.tz/jobs?q=Head+of+IT,"Direct platform search for Head of IT in Tanzania. Sort by newest on the platform and verify employer, date, location eligibility and application route."
search-011957,Live Search,live_search,Chief Information Officer,BrighterMonday,BrighterMonday,Technology Leadership,Technology Leadership,,Africa,Tanzania,Tanzania,Live Search,,,2026-07-20,Live search,BrighterMonday,B,Direct organization or specialist source,Direct,56,Low,,https://www.brightermonday.co.tz/jobs?q=Chief+Information+Officer,"Direct platform search for Chief Information Officer in Tanzania. Sort by newest on the platform and verify employer, date, location eligibility and application route."
search-011967,Live Search,live_search,Chief Technology Officer,BrighterMonday,BrighterMonday,Technology Leadership,Technology Leadership,,Africa,Tanzania,Tanzania,Live Search,,,2026-07-20,Live search,BrighterMonday,B,Direct organization or specialist source,Direct,56,Low,,https://www.brightermonday.co.tz/jobs?q=Chief+Technology+Officer,"Direct platform search for Chief Technology Officer in Tanzania. Sort by newest on the platform and verify employer, date, location eligibility and application route."
search-011977,Live Search,live_search,Technology Director,BrighterMonday,BrighterMonday,Technology Leadership,Technology Leadership,,Africa,Tanzania,Tanzania,Live Search,,,2026-07-20,Live search,BrighterMonday,B,Direct organization or specialist source,Direct,63,Medium,,https://www.brightermonday.co.tz/jobs?q=Technology+Director,"Direct platform search for Technology Director in Tanzania. Sort by newest on the platform and verify employer, date, location eligibility and application route."
search-011987,Live Search,live_search,IT Strategy Manager,BrighterMonday,BrighterMonday,IT Strategy & Governance,IT Strategy & Governance,,Africa,Tanzania,Tanzania,Live Search,,,2026-07-20,Live search,BrighterMonday,B,Direct organization or specialist source,Direct,61,Medium,,https://www.brightermonday.co.tz/jobs?q=IT+Strategy+Manager,"Direct platform search for IT Strategy Manager in Tanzania. Sort by newest on the platform and verify employer, date, location eligibility and application route."
search-011997,Live Search,live_search,IT Governance Manager,BrighterMonday,BrighterMonday,IT Strategy & Governance,IT Strategy & Governance,,Africa,Tanzania,Tanzania,Live Search,,,2026-07-20,Live search,BrighterMonday,B,Direct organization or specialist source,Direct,61,Medium,,https://www.brightermonday.co.tz/jobs?q=IT+Governance+Manager,"Direct platform search for IT Governance Manager in Tanzania. Sort by newest on the platform and verify employer, date, location eligibility and application route."
search-012007,Live Search,live_search,Enterprise Applications Manager,BrighterMonday,BrighterMonday,Enterprise Applications,Enterprise Applications,,Africa,Tanzania,Tanzania,Live Search,,,2026-07-20,Live search,BrighterMonday,B,Direct organization or specialist source,Direct,59,Low,,https://www.brightermonday.co.tz/jobs?q=Enterprise+Applications+Manager,"Direct platform search for Enterprise Applications Manager in Tanzania. Sort by newest on the platform and verify employer, date, location eligibility and application route."
search-012017,Live Search,live_search,ERP Program Manager,BrighterMonday,BrighterMonday,Programme & Delivery,Programme & Delivery,,Africa,Tanzania,Tanzania,Live Search,,,2026-07-20,Live search,BrighterMonday,B,Direct organization or specialist source,Direct,61,Medium,,https://www.brightermonday.co.tz/jobs?q=ERP+Program+Manager,"Direct platform search for ERP Program Manager in Tanzania. Sort by newest on the platform and verify employer, date, location eligibility and application route."
search-012027,Live Search,live_search,SAP Program Manager,BrighterMonday,BrighterMonday,Programme & Delivery,Programme & Delivery,,Africa,Tanzania,Tanzania,Live Search,,,2026-07-20,Live search,BrighterMonday,B,Direct organization or specialist source,Direct,59,Low,,https://www.brightermonday.co.tz/jobs?q=SAP+Program+Manager,"Direct platform search for SAP Program Manager in Tanzania. Sort by newest on the platform and verify employer, date, location eligibility and application route."
search-012037,Live Search,live_search,Healthcare IT Manager,BrighterMonday,BrighterMonday,Healthcare IT & Digital Health,Healthcare IT & Digital Health,,Africa,Tanzania,Tanzania,Live Search,,,2026-07-20,Live search,BrighterMonday,B,Direct organization or specialist source,Direct,64,Medium,,https://www.brightermonday.co.tz/jobs?q=Healthcare+IT+Manager,"Direct platform search for Healthcare IT Manager in Tanzania. Sort by newest on the platform and verify employer, date, location eligibility and application route."
search-012047,Live Search,live_search,Health Informatics Director,BrighterMonday,BrighterMonday,Healthcare IT & Digital Health,Healthcare IT & Digital Health,,Africa,Tanzania,Tanzania,Live Search,,,2026-07-20,Live search,BrighterMonday,B,Direct organization or specialist source,Direct,68,Medium,,https://www.brightermonday.co.tz/jobs?q=Health+Informatics+Director,"Direct platform search for Health Informatics Director in Tanzania. Sort by newest on the platform and verify employer, date, location eligibility and application route."
search-012057,Live Search,live_search,Digital Health Director,BrighterMonday,BrighterMonday,Healthcare IT & Digital Health,Healthcare IT & Digital Health,,Africa,Tanzania,Tanzania,Live Search,,,2026-07-20,Live search,BrighterMonday,B,Direct organization or specialist source,Direct,68,Medium,,https://www.brightermonday.co.tz/jobs?q=Digital+Health+Director,"Direct platform search for Digital Health Director in Tanzania. Sort by newest on the platform and verify employer, date, location eligibility and application route."
search-012067,Live Search,live_search,Data Governance Manager,BrighterMonday,BrighterMonday,Data & Governance,Data & Governance,,Africa,Tanzania,Tanzania,Live Search,,,2026-07-20,Live search,BrighterMonday,B,Direct organization or specialist source,Direct,63,Medium,,https://www.brightermonday.co.tz/jobs?q=Data+Governance+Manager,"Direct platform search for Data Governance Manager in Tanzania. Sort by newest on the platform and verify employer, date, location eligibility and application route."
search-012077,Live Search,live_search,Data Platform Manager,BrighterMonday,BrighterMonday,Data & Governance,Data & Governance,,Africa,Tanzania,Tanzania,Live Search,,,2026-07-20,Live search,BrighterMonday,B,Direct organization or specialist source,Direct,59,Low,,https://www.brightermonday.co.tz/jobs?q=Data+Platform+Manager,"Direct platform search for Data Platform Manager in Tanzania. Sort by newest on the platform and verify employer, date, location eligibility and application route."
search-012087,Live Search,live_search,Business Intelligence Director,BrighterMonday,BrighterMonday,Data & Governance,Data & Governance,,Africa,Tanzania,Tanzania,Live Search,,,2026-07-20,Live search,BrighterMonday,B,Direct organization or specialist source,Direct,63,Medium,,https://www.brightermonday.co.tz/jobs?q=Business+Intelligence+Director,"Direct platform search for Business Intelligence Director in Tanzania. Sort by newest on the platform and verify employer, date, location eligibility and application route."
search-012097,Live Search,live_search,Analytics Director,BrighterMonday,BrighterMonday,Data & Governance,Data & Governance,,Africa,Tanzania,Tanzania,Live Search,,,2026-07-20,Live search,BrighterMonday,B,Direct organization or specialist source,Direct,65,Medium,,https://www.brightermonday.co.tz/jobs?q=Analytics+Director,"Direct platform search for Analytics Director in Tanzania. Sort by newest on the platform and verify employer, date, location eligibility and application route."
search-012107,Live Search,live_search,AI Strategy Manager,BrighterMonday,BrighterMonday,IT Strategy & Governance,IT Strategy & Governance,,Africa,Tanzania,Tanzania,Live Search,,,2026-07-20,Live search,BrighterMonday,B,Direct organization or specialist source,Direct,61,Medium,,https://www.brightermonday.co.tz/jobs?q=AI+Strategy+Manager,"Direct platform search for AI Strategy Manager in Tanzania. Sort by newest on the platform and verify employer, date, location eligibility and application route."
search-012117,Live Search,live_search,AI Solutions Architect,BrighterMonday,BrighterMonday,Solution Architecture,Solution Architecture,,Africa,Tanzania,Tanzania,Live Search,,,2026-07-20,Live search,BrighterMonday,B,Direct organization or specialist source,Direct,61,Medium,,https://www.brightermonday.co.tz/jobs?q=AI+Solutions+Architect,"Direct platform search for AI Solutions Architect in Tanzania. Sort by newest on the platform and verify employer, date, location eligibility and application route."
search-012127,Live Search,live_search,Technical Program Manager,BrighterMonday,BrighterMonday,Programme & Delivery,Programme & Delivery,,Africa,Tanzania,Tanzania,Live Search,,,2026-07-20,Live search,BrighterMonday,B,Direct organization or specialist source,Direct,63,Medium,,https://www.brightermonday.co.tz/jobs?q=Technical+Program+Manager,"Direct platform search for Technical Program Manager in Tanzania. Sort by newest on the platform and verify employer, date, location eligibility and application route."
search-012137,Live Search,live_search,IT Program Manager,BrighterMonday,BrighterMonday,Programme & Delivery,Programme & Delivery,,Africa,Tanzania,Tanzania,Live Search,,,2026-07-20,Live search,BrighterMonday,B,Direct organization or specialist source,Direct,59,Low,,https://www.brightermonday.co.tz/jobs?q=IT+Program+Manager,"Direct platform search for IT Program Manager in Tanzania. Sort by newest on the platform and verify employer, date, location eligibility and application route."
search-012147,Live Search,live_search,PMO Director,BrighterMonday,BrighterMonday,Technology Leadership,Technology Leadership,,Africa,Tanzania,Tanzania,Live Search,,,2026-07-20,Live search,BrighterMonday,B,Direct organization or specialist source,Direct,59,Low,,https://www.brightermonday.co.tz/jobs?q=PMO+Director,"Direct platform search for PMO Director in Tanzania. Sort by newest on the platform and verify employer, date, location eligibility and application route."
search-012157,Live Search,live_search,Technology Delivery Manager,BrighterMonday,BrighterMonday,Programme & Delivery,Programme & Delivery,,Africa,Tanzania,Tanzania,Live Search,,,2026-07-20,Live search,BrighterMonday,B,Direct organization or specialist source,Direct,59,Low,,https://www.brightermonday.co.tz/jobs?q=Technology+Delivery+Manager,"Direct platform search for Technology Delivery Manager in Tanzania. Sort by newest on the platform and verify employer, date, location eligibility and application route."
search-012167,Live Search,live_search,Systems Manager,BrighterMonday,BrighterMonday,IT Operations,IT Operations,,Africa,Tanzania,Tanzania,Live Search,,,2026-07-20,Live search,BrighterMonday,B,Direct organization or specialist source,Direct,59,Low,,https://www.brightermonday.co.tz/jobs?q=Systems+Manager,"Direct platform search for Systems Manager in Tanzania. Sort by newest on the platform and verify employer, date, location eligibility and application route."
search-012177,Live Search,live_search,Infrastructure Manager,BrighterMonday,BrighterMonday,Technology & Digital,Technology & Digital,,Africa,Tanzania,Tanzania,Live Search,,,2026-07-20,Live search,BrighterMonday,B,Direct organization or specialist source,Direct,56,Low,,https://www.brightermonday.co.tz/jobs?q=Infrastructure+Manager,"Direct platform search for Infrastructure Manager in Tanzania. Sort by newest on the platform and verify employer, date, location eligibility and application route."
search-012187,Live Search,live_search,IT Operations Manager,BrighterMonday,BrighterMonday,IT Operations,IT Operations,,Africa,Tanzania,Tanzania,Live Search,,,2026-07-20,Live search,BrighterMonday,B,Direct organization or specialist source,Direct,56,Low,,https://www.brightermonday.co.tz/jobs?q=IT+Operations+Manager,"Direct platform search for IT Operations Manager in Tanzania. Sort by newest on the platform and verify employer, date, location eligibility and application route."
search-012197,Live Search,live_search,Service Delivery Manager,BrighterMonday,BrighterMonday,Programme & Delivery,Programme & Delivery,,Africa,Tanzania,Tanzania,Live Search,,,2026-07-20,Live search,BrighterMonday,B,Direct organization or specialist source,Direct,59,Low,,https://www.brightermonday.co.tz/jobs?q=Service+Delivery+Manager,"Direct platform search for Service Delivery Manager in Tanzania. Sort by newest on the platform and verify employer, date, location eligibility and application route."
search-012207,Live Search,live_search,Solutions Engineering Manager,BrighterMonday,BrighterMonday,Solution Architecture,Solution Architecture,,Africa,Tanzania,Tanzania,Live Search,,,2026-07-20,Live search,BrighterMonday,B,Direct organization or specialist source,Direct,61,Medium,,https://www.brightermonday.co.tz/jobs?q=Solutions+Engineering+Manager,"Direct platform search for Solutions Engineering Manager in Tanzania. Sort by newest on the platform and verify employer, date, location eligibility and application route."
search-012217,Live Search,live_search,Presales Solution Architect,BrighterMonday,BrighterMonday,Solution Architecture,Solution Architecture,,Africa,Tanzania,Tanzania,Live Search,,,2026-07-20,Live search,BrighterMonday,B,Direct organization or specialist source,Direct,61,Medium,,https://www.brightermonday.co.tz/jobs?q=Presales+Solution+Architect,"Direct platform search for Presales Solution Architect in Tanzania. Sort by newest on the platform and verify employer, date, location eligibility and application route."
search-012227,Live Search,live_search,Business Transformation Manager,BrighterMonday,BrighterMonday,Digital Transformation,Digital Transformation,,Africa,Tanzania,Tanzania,Live Search,,,2026-07-20,Live search,BrighterMonday,B,Direct organization or specialist source,Direct,59,Low,,https://www.brightermonday.co.tz/jobs?q=Business+Transformation+Manager,"Direct platform search for Business Transformation Manager in Tanzania. Sort by newest on the platform and verify employer, date, location eligibility and application route."
search-012237,Live Search,live_search,Business Architect,BrighterMonday,BrighterMonday,Enterprise Architecture,Enterprise Architecture,,Africa,Tanzania,Tanzania,Live Search,,,2026-07-20,Live search,BrighterMonday,B,Direct organization or specialist source,Direct,64,Medium,,https://www.brightermonday.co.tz/jobs?q=Business+Architect,"Direct platform search for Business Architect in Tanzania. Sort by newest on the platform and verify employer, date, location eligibility and application route."
search-012247,Live Search,live_search,IT Portfolio Manager,BrighterMonday,BrighterMonday,IT Strategy & Governance,IT Strategy & Governance,,Africa,Tanzania,Tanzania,Live Search,,,2026-07-20,Live search,BrighterMonday,B,Direct organization or specialist source,Direct,61,Medium,,https://www.brightermonday.co.tz/jobs?q=IT+Portfolio+Manager,"Direct platform search for IT Portfolio Manager in Tanzania. Sort by newest on the platform and verify employer, date, location eligibility and application route."
search-012257,Live Search,live_search,Product Director,BrighterMonday,BrighterMonday,Technology Leadership,Technology Leadership,,Africa,Tanzania,Tanzania,Live Search,,,2026-07-20,Live search,BrighterMonday,B,Direct organization or specialist source,Direct,59,Low,,https://www.brightermonday.co.tz/jobs?q=Product+Director,"Direct platform search for Product Director in Tanzania. Sort by newest on the platform and verify employer, date, location eligibility and application route."
search-012267,Live Search,live_search,Digital Product Manager,BrighterMonday,BrighterMonday,Digital Product,Digital Product,,Africa,Tanzania,Tanzania,Live Search,,,2026-07-20,Live search,BrighterMonday,B,Direct organization or specialist source,Direct,56,Low,,https://www.brightermonday.co.tz/jobs?q=Digital+Product+Manager,"Direct platform search for Digital Product Manager in Tanzania. Sort by newest on the platform and verify employer, date, location eligibility and application route."
