id,record_type,category,title,organization,subtitle,role_family,type,industry,region,country,location,availability_status,published_date,expiry_date,last_checked,posted_text,source,source_quality,source_quality_label,verification_level,match_score,fit,priority_tier,url,notes
agency-00001,Recruitment Agency,agency,Adecco,Staffing & Recruitment,Staffing & Recruitment,Specialist Recruitment,Specialist Recruitment,,Global,Global,,Active Agency,,,2026-07-20,,,B,Direct organization or specialist source,Direct,52,Low,,https://www.adecco.com/,"General staffing, professional recruitment"
agency-00002,Recruitment Agency,agency,ManpowerGroup,Staffing & Recruitment,Staffing & Recruitment,Technology Recruitment,Technology Recruitment,,Global,Global,,Active Agency,,,2026-07-20,,,B,Direct organization or specialist source,Direct,52,Low,,https://www.manpowergroup.com/,"Technology, professional and workforce solutions"
agency-00003,Recruitment Agency,agency,Randstad,Staffing & Recruitment,Staffing & Recruitment,HR & Talent Advisory,HR & Talent Advisory,,Global,Global,,Active Agency,,,2026-07-20,,,B,Direct organization or specialist source,Direct,52,Low,,https://www.randstad.com/,Professional staffing and talent solutions
agency-00004,Recruitment Agency,agency,Hays,Specialist Recruitment,Specialist Recruitment,Technology Recruitment,Technology Recruitment,,Global,Global,,Active Agency,,,2026-07-20,,,B,Direct organization or specialist source,Direct,57,Low,,https://www.hays.com/,"Technology, finance, engineering and leadership"
agency-00005,Recruitment Agency,agency,Michael Page,Specialist Recruitment,Specialist Recruitment,Specialist Recruitment,Specialist Recruitment,,Global,Global,,Active Agency,,,2026-07-20,,,B,Direct organization or specialist source,Direct,52,Low,,https://www.michaelpage.com/,Professional and management recruitment
agency-00006,Recruitment Agency,agency,Page Executive,Executive Search,Executive Search,Executive Search,Executive Search,,Global,Global,,Active Agency,,,2026-07-20,,,B,Direct organization or specialist source,Direct,57,Low,,https://www.pageexecutive.com/,Senior leadership and executive search
agency-00007,Recruitment Agency,agency,Robert Walters,Specialist Recruitment,Specialist Recruitment,Executive Search,Executive Search,,Global,Global,,Active Agency,,,2026-07-20,,,B,Direct organization or specialist source,Direct,52,Low,,https://www.robertwalters.com/,Professional and executive recruitment
agency-00008,Recruitment Agency,agency,Robert Half,Specialist Recruitment,Specialist Recruitment,Technology Recruitment,Technology Recruitment,,Global,Global,,Active Agency,,,2026-07-20,,,B,Direct organization or specialist source,Direct,52,Low,,https://www.roberthalf.com/,"Technology, finance, legal and administration"
agency-00009,Recruitment Agency,agency,Korn Ferry,Executive Search & Advisory,Executive Search & Advisory,Executive Search,Executive Search,,Global,Global,,Active Agency,,,2026-07-20,,,B,Direct organization or specialist source,Direct,52,Low,,https://www.kornferry.com/,Executive search and organizational consulting
agency-00010,Recruitment Agency,agency,Spencer Stuart,Executive Search,Executive Search,Executive Search,Executive Search,,Global,Global,,Active Agency,,,2026-07-20,,,B,Direct organization or specialist source,Direct,52,Low,,https://www.spencerstuart.com/,Board and C-suite search
agency-00011,Recruitment Agency,agency,Heidrick & Struggles,Executive Search,Executive Search,Executive Search,Executive Search,,Global,Global,,Active Agency,,,2026-07-20,,,B,Direct organization or specialist source,Direct,57,Low,,https://www.heidrick.com/,Executive and leadership advisory
agency-00012,Recruitment Agency,agency,Russell Reynolds Associates,Executive Search,Executive Search,Executive Search,Executive Search,,Global,Global,,Active Agency,,,2026-07-20,,,B,Direct organization or specialist source,Direct,57,Low,,https://www.russellreynolds.com/,Board and executive leadership
agency-00013,Recruitment Agency,agency,Egon Zehnder,Executive Search,Executive Search,Executive Search,Executive Search,,Global,Global,,Active Agency,,,2026-07-20,,,B,Direct organization or specialist source,Direct,57,Low,,https://www.egonzehnder.com/,Executive search and leadership advisory
agency-00014,Recruitment Agency,agency,Boyden,Executive Search,Executive Search,Executive Search,Executive Search,,Global,Global,,Active Agency,,,2026-07-20,,,B,Direct organization or specialist source,Direct,52,Low,,https://www.boyden.com/,Executive search and interim management
agency-00015,Recruitment Agency,agency,Odgers Berndtson,Executive Search,Executive Search,Executive Search,Executive Search,,Global,Global,,Active Agency,,,2026-07-20,,,B,Direct organization or specialist source,Direct,57,Low,,https://www.odgersberndtson.com/,Executive recruitment and leadership services
agency-00016,Recruitment Agency,agency,Kelly,Staffing & Recruitment,Staffing & Recruitment,Technology Recruitment,Technology Recruitment,,Global,Global,,Active Agency,,,2026-07-20,,,B,Direct organization or specialist source,Direct,52,Low,,https://www.kellyservices.com/,"Science, engineering, technology and professional staffing"
agency-00017,Recruitment Agency,agency,Allegis Group,Talent Solutions,Talent Solutions,Staffing & Outsourcing,Staffing & Outsourcing,,Global,Global,,Active Agency,,,2026-07-20,,,B,Direct organization or specialist source,Direct,52,Low,,https://www.allegisgroup.com/,"Staffing, consulting and workforce solutions"
agency-00018,Recruitment Agency,agency,TEKsystems,Technology Recruitment,Technology Recruitment,Technology Recruitment,Technology Recruitment,,Global,Global,,Active Agency,,,2026-07-20,,,B,Direct organization or specialist source,Direct,52,Low,,https://www.teksystems.com/,"IT staffing, services and transformation talent"
agency-00019,Recruitment Agency,agency,Aerotek,Staffing & Recruitment,Staffing & Recruitment,General Recruitment Agency,General Recruitment Agency,,Global,Global,,Active Agency,,,2026-07-20,,,B,Direct organization or specialist source,Direct,52,Low,,https://www.aerotek.com/,"Engineering, manufacturing and operations staffing"
agency-00020,Recruitment Agency,agency,Aston Carter,Professional Staffing,Professional Staffing,RPO & Talent Acquisition,RPO & Talent Acquisition,,Global,Global,,Active Agency,,,2026-07-20,,,B,Direct organization or specialist source,Direct,52,Low,,https://www.astoncarter.com/,"Business, finance, operations and corporate talent"
agency-00021,Recruitment Agency,agency,SThree,Specialist Recruitment,Specialist Recruitment,Specialist Recruitment,Specialist Recruitment,,Global,Global,,Active Agency,,,2026-07-20,,,B,Direct organization or specialist source,Direct,52,Low,,https://www.sthree.com/,STEM recruitment and consulting
agency-00022,Recruitment Agency,agency,Computer Futures,Technology Recruitment,Technology Recruitment,Technology Recruitment,Technology Recruitment,,Global,Global,,Active Agency,,,2026-07-20,,,B,Direct organization or specialist source,Direct,55,Low,,https://www.computerfutures.com/,"IT, software, cloud and data roles"
agency-00023,Recruitment Agency,agency,Progressive Recruitment,Specialist Recruitment,Specialist Recruitment,Technology Recruitment,Technology Recruitment,,Global,Global,,Active Agency,,,2026-07-20,,,B,Direct organization or specialist source,Direct,52,Low,,https://www.progressiverecruitment.com/,"Engineering, energy and technology"
agency-00024,Recruitment Agency,agency,Huxley,Specialist Recruitment,Specialist Recruitment,Technology Recruitment,Technology Recruitment,,Global,Global,,Active Agency,,,2026-07-20,,,B,Direct organization or specialist source,Direct,55,Low,,https://www.huxley.com/,"Banking, technology and data"
agency-00025,Recruitment Agency,agency,Real Staffing,Life Sciences Recruitment,Life Sciences Recruitment,Healthcare & Life Sciences Recruitment,Healthcare & Life Sciences Recruitment,,Global,Global,,Active Agency,,,2026-07-20,,,B,Direct organization or specialist source,Direct,53,Low,,https://www.realstaffing.com/,"Pharma, biotech and healthcare"
agency-00026,Recruitment Agency,agency,Harvey Nash,Technology Recruitment,Technology Recruitment,Technology Recruitment,Technology Recruitment,,Global,Global,,Active Agency,,,2026-07-20,,,B,Direct organization or specialist source,Direct,57,Low,,https://www.harveynash.com/,"Technology leadership, digital and IT staffing"
agency-00027,Recruitment Agency,agency,Nash Squared,Technology Talent Solutions,Technology Talent Solutions,Technology Recruitment,Technology Recruitment,,Global,Global,,Active Agency,,,2026-07-20,,,B,Direct organization or specialist source,Direct,52,Low,,https://www.nashsquared.com/,Technology recruitment and solutions
agency-00028,Recruitment Agency,agency,Akkodis,Technology Talent Solutions,Technology Talent Solutions,Technology Recruitment,Technology Recruitment,,Global,Global,,Active Agency,,,2026-07-20,,,B,Direct organization or specialist source,Direct,52,Low,,https://www.akkodis.com/,"Digital engineering, IT and technology consulting"
agency-00029,Recruitment Agency,agency,Experis,Technology Recruitment,Technology Recruitment,Technology Recruitment,Technology Recruitment,,Global,Global,,Active Agency,,,2026-07-20,,,B,Direct organization or specialist source,Direct,52,Low,,https://www.experis.com/,IT professional resourcing and project services
agency-00030,Recruitment Agency,agency,Gi Group Holding,Staffing & Recruitment,Staffing & Recruitment,HR & Talent Advisory,HR & Talent Advisory,,Global,Global,,Active Agency,,,2026-07-20,,,B,Direct organization or specialist source,Direct,52,Low,,https://www.gigroupholding.com/,"Staffing, search and HR services"
agency-00031,Recruitment Agency,agency,RGF Professional Recruitment,Specialist Recruitment,Specialist Recruitment,Executive Search,Executive Search,,Global,Global,,Active Agency,,,2026-07-20,,,B,Direct organization or specialist source,Direct,52,Low,,https://www.rgf-professional.com/,Professional and executive recruitment
agency-00032,Recruitment Agency,agency,JAC Recruitment,Specialist Recruitment,Specialist Recruitment,Overseas Recruitment,Overseas Recruitment,,Global,Global,,Active Agency,,,2026-07-20,,,B,Direct organization or specialist source,Direct,20,Low,,https://www.jac-recruitment.com/,Professional and international recruitment
agency-00033,Recruitment Agency,agency,PERSOLKELLY,Staffing & Recruitment,Staffing & Recruitment,Specialist Recruitment,Specialist Recruitment,,Asia / APAC,Asia Pacific,,Active Agency,,,2026-07-20,,,B,Direct organization or specialist source,Direct,48,Low,,https://www.persolkelly.com/,Professional staffing across APAC
agency-00034,Recruitment Agency,agency,Morgan McKinley,Specialist Recruitment,Specialist Recruitment,Technology Recruitment,Technology Recruitment,,Global,Global,,Active Agency,,,2026-07-20,,,B,Direct organization or specialist source,Direct,52,Low,,https://www.morganmckinley.com/,"Technology, finance and professional recruitment"
agency-00035,Recruitment Agency,agency,Hudson,Talent Solutions,Talent Solutions,HR & Talent Advisory,HR & Talent Advisory,,Global,Global,,Active Agency,,,2026-07-20,,,B,Direct organization or specialist source,Direct,52,Low,,https://www.hudson.com/,Recruitment and talent management
agency-00036,Recruitment Agency,agency,Antal International,Executive Recruitment,Executive Recruitment,Executive Search,Executive Search,,Global,Global,,Active Agency,,,2026-07-20,,,B,Direct organization or specialist source,Direct,20,Low,,https://www.antal.com/,Professional and executive recruitment
agency-00037,Recruitment Agency,agency,NES Fircroft,Technical Recruitment,Technical Recruitment,Technology Recruitment,Technology Recruitment,,Global,Global,,Active Agency,,,2026-07-20,,,B,Direct organization or specialist source,Direct,52,Low,,https://www.nesfircroft.com/,"Energy, engineering and infrastructure"
agency-00038,Recruitment Agency,agency,Airswift,Technical Recruitment,Technical Recruitment,Technology Recruitment,Technology Recruitment,,Global,Global,,Active Agency,,,2026-07-20,,,B,Direct organization or specialist source,Direct,52,Low,,https://www.airswift.com/,"Energy, process and infrastructure staffing"
agency-00039,Recruitment Agency,agency,Brunel,Technical Recruitment,Technical Recruitment,Technology Recruitment,Technology Recruitment,,Global,Global,,Active Agency,,,2026-07-20,,,B,Direct organization or specialist source,Direct,52,Low,,https://www.brunel.net/,"Engineering, energy and life sciences"
agency-00040,Recruitment Agency,agency,Salt,Digital Recruitment,Digital Recruitment,Technology Recruitment,Technology Recruitment,,Global,Global,,Active Agency,,,2026-07-20,,,B,Direct organization or specialist source,Direct,52,Low,,https://www.welovesalt.com/,"Digital, technology and creative talent"
agency-00041,Recruitment Agency,agency,Talent International,Technology Recruitment,Technology Recruitment,Technology Recruitment,Technology Recruitment,,Global,Global,,Active Agency,,,2026-07-20,,,B,Direct organization or specialist source,Direct,20,Low,,https://www.talentinternational.com/,IT and digital recruitment
agency-00042,Recruitment Agency,agency,Cielo Talent,RPO & Talent Acquisition,RPO & Talent Acquisition,RPO & Talent Acquisition,RPO & Talent Acquisition,,Global,Global,,Active Agency,,,2026-07-20,,,B,Direct organization or specialist source,Direct,52,Low,,https://www.cielotalent.com/,Recruitment process outsourcing
agency-00043,Recruitment Agency,agency,AMS,RPO & Talent Acquisition,RPO & Talent Acquisition,RPO & Talent Acquisition,RPO & Talent Acquisition,,Global,Global,,Active Agency,,,2026-07-20,,,B,Direct organization or specialist source,Direct,52,Low,,https://www.weareams.com/,Recruitment process outsourcing and advisory
agency-00044,Recruitment Agency,agency,WilsonHCG,RPO & Talent Acquisition,RPO & Talent Acquisition,RPO & Talent Acquisition,RPO & Talent Acquisition,,Global,Global,,Active Agency,,,2026-07-20,,,B,Direct organization or specialist source,Direct,52,Low,,https://www.wilsonhcg.com/,Global talent acquisition and RPO
agency-00045,Recruitment Agency,agency,Randstad Sourceright,RPO & Talent Acquisition,RPO & Talent Acquisition,RPO & Talent Acquisition,RPO & Talent Acquisition,,Global,Global,,Active Agency,,,2026-07-20,,,B,Direct organization or specialist source,Direct,52,Low,,https://www.randstadsourceright.com/,"RPO, MSP and talent intelligence"
agency-00046,Recruitment Agency,agency,LHH,Talent Solutions,Talent Solutions,HR & Talent Advisory,HR & Talent Advisory,,Global,Global,,Active Agency,,,2026-07-20,,,B,Direct organization or specialist source,Direct,57,Low,,https://www.lhh.com/,"Recruitment, leadership and career transition"
agency-00047,Recruitment Agency,agency,Resource Solutions,RPO & Talent Acquisition,RPO & Talent Acquisition,RPO & Talent Acquisition,RPO & Talent Acquisition,,Global,Global,,Active Agency,,,2026-07-20,,,B,Direct organization or specialist source,Direct,52,Low,,https://www.resourcesolutions.com/,Embedded recruitment and workforce solutions
agency-00048,Recruitment Agency,agency,Pontoon Solutions,Workforce Solutions,Workforce Solutions,RPO & Talent Acquisition,RPO & Talent Acquisition,,Global,Global,,Active Agency,,,2026-07-20,,,B,Direct organization or specialist source,Direct,52,Low,,https://www.pontoonsolutions.com/,"MSP, RPO and contingent workforce"
agency-00049,Recruitment Agency,agency,PeopleScout,RPO & Talent Acquisition,RPO & Talent Acquisition,RPO & Talent Acquisition,RPO & Talent Acquisition,,Global,Global,,Active Agency,,,2026-07-20,,,B,Direct organization or specialist source,Direct,52,Low,,https://www.peoplescout.com/,RPO and employer branding
agency-00050,Recruitment Agency,agency,Insight Global,Staffing & Recruitment,Staffing & Recruitment,Technology Recruitment,Technology Recruitment,,Americas,United States,,Active Agency,,,2026-07-20,,,B,Direct organization or specialist source,Direct,48,Low,,https://insightglobal.com/,"Technology, engineering and professional staffing"
agency-00051,Recruitment Agency,agency,Bayt.com,Job Platform,Job Platform,Job Platform,Job Platform,,Arab Region,Middle East,,Active Agency,,,2026-07-20,,,B,Recognized job platform,Platform,48,Low,,https://www.bayt.com/,Professional jobs across MENA
agency-00052,Recruitment Agency,agency,GulfTalent,Job Platform,Job Platform,Job Platform,Job Platform,,GCC & Middle East,Middle East,,Active Agency,,,2026-07-20,,,B,Recognized job platform,Platform,52,Low,,https://www.gulftalent.com/,Professional and management jobs in GCC
agency-00053,Recruitment Agency,agency,Naukrigulf,Job Platform,Job Platform,Job Platform,Job Platform,,GCC & Middle East,Middle East,,Active Agency,,,2026-07-20,,,B,Recognized job platform,Platform,52,Low,,https://www.naukrigulf.com/,GCC and Middle East jobs
agency-00054,Recruitment Agency,agency,Foundit Gulf,Job Platform,Job Platform,Job Platform,Job Platform,,GCC & Middle East,Middle East,,Active Agency,,,2026-07-20,,,B,Direct organization or specialist source,Direct,52,Low,,https://www.founditgulf.com/,Gulf professional jobs
agency-00055,Recruitment Agency,agency,Laimoon,Job Platform,Job Platform,Job Platform,Job Platform,,Arab Region,Middle East,,Active Agency,,,2026-07-20,,,B,Direct organization or specialist source,Direct,48,Low,,https://laimoon.com/,Jobs and courses across MENA
agency-00056,Recruitment Agency,agency,Tanqeeb,Job Aggregator,Job Aggregator,Job Platform,Job Platform,,Arab Region,Middle East,,Active Agency,,,2026-07-20,,,B,Direct organization or specialist source,Direct,48,Low,,https://www.tanqeeb.com/,Arabic regional job search
agency-00057,Recruitment Agency,agency,Akhtaboot,Job Platform,Job Platform,Job Platform,Job Platform,,Arab Region,Jordan / MENA,,Active Agency,,,2026-07-20,,,B,Direct organization or specialist source,Direct,48,Low,,https://www.akhtaboot.com/,Jobs across Jordan and MENA
agency-00058,Recruitment Agency,agency,Mihnati,Job Platform,Job Platform,Job Platform,Job Platform,,GCC & Middle East,Saudi Arabia,,Active Agency,,,2026-07-20,,,B,Direct organization or specialist source,Direct,52,Low,,https://www.mihnati.com/,Saudi and Gulf jobs
agency-00059,Recruitment Agency,agency,Drjobs,Job Platform,Job Platform,Job Platform,Job Platform,,GCC & Middle East,United Arab Emirates,,Active Agency,,,2026-07-20,,,B,Direct organization or specialist source,Direct,52,Low,,https://drjobs.ae/,Jobs across GCC and Middle East
agency-00060,Recruitment Agency,agency,Mourjan,Classified Jobs Platform,Classified Jobs Platform,Job Platform,Job Platform,,Arab Region,Middle East,,Active Agency,,,2026-07-20,,,B,Direct organization or specialist source,Direct,48,Low,,https://www.mourjan.com/,Arabic classifieds and job ads
agency-00061,Recruitment Agency,agency,Sabbar,Job Platform,Job Platform,Job Platform,Job Platform,,GCC & Middle East,Saudi Arabia,,Active Agency,,,2026-07-20,,,B,Direct organization or specialist source,Direct,52,Low,,https://sabbar.com/,Saudi flexible and operational jobs
agency-00062,Recruitment Agency,agency,Dubizzle Jobs,Classified Jobs Platform,Classified Jobs Platform,Job Platform,Job Platform,,GCC & Middle East,United Arab Emirates,,Active Agency,,,2026-07-20,,,B,Direct organization or specialist source,Direct,52,Low,,https://dubai.dubizzle.com/jobs/,UAE jobs and classifieds
agency-00063,Recruitment Agency,agency,Gulf News Jobs,Job Platform,Job Platform,Job Platform,Job Platform,,GCC & Middle East,United Arab Emirates,,Active Agency,,,2026-07-20,,,B,Direct organization or specialist source,Direct,52,Low,,https://gulfnews.com/jobs,UAE and Gulf vacancies
agency-00064,Recruitment Agency,agency,TASC Outsourcing,Staffing & Outsourcing,Staffing & Outsourcing,Technology Recruitment,Technology Recruitment,,GCC & Middle East,United Arab Emirates,,Active Agency,,,2026-07-20,,,B,Direct organization or specialist source,Direct,52,Low,,https://tascoutsourcing.com/,"Technology, professional staffing and outsourcing"
agency-00065,Recruitment Agency,agency,BAC Middle East,Recruitment Agency,Recruitment Agency,Specialist Recruitment,Specialist Recruitment,,GCC & Middle East,United Arab Emirates,,Active Agency,,,2026-07-20,,,B,Direct organization or specialist source,Direct,52,Low,,https://www.bacme.com/,Professional recruitment in the Gulf
agency-00066,Recruitment Agency,agency,Charterhouse Middle East,Specialist Recruitment,Specialist Recruitment,Executive Search,Executive Search,,GCC & Middle East,United Arab Emirates,,Active Agency,,,2026-07-20,,,B,Direct organization or specialist source,Direct,52,Low,,https://www.charterhouseme.ae/,Professional and executive recruitment
agency-00067,Recruitment Agency,agency,Cooper Fitch,Executive Search,Executive Search,Executive Search,Executive Search,,GCC & Middle East,United Arab Emirates,,Active Agency,,,2026-07-20,,,B,Direct organization or specialist source,Direct,52,Low,,https://cooperfitch.ae/,Executive search and recruitment
agency-00068,Recruitment Agency,agency,Guildhall,Executive Search,Executive Search,Executive Search,Executive Search,,GCC & Middle East,United Arab Emirates,,Active Agency,,,2026-07-20,,,B,Direct organization or specialist source,Direct,52,Low,,https://guildhall.agency/,Executive and specialist recruitment
agency-00069,Recruitment Agency,agency,NADIA Global,Recruitment & Training,Recruitment & Training,HR & Talent Advisory,HR & Talent Advisory,,GCC & Middle East,United Arab Emirates,,Active Agency,,,2026-07-20,,,B,Direct organization or specialist source,Direct,52,Low,,https://www.nadiaglobal.com/,Professional recruitment and HR services
agency-00070,Recruitment Agency,agency,Marc Ellis,Technology Recruitment,Technology Recruitment,Technology Recruitment,Technology Recruitment,,GCC & Middle East,United Arab Emirates,,Active Agency,,,2026-07-20,,,B,Direct organization or specialist source,Direct,54,Low,,https://www.marc-ellis.com/,"Technology, banking and digital recruitment"
agency-00071,Recruitment Agency,agency,Black Pearl Consult,Recruitment Agency,Recruitment Agency,Specialist Recruitment,Specialist Recruitment,,GCC & Middle East,United Arab Emirates,,Active Agency,,,2026-07-20,,,B,Direct organization or specialist source,Direct,52,Low,,https://www.blackpearlconsult.com/,Professional recruitment across MENA
agency-00072,Recruitment Agency,agency,RTC-1 Employment Services,Recruitment Agency,Recruitment Agency,Specialist Recruitment,Specialist Recruitment,,GCC & Middle East,United Arab Emirates,,Active Agency,,,2026-07-20,,,B,Direct organization or specialist source,Direct,52,Low,,https://www.rtc-1.com/,GCC professional recruitment
agency-00073,Recruitment Agency,agency,Inspire Selection,Specialist Recruitment,Specialist Recruitment,Specialist Recruitment,Specialist Recruitment,,GCC & Middle East,United Arab Emirates,,Active Agency,,,2026-07-20,,,B,Direct organization or specialist source,Direct,52,Low,,https://www.inspireselection.com/,Professional and management recruitment
agency-00074,Recruitment Agency,agency,MENA Recruit,Specialist Recruitment,Specialist Recruitment,RPO & Talent Acquisition,RPO & Talent Acquisition,,GCC & Middle East,United Arab Emirates,,Active Agency,,,2026-07-20,,,B,Direct organization or specialist source,Direct,52,Low,,https://www.menarecruit.com/,"Legal, professional and corporate recruitment"
agency-00075,Recruitment Agency,agency,Mackenzie Jones,Specialist Recruitment,Specialist Recruitment,Specialist Recruitment,Specialist Recruitment,,GCC & Middle East,United Arab Emirates,,Active Agency,,,2026-07-20,,,B,Direct organization or specialist source,Direct,52,Low,,https://www.mackenziejones.com/,Professional recruitment across Middle East
agency-00076,Recruitment Agency,agency,Frazer Jones Middle East,HR Recruitment,HR Recruitment,Specialist Recruitment,Specialist Recruitment,,GCC & Middle East,United Arab Emirates,,Active Agency,,,2026-07-20,,,B,Direct organization or specialist source,Direct,52,Low,,https://www.frazerjones.com/,Human resources specialist recruitment
agency-00077,Recruitment Agency,agency,Madison Pearl,Executive Search,Executive Search,Executive Search,Executive Search,,GCC & Middle East,United Arab Emirates,,Active Agency,,,2026-07-20,,,B,Direct organization or specialist source,Direct,52,Low,,https://madisonpearl.com/,Financial services and executive search
agency-00078,Recruitment Agency,agency,Kingston Stanley,Specialist Recruitment,Specialist Recruitment,Technology Recruitment,Technology Recruitment,,GCC & Middle East,United Arab Emirates,,Active Agency,,,2026-07-20,,,B,Direct organization or specialist source,Direct,52,Low,,https://www.kingstonstanley.com/,"Digital, marketing and technology recruitment"
agency-00079,Recruitment Agency,agency,Tiger Recruitment Dubai,Specialist Recruitment,Specialist Recruitment,Specialist Recruitment,Specialist Recruitment,,GCC & Middle East,United Arab Emirates,,Active Agency,,,2026-07-20,,,B,Direct organization or specialist source,Direct,52,Low,,https://tiger-recruitment.com/ae/,Business support and private staffing
agency-00080,Recruitment Agency,agency,Irwin & Dow,Specialist Recruitment,Specialist Recruitment,Specialist Recruitment,Specialist Recruitment,,GCC & Middle East,United Arab Emirates,,Active Agency,,,2026-07-20,,,B,Direct organization or specialist source,Direct,52,Low,,https://www.irwinanddow.com/,Business support and professional recruitment
agency-00081,Recruitment Agency,agency,Sundus,Staffing & Outsourcing,Staffing & Outsourcing,Staffing & Outsourcing,Staffing & Outsourcing,,GCC & Middle East,United Arab Emirates,,Active Agency,,,2026-07-20,,,B,Direct organization or specialist source,Direct,54,Low,,https://www.sundusglobal.com/,"Government, energy and professional staffing"
agency-00082,Recruitment Agency,agency,Nathan & Nathan,HR Outsourcing,HR Outsourcing,Staffing & Outsourcing,Staffing & Outsourcing,,GCC & Middle East,United Arab Emirates,,Active Agency,,,2026-07-20,,,B,Direct organization or specialist source,Direct,52,Low,,https://nathanhr.com/,"Recruitment, payroll and employer-of-record"
agency-00083,Recruitment Agency,agency,Ultimate HR Solutions,Staffing & Outsourcing,Staffing & Outsourcing,Staffing & Outsourcing,Staffing & Outsourcing,,GCC & Middle East,United Arab Emirates,,Active Agency,,,2026-07-20,,,B,Direct organization or specialist source,Direct,52,Low,,https://www.uhs.ae/,"Staffing, payroll and outsourcing"
agency-00084,Recruitment Agency,agency,Innovations Group,Staffing & Outsourcing,Staffing & Outsourcing,Staffing & Outsourcing,Staffing & Outsourcing,,GCC & Middle East,United Arab Emirates,,Active Agency,,,2026-07-20,,,B,Direct organization or specialist source,Direct,52,Low,,https://www.innovationsgroup.ae/,Manpower and recruitment services
agency-00085,Recruitment Agency,agency,Transguard Workforce Solutions,Staffing & Outsourcing,Staffing & Outsourcing,Staffing & Outsourcing,Staffing & Outsourcing,,GCC & Middle East,United Arab Emirates,,Active Agency,,,2026-07-20,,,B,Direct organization or specialist source,Direct,52,Low,,https://transguardgroup.com/workforce-solutions/,Large-scale staffing and outsourcing
agency-00086,Recruitment Agency,agency,Reach Employment Services,Recruitment Agency,Recruitment Agency,General Recruitment Agency,General Recruitment Agency,,GCC & Middle East,United Arab Emirates,,Active Agency,,,2026-07-20,,,B,Direct organization or specialist source,Direct,57,Low,,https://www.reachgroup.ae/,Government and private-sector recruitment
agency-00087,Recruitment Agency,agency,Dicetek,Technology Staffing,Technology Staffing,Technology Recruitment,Technology Recruitment,,GCC & Middle East,United Arab Emirates,,Active Agency,,,2026-07-20,,,B,Direct organization or specialist source,Direct,52,Low,,https://www.dicetek.net/,IT staffing and technology consulting
agency-00088,Recruitment Agency,agency,Halian,Technology Recruitment,Technology Recruitment,Technology Recruitment,Technology Recruitment,,GCC & Middle East,Middle East,,Active Agency,,,2026-07-20,,,B,Direct organization or specialist source,Direct,52,Low,,https://www.halian.com/,Technology recruitment and managed services
agency-00089,Recruitment Agency,agency,eMagine Solutions,Technology Recruitment,Technology Recruitment,Technology Recruitment,Technology Recruitment,,GCC & Middle East,United Arab Emirates,,Active Agency,,,2026-07-20,,,B,Direct organization or specialist source,Direct,52,Low,,https://www.emagine-solutions.com/,Technology and digital recruitment
agency-00090,Recruitment Agency,agency,Discovered MENA,Technology Recruitment,Technology Recruitment,Technology Recruitment,Technology Recruitment,,GCC & Middle East,United Arab Emirates,,Active Agency,,,2026-07-20,,,B,Direct organization or specialist source,Direct,52,Low,,https://discovered.ae/,"Digital, product and technology talent"
agency-00091,Recruitment Agency,agency,Caliberly,Recruitment Agency,Recruitment Agency,Specialist Recruitment,Specialist Recruitment,,GCC & Middle East,United Arab Emirates,,Active Agency,,,2026-07-20,,,B,Direct organization or specialist source,Direct,52,Low,,https://caliberly.com/,Professional recruitment across UAE
agency-00092,Recruitment Agency,agency,Reeqwest,Recruitment Agency,Recruitment Agency,Specialist Recruitment,Specialist Recruitment,,GCC & Middle East,United Arab Emirates,,Active Agency,,,2026-07-20,,,B,Direct organization or specialist source,Direct,52,Low,,https://reeqwest.com/,Professional recruitment and job listings
agency-00093,Recruitment Agency,agency,Sawaeed Employment,Manpower & Outsourcing,Manpower & Outsourcing,Staffing & Outsourcing,Staffing & Outsourcing,,GCC & Middle East,United Arab Emirates,,Active Agency,,,2026-07-20,,,B,Direct organization or specialist source,Direct,52,Low,,https://www.sawaeed.ae/,Staffing and workforce services
agency-00094,Recruitment Agency,agency,JAMS HR Solutions,HR Outsourcing,HR Outsourcing,Staffing & Outsourcing,Staffing & Outsourcing,,GCC & Middle East,United Arab Emirates,,Active Agency,,,2026-07-20,,,B,Direct organization or specialist source,Direct,52,Low,,https://jamshrsolutions.com/,Recruitment and HR outsourcing
agency-00095,Recruitment Agency,agency,Propel Consult,Recruitment Agency,Recruitment Agency,Specialist Recruitment,Specialist Recruitment,,GCC & Middle East,Bahrain,,Active Agency,,,2026-07-20,,,B,Direct organization or specialist source,Direct,52,Low,,https://www.propelconsult.com/,"Construction, engineering and professional recruitment"
agency-00096,Recruitment Agency,agency,Gulf Connexions,Executive Recruitment,Executive Recruitment,Executive Search,Executive Search,,GCC & Middle East,Bahrain,,Active Agency,,,2026-07-20,,,B,Direct organization or specialist source,Direct,54,Low,,https://www.gulfconnexions.com/,"Banking, finance and executive recruitment"
agency-00097,Recruitment Agency,agency,Clarendon Parker Bahrain,Recruitment Agency,Recruitment Agency,Specialist Recruitment,Specialist Recruitment,,GCC & Middle East,Bahrain,,Active Agency,,,2026-07-20,,,B,Direct organization or specialist source,Direct,52,Low,,https://clarendonparker.com/,Professional recruitment
agency-00098,Recruitment Agency,agency,Jerry Varghese,Overseas Recruitment,Overseas Recruitment,Healthcare & Life Sciences Recruitment,Healthcare & Life Sciences Recruitment,,GCC & Middle East,India / GCC,,Active Agency,,,2026-07-20,,,B,Direct organization or specialist source,Direct,54,Low,,https://www.jerryvarghese.com/,"Engineering, healthcare and Gulf recruitment"
agency-00099,Recruitment Agency,agency,Soundlines Group,Overseas Recruitment,Overseas Recruitment,Staffing & Outsourcing,Staffing & Outsourcing,,GCC & Middle East,India / GCC,,Active Agency,,,2026-07-20,,,B,Direct organization or specialist source,Direct,52,Low,,https://soundlinesgroup.com/,GCC manpower and professional recruitment
agency-00100,Recruitment Agency,agency,Dynamic Staffing Services,Overseas Recruitment,Overseas Recruitment,Overseas Recruitment,Overseas Recruitment,,GCC & Middle East,India / GCC,,Active Agency,,,2026-07-20,,,B,Direct organization or specialist source,Direct,52,Low,,https://www.dss-hr.com/,Engineering and Gulf recruitment
agency-00101,Recruitment Agency,agency,Ambe International,Overseas Recruitment,Overseas Recruitment,Staffing & Outsourcing,Staffing & Outsourcing,,GCC & Middle East,India / GCC,,Active Agency,,,2026-07-20,,,B,Direct organization or specialist source,Direct,20,Low,,https://www.ambe.com/,GCC and international manpower recruitment
agency-00102,Recruitment Agency,agency,Sundus Recruitment Qatar,Recruitment Agency,Recruitment Agency,Specialist Recruitment,Specialist Recruitment,,GCC & Middle East,Qatar,,Active Agency,,,2026-07-20,,,B,Direct organization or specialist source,Direct,52,Low,,https://www.sundusglobal.com/,Professional and project staffing
agency-00103,Recruitment Agency,agency,Candidzone,Recruitment Agency,Recruitment Agency,Specialist Recruitment,Specialist Recruitment,,GCC & Middle East,Qatar,,Active Agency,,,2026-07-20,,,B,Direct organization or specialist source,Direct,52,Low,,https://www.candidzone.net/,Professional staffing in Qatar
agency-00104,Recruitment Agency,agency,MSI Qatar,Recruitment Agency,Recruitment Agency,Overseas Recruitment,Overseas Recruitment,,GCC & Middle East,Qatar,,Active Agency,,,2026-07-20,,,B,Direct organization or specialist source,Direct,20,Low,,https://www.msiqatar.com/,Management Solutions International recruitment
agency-00105,Recruitment Agency,agency,People Dynamics,Recruitment Agency,Recruitment Agency,Executive Search,Executive Search,,GCC & Middle East,Qatar,,Active Agency,,,2026-07-20,,,B,Direct organization or specialist source,Direct,52,Low,,https://ppldynamics.com/,Professional and executive recruitment
agency-00106,Recruitment Agency,agency,Vistas Global,Staffing & Outsourcing,Staffing & Outsourcing,Technology Recruitment,Technology Recruitment,,GCC & Middle East,Qatar,,Active Agency,,,2026-07-20,,,B,Direct organization or specialist source,Direct,52,Low,,https://vistasglobal.com/,Technology and business staffing
agency-00107,Recruitment Agency,agency,Oman Agencies,Overseas Recruitment,Overseas Recruitment,Staffing & Outsourcing,Staffing & Outsourcing,,GCC & Middle East,Oman,,Active Agency,,,2026-07-20,,,B,Direct organization or specialist source,Direct,52,Low,,https://www.omangencies.com/,Gulf staffing and manpower
agency-00108,Recruitment Agency,agency,MENA HR Solutions,HR Consultancy,HR Consultancy,HR & Talent Advisory,HR & Talent Advisory,,GCC & Middle East,Oman,,Active Agency,,,2026-07-20,,,B,Direct organization or specialist source,Direct,52,Low,,https://menahrs.com/,Recruitment and HR services
agency-00109,Recruitment Agency,agency,Kuwait Resources House,HR Outsourcing,HR Outsourcing,Staffing & Outsourcing,Staffing & Outsourcing,,GCC & Middle East,Kuwait,,Active Agency,,,2026-07-20,,,B,Direct organization or specialist source,Direct,52,Low,,https://www.krhkw.com/,Recruitment and manpower services
agency-00110,Recruitment Agency,agency,SOS HR Solutions,Recruitment Agency,Recruitment Agency,Specialist Recruitment,Specialist Recruitment,,GCC & Middle East,Kuwait,,Active Agency,,,2026-07-20,,,B,Direct organization or specialist source,Direct,52,Low,,https://soshrsolutions.com/,Professional recruitment and HR solutions
agency-00111,Recruitment Agency,agency,WUZZUF,Job Platform,Job Platform,Job Platform,Job Platform,,Egypt,Egypt,,Active Agency,,,2026-07-20,,,B,Recognized job platform,Platform,53,Low,,https://wuzzuf.net/jobs/egypt,Professional and management jobs
agency-00112,Recruitment Agency,agency,Forasna,Job Platform,Job Platform,Job Platform,Job Platform,,Egypt,Egypt,,Active Agency,,,2026-07-20,,,B,Direct organization or specialist source,Direct,53,Low,,https://forasna.com/,"Arabic jobs, technical and operational roles"
agency-00113,Recruitment Agency,agency,Jobzella,Job Platform,Job Platform,Job Platform,Job Platform,,Egypt,Egypt,,Active Agency,,,2026-07-20,,,B,Direct organization or specialist source,Direct,53,Low,,https://www.jobzella.com/,Professional networking and job search
agency-00114,Recruitment Agency,agency,Tawzef,Recruitment & HR Consultancy,Recruitment & HR Consultancy,Executive Search,Executive Search,,Egypt,Egypt,,Active Agency,,,2026-07-20,,,B,Direct organization or specialist source,Direct,53,Low,,https://www.tawzef.com/,"Local, overseas and executive recruitment"
agency-00115,Recruitment Agency,agency,Top Business Group,Recruitment & Outsourcing,Recruitment & Outsourcing,Staffing & Outsourcing,Staffing & Outsourcing,,Egypt,Egypt,,Active Agency,,,2026-07-20,,,B,Direct organization or specialist source,Direct,53,Low,,https://www.topbusiness-hr.com/,Professional recruitment and outsourcing
agency-00116,Recruitment Agency,agency,Target Recruitment & HR Solutions,Recruitment Agency,Recruitment Agency,HR & Talent Advisory,HR & Talent Advisory,,Egypt,Egypt,,Active Agency,,,2026-07-20,,,B,Direct organization or specialist source,Direct,53,Low,,https://targetdhr.com/,Professional recruitment and HR services
agency-00117,Recruitment Agency,agency,Staff Arabia,Recruitment & Outsourcing,Recruitment & Outsourcing,Staffing & Outsourcing,Staffing & Outsourcing,,Egypt,Egypt,,Active Agency,,,2026-07-20,,,B,Direct organization or specialist source,Direct,53,Low,,https://staffarabia.com/,"Professional recruitment, payroll and Gulf hiring"
agency-00118,Recruitment Agency,agency,EgyBell,Staffing & Outsourcing,Staffing & Outsourcing,Technology Recruitment,Technology Recruitment,,Egypt,Egypt,,Active Agency,,,2026-07-20,,,B,Direct organization or specialist source,Direct,53,Low,,https://www.egybell.com/,"Technology, telecom and professional outsourcing"
agency-00119,Recruitment Agency,agency,Premier Services & Recruitment,Recruitment & Outsourcing,Recruitment & Outsourcing,Staffing & Outsourcing,Staffing & Outsourcing,,Egypt,Egypt,,Active Agency,,,2026-07-20,,,B,Direct organization or specialist source,Direct,53,Low,,https://premieregypt.com/,Professional staffing and outsourcing
agency-00120,Recruitment Agency,agency,Recruitment House,Recruitment Agency,Recruitment Agency,RPO & Talent Acquisition,RPO & Talent Acquisition,,Egypt,Egypt,,Active Agency,,,2026-07-20,,,B,Direct organization or specialist source,Direct,53,Low,,https://recruitmenthouse.com/,Professional and corporate recruitment
agency-00121,Recruitment Agency,agency,MBS HR,Recruitment & HR Consultancy,Recruitment & HR Consultancy,Overseas Recruitment,Overseas Recruitment,,Egypt,Egypt,,Active Agency,,,2026-07-20,,,B,Direct organization or specialist source,Direct,53,Low,,https://mbshr.com/,Professional and overseas recruitment
agency-00122,Recruitment Agency,agency,Job Nile,Job Platform,Job Platform,Job Platform,Job Platform,,Egypt,Egypt,,Active Agency,,,2026-07-20,,,B,Direct organization or specialist source,Direct,53,Low,,https://www.jobnile.com/,Egypt jobs and career services
agency-00123,Recruitment Agency,agency,Career Advancers,Recruitment Agency,Recruitment Agency,Executive Search,Executive Search,,Egypt,Egypt,,Active Agency,,,2026-07-20,,,B,Direct organization or specialist source,Direct,53,Low,,https://careeradvancers.com/,Executive and professional recruitment
agency-00124,Recruitment Agency,agency,RAWAJ HCM,Recruitment & HR Consultancy,Recruitment & HR Consultancy,Executive Search,Executive Search,,Egypt,Egypt,,Active Agency,,,2026-07-20,,,B,Direct organization or specialist source,Direct,55,Low,,https://rawaj-hcm.com/,Executive search and human-capital management
agency-00125,Recruitment Agency,agency,Merge Recruitment Agency,Recruitment Agency,Recruitment Agency,Overseas Recruitment,Overseas Recruitment,,Egypt,Egypt,,Active Agency,,,2026-07-20,,,B,Direct organization or specialist source,Direct,53,Low,,https://mergerecruitment.com/,Local and overseas recruitment
agency-00126,Recruitment Agency,agency,El Maaly Egypt,Overseas Recruitment,Overseas Recruitment,Overseas Recruitment,Overseas Recruitment,,Egypt,Egypt,,Active Agency,,,2026-07-20,,,B,Direct organization or specialist source,Direct,20,Low,,https://elmaalygroup.net/,GCC and international recruitment
agency-00127,Recruitment Agency,agency,ArabJobs,Job Platform,Job Platform,Job Platform,Job Platform,,Egypt,Egypt,,Active Agency,,,2026-07-20,,,B,Direct organization or specialist source,Direct,53,Low,,https://www.arabjobs.com/,Arab regional job listings
agency-00128,Recruitment Agency,agency,Career Hunters Egypt,Recruitment Agency,Recruitment Agency,Executive Search,Executive Search,,Egypt,Egypt,,Active Agency,,,2026-07-20,,,B,Direct organization or specialist source,Direct,53,Low,,https://careerhunterseg.com/,Professional and executive recruitment
agency-00129,Recruitment Agency,agency,Pillars Consultancy & Recruitment,Executive Search,Executive Search,Executive Search,Executive Search,,Egypt,Egypt,,Active Agency,,,2026-07-20,,,B,Direct organization or specialist source,Direct,53,Low,,https://www.pillars-eg.com/,Executive and professional recruitment
agency-00130,Recruitment Agency,agency,Partner & More,Recruitment Agency,Recruitment Agency,HR & Talent Advisory,HR & Talent Advisory,,Egypt,Egypt,,Active Agency,,,2026-07-20,,,B,Direct organization or specialist source,Direct,53,Low,,https://partner-more.com/,Recruitment and HR consultancy
agency-00131,Recruitment Agency,agency,Smart Group HR,HR Outsourcing,HR Outsourcing,Staffing & Outsourcing,Staffing & Outsourcing,,Egypt,Egypt,,Active Agency,,,2026-07-20,,,B,Direct organization or specialist source,Direct,53,Low,,https://smartgroup-hr.com/,"Staffing, payroll and recruitment"
agency-00132,Recruitment Agency,agency,EgyRec,Recruitment Agency,Recruitment Agency,Specialist Recruitment,Specialist Recruitment,,Egypt,Egypt,,Active Agency,,,2026-07-20,,,B,Direct organization or specialist source,Direct,53,Low,,https://egyrec.com/,Professional recruitment
agency-00133,Recruitment Agency,agency,Job Master,Recruitment Agency,Recruitment Agency,Specialist Recruitment,Specialist Recruitment,,Egypt,Egypt,,Active Agency,,,2026-07-20,,,B,Direct organization or specialist source,Direct,53,Low,,https://jobmastergroup.com/,Professional recruitment services
agency-00134,Recruitment Agency,agency,Human Capital Egypt,HR Consultancy,HR Consultancy,HR & Talent Advisory,HR & Talent Advisory,,Egypt,Egypt,,Active Agency,,,2026-07-20,,,B,Direct organization or specialist source,Direct,55,Low,,https://humancapital-eg.com/,Recruitment and HR consulting
agency-00135,Recruitment Agency,agency,CAP HR Solutions,HR Consultancy,HR Consultancy,HR & Talent Advisory,HR & Talent Advisory,,Egypt,Egypt,,Active Agency,,,2026-07-20,,,B,Direct organization or specialist source,Direct,53,Low,,https://cap-hr.com/,"Recruitment, payroll and HR solutions"
agency-00136,Recruitment Agency,agency,First Egyptian Engineering Recruitment,Technical Recruitment,Technical Recruitment,Technology Recruitment,Technology Recruitment,,Egypt,Egypt,,Active Agency,,,2026-07-20,,,B,Direct organization or specialist source,Direct,53,Low,,https://www.first-egy.com/,Engineering and overseas recruitment
agency-00137,Recruitment Agency,agency,Egyptrol,Technical Recruitment,Technical Recruitment,Technology Recruitment,Technology Recruitment,,Egypt,Egypt,,Active Agency,,,2026-07-20,,,B,Direct organization or specialist source,Direct,53,Low,,https://www.egyptrol.com/,"Oil, gas, engineering and overseas staffing"
agency-00138,Recruitment Agency,agency,Right Track Recruitment,Recruitment Agency,Recruitment Agency,HR & Talent Advisory,HR & Talent Advisory,,Egypt,Egypt,,Active Agency,,,2026-07-20,,,B,Direct organization or specialist source,Direct,53,Low,,https://righttrack-eg.com/,Professional recruitment and HR services
agency-00139,Recruitment Agency,agency,Shaghalni,Job Platform,Job Platform,Job Platform,Job Platform,,Egypt,Egypt,,Active Agency,,,2026-07-20,,,B,Direct organization or specialist source,Direct,53,Low,,https://shaghalni.com/,Blue-collar and operational job matching
agency-00140,Recruitment Agency,agency,Jobiano,Job Platform,Job Platform,Job Platform,Job Platform,,Egypt,Egypt,,Active Agency,,,2026-07-20,,,B,Direct organization or specialist source,Direct,53,Low,,https://jobiano.com/,Egypt job listings
agency-00141,Recruitment Agency,agency,AfricaWork,Recruitment Platform,Recruitment Platform,Job Platform,Job Platform,,Africa,Pan-Africa,,Active Agency,,,2026-07-20,,,B,Direct organization or specialist source,Direct,52,Low,,https://www.africawork.com/,Recruitment and CV databases across African countries
agency-00142,Recruitment Agency,agency,ExecAfrica Recruitment,Recruitment Agency,Recruitment Agency,Executive Search,Executive Search,,Africa,Kenya,,Active Agency,,,2026-07-20,,,B,Direct organization or specialist source,Direct,50,Low,,https://www.execafrica.com/,"Executive, professional and bulk recruitment"
agency-00143,Recruitment Agency,agency,Michael Page Africa,Specialist Recruitment,Specialist Recruitment,Executive Search,Executive Search,,Africa,Africa,,Active Agency,,,2026-07-20,,,B,Direct organization or specialist source,Direct,50,Low,,https://www.michaelpageafrica.com/,Professional and executive recruitment
agency-00144,Recruitment Agency,agency,Robert Walters Africa,Specialist Recruitment,Specialist Recruitment,Executive Search,Executive Search,,Africa,Africa,,Active Agency,,,2026-07-20,,,B,Direct organization or specialist source,Direct,50,Low,,https://www.robertwaltersafrica.com/,Professional and executive recruitment
agency-00145,Recruitment Agency,agency,CA Global,Executive Search,Executive Search,Executive Search,Executive Search,,Africa,South Africa,,Active Agency,,,2026-07-20,,,B,Direct organization or specialist source,Direct,50,Low,,https://www.caglobalint.com/,"Mining, finance, technology and Africa recruitment"
agency-00146,Recruitment Agency,agency,Adcorp,Workforce Solutions,Workforce Solutions,Staffing & Outsourcing,Staffing & Outsourcing,,Africa,South Africa,,Active Agency,,,2026-07-20,,,B,Direct organization or specialist source,Direct,50,Low,,https://www.adcorpgroup.com/,"Staffing, outsourcing and workforce services"
agency-00147,Recruitment Agency,agency,Afrizan People Intelligence,Recruitment Agency,Recruitment Agency,Specialist Recruitment,Specialist Recruitment,,Africa,South Africa,,Active Agency,,,2026-07-20,,,B,Direct organization or specialist source,Direct,50,Low,,https://www.afrizan.co.za/,Professional and specialist recruitment
agency-00148,Recruitment Agency,agency,Network Recruitment,Specialist Recruitment,Specialist Recruitment,Specialist Recruitment,Specialist Recruitment,,Africa,South Africa,,Active Agency,,,2026-07-20,,,B,Direct organization or specialist source,Direct,50,Low,,https://www.networkrecruitment.co.za/,"IT, finance and engineering recruitment"
agency-00149,Recruitment Agency,agency,Communicate Recruitment,Specialist Recruitment,Specialist Recruitment,Specialist Recruitment,Specialist Recruitment,,Africa,South Africa,,Active Agency,,,2026-07-20,,,B,Direct organization or specialist source,Direct,50,Low,,https://www.communicate.co.za/,"IT, finance and engineering"
agency-00150,Recruitment Agency,agency,Hire Resolve,Recruitment Agency,Recruitment Agency,Healthcare & Life Sciences Recruitment,Healthcare & Life Sciences Recruitment,,Africa,South Africa,,Active Agency,,,2026-07-20,,,B,Direct organization or specialist source,Direct,52,Low,,https://www.hireresolve.co.za/,"Engineering, finance, IT and healthcare recruitment"
agency-00151,Recruitment Agency,agency,RPO Recruitment,Recruitment Agency,Recruitment Agency,Technology Recruitment,Technology Recruitment,,Africa,South Africa,,Active Agency,,,2026-07-20,,,B,Direct organization or specialist source,Direct,50,Low,,https://www.rporecruitment.co.za/,Professional and technical recruitment
agency-00152,Recruitment Agency,agency,Mass Staffing Projects,Recruitment Agency,Recruitment Agency,Healthcare & Life Sciences Recruitment,Healthcare & Life Sciences Recruitment,,Africa,South Africa,,Active Agency,,,2026-07-20,,,B,Direct organization or specialist source,Direct,52,Low,,https://www.massstaffingprojects.co.za/,"Engineering, mining, healthcare and finance"
agency-00153,Recruitment Agency,agency,Datafin,Technology Recruitment,Technology Recruitment,Technology Recruitment,Technology Recruitment,,Africa,South Africa,,Active Agency,,,2026-07-20,,,B,Direct organization or specialist source,Direct,52,Low,,https://www.datafin.com/,"IT, software and data recruitment"
agency-00154,Recruitment Agency,agency,E-Merge IT Recruitment,Technology Recruitment,Technology Recruitment,Technology Recruitment,Technology Recruitment,,Africa,South Africa,,Active Agency,,,2026-07-20,,,B,Direct organization or specialist source,Direct,50,Low,,https://www.e-merge.co.za/,Software and technology recruitment
agency-00155,Recruitment Agency,agency,SET Recruitment Consultants,Recruitment Agency,Recruitment Agency,Executive Search,Executive Search,,Africa,South Africa,,Active Agency,,,2026-07-20,,,B,Direct organization or specialist source,Direct,50,Low,,https://www.set.co.za/,Professional and executive recruitment
agency-00156,Recruitment Agency,agency,Pollock & Associates,Executive Recruitment,Executive Recruitment,Executive Search,Executive Search,,Africa,South Africa,,Active Agency,,,2026-07-20,,,B,Direct organization or specialist source,Direct,50,Low,,https://www.pollock.co.za/,Executive and specialist recruitment
agency-00157,Recruitment Agency,agency,Measured Ability Group,Staffing & Recruitment,Staffing & Recruitment,Specialist Recruitment,Specialist Recruitment,,Africa,South Africa,,Active Agency,,,2026-07-20,,,B,Direct organization or specialist source,Direct,50,Low,,https://www.measuredability.com/,Professional staffing and labour services
agency-00158,Recruitment Agency,agency,Greys Recruitment,Recruitment Agency,Recruitment Agency,General Recruitment Agency,General Recruitment Agency,,Africa,South Africa,,Active Agency,,,2026-07-20,,,B,Direct organization or specialist source,Direct,50,Low,,https://www.greys.co.za/,Permanent and temporary staffing
agency-00159,Recruitment Agency,agency,Kontak Recruitment,Recruitment Agency,Recruitment Agency,Specialist Recruitment,Specialist Recruitment,,Africa,South Africa,,Active Agency,,,2026-07-20,,,B,Direct organization or specialist source,Direct,54,Low,,https://www.kontak.co.za/,Professional recruitment across sectors
agency-00160,Recruitment Agency,agency,The Recruitment People,Recruitment Agency,Recruitment Agency,RPO & Talent Acquisition,RPO & Talent Acquisition,,Africa,South Africa,,Active Agency,,,2026-07-20,,,B,Direct organization or specialist source,Direct,50,Low,,https://www.trpeople.co.za/,"Finance, sales, IT and corporate recruitment"
agency-00161,Recruitment Agency,agency,ProTalent,Recruitment Agency,Recruitment Agency,Specialist Recruitment,Specialist Recruitment,,Africa,South Africa,,Active Agency,,,2026-07-20,,,B,Direct organization or specialist source,Direct,50,Low,,https://www.protalent.co.za/,Professional and specialist recruitment
agency-00162,Recruitment Agency,agency,Executive Placements,Job Platform,Job Platform,Job Platform,Job Platform,,Africa,South Africa,,Active Agency,,,2026-07-20,,,B,Direct organization or specialist source,Direct,50,Low,,https://www.executiveplacements.com/,Executive and professional jobs
agency-00163,Recruitment Agency,agency,PNet,Job Platform,Job Platform,Job Platform,Job Platform,,Africa,South Africa,,Active Agency,,,2026-07-20,,,B,Recognized job platform,Platform,50,Low,,https://www.pnet.co.za/,Professional jobs in South Africa
agency-00164,Recruitment Agency,agency,Careers24,Job Platform,Job Platform,Job Platform,Job Platform,,Africa,South Africa,,Active Agency,,,2026-07-20,,,B,Recognized job platform,Platform,50,Low,,https://www.careers24.com/,South African job marketplace
agency-00165,Recruitment Agency,agency,Jobberman Nigeria,Job Platform,Job Platform,Job Platform,Job Platform,,Africa,Nigeria,,Active Agency,,,2026-07-20,,,B,Recognized job platform,Platform,50,Low,,https://www.jobberman.com/,Nigeria jobs and recruitment services
agency-00166,Recruitment Agency,agency,Jobberman Ghana,Job Platform,Job Platform,Job Platform,Job Platform,,Africa,Ghana,,Active Agency,,,2026-07-20,,,B,Direct organization or specialist source,Direct,50,Low,,https://www.jobberman.com.gh/,Ghana jobs and recruitment services
agency-00167,Recruitment Agency,agency,BrighterMonday Kenya,Job Platform,Job Platform,Job Platform,Job Platform,,Africa,Kenya,,Active Agency,,,2026-07-20,,,B,Recognized job platform,Platform,50,Low,,https://www.brightermonday.co.ke/,Kenya jobs and recruitment services
agency-00168,Recruitment Agency,agency,BrighterMonday Uganda,Job Platform,Job Platform,Job Platform,Job Platform,,Africa,Uganda,,Active Agency,,,2026-07-20,,,B,Direct organization or specialist source,Direct,50,Low,,https://www.brightermonday.co.ug/,Uganda jobs and recruitment services
agency-00169,Recruitment Agency,agency,Fuzu,Job Platform,Job Platform,Job Platform,Job Platform,,Africa,Kenya / Africa,,Active Agency,,,2026-07-20,,,B,Direct organization or specialist source,Direct,50,Low,,https://www.fuzu.com/,"Jobs, career development and talent matching"
agency-00170,Recruitment Agency,agency,MyJobMag,Job Platform,Job Platform,Job Platform,Job Platform,,Africa,Africa,,Active Agency,,,2026-07-20,,,B,Direct organization or specialist source,Direct,50,Low,,https://www.myjobmag.com/,Jobs across multiple African countries
agency-00171,Recruitment Agency,agency,JobWeb Africa,Job Platform,Job Platform,Job Platform,Job Platform,,Africa,Africa,,Active Agency,,,2026-07-20,,,B,Direct organization or specialist source,Direct,50,Low,,https://jobwebafrica.com/,Jobs across African countries
agency-00172,Recruitment Agency,agency,Job in Rwanda,Job Platform,Job Platform,Job Platform,Job Platform,,Africa,Rwanda,,Active Agency,,,2026-07-20,,,B,Direct organization or specialist source,Direct,50,Low,,https://www.jobinrwanda.com/,Rwanda job marketplace
agency-00173,Recruitment Agency,agency,Ethiojobs,Job Platform,Job Platform,Job Platform,Job Platform,,Africa,Ethiopia,,Active Agency,,,2026-07-20,,,B,Direct organization or specialist source,Direct,50,Low,,https://www.ethiojobs.net/,Ethiopia jobs and recruitment
agency-00174,Recruitment Agency,agency,Dereja,Graduate Job Platform,Graduate Job Platform,Job Platform,Job Platform,,Africa,Ethiopia,,Active Agency,,,2026-07-20,,,B,Direct organization or specialist source,Direct,20,Low,,https://www.dereja.com/,Graduate and professional opportunities
agency-00175,Recruitment Agency,agency,GeezJobs,Job Platform,Job Platform,Job Platform,Job Platform,,Africa,Ethiopia,,Active Agency,,,2026-07-20,,,B,Direct organization or specialist source,Direct,50,Low,,https://geezjobs.com/,Ethiopia job listings
agency-00176,Recruitment Agency,agency,Corporate Staffing Services,Recruitment Agency,Recruitment Agency,Executive Search,Executive Search,,Africa,Kenya,,Active Agency,,,2026-07-20,,,B,Direct organization or specialist source,Direct,50,Low,,https://www.corporatestaffing.co.ke/,Professional and executive recruitment
agency-00177,Recruitment Agency,agency,Summit Recruitment & Search,Recruitment Agency,Recruitment Agency,Executive Search,Executive Search,,Africa,Kenya,,Active Agency,,,2026-07-20,,,B,Direct organization or specialist source,Direct,50,Low,,https://www.summitrecruitment-search.com/,Executive and professional recruitment
agency-00178,Recruitment Agency,agency,Flexi Personnel,Staffing & Recruitment,Staffing & Recruitment,Staffing & Outsourcing,Staffing & Outsourcing,,Africa,Kenya,,Active Agency,,,2026-07-20,,,B,Direct organization or specialist source,Direct,50,Low,,https://www.flexi-personnel.com/,Professional staffing and outsourcing
agency-00179,Recruitment Agency,agency,Manpower Services Kenya,Recruitment Agency,Recruitment Agency,Technology Recruitment,Technology Recruitment,,Africa,Kenya,,Active Agency,,,2026-07-20,,,B,Direct organization or specialist source,Direct,50,Low,,https://www.manpowerservicesgroup.com/,Professional and technical recruitment
agency-00180,Recruitment Agency,agency,Recours Four Kenya,Recruitment Agency,Recruitment Agency,Specialist Recruitment,Specialist Recruitment,,Africa,Kenya,,Active Agency,,,2026-07-20,,,B,Direct organization or specialist source,Direct,50,Low,,https://www.recoursfourkenya.com/,Professional recruitment and HR advisory
agency-00181,Recruitment Agency,agency,Crystal Recruitment,Recruitment Agency,Recruitment Agency,Specialist Recruitment,Specialist Recruitment,,Africa,Kenya,,Active Agency,,,2026-07-20,,,B,Direct organization or specialist source,Direct,50,Low,,https://crystalrecruitment.co.ke/,Professional recruitment
agency-00182,Recruitment Agency,agency,Sheer Logic Management,HR Consultancy,HR Consultancy,HR & Talent Advisory,HR & Talent Advisory,,Africa,Kenya,,Active Agency,,,2026-07-20,,,B,Direct organization or specialist source,Direct,50,Low,,https://sheerlogic.co.ke/,Recruitment and HR consulting
agency-00183,Recruitment Agency,agency,Gap Recruitment Services,Recruitment Agency,Recruitment Agency,Executive Search,Executive Search,,Africa,Kenya,,Active Agency,,,2026-07-20,,,B,Direct organization or specialist source,Direct,50,Low,,https://www.gaprecruitment.co.ke/,Professional and executive recruitment
agency-00184,Recruitment Agency,agency,Frank Management Consult,Recruitment Agency,Recruitment Agency,Executive Search,Executive Search,,Africa,Kenya,,Active Agency,,,2026-07-20,,,B,Direct organization or specialist source,Direct,50,Low,,https://frankmconsult.com/,Executive and professional recruitment
agency-00185,Recruitment Agency,agency,NFT Consult,HR Consultancy,HR Consultancy,Staffing & Outsourcing,Staffing & Outsourcing,,Africa,Uganda,,Active Agency,,,2026-07-20,,,B,Direct organization or specialist source,Direct,50,Low,,https://nftconsult.com/,Recruitment and HR outsourcing
agency-00186,Recruitment Agency,agency,Q-Sourcing Servtec,Staffing & Outsourcing,Staffing & Outsourcing,Staffing & Outsourcing,Staffing & Outsourcing,,Africa,Uganda,,Active Agency,,,2026-07-20,,,B,Direct organization or specialist source,Direct,50,Low,,https://www.qsourcing.com/,"Manpower, recruitment and outsourcing"
agency-00187,Recruitment Agency,agency,Future Options Consulting,Recruitment Agency,Recruitment Agency,HR & Talent Advisory,HR & Talent Advisory,,Africa,Uganda,,Active Agency,,,2026-07-20,,,B,Direct organization or specialist source,Direct,50,Low,,https://futureoptions.org/,Professional recruitment and HR consulting
agency-00188,Recruitment Agency,agency,Great Uganda Jobs,Job Platform,Job Platform,Job Platform,Job Platform,,Africa,Uganda,,Active Agency,,,2026-07-20,,,B,Direct organization or specialist source,Direct,50,Low,,https://www.greatugandajobs.com/,Uganda job listings
agency-00189,Recruitment Agency,agency,Radar Recruitment,Recruitment Agency,Recruitment Agency,Specialist Recruitment,Specialist Recruitment,,Africa,Tanzania,,Active Agency,,,2026-07-20,,,B,Direct organization or specialist source,Direct,50,Low,,https://radarrecruitment.com/,Professional recruitment in Tanzania
agency-00190,Recruitment Agency,agency,CVPeople Tanzania,Recruitment Agency,Recruitment Agency,General Recruitment Agency,General Recruitment Agency,,Africa,Tanzania,,Active Agency,,,2026-07-20,,,B,Direct organization or specialist source,Direct,50,Low,,https://cvpeopleafrica.com/,Recruitment and CV services
agency-00191,Recruitment Agency,agency,Empower Tanzania,HR Consultancy,HR Consultancy,HR & Talent Advisory,HR & Talent Advisory,,Africa,Tanzania,,Active Agency,,,2026-07-20,,,B,Direct organization or specialist source,Direct,50,Low,,https://empower.co.tz/,Recruitment and HR services
agency-00192,Recruitment Agency,agency,ZoomTanzania Jobs,Job Platform,Job Platform,Job Platform,Job Platform,,Africa,Tanzania,,Active Agency,,,2026-07-20,,,B,Direct organization or specialist source,Direct,50,Low,,https://www.zoomtanzania.net/jobs/,Tanzania job listings
agency-00193,Recruitment Agency,agency,Emploi Dakar,Job Platform,Job Platform,Job Platform,Job Platform,,Africa,Senegal,,Active Agency,,,2026-07-20,,,B,Direct organization or specialist source,Direct,50,Low,,https://www.emploidakar.com/,Senegal jobs and career services
agency-00194,Recruitment Agency,agency,Senjob,Job Platform,Job Platform,Job Platform,Job Platform,,Africa,Senegal,,Active Agency,,,2026-07-20,,,B,Direct organization or specialist source,Direct,50,Low,,https://senjob.com/,Senegal job listings
agency-00195,Recruitment Agency,agency,ReKrute,Job Platform,Job Platform,Job Platform,Job Platform,,Africa,Morocco,,Active Agency,,,2026-07-20,,,B,Direct organization or specialist source,Direct,50,Low,,https://www.rekrute.com/,Morocco professional jobs
agency-00196,Recruitment Agency,agency,Emploi.ma,Job Platform,Job Platform,Job Platform,Job Platform,,Africa,Morocco,,Active Agency,,,2026-07-20,,,B,Direct organization or specialist source,Direct,50,Low,,https://www.emploi.ma/,Morocco jobs and recruitment
agency-00197,Recruitment Agency,agency,AmalJob,Job Platform,Job Platform,Job Platform,Job Platform,,Africa,Morocco,,Active Agency,,,2026-07-20,,,B,Direct organization or specialist source,Direct,50,Low,,https://www.amaljob.com/,Morocco job listings
agency-00198,Recruitment Agency,agency,Keejob,Job Platform,Job Platform,Job Platform,Job Platform,,Africa,Tunisia,,Active Agency,,,2026-07-20,,,B,Direct organization or specialist source,Direct,50,Low,,https://www.keejob.com/,Tunisia jobs and recruitment
agency-00199,Recruitment Agency,agency,Tanitjobs,Job Platform,Job Platform,Job Platform,Job Platform,,Africa,Tunisia,,Active Agency,,,2026-07-20,,,B,Direct organization or specialist source,Direct,50,Low,,https://www.tanitjobs.com/,Tunisia job listings
agency-00200,Recruitment Agency,agency,Emploitunisie,Job Platform,Job Platform,Job Platform,Job Platform,,Africa,Tunisia,,Active Agency,,,2026-07-20,,,B,Direct organization or specialist source,Direct,50,Low,,https://www.emploitunisie.com/,Tunisia employment listings
agency-00521,Recruitment Agency,agency,LinkedIn Jobs,Global professional network and job search,Global professional network and job search,Job Search Platform — Global Job Board,Job Search Platform — Global Job Board,,Remote / Global,Global,,Active Agency,,,2026-07-20,,Official platform,B,Recognized job platform,Platform,52,Low,,https://www.linkedin.com/jobs/,"Official platform entry point. Use platform filters and verify posting date, employer identity, location eligibility and application route."
agency-00522,Recruitment Agency,agency,Indeed,Global job search and matching platform,Global job search and matching platform,Job Search Platform — Global Job Board,Job Search Platform — Global Job Board,,Remote / Global,60+ countries,,Active Agency,,,2026-07-20,,Official platform,B,Recognized job platform,Platform,52,Low,,https://www.indeed.com/,"Official platform entry point. Use platform filters and verify posting date, employer identity, location eligibility and application route."
agency-00523,Recruitment Agency,agency,Glassdoor,"Jobs, company reviews and salary research","Jobs, company reviews and salary research",Job Search Platform — Global Job Board,Job Search Platform — Global Job Board,,Remote / Global,Global,,Active Agency,,,2026-07-20,,Official platform,B,Recognized job platform,Platform,52,Low,,https://www.glassdoor.com/,"Official platform entry point. Use platform filters and verify posting date, employer identity, location eligibility and application route."
agency-00525,Recruitment Agency,agency,Jooble,International job aggregator,International job aggregator,Job Search Platform — Global Job Board,Job Search Platform — Global Job Board,,Remote / Global,66 countries,,Active Agency,,,2026-07-20,,Official platform,C,Aggregator,Aggregator,20,Low,,https://jooble.org/,"Official platform entry point. Use platform filters and verify posting date, employer identity, location eligibility and application route."
agency-00526,Recruitment Agency,agency,Careerjet,International job search engine,International job search engine,Job Search Platform — Global Job Board,Job Search Platform — Global Job Board,,Remote / Global,130+ countries,,Active Agency,,,2026-07-20,,Official platform,C,Aggregator,Aggregator,20,Low,,https://www.careerjet.com/,"Official platform entry point. Use platform filters and verify posting date, employer identity, location eligibility and application route."
agency-00527,Recruitment Agency,agency,Talent.com,Global job search platform,Global job search platform,Job Search Platform — Global Job Board,Job Search Platform — Global Job Board,,Remote / Global,77 countries,,Active Agency,,,2026-07-20,,Official platform,C,Aggregator,Aggregator,52,Low,,https://www.talent.com/,"Official platform entry point. Use platform filters and verify posting date, employer identity, location eligibility and application route."
agency-00528,Recruitment Agency,agency,Adzuna,Global job search engine and labour-market data,Global job search engine and labour-market data,Job Search Platform — Global Job Board,Job Search Platform — Global Job Board,,Remote / Global,Multiple countries,,Active Agency,,,2026-07-20,,Official platform,C,Aggregator,Aggregator,53,Low,,https://www.adzuna.com/,"Official platform entry point. Use platform filters and verify posting date, employer identity, location eligibility and application route."
agency-00529,Recruitment Agency,agency,Jobrapido,International job search engine,International job search engine,Job Search Platform — Global Job Board,Job Search Platform — Global Job Board,,Remote / Global,Global,,Active Agency,,,2026-07-20,,Official platform,C,Aggregator,Aggregator,20,Low,,https://www.jobrapido.com/,"Official platform entry point. Use platform filters and verify posting date, employer identity, location eligibility and application route."
agency-00530,Recruitment Agency,agency,Jobsora,International job search platform,International job search platform,Job Search Platform — Global Job Board,Job Search Platform — Global Job Board,,Remote / Global,Multiple countries,,Active Agency,,,2026-07-20,,Official platform,C,Aggregator,Aggregator,20,Low,,https://jobsora.com/,"Official platform entry point. Use platform filters and verify posting date, employer identity, location eligibility and application route."
agency-00531,Recruitment Agency,agency,Monster,General job board,General job board,Job Search Platform — Global Job Board,Job Search Platform — Global Job Board,,Remote / Global,Global / selected markets,,Active Agency,,,2026-07-20,,Official platform,B,Direct organization or specialist source,Direct,52,Low,,https://www.monster.com/,"Official platform entry point. Use platform filters and verify posting date, employer identity, location eligibility and application route."
agency-00532,Recruitment Agency,agency,ZipRecruiter,Job marketplace and matching platform,Job marketplace and matching platform,Job Search Platform — Global Job Board,Job Search Platform — Global Job Board,,Remote / Global,Selected countries,,Active Agency,,,2026-07-20,,Official platform,B,Direct organization or specialist source,Direct,52,Low,,https://www.ziprecruiter.com/,"Official platform entry point. Use platform filters and verify posting date, employer identity, location eligibility and application route."
agency-00533,Recruitment Agency,agency,SimplyHired,General job search engine,General job search engine,Job Search Platform — Global Job Board,Job Search Platform — Global Job Board,,Remote / Global,Multiple countries,,Active Agency,,,2026-07-20,,Official platform,B,Direct organization or specialist source,Direct,52,Low,,https://www.simplyhired.com/,"Official platform entry point. Use platform filters and verify posting date, employer identity, location eligibility and application route."
agency-00534,Recruitment Agency,agency,Jora,International job search engine,International job search engine,Job Search Platform — Global Job Board,Job Search Platform — Global Job Board,,Remote / Global,Multiple countries,,Active Agency,,,2026-07-20,,Official platform,B,Direct organization or specialist source,Direct,20,Low,,https://www.jora.com/,"Official platform entry point. Use platform filters and verify posting date, employer identity, location eligibility and application route."
agency-00535,Recruitment Agency,agency,WhatJobs,International job search platform,International job search platform,Job Search Platform — Global Job Board,Job Search Platform — Global Job Board,,Remote / Global,Multiple countries,,Active Agency,,,2026-07-20,,Official platform,B,Direct organization or specialist source,Direct,20,Low,,https://www.whatjobs.com/,"Official platform entry point. Use platform filters and verify posting date, employer identity, location eligibility and application route."
agency-00536,Recruitment Agency,agency,GrabJobs,International jobs and recruitment platform,International jobs and recruitment platform,Job Search Platform — Global Job Board,Job Search Platform — Global Job Board,,Remote / Global,Multiple countries,,Active Agency,,,2026-07-20,,Official platform,B,Direct organization or specialist source,Direct,20,Low,,https://grabjobs.co/,"Official platform entry point. Use platform filters and verify posting date, employer identity, location eligibility and application route."
agency-00537,Recruitment Agency,agency,JobisJob,International job aggregator,International job aggregator,Job Search Platform — Global Job Board,Job Search Platform — Global Job Board,,Remote / Global,Multiple countries,,Active Agency,,,2026-07-20,,Official platform,B,Direct organization or specialist source,Direct,20,Low,,https://www.jobisjob.com/,"Official platform entry point. Use platform filters and verify posting date, employer identity, location eligibility and application route."
agency-00538,Recruitment Agency,agency,Lensa,Job matching platform,Job matching platform,Job Search Platform — Global Job Board,Job Search Platform — Global Job Board,,Remote / Global,Global / US-heavy,,Active Agency,,,2026-07-20,,Official platform,B,Direct organization or specialist source,Direct,52,Low,,https://lensa.com/,"Official platform entry point. Use platform filters and verify posting date, employer identity, location eligibility and application route."
agency-00539,Recruitment Agency,agency,The Muse,Jobs and company profiles,Jobs and company profiles,Job Search Platform — Global Job Board,Job Search Platform — Global Job Board,,Remote / Global,Global / US-heavy,,Active Agency,,,2026-07-20,,Official platform,B,Direct organization or specialist source,Direct,52,Low,,https://www.themuse.com/search/jobs,"Official platform entry point. Use platform filters and verify posting date, employer identity, location eligibility and application route."
agency-00540,Recruitment Agency,agency,Workable Jobs,Jobs hosted by Workable employers,Jobs hosted by Workable employers,Job Search Platform — Global Job Board,Job Search Platform — Global Job Board,,Remote / Global,Global,,Active Agency,,,2026-07-20,,Official platform,A,Official / primary source,Official,52,Low,,https://jobs.workable.com/,"Official platform entry point. Use platform filters and verify posting date, employer identity, location eligibility and application route."
agency-00541,Recruitment Agency,agency,SmartRecruiters Jobs,Employer job listings on SmartRecruiters,Employer job listings on SmartRecruiters,Job Search Platform — Global Job Board,Job Search Platform — Global Job Board,,Remote / Global,Global,,Active Agency,,,2026-07-20,,Official platform,A,Official / primary source,Official,52,Low,,https://jobs.smartrecruiters.com/,"Official platform entry point. Use platform filters and verify posting date, employer identity, location eligibility and application route."
agency-00542,Recruitment Agency,agency,Greenhouse Job Boards,Employer job listings on Greenhouse,Employer job listings on Greenhouse,Job Search Platform — Global Job Board,Job Search Platform — Global Job Board,,Remote / Global,Global,,Active Agency,,,2026-07-20,,Official platform,B,Direct organization or specialist source,Direct,52,Low,,https://www.greenhouse.com/job-board,"Official platform entry point. Use platform filters and verify posting date, employer identity, location eligibility and application route."
agency-00543,Recruitment Agency,agency,Lever Jobs,Employer job listings on Lever,Employer job listings on Lever,Job Search Platform — Global Job Board,Job Search Platform — Global Job Board,,Remote / Global,Global,,Active Agency,,,2026-07-20,,Official platform,A,Official / primary source,Official,52,Low,,https://jobs.lever.co/,"Official platform entry point. Use platform filters and verify posting date, employer identity, location eligibility and application route."
agency-00544,Recruitment Agency,agency,Ashby Jobs,Employer job listings on Ashby,Employer job listings on Ashby,Job Search Platform — Global Job Board,Job Search Platform — Global Job Board,,Remote / Global,Global,,Active Agency,,,2026-07-20,,Official platform,B,Direct organization or specialist source,Direct,52,Low,,https://jobs.ashbyhq.com/,"Official platform entry point. Use platform filters and verify posting date, employer identity, location eligibility and application route."
agency-00545,Recruitment Agency,agency,Breezy HR Jobs,Employer listings hosted by Breezy HR,Employer listings hosted by Breezy HR,Job Search Platform — Global Job Board,Job Search Platform — Global Job Board,,Remote / Global,Global,,Active Agency,,,2026-07-20,,Official platform,B,Direct organization or specialist source,Direct,52,Low,,https://breezy.hr/,"Official platform entry point. Use platform filters and verify posting date, employer identity, location eligibility and application route."
agency-00546,Recruitment Agency,agency,Bayt,Middle East and North Africa job site,Middle East and North Africa job site,Job Search Platform — MENA & GCC Job Board,Job Search Platform — MENA & GCC Job Board,,Remote / Global,MENA,,Active Agency,,,2026-07-20,,Official platform,B,Recognized job platform,Platform,52,Low,,https://www.bayt.com/en/international/jobs/,"Official platform entry point. Use platform filters and verify posting date, employer identity, location eligibility and application route."
agency-00547,Recruitment Agency,agency,GulfTalent,Middle East professional recruitment portal,Middle East professional recruitment portal,Job Search Platform — MENA & GCC Job Board,Job Search Platform — MENA & GCC Job Board,,Remote / Global,Middle East,,Active Agency,,,2026-07-20,,Official platform,B,Recognized job platform,Platform,52,Low,,https://www.gulftalent.com/jobs,"Official platform entry point. Use platform filters and verify posting date, employer identity, location eligibility and application route."
agency-00548,Recruitment Agency,agency,Akhtaboot,Middle East career network,Middle East career network,Job Search Platform — MENA & GCC Job Board,Job Search Platform — MENA & GCC Job Board,,Remote / Global,Jordan / Middle East,,Active Agency,,,2026-07-20,,Official platform,B,Direct organization or specialist source,Direct,52,Low,,https://jobs.akhtaboot.com/,"Official platform entry point. Use platform filters and verify posting date, employer identity, location eligibility and application route."
agency-00549,Recruitment Agency,agency,Tanqeeb,Arab-region job search platform,Arab-region job search platform,Job Search Platform — MENA & GCC Job Board,Job Search Platform — MENA & GCC Job Board,,Remote / Global,Arab region,,Active Agency,,,2026-07-20,,Official platform,B,Direct organization or specialist source,Direct,52,Low,,https://tanqeeb.com/,"Official platform entry point. Use platform filters and verify posting date, employer identity, location eligibility and application route."
agency-00550,Recruitment Agency,agency,Laimoon,Jobs and courses platform,Jobs and courses platform,Job Search Platform — MENA & GCC Job Board,Job Search Platform — MENA & GCC Job Board,,Remote / Global,GCC / Middle East,,Active Agency,,,2026-07-20,,Official platform,B,Direct organization or specialist source,Direct,52,Low,,https://jobs.laimoon.com/,"Official platform entry point. Use platform filters and verify posting date, employer identity, location eligibility and application route."
agency-00551,Recruitment Agency,agency,OpenSooq Jobs,Regional classifieds and jobs,Regional classifieds and jobs,Job Search Platform — MENA & GCC Job Board,Job Search Platform — MENA & GCC Job Board,,Remote / Global,Arab region,,Active Agency,,,2026-07-20,,Official platform,B,Direct organization or specialist source,Direct,52,Low,,https://www.opensooq.com/en/jobs/job-vacancies,"Official platform entry point. Use platform filters and verify posting date, employer identity, location eligibility and application route."
agency-00552,Recruitment Agency,agency,Qatar Living Jobs,Qatar jobs and classifieds,Qatar jobs and classifieds,Job Search Platform — MENA & GCC Job Board,Job Search Platform — MENA & GCC Job Board,,GCC,Qatar,,Active Agency,,,2026-07-20,,Official platform,B,Direct organization or specialist source,Direct,52,Low,,https://www.qatarliving.com/jobs,"Official platform entry point. Use platform filters and verify posting date, employer identity, location eligibility and application route."
agency-00553,Recruitment Agency,agency,Expatriates Jobs,Jobs and classifieds for expatriates,Jobs and classifieds for expatriates,Job Search Platform — MENA & GCC Job Board,Job Search Platform — MENA & GCC Job Board,,Remote / Global,GCC / international,,Active Agency,,,2026-07-20,,Official platform,B,Direct organization or specialist source,Direct,20,Low,,https://www.expatriates.com/classifieds/jobs/,"Official platform entry point. Use platform filters and verify posting date, employer identity, location eligibility and application route."
agency-00554,Recruitment Agency,agency,Gulf News Jobs,Jobs associated with Gulf News,Jobs associated with Gulf News,Job Search Platform — MENA & GCC Job Board,Job Search Platform — MENA & GCC Job Board,,Remote / Global,UAE / GCC,,Active Agency,,,2026-07-20,,Official platform,B,Direct organization or specialist source,Direct,52,Low,,https://jobs.gulfnews.com/,"Official platform entry point. Use platform filters and verify posting date, employer identity, location eligibility and application route."
agency-00555,Recruitment Agency,agency,Khaleej Times Jobs,UAE jobs and classifieds,UAE jobs and classifieds,Job Search Platform — MENA & GCC Job Board,Job Search Platform — MENA & GCC Job Board,,GCC,United Arab Emirates,,Active Agency,,,2026-07-20,,Official platform,B,Direct organization or specialist source,Direct,52,Low,,https://www.khaleejtimes.com/jobs,"Official platform entry point. Use platform filters and verify posting date, employer identity, location eligibility and application route."
agency-00556,Recruitment Agency,agency,Oliv,Early-career and internship platform,Early-career and internship platform,Job Search Platform — MENA & GCC Job Board,Job Search Platform — MENA & GCC Job Board,,Remote / Global,UAE / GCC,,Active Agency,,,2026-07-20,,Official platform,B,Direct organization or specialist source,Direct,20,Low,,https://oliv.com/,"Official platform entry point. Use platform filters and verify posting date, employer identity, location eligibility and application route."
agency-00557,Recruitment Agency,agency,STJ Egypt,Egypt jobs and training listings,Egypt jobs and training listings,Job Search Platform — MENA & GCC Job Board,Job Search Platform — MENA & GCC Job Board,,Egypt,Egypt,,Active Agency,,,2026-07-20,,Official platform,B,Direct organization or specialist source,Direct,53,Low,,https://www.stjegypt.com/,"Official platform entry point. Use platform filters and verify posting date, employer identity, location eligibility and application route."
agency-00558,Recruitment Agency,agency,BrighterMonday Kenya,Kenya job marketplace,Kenya job marketplace,Job Search Platform — Africa Job Board,Job Search Platform — Africa Job Board,,Africa,Kenya,,Active Agency,,,2026-07-20,,Official platform,B,Recognized job platform,Platform,50,Low,,https://www.brightermonday.co.ke/jobs,"Official platform entry point. Use platform filters and verify posting date, employer identity, location eligibility and application route."
agency-00559,Recruitment Agency,agency,BrighterMonday Uganda,Uganda job marketplace,Uganda job marketplace,Job Search Platform — Africa Job Board,Job Search Platform — Africa Job Board,,Africa,Uganda,,Active Agency,,,2026-07-20,,Official platform,B,Direct organization or specialist source,Direct,50,Low,,https://www.brightermonday.co.ug/jobs,"Official platform entry point. Use platform filters and verify posting date, employer identity, location eligibility and application route."
agency-00560,Recruitment Agency,agency,BrighterMonday Tanzania,Tanzania job marketplace,Tanzania job marketplace,Job Search Platform — Africa Job Board,Job Search Platform — Africa Job Board,,Africa,Tanzania,,Active Agency,,,2026-07-20,,Official platform,B,Direct organization or specialist source,Direct,50,Low,,https://www.brightermonday.co.tz/jobs,"Official platform entry point. Use platform filters and verify posting date, employer identity, location eligibility and application route."
agency-00561,Recruitment Agency,agency,Jobberman Nigeria,Nigeria job marketplace,Nigeria job marketplace,Job Search Platform — Africa Job Board,Job Search Platform — Africa Job Board,,Africa,Nigeria,,Active Agency,,,2026-07-20,,Official platform,B,Recognized job platform,Platform,50,Low,,https://www.jobberman.com/jobs,"Official platform entry point. Use platform filters and verify posting date, employer identity, location eligibility and application route."
agency-00562,Recruitment Agency,agency,Jobberman Ghana,Ghana job marketplace,Ghana job marketplace,Job Search Platform — Africa Job Board,Job Search Platform — Africa Job Board,,Africa,Ghana,,Active Agency,,,2026-07-20,,Official platform,B,Direct organization or specialist source,Direct,50,Low,,https://www.jobberman.com.gh/jobs,"Official platform entry point. Use platform filters and verify posting date, employer identity, location eligibility and application route."
agency-00563,Recruitment Agency,agency,Careers24,South Africa job portal,South Africa job portal,Job Search Platform — Africa Job Board,Job Search Platform — Africa Job Board,,Africa,South Africa,,Active Agency,,,2026-07-20,,Official platform,B,Recognized job platform,Platform,50,Low,,https://www.careers24.com/jobs,"Official platform entry point. Use platform filters and verify posting date, employer identity, location eligibility and application route."
agency-00564,Recruitment Agency,agency,PNet,South Africa professional jobs,South Africa professional jobs,Job Search Platform — Africa Job Board,Job Search Platform — Africa Job Board,,Africa,South Africa,,Active Agency,,,2026-07-20,,Official platform,B,Recognized job platform,Platform,50,Low,,https://www.pnet.co.za/jobs,"Official platform entry point. Use platform filters and verify posting date, employer identity, location eligibility and application route."
agency-00565,Recruitment Agency,agency,CareerJunction,South Africa job platform,South Africa job platform,Job Search Platform — Africa Job Board,Job Search Platform — Africa Job Board,,Africa,South Africa,,Active Agency,,,2026-07-20,,Official platform,B,Direct organization or specialist source,Direct,50,Low,,https://www.careerjunction.co.za/jobs,"Official platform entry point. Use platform filters and verify posting date, employer identity, location eligibility and application route."
agency-00566,Recruitment Agency,agency,MyJobMag Nigeria,Nigeria job listings,Nigeria job listings,Job Search Platform — Africa Job Board,Job Search Platform — Africa Job Board,,Africa,Nigeria,,Active Agency,,,2026-07-20,,Official platform,B,Direct organization or specialist source,Direct,50,Low,,https://www.myjobmag.com/,"Official platform entry point. Use platform filters and verify posting date, employer identity, location eligibility and application route."
agency-00567,Recruitment Agency,agency,MyJobMag Kenya,Kenya job listings,Kenya job listings,Job Search Platform — Africa Job Board,Job Search Platform — Africa Job Board,,Africa,Kenya,,Active Agency,,,2026-07-20,,Official platform,B,Direct organization or specialist source,Direct,50,Low,,https://www.myjobmag.co.ke/,"Official platform entry point. Use platform filters and verify posting date, employer identity, location eligibility and application route."
agency-00568,Recruitment Agency,agency,MyJobMag Ghana,Ghana job listings,Ghana job listings,Job Search Platform — Africa Job Board,Job Search Platform — Africa Job Board,,Africa,Ghana,,Active Agency,,,2026-07-20,,Official platform,B,Direct organization or specialist source,Direct,50,Low,,https://www.myjobmag.com.gh/,"Official platform entry point. Use platform filters and verify posting date, employer identity, location eligibility and application route."
agency-00569,Recruitment Agency,agency,MyJobMag South Africa,South Africa job listings,South Africa job listings,Job Search Platform — Africa Job Board,Job Search Platform — Africa Job Board,,Africa,South Africa,,Active Agency,,,2026-07-20,,Official platform,B,Direct organization or specialist source,Direct,50,Low,,https://www.myjobmag.co.za/,"Official platform entry point. Use platform filters and verify posting date, employer identity, location eligibility and application route."
agency-00570,Recruitment Agency,agency,Great Tanzania Jobs,Tanzania vacancy portal,Tanzania vacancy portal,Job Search Platform — Africa Job Board,Job Search Platform — Africa Job Board,,Africa,Tanzania,,Active Agency,,,2026-07-20,,Official platform,B,Direct organization or specialist source,Direct,50,Low,,https://www.greattanzaniajobs.com/,"Official platform entry point. Use platform filters and verify posting date, employer identity, location eligibility and application route."
agency-00571,Recruitment Agency,agency,Great Zambia Jobs,Zambia vacancy portal,Zambia vacancy portal,Job Search Platform — Africa Job Board,Job Search Platform — Africa Job Board,,Africa,Zambia,,Active Agency,,,2026-07-20,,Official platform,B,Direct organization or specialist source,Direct,50,Low,,https://www.greatzambiajobs.com/,"Official platform entry point. Use platform filters and verify posting date, employer identity, location eligibility and application route."
agency-00572,Recruitment Agency,agency,GeezJobs,Ethiopia and regional jobs,Ethiopia and regional jobs,Job Search Platform — Africa Job Board,Job Search Platform — Africa Job Board,,Africa,Ethiopia,,Active Agency,,,2026-07-20,,Official platform,B,Direct organization or specialist source,Direct,50,Low,,https://www.geezjobs.com/,"Official platform entry point. Use platform filters and verify posting date, employer identity, location eligibility and application route."
agency-00573,Recruitment Agency,agency,Jobartis Angola,Angola job portal,Angola job portal,Job Search Platform — Africa Job Board,Job Search Platform — Africa Job Board,,Africa,Angola,,Active Agency,,,2026-07-20,,Official platform,B,Direct organization or specialist source,Direct,50,Low,,https://www.jobartis.com/,"Official platform entry point. Use platform filters and verify posting date, employer identity, location eligibility and application route."
agency-00574,Recruitment Agency,agency,JobnetAfrica,Africa professional jobs,Africa professional jobs,Job Search Platform — Africa Job Board,Job Search Platform — Africa Job Board,,Africa,Africa,,Active Agency,,,2026-07-20,,Official platform,B,Direct organization or specialist source,Direct,50,Low,,https://www.jobnetafrica.com/,"Official platform entry point. Use platform filters and verify posting date, employer identity, location eligibility and application route."
agency-00575,Recruitment Agency,agency,CareerPoint Kenya,Kenya careers and jobs,Kenya careers and jobs,Job Search Platform — Africa Job Board,Job Search Platform — Africa Job Board,,Africa,Kenya,,Active Agency,,,2026-07-20,,Official platform,B,Direct organization or specialist source,Direct,52,Low,,https://www.careerpointkenya.co.ke/,"Official platform entry point. Use platform filters and verify posting date, employer identity, location eligibility and application route."
agency-00576,Recruitment Agency,agency,Corporate Staffing Services,Kenya recruitment and jobs,Kenya recruitment and jobs,Job Search Platform — Africa Job Board,Job Search Platform — Africa Job Board,,Africa,Kenya,,Active Agency,,,2026-07-20,,Official platform,B,Direct organization or specialist source,Direct,50,Low,,https://www.corporatestaffing.co.ke/jobs/,"Official platform entry point. Use platform filters and verify posting date, employer identity, location eligibility and application route."
agency-00577,Recruitment Agency,agency,KenyaMoja Jobs,Kenya aggregated jobs,Kenya aggregated jobs,Job Search Platform — Africa Job Board,Job Search Platform — Africa Job Board,,Africa,Kenya,,Active Agency,,,2026-07-20,,Official platform,B,Direct organization or specialist source,Direct,50,Low,,https://www.kenyamoja.com/jobs,"Official platform entry point. Use platform filters and verify posting date, employer identity, location eligibility and application route."
agency-00578,Recruitment Agency,agency,JobWeb Ghana,Ghana job listings,Ghana job listings,Job Search Platform — Africa Job Board,Job Search Platform — Africa Job Board,,Africa,Ghana,,Active Agency,,,2026-07-20,,Official platform,B,Direct organization or specialist source,Direct,50,Low,,https://jobwebghana.com/,"Official platform entry point. Use platform filters and verify posting date, employer identity, location eligibility and application route."
agency-00579,Recruitment Agency,agency,JobSearch Ghana,Ghana jobs platform,Ghana jobs platform,Job Search Platform — Africa Job Board,Job Search Platform — Africa Job Board,,Africa,Ghana,,Active Agency,,,2026-07-20,,Official platform,B,Direct organization or specialist source,Direct,50,Low,,https://www.jobsearchgh.com/,"Official platform entry point. Use platform filters and verify posting date, employer identity, location eligibility and application route."
agency-00580,Recruitment Agency,agency,Job Mail,South Africa job portal,South Africa job portal,Job Search Platform — Africa Job Board,Job Search Platform — Africa Job Board,,Africa,South Africa,,Active Agency,,,2026-07-20,,Official platform,B,Direct organization or specialist source,Direct,50,Low,,https://www.jobmail.co.za/,"Official platform entry point. Use platform filters and verify posting date, employer identity, location eligibility and application route."
agency-00581,Recruitment Agency,agency,Bizcommunity Jobs,South Africa industry jobs,South Africa industry jobs,Job Search Platform — Africa Job Board,Job Search Platform — Africa Job Board,,Africa,South Africa,,Active Agency,,,2026-07-20,,Official platform,B,Direct organization or specialist source,Direct,50,Low,,https://www.bizcommunity.com/JobsOffered/196/11.html,"Official platform entry point. Use platform filters and verify posting date, employer identity, location eligibility and application route."
agency-00582,Recruitment Agency,agency,OfferZen,African technology talent marketplace,African technology talent marketplace,Job Search Platform — Africa Job Board,Job Search Platform — Africa Job Board,,Africa,South Africa / Africa,,Active Agency,,,2026-07-20,,Official platform,B,Direct organization or specialist source,Direct,50,Low,,https://www.offerzen.com/,"Official platform entry point. Use platform filters and verify posting date, employer identity, location eligibility and application route."
agency-00583,Recruitment Agency,agency,Remote OK,Remote technology and global jobs,Remote technology and global jobs,Job Search Platform — Remote Job Board,Job Search Platform — Remote Job Board,,Remote / Global,Remote / Global,,Active Agency,,,2026-07-20,,Official platform,B,Direct organization or specialist source,Direct,52,Low,,https://remoteok.com/,"Official platform entry point. Use platform filters and verify posting date, employer identity, location eligibility and application route."
agency-00584,Recruitment Agency,agency,We Work Remotely,Large remote-work job board,Large remote-work job board,Job Search Platform — Remote Job Board,Job Search Platform — Remote Job Board,,Remote / Global,Remote / Global,,Active Agency,,,2026-07-20,,Official platform,B,Direct organization or specialist source,Direct,52,Low,,https://weworkremotely.com/,"Official platform entry point. Use platform filters and verify posting date, employer identity, location eligibility and application route."
agency-00585,Recruitment Agency,agency,Remotive,Curated remote job board,Curated remote job board,Job Search Platform — Remote Job Board,Job Search Platform — Remote Job Board,,Remote / Global,Remote / Global,,Active Agency,,,2026-07-20,,Official platform,B,Direct organization or specialist source,Direct,52,Low,,https://remotive.com/remote-jobs,"Official platform entry point. Use platform filters and verify posting date, employer identity, location eligibility and application route."
agency-00586,Recruitment Agency,agency,Remote.co,Remote jobs and company resources,Remote jobs and company resources,Job Search Platform — Remote Job Board,Job Search Platform — Remote Job Board,,Remote / Global,Remote / Global,,Active Agency,,,2026-07-20,,Official platform,B,Direct organization or specialist source,Direct,52,Low,,https://remote.co/remote-jobs/,"Official platform entry point. Use platform filters and verify posting date, employer identity, location eligibility and application route."
agency-00587,Recruitment Agency,agency,FlexJobs,"Screened remote, hybrid and flexible jobs","Screened remote, hybrid and flexible jobs",Job Search Platform — Remote Job Board,Job Search Platform — Remote Job Board,,Remote / Global,Remote / Global,,Active Agency,,,2026-07-20,,Official platform,B,Direct organization or specialist source,Direct,52,Low,,https://www.flexjobs.com/,"Official platform entry point. Use platform filters and verify posting date, employer identity, location eligibility and application route."
agency-00588,Recruitment Agency,agency,Working Nomads,Curated remote jobs,Curated remote jobs,Job Search Platform — Remote Job Board,Job Search Platform — Remote Job Board,,Remote / Global,Remote / Global,,Active Agency,,,2026-07-20,,Official platform,B,Direct organization or specialist source,Direct,52,Low,,https://www.workingnomads.com/jobs,"Official platform entry point. Use platform filters and verify posting date, employer identity, location eligibility and application route."
agency-00589,Recruitment Agency,agency,Jobspresso,Curated remote jobs,Curated remote jobs,Job Search Platform — Remote Job Board,Job Search Platform — Remote Job Board,,Remote / Global,Remote / Global,,Active Agency,,,2026-07-20,,Official platform,B,Direct organization or specialist source,Direct,52,Low,,https://jobspresso.co/remote-work/,"Official platform entry point. Use platform filters and verify posting date, employer identity, location eligibility and application route."
agency-00590,Recruitment Agency,agency,JustRemote,Remote jobs platform,Remote jobs platform,Job Search Platform — Remote Job Board,Job Search Platform — Remote Job Board,,Remote / Global,Remote / Global,,Active Agency,,,2026-07-20,,Official platform,B,Direct organization or specialist source,Direct,52,Low,,https://justremote.co/,"Official platform entry point. Use platform filters and verify posting date, employer identity, location eligibility and application route."
agency-00591,Recruitment Agency,agency,Himalayas,Remote jobs and company profiles,Remote jobs and company profiles,Job Search Platform — Remote Job Board,Job Search Platform — Remote Job Board,,Remote / Global,Remote / Global,,Active Agency,,,2026-07-20,,Official platform,B,Direct organization or specialist source,Direct,52,Low,,https://himalayas.app/jobs,"Official platform entry point. Use platform filters and verify posting date, employer identity, location eligibility and application route."
agency-00592,Recruitment Agency,agency,Jobgether,Remote and flexible job marketplace,Remote and flexible job marketplace,Job Search Platform — Remote Job Board,Job Search Platform — Remote Job Board,,Remote / Global,Remote / Global,,Active Agency,,,2026-07-20,,Official platform,B,Direct organization or specialist source,Direct,52,Low,,https://jobgether.com/remote-jobs,"Official platform entry point. Use platform filters and verify posting date, employer identity, location eligibility and application route."
agency-00593,Recruitment Agency,agency,DailyRemote,Remote job search platform,Remote job search platform,Job Search Platform — Remote Job Board,Job Search Platform — Remote Job Board,,Remote / Global,Remote / Global,,Active Agency,,,2026-07-20,,Official platform,B,Direct organization or specialist source,Direct,52,Low,,https://dailyremote.com/,"Official platform entry point. Use platform filters and verify posting date, employer identity, location eligibility and application route."
agency-00594,Recruitment Agency,agency,Remote4Me,Remote jobs aggregator,Remote jobs aggregator,Job Search Platform — Remote Job Board,Job Search Platform — Remote Job Board,,Remote / Global,Remote / Global,,Active Agency,,,2026-07-20,,Official platform,B,Direct organization or specialist source,Direct,52,Low,,https://remote4me.com/,"Official platform entry point. Use platform filters and verify posting date, employer identity, location eligibility and application route."
agency-00595,Recruitment Agency,agency,NoDesk,Remote jobs and remote-work resources,Remote jobs and remote-work resources,Job Search Platform — Remote Job Board,Job Search Platform — Remote Job Board,,Remote / Global,Remote / Global,,Active Agency,,,2026-07-20,,Official platform,B,Direct organization or specialist source,Direct,52,Low,,https://nodesk.co/remote-jobs/,"Official platform entry point. Use platform filters and verify posting date, employer identity, location eligibility and application route."
agency-00596,Recruitment Agency,agency,SkipTheDrive,Remote and work-from-home jobs,Remote and work-from-home jobs,Job Search Platform — Remote Job Board,Job Search Platform — Remote Job Board,,Remote / Global,Remote / Global,,Active Agency,,,2026-07-20,,Official platform,B,Direct organization or specialist source,Direct,52,Low,,https://www.skipthedrive.com/,"Official platform entry point. Use platform filters and verify posting date, employer identity, location eligibility and application route."
agency-00597,Recruitment Agency,agency,Virtual Vocations,Remote jobs database,Remote jobs database,Job Search Platform — Remote Job Board,Job Search Platform — Remote Job Board,,Remote / Global,Remote / Global,,Active Agency,,,2026-07-20,,Official platform,B,Direct organization or specialist source,Direct,53,Low,,https://www.virtualvocations.com/,"Official platform entry point. Use platform filters and verify posting date, employer identity, location eligibility and application route."
agency-00598,Recruitment Agency,agency,Dynamite Jobs,Remote jobs platform,Remote jobs platform,Job Search Platform — Remote Job Board,Job Search Platform — Remote Job Board,,Remote / Global,Remote / Global,,Active Agency,,,2026-07-20,,Official platform,B,Direct organization or specialist source,Direct,52,Low,,https://dynamitejobs.com/,"Official platform entry point. Use platform filters and verify posting date, employer identity, location eligibility and application route."
agency-00599,Recruitment Agency,agency,Pangian,Remote jobs and community,Remote jobs and community,Job Search Platform — Remote Job Board,Job Search Platform — Remote Job Board,,Remote / Global,Remote / Global,,Active Agency,,,2026-07-20,,Official platform,B,Direct organization or specialist source,Direct,52,Low,,https://pangian.com/,"Official platform entry point. Use platform filters and verify posting date, employer identity, location eligibility and application route."
agency-00600,Recruitment Agency,agency,Crossover,Global remote full-time roles,Global remote full-time roles,Job Search Platform — Remote Job Board,Job Search Platform — Remote Job Board,,Remote / Global,Remote / Global,,Active Agency,,,2026-07-20,,Official platform,B,Direct organization or specialist source,Direct,52,Low,,https://www.crossover.com/jobs,"Official platform entry point. Use platform filters and verify posting date, employer identity, location eligibility and application route."
agency-00601,Recruitment Agency,agency,Turing,Remote technology opportunities,Remote technology opportunities,Job Search Platform — Remote Job Board,Job Search Platform — Remote Job Board,,Remote / Global,Remote / Global,,Active Agency,,,2026-07-20,,Official platform,B,Direct organization or specialist source,Direct,52,Low,,https://www.turing.com/jobs,"Official platform entry point. Use platform filters and verify posting date, employer identity, location eligibility and application route."
agency-00602,Recruitment Agency,agency,Arc,Remote developer and technology jobs,Remote developer and technology jobs,Job Search Platform — Remote Job Board,Job Search Platform — Remote Job Board,,Remote / Global,Remote / Global,,Active Agency,,,2026-07-20,,Official platform,B,Direct organization or specialist source,Direct,52,Low,,https://arc.dev/remote-jobs,"Official platform entry point. Use platform filters and verify posting date, employer identity, location eligibility and application route."
agency-00603,Recruitment Agency,agency,Gun.io,Remote technology talent network,Remote technology talent network,Job Search Platform — Remote Job Board,Job Search Platform — Remote Job Board,,Remote / Global,Remote / Global,,Active Agency,,,2026-07-20,,Official platform,B,Direct organization or specialist source,Direct,52,Low,,https://gun.io/,"Official platform entry point. Use platform filters and verify posting date, employer identity, location eligibility and application route."
agency-00604,Recruitment Agency,agency,Lemon.io,Remote developer talent marketplace,Remote developer talent marketplace,Job Search Platform — Remote Job Board,Job Search Platform — Remote Job Board,,Remote / Global,Remote / Global,,Active Agency,,,2026-07-20,,Official platform,B,Direct organization or specialist source,Direct,52,Low,,https://lemon.io/,"Official platform entry point. Use platform filters and verify posting date, employer identity, location eligibility and application route."
agency-00605,Recruitment Agency,agency,Remote Rocketship,Remote job search database,Remote job search database,Job Search Platform — Remote Job Board,Job Search Platform — Remote Job Board,,Remote / Global,Remote / Global,,Active Agency,,,2026-07-20,,Official platform,B,Direct organization or specialist source,Direct,53,Low,,https://www.remoterocketship.com/,"Official platform entry point. Use platform filters and verify posting date, employer identity, location eligibility and application route."
agency-00606,Recruitment Agency,agency,Europe Remotely,Remote roles for European time zones,Remote roles for European time zones,Job Search Platform — Remote Job Board,Job Search Platform — Remote Job Board,,Remote / Global,Europe / Remote,,Active Agency,,,2026-07-20,,Official platform,B,Direct organization or specialist source,Direct,52,Low,,https://europeremotely.com/,"Official platform entry point. Use platform filters and verify posting date, employer identity, location eligibility and application route."
agency-00607,Recruitment Agency,agency,RemoteHub,Remote jobs and professional network,Remote jobs and professional network,Job Search Platform — Remote Job Board,Job Search Platform — Remote Job Board,,Remote / Global,Remote / Global,,Active Agency,,,2026-07-20,,Official platform,B,Direct organization or specialist source,Direct,52,Low,,https://www.remotehub.com/jobs,"Official platform entry point. Use platform filters and verify posting date, employer identity, location eligibility and application route."
agency-00608,Recruitment Agency,agency,Jobicy,Remote job board,Remote job board,Job Search Platform — Remote Job Board,Job Search Platform — Remote Job Board,,Remote / Global,Remote / Global,,Active Agency,,,2026-07-20,,Official platform,B,Direct organization or specialist source,Direct,52,Low,,https://jobicy.com/,"Official platform entry point. Use platform filters and verify posting date, employer identity, location eligibility and application route."
agency-00609,Recruitment Agency,agency,RemoteJobs.com,Remote job marketplace,Remote job marketplace,Job Search Platform — Remote Job Board,Job Search Platform — Remote Job Board,,Remote / Global,Remote / Global,,Active Agency,,,2026-07-20,,Official platform,B,Direct organization or specialist source,Direct,52,Low,,https://www.remotejobs.com/,"Official platform entry point. Use platform filters and verify posting date, employer identity, location eligibility and application route."
agency-00610,Recruitment Agency,agency,Remote.com Jobs,Remote-first company job listings,Remote-first company job listings,Job Search Platform — Remote Job Board,Job Search Platform — Remote Job Board,,Remote / Global,Remote / Global,,Active Agency,,,2026-07-20,,Official platform,B,Direct organization or specialist source,Direct,52,Low,,https://remote.com/jobs,"Official platform entry point. Use platform filters and verify posting date, employer identity, location eligibility and application route."
agency-00611,Recruitment Agency,agency,Workew,Remote job board,Remote job board,Job Search Platform — Remote Job Board,Job Search Platform — Remote Job Board,,Remote / Global,Remote / Global,,Active Agency,,,2026-07-20,,Official platform,B,Direct organization or specialist source,Direct,52,Low,,https://workew.com/,"Official platform entry point. Use platform filters and verify posting date, employer identity, location eligibility and application route."
agency-00612,Recruitment Agency,agency,Remote Leaf,Curated remote technology jobs,Curated remote technology jobs,Job Search Platform — Remote Job Board,Job Search Platform — Remote Job Board,,Remote / Global,Remote / Global,,Active Agency,,,2026-07-20,,Official platform,B,Direct organization or specialist source,Direct,52,Low,,https://remoteleaf.com/,"Official platform entry point. Use platform filters and verify posting date, employer identity, location eligibility and application route."
agency-00613,Recruitment Agency,agency,Devex Jobs,Global development jobs,Global development jobs,Job Search Platform — Development & NGO Jobs,Job Search Platform — Development & NGO Jobs,,Remote / Global,Global development,,Active Agency,,,2026-07-20,,Official platform,B,Direct organization or specialist source,Direct,52,Low,,https://www.devex.com/jobs,"Official platform entry point. Use platform filters and verify posting date, employer identity, location eligibility and application route."
agency-00614,Recruitment Agency,agency,ReliefWeb Jobs,Humanitarian and relief jobs,Humanitarian and relief jobs,Job Search Platform — Development & NGO Jobs,Job Search Platform — Development & NGO Jobs,,Remote / Global,Global humanitarian,,Active Agency,,,2026-07-20,,Official platform,A,Official / primary source,Official,52,Low,,https://reliefweb.int/jobs,"Official platform entry point. Use platform filters and verify posting date, employer identity, location eligibility and application route."
agency-00615,Recruitment Agency,agency,Impactpool,Mission-driven and international organization jobs,Mission-driven and international organization jobs,Job Search Platform — Development & NGO Jobs,Job Search Platform — Development & NGO Jobs,,Remote / Global,Global development,,Active Agency,,,2026-07-20,,Official platform,B,Direct organization or specialist source,Direct,20,Low,,https://career.impactpool.org/vacancies?all=true,"Official platform entry point. Use platform filters and verify posting date, employer identity, location eligibility and application route."
agency-00616,Recruitment Agency,agency,UN Careers,United Nations vacancies,United Nations vacancies,Job Search Platform — Development & NGO Jobs,Job Search Platform — Development & NGO Jobs,,Remote / Global,Global,,Active Agency,,,2026-07-20,,Official platform,A,Official / primary source,Official,53,Low,,https://careers.un.org/,"Official platform entry point. Use platform filters and verify posting date, employer identity, location eligibility and application route."
agency-00617,Recruitment Agency,agency,UNjobs,UN and international organization listings,UN and international organization listings,Job Search Platform — Development & NGO Jobs,Job Search Platform — Development & NGO Jobs,,Remote / Global,Global,,Active Agency,,,2026-07-20,,Official platform,B,Direct organization or specialist source,Direct,20,Low,,https://unjobs.org/,"Official platform entry point. Use platform filters and verify posting date, employer identity, location eligibility and application route."
agency-00618,Recruitment Agency,agency,UN Talent,UN vacancies and talent resources,UN vacancies and talent resources,Job Search Platform — Development & NGO Jobs,Job Search Platform — Development & NGO Jobs,,Remote / Global,Global,,Active Agency,,,2026-07-20,,Official platform,B,Direct organization or specialist source,Direct,52,Low,,https://untalent.org/jobs,"Official platform entry point. Use platform filters and verify posting date, employer identity, location eligibility and application route."
agency-00619,Recruitment Agency,agency,UNDP Jobs,UNDP careers,UNDP careers,Job Search Platform — Development & NGO Jobs,Job Search Platform — Development & NGO Jobs,,Remote / Global,Global,,Active Agency,,,2026-07-20,,Official platform,A,Official / primary source,Official,52,Low,,https://jobs.undp.org/,"Official platform entry point. Use platform filters and verify posting date, employer identity, location eligibility and application route."
agency-00620,Recruitment Agency,agency,UNICEF Careers,UNICEF vacancies,UNICEF vacancies,Job Search Platform — Development & NGO Jobs,Job Search Platform — Development & NGO Jobs,,Remote / Global,Global,,Active Agency,,,2026-07-20,,Official platform,A,Official / primary source,Official,52,Low,,https://jobs.unicef.org/,"Official platform entry point. Use platform filters and verify posting date, employer identity, location eligibility and application route."
agency-00621,Recruitment Agency,agency,WHO Careers,World Health Organization careers,World Health Organization careers,Job Search Platform — Development & NGO Jobs,Job Search Platform — Development & NGO Jobs,,Remote / Global,Global,,Active Agency,,,2026-07-20,,Official platform,A,Official / primary source,Official,53,Low,,https://careers.who.int/,"Official platform entry point. Use platform filters and verify posting date, employer identity, location eligibility and application route."
agency-00622,Recruitment Agency,agency,IOM Careers,International Organization for Migration careers,International Organization for Migration careers,Job Search Platform — Development & NGO Jobs,Job Search Platform — Development & NGO Jobs,,Remote / Global,Global,,Active Agency,,,2026-07-20,,Official platform,A,Official / primary source,Official,20,Low,,https://www.iom.int/careers,"Official platform entry point. Use platform filters and verify posting date, employer identity, location eligibility and application route."
agency-00623,Recruitment Agency,agency,UNOPS Jobs,UNOPS careers,UNOPS careers,Job Search Platform — Development & NGO Jobs,Job Search Platform — Development & NGO Jobs,,Remote / Global,Global,,Active Agency,,,2026-07-20,,Official platform,A,Official / primary source,Official,52,Low,,https://jobs.unops.org/,"Official platform entry point. Use platform filters and verify posting date, employer identity, location eligibility and application route."
agency-00624,Recruitment Agency,agency,WFP Careers,World Food Programme careers,World Food Programme careers,Job Search Platform — Development & NGO Jobs,Job Search Platform — Development & NGO Jobs,,Remote / Global,Global,,Active Agency,,,2026-07-20,,Official platform,B,Direct organization or specialist source,Direct,52,Low,,https://www.wfp.org/careers,"Official platform entry point. Use platform filters and verify posting date, employer identity, location eligibility and application route."
agency-00625,Recruitment Agency,agency,FAO Careers,Food and Agriculture Organization careers,Food and Agriculture Organization careers,Job Search Platform — Development & NGO Jobs,Job Search Platform — Development & NGO Jobs,,Remote / Global,Global,,Active Agency,,,2026-07-20,,Official platform,B,Direct organization or specialist source,Direct,52,Low,,https://www.fao.org/employment/home/en/,"Official platform entry point. Use platform filters and verify posting date, employer identity, location eligibility and application route."
agency-00626,Recruitment Agency,agency,ILO Jobs,International Labour Organization careers,International Labour Organization careers,Job Search Platform — Development & NGO Jobs,Job Search Platform — Development & NGO Jobs,,Remote / Global,Global,,Active Agency,,,2026-07-20,,Official platform,B,Direct organization or specialist source,Direct,20,Low,,https://jobs.ilo.org/,"Official platform entry point. Use platform filters and verify posting date, employer identity, location eligibility and application route."
agency-00627,Recruitment Agency,agency,World Bank Careers,World Bank Group careers,World Bank Group careers,Job Search Platform — Development & NGO Jobs,Job Search Platform — Development & NGO Jobs,,Remote / Global,Global,,Active Agency,,,2026-07-20,,Official platform,A,Official / primary source,Official,52,Low,,https://www.worldbank.org/en/about/careers,"Official platform entry point. Use platform filters and verify posting date, employer identity, location eligibility and application route."
agency-00628,Recruitment Agency,agency,IFC Careers,International Finance Corporation careers,International Finance Corporation careers,Job Search Platform — Development & NGO Jobs,Job Search Platform — Development & NGO Jobs,,Remote / Global,Global,,Active Agency,,,2026-07-20,,Official platform,B,Direct organization or specialist source,Direct,20,Low,,https://www.ifc.org/en/about/careers,"Official platform entry point. Use platform filters and verify posting date, employer identity, location eligibility and application route."
agency-00629,Recruitment Agency,agency,African Development Bank Careers,AfDB careers,AfDB careers,Job Search Platform — Development & NGO Jobs,Job Search Platform — Development & NGO Jobs,,Africa,Africa,,Active Agency,,,2026-07-20,,Official platform,A,Official / primary source,Official,50,Low,,https://www.afdb.org/en/about-us/careers,"Official platform entry point. Use platform filters and verify posting date, employer identity, location eligibility and application route."
agency-00630,Recruitment Agency,agency,Islamic Development Bank Careers,IsDB careers,IsDB careers,Job Search Platform — Development & NGO Jobs,Job Search Platform — Development & NGO Jobs,,Remote / Global,Member countries,,Active Agency,,,2026-07-20,,Official platform,A,Official / primary source,Official,52,Low,,https://www.isdb.org/careers,"Official platform entry point. Use platform filters and verify posting date, employer identity, location eligibility and application route."
agency-00631,Recruitment Agency,agency,OECD Careers,OECD vacancies,OECD vacancies,Job Search Platform — Development & NGO Jobs,Job Search Platform — Development & NGO Jobs,,Remote / Global,Global,,Active Agency,,,2026-07-20,,Official platform,B,Direct organization or specialist source,Direct,52,Low,,https://www.oecd.org/careers/,"Official platform entry point. Use platform filters and verify posting date, employer identity, location eligibility and application route."
agency-00632,Recruitment Agency,agency,EU Careers,European Union careers,European Union careers,Job Search Platform — Development & NGO Jobs,Job Search Platform — Development & NGO Jobs,,Remote / Global,Europe / global programmes,,Active Agency,,,2026-07-20,,Official platform,B,Direct organization or specialist source,Direct,52,Low,,https://eu-careers.europa.eu/,"Official platform entry point. Use platform filters and verify posting date, employer identity, location eligibility and application route."
agency-00633,Recruitment Agency,agency,GIZ Jobs,German development cooperation jobs,German development cooperation jobs,Job Search Platform — Development & NGO Jobs,Job Search Platform — Development & NGO Jobs,,Remote / Global,Global development,,Active Agency,,,2026-07-20,,Official platform,A,Official / primary source,Official,52,Low,,https://jobs.giz.de/,"Official platform entry point. Use platform filters and verify posting date, employer identity, location eligibility and application route."
agency-00634,Recruitment Agency,agency,FHI 360 Careers,International development and health jobs,International development and health jobs,Job Search Platform — Development & NGO Jobs,Job Search Platform — Development & NGO Jobs,,Remote / Global,Global,,Active Agency,,,2026-07-20,,Official platform,B,Direct organization or specialist source,Direct,20,Low,,https://www.fhi360.org/careers/,"Official platform entry point. Use platform filters and verify posting date, employer identity, location eligibility and application route."
agency-00635,Recruitment Agency,agency,CHAI Careers,Clinton Health Access Initiative jobs,Clinton Health Access Initiative jobs,Job Search Platform — Development & NGO Jobs,Job Search Platform — Development & NGO Jobs,,Remote / Global,Global health,,Active Agency,,,2026-07-20,,Official platform,B,Direct organization or specialist source,Direct,53,Low,,https://www.clintonhealthaccess.org/careers/,"Official platform entry point. Use platform filters and verify posting date, employer identity, location eligibility and application route."
agency-00636,Recruitment Agency,agency,PATH Careers,Global health careers,Global health careers,Job Search Platform — Development & NGO Jobs,Job Search Platform — Development & NGO Jobs,,Remote / Global,Global health,,Active Agency,,,2026-07-20,,Official platform,B,Direct organization or specialist source,Direct,53,Low,,https://www.path.org/careers/,"Official platform entry point. Use platform filters and verify posting date, employer identity, location eligibility and application route."
agency-00637,Recruitment Agency,agency,Save the Children Careers,International NGO vacancies,International NGO vacancies,Job Search Platform — Development & NGO Jobs,Job Search Platform — Development & NGO Jobs,,Remote / Global,Global,,Active Agency,,,2026-07-20,,Official platform,B,Direct organization or specialist source,Direct,20,Low,,https://jobs.savethechildren.org.uk/,"Official platform entry point. Use platform filters and verify posting date, employer identity, location eligibility and application route."
agency-00638,Recruitment Agency,agency,IRC Careers,International Rescue Committee jobs,International Rescue Committee jobs,Job Search Platform — Development & NGO Jobs,Job Search Platform — Development & NGO Jobs,,Remote / Global,Global,,Active Agency,,,2026-07-20,,Official platform,B,Direct organization or specialist source,Direct,20,Low,,https://careers.rescue.org/,"Official platform entry point. Use platform filters and verify posting date, employer identity, location eligibility and application route."
agency-00639,Recruitment Agency,agency,MSF Jobs,Médecins Sans Frontières careers,Médecins Sans Frontières careers,Job Search Platform — Development & NGO Jobs,Job Search Platform — Development & NGO Jobs,,Remote / Global,Global,,Active Agency,,,2026-07-20,,Official platform,B,Direct organization or specialist source,Direct,52,Low,,https://www.msf.org/work-msf,"Official platform entry point. Use platform filters and verify posting date, employer identity, location eligibility and application route."
agency-00640,Recruitment Agency,agency,Mercy Corps Careers,International development jobs,International development jobs,Job Search Platform — Development & NGO Jobs,Job Search Platform — Development & NGO Jobs,,Remote / Global,Global,,Active Agency,,,2026-07-20,,Official platform,B,Direct organization or specialist source,Direct,20,Low,,https://www.mercycorps.org/careers,"Official platform entry point. Use platform filters and verify posting date, employer identity, location eligibility and application route."
agency-00641,Recruitment Agency,agency,CARE Careers,CARE International jobs,CARE International jobs,Job Search Platform — Development & NGO Jobs,Job Search Platform — Development & NGO Jobs,,Remote / Global,Global,,Active Agency,,,2026-07-20,,Official platform,B,Direct organization or specialist source,Direct,20,Low,,https://www.care-international.org/jobs,"Official platform entry point. Use platform filters and verify posting date, employer identity, location eligibility and application route."
agency-00642,Recruitment Agency,agency,Palladium Jobs,International development consulting jobs,International development consulting jobs,Job Search Platform — Development & NGO Jobs,Job Search Platform — Development & NGO Jobs,,Remote / Global,Global,,Active Agency,,,2026-07-20,,Official platform,B,Direct organization or specialist source,Direct,20,Low,,https://palladium.csod.com/ux/ats/careersite/2/home,"Official platform entry point. Use platform filters and verify posting date, employer identity, location eligibility and application route."
agency-00643,Recruitment Agency,agency,DAI Careers,Development consulting jobs,Development consulting jobs,Job Search Platform — Development & NGO Jobs,Job Search Platform — Development & NGO Jobs,,Remote / Global,Global,,Active Agency,,,2026-07-20,,Official platform,B,Direct organization or specialist source,Direct,52,Low,,https://www.dai.com/careers,"Official platform entry point. Use platform filters and verify posting date, employer identity, location eligibility and application route."
agency-00644,Recruitment Agency,agency,Chemonics Careers,International development consulting jobs,International development consulting jobs,Job Search Platform — Development & NGO Jobs,Job Search Platform — Development & NGO Jobs,,Remote / Global,Global,,Active Agency,,,2026-07-20,,Official platform,B,Direct organization or specialist source,Direct,20,Low,,https://chemonics.com/jobs/,"Official platform entry point. Use platform filters and verify posting date, employer identity, location eligibility and application route."
agency-00645,Recruitment Agency,agency,Abt Global Careers,Research and development consulting jobs,Research and development consulting jobs,Job Search Platform — Development & NGO Jobs,Job Search Platform — Development & NGO Jobs,,Remote / Global,Global,,Active Agency,,,2026-07-20,,Official platform,B,Direct organization or specialist source,Direct,52,Low,,https://www.abtglobal.com/careers,"Official platform entry point. Use platform filters and verify posting date, employer identity, location eligibility and application route."
agency-00646,Recruitment Agency,agency,RTI International Careers,Research and development jobs,Research and development jobs,Job Search Platform — Development & NGO Jobs,Job Search Platform — Development & NGO Jobs,,Remote / Global,Global,,Active Agency,,,2026-07-20,,Official platform,B,Direct organization or specialist source,Direct,20,Low,,https://www.rti.org/careers,"Official platform entry point. Use platform filters and verify posting date, employer identity, location eligibility and application route."
agency-00647,Recruitment Agency,agency,Wellfound,Startup and remote jobs,Startup and remote jobs,Job Search Platform — Tech & Startup Jobs,Job Search Platform — Tech & Startup Jobs,,Remote / Global,Global startups,,Active Agency,,,2026-07-20,,Official platform,B,Direct organization or specialist source,Direct,52,Low,,https://wellfound.com/jobs,"Official platform entry point. Use platform filters and verify posting date, employer identity, location eligibility and application route."
agency-00648,Recruitment Agency,agency,Y Combinator Work at a Startup,Jobs at YC startups,Jobs at YC startups,Job Search Platform — Tech & Startup Jobs,Job Search Platform — Tech & Startup Jobs,,Remote / Global,Global startups,,Active Agency,,,2026-07-20,,Official platform,B,Direct organization or specialist source,Direct,52,Low,,https://www.workatastartup.com/jobs,"Official platform entry point. Use platform filters and verify posting date, employer identity, location eligibility and application route."
agency-00649,Recruitment Agency,agency,Techstars Jobs,Jobs across Techstars companies,Jobs across Techstars companies,Job Search Platform — Tech & Startup Jobs,Job Search Platform — Tech & Startup Jobs,,Remote / Global,Global startups,,Active Agency,,,2026-07-20,,Official platform,B,Direct organization or specialist source,Direct,52,Low,,https://jobs.techstars.com/,"Official platform entry point. Use platform filters and verify posting date, employer identity, location eligibility and application route."
agency-00650,Recruitment Agency,agency,F6S Jobs,Startup jobs and opportunities,Startup jobs and opportunities,Job Search Platform — Tech & Startup Jobs,Job Search Platform — Tech & Startup Jobs,,Remote / Global,Global startups,,Active Agency,,,2026-07-20,,Official platform,B,Direct organization or specialist source,Direct,52,Low,,https://www.f6s.com/jobs,"Official platform entry point. Use platform filters and verify posting date, employer identity, location eligibility and application route."
agency-00651,Recruitment Agency,agency,Welcome to the Jungle,Jobs and company profiles,Jobs and company profiles,Job Search Platform — Tech & Startup Jobs,Job Search Platform — Tech & Startup Jobs,,Remote / Global,Europe / global,,Active Agency,,,2026-07-20,,Official platform,B,Direct organization or specialist source,Direct,52,Low,,https://www.welcometothejungle.com/en/jobs,"Official platform entry point. Use platform filters and verify posting date, employer identity, location eligibility and application route."
agency-00652,Recruitment Agency,agency,Dice,Technology jobs,Technology jobs,Job Search Platform — Tech & Startup Jobs,Job Search Platform — Tech & Startup Jobs,,Remote / Global,Technology / global,,Active Agency,,,2026-07-20,,Official platform,B,Direct organization or specialist source,Direct,52,Low,,https://www.dice.com/jobs,"Official platform entry point. Use platform filters and verify posting date, employer identity, location eligibility and application route."
agency-00653,Recruitment Agency,agency,Built In,Technology company jobs,Technology company jobs,Job Search Platform — Tech & Startup Jobs,Job Search Platform — Tech & Startup Jobs,,Remote / Global,Technology / selected markets,,Active Agency,,,2026-07-20,,Official platform,B,Direct organization or specialist source,Direct,52,Low,,https://builtin.com/jobs,"Official platform entry point. Use platform filters and verify posting date, employer identity, location eligibility and application route."
agency-00654,Recruitment Agency,agency,eFinancialCareers,Finance and technology jobs,Finance and technology jobs,Job Search Platform — Tech & Startup Jobs,Job Search Platform — Tech & Startup Jobs,,Remote / Global,Global finance,,Active Agency,,,2026-07-20,,Official platform,B,Direct organization or specialist source,Direct,52,Low,,https://www.efinancialcareers.com/,"Official platform entry point. Use platform filters and verify posting date, employer identity, location eligibility and application route."
agency-00655,Recruitment Agency,agency,Hired,Technology talent marketplace,Technology talent marketplace,Job Search Platform — Tech & Startup Jobs,Job Search Platform — Tech & Startup Jobs,,Remote / Global,Technology / selected markets,,Active Agency,,,2026-07-20,,Official platform,B,Direct organization or specialist source,Direct,52,Low,,https://hired.com/,"Official platform entry point. Use platform filters and verify posting date, employer identity, location eligibility and application route."
agency-00656,Recruitment Agency,agency,CrunchBoard,Technology and startup jobs,Technology and startup jobs,Job Search Platform — Tech & Startup Jobs,Job Search Platform — Tech & Startup Jobs,,Remote / Global,Technology / global,,Active Agency,,,2026-07-20,,Official platform,B,Direct organization or specialist source,Direct,52,Low,,https://www.crunchboard.com/jobs,"Official platform entry point. Use platform filters and verify posting date, employer identity, location eligibility and application route."
agency-00657,Recruitment Agency,agency,Hacker News Who Is Hiring,Monthly startup and technology hiring thread,Monthly startup and technology hiring thread,Job Search Platform — Tech & Startup Jobs,Job Search Platform — Tech & Startup Jobs,,Remote / Global,Global technology,,Active Agency,,,2026-07-20,,Official platform,B,Direct organization or specialist source,Direct,52,Low,,https://news.ycombinator.com/submitted?id=whoishiring,"Official platform entry point. Use platform filters and verify posting date, employer identity, location eligibility and application route."
agency-00658,Recruitment Agency,agency,ai-jobs.net,AI and data jobs,AI and data jobs,Job Search Platform — Tech & Startup Jobs,Job Search Platform — Tech & Startup Jobs,,Remote / Global,AI / global,,Active Agency,,,2026-07-20,,Official platform,B,Direct organization or specialist source,Direct,55,Low,,https://ai-jobs.net/,"Official platform entry point. Use platform filters and verify posting date, employer identity, location eligibility and application route."
agency-00659,Recruitment Agency,agency,DataJobs,Data and analytics jobs,Data and analytics jobs,Job Search Platform — Tech & Startup Jobs,Job Search Platform — Tech & Startup Jobs,,Remote / Global,Data / global,,Active Agency,,,2026-07-20,,Official platform,B,Direct organization or specialist source,Direct,55,Low,,https://datajobs.com/,"Official platform entry point. Use platform filters and verify posting date, employer identity, location eligibility and application route."
agency-00660,Recruitment Agency,agency,CyberSecurityJobs,Cybersecurity jobs,Cybersecurity jobs,Job Search Platform — Tech & Startup Jobs,Job Search Platform — Tech & Startup Jobs,,Remote / Global,Cybersecurity / global,,Active Agency,,,2026-07-20,,Official platform,B,Direct organization or specialist source,Direct,52,Low,,https://www.cybersecurityjobsite.com/,"Official platform entry point. Use platform filters and verify posting date, employer identity, location eligibility and application route."
agency-00661,Recruitment Agency,agency,CloudJobs,Cloud computing jobs,Cloud computing jobs,Job Search Platform — Tech & Startup Jobs,Job Search Platform — Tech & Startup Jobs,,Remote / Global,Cloud / global,,Active Agency,,,2026-07-20,,Official platform,B,Direct organization or specialist source,Direct,53,Low,,https://cloudjobs.com/,"Official platform entry point. Use platform filters and verify posting date, employer identity, location eligibility and application route."
agency-00662,Recruitment Agency,agency,Upwork,Freelance projects and contracts,Freelance projects and contracts,Job Search Platform — Freelance & Contract,Job Search Platform — Freelance & Contract,,Remote / Global,Global,,Active Agency,,,2026-07-20,,Official platform,B,Direct organization or specialist source,Direct,52,Low,,https://www.upwork.com/nx/search/jobs/,"Official platform entry point. Use platform filters and verify posting date, employer identity, location eligibility and application route."
agency-00663,Recruitment Agency,agency,Freelancer,Freelance projects marketplace,Freelance projects marketplace,Job Search Platform — Freelance & Contract,Job Search Platform — Freelance & Contract,,Remote / Global,Global,,Active Agency,,,2026-07-20,,Official platform,B,Direct organization or specialist source,Direct,52,Low,,https://www.freelancer.com/jobs/,"Official platform entry point. Use platform filters and verify posting date, employer identity, location eligibility and application route."
agency-00664,Recruitment Agency,agency,PeoplePerHour,Freelance projects marketplace,Freelance projects marketplace,Job Search Platform — Freelance & Contract,Job Search Platform — Freelance & Contract,,Remote / Global,Global,,Active Agency,,,2026-07-20,,Official platform,B,Direct organization or specialist source,Direct,52,Low,,https://www.peopleperhour.com/freelance-jobs,"Official platform entry point. Use platform filters and verify posting date, employer identity, location eligibility and application route."
agency-00665,Recruitment Agency,agency,Toptal,Freelance expert talent network,Freelance expert talent network,Job Search Platform — Freelance & Contract,Job Search Platform — Freelance & Contract,,Remote / Global,Global,,Active Agency,,,2026-07-20,,Official platform,B,Direct organization or specialist source,Direct,52,Low,,https://www.toptal.com/freelance-jobs,"Official platform entry point. Use platform filters and verify posting date, employer identity, location eligibility and application route."
agency-00666,Recruitment Agency,agency,Contra,Independent work and contract opportunities,Independent work and contract opportunities,Job Search Platform — Freelance & Contract,Job Search Platform — Freelance & Contract,,Remote / Global,Global,,Active Agency,,,2026-07-20,,Official platform,B,Direct organization or specialist source,Direct,52,Low,,https://contra.com/opportunities,"Official platform entry point. Use platform filters and verify posting date, employer identity, location eligibility and application route."
agency-00667,Recruitment Agency,agency,Guru,Freelance jobs marketplace,Freelance jobs marketplace,Job Search Platform — Freelance & Contract,Job Search Platform — Freelance & Contract,,Remote / Global,Global,,Active Agency,,,2026-07-20,,Official platform,B,Direct organization or specialist source,Direct,52,Low,,https://www.guru.com/d/jobs/,"Official platform entry point. Use platform filters and verify posting date, employer identity, location eligibility and application route."
agency-00668,Recruitment Agency,agency,Malt,Freelance consulting marketplace,Freelance consulting marketplace,Job Search Platform — Freelance & Contract,Job Search Platform — Freelance & Contract,,Remote / Global,Europe / global,,Active Agency,,,2026-07-20,,Official platform,B,Direct organization or specialist source,Direct,52,Low,,https://www.malt.com/,"Official platform entry point. Use platform filters and verify posting date, employer identity, location eligibility and application route."
agency-00669,Recruitment Agency,agency,Catalant,Independent consulting marketplace,Independent consulting marketplace,Job Search Platform — Freelance & Contract,Job Search Platform — Freelance & Contract,,Remote / Global,Global,,Active Agency,,,2026-07-20,,Official platform,B,Direct organization or specialist source,Direct,52,Low,,https://gocatalant.com/,"Official platform entry point. Use platform filters and verify posting date, employer identity, location eligibility and application route."
agency-00670,Recruitment Agency,agency,Braintrust,Technology talent network,Technology talent network,Job Search Platform — Freelance & Contract,Job Search Platform — Freelance & Contract,,Remote / Global,Global,,Active Agency,,,2026-07-20,,Official platform,B,Direct organization or specialist source,Direct,52,Low,,https://www.usebraintrust.com/jobs,"Official platform entry point. Use platform filters and verify posting date, employer identity, location eligibility and application route."
agency-00671,Recruitment Agency,agency,Workana,Freelance jobs marketplace,Freelance jobs marketplace,Job Search Platform — Freelance & Contract,Job Search Platform — Freelance & Contract,,Remote / Global,Global / Latin America,,Active Agency,,,2026-07-20,,Official platform,B,Direct organization or specialist source,Direct,52,Low,,https://www.workana.com/jobs,"Official platform entry point. Use platform filters and verify posting date, employer identity, location eligibility and application route."
agency-00672,Recruitment Agency,agency,Kolabtree,Scientific and specialist freelance projects,Scientific and specialist freelance projects,Job Search Platform — Freelance & Contract,Job Search Platform — Freelance & Contract,,Remote / Global,Global,,Active Agency,,,2026-07-20,,Official platform,B,Direct organization or specialist source,Direct,52,Low,,https://www.kolabtree.com/find-work,"Official platform entry point. Use platform filters and verify posting date, employer identity, location eligibility and application route."
agency-00673,Recruitment Agency,agency,Truelancer,Freelance projects marketplace,Freelance projects marketplace,Job Search Platform — Freelance & Contract,Job Search Platform — Freelance & Contract,,Remote / Global,Global,,Active Agency,,,2026-07-20,,Official platform,B,Direct organization or specialist source,Direct,52,Low,,https://www.truelancer.com/freelance-jobs,"Official platform entry point. Use platform filters and verify posting date, employer identity, location eligibility and application route."
agency-00674,Recruitment Agency,agency,Flexing It,Independent consulting opportunities,Independent consulting opportunities,Job Search Platform — Freelance & Contract,Job Search Platform — Freelance & Contract,,Remote / Global,Global / India / Middle East,,Active Agency,,,2026-07-20,,Official platform,B,Direct organization or specialist source,Direct,52,Low,,https://www.flexingit.com/,"Official platform entry point. Use platform filters and verify posting date, employer identity, location eligibility and application route."
