id,record_type,category,title,organization,subtitle,role_family,type,industry,region,country,location,availability_status,published_date,expiry_date,last_checked,posted_text,source,source_quality,source_quality_label,verification_level,match_score,fit,priority_tier,url,notes
job-00001,Platform-Indexed Vacancy,job,Head of Digital Transformation,Emirates NBD Egypt,Emirates NBD Egypt,Digital Transformation,Digital Transformation,Technology & Consulting,Egypt,Egypt,Cairo,Possibly Available,2026-07-06,,2026-07-20,Listed 2 weeks ago,LinkedIn current search,B,Recognized job platform,Platform,62,Medium,,https://eg.linkedin.com/jobs/digital-transformation-manager-jobs?countryRedirected=1,"Verify eligibility, deadline and work authorization on the linked source before applying."
job-00002,Platform-Indexed Vacancy,job,"Consulting Manager - Digital, Visa Consulting and Analytics",Visa,Visa,Digital Transformation,Digital Transformation,Technology & Consulting,Egypt,Egypt,Egypt,Possibly Available,2026-07-16,,2026-07-20,Listed 4 days ago,LinkedIn current search,B,Recognized job platform,Platform,64,Medium,,https://eg.linkedin.com/jobs/digital-transformation-manager-jobs?countryRedirected=1,"Verify eligibility, deadline and work authorization on the linked source before applying."
job-00003,Platform-Indexed Vacancy,job,Odoo Implementer & Digital Transformation Manager,Misr Radiology Center,Misr Radiology Center,Digital Transformation,Digital Transformation,Technology & Consulting,Egypt,Egypt,Cairo,Possibly Available,2026-07-20,,2026-07-20,Listed 11 hours ago,LinkedIn current search,B,Recognized job platform,Platform,62,Medium,,https://eg.linkedin.com/jobs/digital-transformation-manager-jobs?countryRedirected=1,"Verify eligibility, deadline and work authorization on the linked source before applying."
job-00004,Platform-Indexed Vacancy,job,Senior AI / Digital Transformation Expert,Accenture,Accenture,AI & Automation,AI & Automation,Technology & Consulting,Egypt,Egypt,Cairo,Possibly Available,2026-07-13,,2026-07-20,Listed 1 week ago,LinkedIn current search,B,Recognized job platform,Platform,60,Medium,,https://eg.linkedin.com/jobs/digital-transformation-manager-jobs?countryRedirected=1,"Verify eligibility, deadline and work authorization on the linked source before applying."
job-00005,Platform-Indexed Vacancy,job,AI Architect,Deloitte Innovation Hub,Deloitte Innovation Hub,AI & Automation,AI & Automation,Other Multinational & Enterprise,Egypt,Egypt,Cairo,Possibly Available,2026-07-13,,2026-07-20,Listed 1 week ago,LinkedIn current search,B,Recognized job platform,Platform,58,Low,,https://eg.linkedin.com/jobs/digital-transformation-manager-jobs?countryRedirected=1,"Verify eligibility, deadline and work authorization on the linked source before applying."
job-00006,Platform-Indexed Vacancy,job,Platform Architect - OT/IT,Coca-Cola HBC,Coca-Cola HBC,Solution Architecture,Solution Architecture,Other Multinational & Enterprise,Egypt,Egypt,Cairo,Possibly Available,2026-07-13,,2026-07-20,Listed 1 week ago,LinkedIn current search,B,Recognized job platform,Platform,64,Medium,,https://eg.linkedin.com/jobs/digital-transformation-manager-jobs?countryRedirected=1,"Verify eligibility, deadline and work authorization on the linked source before applying."
job-00007,Platform-Indexed Vacancy,job,Business Transformation Lead,VOIS,VOIS,Digital Transformation,Digital Transformation,Technology & Consulting,Egypt,Egypt,Giza,Possibly Available,2026-07-13,,2026-07-20,Listed 1 week ago,LinkedIn current search,B,Recognized job platform,Platform,62,Medium,,https://eg.linkedin.com/jobs/digital-transformation-manager-jobs?countryRedirected=1,"Verify eligibility, deadline and work authorization on the linked source before applying."
job-00008,Platform-Indexed Vacancy,job,Associate Director - MENA Chief Data Officer,EY,EY,Data & Governance,Data & Governance,Technology & Consulting,Egypt,Egypt,Cairo,Possibly Available,2026-07-20,,2026-07-20,Listed 13 hours ago,LinkedIn current search,B,Recognized job platform,Platform,65,Medium,,https://eg.linkedin.com/jobs/digital-transformation-manager-jobs?countryRedirected=1,"Verify eligibility, deadline and work authorization on the linked source before applying."
job-00009,Platform-Indexed Vacancy,job,IT Solution Architect,VOIS,VOIS,Solution Architecture,Solution Architecture,Other Multinational & Enterprise,Egypt,Egypt,Giza,Expired,,,2026-07-20,Listing page available,LinkedIn,B,Recognized job platform,Platform,64,Medium,,https://www.linkedin.com/jobs/view/4356560149,Verify listing remains open
job-00010,Platform-Indexed Vacancy,job,Architecture Advisor Expert,SAP,SAP,Enterprise Architecture,Enterprise Architecture,Technology & Consulting,Egypt,Egypt,Cairo,Possibly Available,2026-07-06,,2026-07-20,Listed 2 weeks ago,LinkedIn current search,B,Recognized job platform,Platform,67,Medium,,https://eg.linkedin.com/jobs/digital-transformation-manager-jobs?countryRedirected=1,"Verify eligibility, deadline and work authorization on the linked source before applying."
job-00011,Platform-Indexed Vacancy,job,ETIC Solution Architecture Director,PwC,PwC,Solution Architecture,Solution Architecture,Other Multinational & Enterprise,Egypt,Egypt,Cairo,Possibly Available,2026-07-06,,2026-07-20,Listed 2 weeks ago,LinkedIn current search,B,Recognized job platform,Platform,67,Medium,,https://eg.linkedin.com/jobs/digital-transformation-manager-jobs?countryRedirected=1,"Verify eligibility, deadline and work authorization on the linked source before applying."
job-00012,Platform-Indexed Vacancy,job,Cloud Architect Section Head,eFinance,eFinance,Cloud & Platforms,Cloud & Platforms,Technology & Consulting,Egypt,Egypt,Giza,Possibly Available,2026-07-18,,2026-07-20,Listed 2 days ago,LinkedIn current search,B,Recognized job platform,Platform,60,Medium,,https://eg.linkedin.com/jobs/digital-transformation-manager-jobs?countryRedirected=1,"Verify eligibility, deadline and work authorization on the linked source before applying."
job-00013,Platform-Indexed Vacancy,job,Enterprise Architect,Veeam Software,Veeam Software,Enterprise Architecture,Enterprise Architecture,Technology & Consulting,Egypt,Egypt,Egypt,Possibly Available,2026-07-13,,2026-07-20,Listed 1 week ago,LinkedIn current search,B,Recognized job platform,Platform,67,Medium,,https://eg.linkedin.com/jobs/digital-transformation-manager-jobs?countryRedirected=1,"Verify eligibility, deadline and work authorization on the linked source before applying."
job-00014,Platform-Indexed Vacancy,job,Solution Architect - Technical Governance Lead,Konecta,Konecta,Solution Architecture,Solution Architecture,Other Multinational & Enterprise,Egypt,Egypt,New Cairo,Possibly Available,2026-07-06,,2026-07-20,Listed 2 weeks ago,LinkedIn current search,B,Recognized job platform,Platform,65,Medium,,https://www.linkedin.com/jobs/konecta-jobs-worldwide?f_AL=true,"Verify eligibility, deadline and work authorization on the linked source before applying."
job-00015,Platform-Indexed Vacancy,job,Solution Architect,Konecta,Konecta,Solution Architecture,Solution Architecture,Other Multinational & Enterprise,Egypt,Egypt,New Cairo,Possibly Available,2026-07-13,,2026-07-20,Listed 1 week ago,LinkedIn current search,B,Recognized job platform,Platform,64,Medium,,https://www.linkedin.com/jobs/konecta-jobs-worldwide?f_AL=true,"Verify eligibility, deadline and work authorization on the linked source before applying."
job-00016,Platform-Indexed Vacancy,job,Health Informatics Supervisor,eHealth,eHealth,Healthcare IT,Healthcare IT,Healthcare & Life Sciences,Egypt,Egypt,Giza,Possibly Available,2026-07-13,,2026-07-20,Listed 1 week ago - no longer accepting,LinkedIn,B,Recognized job platform,Platform,58,Low,,https://eg.linkedin.com/jobs/view/health-informatics-supervisor-at-ehealth-4437768572,"Verify eligibility, deadline and work authorization on the linked source before applying."
job-00017,Platform-Indexed Vacancy,job,Enterprise Architect — LinkedIn Live Search,Egypt,Egypt,Live Job Search,Live Job Search,Technology & Consulting,Egypt,Egypt,Live / varies,Possibly Available,,,2026-07-20,Live search sorted toward newest results,LinkedIn,B,Recognized job platform,Platform,65,Medium,,https://www.linkedin.com/jobs/search/?keywords=Enterprise+Architect&sortBy=DD&location=Egypt,"Egypt live-search pack. This is a live search link, not one fixed vacancy."
job-00018,Platform-Indexed Vacancy,job,Enterprise Architect — Wuzzuf Live Search,Egypt,Egypt,Live Job Search,Live Job Search,Technology & Consulting,Egypt,Egypt,Live / varies,Possibly Available,,,2026-07-20,Live search sorted toward newest results,Wuzzuf,B,Recognized job platform,Platform,65,Medium,,https://wuzzuf.net/search/jobs/?q=Enterprise+Architect&a=navbl,"Egypt live-search pack. This is a live search link, not one fixed vacancy."
job-00019,Platform-Indexed Vacancy,job,Enterprise Architect — Bayt Live Search,Egypt,Egypt,Live Job Search,Live Job Search,Technology & Consulting,Egypt,Egypt,Live / varies,Possibly Available,,,2026-07-20,Live search sorted toward newest results,Bayt,B,Recognized job platform,Platform,65,Medium,,https://www.bayt.com/en/egypt/jobs/Enterprise%20Architect-jobs/,"Egypt live-search pack. This is a live search link, not one fixed vacancy."
job-00021,Platform-Indexed Vacancy,job,Solution Architect — LinkedIn Live Search,Egypt,Egypt,Live Job Search,Live Job Search,Other Multinational & Enterprise,Egypt,Egypt,Live / varies,Possibly Available,,,2026-07-20,Live search sorted toward newest results,LinkedIn,B,Recognized job platform,Platform,62,Medium,,https://www.linkedin.com/jobs/search/?keywords=Solution+Architect&sortBy=DD&location=Egypt,"Egypt live-search pack. This is a live search link, not one fixed vacancy."
job-00022,Platform-Indexed Vacancy,job,Solution Architect — Wuzzuf Live Search,Egypt,Egypt,Live Job Search,Live Job Search,Other Multinational & Enterprise,Egypt,Egypt,Live / varies,Possibly Available,,,2026-07-20,Live search sorted toward newest results,Wuzzuf,B,Recognized job platform,Platform,62,Medium,,https://wuzzuf.net/search/jobs/?q=Solution+Architect&a=navbl,"Egypt live-search pack. This is a live search link, not one fixed vacancy."
job-00023,Platform-Indexed Vacancy,job,Solution Architect — Bayt Live Search,Egypt,Egypt,Live Job Search,Live Job Search,Other Multinational & Enterprise,Egypt,Egypt,Live / varies,Possibly Available,,,2026-07-20,Live search sorted toward newest results,Bayt,B,Recognized job platform,Platform,62,Medium,,https://www.bayt.com/en/egypt/jobs/Solution%20Architect-jobs/,"Egypt live-search pack. This is a live search link, not one fixed vacancy."
job-00025,Platform-Indexed Vacancy,job,Digital Transformation Manager — LinkedIn Live Search,Egypt,Egypt,Live Job Search,Live Job Search,Technology & Consulting,Egypt,Egypt,Live / varies,Possibly Available,,,2026-07-20,Live search sorted toward newest results,LinkedIn,B,Recognized job platform,Platform,62,Medium,,https://www.linkedin.com/jobs/search/?keywords=Digital+Transformation+Manager&sortBy=DD&location=Egypt,"Egypt live-search pack. This is a live search link, not one fixed vacancy."
job-00026,Platform-Indexed Vacancy,job,Digital Transformation Manager — Wuzzuf Live Search,Egypt,Egypt,Live Job Search,Live Job Search,Technology & Consulting,Egypt,Egypt,Live / varies,Possibly Available,,,2026-07-20,Live search sorted toward newest results,Wuzzuf,B,Recognized job platform,Platform,62,Medium,,https://wuzzuf.net/search/jobs/?q=Digital+Transformation+Manager&a=navbl,"Egypt live-search pack. This is a live search link, not one fixed vacancy."
job-00027,Platform-Indexed Vacancy,job,Digital Transformation Manager — Bayt Live Search,Egypt,Egypt,Live Job Search,Live Job Search,Technology & Consulting,Egypt,Egypt,Live / varies,Possibly Available,,,2026-07-20,Live search sorted toward newest results,Bayt,B,Recognized job platform,Platform,62,Medium,,https://www.bayt.com/en/egypt/jobs/Digital%20Transformation%20Manager-jobs/,"Egypt live-search pack. This is a live search link, not one fixed vacancy."
job-00029,Platform-Indexed Vacancy,job,IT Director — LinkedIn Live Search,Egypt,Egypt,Live Job Search,Live Job Search,Other Multinational & Enterprise,Egypt,Egypt,Live / varies,Possibly Available,,,2026-07-20,Live search sorted toward newest results,LinkedIn,B,Recognized job platform,Platform,65,Medium,,https://www.linkedin.com/jobs/search/?keywords=IT+Director&sortBy=DD&location=Egypt,"Egypt live-search pack. This is a live search link, not one fixed vacancy."
job-00030,Platform-Indexed Vacancy,job,IT Director — Wuzzuf Live Search,Egypt,Egypt,Live Job Search,Live Job Search,Other Multinational & Enterprise,Egypt,Egypt,Live / varies,Possibly Available,,,2026-07-20,Live search sorted toward newest results,Wuzzuf,B,Recognized job platform,Platform,65,Medium,,https://wuzzuf.net/search/jobs/?q=IT+Director&a=navbl,"Egypt live-search pack. This is a live search link, not one fixed vacancy."
job-00031,Platform-Indexed Vacancy,job,IT Director — Bayt Live Search,Egypt,Egypt,Live Job Search,Live Job Search,Other Multinational & Enterprise,Egypt,Egypt,Live / varies,Possibly Available,,,2026-07-20,Live search sorted toward newest results,Bayt,B,Recognized job platform,Platform,65,Medium,,https://www.bayt.com/en/egypt/jobs/IT%20Director-jobs/,"Egypt live-search pack. This is a live search link, not one fixed vacancy."
job-00033,Platform-Indexed Vacancy,job,Head of Technology — LinkedIn Live Search,Egypt,Egypt,Live Job Search,Live Job Search,Technology & Consulting,Egypt,Egypt,Live / varies,Possibly Available,,,2026-07-20,Live search sorted toward newest results,LinkedIn,B,Recognized job platform,Platform,58,Low,,https://www.linkedin.com/jobs/search/?keywords=Head+of+Technology&sortBy=DD&location=Egypt,"Egypt live-search pack. This is a live search link, not one fixed vacancy."
job-00034,Platform-Indexed Vacancy,job,Head of Technology — Wuzzuf Live Search,Egypt,Egypt,Live Job Search,Live Job Search,Technology & Consulting,Egypt,Egypt,Live / varies,Possibly Available,,,2026-07-20,Live search sorted toward newest results,Wuzzuf,B,Recognized job platform,Platform,58,Low,,https://wuzzuf.net/search/jobs/?q=Head+of+Technology&a=navbl,"Egypt live-search pack. This is a live search link, not one fixed vacancy."
job-00035,Platform-Indexed Vacancy,job,Head of Technology — Bayt Live Search,Egypt,Egypt,Live Job Search,Live Job Search,Technology & Consulting,Egypt,Egypt,Live / varies,Possibly Available,,,2026-07-20,Live search sorted toward newest results,Bayt,B,Recognized job platform,Platform,58,Low,,https://www.bayt.com/en/egypt/jobs/Head%20of%20Technology-jobs/,"Egypt live-search pack. This is a live search link, not one fixed vacancy."
job-00037,Platform-Indexed Vacancy,job,Technology Director — LinkedIn Live Search,Egypt,Egypt,Live Job Search,Live Job Search,Technology & Consulting,Egypt,Egypt,Live / varies,Possibly Available,,,2026-07-20,Live search sorted toward newest results,LinkedIn,B,Recognized job platform,Platform,65,Medium,,https://www.linkedin.com/jobs/search/?keywords=Technology+Director&sortBy=DD&location=Egypt,"Egypt live-search pack. This is a live search link, not one fixed vacancy."
job-00038,Platform-Indexed Vacancy,job,Technology Director — Wuzzuf Live Search,Egypt,Egypt,Live Job Search,Live Job Search,Technology & Consulting,Egypt,Egypt,Live / varies,Possibly Available,,,2026-07-20,Live search sorted toward newest results,Wuzzuf,B,Recognized job platform,Platform,65,Medium,,https://wuzzuf.net/search/jobs/?q=Technology+Director&a=navbl,"Egypt live-search pack. This is a live search link, not one fixed vacancy."
job-00039,Platform-Indexed Vacancy,job,Technology Director — Bayt Live Search,Egypt,Egypt,Live Job Search,Live Job Search,Technology & Consulting,Egypt,Egypt,Live / varies,Possibly Available,,,2026-07-20,Live search sorted toward newest results,Bayt,B,Recognized job platform,Platform,65,Medium,,https://www.bayt.com/en/egypt/jobs/Technology%20Director-jobs/,"Egypt live-search pack. This is a live search link, not one fixed vacancy."
job-00041,Platform-Indexed Vacancy,job,IT Strategy Manager — LinkedIn Live Search,Egypt,Egypt,Live Job Search,Live Job Search,Other Multinational & Enterprise,Egypt,Egypt,Live / varies,Possibly Available,,,2026-07-20,Live search sorted toward newest results,LinkedIn,B,Recognized job platform,Platform,62,Medium,,https://www.linkedin.com/jobs/search/?keywords=IT+Strategy+Manager&sortBy=DD&location=Egypt,"Egypt live-search pack. This is a live search link, not one fixed vacancy."
job-00042,Platform-Indexed Vacancy,job,IT Strategy Manager — Wuzzuf Live Search,Egypt,Egypt,Live Job Search,Live Job Search,Other Multinational & Enterprise,Egypt,Egypt,Live / varies,Possibly Available,,,2026-07-20,Live search sorted toward newest results,Wuzzuf,B,Recognized job platform,Platform,62,Medium,,https://wuzzuf.net/search/jobs/?q=IT+Strategy+Manager&a=navbl,"Egypt live-search pack. This is a live search link, not one fixed vacancy."
job-00043,Platform-Indexed Vacancy,job,IT Strategy Manager — Bayt Live Search,Egypt,Egypt,Live Job Search,Live Job Search,Other Multinational & Enterprise,Egypt,Egypt,Live / varies,Possibly Available,,,2026-07-20,Live search sorted toward newest results,Bayt,B,Recognized job platform,Platform,62,Medium,,https://www.bayt.com/en/egypt/jobs/IT%20Strategy%20Manager-jobs/,"Egypt live-search pack. This is a live search link, not one fixed vacancy."
job-00045,Platform-Indexed Vacancy,job,Data Architect — LinkedIn Live Search,Egypt,Egypt,Live Job Search,Live Job Search,Technology & Consulting,Egypt,Egypt,Live / varies,Possibly Available,,,2026-07-20,Live search sorted toward newest results,LinkedIn,B,Recognized job platform,Platform,60,Medium,,https://www.linkedin.com/jobs/search/?keywords=Data+Architect&sortBy=DD&location=Egypt,"Egypt live-search pack. This is a live search link, not one fixed vacancy."
job-00046,Platform-Indexed Vacancy,job,Data Architect — Wuzzuf Live Search,Egypt,Egypt,Live Job Search,Live Job Search,Technology & Consulting,Egypt,Egypt,Live / varies,Possibly Available,,,2026-07-20,Live search sorted toward newest results,Wuzzuf,B,Recognized job platform,Platform,60,Medium,,https://wuzzuf.net/search/jobs/?q=Data+Architect&a=navbl,"Egypt live-search pack. This is a live search link, not one fixed vacancy."
job-00047,Platform-Indexed Vacancy,job,Data Architect — Bayt Live Search,Egypt,Egypt,Live Job Search,Live Job Search,Technology & Consulting,Egypt,Egypt,Live / varies,Possibly Available,,,2026-07-20,Live search sorted toward newest results,Bayt,B,Recognized job platform,Platform,60,Medium,,https://www.bayt.com/en/egypt/jobs/Data%20Architect-jobs/,"Egypt live-search pack. This is a live search link, not one fixed vacancy."
job-00049,Platform-Indexed Vacancy,job,Data Governance Manager — LinkedIn Live Search,Egypt,Egypt,Live Job Search,Live Job Search,Technology & Consulting,Egypt,Egypt,Live / varies,Possibly Available,,,2026-07-20,Live search sorted toward newest results,LinkedIn,B,Recognized job platform,Platform,65,Medium,,https://www.linkedin.com/jobs/search/?keywords=Data+Governance+Manager&sortBy=DD&location=Egypt,"Egypt live-search pack. This is a live search link, not one fixed vacancy."
job-00050,Platform-Indexed Vacancy,job,Data Governance Manager — Wuzzuf Live Search,Egypt,Egypt,Live Job Search,Live Job Search,Technology & Consulting,Egypt,Egypt,Live / varies,Possibly Available,,,2026-07-20,Live search sorted toward newest results,Wuzzuf,B,Recognized job platform,Platform,65,Medium,,https://wuzzuf.net/search/jobs/?q=Data+Governance+Manager&a=navbl,"Egypt live-search pack. This is a live search link, not one fixed vacancy."
job-00051,Platform-Indexed Vacancy,job,Data Governance Manager — Bayt Live Search,Egypt,Egypt,Live Job Search,Live Job Search,Technology & Consulting,Egypt,Egypt,Live / varies,Possibly Available,,,2026-07-20,Live search sorted toward newest results,Bayt,B,Recognized job platform,Platform,65,Medium,,https://www.bayt.com/en/egypt/jobs/Data%20Governance%20Manager-jobs/,"Egypt live-search pack. This is a live search link, not one fixed vacancy."
job-00053,Platform-Indexed Vacancy,job,Chief Data Officer — LinkedIn Live Search,Egypt,Egypt,Live Job Search,Live Job Search,Technology & Consulting,Egypt,Egypt,Live / varies,Possibly Available,,,2026-07-20,Live search sorted toward newest results,LinkedIn,B,Recognized job platform,Platform,60,Medium,,https://www.linkedin.com/jobs/search/?keywords=Chief+Data+Officer&sortBy=DD&location=Egypt,"Egypt live-search pack. This is a live search link, not one fixed vacancy."
job-00054,Platform-Indexed Vacancy,job,Chief Data Officer — Wuzzuf Live Search,Egypt,Egypt,Live Job Search,Live Job Search,Technology & Consulting,Egypt,Egypt,Live / varies,Possibly Available,,,2026-07-20,Live search sorted toward newest results,Wuzzuf,B,Recognized job platform,Platform,60,Medium,,https://wuzzuf.net/search/jobs/?q=Chief+Data+Officer&a=navbl,"Egypt live-search pack. This is a live search link, not one fixed vacancy."
job-00055,Platform-Indexed Vacancy,job,Chief Data Officer — Bayt Live Search,Egypt,Egypt,Live Job Search,Live Job Search,Technology & Consulting,Egypt,Egypt,Live / varies,Possibly Available,,,2026-07-20,Live search sorted toward newest results,Bayt,B,Recognized job platform,Platform,60,Medium,,https://www.bayt.com/en/egypt/jobs/Chief%20Data%20Officer-jobs/,"Egypt live-search pack. This is a live search link, not one fixed vacancy."
job-00057,Platform-Indexed Vacancy,job,Healthcare IT Manager — LinkedIn Live Search,Egypt,Egypt,Live Job Search,Live Job Search,Healthcare & Life Sciences,Egypt,Egypt,Live / varies,Possibly Available,,,2026-07-20,Live search sorted toward newest results,LinkedIn,B,Recognized job platform,Platform,64,Medium,,https://www.linkedin.com/jobs/search/?keywords=Healthcare+IT+Manager&sortBy=DD&location=Egypt,"Egypt live-search pack. This is a live search link, not one fixed vacancy."
job-00058,Platform-Indexed Vacancy,job,Healthcare IT Manager — Wuzzuf Live Search,Egypt,Egypt,Live Job Search,Live Job Search,Healthcare & Life Sciences,Egypt,Egypt,Live / varies,Possibly Available,,,2026-07-20,Live search sorted toward newest results,Wuzzuf,B,Recognized job platform,Platform,64,Medium,,https://wuzzuf.net/search/jobs/?q=Healthcare+IT+Manager&a=navbl,"Egypt live-search pack. This is a live search link, not one fixed vacancy."
job-00059,Platform-Indexed Vacancy,job,Healthcare IT Manager — Bayt Live Search,Egypt,Egypt,Live Job Search,Live Job Search,Healthcare & Life Sciences,Egypt,Egypt,Live / varies,Possibly Available,,,2026-07-20,Live search sorted toward newest results,Bayt,B,Recognized job platform,Platform,64,Medium,,https://www.bayt.com/en/egypt/jobs/Healthcare%20IT%20Manager-jobs/,"Egypt live-search pack. This is a live search link, not one fixed vacancy."
job-00061,Platform-Indexed Vacancy,job,Health Informatics — LinkedIn Live Search,Egypt,Egypt,Live Job Search,Live Job Search,Healthcare & Life Sciences,Egypt,Egypt,Live / varies,Possibly Available,,,2026-07-20,Live search sorted toward newest results,LinkedIn,B,Recognized job platform,Platform,54,Low,,https://www.linkedin.com/jobs/search/?keywords=Health+Informatics&sortBy=DD&location=Egypt,"Egypt live-search pack. This is a live search link, not one fixed vacancy."
job-00062,Platform-Indexed Vacancy,job,Health Informatics — Wuzzuf Live Search,Egypt,Egypt,Live Job Search,Live Job Search,Healthcare & Life Sciences,Egypt,Egypt,Live / varies,Possibly Available,,,2026-07-20,Live search sorted toward newest results,Wuzzuf,B,Recognized job platform,Platform,54,Low,,https://wuzzuf.net/search/jobs/?q=Health+Informatics&a=navbl,"Egypt live-search pack. This is a live search link, not one fixed vacancy."
job-00063,Platform-Indexed Vacancy,job,Health Informatics — Bayt Live Search,Egypt,Egypt,Live Job Search,Live Job Search,Healthcare & Life Sciences,Egypt,Egypt,Live / varies,Possibly Available,,,2026-07-20,Live search sorted toward newest results,Bayt,B,Recognized job platform,Platform,54,Low,,https://www.bayt.com/en/egypt/jobs/Health%20Informatics-jobs/,"Egypt live-search pack. This is a live search link, not one fixed vacancy."
job-00065,Platform-Indexed Vacancy,job,Digital Health — LinkedIn Live Search,Egypt,Egypt,Live Job Search,Live Job Search,Healthcare & Life Sciences,Egypt,Egypt,Live / varies,Possibly Available,,,2026-07-20,Live search sorted toward newest results,LinkedIn,B,Recognized job platform,Platform,58,Low,,https://www.linkedin.com/jobs/search/?keywords=Digital+Health&sortBy=DD&location=Egypt,"Egypt live-search pack. This is a live search link, not one fixed vacancy."
job-00066,Platform-Indexed Vacancy,job,Digital Health — Wuzzuf Live Search,Egypt,Egypt,Live Job Search,Live Job Search,Healthcare & Life Sciences,Egypt,Egypt,Live / varies,Possibly Available,,,2026-07-20,Live search sorted toward newest results,Wuzzuf,B,Recognized job platform,Platform,58,Low,,https://wuzzuf.net/search/jobs/?q=Digital+Health&a=navbl,"Egypt live-search pack. This is a live search link, not one fixed vacancy."
job-00067,Platform-Indexed Vacancy,job,Digital Health — Bayt Live Search,Egypt,Egypt,Live Job Search,Live Job Search,Healthcare & Life Sciences,Egypt,Egypt,Live / varies,Possibly Available,,,2026-07-20,Live search sorted toward newest results,Bayt,B,Recognized job platform,Platform,58,Low,,https://www.bayt.com/en/egypt/jobs/Digital%20Health-jobs/,"Egypt live-search pack. This is a live search link, not one fixed vacancy."
job-00069,Platform-Indexed Vacancy,job,Technical Program Manager — LinkedIn Live Search,Egypt,Egypt,Live Job Search,Live Job Search,Other Multinational & Enterprise,Egypt,Egypt,Live / varies,Possibly Available,,,2026-07-20,Live search sorted toward newest results,LinkedIn,B,Recognized job platform,Platform,65,Medium,,https://www.linkedin.com/jobs/search/?keywords=Technical+Program+Manager&sortBy=DD&location=Egypt,"Egypt live-search pack. This is a live search link, not one fixed vacancy."
job-00070,Platform-Indexed Vacancy,job,Technical Program Manager — Wuzzuf Live Search,Egypt,Egypt,Live Job Search,Live Job Search,Other Multinational & Enterprise,Egypt,Egypt,Live / varies,Possibly Available,,,2026-07-20,Live search sorted toward newest results,Wuzzuf,B,Recognized job platform,Platform,65,Medium,,https://wuzzuf.net/search/jobs/?q=Technical+Program+Manager&a=navbl,"Egypt live-search pack. This is a live search link, not one fixed vacancy."
job-00071,Platform-Indexed Vacancy,job,Technical Program Manager — Bayt Live Search,Egypt,Egypt,Live Job Search,Live Job Search,Other Multinational & Enterprise,Egypt,Egypt,Live / varies,Possibly Available,,,2026-07-20,Live search sorted toward newest results,Bayt,B,Recognized job platform,Platform,65,Medium,,https://www.bayt.com/en/egypt/jobs/Technical%20Program%20Manager-jobs/,"Egypt live-search pack. This is a live search link, not one fixed vacancy."
job-00073,Platform-Indexed Vacancy,job,IT Portfolio Manager — LinkedIn Live Search,Egypt,Egypt,Live Job Search,Live Job Search,Supply Chain & Logistics,Egypt,Egypt,Live / varies,Possibly Available,,,2026-07-20,Live search sorted toward newest results,LinkedIn,B,Recognized job platform,Platform,58,Low,,https://www.linkedin.com/jobs/search/?keywords=IT+Portfolio+Manager&sortBy=DD&location=Egypt,"Egypt live-search pack. This is a live search link, not one fixed vacancy."
job-00074,Platform-Indexed Vacancy,job,IT Portfolio Manager — Wuzzuf Live Search,Egypt,Egypt,Live Job Search,Live Job Search,Supply Chain & Logistics,Egypt,Egypt,Live / varies,Possibly Available,,,2026-07-20,Live search sorted toward newest results,Wuzzuf,B,Recognized job platform,Platform,58,Low,,https://wuzzuf.net/search/jobs/?q=IT+Portfolio+Manager&a=navbl,"Egypt live-search pack. This is a live search link, not one fixed vacancy."
job-00075,Platform-Indexed Vacancy,job,IT Portfolio Manager — Bayt Live Search,Egypt,Egypt,Live Job Search,Live Job Search,Supply Chain & Logistics,Egypt,Egypt,Live / varies,Possibly Available,,,2026-07-20,Live search sorted toward newest results,Bayt,B,Recognized job platform,Platform,58,Low,,https://www.bayt.com/en/egypt/jobs/IT%20Portfolio%20Manager-jobs/,"Egypt live-search pack. This is a live search link, not one fixed vacancy."
job-00077,Platform-Indexed Vacancy,job,PMO Manager — LinkedIn Live Search,Egypt,Egypt,Live Job Search,Live Job Search,Other Multinational & Enterprise,Egypt,Egypt,Live / varies,Possibly Available,,,2026-07-20,Live search sorted toward newest results,LinkedIn,B,Recognized job platform,Platform,58,Low,,https://www.linkedin.com/jobs/search/?keywords=PMO+Manager&sortBy=DD&location=Egypt,"Egypt live-search pack. This is a live search link, not one fixed vacancy."
job-00078,Platform-Indexed Vacancy,job,PMO Manager — Wuzzuf Live Search,Egypt,Egypt,Live Job Search,Live Job Search,Other Multinational & Enterprise,Egypt,Egypt,Live / varies,Possibly Available,,,2026-07-20,Live search sorted toward newest results,Wuzzuf,B,Recognized job platform,Platform,58,Low,,https://wuzzuf.net/search/jobs/?q=PMO+Manager&a=navbl,"Egypt live-search pack. This is a live search link, not one fixed vacancy."
job-00079,Platform-Indexed Vacancy,job,PMO Manager — Bayt Live Search,Egypt,Egypt,Live Job Search,Live Job Search,Other Multinational & Enterprise,Egypt,Egypt,Live / varies,Possibly Available,,,2026-07-20,Live search sorted toward newest results,Bayt,B,Recognized job platform,Platform,58,Low,,https://www.bayt.com/en/egypt/jobs/PMO%20Manager-jobs/,"Egypt live-search pack. This is a live search link, not one fixed vacancy."
job-00081,Platform-Indexed Vacancy,job,Cloud Architect — LinkedIn Live Search,Egypt,Egypt,Live Job Search,Live Job Search,Technology & Consulting,Egypt,Egypt,Live / varies,Possibly Available,,,2026-07-20,Live search sorted toward newest results,LinkedIn,B,Recognized job platform,Platform,60,Medium,,https://www.linkedin.com/jobs/search/?keywords=Cloud+Architect&sortBy=DD&location=Egypt,"Egypt live-search pack. This is a live search link, not one fixed vacancy."
job-00082,Platform-Indexed Vacancy,job,Cloud Architect — Wuzzuf Live Search,Egypt,Egypt,Live Job Search,Live Job Search,Technology & Consulting,Egypt,Egypt,Live / varies,Possibly Available,,,2026-07-20,Live search sorted toward newest results,Wuzzuf,B,Recognized job platform,Platform,60,Medium,,https://wuzzuf.net/search/jobs/?q=Cloud+Architect&a=navbl,"Egypt live-search pack. This is a live search link, not one fixed vacancy."
job-00083,Platform-Indexed Vacancy,job,Cloud Architect — Bayt Live Search,Egypt,Egypt,Live Job Search,Live Job Search,Technology & Consulting,Egypt,Egypt,Live / varies,Possibly Available,,,2026-07-20,Live search sorted toward newest results,Bayt,B,Recognized job platform,Platform,60,Medium,,https://www.bayt.com/en/egypt/jobs/Cloud%20Architect-jobs/,"Egypt live-search pack. This is a live search link, not one fixed vacancy."
job-00085,Platform-Indexed Vacancy,job,Integration Architect — LinkedIn Live Search,Egypt,Egypt,Live Job Search,Live Job Search,Other Multinational & Enterprise,Egypt,Egypt,Live / varies,Possibly Available,,,2026-07-20,Live search sorted toward newest results,LinkedIn,B,Recognized job platform,Platform,64,Medium,,https://www.linkedin.com/jobs/search/?keywords=Integration+Architect&sortBy=DD&location=Egypt,"Egypt live-search pack. This is a live search link, not one fixed vacancy."
job-00086,Platform-Indexed Vacancy,job,Integration Architect — Wuzzuf Live Search,Egypt,Egypt,Live Job Search,Live Job Search,Other Multinational & Enterprise,Egypt,Egypt,Live / varies,Possibly Available,,,2026-07-20,Live search sorted toward newest results,Wuzzuf,B,Recognized job platform,Platform,64,Medium,,https://wuzzuf.net/search/jobs/?q=Integration+Architect&a=navbl,"Egypt live-search pack. This is a live search link, not one fixed vacancy."
job-00087,Platform-Indexed Vacancy,job,Integration Architect — Bayt Live Search,Egypt,Egypt,Live Job Search,Live Job Search,Other Multinational & Enterprise,Egypt,Egypt,Live / varies,Possibly Available,,,2026-07-20,Live search sorted toward newest results,Bayt,B,Recognized job platform,Platform,64,Medium,,https://www.bayt.com/en/egypt/jobs/Integration%20Architect-jobs/,"Egypt live-search pack. This is a live search link, not one fixed vacancy."
job-00089,Platform-Indexed Vacancy,job,Enterprise Applications Manager — LinkedIn Live Search,Egypt,Egypt,Live Job Search,Live Job Search,Technology & Consulting,Egypt,Egypt,Live / varies,Possibly Available,,,2026-07-20,Live search sorted toward newest results,LinkedIn,B,Recognized job platform,Platform,62,Medium,,https://www.linkedin.com/jobs/search/?keywords=Enterprise+Applications+Manager&sortBy=DD&location=Egypt,"Egypt live-search pack. This is a live search link, not one fixed vacancy."
job-00090,Platform-Indexed Vacancy,job,Enterprise Applications Manager — Wuzzuf Live Search,Egypt,Egypt,Live Job Search,Live Job Search,Technology & Consulting,Egypt,Egypt,Live / varies,Possibly Available,,,2026-07-20,Live search sorted toward newest results,Wuzzuf,B,Recognized job platform,Platform,62,Medium,,https://wuzzuf.net/search/jobs/?q=Enterprise+Applications+Manager&a=navbl,"Egypt live-search pack. This is a live search link, not one fixed vacancy."
job-00091,Platform-Indexed Vacancy,job,Enterprise Applications Manager — Bayt Live Search,Egypt,Egypt,Live Job Search,Live Job Search,Technology & Consulting,Egypt,Egypt,Live / varies,Possibly Available,,,2026-07-20,Live search sorted toward newest results,Bayt,B,Recognized job platform,Platform,62,Medium,,https://www.bayt.com/en/egypt/jobs/Enterprise%20Applications%20Manager-jobs/,"Egypt live-search pack. This is a live search link, not one fixed vacancy."
job-00093,Platform-Indexed Vacancy,job,Cybersecurity Manager — LinkedIn Live Search,Egypt,Egypt,Live Job Search,Live Job Search,Technology & Consulting,Egypt,Egypt,Live / varies,Possibly Available,,,2026-07-20,Live search sorted toward newest results,LinkedIn,B,Recognized job platform,Platform,58,Low,,https://www.linkedin.com/jobs/search/?keywords=Cybersecurity+Manager&sortBy=DD&location=Egypt,"Egypt live-search pack. This is a live search link, not one fixed vacancy."
job-00094,Platform-Indexed Vacancy,job,Cybersecurity Manager — Wuzzuf Live Search,Egypt,Egypt,Live Job Search,Live Job Search,Technology & Consulting,Egypt,Egypt,Live / varies,Possibly Available,,,2026-07-20,Live search sorted toward newest results,Wuzzuf,B,Recognized job platform,Platform,58,Low,,https://wuzzuf.net/search/jobs/?q=Cybersecurity+Manager&a=navbl,"Egypt live-search pack. This is a live search link, not one fixed vacancy."
job-00095,Platform-Indexed Vacancy,job,Cybersecurity Manager — Bayt Live Search,Egypt,Egypt,Live Job Search,Live Job Search,Technology & Consulting,Egypt,Egypt,Live / varies,Possibly Available,,,2026-07-20,Live search sorted toward newest results,Bayt,B,Recognized job platform,Platform,58,Low,,https://www.bayt.com/en/egypt/jobs/Cybersecurity%20Manager-jobs/,"Egypt live-search pack. This is a live search link, not one fixed vacancy."
job-00097,Platform-Indexed Vacancy,job,AI Solution Architect — LinkedIn Live Search,Egypt,Egypt,Live Job Search,Live Job Search,Other Multinational & Enterprise,Egypt,Egypt,Live / varies,Possibly Available,,,2026-07-20,Live search sorted toward newest results,LinkedIn,B,Recognized job platform,Platform,62,Medium,,https://www.linkedin.com/jobs/search/?keywords=AI+Solution+Architect&sortBy=DD&location=Egypt,"Egypt live-search pack. This is a live search link, not one fixed vacancy."
job-00098,Platform-Indexed Vacancy,job,AI Solution Architect — Wuzzuf Live Search,Egypt,Egypt,Live Job Search,Live Job Search,Other Multinational & Enterprise,Egypt,Egypt,Live / varies,Possibly Available,,,2026-07-20,Live search sorted toward newest results,Wuzzuf,B,Recognized job platform,Platform,62,Medium,,https://wuzzuf.net/search/jobs/?q=AI+Solution+Architect&a=navbl,"Egypt live-search pack. This is a live search link, not one fixed vacancy."
job-00099,Platform-Indexed Vacancy,job,AI Solution Architect — Bayt Live Search,Egypt,Egypt,Live Job Search,Live Job Search,Other Multinational & Enterprise,Egypt,Egypt,Live / varies,Possibly Available,,,2026-07-20,Live search sorted toward newest results,Bayt,B,Recognized job platform,Platform,62,Medium,,https://www.bayt.com/en/egypt/jobs/AI%20Solution%20Architect-jobs/,"Egypt live-search pack. This is a live search link, not one fixed vacancy."
job-00101,Platform-Indexed Vacancy,job,Business Transformation Manager — LinkedIn Live Search,Egypt,Egypt,Live Job Search,Live Job Search,Other Multinational & Enterprise,Egypt,Egypt,Live / varies,Possibly Available,,,2026-07-20,Live search sorted toward newest results,LinkedIn,B,Recognized job platform,Platform,58,Low,,https://www.linkedin.com/jobs/search/?keywords=Business+Transformation+Manager&sortBy=DD&location=Egypt,"Egypt live-search pack. This is a live search link, not one fixed vacancy."
job-00102,Platform-Indexed Vacancy,job,Business Transformation Manager — Wuzzuf Live Search,Egypt,Egypt,Live Job Search,Live Job Search,Other Multinational & Enterprise,Egypt,Egypt,Live / varies,Possibly Available,,,2026-07-20,Live search sorted toward newest results,Wuzzuf,B,Recognized job platform,Platform,58,Low,,https://wuzzuf.net/search/jobs/?q=Business+Transformation+Manager&a=navbl,"Egypt live-search pack. This is a live search link, not one fixed vacancy."
job-00103,Platform-Indexed Vacancy,job,Business Transformation Manager — Bayt Live Search,Egypt,Egypt,Live Job Search,Live Job Search,Other Multinational & Enterprise,Egypt,Egypt,Live / varies,Possibly Available,,,2026-07-20,Live search sorted toward newest results,Bayt,B,Recognized job platform,Platform,58,Low,,https://www.bayt.com/en/egypt/jobs/Business%20Transformation%20Manager-jobs/,"Egypt live-search pack. This is a live search link, not one fixed vacancy."
job-00105,Platform-Indexed Vacancy,job,ServiceNow Architect — LinkedIn Live Search,Egypt,Egypt,Live Job Search,Live Job Search,Other Multinational & Enterprise,Egypt,Egypt,Live / varies,Possibly Available,,,2026-07-20,Live search sorted toward newest results,LinkedIn,B,Recognized job platform,Platform,58,Low,,https://www.linkedin.com/jobs/search/?keywords=ServiceNow+Architect&sortBy=DD&location=Egypt,"Egypt live-search pack. This is a live search link, not one fixed vacancy."
job-00106,Platform-Indexed Vacancy,job,ServiceNow Architect — Wuzzuf Live Search,Egypt,Egypt,Live Job Search,Live Job Search,Other Multinational & Enterprise,Egypt,Egypt,Live / varies,Possibly Available,,,2026-07-20,Live search sorted toward newest results,Wuzzuf,B,Recognized job platform,Platform,58,Low,,https://wuzzuf.net/search/jobs/?q=ServiceNow+Architect&a=navbl,"Egypt live-search pack. This is a live search link, not one fixed vacancy."
job-00107,Platform-Indexed Vacancy,job,ServiceNow Architect — Bayt Live Search,Egypt,Egypt,Live Job Search,Live Job Search,Other Multinational & Enterprise,Egypt,Egypt,Live / varies,Possibly Available,,,2026-07-20,Live search sorted toward newest results,Bayt,B,Recognized job platform,Platform,58,Low,,https://www.bayt.com/en/egypt/jobs/ServiceNow%20Architect-jobs/,"Egypt live-search pack. This is a live search link, not one fixed vacancy."
job-00109,Platform-Indexed Vacancy,job,ERP Program Manager — LinkedIn Live Search,Egypt,Egypt,Live Job Search,Live Job Search,Other Multinational & Enterprise,Egypt,Egypt,Live / varies,Possibly Available,,,2026-07-20,Live search sorted toward newest results,LinkedIn,B,Recognized job platform,Platform,64,Medium,,https://www.linkedin.com/jobs/search/?keywords=ERP+Program+Manager&sortBy=DD&location=Egypt,"Egypt live-search pack. This is a live search link, not one fixed vacancy."
job-00110,Platform-Indexed Vacancy,job,ERP Program Manager — Wuzzuf Live Search,Egypt,Egypt,Live Job Search,Live Job Search,Other Multinational & Enterprise,Egypt,Egypt,Live / varies,Possibly Available,,,2026-07-20,Live search sorted toward newest results,Wuzzuf,B,Recognized job platform,Platform,64,Medium,,https://wuzzuf.net/search/jobs/?q=ERP+Program+Manager&a=navbl,"Egypt live-search pack. This is a live search link, not one fixed vacancy."
job-00111,Platform-Indexed Vacancy,job,ERP Program Manager — Bayt Live Search,Egypt,Egypt,Live Job Search,Live Job Search,Other Multinational & Enterprise,Egypt,Egypt,Live / varies,Possibly Available,,,2026-07-20,Live search sorted toward newest results,Bayt,B,Recognized job platform,Platform,64,Medium,,https://www.bayt.com/en/egypt/jobs/ERP%20Program%20Manager-jobs/,"Egypt live-search pack. This is a live search link, not one fixed vacancy."
job-00113,Platform-Indexed Vacancy,job,ICT Manager — LinkedIn Live Search,Egypt,Egypt,Live Job Search,Live Job Search,Other Multinational & Enterprise,Egypt,Egypt,Live / varies,Possibly Available,,,2026-07-20,Live search sorted toward newest results,LinkedIn,B,Recognized job platform,Platform,58,Low,,https://www.linkedin.com/jobs/search/?keywords=ICT+Manager&sortBy=DD&location=Egypt,"Egypt live-search pack. This is a live search link, not one fixed vacancy."
job-00114,Platform-Indexed Vacancy,job,ICT Manager — Wuzzuf Live Search,Egypt,Egypt,Live Job Search,Live Job Search,Other Multinational & Enterprise,Egypt,Egypt,Live / varies,Possibly Available,,,2026-07-20,Live search sorted toward newest results,Wuzzuf,B,Recognized job platform,Platform,58,Low,,https://wuzzuf.net/search/jobs/?q=ICT+Manager&a=navbl,"Egypt live-search pack. This is a live search link, not one fixed vacancy."
job-00115,Platform-Indexed Vacancy,job,ICT Manager — Bayt Live Search,Egypt,Egypt,Live Job Search,Live Job Search,Other Multinational & Enterprise,Egypt,Egypt,Live / varies,Possibly Available,,,2026-07-20,Live search sorted toward newest results,Bayt,B,Recognized job platform,Platform,58,Low,,https://www.bayt.com/en/egypt/jobs/ICT%20Manager-jobs/,"Egypt live-search pack. This is a live search link, not one fixed vacancy."
job-00117,Platform-Indexed Vacancy,job,AI Solution Architect,CodeNinja,CodeNinja,Solution Architecture,Solution Architecture,Other Multinational & Enterprise,Egypt,Egypt,Remote,Expired,,,2026-07-20,2026-07-12,Workable,A,Official / primary source,Official,64,Medium,,https://jobs.workable.com/view/2LNtkwJTBYeMQNxCZNYQii/remote-ai-solution-architect-in-egypt-at-codeninja,Remote Egypt
job-00118,Platform-Indexed Vacancy,job,Eskadenia Solutions Architect,Müller’s Solutions,Müller’s Solutions,Solution Architecture,Solution Architecture,Other Multinational & Enterprise,Egypt,Egypt,Cairo / Remote,Expired,,,2026-07-20,2026-07-16,Workable,A,Official / primary source,Official,64,Medium,,https://jobs.workable.com/view/gBESCNVFPomv8EGGT9en18/remote-eskadenia-solutions-architect-in-cairo-at-m%C3%BCller%60s-solutions,Remote Cairo
job-00119,Platform-Indexed Vacancy,job,AWS Cloud Solution Architect (CDK Support),SSC HR Solutions,SSC HR Solutions,Solution Architecture,Solution Architecture,Supply Chain & Logistics,Egypt,Egypt,New Cairo / Hybrid,Expired,,,2026-07-20,2026-07-12,Workable,A,Official / primary source,Official,65,Medium,,https://jobs.workable.com/view/jX9DuPw6foy5n8FWKmrB1U/hybrid-aws-cloud-solution-architect-%28cdk-support%29-in-new-cairo-city-at-ssc-hr-solutions,Hybrid New Cairo
job-00120,Platform-Indexed Vacancy,job,Oracle EPM Principal Consultant,Talent 360,Talent 360,Enterprise Applications & Software,Enterprise Applications & Software,Technology & Consulting,Egypt,Egypt,Maadi / Hybrid,Expired,,,2026-07-20,2026-06-21,Workable,A,Official / primary source,Official,62,Medium,,https://jobs.workable.com/view/tsxMuHXXa1DbK4RGUPVVMk/hybrid-oracle-epm-principle-consultant-in-maadi-at-talent-360.me,Hybrid Maadi
job-00121,Platform-Indexed Vacancy,job,Sitecore Solution Architect (XM Cloud),Arcsen,Arcsen,Solution Architecture,Solution Architecture,Technology & Consulting,Egypt,Egypt,Maadi / Hybrid,Expired,,,2026-07-20,2026-06-23,Workable,A,Official / primary source,Official,65,Medium,,https://jobs.workable.com/view/vrEjNQyZvDiNRzx2vGmZkj/hybrid-sitecore-solution-architect-%28xm-cloud%29-in-maadi-at-arcsen,Hybrid Maadi
job-00122,Platform-Indexed Vacancy,job,"Enterprise Architect, Planning",Coca-Cola HBC,Coca-Cola HBC,Enterprise Architecture,Enterprise Architecture,Technology & Consulting,Egypt,Egypt,Cairo,Expired,,,2026-07-20,Posted July 2026,LinkedIn,B,Recognized job platform,Platform,67,Medium,,https://www.linkedin.com/jobs/view/4436716196/,Verify listing remains open
job-00123,Platform-Indexed Vacancy,job,"Enterprise Architect, Commercial",Coca-Cola HBC,Coca-Cola HBC,Enterprise Architecture,Enterprise Architecture,Technology & Consulting,Egypt,Egypt,Cairo,Expired,,,2026-07-20,Posted July 2026,LinkedIn,B,Recognized job platform,Platform,67,Medium,,https://eg.linkedin.com/jobs/view/enterprise-architect-commercial-at-coca-cola-hbc-4436710502,Verify listing remains open
job-00124,Platform-Indexed Vacancy,job,Platform Architect - Manufacturing & Maintenance,Coca-Cola HBC,Coca-Cola HBC,Enterprise Architecture,Enterprise Architecture,Technology & Consulting,Egypt,Egypt,Cairo,Expired,,,2026-07-20,Listing page available,LinkedIn,B,Recognized job platform,Platform,67,Medium,,https://www.linkedin.com/jobs/view/4359796643/,SAP S/4HANA and manufacturing experience
job-00125,Platform-Indexed Vacancy,job,Platform Architect - Employee Experience,Coca-Cola HBC,Coca-Cola HBC,Enterprise Architecture,Enterprise Architecture,Technology & Consulting,Egypt,Egypt,New Cairo,Expired,,,2026-07-20,Recent listing,LinkedIn,B,Recognized job platform,Platform,67,Medium,,https://www.linkedin.com/jobs/view/4413403409/,"SharePoint, Viva and Workday experience"
job-00126,Platform-Indexed Vacancy,job,Enterprise Security Architect,Banque Misr,Banque Misr,Cybersecurity & Security Architecture,Cybersecurity & Security Architecture,Technology & Consulting,Egypt,Egypt,Cairo,Expired,,,2026-07-20,Listing page available; checked 18 Jul 2026,LinkedIn,B,Recognized job platform,Platform,64,Medium,,https://www.linkedin.com/jobs/view/4356370310/,Senior security architecture profile
job-00127,Platform-Indexed Vacancy,job,Digital Technology & IT Manager,The Translation Gate,The Translation Gate,IT Leadership & Management,IT Leadership & Management,Technology & Consulting,Egypt,Egypt,"Maadi, Cairo",Expired,,,2026-07-20,Listing page available; checked 18 Jul 2026,LinkedIn,B,Recognized job platform,Platform,58,Low,,https://www.linkedin.com/jobs/view/4358822123/,Strategic technology leadership role
job-00128,Platform-Indexed Vacancy,job,Digital Transformation Architect,Orascom Development Egypt,Orascom Development Egypt,Digital Transformation & Strategy,Digital Transformation & Strategy,Technology & Consulting,Egypt,Egypt,Cairo,Expired,,,2026-07-20,Listing page available; checked 18 Jul 2026,LinkedIn,B,Recognized job platform,Platform,62,Medium,,https://www.linkedin.com/jobs/view/4378177523/,Verify detailed eligibility
job-00129,Platform-Indexed Vacancy,job,Digital Transformation Manager - C# / .NET Consultant,Goahead Consulting,Goahead Consulting,Digital Transformation & Strategy,Digital Transformation & Strategy,Technology & Consulting,Egypt,Egypt,Cairo,Expired,,,2026-07-20,Listing page available,LinkedIn,B,Recognized job platform,Platform,64,Medium,,https://eg.linkedin.com/jobs/view/digital-transformation-manager-c%23-dot-net-consultant-at-goahead-consulting-4108792756,On-site; .NET consulting background
job-00130,Platform-Indexed Vacancy,job,"Manager, Digitalization",Juhayna Food Industries,Juhayna Food Industries,Digital Transformation & Strategy,Digital Transformation & Strategy,Technology & Consulting,Egypt,Egypt,Sheikh Zayed / Giza,Expired,,,2026-07-20,Listing page available,LinkedIn,B,Recognized job platform,Platform,62,Medium,,https://eg.linkedin.com/jobs/view/manager-digitalization-at-juhayna-food-industries-4371440973,Industry 4.0 and manufacturing digitalization
job-00131,Platform-Indexed Vacancy,job,Digital Transformation Governance Senior Executive,GB Corp,GB Corp,Digital Transformation & Strategy,Digital Transformation & Strategy,Technology & Consulting,Egypt,Egypt,Giza,Expired,,,2026-07-20,Recent listing,LinkedIn,B,Recognized job platform,Platform,62,Medium,,https://www.linkedin.com/jobs/view/4418678029/,Governance and transformation experience
job-00132,Platform-Indexed Vacancy,job,AI & Agile Transformation Head,Crédit Agricole Egypt,Crédit Agricole Egypt,Digital Transformation & Strategy,Digital Transformation & Strategy,Technology & Consulting,Egypt,Egypt,Cairo,Expired,,,2026-07-20,Posted July 2026,LinkedIn,B,Recognized job platform,Platform,62,Medium,,https://www.linkedin.com/jobs/view/4439740212/,Executive transformation profile
job-00133,Platform-Indexed Vacancy,job,Operational Excellence & Digitalization Director,The Coca-Cola Company,The Coca-Cola Company,Digital Transformation & Strategy,Digital Transformation & Strategy,Technology & Consulting,Egypt,Egypt,Cairo,Expired,,,2026-07-20,Recent listing,LinkedIn,B,Recognized job platform,Platform,65,Medium,,https://www.linkedin.com/jobs/view/4402634138/,Director-level operational excellence experience
job-00134,Platform-Indexed Vacancy,job,Senior Consultant - Transformation Architecture,EY,EY,Other Technology Role,Other Technology Role,Technology & Consulting,Egypt,Egypt,Cairo,Expired,,,2026-07-20,Recent listing,LinkedIn,B,Recognized job platform,Platform,60,Medium,,https://www.linkedin.com/jobs/view/senior-consultant-transformation-architecture-business-transformation-egypt-at-ey-4413619229,Consulting experience preferred
job-00135,Platform-Indexed Vacancy,job,Senior Data Architect,SDG Group Middle East,SDG Group Middle East,Data Architecture & Governance,Data Architecture & Governance,Technology & Consulting,Egypt,Egypt,Cairo,Expired,,,2026-07-20,Posted July 2026,LinkedIn,B,Recognized job platform,Platform,64,Medium,,https://www.linkedin.com/jobs/view/4434534683/,Senior data architecture experience
job-00136,Platform-Indexed Vacancy,job,Senior Data Governance Specialist,SDG Group Middle East,SDG Group Middle East,Data Architecture & Governance,Data Architecture & Governance,Technology & Consulting,Egypt,Egypt,Cairo,Expired,,,2026-07-20,Posted July 2026,LinkedIn,B,Recognized job platform,Platform,67,Medium,,https://www.linkedin.com/jobs/view/4434543511/,Hands-on governance implementation
job-00137,Platform-Indexed Vacancy,job,Data Governance Lead,Intellias,Intellias,Data Architecture & Governance,Data Architecture & Governance,Technology & Consulting,Egypt,Egypt,Cairo,Expired,,,2026-07-20,Posted 29 Jun 2026,LinkedIn,B,Recognized job platform,Platform,67,Medium,,https://www.linkedin.com/jobs/view/4429998727/,Governance frameworks and data catalog experience
job-00138,Platform-Indexed Vacancy,job,Data Management Lead,SILO HUB,SILO HUB,Data Architecture & Governance,Data Architecture & Governance,Technology & Consulting,Egypt,Egypt,Heliopolis / Cairo,Expired,,,2026-07-20,Posted July 2026,LinkedIn,B,Recognized job platform,Platform,67,Medium,,https://www.linkedin.com/jobs/view/4439744047/,Enterprise data strategy and stewardship
job-00139,Platform-Indexed Vacancy,job,Data Privacy Specialist,Majid Al Futtaim,Majid Al Futtaim,Data Architecture & Governance,Data Architecture & Governance,Technology & Consulting,Egypt,Egypt,Cairo,Expired,,,2026-07-20,Posted July 2026,LinkedIn,B,Recognized job platform,Platform,64,Medium,,https://www.linkedin.com/jobs/view/4440268003/,Privacy and compliance background
job-00140,Platform-Indexed Vacancy,job,Commercial Data Operations Manager,AstraZeneca,AstraZeneca,Data & Analytics,Data & Analytics,Technology & Consulting,Egypt,Egypt,Cairo,Expired,,,2026-07-20,Listing page available,LinkedIn,B,Recognized job platform,Platform,62,Medium,,https://www.linkedin.com/jobs/view/4369159420/,Commercial data operations experience
job-00141,Platform-Indexed Vacancy,job,Data Privacy Partner - Egypt,AstraZeneca,AstraZeneca,Data Architecture & Governance,Data Architecture & Governance,Technology & Consulting,Egypt,Egypt,Cairo,Expired,,,2026-07-20,Listing page available,LinkedIn,B,Recognized job platform,Platform,64,Medium,,https://www.linkedin.com/jobs/view/4408675290/,Privacy and regulatory background
job-00142,Platform-Indexed Vacancy,job,"Regulatory Data Coordinator, Senior Associate",Pfizer,Pfizer,Data Architecture & Governance,Data Architecture & Governance,Technology & Consulting,Egypt,Egypt,Cairo,Expired,,,2026-07-20,Listing page available,LinkedIn,B,Recognized job platform,Platform,64,Medium,,https://www.linkedin.com/jobs/view/4340386487/,Regulatory data and master-data experience
job-00143,Platform-Indexed Vacancy,job,Principal AI Platform / Agentic AI Architect,Intellias,Intellias,"AI, Data Science & Governance","AI, Data Science & Governance",Technology & Consulting,Egypt,Egypt,Cairo,Expired,,,2026-07-20,Posted July 2026,LinkedIn,B,Recognized job platform,Platform,62,Medium,,https://www.linkedin.com/jobs/view/4440528085/,Principal-level AI platform experience
job-00144,Platform-Indexed Vacancy,job,Senior AI Governance,BBI,BBI,"AI, Data Science & Governance","AI, Data Science & Governance",Technology & Consulting,Egypt,Egypt,Cairo,Expired,,,2026-07-20,Posted July 2026,LinkedIn,B,Recognized job platform,Platform,60,Medium,,https://www.linkedin.com/jobs/view/4434827215/,AI governance and risk experience
job-00145,Platform-Indexed Vacancy,job,Solutions Architect,QNBeyond Plus,QNBeyond Plus,Solution Architecture,Solution Architecture,Other Multinational & Enterprise,Egypt,Egypt,Cairo,Expired,,,2026-07-20,Posted July 2026,LinkedIn,B,Recognized job platform,Platform,64,Medium,,https://www.linkedin.com/jobs/view/4437226292/,Verify detailed technical stack
job-00146,Platform-Indexed Vacancy,job,Program Manager / Head of PMO,QNBeyond Plus,QNBeyond Plus,"Program, Project & Delivery Management","Program, Project & Delivery Management",Other Multinational & Enterprise,Egypt,Egypt,Cairo,Expired,,,2026-07-20,Posted July 2026,LinkedIn,B,Recognized job platform,Platform,64,Medium,,https://www.linkedin.com/jobs/view/4437221415/,PMO establishment and governance experience
job-00147,Platform-Indexed Vacancy,job,Project Manager - CRM,QNBeyond Plus,QNBeyond Plus,"Program, Project & Delivery Management","Program, Project & Delivery Management",Other Multinational & Enterprise,Egypt,Egypt,Cairo,Expired,,,2026-07-20,Posted July 2026,LinkedIn,B,Recognized job platform,Platform,60,Medium,,https://www.linkedin.com/jobs/view/4437221417/,CRM implementation experience
job-00148,Platform-Indexed Vacancy,job,Project Manager - Core Banking,QNB Egypt,QNB Egypt,"Program, Project & Delivery Management","Program, Project & Delivery Management",Financial Services,Egypt,Egypt,Cairo,Expired,,,2026-07-20,Posted July 2026,LinkedIn,B,Recognized job platform,Platform,60,Medium,,https://www.linkedin.com/jobs/view/4437222427/,Core-banking project experience
job-00149,Platform-Indexed Vacancy,job,Solution Architect,Ericsson,Ericsson,Solution Architecture,Solution Architecture,Technology & Consulting,Egypt,Egypt,Smart Village / Cairo,Expired,,,2026-07-20,Posted July 2026,LinkedIn,B,Recognized job platform,Platform,64,Medium,,https://www.linkedin.com/jobs/view/4439895071/,Telecom solution architecture experience
job-00150,Platform-Indexed Vacancy,job,Senior Solution Architect - Telecom & Network Services,Tech Mahindra,Tech Mahindra,Solution Architecture,Solution Architecture,Technology & Consulting,Egypt,Egypt,Cairo,Expired,,,2026-07-20,Posted July 2026,LinkedIn,B,Recognized job platform,Platform,64,Medium,,https://www.linkedin.com/jobs/view/4439869381/,Senior telecom architecture background
job-00151,Platform-Indexed Vacancy,job,Data Architecture Senior Tech Lead,Vodafone,Vodafone,Data Architecture & Governance,Data Architecture & Governance,Technology & Consulting,Egypt,Egypt,Giza,Expired,,,2026-07-20,Posted July 2026,LinkedIn,B,Recognized job platform,Platform,64,Medium,,https://www.linkedin.com/jobs/view/4435912448/,Senior data-platform leadership
job-00152,Platform-Indexed Vacancy,job,Senior Modern Workplace Solutions Architect,CareersTech.Hub,CareersTech.Hub,Solution Architecture,Solution Architecture,Automotive & Mobility,Egypt,Egypt,Cairo,Expired,,,2026-07-20,Posted July 2026,LinkedIn,B,Recognized job platform,Platform,64,Medium,,https://www.linkedin.com/jobs/view/4435659594/,Microsoft modern-workplace architecture
job-00153,Platform-Indexed Vacancy,job,Salesforce Architect,Cloud 11,Cloud 11,Solution Architecture,Solution Architecture,Technology & Consulting,Egypt,Egypt,Cairo,Expired,,,2026-07-20,Posted July 2026,LinkedIn,B,Recognized job platform,Platform,65,Medium,,https://www.linkedin.com/jobs/view/4435986280/,Salesforce architecture experience
job-00154,Platform-Indexed Vacancy,job,Data Solutions Presales Architect - English & French,Hewlett Packard Enterprise,Hewlett Packard Enterprise,Solution Architecture,Solution Architecture,Technology & Consulting,Egypt,Egypt,Cairo,Expired,,,2026-07-20,Listing page available,LinkedIn,B,Recognized job platform,Platform,69,Medium,,https://www.linkedin.com/jobs/view/4340103624/,English and French required
job-00155,Platform-Indexed Vacancy,job,IT Release and Change Management,TP,TP,IT Governance & Service Management,IT Governance & Service Management,Other Multinational & Enterprise,Egypt,Egypt,"Maadi, Cairo",Expired,,,2026-07-20,Posted July 2026,LinkedIn,B,Recognized job platform,Platform,55,Low,,https://www.linkedin.com/jobs/view/4437761549/,Release and change-management experience
job-00156,Platform-Indexed Vacancy,job,IT Operations Specialist,LEONI Egypt,LEONI Egypt,"Cloud, Infrastructure & IT Operations","Cloud, Infrastructure & IT Operations",Technology & Consulting,Egypt,Egypt,"Nasr City, Cairo",Expired,,,2026-07-20,Posted July 2026,LinkedIn,B,Recognized job platform,Platform,55,Low,,https://www.linkedin.com/jobs/view/4438992068/,Operations-focused role
job-00157,Platform-Indexed Vacancy,job,IT Analyst,Orange Business,Orange Business,"Cloud, Infrastructure & IT Operations","Cloud, Infrastructure & IT Operations",Technology & Consulting,Egypt,Egypt,Cairo,Expired,,,2026-07-20,Posted July 2026,LinkedIn,B,Recognized job platform,Platform,55,Low,,https://www.linkedin.com/jobs/view/4440234866/,Verify detailed requirements
job-00158,Platform-Indexed Vacancy,job,Information & Technology Coordinator,Marriott International,Marriott International,"Cloud, Infrastructure & IT Operations","Cloud, Infrastructure & IT Operations",Technology & Consulting,Egypt,Egypt,Cairo,Expired,,,2026-07-20,Posted July 2026,LinkedIn,B,Recognized job platform,Platform,22,Low,,https://www.linkedin.com/jobs/view/4437949614/,Hotel IT operations role
job-00159,Platform-Indexed Vacancy,job,"Senior Applications Solutions Engineer - Fusion HCM, Health & Life Sciences",Oracle,Oracle,Healthcare IT & Digital Health,Healthcare IT & Digital Health,Healthcare & Life Sciences,Egypt,Egypt,Egypt,Expired,,,2026-07-20,Listing page available,LinkedIn,B,Recognized job platform,Platform,65,Medium,,https://www.linkedin.com/jobs/view/4361889046/,Oracle Fusion and presales expertise
job-00160,Platform-Indexed Vacancy,job,Web Portal Support Specialist - Tech,Mediconsult,Mediconsult,Healthcare IT & Digital Health,Healthcare IT & Digital Health,Healthcare & Life Sciences,Egypt,Egypt,Giza,Expired,,,2026-07-20,Listing page available,LinkedIn,B,Recognized job platform,Platform,62,Medium,,https://www.linkedin.com/jobs/view/4346231591/,Portal support role
job-00161,Platform-Indexed Vacancy,job,Project Manager / Senior Project Manager,RSA Security,RSA Security,Cybersecurity & Security Architecture,Cybersecurity & Security Architecture,Technology & Consulting,Egypt,Egypt,Cairo,Expired,,,2026-07-20,Posted July 2026,LinkedIn,B,Recognized job platform,Platform,60,Medium,,https://www.linkedin.com/jobs/view/4440536994/,Professional-services delivery experience
job-00162,Platform-Indexed Vacancy,job,Technical Delivery Manager,Beetleware,Beetleware,"Program, Project & Delivery Management","Program, Project & Delivery Management",Other Multinational & Enterprise,Egypt,Egypt,Cairo,Expired,,,2026-07-20,Posted July 2026,LinkedIn,B,Recognized job platform,Platform,62,Medium,,https://www.linkedin.com/jobs/view/4438472898/,Technical delivery leadership
job-00163,Platform-Indexed Vacancy,job,Information Technology Manager,SolutionMall,SolutionMall,IT Leadership & Management,IT Leadership & Management,Technology & Consulting,Egypt,Egypt,Cairo,Expired,,,2026-07-20,Listing page available,LinkedIn,B,Recognized job platform,Platform,58,Low,,https://www.linkedin.com/jobs/view/information-technology-manager-at-solutionmall-4392852334,Verify company and detailed scope
job-00164,Platform-Indexed Vacancy,job,Information & Technology Supervisor,Marriott International,Marriott International,"Cloud, Infrastructure & IT Operations","Cloud, Infrastructure & IT Operations",Healthcare & Life Sciences,Egypt,Egypt,Cairo,Expired,,,2026-07-20,Posted July 2026,LinkedIn,B,Recognized job platform,Platform,22,Low,,https://www.linkedin.com/jobs/view/4437951378/,Hospitality IT operations
job-00165,Platform-Indexed Vacancy,job,SAP Solution Architect - Integrated Order Management,Coca-Cola HBC,Coca-Cola HBC,Solution Architecture,Solution Architecture,Other Multinational & Enterprise,Egypt,Egypt,Cairo,Expired,,,2026-07-20,Older listing page; verify status,LinkedIn,B,Recognized job platform,Platform,64,Medium,,https://www.linkedin.com/jobs/view/4380330174/,SAP order-management architecture
job-00166,Platform-Indexed Vacancy,job,Solution Architect - IIoT Manufacturing,Coca-Cola HBC,Coca-Cola HBC,Solution Architecture,Solution Architecture,Energy & Infrastructure,Egypt,Egypt,New Cairo,Expired,,,2026-07-20,Older listing page; verify status,LinkedIn,B,Recognized job platform,Platform,64,Medium,,https://www.linkedin.com/jobs/view/4371841602/,Industrial IoT and manufacturing systems
job-00167,Platform-Indexed Vacancy,job,IT Enterprise Applications Architect,Confidential / LinkedIn listing,Confidential / LinkedIn listing,Enterprise Architecture,Enterprise Architecture,Technology & Consulting,Egypt,Egypt,Cairo,Expired,,,2026-07-20,Listing page available,LinkedIn,B,Recognized job platform,Platform,67,Medium,,https://www.linkedin.com/jobs/view/4397919725/,Employer details may require sign-in
job-00168,Platform-Indexed Vacancy,job,Digital Transformation Manager,CAREER141 client,CAREER141 client,Digital Transformation & Strategy,Digital Transformation & Strategy,Automotive & Mobility,Egypt,Egypt,Egypt,Expired,,,2026-07-20,Listing page available,LinkedIn,B,Recognized job platform,Platform,62,Medium,,https://lk.linkedin.com/jobs/view/digital-transformation-manager-at-career141-4340119935,Recruiter-managed role; verify employer
job-00169,Platform-Indexed Vacancy,job,System Analyst,Datamatics Technologies,Datamatics Technologies,Other Technology Role,Other Technology Role,Technology & Consulting,Egypt,Egypt,Cairo,Expired,,,2026-07-20,Posted July 2026,LinkedIn,B,Recognized job platform,Platform,55,Low,,https://www.linkedin.com/jobs/view/4435681672/,Systems-analysis role
job-00170,Platform-Indexed Vacancy,job,ERP Technical Support Specialist,dawatech,dawatech,Enterprise Applications & Software,Enterprise Applications & Software,Supply Chain & Logistics,Egypt,Egypt,Cairo,Expired,,,2026-07-20,Posted July 2026,LinkedIn,B,Recognized job platform,Platform,56,Low,,https://www.linkedin.com/jobs/view/4438176823/,ERP support role
job-00171,Platform-Indexed Vacancy,job,Enterprise Architecture Manager,Linnk Group,Linnk Group,Enterprise Architecture,Enterprise Architecture,Technology & Consulting,GCC,Saudi Arabia,Riyadh,Possibly Available,2026-07-20,,2026-07-20,Listed 6 hours ago,LinkedIn current search,B,Recognized job platform,Platform,66,Medium,,https://sa.linkedin.com/jobs/it-leadership-jobs,"Verify eligibility, deadline and work authorization on the linked source before applying."
job-00172,Platform-Indexed Vacancy,job,Principal GRC Consultant,Innovative Solutions SA,Innovative Solutions SA,Cybersecurity,Cybersecurity,Technology & Consulting,GCC,Saudi Arabia,Riyadh,Possibly Available,2026-07-19,,2026-07-20,Listed 1 day ago,LinkedIn current search,B,Recognized job platform,Platform,58,Low,,https://sa.linkedin.com/jobs/it-leadership-jobs,"Verify eligibility, deadline and work authorization on the linked source before applying."
job-00173,Platform-Indexed Vacancy,job,"Solution Architect - Senior Manager, GCC Lead",Visa,Visa,Solution Architecture,Solution Architecture,Other Multinational & Enterprise,GCC,Saudi Arabia,Riyadh,Possibly Available,2026-07-13,,2026-07-20,Listed 1 week ago,LinkedIn current search,B,Recognized job platform,Platform,63,Medium,,https://sa.linkedin.com/jobs/saudi-payments-jobs?countryRedirected=1,"Verify eligibility, deadline and work authorization on the linked source before applying."
job-00174,Platform-Indexed Vacancy,job,Digital Transformation Advisor,HUED,HUED,Digital Transformation,Digital Transformation,Technology & Consulting,GCC,Saudi Arabia,Riyadh,Possibly Available,2026-07-20,,2026-07-20,Listed 1 hour ago,LinkedIn current search,B,Recognized job platform,Platform,56,Low,,https://sa.linkedin.com/jobs/digital-transformation-advisor-jobs?countryRedirected=1,"Verify eligibility, deadline and work authorization on the linked source before applying."
job-00175,Platform-Indexed Vacancy,job,Solution Architect - Enterprise,Riyadh Air,Riyadh Air,Solution Architecture,Solution Architecture,Technology & Consulting,GCC,Saudi Arabia,Riyadh,Possibly Available,2026-07-06,,2026-07-20,Listed 2 weeks ago,LinkedIn current search,B,Recognized job platform,Platform,66,Medium,,https://sa.linkedin.com/jobs/digital-transformation-advisor-jobs?countryRedirected=1,"Verify eligibility, deadline and work authorization on the linked source before applying."
job-00176,Platform-Indexed Vacancy,job,Technology Architect,Devoteam,Devoteam,Solution Architecture,Solution Architecture,Technology & Consulting,GCC,Saudi Arabia,Riyadh,Possibly Available,2026-07-13,,2026-07-20,Listed 1 week ago,LinkedIn current search,B,Recognized job platform,Platform,63,Medium,,https://sa.linkedin.com/jobs/digital-transformation-advisor-jobs?countryRedirected=1,"Verify eligibility, deadline and work authorization on the linked source before applying."
job-00177,Platform-Indexed Vacancy,job,Solution Enterprise Architect,CoorB,CoorB,Enterprise Architecture,Enterprise Architecture,Technology & Consulting,GCC,Saudi Arabia,Riyadh,Possibly Available,2026-07-19,,2026-07-20,Listed 1 day ago,LinkedIn current search,B,Recognized job platform,Platform,66,Medium,,https://sa.linkedin.com/jobs/digital-transformation-advisor-jobs?countryRedirected=1,"Verify eligibility, deadline and work authorization on the linked source before applying."
job-00178,Platform-Indexed Vacancy,job,Enterprise Solutions Architect - Presales Expert,DXC Technology,DXC Technology,Enterprise Architecture,Enterprise Architecture,Technology & Consulting,GCC,Saudi Arabia,Riyadh,Expired,,,2026-07-20,,LinkedIn,B,Recognized job platform,Platform,66,Medium,,https://sa.linkedin.com/jobs/view/enterprise-solutions-architect-presales-expert-at-dxc-technology-4427443223,
job-00179,Platform-Indexed Vacancy,job,AI Go-to-Market Solution Architect,NTT DATA,NTT DATA,AI & Automation,AI & Automation,Technology & Consulting,GCC,Saudi Arabia,Riyadh,Possibly Available,2026-07-06,,2026-07-20,Listed 2 weeks ago,LinkedIn current search,B,Recognized job platform,Platform,63,Medium,,https://sa.linkedin.com/jobs/digital-transformation-advisor-jobs?countryRedirected=1,"Verify eligibility, deadline and work authorization on the linked source before applying."
job-00180,Platform-Indexed Vacancy,job,Manager - IT Strategy and Planning,Qiddiya,Qiddiya,IT Leadership,IT Leadership,Other Multinational & Enterprise,GCC,Saudi Arabia,Riyadh,Possibly Available,2026-07-15,,2026-07-20,Listed 5 days ago,LinkedIn current search,B,Recognized job platform,Platform,61,Medium,,https://sa.linkedin.com/jobs/digital-transformation-advisor-jobs?countryRedirected=1,"Verify eligibility, deadline and work authorization on the linked source before applying."
job-00181,Platform-Indexed Vacancy,job,Senior Manager - Enterprise Architect,Mace,Mace,Enterprise Architecture,Enterprise Architecture,Technology & Consulting,GCC,Saudi Arabia,Riyadh,Possibly Available,2026-07-15,,2026-07-20,Listed 5 days ago,LinkedIn current search,B,Recognized job platform,Platform,66,Medium,,https://sa.linkedin.com/jobs/senior-manager-consulting-services-jobs?countryRedirected=1,"Verify eligibility, deadline and work authorization on the linked source before applying."
job-00182,Platform-Indexed Vacancy,job,Principal Smart & Digital Consultant,WSP,WSP,Digital Transformation,Digital Transformation,Technology & Consulting,GCC,Saudi Arabia,Riyadh,Possibly Available,2026-07-14,,2026-07-20,Listed 6 days ago,LinkedIn current search,B,Recognized job platform,Platform,61,Medium,,https://sa.linkedin.com/jobs/senior-manager-consulting-services-jobs?countryRedirected=1,"Verify eligibility, deadline and work authorization on the linked source before applying."
job-00183,Platform-Indexed Vacancy,job,Digital Services Senior Manager,Takامل Holding,Takامل Holding,Digital Transformation,Digital Transformation,Technology & Consulting,GCC,Saudi Arabia,Riyadh,Possibly Available,2026-06-29,,2026-07-20,Listed 3 weeks ago,LinkedIn current search,B,Recognized job platform,Platform,61,Medium,,https://sa.linkedin.com/jobs/it-leadership-jobs,"Verify eligibility, deadline and work authorization on the linked source before applying."
job-00184,Platform-Indexed Vacancy,job,Enterprise Applications & Digital Transformation Manager,Sunbulah Group,Sunbulah Group,Digital Transformation,Digital Transformation,Technology & Consulting,GCC,Saudi Arabia,Jeddah,Possibly Available,2026-07-06,,2026-07-20,Listed 2 weeks ago,LinkedIn current search,B,Recognized job platform,Platform,65,Medium,,https://sa.linkedin.com/jobs/it-leadership-jobs,"Verify eligibility, deadline and work authorization on the linked source before applying."
job-00185,Platform-Indexed Vacancy,job,Smart City IT Lead Consultant,JLL,JLL,Digital Transformation,Digital Transformation,Technology & Consulting,GCC,Saudi Arabia,Riyadh,Possibly Available,2026-06-29,,2026-07-20,Listed 3 weeks ago,LinkedIn current search,B,Recognized job platform,Platform,61,Medium,,https://sa.linkedin.com/jobs/it-leadership-jobs,"Verify eligibility, deadline and work authorization on the linked source before applying."
job-00186,Platform-Indexed Vacancy,job,"Pre-Sales Solution Architect - Smart Cities, IoT & Digital Twin",Confidential,Confidential,Solution Architecture,Solution Architecture,Technology & Consulting,GCC,United Arab Emirates,Abu Dhabi,Possibly Available,2026-07-14,,2026-07-20,Listed 6 days ago,LinkedIn,B,Recognized job platform,Platform,63,Medium,,https://ae.linkedin.com/jobs/view/pre-sales-solution-architect-%E2%80%93-smart-cities-iot-digital-twin-at-confidential-4434839063,"Verify eligibility, deadline and work authorization on the linked source before applying."
job-00187,Platform-Indexed Vacancy,job,Lead Solution Architect,EWEC,EWEC,Solution Architecture,Solution Architecture,Other Multinational & Enterprise,GCC,United Arab Emirates,Abu Dhabi,Possibly Available,2026-07-20,,2026-07-20,Current listing,LinkedIn,B,Recognized job platform,Platform,63,Medium,,https://www.linkedin.com/jobs/view/4410476041/,"Verify eligibility, deadline and work authorization on the linked source before applying."
job-00188,Platform-Indexed Vacancy,job,Enterprise Solutions Architect - Presales Expert,DXC Technology,DXC Technology,Enterprise Architecture,Enterprise Architecture,Technology & Consulting,GCC,United Arab Emirates,Dubai,Possibly Available,2026-07-18,,2026-07-20,Listed 2 days ago,LinkedIn,B,Recognized job platform,Platform,66,Medium,,https://ae.linkedin.com/jobs/view/enterprise-solutions-architect-presales-expert-at-dxc-technology-4427440228,"Verify eligibility, deadline and work authorization on the linked source before applying."
job-00189,Platform-Indexed Vacancy,job,Digital Transformation Manager / Solution Architect,Union Properties / Tetra Edge,Union Properties / Tetra Edge,Digital Transformation,Digital Transformation,Technology & Consulting,GCC,United Arab Emirates,Dubai,Possibly Available,2026-07-16,,2026-07-20,Urgent hiring reposted 4 days ago,LinkedIn post,B,Recognized job platform,Platform,65,Medium,,https://ae.linkedin.com/in/mohammed-hashim-1a13665b,"Verify eligibility, deadline and work authorization on the linked source before applying."
job-00190,Platform-Indexed Vacancy,job,Enterprise and Solution Architect,Nagarro,Nagarro,Enterprise Architecture,Enterprise Architecture,Technology & Consulting,GCC,Oman,Muscat,Possibly Available,2026-07-18,,2026-07-20,Listed 2 days ago,LinkedIn,B,Recognized job platform,Platform,70,Medium,,https://om.linkedin.com/jobs/view/enterpise-and-solution-architect-at-nagarro-4436993214,"Verify eligibility, deadline and work authorization on the linked source before applying."
job-00191,Platform-Indexed Vacancy,job,Senior Presales Digital Transformation Solutions Architect,stc Kuwait,stc Kuwait,Digital Transformation,Digital Transformation,Technology & Consulting,GCC,Kuwait,Kuwait,Possibly Available,,,2026-07-20,Posted 10 Jun 2026,LinkedIn,B,Recognized job platform,Platform,61,Medium,,https://www.linkedin.com/jobs/view/4427100248/,"Verify eligibility, deadline and work authorization on the linked source before applying."
job-00192,Platform-Indexed Vacancy,job,Digital Office Manager,QAFCO,QAFCO,Digital Transformation,Digital Transformation,Technology & Consulting,GCC,Qatar,Doha,Possibly Available,2026-07-06,,2026-07-20,Listed 2 weeks ago,LinkedIn current search,B,Recognized job platform,Platform,61,Medium,,https://www.linkedin.com/jobs/aramco-digital-jobs-worldwide,"Verify eligibility, deadline and work authorization on the linked source before applying."
job-00193,Platform-Indexed Vacancy,job,"Senior Solutions Architect, MEA",GitLab,GitLab,Solution Architecture,Solution Architecture,Other Multinational & Enterprise,GCC,United Arab Emirates,Remote UAE,Possibly Available,2026-07-20,,2026-07-20,Current official jobs listing,GitLab,B,Direct organization or specialist source,Direct,63,Medium,,https://about.gitlab.com/jobs/all-jobs/,"Verify eligibility, deadline and work authorization on the linked source before applying."
job-00194,Platform-Indexed Vacancy,job,Enterprise Architect — LinkedIn Live Search,Saudi Arabia,Saudi Arabia,Live Job Search,Live Job Search,Technology & Consulting,GCC,Saudi Arabia,Live / varies,Possibly Available,,,2026-07-20,Live search sorted toward newest results,LinkedIn,B,Recognized job platform,Platform,65,Medium,,https://www.linkedin.com/jobs/search/?keywords=Enterprise+Architect&sortBy=DD&location=Saudi+Arabia,"GCC live-search pack. This is a live search link, not one fixed vacancy."
job-00195,Platform-Indexed Vacancy,job,Enterprise Architect — GulfTalent Live Search,Saudi Arabia,Saudi Arabia,Live Job Search,Live Job Search,Technology & Consulting,GCC,Saudi Arabia,Live / varies,Possibly Available,,,2026-07-20,Live search sorted toward newest results,GulfTalent,B,Recognized job platform,Platform,65,Medium,,https://www.gulftalent.com/jobs?keywords=Enterprise+Architect,"GCC live-search pack. This is a live search link, not one fixed vacancy."
job-00196,Platform-Indexed Vacancy,job,Enterprise Architect — Bayt Live Search,Saudi Arabia,Saudi Arabia,Live Job Search,Live Job Search,Technology & Consulting,GCC,Saudi Arabia,Live / varies,Possibly Available,,,2026-07-20,Live search sorted toward newest results,Bayt,B,Recognized job platform,Platform,65,Medium,,https://www.bayt.com/en/saudi-arabia/jobs/Enterprise%20Architect-jobs/,"GCC live-search pack. This is a live search link, not one fixed vacancy."
job-00197,Platform-Indexed Vacancy,job,Solution Architect — LinkedIn Live Search,Saudi Arabia,Saudi Arabia,Live Job Search,Live Job Search,Other Multinational & Enterprise,GCC,Saudi Arabia,Live / varies,Possibly Available,,,2026-07-20,Live search sorted toward newest results,LinkedIn,B,Recognized job platform,Platform,61,Medium,,https://www.linkedin.com/jobs/search/?keywords=Solution+Architect&sortBy=DD&location=Saudi+Arabia,"GCC live-search pack. This is a live search link, not one fixed vacancy."
job-00198,Platform-Indexed Vacancy,job,Solution Architect — GulfTalent Live Search,Saudi Arabia,Saudi Arabia,Live Job Search,Live Job Search,Other Multinational & Enterprise,GCC,Saudi Arabia,Live / varies,Possibly Available,,,2026-07-20,Live search sorted toward newest results,GulfTalent,B,Recognized job platform,Platform,61,Medium,,https://www.gulftalent.com/jobs?keywords=Solution+Architect,"GCC live-search pack. This is a live search link, not one fixed vacancy."
job-00199,Platform-Indexed Vacancy,job,Solution Architect — Bayt Live Search,Saudi Arabia,Saudi Arabia,Live Job Search,Live Job Search,Other Multinational & Enterprise,GCC,Saudi Arabia,Live / varies,Possibly Available,,,2026-07-20,Live search sorted toward newest results,Bayt,B,Recognized job platform,Platform,61,Medium,,https://www.bayt.com/en/saudi-arabia/jobs/Solution%20Architect-jobs/,"GCC live-search pack. This is a live search link, not one fixed vacancy."
job-00200,Platform-Indexed Vacancy,job,Digital Transformation Manager — LinkedIn Live Search,Saudi Arabia,Saudi Arabia,Live Job Search,Live Job Search,Technology & Consulting,GCC,Saudi Arabia,Live / varies,Possibly Available,,,2026-07-20,Live search sorted toward newest results,LinkedIn,B,Recognized job platform,Platform,61,Medium,,https://www.linkedin.com/jobs/search/?keywords=Digital+Transformation+Manager&sortBy=DD&location=Saudi+Arabia,"GCC live-search pack. This is a live search link, not one fixed vacancy."
job-00201,Platform-Indexed Vacancy,job,Digital Transformation Manager — GulfTalent Live Search,Saudi Arabia,Saudi Arabia,Live Job Search,Live Job Search,Technology & Consulting,GCC,Saudi Arabia,Live / varies,Possibly Available,,,2026-07-20,Live search sorted toward newest results,GulfTalent,B,Recognized job platform,Platform,61,Medium,,https://www.gulftalent.com/jobs?keywords=Digital+Transformation+Manager,"GCC live-search pack. This is a live search link, not one fixed vacancy."
job-00202,Platform-Indexed Vacancy,job,Digital Transformation Manager — Bayt Live Search,Saudi Arabia,Saudi Arabia,Live Job Search,Live Job Search,Technology & Consulting,GCC,Saudi Arabia,Live / varies,Possibly Available,,,2026-07-20,Live search sorted toward newest results,Bayt,B,Recognized job platform,Platform,61,Medium,,https://www.bayt.com/en/saudi-arabia/jobs/Digital%20Transformation%20Manager-jobs/,"GCC live-search pack. This is a live search link, not one fixed vacancy."
job-00203,Platform-Indexed Vacancy,job,IT Director — LinkedIn Live Search,Saudi Arabia,Saudi Arabia,Live Job Search,Live Job Search,Other Multinational & Enterprise,GCC,Saudi Arabia,Live / varies,Possibly Available,,,2026-07-20,Live search sorted toward newest results,LinkedIn,B,Recognized job platform,Platform,65,Medium,,https://www.linkedin.com/jobs/search/?keywords=IT+Director&sortBy=DD&location=Saudi+Arabia,"GCC live-search pack. This is a live search link, not one fixed vacancy."
job-00204,Platform-Indexed Vacancy,job,IT Director — GulfTalent Live Search,Saudi Arabia,Saudi Arabia,Live Job Search,Live Job Search,Other Multinational & Enterprise,GCC,Saudi Arabia,Live / varies,Possibly Available,,,2026-07-20,Live search sorted toward newest results,GulfTalent,B,Recognized job platform,Platform,65,Medium,,https://www.gulftalent.com/jobs?keywords=IT+Director,"GCC live-search pack. This is a live search link, not one fixed vacancy."
job-00205,Platform-Indexed Vacancy,job,IT Director — Bayt Live Search,Saudi Arabia,Saudi Arabia,Live Job Search,Live Job Search,Other Multinational & Enterprise,GCC,Saudi Arabia,Live / varies,Possibly Available,,,2026-07-20,Live search sorted toward newest results,Bayt,B,Recognized job platform,Platform,65,Medium,,https://www.bayt.com/en/saudi-arabia/jobs/IT%20Director-jobs/,"GCC live-search pack. This is a live search link, not one fixed vacancy."
job-00206,Platform-Indexed Vacancy,job,Head of Technology — LinkedIn Live Search,Saudi Arabia,Saudi Arabia,Live Job Search,Live Job Search,Technology & Consulting,GCC,Saudi Arabia,Live / varies,Possibly Available,,,2026-07-20,Live search sorted toward newest results,LinkedIn,B,Recognized job platform,Platform,58,Low,,https://www.linkedin.com/jobs/search/?keywords=Head+of+Technology&sortBy=DD&location=Saudi+Arabia,"GCC live-search pack. This is a live search link, not one fixed vacancy."
job-00207,Platform-Indexed Vacancy,job,Head of Technology — GulfTalent Live Search,Saudi Arabia,Saudi Arabia,Live Job Search,Live Job Search,Technology & Consulting,GCC,Saudi Arabia,Live / varies,Possibly Available,,,2026-07-20,Live search sorted toward newest results,GulfTalent,B,Recognized job platform,Platform,58,Low,,https://www.gulftalent.com/jobs?keywords=Head+of+Technology,"GCC live-search pack. This is a live search link, not one fixed vacancy."
job-00208,Platform-Indexed Vacancy,job,Head of Technology — Bayt Live Search,Saudi Arabia,Saudi Arabia,Live Job Search,Live Job Search,Technology & Consulting,GCC,Saudi Arabia,Live / varies,Possibly Available,,,2026-07-20,Live search sorted toward newest results,Bayt,B,Recognized job platform,Platform,58,Low,,https://www.bayt.com/en/saudi-arabia/jobs/Head%20of%20Technology-jobs/,"GCC live-search pack. This is a live search link, not one fixed vacancy."
job-00209,Platform-Indexed Vacancy,job,Technology Director — LinkedIn Live Search,Saudi Arabia,Saudi Arabia,Live Job Search,Live Job Search,Technology & Consulting,GCC,Saudi Arabia,Live / varies,Possibly Available,,,2026-07-20,Live search sorted toward newest results,LinkedIn,B,Recognized job platform,Platform,65,Medium,,https://www.linkedin.com/jobs/search/?keywords=Technology+Director&sortBy=DD&location=Saudi+Arabia,"GCC live-search pack. This is a live search link, not one fixed vacancy."
job-00210,Platform-Indexed Vacancy,job,Technology Director — GulfTalent Live Search,Saudi Arabia,Saudi Arabia,Live Job Search,Live Job Search,Technology & Consulting,GCC,Saudi Arabia,Live / varies,Possibly Available,,,2026-07-20,Live search sorted toward newest results,GulfTalent,B,Recognized job platform,Platform,65,Medium,,https://www.gulftalent.com/jobs?keywords=Technology+Director,"GCC live-search pack. This is a live search link, not one fixed vacancy."
job-00211,Platform-Indexed Vacancy,job,Technology Director — Bayt Live Search,Saudi Arabia,Saudi Arabia,Live Job Search,Live Job Search,Technology & Consulting,GCC,Saudi Arabia,Live / varies,Possibly Available,,,2026-07-20,Live search sorted toward newest results,Bayt,B,Recognized job platform,Platform,65,Medium,,https://www.bayt.com/en/saudi-arabia/jobs/Technology%20Director-jobs/,"GCC live-search pack. This is a live search link, not one fixed vacancy."
job-00212,Platform-Indexed Vacancy,job,IT Strategy Manager — LinkedIn Live Search,Saudi Arabia,Saudi Arabia,Live Job Search,Live Job Search,Other Multinational & Enterprise,GCC,Saudi Arabia,Live / varies,Possibly Available,,,2026-07-20,Live search sorted toward newest results,LinkedIn,B,Recognized job platform,Platform,61,Medium,,https://www.linkedin.com/jobs/search/?keywords=IT+Strategy+Manager&sortBy=DD&location=Saudi+Arabia,"GCC live-search pack. This is a live search link, not one fixed vacancy."
job-00213,Platform-Indexed Vacancy,job,IT Strategy Manager — GulfTalent Live Search,Saudi Arabia,Saudi Arabia,Live Job Search,Live Job Search,Other Multinational & Enterprise,GCC,Saudi Arabia,Live / varies,Possibly Available,,,2026-07-20,Live search sorted toward newest results,GulfTalent,B,Recognized job platform,Platform,61,Medium,,https://www.gulftalent.com/jobs?keywords=IT+Strategy+Manager,"GCC live-search pack. This is a live search link, not one fixed vacancy."
job-00214,Platform-Indexed Vacancy,job,IT Strategy Manager — Bayt Live Search,Saudi Arabia,Saudi Arabia,Live Job Search,Live Job Search,Other Multinational & Enterprise,GCC,Saudi Arabia,Live / varies,Possibly Available,,,2026-07-20,Live search sorted toward newest results,Bayt,B,Recognized job platform,Platform,61,Medium,,https://www.bayt.com/en/saudi-arabia/jobs/IT%20Strategy%20Manager-jobs/,"GCC live-search pack. This is a live search link, not one fixed vacancy."
job-00215,Platform-Indexed Vacancy,job,Data Architect — LinkedIn Live Search,Saudi Arabia,Saudi Arabia,Live Job Search,Live Job Search,Technology & Consulting,GCC,Saudi Arabia,Live / varies,Possibly Available,,,2026-07-20,Live search sorted toward newest results,LinkedIn,B,Recognized job platform,Platform,59,Low,,https://www.linkedin.com/jobs/search/?keywords=Data+Architect&sortBy=DD&location=Saudi+Arabia,"GCC live-search pack. This is a live search link, not one fixed vacancy."
job-00216,Platform-Indexed Vacancy,job,Data Architect — GulfTalent Live Search,Saudi Arabia,Saudi Arabia,Live Job Search,Live Job Search,Technology & Consulting,GCC,Saudi Arabia,Live / varies,Possibly Available,,,2026-07-20,Live search sorted toward newest results,GulfTalent,B,Recognized job platform,Platform,59,Low,,https://www.gulftalent.com/jobs?keywords=Data+Architect,"GCC live-search pack. This is a live search link, not one fixed vacancy."
job-00217,Platform-Indexed Vacancy,job,Data Architect — Bayt Live Search,Saudi Arabia,Saudi Arabia,Live Job Search,Live Job Search,Technology & Consulting,GCC,Saudi Arabia,Live / varies,Possibly Available,,,2026-07-20,Live search sorted toward newest results,Bayt,B,Recognized job platform,Platform,59,Low,,https://www.bayt.com/en/saudi-arabia/jobs/Data%20Architect-jobs/,"GCC live-search pack. This is a live search link, not one fixed vacancy."
job-00218,Platform-Indexed Vacancy,job,Data Governance Manager — LinkedIn Live Search,Saudi Arabia,Saudi Arabia,Live Job Search,Live Job Search,Technology & Consulting,GCC,Saudi Arabia,Live / varies,Possibly Available,,,2026-07-20,Live search sorted toward newest results,LinkedIn,B,Recognized job platform,Platform,65,Medium,,https://www.linkedin.com/jobs/search/?keywords=Data+Governance+Manager&sortBy=DD&location=Saudi+Arabia,"GCC live-search pack. This is a live search link, not one fixed vacancy."
job-00219,Platform-Indexed Vacancy,job,Data Governance Manager — GulfTalent Live Search,Saudi Arabia,Saudi Arabia,Live Job Search,Live Job Search,Technology & Consulting,GCC,Saudi Arabia,Live / varies,Possibly Available,,,2026-07-20,Live search sorted toward newest results,GulfTalent,B,Recognized job platform,Platform,65,Medium,,https://www.gulftalent.com/jobs?keywords=Data+Governance+Manager,"GCC live-search pack. This is a live search link, not one fixed vacancy."
job-00220,Platform-Indexed Vacancy,job,Data Governance Manager — Bayt Live Search,Saudi Arabia,Saudi Arabia,Live Job Search,Live Job Search,Technology & Consulting,GCC,Saudi Arabia,Live / varies,Possibly Available,,,2026-07-20,Live search sorted toward newest results,Bayt,B,Recognized job platform,Platform,65,Medium,,https://www.bayt.com/en/saudi-arabia/jobs/Data%20Governance%20Manager-jobs/,"GCC live-search pack. This is a live search link, not one fixed vacancy."
job-00221,Platform-Indexed Vacancy,job,Chief Data Officer — LinkedIn Live Search,Saudi Arabia,Saudi Arabia,Live Job Search,Live Job Search,Technology & Consulting,GCC,Saudi Arabia,Live / varies,Possibly Available,,,2026-07-20,Live search sorted toward newest results,LinkedIn,B,Recognized job platform,Platform,59,Low,,https://www.linkedin.com/jobs/search/?keywords=Chief+Data+Officer&sortBy=DD&location=Saudi+Arabia,"GCC live-search pack. This is a live search link, not one fixed vacancy."
job-00222,Platform-Indexed Vacancy,job,Chief Data Officer — GulfTalent Live Search,Saudi Arabia,Saudi Arabia,Live Job Search,Live Job Search,Technology & Consulting,GCC,Saudi Arabia,Live / varies,Possibly Available,,,2026-07-20,Live search sorted toward newest results,GulfTalent,B,Recognized job platform,Platform,59,Low,,https://www.gulftalent.com/jobs?keywords=Chief+Data+Officer,"GCC live-search pack. This is a live search link, not one fixed vacancy."
job-00223,Platform-Indexed Vacancy,job,Chief Data Officer — Bayt Live Search,Saudi Arabia,Saudi Arabia,Live Job Search,Live Job Search,Technology & Consulting,GCC,Saudi Arabia,Live / varies,Possibly Available,,,2026-07-20,Live search sorted toward newest results,Bayt,B,Recognized job platform,Platform,59,Low,,https://www.bayt.com/en/saudi-arabia/jobs/Chief%20Data%20Officer-jobs/,"GCC live-search pack. This is a live search link, not one fixed vacancy."
job-00224,Platform-Indexed Vacancy,job,Healthcare IT Manager — LinkedIn Live Search,Saudi Arabia,Saudi Arabia,Live Job Search,Live Job Search,Healthcare & Life Sciences,GCC,Saudi Arabia,Live / varies,Possibly Available,,,2026-07-20,Live search sorted toward newest results,LinkedIn,B,Recognized job platform,Platform,63,Medium,,https://www.linkedin.com/jobs/search/?keywords=Healthcare+IT+Manager&sortBy=DD&location=Saudi+Arabia,"GCC live-search pack. This is a live search link, not one fixed vacancy."
job-00225,Platform-Indexed Vacancy,job,Healthcare IT Manager — GulfTalent Live Search,Saudi Arabia,Saudi Arabia,Live Job Search,Live Job Search,Healthcare & Life Sciences,GCC,Saudi Arabia,Live / varies,Possibly Available,,,2026-07-20,Live search sorted toward newest results,GulfTalent,B,Recognized job platform,Platform,63,Medium,,https://www.gulftalent.com/jobs?keywords=Healthcare+IT+Manager,"GCC live-search pack. This is a live search link, not one fixed vacancy."
job-00226,Platform-Indexed Vacancy,job,Healthcare IT Manager — Bayt Live Search,Saudi Arabia,Saudi Arabia,Live Job Search,Live Job Search,Healthcare & Life Sciences,GCC,Saudi Arabia,Live / varies,Possibly Available,,,2026-07-20,Live search sorted toward newest results,Bayt,B,Recognized job platform,Platform,63,Medium,,https://www.bayt.com/en/saudi-arabia/jobs/Healthcare%20IT%20Manager-jobs/,"GCC live-search pack. This is a live search link, not one fixed vacancy."
job-00227,Platform-Indexed Vacancy,job,Health Informatics — LinkedIn Live Search,Saudi Arabia,Saudi Arabia,Live Job Search,Live Job Search,Healthcare & Life Sciences,GCC,Saudi Arabia,Live / varies,Possibly Available,,,2026-07-20,Live search sorted toward newest results,LinkedIn,B,Recognized job platform,Platform,54,Low,,https://www.linkedin.com/jobs/search/?keywords=Health+Informatics&sortBy=DD&location=Saudi+Arabia,"GCC live-search pack. This is a live search link, not one fixed vacancy."
job-00228,Platform-Indexed Vacancy,job,Health Informatics — GulfTalent Live Search,Saudi Arabia,Saudi Arabia,Live Job Search,Live Job Search,Healthcare & Life Sciences,GCC,Saudi Arabia,Live / varies,Possibly Available,,,2026-07-20,Live search sorted toward newest results,GulfTalent,B,Recognized job platform,Platform,54,Low,,https://www.gulftalent.com/jobs?keywords=Health+Informatics,"GCC live-search pack. This is a live search link, not one fixed vacancy."
job-00229,Platform-Indexed Vacancy,job,Health Informatics — Bayt Live Search,Saudi Arabia,Saudi Arabia,Live Job Search,Live Job Search,Healthcare & Life Sciences,GCC,Saudi Arabia,Live / varies,Possibly Available,,,2026-07-20,Live search sorted toward newest results,Bayt,B,Recognized job platform,Platform,54,Low,,https://www.bayt.com/en/saudi-arabia/jobs/Health%20Informatics-jobs/,"GCC live-search pack. This is a live search link, not one fixed vacancy."
job-00230,Platform-Indexed Vacancy,job,Digital Health — LinkedIn Live Search,Saudi Arabia,Saudi Arabia,Live Job Search,Live Job Search,Healthcare & Life Sciences,GCC,Saudi Arabia,Live / varies,Possibly Available,,,2026-07-20,Live search sorted toward newest results,LinkedIn,B,Recognized job platform,Platform,57,Low,,https://www.linkedin.com/jobs/search/?keywords=Digital+Health&sortBy=DD&location=Saudi+Arabia,"GCC live-search pack. This is a live search link, not one fixed vacancy."
job-00231,Platform-Indexed Vacancy,job,Digital Health — GulfTalent Live Search,Saudi Arabia,Saudi Arabia,Live Job Search,Live Job Search,Healthcare & Life Sciences,GCC,Saudi Arabia,Live / varies,Possibly Available,,,2026-07-20,Live search sorted toward newest results,GulfTalent,B,Recognized job platform,Platform,57,Low,,https://www.gulftalent.com/jobs?keywords=Digital+Health,"GCC live-search pack. This is a live search link, not one fixed vacancy."
job-00232,Platform-Indexed Vacancy,job,Digital Health — Bayt Live Search,Saudi Arabia,Saudi Arabia,Live Job Search,Live Job Search,Healthcare & Life Sciences,GCC,Saudi Arabia,Live / varies,Possibly Available,,,2026-07-20,Live search sorted toward newest results,Bayt,B,Recognized job platform,Platform,57,Low,,https://www.bayt.com/en/saudi-arabia/jobs/Digital%20Health-jobs/,"GCC live-search pack. This is a live search link, not one fixed vacancy."
job-00233,Platform-Indexed Vacancy,job,Technical Program Manager — LinkedIn Live Search,Saudi Arabia,Saudi Arabia,Live Job Search,Live Job Search,Other Multinational & Enterprise,GCC,Saudi Arabia,Live / varies,Possibly Available,,,2026-07-20,Live search sorted toward newest results,LinkedIn,B,Recognized job platform,Platform,65,Medium,,https://www.linkedin.com/jobs/search/?keywords=Technical+Program+Manager&sortBy=DD&location=Saudi+Arabia,"GCC live-search pack. This is a live search link, not one fixed vacancy."
job-00234,Platform-Indexed Vacancy,job,Technical Program Manager — GulfTalent Live Search,Saudi Arabia,Saudi Arabia,Live Job Search,Live Job Search,Other Multinational & Enterprise,GCC,Saudi Arabia,Live / varies,Possibly Available,,,2026-07-20,Live search sorted toward newest results,GulfTalent,B,Recognized job platform,Platform,65,Medium,,https://www.gulftalent.com/jobs?keywords=Technical+Program+Manager,"GCC live-search pack. This is a live search link, not one fixed vacancy."
job-00235,Platform-Indexed Vacancy,job,Technical Program Manager — Bayt Live Search,Saudi Arabia,Saudi Arabia,Live Job Search,Live Job Search,Other Multinational & Enterprise,GCC,Saudi Arabia,Live / varies,Possibly Available,,,2026-07-20,Live search sorted toward newest results,Bayt,B,Recognized job platform,Platform,65,Medium,,https://www.bayt.com/en/saudi-arabia/jobs/Technical%20Program%20Manager-jobs/,"GCC live-search pack. This is a live search link, not one fixed vacancy."
job-00236,Platform-Indexed Vacancy,job,IT Portfolio Manager — LinkedIn Live Search,Saudi Arabia,Saudi Arabia,Live Job Search,Live Job Search,Supply Chain & Logistics,GCC,Saudi Arabia,Live / varies,Possibly Available,,,2026-07-20,Live search sorted toward newest results,LinkedIn,B,Recognized job platform,Platform,58,Low,,https://www.linkedin.com/jobs/search/?keywords=IT+Portfolio+Manager&sortBy=DD&location=Saudi+Arabia,"GCC live-search pack. This is a live search link, not one fixed vacancy."
job-00237,Platform-Indexed Vacancy,job,IT Portfolio Manager — GulfTalent Live Search,Saudi Arabia,Saudi Arabia,Live Job Search,Live Job Search,Supply Chain & Logistics,GCC,Saudi Arabia,Live / varies,Possibly Available,,,2026-07-20,Live search sorted toward newest results,GulfTalent,B,Recognized job platform,Platform,58,Low,,https://www.gulftalent.com/jobs?keywords=IT+Portfolio+Manager,"GCC live-search pack. This is a live search link, not one fixed vacancy."
job-00238,Platform-Indexed Vacancy,job,IT Portfolio Manager — Bayt Live Search,Saudi Arabia,Saudi Arabia,Live Job Search,Live Job Search,Supply Chain & Logistics,GCC,Saudi Arabia,Live / varies,Possibly Available,,,2026-07-20,Live search sorted toward newest results,Bayt,B,Recognized job platform,Platform,58,Low,,https://www.bayt.com/en/saudi-arabia/jobs/IT%20Portfolio%20Manager-jobs/,"GCC live-search pack. This is a live search link, not one fixed vacancy."
job-00239,Platform-Indexed Vacancy,job,PMO Manager — LinkedIn Live Search,Saudi Arabia,Saudi Arabia,Live Job Search,Live Job Search,Other Multinational & Enterprise,GCC,Saudi Arabia,Live / varies,Possibly Available,,,2026-07-20,Live search sorted toward newest results,LinkedIn,B,Recognized job platform,Platform,58,Low,,https://www.linkedin.com/jobs/search/?keywords=PMO+Manager&sortBy=DD&location=Saudi+Arabia,"GCC live-search pack. This is a live search link, not one fixed vacancy."
job-00240,Platform-Indexed Vacancy,job,PMO Manager — GulfTalent Live Search,Saudi Arabia,Saudi Arabia,Live Job Search,Live Job Search,Other Multinational & Enterprise,GCC,Saudi Arabia,Live / varies,Possibly Available,,,2026-07-20,Live search sorted toward newest results,GulfTalent,B,Recognized job platform,Platform,58,Low,,https://www.gulftalent.com/jobs?keywords=PMO+Manager,"GCC live-search pack. This is a live search link, not one fixed vacancy."
job-00241,Platform-Indexed Vacancy,job,PMO Manager — Bayt Live Search,Saudi Arabia,Saudi Arabia,Live Job Search,Live Job Search,Other Multinational & Enterprise,GCC,Saudi Arabia,Live / varies,Possibly Available,,,2026-07-20,Live search sorted toward newest results,Bayt,B,Recognized job platform,Platform,58,Low,,https://www.bayt.com/en/saudi-arabia/jobs/PMO%20Manager-jobs/,"GCC live-search pack. This is a live search link, not one fixed vacancy."
job-00242,Platform-Indexed Vacancy,job,Cloud Architect — LinkedIn Live Search,Saudi Arabia,Saudi Arabia,Live Job Search,Live Job Search,Technology & Consulting,GCC,Saudi Arabia,Live / varies,Possibly Available,,,2026-07-20,Live search sorted toward newest results,LinkedIn,B,Recognized job platform,Platform,59,Low,,https://www.linkedin.com/jobs/search/?keywords=Cloud+Architect&sortBy=DD&location=Saudi+Arabia,"GCC live-search pack. This is a live search link, not one fixed vacancy."
job-00243,Platform-Indexed Vacancy,job,Cloud Architect — GulfTalent Live Search,Saudi Arabia,Saudi Arabia,Live Job Search,Live Job Search,Technology & Consulting,GCC,Saudi Arabia,Live / varies,Possibly Available,,,2026-07-20,Live search sorted toward newest results,GulfTalent,B,Recognized job platform,Platform,59,Low,,https://www.gulftalent.com/jobs?keywords=Cloud+Architect,"GCC live-search pack. This is a live search link, not one fixed vacancy."
job-00244,Platform-Indexed Vacancy,job,Cloud Architect — Bayt Live Search,Saudi Arabia,Saudi Arabia,Live Job Search,Live Job Search,Technology & Consulting,GCC,Saudi Arabia,Live / varies,Possibly Available,,,2026-07-20,Live search sorted toward newest results,Bayt,B,Recognized job platform,Platform,59,Low,,https://www.bayt.com/en/saudi-arabia/jobs/Cloud%20Architect-jobs/,"GCC live-search pack. This is a live search link, not one fixed vacancy."
job-00245,Platform-Indexed Vacancy,job,Integration Architect — LinkedIn Live Search,Saudi Arabia,Saudi Arabia,Live Job Search,Live Job Search,Other Multinational & Enterprise,GCC,Saudi Arabia,Live / varies,Possibly Available,,,2026-07-20,Live search sorted toward newest results,LinkedIn,B,Recognized job platform,Platform,63,Medium,,https://www.linkedin.com/jobs/search/?keywords=Integration+Architect&sortBy=DD&location=Saudi+Arabia,"GCC live-search pack. This is a live search link, not one fixed vacancy."
job-00246,Platform-Indexed Vacancy,job,Integration Architect — GulfTalent Live Search,Saudi Arabia,Saudi Arabia,Live Job Search,Live Job Search,Other Multinational & Enterprise,GCC,Saudi Arabia,Live / varies,Possibly Available,,,2026-07-20,Live search sorted toward newest results,GulfTalent,B,Recognized job platform,Platform,63,Medium,,https://www.gulftalent.com/jobs?keywords=Integration+Architect,"GCC live-search pack. This is a live search link, not one fixed vacancy."
job-00247,Platform-Indexed Vacancy,job,Integration Architect — Bayt Live Search,Saudi Arabia,Saudi Arabia,Live Job Search,Live Job Search,Other Multinational & Enterprise,GCC,Saudi Arabia,Live / varies,Possibly Available,,,2026-07-20,Live search sorted toward newest results,Bayt,B,Recognized job platform,Platform,63,Medium,,https://www.bayt.com/en/saudi-arabia/jobs/Integration%20Architect-jobs/,"GCC live-search pack. This is a live search link, not one fixed vacancy."
job-00248,Platform-Indexed Vacancy,job,Enterprise Applications Manager — LinkedIn Live Search,Saudi Arabia,Saudi Arabia,Live Job Search,Live Job Search,Technology & Consulting,GCC,Saudi Arabia,Live / varies,Possibly Available,,,2026-07-20,Live search sorted toward newest results,LinkedIn,B,Recognized job platform,Platform,61,Medium,,https://www.linkedin.com/jobs/search/?keywords=Enterprise+Applications+Manager&sortBy=DD&location=Saudi+Arabia,"GCC live-search pack. This is a live search link, not one fixed vacancy."
job-00249,Platform-Indexed Vacancy,job,Enterprise Applications Manager — GulfTalent Live Search,Saudi Arabia,Saudi Arabia,Live Job Search,Live Job Search,Technology & Consulting,GCC,Saudi Arabia,Live / varies,Possibly Available,,,2026-07-20,Live search sorted toward newest results,GulfTalent,B,Recognized job platform,Platform,61,Medium,,https://www.gulftalent.com/jobs?keywords=Enterprise+Applications+Manager,"GCC live-search pack. This is a live search link, not one fixed vacancy."
job-00250,Platform-Indexed Vacancy,job,Enterprise Applications Manager — Bayt Live Search,Saudi Arabia,Saudi Arabia,Live Job Search,Live Job Search,Technology & Consulting,GCC,Saudi Arabia,Live / varies,Possibly Available,,,2026-07-20,Live search sorted toward newest results,Bayt,B,Recognized job platform,Platform,61,Medium,,https://www.bayt.com/en/saudi-arabia/jobs/Enterprise%20Applications%20Manager-jobs/,"GCC live-search pack. This is a live search link, not one fixed vacancy."
job-00251,Platform-Indexed Vacancy,job,Cybersecurity Manager — LinkedIn Live Search,Saudi Arabia,Saudi Arabia,Live Job Search,Live Job Search,Technology & Consulting,GCC,Saudi Arabia,Live / varies,Possibly Available,,,2026-07-20,Live search sorted toward newest results,LinkedIn,B,Recognized job platform,Platform,58,Low,,https://www.linkedin.com/jobs/search/?keywords=Cybersecurity+Manager&sortBy=DD&location=Saudi+Arabia,"GCC live-search pack. This is a live search link, not one fixed vacancy."
job-00252,Platform-Indexed Vacancy,job,Cybersecurity Manager — GulfTalent Live Search,Saudi Arabia,Saudi Arabia,Live Job Search,Live Job Search,Technology & Consulting,GCC,Saudi Arabia,Live / varies,Possibly Available,,,2026-07-20,Live search sorted toward newest results,GulfTalent,B,Recognized job platform,Platform,58,Low,,https://www.gulftalent.com/jobs?keywords=Cybersecurity+Manager,"GCC live-search pack. This is a live search link, not one fixed vacancy."
job-00253,Platform-Indexed Vacancy,job,Cybersecurity Manager — Bayt Live Search,Saudi Arabia,Saudi Arabia,Live Job Search,Live Job Search,Technology & Consulting,GCC,Saudi Arabia,Live / varies,Possibly Available,,,2026-07-20,Live search sorted toward newest results,Bayt,B,Recognized job platform,Platform,58,Low,,https://www.bayt.com/en/saudi-arabia/jobs/Cybersecurity%20Manager-jobs/,"GCC live-search pack. This is a live search link, not one fixed vacancy."
job-00254,Platform-Indexed Vacancy,job,AI Solution Architect — LinkedIn Live Search,Saudi Arabia,Saudi Arabia,Live Job Search,Live Job Search,Other Multinational & Enterprise,GCC,Saudi Arabia,Live / varies,Possibly Available,,,2026-07-20,Live search sorted toward newest results,LinkedIn,B,Recognized job platform,Platform,61,Medium,,https://www.linkedin.com/jobs/search/?keywords=AI+Solution+Architect&sortBy=DD&location=Saudi+Arabia,"GCC live-search pack. This is a live search link, not one fixed vacancy."
job-00255,Platform-Indexed Vacancy,job,AI Solution Architect — GulfTalent Live Search,Saudi Arabia,Saudi Arabia,Live Job Search,Live Job Search,Other Multinational & Enterprise,GCC,Saudi Arabia,Live / varies,Possibly Available,,,2026-07-20,Live search sorted toward newest results,GulfTalent,B,Recognized job platform,Platform,61,Medium,,https://www.gulftalent.com/jobs?keywords=AI+Solution+Architect,"GCC live-search pack. This is a live search link, not one fixed vacancy."
job-00256,Platform-Indexed Vacancy,job,AI Solution Architect — Bayt Live Search,Saudi Arabia,Saudi Arabia,Live Job Search,Live Job Search,Other Multinational & Enterprise,GCC,Saudi Arabia,Live / varies,Possibly Available,,,2026-07-20,Live search sorted toward newest results,Bayt,B,Recognized job platform,Platform,61,Medium,,https://www.bayt.com/en/saudi-arabia/jobs/AI%20Solution%20Architect-jobs/,"GCC live-search pack. This is a live search link, not one fixed vacancy."
job-00257,Platform-Indexed Vacancy,job,Business Transformation Manager — LinkedIn Live Search,Saudi Arabia,Saudi Arabia,Live Job Search,Live Job Search,Other Multinational & Enterprise,GCC,Saudi Arabia,Live / varies,Possibly Available,,,2026-07-20,Live search sorted toward newest results,LinkedIn,B,Recognized job platform,Platform,58,Low,,https://www.linkedin.com/jobs/search/?keywords=Business+Transformation+Manager&sortBy=DD&location=Saudi+Arabia,"GCC live-search pack. This is a live search link, not one fixed vacancy."
job-00258,Platform-Indexed Vacancy,job,Business Transformation Manager — GulfTalent Live Search,Saudi Arabia,Saudi Arabia,Live Job Search,Live Job Search,Other Multinational & Enterprise,GCC,Saudi Arabia,Live / varies,Possibly Available,,,2026-07-20,Live search sorted toward newest results,GulfTalent,B,Recognized job platform,Platform,58,Low,,https://www.gulftalent.com/jobs?keywords=Business+Transformation+Manager,"GCC live-search pack. This is a live search link, not one fixed vacancy."
job-00259,Platform-Indexed Vacancy,job,Business Transformation Manager — Bayt Live Search,Saudi Arabia,Saudi Arabia,Live Job Search,Live Job Search,Other Multinational & Enterprise,GCC,Saudi Arabia,Live / varies,Possibly Available,,,2026-07-20,Live search sorted toward newest results,Bayt,B,Recognized job platform,Platform,58,Low,,https://www.bayt.com/en/saudi-arabia/jobs/Business%20Transformation%20Manager-jobs/,"GCC live-search pack. This is a live search link, not one fixed vacancy."
job-00260,Platform-Indexed Vacancy,job,ServiceNow Architect — LinkedIn Live Search,Saudi Arabia,Saudi Arabia,Live Job Search,Live Job Search,Other Multinational & Enterprise,GCC,Saudi Arabia,Live / varies,Possibly Available,,,2026-07-20,Live search sorted toward newest results,LinkedIn,B,Recognized job platform,Platform,58,Low,,https://www.linkedin.com/jobs/search/?keywords=ServiceNow+Architect&sortBy=DD&location=Saudi+Arabia,"GCC live-search pack. This is a live search link, not one fixed vacancy."
job-00261,Platform-Indexed Vacancy,job,ServiceNow Architect — GulfTalent Live Search,Saudi Arabia,Saudi Arabia,Live Job Search,Live Job Search,Other Multinational & Enterprise,GCC,Saudi Arabia,Live / varies,Possibly Available,,,2026-07-20,Live search sorted toward newest results,GulfTalent,B,Recognized job platform,Platform,58,Low,,https://www.gulftalent.com/jobs?keywords=ServiceNow+Architect,"GCC live-search pack. This is a live search link, not one fixed vacancy."
job-00262,Platform-Indexed Vacancy,job,ServiceNow Architect — Bayt Live Search,Saudi Arabia,Saudi Arabia,Live Job Search,Live Job Search,Other Multinational & Enterprise,GCC,Saudi Arabia,Live / varies,Possibly Available,,,2026-07-20,Live search sorted toward newest results,Bayt,B,Recognized job platform,Platform,58,Low,,https://www.bayt.com/en/saudi-arabia/jobs/ServiceNow%20Architect-jobs/,"GCC live-search pack. This is a live search link, not one fixed vacancy."
job-00263,Platform-Indexed Vacancy,job,ERP Program Manager — LinkedIn Live Search,Saudi Arabia,Saudi Arabia,Live Job Search,Live Job Search,Other Multinational & Enterprise,GCC,Saudi Arabia,Live / varies,Possibly Available,,,2026-07-20,Live search sorted toward newest results,LinkedIn,B,Recognized job platform,Platform,63,Medium,,https://www.linkedin.com/jobs/search/?keywords=ERP+Program+Manager&sortBy=DD&location=Saudi+Arabia,"GCC live-search pack. This is a live search link, not one fixed vacancy."
job-00264,Platform-Indexed Vacancy,job,ERP Program Manager — GulfTalent Live Search,Saudi Arabia,Saudi Arabia,Live Job Search,Live Job Search,Other Multinational & Enterprise,GCC,Saudi Arabia,Live / varies,Possibly Available,,,2026-07-20,Live search sorted toward newest results,GulfTalent,B,Recognized job platform,Platform,63,Medium,,https://www.gulftalent.com/jobs?keywords=ERP+Program+Manager,"GCC live-search pack. This is a live search link, not one fixed vacancy."
job-00265,Platform-Indexed Vacancy,job,ERP Program Manager — Bayt Live Search,Saudi Arabia,Saudi Arabia,Live Job Search,Live Job Search,Other Multinational & Enterprise,GCC,Saudi Arabia,Live / varies,Possibly Available,,,2026-07-20,Live search sorted toward newest results,Bayt,B,Recognized job platform,Platform,63,Medium,,https://www.bayt.com/en/saudi-arabia/jobs/ERP%20Program%20Manager-jobs/,"GCC live-search pack. This is a live search link, not one fixed vacancy."
job-00266,Platform-Indexed Vacancy,job,ICT Manager — LinkedIn Live Search,Saudi Arabia,Saudi Arabia,Live Job Search,Live Job Search,Other Multinational & Enterprise,GCC,Saudi Arabia,Live / varies,Possibly Available,,,2026-07-20,Live search sorted toward newest results,LinkedIn,B,Recognized job platform,Platform,58,Low,,https://www.linkedin.com/jobs/search/?keywords=ICT+Manager&sortBy=DD&location=Saudi+Arabia,"GCC live-search pack. This is a live search link, not one fixed vacancy."
job-00267,Platform-Indexed Vacancy,job,ICT Manager — GulfTalent Live Search,Saudi Arabia,Saudi Arabia,Live Job Search,Live Job Search,Other Multinational & Enterprise,GCC,Saudi Arabia,Live / varies,Possibly Available,,,2026-07-20,Live search sorted toward newest results,GulfTalent,B,Recognized job platform,Platform,58,Low,,https://www.gulftalent.com/jobs?keywords=ICT+Manager,"GCC live-search pack. This is a live search link, not one fixed vacancy."
job-00268,Platform-Indexed Vacancy,job,ICT Manager — Bayt Live Search,Saudi Arabia,Saudi Arabia,Live Job Search,Live Job Search,Other Multinational & Enterprise,GCC,Saudi Arabia,Live / varies,Possibly Available,,,2026-07-20,Live search sorted toward newest results,Bayt,B,Recognized job platform,Platform,58,Low,,https://www.bayt.com/en/saudi-arabia/jobs/ICT%20Manager-jobs/,"GCC live-search pack. This is a live search link, not one fixed vacancy."
job-00269,Platform-Indexed Vacancy,job,Enterprise Architect — LinkedIn Live Search,United Arab Emirates,United Arab Emirates,Live Job Search,Live Job Search,Technology & Consulting,GCC,United Arab Emirates,Live / varies,Possibly Available,,,2026-07-20,Live search sorted toward newest results,LinkedIn,B,Recognized job platform,Platform,65,Medium,,https://www.linkedin.com/jobs/search/?keywords=Enterprise+Architect&sortBy=DD&location=United+Arab+Emirates,"GCC live-search pack. This is a live search link, not one fixed vacancy."
job-00270,Platform-Indexed Vacancy,job,Enterprise Architect — GulfTalent Live Search,United Arab Emirates,United Arab Emirates,Live Job Search,Live Job Search,Technology & Consulting,GCC,United Arab Emirates,Live / varies,Possibly Available,,,2026-07-20,Live search sorted toward newest results,GulfTalent,B,Recognized job platform,Platform,65,Medium,,https://www.gulftalent.com/jobs?keywords=Enterprise+Architect,"GCC live-search pack. This is a live search link, not one fixed vacancy."
job-00271,Platform-Indexed Vacancy,job,Enterprise Architect — Bayt Live Search,United Arab Emirates,United Arab Emirates,Live Job Search,Live Job Search,Technology & Consulting,GCC,United Arab Emirates,Live / varies,Possibly Available,,,2026-07-20,Live search sorted toward newest results,Bayt,B,Recognized job platform,Platform,65,Medium,,https://www.bayt.com/en/united-arab-emirates/jobs/Enterprise%20Architect-jobs/,"GCC live-search pack. This is a live search link, not one fixed vacancy."
job-00272,Platform-Indexed Vacancy,job,Solution Architect — LinkedIn Live Search,United Arab Emirates,United Arab Emirates,Live Job Search,Live Job Search,Other Multinational & Enterprise,GCC,United Arab Emirates,Live / varies,Possibly Available,,,2026-07-20,Live search sorted toward newest results,LinkedIn,B,Recognized job platform,Platform,61,Medium,,https://www.linkedin.com/jobs/search/?keywords=Solution+Architect&sortBy=DD&location=United+Arab+Emirates,"GCC live-search pack. This is a live search link, not one fixed vacancy."
job-00273,Platform-Indexed Vacancy,job,Solution Architect — GulfTalent Live Search,United Arab Emirates,United Arab Emirates,Live Job Search,Live Job Search,Other Multinational & Enterprise,GCC,United Arab Emirates,Live / varies,Possibly Available,,,2026-07-20,Live search sorted toward newest results,GulfTalent,B,Recognized job platform,Platform,61,Medium,,https://www.gulftalent.com/jobs?keywords=Solution+Architect,"GCC live-search pack. This is a live search link, not one fixed vacancy."
job-00274,Platform-Indexed Vacancy,job,Solution Architect — Bayt Live Search,United Arab Emirates,United Arab Emirates,Live Job Search,Live Job Search,Other Multinational & Enterprise,GCC,United Arab Emirates,Live / varies,Possibly Available,,,2026-07-20,Live search sorted toward newest results,Bayt,B,Recognized job platform,Platform,61,Medium,,https://www.bayt.com/en/united-arab-emirates/jobs/Solution%20Architect-jobs/,"GCC live-search pack. This is a live search link, not one fixed vacancy."
job-00275,Platform-Indexed Vacancy,job,Digital Transformation Manager — LinkedIn Live Search,United Arab Emirates,United Arab Emirates,Live Job Search,Live Job Search,Technology & Consulting,GCC,United Arab Emirates,Live / varies,Possibly Available,,,2026-07-20,Live search sorted toward newest results,LinkedIn,B,Recognized job platform,Platform,61,Medium,,https://www.linkedin.com/jobs/search/?keywords=Digital+Transformation+Manager&sortBy=DD&location=United+Arab+Emirates,"GCC live-search pack. This is a live search link, not one fixed vacancy."
job-00276,Platform-Indexed Vacancy,job,Digital Transformation Manager — GulfTalent Live Search,United Arab Emirates,United Arab Emirates,Live Job Search,Live Job Search,Technology & Consulting,GCC,United Arab Emirates,Live / varies,Possibly Available,,,2026-07-20,Live search sorted toward newest results,GulfTalent,B,Recognized job platform,Platform,61,Medium,,https://www.gulftalent.com/jobs?keywords=Digital+Transformation+Manager,"GCC live-search pack. This is a live search link, not one fixed vacancy."
job-00277,Platform-Indexed Vacancy,job,Digital Transformation Manager — Bayt Live Search,United Arab Emirates,United Arab Emirates,Live Job Search,Live Job Search,Technology & Consulting,GCC,United Arab Emirates,Live / varies,Possibly Available,,,2026-07-20,Live search sorted toward newest results,Bayt,B,Recognized job platform,Platform,61,Medium,,https://www.bayt.com/en/united-arab-emirates/jobs/Digital%20Transformation%20Manager-jobs/,"GCC live-search pack. This is a live search link, not one fixed vacancy."
job-00278,Platform-Indexed Vacancy,job,IT Director — LinkedIn Live Search,United Arab Emirates,United Arab Emirates,Live Job Search,Live Job Search,Other Multinational & Enterprise,GCC,United Arab Emirates,Live / varies,Possibly Available,,,2026-07-20,Live search sorted toward newest results,LinkedIn,B,Recognized job platform,Platform,65,Medium,,https://www.linkedin.com/jobs/search/?keywords=IT+Director&sortBy=DD&location=United+Arab+Emirates,"GCC live-search pack. This is a live search link, not one fixed vacancy."
job-00279,Platform-Indexed Vacancy,job,IT Director — GulfTalent Live Search,United Arab Emirates,United Arab Emirates,Live Job Search,Live Job Search,Other Multinational & Enterprise,GCC,United Arab Emirates,Live / varies,Possibly Available,,,2026-07-20,Live search sorted toward newest results,GulfTalent,B,Recognized job platform,Platform,65,Medium,,https://www.gulftalent.com/jobs?keywords=IT+Director,"GCC live-search pack. This is a live search link, not one fixed vacancy."
job-00280,Platform-Indexed Vacancy,job,IT Director — Bayt Live Search,United Arab Emirates,United Arab Emirates,Live Job Search,Live Job Search,Other Multinational & Enterprise,GCC,United Arab Emirates,Live / varies,Possibly Available,,,2026-07-20,Live search sorted toward newest results,Bayt,B,Recognized job platform,Platform,65,Medium,,https://www.bayt.com/en/united-arab-emirates/jobs/IT%20Director-jobs/,"GCC live-search pack. This is a live search link, not one fixed vacancy."
job-00281,Platform-Indexed Vacancy,job,Head of Technology — LinkedIn Live Search,United Arab Emirates,United Arab Emirates,Live Job Search,Live Job Search,Technology & Consulting,GCC,United Arab Emirates,Live / varies,Possibly Available,,,2026-07-20,Live search sorted toward newest results,LinkedIn,B,Recognized job platform,Platform,58,Low,,https://www.linkedin.com/jobs/search/?keywords=Head+of+Technology&sortBy=DD&location=United+Arab+Emirates,"GCC live-search pack. This is a live search link, not one fixed vacancy."
job-00282,Platform-Indexed Vacancy,job,Head of Technology — GulfTalent Live Search,United Arab Emirates,United Arab Emirates,Live Job Search,Live Job Search,Technology & Consulting,GCC,United Arab Emirates,Live / varies,Possibly Available,,,2026-07-20,Live search sorted toward newest results,GulfTalent,B,Recognized job platform,Platform,58,Low,,https://www.gulftalent.com/jobs?keywords=Head+of+Technology,"GCC live-search pack. This is a live search link, not one fixed vacancy."
job-00283,Platform-Indexed Vacancy,job,Head of Technology — Bayt Live Search,United Arab Emirates,United Arab Emirates,Live Job Search,Live Job Search,Technology & Consulting,GCC,United Arab Emirates,Live / varies,Possibly Available,,,2026-07-20,Live search sorted toward newest results,Bayt,B,Recognized job platform,Platform,58,Low,,https://www.bayt.com/en/united-arab-emirates/jobs/Head%20of%20Technology-jobs/,"GCC live-search pack. This is a live search link, not one fixed vacancy."
job-00284,Platform-Indexed Vacancy,job,Technology Director — LinkedIn Live Search,United Arab Emirates,United Arab Emirates,Live Job Search,Live Job Search,Technology & Consulting,GCC,United Arab Emirates,Live / varies,Possibly Available,,,2026-07-20,Live search sorted toward newest results,LinkedIn,B,Recognized job platform,Platform,65,Medium,,https://www.linkedin.com/jobs/search/?keywords=Technology+Director&sortBy=DD&location=United+Arab+Emirates,"GCC live-search pack. This is a live search link, not one fixed vacancy."
job-00285,Platform-Indexed Vacancy,job,Technology Director — GulfTalent Live Search,United Arab Emirates,United Arab Emirates,Live Job Search,Live Job Search,Technology & Consulting,GCC,United Arab Emirates,Live / varies,Possibly Available,,,2026-07-20,Live search sorted toward newest results,GulfTalent,B,Recognized job platform,Platform,65,Medium,,https://www.gulftalent.com/jobs?keywords=Technology+Director,"GCC live-search pack. This is a live search link, not one fixed vacancy."
job-00286,Platform-Indexed Vacancy,job,Technology Director — Bayt Live Search,United Arab Emirates,United Arab Emirates,Live Job Search,Live Job Search,Technology & Consulting,GCC,United Arab Emirates,Live / varies,Possibly Available,,,2026-07-20,Live search sorted toward newest results,Bayt,B,Recognized job platform,Platform,65,Medium,,https://www.bayt.com/en/united-arab-emirates/jobs/Technology%20Director-jobs/,"GCC live-search pack. This is a live search link, not one fixed vacancy."
job-00287,Platform-Indexed Vacancy,job,IT Strategy Manager — LinkedIn Live Search,United Arab Emirates,United Arab Emirates,Live Job Search,Live Job Search,Other Multinational & Enterprise,GCC,United Arab Emirates,Live / varies,Possibly Available,,,2026-07-20,Live search sorted toward newest results,LinkedIn,B,Recognized job platform,Platform,61,Medium,,https://www.linkedin.com/jobs/search/?keywords=IT+Strategy+Manager&sortBy=DD&location=United+Arab+Emirates,"GCC live-search pack. This is a live search link, not one fixed vacancy."
job-00288,Platform-Indexed Vacancy,job,IT Strategy Manager — GulfTalent Live Search,United Arab Emirates,United Arab Emirates,Live Job Search,Live Job Search,Other Multinational & Enterprise,GCC,United Arab Emirates,Live / varies,Possibly Available,,,2026-07-20,Live search sorted toward newest results,GulfTalent,B,Recognized job platform,Platform,61,Medium,,https://www.gulftalent.com/jobs?keywords=IT+Strategy+Manager,"GCC live-search pack. This is a live search link, not one fixed vacancy."
job-00289,Platform-Indexed Vacancy,job,IT Strategy Manager — Bayt Live Search,United Arab Emirates,United Arab Emirates,Live Job Search,Live Job Search,Other Multinational & Enterprise,GCC,United Arab Emirates,Live / varies,Possibly Available,,,2026-07-20,Live search sorted toward newest results,Bayt,B,Recognized job platform,Platform,61,Medium,,https://www.bayt.com/en/united-arab-emirates/jobs/IT%20Strategy%20Manager-jobs/,"GCC live-search pack. This is a live search link, not one fixed vacancy."
job-00290,Platform-Indexed Vacancy,job,Data Architect — LinkedIn Live Search,United Arab Emirates,United Arab Emirates,Live Job Search,Live Job Search,Technology & Consulting,GCC,United Arab Emirates,Live / varies,Possibly Available,,,2026-07-20,Live search sorted toward newest results,LinkedIn,B,Recognized job platform,Platform,59,Low,,https://www.linkedin.com/jobs/search/?keywords=Data+Architect&sortBy=DD&location=United+Arab+Emirates,"GCC live-search pack. This is a live search link, not one fixed vacancy."
job-00291,Platform-Indexed Vacancy,job,Data Architect — GulfTalent Live Search,United Arab Emirates,United Arab Emirates,Live Job Search,Live Job Search,Technology & Consulting,GCC,United Arab Emirates,Live / varies,Possibly Available,,,2026-07-20,Live search sorted toward newest results,GulfTalent,B,Recognized job platform,Platform,59,Low,,https://www.gulftalent.com/jobs?keywords=Data+Architect,"GCC live-search pack. This is a live search link, not one fixed vacancy."
job-00292,Platform-Indexed Vacancy,job,Data Architect — Bayt Live Search,United Arab Emirates,United Arab Emirates,Live Job Search,Live Job Search,Technology & Consulting,GCC,United Arab Emirates,Live / varies,Possibly Available,,,2026-07-20,Live search sorted toward newest results,Bayt,B,Recognized job platform,Platform,59,Low,,https://www.bayt.com/en/united-arab-emirates/jobs/Data%20Architect-jobs/,"GCC live-search pack. This is a live search link, not one fixed vacancy."
job-00293,Platform-Indexed Vacancy,job,Data Governance Manager — LinkedIn Live Search,United Arab Emirates,United Arab Emirates,Live Job Search,Live Job Search,Technology & Consulting,GCC,United Arab Emirates,Live / varies,Possibly Available,,,2026-07-20,Live search sorted toward newest results,LinkedIn,B,Recognized job platform,Platform,65,Medium,,https://www.linkedin.com/jobs/search/?keywords=Data+Governance+Manager&sortBy=DD&location=United+Arab+Emirates,"GCC live-search pack. This is a live search link, not one fixed vacancy."
job-00294,Platform-Indexed Vacancy,job,Data Governance Manager — GulfTalent Live Search,United Arab Emirates,United Arab Emirates,Live Job Search,Live Job Search,Technology & Consulting,GCC,United Arab Emirates,Live / varies,Possibly Available,,,2026-07-20,Live search sorted toward newest results,GulfTalent,B,Recognized job platform,Platform,65,Medium,,https://www.gulftalent.com/jobs?keywords=Data+Governance+Manager,"GCC live-search pack. This is a live search link, not one fixed vacancy."
job-00295,Platform-Indexed Vacancy,job,Data Governance Manager — Bayt Live Search,United Arab Emirates,United Arab Emirates,Live Job Search,Live Job Search,Technology & Consulting,GCC,United Arab Emirates,Live / varies,Possibly Available,,,2026-07-20,Live search sorted toward newest results,Bayt,B,Recognized job platform,Platform,65,Medium,,https://www.bayt.com/en/united-arab-emirates/jobs/Data%20Governance%20Manager-jobs/,"GCC live-search pack. This is a live search link, not one fixed vacancy."
job-00296,Platform-Indexed Vacancy,job,Chief Data Officer — LinkedIn Live Search,United Arab Emirates,United Arab Emirates,Live Job Search,Live Job Search,Technology & Consulting,GCC,United Arab Emirates,Live / varies,Possibly Available,,,2026-07-20,Live search sorted toward newest results,LinkedIn,B,Recognized job platform,Platform,59,Low,,https://www.linkedin.com/jobs/search/?keywords=Chief+Data+Officer&sortBy=DD&location=United+Arab+Emirates,"GCC live-search pack. This is a live search link, not one fixed vacancy."
job-00297,Platform-Indexed Vacancy,job,Chief Data Officer — GulfTalent Live Search,United Arab Emirates,United Arab Emirates,Live Job Search,Live Job Search,Technology & Consulting,GCC,United Arab Emirates,Live / varies,Possibly Available,,,2026-07-20,Live search sorted toward newest results,GulfTalent,B,Recognized job platform,Platform,59,Low,,https://www.gulftalent.com/jobs?keywords=Chief+Data+Officer,"GCC live-search pack. This is a live search link, not one fixed vacancy."
job-00298,Platform-Indexed Vacancy,job,Chief Data Officer — Bayt Live Search,United Arab Emirates,United Arab Emirates,Live Job Search,Live Job Search,Technology & Consulting,GCC,United Arab Emirates,Live / varies,Possibly Available,,,2026-07-20,Live search sorted toward newest results,Bayt,B,Recognized job platform,Platform,59,Low,,https://www.bayt.com/en/united-arab-emirates/jobs/Chief%20Data%20Officer-jobs/,"GCC live-search pack. This is a live search link, not one fixed vacancy."
job-00299,Platform-Indexed Vacancy,job,Healthcare IT Manager — LinkedIn Live Search,United Arab Emirates,United Arab Emirates,Live Job Search,Live Job Search,Healthcare & Life Sciences,GCC,United Arab Emirates,Live / varies,Possibly Available,,,2026-07-20,Live search sorted toward newest results,LinkedIn,B,Recognized job platform,Platform,63,Medium,,https://www.linkedin.com/jobs/search/?keywords=Healthcare+IT+Manager&sortBy=DD&location=United+Arab+Emirates,"GCC live-search pack. This is a live search link, not one fixed vacancy."
job-00300,Platform-Indexed Vacancy,job,Healthcare IT Manager — GulfTalent Live Search,United Arab Emirates,United Arab Emirates,Live Job Search,Live Job Search,Healthcare & Life Sciences,GCC,United Arab Emirates,Live / varies,Possibly Available,,,2026-07-20,Live search sorted toward newest results,GulfTalent,B,Recognized job platform,Platform,63,Medium,,https://www.gulftalent.com/jobs?keywords=Healthcare+IT+Manager,"GCC live-search pack. This is a live search link, not one fixed vacancy."
job-00301,Platform-Indexed Vacancy,job,Healthcare IT Manager — Bayt Live Search,United Arab Emirates,United Arab Emirates,Live Job Search,Live Job Search,Healthcare & Life Sciences,GCC,United Arab Emirates,Live / varies,Possibly Available,,,2026-07-20,Live search sorted toward newest results,Bayt,B,Recognized job platform,Platform,63,Medium,,https://www.bayt.com/en/united-arab-emirates/jobs/Healthcare%20IT%20Manager-jobs/,"GCC live-search pack. This is a live search link, not one fixed vacancy."
job-00302,Platform-Indexed Vacancy,job,Health Informatics — LinkedIn Live Search,United Arab Emirates,United Arab Emirates,Live Job Search,Live Job Search,Healthcare & Life Sciences,GCC,United Arab Emirates,Live / varies,Possibly Available,,,2026-07-20,Live search sorted toward newest results,LinkedIn,B,Recognized job platform,Platform,54,Low,,https://www.linkedin.com/jobs/search/?keywords=Health+Informatics&sortBy=DD&location=United+Arab+Emirates,"GCC live-search pack. This is a live search link, not one fixed vacancy."
job-00303,Platform-Indexed Vacancy,job,Health Informatics — GulfTalent Live Search,United Arab Emirates,United Arab Emirates,Live Job Search,Live Job Search,Healthcare & Life Sciences,GCC,United Arab Emirates,Live / varies,Possibly Available,,,2026-07-20,Live search sorted toward newest results,GulfTalent,B,Recognized job platform,Platform,54,Low,,https://www.gulftalent.com/jobs?keywords=Health+Informatics,"GCC live-search pack. This is a live search link, not one fixed vacancy."
job-00304,Platform-Indexed Vacancy,job,Health Informatics — Bayt Live Search,United Arab Emirates,United Arab Emirates,Live Job Search,Live Job Search,Healthcare & Life Sciences,GCC,United Arab Emirates,Live / varies,Possibly Available,,,2026-07-20,Live search sorted toward newest results,Bayt,B,Recognized job platform,Platform,54,Low,,https://www.bayt.com/en/united-arab-emirates/jobs/Health%20Informatics-jobs/,"GCC live-search pack. This is a live search link, not one fixed vacancy."
job-00305,Platform-Indexed Vacancy,job,Digital Health — LinkedIn Live Search,United Arab Emirates,United Arab Emirates,Live Job Search,Live Job Search,Healthcare & Life Sciences,GCC,United Arab Emirates,Live / varies,Possibly Available,,,2026-07-20,Live search sorted toward newest results,LinkedIn,B,Recognized job platform,Platform,57,Low,,https://www.linkedin.com/jobs/search/?keywords=Digital+Health&sortBy=DD&location=United+Arab+Emirates,"GCC live-search pack. This is a live search link, not one fixed vacancy."
job-00306,Platform-Indexed Vacancy,job,Digital Health — GulfTalent Live Search,United Arab Emirates,United Arab Emirates,Live Job Search,Live Job Search,Healthcare & Life Sciences,GCC,United Arab Emirates,Live / varies,Possibly Available,,,2026-07-20,Live search sorted toward newest results,GulfTalent,B,Recognized job platform,Platform,57,Low,,https://www.gulftalent.com/jobs?keywords=Digital+Health,"GCC live-search pack. This is a live search link, not one fixed vacancy."
job-00307,Platform-Indexed Vacancy,job,Digital Health — Bayt Live Search,United Arab Emirates,United Arab Emirates,Live Job Search,Live Job Search,Healthcare & Life Sciences,GCC,United Arab Emirates,Live / varies,Possibly Available,,,2026-07-20,Live search sorted toward newest results,Bayt,B,Recognized job platform,Platform,57,Low,,https://www.bayt.com/en/united-arab-emirates/jobs/Digital%20Health-jobs/,"GCC live-search pack. This is a live search link, not one fixed vacancy."
job-00308,Platform-Indexed Vacancy,job,Technical Program Manager — LinkedIn Live Search,United Arab Emirates,United Arab Emirates,Live Job Search,Live Job Search,Other Multinational & Enterprise,GCC,United Arab Emirates,Live / varies,Possibly Available,,,2026-07-20,Live search sorted toward newest results,LinkedIn,B,Recognized job platform,Platform,65,Medium,,https://www.linkedin.com/jobs/search/?keywords=Technical+Program+Manager&sortBy=DD&location=United+Arab+Emirates,"GCC live-search pack. This is a live search link, not one fixed vacancy."
job-00309,Platform-Indexed Vacancy,job,Technical Program Manager — GulfTalent Live Search,United Arab Emirates,United Arab Emirates,Live Job Search,Live Job Search,Other Multinational & Enterprise,GCC,United Arab Emirates,Live / varies,Possibly Available,,,2026-07-20,Live search sorted toward newest results,GulfTalent,B,Recognized job platform,Platform,65,Medium,,https://www.gulftalent.com/jobs?keywords=Technical+Program+Manager,"GCC live-search pack. This is a live search link, not one fixed vacancy."
job-00310,Platform-Indexed Vacancy,job,Technical Program Manager — Bayt Live Search,United Arab Emirates,United Arab Emirates,Live Job Search,Live Job Search,Other Multinational & Enterprise,GCC,United Arab Emirates,Live / varies,Possibly Available,,,2026-07-20,Live search sorted toward newest results,Bayt,B,Recognized job platform,Platform,65,Medium,,https://www.bayt.com/en/united-arab-emirates/jobs/Technical%20Program%20Manager-jobs/,"GCC live-search pack. This is a live search link, not one fixed vacancy."
job-00311,Platform-Indexed Vacancy,job,IT Portfolio Manager — LinkedIn Live Search,United Arab Emirates,United Arab Emirates,Live Job Search,Live Job Search,Supply Chain & Logistics,GCC,United Arab Emirates,Live / varies,Possibly Available,,,2026-07-20,Live search sorted toward newest results,LinkedIn,B,Recognized job platform,Platform,58,Low,,https://www.linkedin.com/jobs/search/?keywords=IT+Portfolio+Manager&sortBy=DD&location=United+Arab+Emirates,"GCC live-search pack. This is a live search link, not one fixed vacancy."
job-00312,Platform-Indexed Vacancy,job,IT Portfolio Manager — GulfTalent Live Search,United Arab Emirates,United Arab Emirates,Live Job Search,Live Job Search,Supply Chain & Logistics,GCC,United Arab Emirates,Live / varies,Possibly Available,,,2026-07-20,Live search sorted toward newest results,GulfTalent,B,Recognized job platform,Platform,58,Low,,https://www.gulftalent.com/jobs?keywords=IT+Portfolio+Manager,"GCC live-search pack. This is a live search link, not one fixed vacancy."
job-00313,Platform-Indexed Vacancy,job,IT Portfolio Manager — Bayt Live Search,United Arab Emirates,United Arab Emirates,Live Job Search,Live Job Search,Supply Chain & Logistics,GCC,United Arab Emirates,Live / varies,Possibly Available,,,2026-07-20,Live search sorted toward newest results,Bayt,B,Recognized job platform,Platform,58,Low,,https://www.bayt.com/en/united-arab-emirates/jobs/IT%20Portfolio%20Manager-jobs/,"GCC live-search pack. This is a live search link, not one fixed vacancy."
job-00314,Platform-Indexed Vacancy,job,PMO Manager — LinkedIn Live Search,United Arab Emirates,United Arab Emirates,Live Job Search,Live Job Search,Other Multinational & Enterprise,GCC,United Arab Emirates,Live / varies,Possibly Available,,,2026-07-20,Live search sorted toward newest results,LinkedIn,B,Recognized job platform,Platform,58,Low,,https://www.linkedin.com/jobs/search/?keywords=PMO+Manager&sortBy=DD&location=United+Arab+Emirates,"GCC live-search pack. This is a live search link, not one fixed vacancy."
job-00315,Platform-Indexed Vacancy,job,PMO Manager — GulfTalent Live Search,United Arab Emirates,United Arab Emirates,Live Job Search,Live Job Search,Other Multinational & Enterprise,GCC,United Arab Emirates,Live / varies,Possibly Available,,,2026-07-20,Live search sorted toward newest results,GulfTalent,B,Recognized job platform,Platform,58,Low,,https://www.gulftalent.com/jobs?keywords=PMO+Manager,"GCC live-search pack. This is a live search link, not one fixed vacancy."
job-00316,Platform-Indexed Vacancy,job,PMO Manager — Bayt Live Search,United Arab Emirates,United Arab Emirates,Live Job Search,Live Job Search,Other Multinational & Enterprise,GCC,United Arab Emirates,Live / varies,Possibly Available,,,2026-07-20,Live search sorted toward newest results,Bayt,B,Recognized job platform,Platform,58,Low,,https://www.bayt.com/en/united-arab-emirates/jobs/PMO%20Manager-jobs/,"GCC live-search pack. This is a live search link, not one fixed vacancy."
job-00317,Platform-Indexed Vacancy,job,Cloud Architect — LinkedIn Live Search,United Arab Emirates,United Arab Emirates,Live Job Search,Live Job Search,Technology & Consulting,GCC,United Arab Emirates,Live / varies,Possibly Available,,,2026-07-20,Live search sorted toward newest results,LinkedIn,B,Recognized job platform,Platform,59,Low,,https://www.linkedin.com/jobs/search/?keywords=Cloud+Architect&sortBy=DD&location=United+Arab+Emirates,"GCC live-search pack. This is a live search link, not one fixed vacancy."
job-00318,Platform-Indexed Vacancy,job,Cloud Architect — GulfTalent Live Search,United Arab Emirates,United Arab Emirates,Live Job Search,Live Job Search,Technology & Consulting,GCC,United Arab Emirates,Live / varies,Possibly Available,,,2026-07-20,Live search sorted toward newest results,GulfTalent,B,Recognized job platform,Platform,59,Low,,https://www.gulftalent.com/jobs?keywords=Cloud+Architect,"GCC live-search pack. This is a live search link, not one fixed vacancy."
job-00319,Platform-Indexed Vacancy,job,Cloud Architect — Bayt Live Search,United Arab Emirates,United Arab Emirates,Live Job Search,Live Job Search,Technology & Consulting,GCC,United Arab Emirates,Live / varies,Possibly Available,,,2026-07-20,Live search sorted toward newest results,Bayt,B,Recognized job platform,Platform,59,Low,,https://www.bayt.com/en/united-arab-emirates/jobs/Cloud%20Architect-jobs/,"GCC live-search pack. This is a live search link, not one fixed vacancy."
job-00320,Platform-Indexed Vacancy,job,Integration Architect — LinkedIn Live Search,United Arab Emirates,United Arab Emirates,Live Job Search,Live Job Search,Other Multinational & Enterprise,GCC,United Arab Emirates,Live / varies,Possibly Available,,,2026-07-20,Live search sorted toward newest results,LinkedIn,B,Recognized job platform,Platform,63,Medium,,https://www.linkedin.com/jobs/search/?keywords=Integration+Architect&sortBy=DD&location=United+Arab+Emirates,"GCC live-search pack. This is a live search link, not one fixed vacancy."
job-00321,Platform-Indexed Vacancy,job,Integration Architect — GulfTalent Live Search,United Arab Emirates,United Arab Emirates,Live Job Search,Live Job Search,Other Multinational & Enterprise,GCC,United Arab Emirates,Live / varies,Possibly Available,,,2026-07-20,Live search sorted toward newest results,GulfTalent,B,Recognized job platform,Platform,63,Medium,,https://www.gulftalent.com/jobs?keywords=Integration+Architect,"GCC live-search pack. This is a live search link, not one fixed vacancy."
job-00322,Platform-Indexed Vacancy,job,Integration Architect — Bayt Live Search,United Arab Emirates,United Arab Emirates,Live Job Search,Live Job Search,Other Multinational & Enterprise,GCC,United Arab Emirates,Live / varies,Possibly Available,,,2026-07-20,Live search sorted toward newest results,Bayt,B,Recognized job platform,Platform,63,Medium,,https://www.bayt.com/en/united-arab-emirates/jobs/Integration%20Architect-jobs/,"GCC live-search pack. This is a live search link, not one fixed vacancy."
job-00323,Platform-Indexed Vacancy,job,Enterprise Applications Manager — LinkedIn Live Search,United Arab Emirates,United Arab Emirates,Live Job Search,Live Job Search,Technology & Consulting,GCC,United Arab Emirates,Live / varies,Possibly Available,,,2026-07-20,Live search sorted toward newest results,LinkedIn,B,Recognized job platform,Platform,61,Medium,,https://www.linkedin.com/jobs/search/?keywords=Enterprise+Applications+Manager&sortBy=DD&location=United+Arab+Emirates,"GCC live-search pack. This is a live search link, not one fixed vacancy."
job-00324,Platform-Indexed Vacancy,job,Enterprise Applications Manager — GulfTalent Live Search,United Arab Emirates,United Arab Emirates,Live Job Search,Live Job Search,Technology & Consulting,GCC,United Arab Emirates,Live / varies,Possibly Available,,,2026-07-20,Live search sorted toward newest results,GulfTalent,B,Recognized job platform,Platform,61,Medium,,https://www.gulftalent.com/jobs?keywords=Enterprise+Applications+Manager,"GCC live-search pack. This is a live search link, not one fixed vacancy."
job-00325,Platform-Indexed Vacancy,job,Enterprise Applications Manager — Bayt Live Search,United Arab Emirates,United Arab Emirates,Live Job Search,Live Job Search,Technology & Consulting,GCC,United Arab Emirates,Live / varies,Possibly Available,,,2026-07-20,Live search sorted toward newest results,Bayt,B,Recognized job platform,Platform,61,Medium,,https://www.bayt.com/en/united-arab-emirates/jobs/Enterprise%20Applications%20Manager-jobs/,"GCC live-search pack. This is a live search link, not one fixed vacancy."
job-00326,Platform-Indexed Vacancy,job,Cybersecurity Manager — LinkedIn Live Search,United Arab Emirates,United Arab Emirates,Live Job Search,Live Job Search,Technology & Consulting,GCC,United Arab Emirates,Live / varies,Possibly Available,,,2026-07-20,Live search sorted toward newest results,LinkedIn,B,Recognized job platform,Platform,58,Low,,https://www.linkedin.com/jobs/search/?keywords=Cybersecurity+Manager&sortBy=DD&location=United+Arab+Emirates,"GCC live-search pack. This is a live search link, not one fixed vacancy."
job-00327,Platform-Indexed Vacancy,job,Cybersecurity Manager — GulfTalent Live Search,United Arab Emirates,United Arab Emirates,Live Job Search,Live Job Search,Technology & Consulting,GCC,United Arab Emirates,Live / varies,Possibly Available,,,2026-07-20,Live search sorted toward newest results,GulfTalent,B,Recognized job platform,Platform,58,Low,,https://www.gulftalent.com/jobs?keywords=Cybersecurity+Manager,"GCC live-search pack. This is a live search link, not one fixed vacancy."
job-00328,Platform-Indexed Vacancy,job,Cybersecurity Manager — Bayt Live Search,United Arab Emirates,United Arab Emirates,Live Job Search,Live Job Search,Technology & Consulting,GCC,United Arab Emirates,Live / varies,Possibly Available,,,2026-07-20,Live search sorted toward newest results,Bayt,B,Recognized job platform,Platform,58,Low,,https://www.bayt.com/en/united-arab-emirates/jobs/Cybersecurity%20Manager-jobs/,"GCC live-search pack. This is a live search link, not one fixed vacancy."
job-00329,Platform-Indexed Vacancy,job,AI Solution Architect — LinkedIn Live Search,United Arab Emirates,United Arab Emirates,Live Job Search,Live Job Search,Other Multinational & Enterprise,GCC,United Arab Emirates,Live / varies,Possibly Available,,,2026-07-20,Live search sorted toward newest results,LinkedIn,B,Recognized job platform,Platform,61,Medium,,https://www.linkedin.com/jobs/search/?keywords=AI+Solution+Architect&sortBy=DD&location=United+Arab+Emirates,"GCC live-search pack. This is a live search link, not one fixed vacancy."
job-00330,Platform-Indexed Vacancy,job,AI Solution Architect — GulfTalent Live Search,United Arab Emirates,United Arab Emirates,Live Job Search,Live Job Search,Other Multinational & Enterprise,GCC,United Arab Emirates,Live / varies,Possibly Available,,,2026-07-20,Live search sorted toward newest results,GulfTalent,B,Recognized job platform,Platform,61,Medium,,https://www.gulftalent.com/jobs?keywords=AI+Solution+Architect,"GCC live-search pack. This is a live search link, not one fixed vacancy."
job-00331,Platform-Indexed Vacancy,job,AI Solution Architect — Bayt Live Search,United Arab Emirates,United Arab Emirates,Live Job Search,Live Job Search,Other Multinational & Enterprise,GCC,United Arab Emirates,Live / varies,Possibly Available,,,2026-07-20,Live search sorted toward newest results,Bayt,B,Recognized job platform,Platform,61,Medium,,https://www.bayt.com/en/united-arab-emirates/jobs/AI%20Solution%20Architect-jobs/,"GCC live-search pack. This is a live search link, not one fixed vacancy."
job-00332,Platform-Indexed Vacancy,job,Business Transformation Manager — LinkedIn Live Search,United Arab Emirates,United Arab Emirates,Live Job Search,Live Job Search,Other Multinational & Enterprise,GCC,United Arab Emirates,Live / varies,Possibly Available,,,2026-07-20,Live search sorted toward newest results,LinkedIn,B,Recognized job platform,Platform,58,Low,,https://www.linkedin.com/jobs/search/?keywords=Business+Transformation+Manager&sortBy=DD&location=United+Arab+Emirates,"GCC live-search pack. This is a live search link, not one fixed vacancy."
job-00333,Platform-Indexed Vacancy,job,Business Transformation Manager — GulfTalent Live Search,United Arab Emirates,United Arab Emirates,Live Job Search,Live Job Search,Other Multinational & Enterprise,GCC,United Arab Emirates,Live / varies,Possibly Available,,,2026-07-20,Live search sorted toward newest results,GulfTalent,B,Recognized job platform,Platform,58,Low,,https://www.gulftalent.com/jobs?keywords=Business+Transformation+Manager,"GCC live-search pack. This is a live search link, not one fixed vacancy."
job-00334,Platform-Indexed Vacancy,job,Business Transformation Manager — Bayt Live Search,United Arab Emirates,United Arab Emirates,Live Job Search,Live Job Search,Other Multinational & Enterprise,GCC,United Arab Emirates,Live / varies,Possibly Available,,,2026-07-20,Live search sorted toward newest results,Bayt,B,Recognized job platform,Platform,58,Low,,https://www.bayt.com/en/united-arab-emirates/jobs/Business%20Transformation%20Manager-jobs/,"GCC live-search pack. This is a live search link, not one fixed vacancy."
job-00335,Platform-Indexed Vacancy,job,ServiceNow Architect — LinkedIn Live Search,United Arab Emirates,United Arab Emirates,Live Job Search,Live Job Search,Other Multinational & Enterprise,GCC,United Arab Emirates,Live / varies,Possibly Available,,,2026-07-20,Live search sorted toward newest results,LinkedIn,B,Recognized job platform,Platform,58,Low,,https://www.linkedin.com/jobs/search/?keywords=ServiceNow+Architect&sortBy=DD&location=United+Arab+Emirates,"GCC live-search pack. This is a live search link, not one fixed vacancy."
job-00336,Platform-Indexed Vacancy,job,ServiceNow Architect — GulfTalent Live Search,United Arab Emirates,United Arab Emirates,Live Job Search,Live Job Search,Other Multinational & Enterprise,GCC,United Arab Emirates,Live / varies,Possibly Available,,,2026-07-20,Live search sorted toward newest results,GulfTalent,B,Recognized job platform,Platform,58,Low,,https://www.gulftalent.com/jobs?keywords=ServiceNow+Architect,"GCC live-search pack. This is a live search link, not one fixed vacancy."
job-00337,Platform-Indexed Vacancy,job,ServiceNow Architect — Bayt Live Search,United Arab Emirates,United Arab Emirates,Live Job Search,Live Job Search,Other Multinational & Enterprise,GCC,United Arab Emirates,Live / varies,Possibly Available,,,2026-07-20,Live search sorted toward newest results,Bayt,B,Recognized job platform,Platform,58,Low,,https://www.bayt.com/en/united-arab-emirates/jobs/ServiceNow%20Architect-jobs/,"GCC live-search pack. This is a live search link, not one fixed vacancy."
job-00338,Platform-Indexed Vacancy,job,ERP Program Manager — LinkedIn Live Search,United Arab Emirates,United Arab Emirates,Live Job Search,Live Job Search,Other Multinational & Enterprise,GCC,United Arab Emirates,Live / varies,Possibly Available,,,2026-07-20,Live search sorted toward newest results,LinkedIn,B,Recognized job platform,Platform,63,Medium,,https://www.linkedin.com/jobs/search/?keywords=ERP+Program+Manager&sortBy=DD&location=United+Arab+Emirates,"GCC live-search pack. This is a live search link, not one fixed vacancy."
job-00339,Platform-Indexed Vacancy,job,ERP Program Manager — GulfTalent Live Search,United Arab Emirates,United Arab Emirates,Live Job Search,Live Job Search,Other Multinational & Enterprise,GCC,United Arab Emirates,Live / varies,Possibly Available,,,2026-07-20,Live search sorted toward newest results,GulfTalent,B,Recognized job platform,Platform,63,Medium,,https://www.gulftalent.com/jobs?keywords=ERP+Program+Manager,"GCC live-search pack. This is a live search link, not one fixed vacancy."
job-00340,Platform-Indexed Vacancy,job,ERP Program Manager — Bayt Live Search,United Arab Emirates,United Arab Emirates,Live Job Search,Live Job Search,Other Multinational & Enterprise,GCC,United Arab Emirates,Live / varies,Possibly Available,,,2026-07-20,Live search sorted toward newest results,Bayt,B,Recognized job platform,Platform,63,Medium,,https://www.bayt.com/en/united-arab-emirates/jobs/ERP%20Program%20Manager-jobs/,"GCC live-search pack. This is a live search link, not one fixed vacancy."
job-00341,Platform-Indexed Vacancy,job,ICT Manager — LinkedIn Live Search,United Arab Emirates,United Arab Emirates,Live Job Search,Live Job Search,Other Multinational & Enterprise,GCC,United Arab Emirates,Live / varies,Possibly Available,,,2026-07-20,Live search sorted toward newest results,LinkedIn,B,Recognized job platform,Platform,58,Low,,https://www.linkedin.com/jobs/search/?keywords=ICT+Manager&sortBy=DD&location=United+Arab+Emirates,"GCC live-search pack. This is a live search link, not one fixed vacancy."
job-00342,Platform-Indexed Vacancy,job,ICT Manager — GulfTalent Live Search,United Arab Emirates,United Arab Emirates,Live Job Search,Live Job Search,Other Multinational & Enterprise,GCC,United Arab Emirates,Live / varies,Possibly Available,,,2026-07-20,Live search sorted toward newest results,GulfTalent,B,Recognized job platform,Platform,58,Low,,https://www.gulftalent.com/jobs?keywords=ICT+Manager,"GCC live-search pack. This is a live search link, not one fixed vacancy."
job-00343,Platform-Indexed Vacancy,job,ICT Manager — Bayt Live Search,United Arab Emirates,United Arab Emirates,Live Job Search,Live Job Search,Other Multinational & Enterprise,GCC,United Arab Emirates,Live / varies,Possibly Available,,,2026-07-20,Live search sorted toward newest results,Bayt,B,Recognized job platform,Platform,58,Low,,https://www.bayt.com/en/united-arab-emirates/jobs/ICT%20Manager-jobs/,"GCC live-search pack. This is a live search link, not one fixed vacancy."
job-00344,Platform-Indexed Vacancy,job,Enterprise Architect — LinkedIn Live Search,Qatar,Qatar,Live Job Search,Live Job Search,Technology & Consulting,GCC,Qatar,Live / varies,Possibly Available,,,2026-07-20,Live search sorted toward newest results,LinkedIn,B,Recognized job platform,Platform,65,Medium,,https://www.linkedin.com/jobs/search/?keywords=Enterprise+Architect&sortBy=DD&location=Qatar,"GCC live-search pack. This is a live search link, not one fixed vacancy."
job-00345,Platform-Indexed Vacancy,job,Enterprise Architect — GulfTalent Live Search,Qatar,Qatar,Live Job Search,Live Job Search,Technology & Consulting,GCC,Qatar,Live / varies,Possibly Available,,,2026-07-20,Live search sorted toward newest results,GulfTalent,B,Recognized job platform,Platform,65,Medium,,https://www.gulftalent.com/jobs?keywords=Enterprise+Architect,"GCC live-search pack. This is a live search link, not one fixed vacancy."
job-00346,Platform-Indexed Vacancy,job,Enterprise Architect — Bayt Live Search,Qatar,Qatar,Live Job Search,Live Job Search,Technology & Consulting,GCC,Qatar,Live / varies,Possibly Available,,,2026-07-20,Live search sorted toward newest results,Bayt,B,Recognized job platform,Platform,65,Medium,,https://www.bayt.com/en/qatar/jobs/Enterprise%20Architect-jobs/,"GCC live-search pack. This is a live search link, not one fixed vacancy."
job-00347,Platform-Indexed Vacancy,job,Solution Architect — LinkedIn Live Search,Qatar,Qatar,Live Job Search,Live Job Search,Other Multinational & Enterprise,GCC,Qatar,Live / varies,Possibly Available,,,2026-07-20,Live search sorted toward newest results,LinkedIn,B,Recognized job platform,Platform,61,Medium,,https://www.linkedin.com/jobs/search/?keywords=Solution+Architect&sortBy=DD&location=Qatar,"GCC live-search pack. This is a live search link, not one fixed vacancy."
job-00348,Platform-Indexed Vacancy,job,Solution Architect — GulfTalent Live Search,Qatar,Qatar,Live Job Search,Live Job Search,Other Multinational & Enterprise,GCC,Qatar,Live / varies,Possibly Available,,,2026-07-20,Live search sorted toward newest results,GulfTalent,B,Recognized job platform,Platform,61,Medium,,https://www.gulftalent.com/jobs?keywords=Solution+Architect,"GCC live-search pack. This is a live search link, not one fixed vacancy."
job-00349,Platform-Indexed Vacancy,job,Solution Architect — Bayt Live Search,Qatar,Qatar,Live Job Search,Live Job Search,Other Multinational & Enterprise,GCC,Qatar,Live / varies,Possibly Available,,,2026-07-20,Live search sorted toward newest results,Bayt,B,Recognized job platform,Platform,61,Medium,,https://www.bayt.com/en/qatar/jobs/Solution%20Architect-jobs/,"GCC live-search pack. This is a live search link, not one fixed vacancy."
job-00350,Platform-Indexed Vacancy,job,Digital Transformation Manager — LinkedIn Live Search,Qatar,Qatar,Live Job Search,Live Job Search,Technology & Consulting,GCC,Qatar,Live / varies,Possibly Available,,,2026-07-20,Live search sorted toward newest results,LinkedIn,B,Recognized job platform,Platform,61,Medium,,https://www.linkedin.com/jobs/search/?keywords=Digital+Transformation+Manager&sortBy=DD&location=Qatar,"GCC live-search pack. This is a live search link, not one fixed vacancy."
job-00351,Platform-Indexed Vacancy,job,Digital Transformation Manager — GulfTalent Live Search,Qatar,Qatar,Live Job Search,Live Job Search,Technology & Consulting,GCC,Qatar,Live / varies,Possibly Available,,,2026-07-20,Live search sorted toward newest results,GulfTalent,B,Recognized job platform,Platform,61,Medium,,https://www.gulftalent.com/jobs?keywords=Digital+Transformation+Manager,"GCC live-search pack. This is a live search link, not one fixed vacancy."
job-00352,Platform-Indexed Vacancy,job,Digital Transformation Manager — Bayt Live Search,Qatar,Qatar,Live Job Search,Live Job Search,Technology & Consulting,GCC,Qatar,Live / varies,Possibly Available,,,2026-07-20,Live search sorted toward newest results,Bayt,B,Recognized job platform,Platform,61,Medium,,https://www.bayt.com/en/qatar/jobs/Digital%20Transformation%20Manager-jobs/,"GCC live-search pack. This is a live search link, not one fixed vacancy."
job-00353,Platform-Indexed Vacancy,job,IT Director — LinkedIn Live Search,Qatar,Qatar,Live Job Search,Live Job Search,Other Multinational & Enterprise,GCC,Qatar,Live / varies,Possibly Available,,,2026-07-20,Live search sorted toward newest results,LinkedIn,B,Recognized job platform,Platform,65,Medium,,https://www.linkedin.com/jobs/search/?keywords=IT+Director&sortBy=DD&location=Qatar,"GCC live-search pack. This is a live search link, not one fixed vacancy."
job-00354,Platform-Indexed Vacancy,job,IT Director — GulfTalent Live Search,Qatar,Qatar,Live Job Search,Live Job Search,Other Multinational & Enterprise,GCC,Qatar,Live / varies,Possibly Available,,,2026-07-20,Live search sorted toward newest results,GulfTalent,B,Recognized job platform,Platform,65,Medium,,https://www.gulftalent.com/jobs?keywords=IT+Director,"GCC live-search pack. This is a live search link, not one fixed vacancy."
job-00355,Platform-Indexed Vacancy,job,IT Director — Bayt Live Search,Qatar,Qatar,Live Job Search,Live Job Search,Other Multinational & Enterprise,GCC,Qatar,Live / varies,Possibly Available,,,2026-07-20,Live search sorted toward newest results,Bayt,B,Recognized job platform,Platform,65,Medium,,https://www.bayt.com/en/qatar/jobs/IT%20Director-jobs/,"GCC live-search pack. This is a live search link, not one fixed vacancy."
job-00356,Platform-Indexed Vacancy,job,Head of Technology — LinkedIn Live Search,Qatar,Qatar,Live Job Search,Live Job Search,Technology & Consulting,GCC,Qatar,Live / varies,Possibly Available,,,2026-07-20,Live search sorted toward newest results,LinkedIn,B,Recognized job platform,Platform,58,Low,,https://www.linkedin.com/jobs/search/?keywords=Head+of+Technology&sortBy=DD&location=Qatar,"GCC live-search pack. This is a live search link, not one fixed vacancy."
job-00357,Platform-Indexed Vacancy,job,Head of Technology — GulfTalent Live Search,Qatar,Qatar,Live Job Search,Live Job Search,Technology & Consulting,GCC,Qatar,Live / varies,Possibly Available,,,2026-07-20,Live search sorted toward newest results,GulfTalent,B,Recognized job platform,Platform,58,Low,,https://www.gulftalent.com/jobs?keywords=Head+of+Technology,"GCC live-search pack. This is a live search link, not one fixed vacancy."
job-00358,Platform-Indexed Vacancy,job,Head of Technology — Bayt Live Search,Qatar,Qatar,Live Job Search,Live Job Search,Technology & Consulting,GCC,Qatar,Live / varies,Possibly Available,,,2026-07-20,Live search sorted toward newest results,Bayt,B,Recognized job platform,Platform,58,Low,,https://www.bayt.com/en/qatar/jobs/Head%20of%20Technology-jobs/,"GCC live-search pack. This is a live search link, not one fixed vacancy."
job-00359,Platform-Indexed Vacancy,job,Technology Director — LinkedIn Live Search,Qatar,Qatar,Live Job Search,Live Job Search,Technology & Consulting,GCC,Qatar,Live / varies,Possibly Available,,,2026-07-20,Live search sorted toward newest results,LinkedIn,B,Recognized job platform,Platform,65,Medium,,https://www.linkedin.com/jobs/search/?keywords=Technology+Director&sortBy=DD&location=Qatar,"GCC live-search pack. This is a live search link, not one fixed vacancy."
job-00360,Platform-Indexed Vacancy,job,Technology Director — GulfTalent Live Search,Qatar,Qatar,Live Job Search,Live Job Search,Technology & Consulting,GCC,Qatar,Live / varies,Possibly Available,,,2026-07-20,Live search sorted toward newest results,GulfTalent,B,Recognized job platform,Platform,65,Medium,,https://www.gulftalent.com/jobs?keywords=Technology+Director,"GCC live-search pack. This is a live search link, not one fixed vacancy."
job-00361,Platform-Indexed Vacancy,job,Technology Director — Bayt Live Search,Qatar,Qatar,Live Job Search,Live Job Search,Technology & Consulting,GCC,Qatar,Live / varies,Possibly Available,,,2026-07-20,Live search sorted toward newest results,Bayt,B,Recognized job platform,Platform,65,Medium,,https://www.bayt.com/en/qatar/jobs/Technology%20Director-jobs/,"GCC live-search pack. This is a live search link, not one fixed vacancy."
job-00362,Platform-Indexed Vacancy,job,IT Strategy Manager — LinkedIn Live Search,Qatar,Qatar,Live Job Search,Live Job Search,Other Multinational & Enterprise,GCC,Qatar,Live / varies,Possibly Available,,,2026-07-20,Live search sorted toward newest results,LinkedIn,B,Recognized job platform,Platform,61,Medium,,https://www.linkedin.com/jobs/search/?keywords=IT+Strategy+Manager&sortBy=DD&location=Qatar,"GCC live-search pack. This is a live search link, not one fixed vacancy."
job-00363,Platform-Indexed Vacancy,job,IT Strategy Manager — GulfTalent Live Search,Qatar,Qatar,Live Job Search,Live Job Search,Other Multinational & Enterprise,GCC,Qatar,Live / varies,Possibly Available,,,2026-07-20,Live search sorted toward newest results,GulfTalent,B,Recognized job platform,Platform,61,Medium,,https://www.gulftalent.com/jobs?keywords=IT+Strategy+Manager,"GCC live-search pack. This is a live search link, not one fixed vacancy."
job-00364,Platform-Indexed Vacancy,job,IT Strategy Manager — Bayt Live Search,Qatar,Qatar,Live Job Search,Live Job Search,Other Multinational & Enterprise,GCC,Qatar,Live / varies,Possibly Available,,,2026-07-20,Live search sorted toward newest results,Bayt,B,Recognized job platform,Platform,61,Medium,,https://www.bayt.com/en/qatar/jobs/IT%20Strategy%20Manager-jobs/,"GCC live-search pack. This is a live search link, not one fixed vacancy."
job-00365,Platform-Indexed Vacancy,job,Data Architect — LinkedIn Live Search,Qatar,Qatar,Live Job Search,Live Job Search,Technology & Consulting,GCC,Qatar,Live / varies,Possibly Available,,,2026-07-20,Live search sorted toward newest results,LinkedIn,B,Recognized job platform,Platform,59,Low,,https://www.linkedin.com/jobs/search/?keywords=Data+Architect&sortBy=DD&location=Qatar,"GCC live-search pack. This is a live search link, not one fixed vacancy."
job-00366,Platform-Indexed Vacancy,job,Data Architect — GulfTalent Live Search,Qatar,Qatar,Live Job Search,Live Job Search,Technology & Consulting,GCC,Qatar,Live / varies,Possibly Available,,,2026-07-20,Live search sorted toward newest results,GulfTalent,B,Recognized job platform,Platform,59,Low,,https://www.gulftalent.com/jobs?keywords=Data+Architect,"GCC live-search pack. This is a live search link, not one fixed vacancy."
job-00367,Platform-Indexed Vacancy,job,Data Architect — Bayt Live Search,Qatar,Qatar,Live Job Search,Live Job Search,Technology & Consulting,GCC,Qatar,Live / varies,Possibly Available,,,2026-07-20,Live search sorted toward newest results,Bayt,B,Recognized job platform,Platform,59,Low,,https://www.bayt.com/en/qatar/jobs/Data%20Architect-jobs/,"GCC live-search pack. This is a live search link, not one fixed vacancy."
job-00368,Platform-Indexed Vacancy,job,Data Governance Manager — LinkedIn Live Search,Qatar,Qatar,Live Job Search,Live Job Search,Technology & Consulting,GCC,Qatar,Live / varies,Possibly Available,,,2026-07-20,Live search sorted toward newest results,LinkedIn,B,Recognized job platform,Platform,65,Medium,,https://www.linkedin.com/jobs/search/?keywords=Data+Governance+Manager&sortBy=DD&location=Qatar,"GCC live-search pack. This is a live search link, not one fixed vacancy."
job-00369,Platform-Indexed Vacancy,job,Data Governance Manager — GulfTalent Live Search,Qatar,Qatar,Live Job Search,Live Job Search,Technology & Consulting,GCC,Qatar,Live / varies,Possibly Available,,,2026-07-20,Live search sorted toward newest results,GulfTalent,B,Recognized job platform,Platform,65,Medium,,https://www.gulftalent.com/jobs?keywords=Data+Governance+Manager,"GCC live-search pack. This is a live search link, not one fixed vacancy."
job-00370,Platform-Indexed Vacancy,job,Data Governance Manager — Bayt Live Search,Qatar,Qatar,Live Job Search,Live Job Search,Technology & Consulting,GCC,Qatar,Live / varies,Possibly Available,,,2026-07-20,Live search sorted toward newest results,Bayt,B,Recognized job platform,Platform,65,Medium,,https://www.bayt.com/en/qatar/jobs/Data%20Governance%20Manager-jobs/,"GCC live-search pack. This is a live search link, not one fixed vacancy."
job-00371,Platform-Indexed Vacancy,job,Chief Data Officer — LinkedIn Live Search,Qatar,Qatar,Live Job Search,Live Job Search,Technology & Consulting,GCC,Qatar,Live / varies,Possibly Available,,,2026-07-20,Live search sorted toward newest results,LinkedIn,B,Recognized job platform,Platform,59,Low,,https://www.linkedin.com/jobs/search/?keywords=Chief+Data+Officer&sortBy=DD&location=Qatar,"GCC live-search pack. This is a live search link, not one fixed vacancy."
job-00372,Platform-Indexed Vacancy,job,Chief Data Officer — GulfTalent Live Search,Qatar,Qatar,Live Job Search,Live Job Search,Technology & Consulting,GCC,Qatar,Live / varies,Possibly Available,,,2026-07-20,Live search sorted toward newest results,GulfTalent,B,Recognized job platform,Platform,59,Low,,https://www.gulftalent.com/jobs?keywords=Chief+Data+Officer,"GCC live-search pack. This is a live search link, not one fixed vacancy."
job-00373,Platform-Indexed Vacancy,job,Chief Data Officer — Bayt Live Search,Qatar,Qatar,Live Job Search,Live Job Search,Technology & Consulting,GCC,Qatar,Live / varies,Possibly Available,,,2026-07-20,Live search sorted toward newest results,Bayt,B,Recognized job platform,Platform,59,Low,,https://www.bayt.com/en/qatar/jobs/Chief%20Data%20Officer-jobs/,"GCC live-search pack. This is a live search link, not one fixed vacancy."
job-00374,Platform-Indexed Vacancy,job,Healthcare IT Manager — LinkedIn Live Search,Qatar,Qatar,Live Job Search,Live Job Search,Healthcare & Life Sciences,GCC,Qatar,Live / varies,Possibly Available,,,2026-07-20,Live search sorted toward newest results,LinkedIn,B,Recognized job platform,Platform,63,Medium,,https://www.linkedin.com/jobs/search/?keywords=Healthcare+IT+Manager&sortBy=DD&location=Qatar,"GCC live-search pack. This is a live search link, not one fixed vacancy."
job-00375,Platform-Indexed Vacancy,job,Healthcare IT Manager — GulfTalent Live Search,Qatar,Qatar,Live Job Search,Live Job Search,Healthcare & Life Sciences,GCC,Qatar,Live / varies,Possibly Available,,,2026-07-20,Live search sorted toward newest results,GulfTalent,B,Recognized job platform,Platform,63,Medium,,https://www.gulftalent.com/jobs?keywords=Healthcare+IT+Manager,"GCC live-search pack. This is a live search link, not one fixed vacancy."
job-00376,Platform-Indexed Vacancy,job,Healthcare IT Manager — Bayt Live Search,Qatar,Qatar,Live Job Search,Live Job Search,Healthcare & Life Sciences,GCC,Qatar,Live / varies,Possibly Available,,,2026-07-20,Live search sorted toward newest results,Bayt,B,Recognized job platform,Platform,63,Medium,,https://www.bayt.com/en/qatar/jobs/Healthcare%20IT%20Manager-jobs/,"GCC live-search pack. This is a live search link, not one fixed vacancy."
job-00377,Platform-Indexed Vacancy,job,Health Informatics — LinkedIn Live Search,Qatar,Qatar,Live Job Search,Live Job Search,Healthcare & Life Sciences,GCC,Qatar,Live / varies,Possibly Available,,,2026-07-20,Live search sorted toward newest results,LinkedIn,B,Recognized job platform,Platform,54,Low,,https://www.linkedin.com/jobs/search/?keywords=Health+Informatics&sortBy=DD&location=Qatar,"GCC live-search pack. This is a live search link, not one fixed vacancy."
job-00378,Platform-Indexed Vacancy,job,Health Informatics — GulfTalent Live Search,Qatar,Qatar,Live Job Search,Live Job Search,Healthcare & Life Sciences,GCC,Qatar,Live / varies,Possibly Available,,,2026-07-20,Live search sorted toward newest results,GulfTalent,B,Recognized job platform,Platform,54,Low,,https://www.gulftalent.com/jobs?keywords=Health+Informatics,"GCC live-search pack. This is a live search link, not one fixed vacancy."
job-00379,Platform-Indexed Vacancy,job,Health Informatics — Bayt Live Search,Qatar,Qatar,Live Job Search,Live Job Search,Healthcare & Life Sciences,GCC,Qatar,Live / varies,Possibly Available,,,2026-07-20,Live search sorted toward newest results,Bayt,B,Recognized job platform,Platform,54,Low,,https://www.bayt.com/en/qatar/jobs/Health%20Informatics-jobs/,"GCC live-search pack. This is a live search link, not one fixed vacancy."
job-00380,Platform-Indexed Vacancy,job,Digital Health — LinkedIn Live Search,Qatar,Qatar,Live Job Search,Live Job Search,Healthcare & Life Sciences,GCC,Qatar,Live / varies,Possibly Available,,,2026-07-20,Live search sorted toward newest results,LinkedIn,B,Recognized job platform,Platform,57,Low,,https://www.linkedin.com/jobs/search/?keywords=Digital+Health&sortBy=DD&location=Qatar,"GCC live-search pack. This is a live search link, not one fixed vacancy."
job-00381,Platform-Indexed Vacancy,job,Digital Health — GulfTalent Live Search,Qatar,Qatar,Live Job Search,Live Job Search,Healthcare & Life Sciences,GCC,Qatar,Live / varies,Possibly Available,,,2026-07-20,Live search sorted toward newest results,GulfTalent,B,Recognized job platform,Platform,57,Low,,https://www.gulftalent.com/jobs?keywords=Digital+Health,"GCC live-search pack. This is a live search link, not one fixed vacancy."
job-00382,Platform-Indexed Vacancy,job,Digital Health — Bayt Live Search,Qatar,Qatar,Live Job Search,Live Job Search,Healthcare & Life Sciences,GCC,Qatar,Live / varies,Possibly Available,,,2026-07-20,Live search sorted toward newest results,Bayt,B,Recognized job platform,Platform,57,Low,,https://www.bayt.com/en/qatar/jobs/Digital%20Health-jobs/,"GCC live-search pack. This is a live search link, not one fixed vacancy."
job-00383,Platform-Indexed Vacancy,job,Technical Program Manager — LinkedIn Live Search,Qatar,Qatar,Live Job Search,Live Job Search,Other Multinational & Enterprise,GCC,Qatar,Live / varies,Possibly Available,,,2026-07-20,Live search sorted toward newest results,LinkedIn,B,Recognized job platform,Platform,65,Medium,,https://www.linkedin.com/jobs/search/?keywords=Technical+Program+Manager&sortBy=DD&location=Qatar,"GCC live-search pack. This is a live search link, not one fixed vacancy."
job-00384,Platform-Indexed Vacancy,job,Technical Program Manager — GulfTalent Live Search,Qatar,Qatar,Live Job Search,Live Job Search,Other Multinational & Enterprise,GCC,Qatar,Live / varies,Possibly Available,,,2026-07-20,Live search sorted toward newest results,GulfTalent,B,Recognized job platform,Platform,65,Medium,,https://www.gulftalent.com/jobs?keywords=Technical+Program+Manager,"GCC live-search pack. This is a live search link, not one fixed vacancy."
job-00385,Platform-Indexed Vacancy,job,Technical Program Manager — Bayt Live Search,Qatar,Qatar,Live Job Search,Live Job Search,Other Multinational & Enterprise,GCC,Qatar,Live / varies,Possibly Available,,,2026-07-20,Live search sorted toward newest results,Bayt,B,Recognized job platform,Platform,65,Medium,,https://www.bayt.com/en/qatar/jobs/Technical%20Program%20Manager-jobs/,"GCC live-search pack. This is a live search link, not one fixed vacancy."
job-00386,Platform-Indexed Vacancy,job,IT Portfolio Manager — LinkedIn Live Search,Qatar,Qatar,Live Job Search,Live Job Search,Supply Chain & Logistics,GCC,Qatar,Live / varies,Possibly Available,,,2026-07-20,Live search sorted toward newest results,LinkedIn,B,Recognized job platform,Platform,58,Low,,https://www.linkedin.com/jobs/search/?keywords=IT+Portfolio+Manager&sortBy=DD&location=Qatar,"GCC live-search pack. This is a live search link, not one fixed vacancy."
job-00387,Platform-Indexed Vacancy,job,IT Portfolio Manager — GulfTalent Live Search,Qatar,Qatar,Live Job Search,Live Job Search,Supply Chain & Logistics,GCC,Qatar,Live / varies,Possibly Available,,,2026-07-20,Live search sorted toward newest results,GulfTalent,B,Recognized job platform,Platform,58,Low,,https://www.gulftalent.com/jobs?keywords=IT+Portfolio+Manager,"GCC live-search pack. This is a live search link, not one fixed vacancy."
job-00388,Platform-Indexed Vacancy,job,IT Portfolio Manager — Bayt Live Search,Qatar,Qatar,Live Job Search,Live Job Search,Supply Chain & Logistics,GCC,Qatar,Live / varies,Possibly Available,,,2026-07-20,Live search sorted toward newest results,Bayt,B,Recognized job platform,Platform,58,Low,,https://www.bayt.com/en/qatar/jobs/IT%20Portfolio%20Manager-jobs/,"GCC live-search pack. This is a live search link, not one fixed vacancy."
job-00389,Platform-Indexed Vacancy,job,PMO Manager — LinkedIn Live Search,Qatar,Qatar,Live Job Search,Live Job Search,Other Multinational & Enterprise,GCC,Qatar,Live / varies,Possibly Available,,,2026-07-20,Live search sorted toward newest results,LinkedIn,B,Recognized job platform,Platform,58,Low,,https://www.linkedin.com/jobs/search/?keywords=PMO+Manager&sortBy=DD&location=Qatar,"GCC live-search pack. This is a live search link, not one fixed vacancy."
job-00390,Platform-Indexed Vacancy,job,PMO Manager — GulfTalent Live Search,Qatar,Qatar,Live Job Search,Live Job Search,Other Multinational & Enterprise,GCC,Qatar,Live / varies,Possibly Available,,,2026-07-20,Live search sorted toward newest results,GulfTalent,B,Recognized job platform,Platform,58,Low,,https://www.gulftalent.com/jobs?keywords=PMO+Manager,"GCC live-search pack. This is a live search link, not one fixed vacancy."
job-00391,Platform-Indexed Vacancy,job,PMO Manager — Bayt Live Search,Qatar,Qatar,Live Job Search,Live Job Search,Other Multinational & Enterprise,GCC,Qatar,Live / varies,Possibly Available,,,2026-07-20,Live search sorted toward newest results,Bayt,B,Recognized job platform,Platform,58,Low,,https://www.bayt.com/en/qatar/jobs/PMO%20Manager-jobs/,"GCC live-search pack. This is a live search link, not one fixed vacancy."
job-00392,Platform-Indexed Vacancy,job,Cloud Architect — LinkedIn Live Search,Qatar,Qatar,Live Job Search,Live Job Search,Technology & Consulting,GCC,Qatar,Live / varies,Possibly Available,,,2026-07-20,Live search sorted toward newest results,LinkedIn,B,Recognized job platform,Platform,59,Low,,https://www.linkedin.com/jobs/search/?keywords=Cloud+Architect&sortBy=DD&location=Qatar,"GCC live-search pack. This is a live search link, not one fixed vacancy."
job-00393,Platform-Indexed Vacancy,job,Cloud Architect — GulfTalent Live Search,Qatar,Qatar,Live Job Search,Live Job Search,Technology & Consulting,GCC,Qatar,Live / varies,Possibly Available,,,2026-07-20,Live search sorted toward newest results,GulfTalent,B,Recognized job platform,Platform,59,Low,,https://www.gulftalent.com/jobs?keywords=Cloud+Architect,"GCC live-search pack. This is a live search link, not one fixed vacancy."
job-00394,Platform-Indexed Vacancy,job,Cloud Architect — Bayt Live Search,Qatar,Qatar,Live Job Search,Live Job Search,Technology & Consulting,GCC,Qatar,Live / varies,Possibly Available,,,2026-07-20,Live search sorted toward newest results,Bayt,B,Recognized job platform,Platform,59,Low,,https://www.bayt.com/en/qatar/jobs/Cloud%20Architect-jobs/,"GCC live-search pack. This is a live search link, not one fixed vacancy."
job-00395,Platform-Indexed Vacancy,job,Integration Architect — LinkedIn Live Search,Qatar,Qatar,Live Job Search,Live Job Search,Other Multinational & Enterprise,GCC,Qatar,Live / varies,Possibly Available,,,2026-07-20,Live search sorted toward newest results,LinkedIn,B,Recognized job platform,Platform,63,Medium,,https://www.linkedin.com/jobs/search/?keywords=Integration+Architect&sortBy=DD&location=Qatar,"GCC live-search pack. This is a live search link, not one fixed vacancy."
job-00396,Platform-Indexed Vacancy,job,Integration Architect — GulfTalent Live Search,Qatar,Qatar,Live Job Search,Live Job Search,Other Multinational & Enterprise,GCC,Qatar,Live / varies,Possibly Available,,,2026-07-20,Live search sorted toward newest results,GulfTalent,B,Recognized job platform,Platform,63,Medium,,https://www.gulftalent.com/jobs?keywords=Integration+Architect,"GCC live-search pack. This is a live search link, not one fixed vacancy."
job-00397,Platform-Indexed Vacancy,job,Integration Architect — Bayt Live Search,Qatar,Qatar,Live Job Search,Live Job Search,Other Multinational & Enterprise,GCC,Qatar,Live / varies,Possibly Available,,,2026-07-20,Live search sorted toward newest results,Bayt,B,Recognized job platform,Platform,63,Medium,,https://www.bayt.com/en/qatar/jobs/Integration%20Architect-jobs/,"GCC live-search pack. This is a live search link, not one fixed vacancy."
job-00398,Platform-Indexed Vacancy,job,Enterprise Applications Manager — LinkedIn Live Search,Qatar,Qatar,Live Job Search,Live Job Search,Technology & Consulting,GCC,Qatar,Live / varies,Possibly Available,,,2026-07-20,Live search sorted toward newest results,LinkedIn,B,Recognized job platform,Platform,61,Medium,,https://www.linkedin.com/jobs/search/?keywords=Enterprise+Applications+Manager&sortBy=DD&location=Qatar,"GCC live-search pack. This is a live search link, not one fixed vacancy."
job-00399,Platform-Indexed Vacancy,job,Enterprise Applications Manager — GulfTalent Live Search,Qatar,Qatar,Live Job Search,Live Job Search,Technology & Consulting,GCC,Qatar,Live / varies,Possibly Available,,,2026-07-20,Live search sorted toward newest results,GulfTalent,B,Recognized job platform,Platform,61,Medium,,https://www.gulftalent.com/jobs?keywords=Enterprise+Applications+Manager,"GCC live-search pack. This is a live search link, not one fixed vacancy."
job-00400,Platform-Indexed Vacancy,job,Enterprise Applications Manager — Bayt Live Search,Qatar,Qatar,Live Job Search,Live Job Search,Technology & Consulting,GCC,Qatar,Live / varies,Possibly Available,,,2026-07-20,Live search sorted toward newest results,Bayt,B,Recognized job platform,Platform,61,Medium,,https://www.bayt.com/en/qatar/jobs/Enterprise%20Applications%20Manager-jobs/,"GCC live-search pack. This is a live search link, not one fixed vacancy."
job-00401,Platform-Indexed Vacancy,job,Cybersecurity Manager — LinkedIn Live Search,Qatar,Qatar,Live Job Search,Live Job Search,Technology & Consulting,GCC,Qatar,Live / varies,Possibly Available,,,2026-07-20,Live search sorted toward newest results,LinkedIn,B,Recognized job platform,Platform,58,Low,,https://www.linkedin.com/jobs/search/?keywords=Cybersecurity+Manager&sortBy=DD&location=Qatar,"GCC live-search pack. This is a live search link, not one fixed vacancy."
job-00402,Platform-Indexed Vacancy,job,Cybersecurity Manager — GulfTalent Live Search,Qatar,Qatar,Live Job Search,Live Job Search,Technology & Consulting,GCC,Qatar,Live / varies,Possibly Available,,,2026-07-20,Live search sorted toward newest results,GulfTalent,B,Recognized job platform,Platform,58,Low,,https://www.gulftalent.com/jobs?keywords=Cybersecurity+Manager,"GCC live-search pack. This is a live search link, not one fixed vacancy."
job-00403,Platform-Indexed Vacancy,job,Cybersecurity Manager — Bayt Live Search,Qatar,Qatar,Live Job Search,Live Job Search,Technology & Consulting,GCC,Qatar,Live / varies,Possibly Available,,,2026-07-20,Live search sorted toward newest results,Bayt,B,Recognized job platform,Platform,58,Low,,https://www.bayt.com/en/qatar/jobs/Cybersecurity%20Manager-jobs/,"GCC live-search pack. This is a live search link, not one fixed vacancy."
job-00404,Platform-Indexed Vacancy,job,AI Solution Architect — LinkedIn Live Search,Qatar,Qatar,Live Job Search,Live Job Search,Other Multinational & Enterprise,GCC,Qatar,Live / varies,Possibly Available,,,2026-07-20,Live search sorted toward newest results,LinkedIn,B,Recognized job platform,Platform,61,Medium,,https://www.linkedin.com/jobs/search/?keywords=AI+Solution+Architect&sortBy=DD&location=Qatar,"GCC live-search pack. This is a live search link, not one fixed vacancy."
job-00405,Platform-Indexed Vacancy,job,AI Solution Architect — GulfTalent Live Search,Qatar,Qatar,Live Job Search,Live Job Search,Other Multinational & Enterprise,GCC,Qatar,Live / varies,Possibly Available,,,2026-07-20,Live search sorted toward newest results,GulfTalent,B,Recognized job platform,Platform,61,Medium,,https://www.gulftalent.com/jobs?keywords=AI+Solution+Architect,"GCC live-search pack. This is a live search link, not one fixed vacancy."
job-00406,Platform-Indexed Vacancy,job,AI Solution Architect — Bayt Live Search,Qatar,Qatar,Live Job Search,Live Job Search,Other Multinational & Enterprise,GCC,Qatar,Live / varies,Possibly Available,,,2026-07-20,Live search sorted toward newest results,Bayt,B,Recognized job platform,Platform,61,Medium,,https://www.bayt.com/en/qatar/jobs/AI%20Solution%20Architect-jobs/,"GCC live-search pack. This is a live search link, not one fixed vacancy."
job-00407,Platform-Indexed Vacancy,job,Business Transformation Manager — LinkedIn Live Search,Qatar,Qatar,Live Job Search,Live Job Search,Other Multinational & Enterprise,GCC,Qatar,Live / varies,Possibly Available,,,2026-07-20,Live search sorted toward newest results,LinkedIn,B,Recognized job platform,Platform,58,Low,,https://www.linkedin.com/jobs/search/?keywords=Business+Transformation+Manager&sortBy=DD&location=Qatar,"GCC live-search pack. This is a live search link, not one fixed vacancy."
job-00408,Platform-Indexed Vacancy,job,Business Transformation Manager — GulfTalent Live Search,Qatar,Qatar,Live Job Search,Live Job Search,Other Multinational & Enterprise,GCC,Qatar,Live / varies,Possibly Available,,,2026-07-20,Live search sorted toward newest results,GulfTalent,B,Recognized job platform,Platform,58,Low,,https://www.gulftalent.com/jobs?keywords=Business+Transformation+Manager,"GCC live-search pack. This is a live search link, not one fixed vacancy."
job-00409,Platform-Indexed Vacancy,job,Business Transformation Manager — Bayt Live Search,Qatar,Qatar,Live Job Search,Live Job Search,Other Multinational & Enterprise,GCC,Qatar,Live / varies,Possibly Available,,,2026-07-20,Live search sorted toward newest results,Bayt,B,Recognized job platform,Platform,58,Low,,https://www.bayt.com/en/qatar/jobs/Business%20Transformation%20Manager-jobs/,"GCC live-search pack. This is a live search link, not one fixed vacancy."
job-00410,Platform-Indexed Vacancy,job,ServiceNow Architect — LinkedIn Live Search,Qatar,Qatar,Live Job Search,Live Job Search,Other Multinational & Enterprise,GCC,Qatar,Live / varies,Possibly Available,,,2026-07-20,Live search sorted toward newest results,LinkedIn,B,Recognized job platform,Platform,58,Low,,https://www.linkedin.com/jobs/search/?keywords=ServiceNow+Architect&sortBy=DD&location=Qatar,"GCC live-search pack. This is a live search link, not one fixed vacancy."
job-00411,Platform-Indexed Vacancy,job,ServiceNow Architect — GulfTalent Live Search,Qatar,Qatar,Live Job Search,Live Job Search,Other Multinational & Enterprise,GCC,Qatar,Live / varies,Possibly Available,,,2026-07-20,Live search sorted toward newest results,GulfTalent,B,Recognized job platform,Platform,58,Low,,https://www.gulftalent.com/jobs?keywords=ServiceNow+Architect,"GCC live-search pack. This is a live search link, not one fixed vacancy."
job-00412,Platform-Indexed Vacancy,job,ServiceNow Architect — Bayt Live Search,Qatar,Qatar,Live Job Search,Live Job Search,Other Multinational & Enterprise,GCC,Qatar,Live / varies,Possibly Available,,,2026-07-20,Live search sorted toward newest results,Bayt,B,Recognized job platform,Platform,58,Low,,https://www.bayt.com/en/qatar/jobs/ServiceNow%20Architect-jobs/,"GCC live-search pack. This is a live search link, not one fixed vacancy."
job-00413,Platform-Indexed Vacancy,job,ERP Program Manager — LinkedIn Live Search,Qatar,Qatar,Live Job Search,Live Job Search,Other Multinational & Enterprise,GCC,Qatar,Live / varies,Possibly Available,,,2026-07-20,Live search sorted toward newest results,LinkedIn,B,Recognized job platform,Platform,63,Medium,,https://www.linkedin.com/jobs/search/?keywords=ERP+Program+Manager&sortBy=DD&location=Qatar,"GCC live-search pack. This is a live search link, not one fixed vacancy."
job-00414,Platform-Indexed Vacancy,job,ERP Program Manager — GulfTalent Live Search,Qatar,Qatar,Live Job Search,Live Job Search,Other Multinational & Enterprise,GCC,Qatar,Live / varies,Possibly Available,,,2026-07-20,Live search sorted toward newest results,GulfTalent,B,Recognized job platform,Platform,63,Medium,,https://www.gulftalent.com/jobs?keywords=ERP+Program+Manager,"GCC live-search pack. This is a live search link, not one fixed vacancy."
job-00415,Platform-Indexed Vacancy,job,ERP Program Manager — Bayt Live Search,Qatar,Qatar,Live Job Search,Live Job Search,Other Multinational & Enterprise,GCC,Qatar,Live / varies,Possibly Available,,,2026-07-20,Live search sorted toward newest results,Bayt,B,Recognized job platform,Platform,63,Medium,,https://www.bayt.com/en/qatar/jobs/ERP%20Program%20Manager-jobs/,"GCC live-search pack. This is a live search link, not one fixed vacancy."
job-00416,Platform-Indexed Vacancy,job,ICT Manager — LinkedIn Live Search,Qatar,Qatar,Live Job Search,Live Job Search,Other Multinational & Enterprise,GCC,Qatar,Live / varies,Possibly Available,,,2026-07-20,Live search sorted toward newest results,LinkedIn,B,Recognized job platform,Platform,58,Low,,https://www.linkedin.com/jobs/search/?keywords=ICT+Manager&sortBy=DD&location=Qatar,"GCC live-search pack. This is a live search link, not one fixed vacancy."
job-00417,Platform-Indexed Vacancy,job,ICT Manager — GulfTalent Live Search,Qatar,Qatar,Live Job Search,Live Job Search,Other Multinational & Enterprise,GCC,Qatar,Live / varies,Possibly Available,,,2026-07-20,Live search sorted toward newest results,GulfTalent,B,Recognized job platform,Platform,58,Low,,https://www.gulftalent.com/jobs?keywords=ICT+Manager,"GCC live-search pack. This is a live search link, not one fixed vacancy."
job-00418,Platform-Indexed Vacancy,job,ICT Manager — Bayt Live Search,Qatar,Qatar,Live Job Search,Live Job Search,Other Multinational & Enterprise,GCC,Qatar,Live / varies,Possibly Available,,,2026-07-20,Live search sorted toward newest results,Bayt,B,Recognized job platform,Platform,58,Low,,https://www.bayt.com/en/qatar/jobs/ICT%20Manager-jobs/,"GCC live-search pack. This is a live search link, not one fixed vacancy."
job-00419,Platform-Indexed Vacancy,job,Enterprise Architect — LinkedIn Live Search,Kuwait,Kuwait,Live Job Search,Live Job Search,Technology & Consulting,GCC,Kuwait,Live / varies,Possibly Available,,,2026-07-20,Live search sorted toward newest results,LinkedIn,B,Recognized job platform,Platform,65,Medium,,https://www.linkedin.com/jobs/search/?keywords=Enterprise+Architect&sortBy=DD&location=Kuwait,"GCC live-search pack. This is a live search link, not one fixed vacancy."
job-00420,Platform-Indexed Vacancy,job,Enterprise Architect — GulfTalent Live Search,Kuwait,Kuwait,Live Job Search,Live Job Search,Technology & Consulting,GCC,Kuwait,Live / varies,Possibly Available,,,2026-07-20,Live search sorted toward newest results,GulfTalent,B,Recognized job platform,Platform,65,Medium,,https://www.gulftalent.com/jobs?keywords=Enterprise+Architect,"GCC live-search pack. This is a live search link, not one fixed vacancy."
job-00421,Platform-Indexed Vacancy,job,Enterprise Architect — Bayt Live Search,Kuwait,Kuwait,Live Job Search,Live Job Search,Technology & Consulting,GCC,Kuwait,Live / varies,Possibly Available,,,2026-07-20,Live search sorted toward newest results,Bayt,B,Recognized job platform,Platform,65,Medium,,https://www.bayt.com/en/kuwait/jobs/Enterprise%20Architect-jobs/,"GCC live-search pack. This is a live search link, not one fixed vacancy."
job-00422,Platform-Indexed Vacancy,job,Solution Architect — LinkedIn Live Search,Kuwait,Kuwait,Live Job Search,Live Job Search,Other Multinational & Enterprise,GCC,Kuwait,Live / varies,Possibly Available,,,2026-07-20,Live search sorted toward newest results,LinkedIn,B,Recognized job platform,Platform,61,Medium,,https://www.linkedin.com/jobs/search/?keywords=Solution+Architect&sortBy=DD&location=Kuwait,"GCC live-search pack. This is a live search link, not one fixed vacancy."
job-00423,Platform-Indexed Vacancy,job,Solution Architect — GulfTalent Live Search,Kuwait,Kuwait,Live Job Search,Live Job Search,Other Multinational & Enterprise,GCC,Kuwait,Live / varies,Possibly Available,,,2026-07-20,Live search sorted toward newest results,GulfTalent,B,Recognized job platform,Platform,61,Medium,,https://www.gulftalent.com/jobs?keywords=Solution+Architect,"GCC live-search pack. This is a live search link, not one fixed vacancy."
job-00424,Platform-Indexed Vacancy,job,Solution Architect — Bayt Live Search,Kuwait,Kuwait,Live Job Search,Live Job Search,Other Multinational & Enterprise,GCC,Kuwait,Live / varies,Possibly Available,,,2026-07-20,Live search sorted toward newest results,Bayt,B,Recognized job platform,Platform,61,Medium,,https://www.bayt.com/en/kuwait/jobs/Solution%20Architect-jobs/,"GCC live-search pack. This is a live search link, not one fixed vacancy."
job-00425,Platform-Indexed Vacancy,job,Digital Transformation Manager — LinkedIn Live Search,Kuwait,Kuwait,Live Job Search,Live Job Search,Technology & Consulting,GCC,Kuwait,Live / varies,Possibly Available,,,2026-07-20,Live search sorted toward newest results,LinkedIn,B,Recognized job platform,Platform,61,Medium,,https://www.linkedin.com/jobs/search/?keywords=Digital+Transformation+Manager&sortBy=DD&location=Kuwait,"GCC live-search pack. This is a live search link, not one fixed vacancy."
job-00426,Platform-Indexed Vacancy,job,Digital Transformation Manager — GulfTalent Live Search,Kuwait,Kuwait,Live Job Search,Live Job Search,Technology & Consulting,GCC,Kuwait,Live / varies,Possibly Available,,,2026-07-20,Live search sorted toward newest results,GulfTalent,B,Recognized job platform,Platform,61,Medium,,https://www.gulftalent.com/jobs?keywords=Digital+Transformation+Manager,"GCC live-search pack. This is a live search link, not one fixed vacancy."
job-00427,Platform-Indexed Vacancy,job,Digital Transformation Manager — Bayt Live Search,Kuwait,Kuwait,Live Job Search,Live Job Search,Technology & Consulting,GCC,Kuwait,Live / varies,Possibly Available,,,2026-07-20,Live search sorted toward newest results,Bayt,B,Recognized job platform,Platform,61,Medium,,https://www.bayt.com/en/kuwait/jobs/Digital%20Transformation%20Manager-jobs/,"GCC live-search pack. This is a live search link, not one fixed vacancy."
job-00428,Platform-Indexed Vacancy,job,IT Director — LinkedIn Live Search,Kuwait,Kuwait,Live Job Search,Live Job Search,Other Multinational & Enterprise,GCC,Kuwait,Live / varies,Possibly Available,,,2026-07-20,Live search sorted toward newest results,LinkedIn,B,Recognized job platform,Platform,65,Medium,,https://www.linkedin.com/jobs/search/?keywords=IT+Director&sortBy=DD&location=Kuwait,"GCC live-search pack. This is a live search link, not one fixed vacancy."
job-00429,Platform-Indexed Vacancy,job,IT Director — GulfTalent Live Search,Kuwait,Kuwait,Live Job Search,Live Job Search,Other Multinational & Enterprise,GCC,Kuwait,Live / varies,Possibly Available,,,2026-07-20,Live search sorted toward newest results,GulfTalent,B,Recognized job platform,Platform,65,Medium,,https://www.gulftalent.com/jobs?keywords=IT+Director,"GCC live-search pack. This is a live search link, not one fixed vacancy."
job-00430,Platform-Indexed Vacancy,job,IT Director — Bayt Live Search,Kuwait,Kuwait,Live Job Search,Live Job Search,Other Multinational & Enterprise,GCC,Kuwait,Live / varies,Possibly Available,,,2026-07-20,Live search sorted toward newest results,Bayt,B,Recognized job platform,Platform,65,Medium,,https://www.bayt.com/en/kuwait/jobs/IT%20Director-jobs/,"GCC live-search pack. This is a live search link, not one fixed vacancy."
job-00431,Platform-Indexed Vacancy,job,Head of Technology — LinkedIn Live Search,Kuwait,Kuwait,Live Job Search,Live Job Search,Technology & Consulting,GCC,Kuwait,Live / varies,Possibly Available,,,2026-07-20,Live search sorted toward newest results,LinkedIn,B,Recognized job platform,Platform,58,Low,,https://www.linkedin.com/jobs/search/?keywords=Head+of+Technology&sortBy=DD&location=Kuwait,"GCC live-search pack. This is a live search link, not one fixed vacancy."
job-00432,Platform-Indexed Vacancy,job,Head of Technology — GulfTalent Live Search,Kuwait,Kuwait,Live Job Search,Live Job Search,Technology & Consulting,GCC,Kuwait,Live / varies,Possibly Available,,,2026-07-20,Live search sorted toward newest results,GulfTalent,B,Recognized job platform,Platform,58,Low,,https://www.gulftalent.com/jobs?keywords=Head+of+Technology,"GCC live-search pack. This is a live search link, not one fixed vacancy."
job-00433,Platform-Indexed Vacancy,job,Head of Technology — Bayt Live Search,Kuwait,Kuwait,Live Job Search,Live Job Search,Technology & Consulting,GCC,Kuwait,Live / varies,Possibly Available,,,2026-07-20,Live search sorted toward newest results,Bayt,B,Recognized job platform,Platform,58,Low,,https://www.bayt.com/en/kuwait/jobs/Head%20of%20Technology-jobs/,"GCC live-search pack. This is a live search link, not one fixed vacancy."
job-00434,Platform-Indexed Vacancy,job,Technology Director — LinkedIn Live Search,Kuwait,Kuwait,Live Job Search,Live Job Search,Technology & Consulting,GCC,Kuwait,Live / varies,Possibly Available,,,2026-07-20,Live search sorted toward newest results,LinkedIn,B,Recognized job platform,Platform,65,Medium,,https://www.linkedin.com/jobs/search/?keywords=Technology+Director&sortBy=DD&location=Kuwait,"GCC live-search pack. This is a live search link, not one fixed vacancy."
job-00435,Platform-Indexed Vacancy,job,Technology Director — GulfTalent Live Search,Kuwait,Kuwait,Live Job Search,Live Job Search,Technology & Consulting,GCC,Kuwait,Live / varies,Possibly Available,,,2026-07-20,Live search sorted toward newest results,GulfTalent,B,Recognized job platform,Platform,65,Medium,,https://www.gulftalent.com/jobs?keywords=Technology+Director,"GCC live-search pack. This is a live search link, not one fixed vacancy."
job-00436,Platform-Indexed Vacancy,job,Technology Director — Bayt Live Search,Kuwait,Kuwait,Live Job Search,Live Job Search,Technology & Consulting,GCC,Kuwait,Live / varies,Possibly Available,,,2026-07-20,Live search sorted toward newest results,Bayt,B,Recognized job platform,Platform,65,Medium,,https://www.bayt.com/en/kuwait/jobs/Technology%20Director-jobs/,"GCC live-search pack. This is a live search link, not one fixed vacancy."
job-00437,Platform-Indexed Vacancy,job,IT Strategy Manager — LinkedIn Live Search,Kuwait,Kuwait,Live Job Search,Live Job Search,Other Multinational & Enterprise,GCC,Kuwait,Live / varies,Possibly Available,,,2026-07-20,Live search sorted toward newest results,LinkedIn,B,Recognized job platform,Platform,61,Medium,,https://www.linkedin.com/jobs/search/?keywords=IT+Strategy+Manager&sortBy=DD&location=Kuwait,"GCC live-search pack. This is a live search link, not one fixed vacancy."
job-00438,Platform-Indexed Vacancy,job,IT Strategy Manager — GulfTalent Live Search,Kuwait,Kuwait,Live Job Search,Live Job Search,Other Multinational & Enterprise,GCC,Kuwait,Live / varies,Possibly Available,,,2026-07-20,Live search sorted toward newest results,GulfTalent,B,Recognized job platform,Platform,61,Medium,,https://www.gulftalent.com/jobs?keywords=IT+Strategy+Manager,"GCC live-search pack. This is a live search link, not one fixed vacancy."
job-00439,Platform-Indexed Vacancy,job,IT Strategy Manager — Bayt Live Search,Kuwait,Kuwait,Live Job Search,Live Job Search,Other Multinational & Enterprise,GCC,Kuwait,Live / varies,Possibly Available,,,2026-07-20,Live search sorted toward newest results,Bayt,B,Recognized job platform,Platform,61,Medium,,https://www.bayt.com/en/kuwait/jobs/IT%20Strategy%20Manager-jobs/,"GCC live-search pack. This is a live search link, not one fixed vacancy."
job-00440,Platform-Indexed Vacancy,job,Data Architect — LinkedIn Live Search,Kuwait,Kuwait,Live Job Search,Live Job Search,Technology & Consulting,GCC,Kuwait,Live / varies,Possibly Available,,,2026-07-20,Live search sorted toward newest results,LinkedIn,B,Recognized job platform,Platform,59,Low,,https://www.linkedin.com/jobs/search/?keywords=Data+Architect&sortBy=DD&location=Kuwait,"GCC live-search pack. This is a live search link, not one fixed vacancy."
job-00441,Platform-Indexed Vacancy,job,Data Architect — GulfTalent Live Search,Kuwait,Kuwait,Live Job Search,Live Job Search,Technology & Consulting,GCC,Kuwait,Live / varies,Possibly Available,,,2026-07-20,Live search sorted toward newest results,GulfTalent,B,Recognized job platform,Platform,59,Low,,https://www.gulftalent.com/jobs?keywords=Data+Architect,"GCC live-search pack. This is a live search link, not one fixed vacancy."
job-00442,Platform-Indexed Vacancy,job,Data Architect — Bayt Live Search,Kuwait,Kuwait,Live Job Search,Live Job Search,Technology & Consulting,GCC,Kuwait,Live / varies,Possibly Available,,,2026-07-20,Live search sorted toward newest results,Bayt,B,Recognized job platform,Platform,59,Low,,https://www.bayt.com/en/kuwait/jobs/Data%20Architect-jobs/,"GCC live-search pack. This is a live search link, not one fixed vacancy."
job-00443,Platform-Indexed Vacancy,job,Data Governance Manager — LinkedIn Live Search,Kuwait,Kuwait,Live Job Search,Live Job Search,Technology & Consulting,GCC,Kuwait,Live / varies,Possibly Available,,,2026-07-20,Live search sorted toward newest results,LinkedIn,B,Recognized job platform,Platform,65,Medium,,https://www.linkedin.com/jobs/search/?keywords=Data+Governance+Manager&sortBy=DD&location=Kuwait,"GCC live-search pack. This is a live search link, not one fixed vacancy."
job-00444,Platform-Indexed Vacancy,job,Data Governance Manager — GulfTalent Live Search,Kuwait,Kuwait,Live Job Search,Live Job Search,Technology & Consulting,GCC,Kuwait,Live / varies,Possibly Available,,,2026-07-20,Live search sorted toward newest results,GulfTalent,B,Recognized job platform,Platform,65,Medium,,https://www.gulftalent.com/jobs?keywords=Data+Governance+Manager,"GCC live-search pack. This is a live search link, not one fixed vacancy."
job-00445,Platform-Indexed Vacancy,job,Data Governance Manager — Bayt Live Search,Kuwait,Kuwait,Live Job Search,Live Job Search,Technology & Consulting,GCC,Kuwait,Live / varies,Possibly Available,,,2026-07-20,Live search sorted toward newest results,Bayt,B,Recognized job platform,Platform,65,Medium,,https://www.bayt.com/en/kuwait/jobs/Data%20Governance%20Manager-jobs/,"GCC live-search pack. This is a live search link, not one fixed vacancy."
job-00446,Platform-Indexed Vacancy,job,Chief Data Officer — LinkedIn Live Search,Kuwait,Kuwait,Live Job Search,Live Job Search,Technology & Consulting,GCC,Kuwait,Live / varies,Possibly Available,,,2026-07-20,Live search sorted toward newest results,LinkedIn,B,Recognized job platform,Platform,59,Low,,https://www.linkedin.com/jobs/search/?keywords=Chief+Data+Officer&sortBy=DD&location=Kuwait,"GCC live-search pack. This is a live search link, not one fixed vacancy."
job-00447,Platform-Indexed Vacancy,job,Chief Data Officer — GulfTalent Live Search,Kuwait,Kuwait,Live Job Search,Live Job Search,Technology & Consulting,GCC,Kuwait,Live / varies,Possibly Available,,,2026-07-20,Live search sorted toward newest results,GulfTalent,B,Recognized job platform,Platform,59,Low,,https://www.gulftalent.com/jobs?keywords=Chief+Data+Officer,"GCC live-search pack. This is a live search link, not one fixed vacancy."
job-00448,Platform-Indexed Vacancy,job,Chief Data Officer — Bayt Live Search,Kuwait,Kuwait,Live Job Search,Live Job Search,Technology & Consulting,GCC,Kuwait,Live / varies,Possibly Available,,,2026-07-20,Live search sorted toward newest results,Bayt,B,Recognized job platform,Platform,59,Low,,https://www.bayt.com/en/kuwait/jobs/Chief%20Data%20Officer-jobs/,"GCC live-search pack. This is a live search link, not one fixed vacancy."
job-00449,Platform-Indexed Vacancy,job,Healthcare IT Manager — LinkedIn Live Search,Kuwait,Kuwait,Live Job Search,Live Job Search,Healthcare & Life Sciences,GCC,Kuwait,Live / varies,Possibly Available,,,2026-07-20,Live search sorted toward newest results,LinkedIn,B,Recognized job platform,Platform,63,Medium,,https://www.linkedin.com/jobs/search/?keywords=Healthcare+IT+Manager&sortBy=DD&location=Kuwait,"GCC live-search pack. This is a live search link, not one fixed vacancy."
job-00450,Platform-Indexed Vacancy,job,Healthcare IT Manager — GulfTalent Live Search,Kuwait,Kuwait,Live Job Search,Live Job Search,Healthcare & Life Sciences,GCC,Kuwait,Live / varies,Possibly Available,,,2026-07-20,Live search sorted toward newest results,GulfTalent,B,Recognized job platform,Platform,63,Medium,,https://www.gulftalent.com/jobs?keywords=Healthcare+IT+Manager,"GCC live-search pack. This is a live search link, not one fixed vacancy."
job-00451,Platform-Indexed Vacancy,job,Healthcare IT Manager — Bayt Live Search,Kuwait,Kuwait,Live Job Search,Live Job Search,Healthcare & Life Sciences,GCC,Kuwait,Live / varies,Possibly Available,,,2026-07-20,Live search sorted toward newest results,Bayt,B,Recognized job platform,Platform,63,Medium,,https://www.bayt.com/en/kuwait/jobs/Healthcare%20IT%20Manager-jobs/,"GCC live-search pack. This is a live search link, not one fixed vacancy."
job-00452,Platform-Indexed Vacancy,job,Health Informatics — LinkedIn Live Search,Kuwait,Kuwait,Live Job Search,Live Job Search,Healthcare & Life Sciences,GCC,Kuwait,Live / varies,Possibly Available,,,2026-07-20,Live search sorted toward newest results,LinkedIn,B,Recognized job platform,Platform,54,Low,,https://www.linkedin.com/jobs/search/?keywords=Health+Informatics&sortBy=DD&location=Kuwait,"GCC live-search pack. This is a live search link, not one fixed vacancy."
job-00453,Platform-Indexed Vacancy,job,Health Informatics — GulfTalent Live Search,Kuwait,Kuwait,Live Job Search,Live Job Search,Healthcare & Life Sciences,GCC,Kuwait,Live / varies,Possibly Available,,,2026-07-20,Live search sorted toward newest results,GulfTalent,B,Recognized job platform,Platform,54,Low,,https://www.gulftalent.com/jobs?keywords=Health+Informatics,"GCC live-search pack. This is a live search link, not one fixed vacancy."
job-00454,Platform-Indexed Vacancy,job,Health Informatics — Bayt Live Search,Kuwait,Kuwait,Live Job Search,Live Job Search,Healthcare & Life Sciences,GCC,Kuwait,Live / varies,Possibly Available,,,2026-07-20,Live search sorted toward newest results,Bayt,B,Recognized job platform,Platform,54,Low,,https://www.bayt.com/en/kuwait/jobs/Health%20Informatics-jobs/,"GCC live-search pack. This is a live search link, not one fixed vacancy."
job-00455,Platform-Indexed Vacancy,job,Digital Health — LinkedIn Live Search,Kuwait,Kuwait,Live Job Search,Live Job Search,Healthcare & Life Sciences,GCC,Kuwait,Live / varies,Possibly Available,,,2026-07-20,Live search sorted toward newest results,LinkedIn,B,Recognized job platform,Platform,57,Low,,https://www.linkedin.com/jobs/search/?keywords=Digital+Health&sortBy=DD&location=Kuwait,"GCC live-search pack. This is a live search link, not one fixed vacancy."
job-00456,Platform-Indexed Vacancy,job,Digital Health — GulfTalent Live Search,Kuwait,Kuwait,Live Job Search,Live Job Search,Healthcare & Life Sciences,GCC,Kuwait,Live / varies,Possibly Available,,,2026-07-20,Live search sorted toward newest results,GulfTalent,B,Recognized job platform,Platform,57,Low,,https://www.gulftalent.com/jobs?keywords=Digital+Health,"GCC live-search pack. This is a live search link, not one fixed vacancy."
job-00457,Platform-Indexed Vacancy,job,Digital Health — Bayt Live Search,Kuwait,Kuwait,Live Job Search,Live Job Search,Healthcare & Life Sciences,GCC,Kuwait,Live / varies,Possibly Available,,,2026-07-20,Live search sorted toward newest results,Bayt,B,Recognized job platform,Platform,57,Low,,https://www.bayt.com/en/kuwait/jobs/Digital%20Health-jobs/,"GCC live-search pack. This is a live search link, not one fixed vacancy."
job-00458,Platform-Indexed Vacancy,job,Technical Program Manager — LinkedIn Live Search,Kuwait,Kuwait,Live Job Search,Live Job Search,Other Multinational & Enterprise,GCC,Kuwait,Live / varies,Possibly Available,,,2026-07-20,Live search sorted toward newest results,LinkedIn,B,Recognized job platform,Platform,65,Medium,,https://www.linkedin.com/jobs/search/?keywords=Technical+Program+Manager&sortBy=DD&location=Kuwait,"GCC live-search pack. This is a live search link, not one fixed vacancy."
job-00459,Platform-Indexed Vacancy,job,Technical Program Manager — GulfTalent Live Search,Kuwait,Kuwait,Live Job Search,Live Job Search,Other Multinational & Enterprise,GCC,Kuwait,Live / varies,Possibly Available,,,2026-07-20,Live search sorted toward newest results,GulfTalent,B,Recognized job platform,Platform,65,Medium,,https://www.gulftalent.com/jobs?keywords=Technical+Program+Manager,"GCC live-search pack. This is a live search link, not one fixed vacancy."
job-00460,Platform-Indexed Vacancy,job,Technical Program Manager — Bayt Live Search,Kuwait,Kuwait,Live Job Search,Live Job Search,Other Multinational & Enterprise,GCC,Kuwait,Live / varies,Possibly Available,,,2026-07-20,Live search sorted toward newest results,Bayt,B,Recognized job platform,Platform,65,Medium,,https://www.bayt.com/en/kuwait/jobs/Technical%20Program%20Manager-jobs/,"GCC live-search pack. This is a live search link, not one fixed vacancy."
job-00461,Platform-Indexed Vacancy,job,IT Portfolio Manager — LinkedIn Live Search,Kuwait,Kuwait,Live Job Search,Live Job Search,Supply Chain & Logistics,GCC,Kuwait,Live / varies,Possibly Available,,,2026-07-20,Live search sorted toward newest results,LinkedIn,B,Recognized job platform,Platform,58,Low,,https://www.linkedin.com/jobs/search/?keywords=IT+Portfolio+Manager&sortBy=DD&location=Kuwait,"GCC live-search pack. This is a live search link, not one fixed vacancy."
job-00462,Platform-Indexed Vacancy,job,IT Portfolio Manager — GulfTalent Live Search,Kuwait,Kuwait,Live Job Search,Live Job Search,Supply Chain & Logistics,GCC,Kuwait,Live / varies,Possibly Available,,,2026-07-20,Live search sorted toward newest results,GulfTalent,B,Recognized job platform,Platform,58,Low,,https://www.gulftalent.com/jobs?keywords=IT+Portfolio+Manager,"GCC live-search pack. This is a live search link, not one fixed vacancy."
job-00463,Platform-Indexed Vacancy,job,IT Portfolio Manager — Bayt Live Search,Kuwait,Kuwait,Live Job Search,Live Job Search,Supply Chain & Logistics,GCC,Kuwait,Live / varies,Possibly Available,,,2026-07-20,Live search sorted toward newest results,Bayt,B,Recognized job platform,Platform,58,Low,,https://www.bayt.com/en/kuwait/jobs/IT%20Portfolio%20Manager-jobs/,"GCC live-search pack. This is a live search link, not one fixed vacancy."
job-00464,Platform-Indexed Vacancy,job,PMO Manager — LinkedIn Live Search,Kuwait,Kuwait,Live Job Search,Live Job Search,Other Multinational & Enterprise,GCC,Kuwait,Live / varies,Possibly Available,,,2026-07-20,Live search sorted toward newest results,LinkedIn,B,Recognized job platform,Platform,58,Low,,https://www.linkedin.com/jobs/search/?keywords=PMO+Manager&sortBy=DD&location=Kuwait,"GCC live-search pack. This is a live search link, not one fixed vacancy."
job-00465,Platform-Indexed Vacancy,job,PMO Manager — GulfTalent Live Search,Kuwait,Kuwait,Live Job Search,Live Job Search,Other Multinational & Enterprise,GCC,Kuwait,Live / varies,Possibly Available,,,2026-07-20,Live search sorted toward newest results,GulfTalent,B,Recognized job platform,Platform,58,Low,,https://www.gulftalent.com/jobs?keywords=PMO+Manager,"GCC live-search pack. This is a live search link, not one fixed vacancy."
job-00466,Platform-Indexed Vacancy,job,PMO Manager — Bayt Live Search,Kuwait,Kuwait,Live Job Search,Live Job Search,Other Multinational & Enterprise,GCC,Kuwait,Live / varies,Possibly Available,,,2026-07-20,Live search sorted toward newest results,Bayt,B,Recognized job platform,Platform,58,Low,,https://www.bayt.com/en/kuwait/jobs/PMO%20Manager-jobs/,"GCC live-search pack. This is a live search link, not one fixed vacancy."
job-00467,Platform-Indexed Vacancy,job,Cloud Architect — LinkedIn Live Search,Kuwait,Kuwait,Live Job Search,Live Job Search,Technology & Consulting,GCC,Kuwait,Live / varies,Possibly Available,,,2026-07-20,Live search sorted toward newest results,LinkedIn,B,Recognized job platform,Platform,59,Low,,https://www.linkedin.com/jobs/search/?keywords=Cloud+Architect&sortBy=DD&location=Kuwait,"GCC live-search pack. This is a live search link, not one fixed vacancy."
job-00468,Platform-Indexed Vacancy,job,Cloud Architect — GulfTalent Live Search,Kuwait,Kuwait,Live Job Search,Live Job Search,Technology & Consulting,GCC,Kuwait,Live / varies,Possibly Available,,,2026-07-20,Live search sorted toward newest results,GulfTalent,B,Recognized job platform,Platform,59,Low,,https://www.gulftalent.com/jobs?keywords=Cloud+Architect,"GCC live-search pack. This is a live search link, not one fixed vacancy."
job-00469,Platform-Indexed Vacancy,job,Cloud Architect — Bayt Live Search,Kuwait,Kuwait,Live Job Search,Live Job Search,Technology & Consulting,GCC,Kuwait,Live / varies,Possibly Available,,,2026-07-20,Live search sorted toward newest results,Bayt,B,Recognized job platform,Platform,59,Low,,https://www.bayt.com/en/kuwait/jobs/Cloud%20Architect-jobs/,"GCC live-search pack. This is a live search link, not one fixed vacancy."
job-00470,Platform-Indexed Vacancy,job,Integration Architect — LinkedIn Live Search,Kuwait,Kuwait,Live Job Search,Live Job Search,Other Multinational & Enterprise,GCC,Kuwait,Live / varies,Possibly Available,,,2026-07-20,Live search sorted toward newest results,LinkedIn,B,Recognized job platform,Platform,63,Medium,,https://www.linkedin.com/jobs/search/?keywords=Integration+Architect&sortBy=DD&location=Kuwait,"GCC live-search pack. This is a live search link, not one fixed vacancy."
job-00471,Platform-Indexed Vacancy,job,Integration Architect — GulfTalent Live Search,Kuwait,Kuwait,Live Job Search,Live Job Search,Other Multinational & Enterprise,GCC,Kuwait,Live / varies,Possibly Available,,,2026-07-20,Live search sorted toward newest results,GulfTalent,B,Recognized job platform,Platform,63,Medium,,https://www.gulftalent.com/jobs?keywords=Integration+Architect,"GCC live-search pack. This is a live search link, not one fixed vacancy."
job-00472,Platform-Indexed Vacancy,job,Integration Architect — Bayt Live Search,Kuwait,Kuwait,Live Job Search,Live Job Search,Other Multinational & Enterprise,GCC,Kuwait,Live / varies,Possibly Available,,,2026-07-20,Live search sorted toward newest results,Bayt,B,Recognized job platform,Platform,63,Medium,,https://www.bayt.com/en/kuwait/jobs/Integration%20Architect-jobs/,"GCC live-search pack. This is a live search link, not one fixed vacancy."
job-00473,Platform-Indexed Vacancy,job,Enterprise Applications Manager — LinkedIn Live Search,Kuwait,Kuwait,Live Job Search,Live Job Search,Technology & Consulting,GCC,Kuwait,Live / varies,Possibly Available,,,2026-07-20,Live search sorted toward newest results,LinkedIn,B,Recognized job platform,Platform,61,Medium,,https://www.linkedin.com/jobs/search/?keywords=Enterprise+Applications+Manager&sortBy=DD&location=Kuwait,"GCC live-search pack. This is a live search link, not one fixed vacancy."
job-00474,Platform-Indexed Vacancy,job,Enterprise Applications Manager — GulfTalent Live Search,Kuwait,Kuwait,Live Job Search,Live Job Search,Technology & Consulting,GCC,Kuwait,Live / varies,Possibly Available,,,2026-07-20,Live search sorted toward newest results,GulfTalent,B,Recognized job platform,Platform,61,Medium,,https://www.gulftalent.com/jobs?keywords=Enterprise+Applications+Manager,"GCC live-search pack. This is a live search link, not one fixed vacancy."
job-00475,Platform-Indexed Vacancy,job,Enterprise Applications Manager — Bayt Live Search,Kuwait,Kuwait,Live Job Search,Live Job Search,Technology & Consulting,GCC,Kuwait,Live / varies,Possibly Available,,,2026-07-20,Live search sorted toward newest results,Bayt,B,Recognized job platform,Platform,61,Medium,,https://www.bayt.com/en/kuwait/jobs/Enterprise%20Applications%20Manager-jobs/,"GCC live-search pack. This is a live search link, not one fixed vacancy."
job-00476,Platform-Indexed Vacancy,job,Cybersecurity Manager — LinkedIn Live Search,Kuwait,Kuwait,Live Job Search,Live Job Search,Technology & Consulting,GCC,Kuwait,Live / varies,Possibly Available,,,2026-07-20,Live search sorted toward newest results,LinkedIn,B,Recognized job platform,Platform,58,Low,,https://www.linkedin.com/jobs/search/?keywords=Cybersecurity+Manager&sortBy=DD&location=Kuwait,"GCC live-search pack. This is a live search link, not one fixed vacancy."
job-00477,Platform-Indexed Vacancy,job,Cybersecurity Manager — GulfTalent Live Search,Kuwait,Kuwait,Live Job Search,Live Job Search,Technology & Consulting,GCC,Kuwait,Live / varies,Possibly Available,,,2026-07-20,Live search sorted toward newest results,GulfTalent,B,Recognized job platform,Platform,58,Low,,https://www.gulftalent.com/jobs?keywords=Cybersecurity+Manager,"GCC live-search pack. This is a live search link, not one fixed vacancy."
job-00478,Platform-Indexed Vacancy,job,Cybersecurity Manager — Bayt Live Search,Kuwait,Kuwait,Live Job Search,Live Job Search,Technology & Consulting,GCC,Kuwait,Live / varies,Possibly Available,,,2026-07-20,Live search sorted toward newest results,Bayt,B,Recognized job platform,Platform,58,Low,,https://www.bayt.com/en/kuwait/jobs/Cybersecurity%20Manager-jobs/,"GCC live-search pack. This is a live search link, not one fixed vacancy."
job-00479,Platform-Indexed Vacancy,job,AI Solution Architect — LinkedIn Live Search,Kuwait,Kuwait,Live Job Search,Live Job Search,Other Multinational & Enterprise,GCC,Kuwait,Live / varies,Possibly Available,,,2026-07-20,Live search sorted toward newest results,LinkedIn,B,Recognized job platform,Platform,61,Medium,,https://www.linkedin.com/jobs/search/?keywords=AI+Solution+Architect&sortBy=DD&location=Kuwait,"GCC live-search pack. This is a live search link, not one fixed vacancy."
job-00480,Platform-Indexed Vacancy,job,AI Solution Architect — GulfTalent Live Search,Kuwait,Kuwait,Live Job Search,Live Job Search,Other Multinational & Enterprise,GCC,Kuwait,Live / varies,Possibly Available,,,2026-07-20,Live search sorted toward newest results,GulfTalent,B,Recognized job platform,Platform,61,Medium,,https://www.gulftalent.com/jobs?keywords=AI+Solution+Architect,"GCC live-search pack. This is a live search link, not one fixed vacancy."
job-00481,Platform-Indexed Vacancy,job,AI Solution Architect — Bayt Live Search,Kuwait,Kuwait,Live Job Search,Live Job Search,Other Multinational & Enterprise,GCC,Kuwait,Live / varies,Possibly Available,,,2026-07-20,Live search sorted toward newest results,Bayt,B,Recognized job platform,Platform,61,Medium,,https://www.bayt.com/en/kuwait/jobs/AI%20Solution%20Architect-jobs/,"GCC live-search pack. This is a live search link, not one fixed vacancy."
job-00482,Platform-Indexed Vacancy,job,Business Transformation Manager — LinkedIn Live Search,Kuwait,Kuwait,Live Job Search,Live Job Search,Other Multinational & Enterprise,GCC,Kuwait,Live / varies,Possibly Available,,,2026-07-20,Live search sorted toward newest results,LinkedIn,B,Recognized job platform,Platform,58,Low,,https://www.linkedin.com/jobs/search/?keywords=Business+Transformation+Manager&sortBy=DD&location=Kuwait,"GCC live-search pack. This is a live search link, not one fixed vacancy."
job-00483,Platform-Indexed Vacancy,job,Business Transformation Manager — GulfTalent Live Search,Kuwait,Kuwait,Live Job Search,Live Job Search,Other Multinational & Enterprise,GCC,Kuwait,Live / varies,Possibly Available,,,2026-07-20,Live search sorted toward newest results,GulfTalent,B,Recognized job platform,Platform,58,Low,,https://www.gulftalent.com/jobs?keywords=Business+Transformation+Manager,"GCC live-search pack. This is a live search link, not one fixed vacancy."
job-00484,Platform-Indexed Vacancy,job,Business Transformation Manager — Bayt Live Search,Kuwait,Kuwait,Live Job Search,Live Job Search,Other Multinational & Enterprise,GCC,Kuwait,Live / varies,Possibly Available,,,2026-07-20,Live search sorted toward newest results,Bayt,B,Recognized job platform,Platform,58,Low,,https://www.bayt.com/en/kuwait/jobs/Business%20Transformation%20Manager-jobs/,"GCC live-search pack. This is a live search link, not one fixed vacancy."
job-00485,Platform-Indexed Vacancy,job,ServiceNow Architect — LinkedIn Live Search,Kuwait,Kuwait,Live Job Search,Live Job Search,Other Multinational & Enterprise,GCC,Kuwait,Live / varies,Possibly Available,,,2026-07-20,Live search sorted toward newest results,LinkedIn,B,Recognized job platform,Platform,58,Low,,https://www.linkedin.com/jobs/search/?keywords=ServiceNow+Architect&sortBy=DD&location=Kuwait,"GCC live-search pack. This is a live search link, not one fixed vacancy."
job-00486,Platform-Indexed Vacancy,job,ServiceNow Architect — GulfTalent Live Search,Kuwait,Kuwait,Live Job Search,Live Job Search,Other Multinational & Enterprise,GCC,Kuwait,Live / varies,Possibly Available,,,2026-07-20,Live search sorted toward newest results,GulfTalent,B,Recognized job platform,Platform,58,Low,,https://www.gulftalent.com/jobs?keywords=ServiceNow+Architect,"GCC live-search pack. This is a live search link, not one fixed vacancy."
job-00487,Platform-Indexed Vacancy,job,ServiceNow Architect — Bayt Live Search,Kuwait,Kuwait,Live Job Search,Live Job Search,Other Multinational & Enterprise,GCC,Kuwait,Live / varies,Possibly Available,,,2026-07-20,Live search sorted toward newest results,Bayt,B,Recognized job platform,Platform,58,Low,,https://www.bayt.com/en/kuwait/jobs/ServiceNow%20Architect-jobs/,"GCC live-search pack. This is a live search link, not one fixed vacancy."
job-00488,Platform-Indexed Vacancy,job,ERP Program Manager — LinkedIn Live Search,Kuwait,Kuwait,Live Job Search,Live Job Search,Other Multinational & Enterprise,GCC,Kuwait,Live / varies,Possibly Available,,,2026-07-20,Live search sorted toward newest results,LinkedIn,B,Recognized job platform,Platform,63,Medium,,https://www.linkedin.com/jobs/search/?keywords=ERP+Program+Manager&sortBy=DD&location=Kuwait,"GCC live-search pack. This is a live search link, not one fixed vacancy."
job-00489,Platform-Indexed Vacancy,job,ERP Program Manager — GulfTalent Live Search,Kuwait,Kuwait,Live Job Search,Live Job Search,Other Multinational & Enterprise,GCC,Kuwait,Live / varies,Possibly Available,,,2026-07-20,Live search sorted toward newest results,GulfTalent,B,Recognized job platform,Platform,63,Medium,,https://www.gulftalent.com/jobs?keywords=ERP+Program+Manager,"GCC live-search pack. This is a live search link, not one fixed vacancy."
job-00490,Platform-Indexed Vacancy,job,ERP Program Manager — Bayt Live Search,Kuwait,Kuwait,Live Job Search,Live Job Search,Other Multinational & Enterprise,GCC,Kuwait,Live / varies,Possibly Available,,,2026-07-20,Live search sorted toward newest results,Bayt,B,Recognized job platform,Platform,63,Medium,,https://www.bayt.com/en/kuwait/jobs/ERP%20Program%20Manager-jobs/,"GCC live-search pack. This is a live search link, not one fixed vacancy."
job-00491,Platform-Indexed Vacancy,job,ICT Manager — LinkedIn Live Search,Kuwait,Kuwait,Live Job Search,Live Job Search,Other Multinational & Enterprise,GCC,Kuwait,Live / varies,Possibly Available,,,2026-07-20,Live search sorted toward newest results,LinkedIn,B,Recognized job platform,Platform,58,Low,,https://www.linkedin.com/jobs/search/?keywords=ICT+Manager&sortBy=DD&location=Kuwait,"GCC live-search pack. This is a live search link, not one fixed vacancy."
job-00492,Platform-Indexed Vacancy,job,ICT Manager — GulfTalent Live Search,Kuwait,Kuwait,Live Job Search,Live Job Search,Other Multinational & Enterprise,GCC,Kuwait,Live / varies,Possibly Available,,,2026-07-20,Live search sorted toward newest results,GulfTalent,B,Recognized job platform,Platform,58,Low,,https://www.gulftalent.com/jobs?keywords=ICT+Manager,"GCC live-search pack. This is a live search link, not one fixed vacancy."
job-00493,Platform-Indexed Vacancy,job,ICT Manager — Bayt Live Search,Kuwait,Kuwait,Live Job Search,Live Job Search,Other Multinational & Enterprise,GCC,Kuwait,Live / varies,Possibly Available,,,2026-07-20,Live search sorted toward newest results,Bayt,B,Recognized job platform,Platform,58,Low,,https://www.bayt.com/en/kuwait/jobs/ICT%20Manager-jobs/,"GCC live-search pack. This is a live search link, not one fixed vacancy."
job-00494,Platform-Indexed Vacancy,job,Enterprise Architect — LinkedIn Live Search,Oman,Oman,Live Job Search,Live Job Search,Technology & Consulting,GCC,Oman,Live / varies,Possibly Available,,,2026-07-20,Live search sorted toward newest results,LinkedIn,B,Recognized job platform,Platform,65,Medium,,https://www.linkedin.com/jobs/search/?keywords=Enterprise+Architect&sortBy=DD&location=Oman,"GCC live-search pack. This is a live search link, not one fixed vacancy."
job-00495,Platform-Indexed Vacancy,job,Enterprise Architect — GulfTalent Live Search,Oman,Oman,Live Job Search,Live Job Search,Technology & Consulting,GCC,Oman,Live / varies,Possibly Available,,,2026-07-20,Live search sorted toward newest results,GulfTalent,B,Recognized job platform,Platform,65,Medium,,https://www.gulftalent.com/jobs?keywords=Enterprise+Architect,"GCC live-search pack. This is a live search link, not one fixed vacancy."
job-00496,Platform-Indexed Vacancy,job,Enterprise Architect — Bayt Live Search,Oman,Oman,Live Job Search,Live Job Search,Technology & Consulting,GCC,Oman,Live / varies,Possibly Available,,,2026-07-20,Live search sorted toward newest results,Bayt,B,Recognized job platform,Platform,65,Medium,,https://www.bayt.com/en/oman/jobs/Enterprise%20Architect-jobs/,"GCC live-search pack. This is a live search link, not one fixed vacancy."
job-00497,Platform-Indexed Vacancy,job,Solution Architect — LinkedIn Live Search,Oman,Oman,Live Job Search,Live Job Search,Other Multinational & Enterprise,GCC,Oman,Live / varies,Possibly Available,,,2026-07-20,Live search sorted toward newest results,LinkedIn,B,Recognized job platform,Platform,61,Medium,,https://www.linkedin.com/jobs/search/?keywords=Solution+Architect&sortBy=DD&location=Oman,"GCC live-search pack. This is a live search link, not one fixed vacancy."
job-00498,Platform-Indexed Vacancy,job,Solution Architect — GulfTalent Live Search,Oman,Oman,Live Job Search,Live Job Search,Other Multinational & Enterprise,GCC,Oman,Live / varies,Possibly Available,,,2026-07-20,Live search sorted toward newest results,GulfTalent,B,Recognized job platform,Platform,61,Medium,,https://www.gulftalent.com/jobs?keywords=Solution+Architect,"GCC live-search pack. This is a live search link, not one fixed vacancy."
job-00499,Platform-Indexed Vacancy,job,Solution Architect — Bayt Live Search,Oman,Oman,Live Job Search,Live Job Search,Other Multinational & Enterprise,GCC,Oman,Live / varies,Possibly Available,,,2026-07-20,Live search sorted toward newest results,Bayt,B,Recognized job platform,Platform,61,Medium,,https://www.bayt.com/en/oman/jobs/Solution%20Architect-jobs/,"GCC live-search pack. This is a live search link, not one fixed vacancy."
job-00500,Platform-Indexed Vacancy,job,Digital Transformation Manager — LinkedIn Live Search,Oman,Oman,Live Job Search,Live Job Search,Technology & Consulting,GCC,Oman,Live / varies,Possibly Available,,,2026-07-20,Live search sorted toward newest results,LinkedIn,B,Recognized job platform,Platform,61,Medium,,https://www.linkedin.com/jobs/search/?keywords=Digital+Transformation+Manager&sortBy=DD&location=Oman,"GCC live-search pack. This is a live search link, not one fixed vacancy."
job-00501,Platform-Indexed Vacancy,job,Digital Transformation Manager — GulfTalent Live Search,Oman,Oman,Live Job Search,Live Job Search,Technology & Consulting,GCC,Oman,Live / varies,Possibly Available,,,2026-07-20,Live search sorted toward newest results,GulfTalent,B,Recognized job platform,Platform,61,Medium,,https://www.gulftalent.com/jobs?keywords=Digital+Transformation+Manager,"GCC live-search pack. This is a live search link, not one fixed vacancy."
job-00502,Platform-Indexed Vacancy,job,Digital Transformation Manager — Bayt Live Search,Oman,Oman,Live Job Search,Live Job Search,Technology & Consulting,GCC,Oman,Live / varies,Possibly Available,,,2026-07-20,Live search sorted toward newest results,Bayt,B,Recognized job platform,Platform,61,Medium,,https://www.bayt.com/en/oman/jobs/Digital%20Transformation%20Manager-jobs/,"GCC live-search pack. This is a live search link, not one fixed vacancy."
job-00503,Platform-Indexed Vacancy,job,IT Director — LinkedIn Live Search,Oman,Oman,Live Job Search,Live Job Search,Other Multinational & Enterprise,GCC,Oman,Live / varies,Possibly Available,,,2026-07-20,Live search sorted toward newest results,LinkedIn,B,Recognized job platform,Platform,65,Medium,,https://www.linkedin.com/jobs/search/?keywords=IT+Director&sortBy=DD&location=Oman,"GCC live-search pack. This is a live search link, not one fixed vacancy."
job-00504,Platform-Indexed Vacancy,job,IT Director — GulfTalent Live Search,Oman,Oman,Live Job Search,Live Job Search,Other Multinational & Enterprise,GCC,Oman,Live / varies,Possibly Available,,,2026-07-20,Live search sorted toward newest results,GulfTalent,B,Recognized job platform,Platform,65,Medium,,https://www.gulftalent.com/jobs?keywords=IT+Director,"GCC live-search pack. This is a live search link, not one fixed vacancy."
job-00505,Platform-Indexed Vacancy,job,IT Director — Bayt Live Search,Oman,Oman,Live Job Search,Live Job Search,Other Multinational & Enterprise,GCC,Oman,Live / varies,Possibly Available,,,2026-07-20,Live search sorted toward newest results,Bayt,B,Recognized job platform,Platform,65,Medium,,https://www.bayt.com/en/oman/jobs/IT%20Director-jobs/,"GCC live-search pack. This is a live search link, not one fixed vacancy."
job-00506,Platform-Indexed Vacancy,job,Head of Technology — LinkedIn Live Search,Oman,Oman,Live Job Search,Live Job Search,Technology & Consulting,GCC,Oman,Live / varies,Possibly Available,,,2026-07-20,Live search sorted toward newest results,LinkedIn,B,Recognized job platform,Platform,58,Low,,https://www.linkedin.com/jobs/search/?keywords=Head+of+Technology&sortBy=DD&location=Oman,"GCC live-search pack. This is a live search link, not one fixed vacancy."
job-00507,Platform-Indexed Vacancy,job,Head of Technology — GulfTalent Live Search,Oman,Oman,Live Job Search,Live Job Search,Technology & Consulting,GCC,Oman,Live / varies,Possibly Available,,,2026-07-20,Live search sorted toward newest results,GulfTalent,B,Recognized job platform,Platform,58,Low,,https://www.gulftalent.com/jobs?keywords=Head+of+Technology,"GCC live-search pack. This is a live search link, not one fixed vacancy."
job-00508,Platform-Indexed Vacancy,job,Head of Technology — Bayt Live Search,Oman,Oman,Live Job Search,Live Job Search,Technology & Consulting,GCC,Oman,Live / varies,Possibly Available,,,2026-07-20,Live search sorted toward newest results,Bayt,B,Recognized job platform,Platform,58,Low,,https://www.bayt.com/en/oman/jobs/Head%20of%20Technology-jobs/,"GCC live-search pack. This is a live search link, not one fixed vacancy."
job-00509,Platform-Indexed Vacancy,job,Technology Director — LinkedIn Live Search,Oman,Oman,Live Job Search,Live Job Search,Technology & Consulting,GCC,Oman,Live / varies,Possibly Available,,,2026-07-20,Live search sorted toward newest results,LinkedIn,B,Recognized job platform,Platform,65,Medium,,https://www.linkedin.com/jobs/search/?keywords=Technology+Director&sortBy=DD&location=Oman,"GCC live-search pack. This is a live search link, not one fixed vacancy."
job-00510,Platform-Indexed Vacancy,job,Technology Director — GulfTalent Live Search,Oman,Oman,Live Job Search,Live Job Search,Technology & Consulting,GCC,Oman,Live / varies,Possibly Available,,,2026-07-20,Live search sorted toward newest results,GulfTalent,B,Recognized job platform,Platform,65,Medium,,https://www.gulftalent.com/jobs?keywords=Technology+Director,"GCC live-search pack. This is a live search link, not one fixed vacancy."
job-00511,Platform-Indexed Vacancy,job,Technology Director — Bayt Live Search,Oman,Oman,Live Job Search,Live Job Search,Technology & Consulting,GCC,Oman,Live / varies,Possibly Available,,,2026-07-20,Live search sorted toward newest results,Bayt,B,Recognized job platform,Platform,65,Medium,,https://www.bayt.com/en/oman/jobs/Technology%20Director-jobs/,"GCC live-search pack. This is a live search link, not one fixed vacancy."
job-00512,Platform-Indexed Vacancy,job,IT Strategy Manager — LinkedIn Live Search,Oman,Oman,Live Job Search,Live Job Search,Other Multinational & Enterprise,GCC,Oman,Live / varies,Possibly Available,,,2026-07-20,Live search sorted toward newest results,LinkedIn,B,Recognized job platform,Platform,61,Medium,,https://www.linkedin.com/jobs/search/?keywords=IT+Strategy+Manager&sortBy=DD&location=Oman,"GCC live-search pack. This is a live search link, not one fixed vacancy."
job-00513,Platform-Indexed Vacancy,job,IT Strategy Manager — GulfTalent Live Search,Oman,Oman,Live Job Search,Live Job Search,Other Multinational & Enterprise,GCC,Oman,Live / varies,Possibly Available,,,2026-07-20,Live search sorted toward newest results,GulfTalent,B,Recognized job platform,Platform,61,Medium,,https://www.gulftalent.com/jobs?keywords=IT+Strategy+Manager,"GCC live-search pack. This is a live search link, not one fixed vacancy."
job-00514,Platform-Indexed Vacancy,job,IT Strategy Manager — Bayt Live Search,Oman,Oman,Live Job Search,Live Job Search,Other Multinational & Enterprise,GCC,Oman,Live / varies,Possibly Available,,,2026-07-20,Live search sorted toward newest results,Bayt,B,Recognized job platform,Platform,61,Medium,,https://www.bayt.com/en/oman/jobs/IT%20Strategy%20Manager-jobs/,"GCC live-search pack. This is a live search link, not one fixed vacancy."
job-00515,Platform-Indexed Vacancy,job,Data Architect — LinkedIn Live Search,Oman,Oman,Live Job Search,Live Job Search,Technology & Consulting,GCC,Oman,Live / varies,Possibly Available,,,2026-07-20,Live search sorted toward newest results,LinkedIn,B,Recognized job platform,Platform,59,Low,,https://www.linkedin.com/jobs/search/?keywords=Data+Architect&sortBy=DD&location=Oman,"GCC live-search pack. This is a live search link, not one fixed vacancy."
job-00516,Platform-Indexed Vacancy,job,Data Architect — GulfTalent Live Search,Oman,Oman,Live Job Search,Live Job Search,Technology & Consulting,GCC,Oman,Live / varies,Possibly Available,,,2026-07-20,Live search sorted toward newest results,GulfTalent,B,Recognized job platform,Platform,59,Low,,https://www.gulftalent.com/jobs?keywords=Data+Architect,"GCC live-search pack. This is a live search link, not one fixed vacancy."
job-00517,Platform-Indexed Vacancy,job,Data Architect — Bayt Live Search,Oman,Oman,Live Job Search,Live Job Search,Technology & Consulting,GCC,Oman,Live / varies,Possibly Available,,,2026-07-20,Live search sorted toward newest results,Bayt,B,Recognized job platform,Platform,59,Low,,https://www.bayt.com/en/oman/jobs/Data%20Architect-jobs/,"GCC live-search pack. This is a live search link, not one fixed vacancy."
job-00518,Platform-Indexed Vacancy,job,Data Governance Manager — LinkedIn Live Search,Oman,Oman,Live Job Search,Live Job Search,Technology & Consulting,GCC,Oman,Live / varies,Possibly Available,,,2026-07-20,Live search sorted toward newest results,LinkedIn,B,Recognized job platform,Platform,65,Medium,,https://www.linkedin.com/jobs/search/?keywords=Data+Governance+Manager&sortBy=DD&location=Oman,"GCC live-search pack. This is a live search link, not one fixed vacancy."
job-00519,Platform-Indexed Vacancy,job,Data Governance Manager — GulfTalent Live Search,Oman,Oman,Live Job Search,Live Job Search,Technology & Consulting,GCC,Oman,Live / varies,Possibly Available,,,2026-07-20,Live search sorted toward newest results,GulfTalent,B,Recognized job platform,Platform,65,Medium,,https://www.gulftalent.com/jobs?keywords=Data+Governance+Manager,"GCC live-search pack. This is a live search link, not one fixed vacancy."
job-00520,Platform-Indexed Vacancy,job,Data Governance Manager — Bayt Live Search,Oman,Oman,Live Job Search,Live Job Search,Technology & Consulting,GCC,Oman,Live / varies,Possibly Available,,,2026-07-20,Live search sorted toward newest results,Bayt,B,Recognized job platform,Platform,65,Medium,,https://www.bayt.com/en/oman/jobs/Data%20Governance%20Manager-jobs/,"GCC live-search pack. This is a live search link, not one fixed vacancy."
job-00521,Platform-Indexed Vacancy,job,Chief Data Officer — LinkedIn Live Search,Oman,Oman,Live Job Search,Live Job Search,Technology & Consulting,GCC,Oman,Live / varies,Possibly Available,,,2026-07-20,Live search sorted toward newest results,LinkedIn,B,Recognized job platform,Platform,59,Low,,https://www.linkedin.com/jobs/search/?keywords=Chief+Data+Officer&sortBy=DD&location=Oman,"GCC live-search pack. This is a live search link, not one fixed vacancy."
job-00522,Platform-Indexed Vacancy,job,Chief Data Officer — GulfTalent Live Search,Oman,Oman,Live Job Search,Live Job Search,Technology & Consulting,GCC,Oman,Live / varies,Possibly Available,,,2026-07-20,Live search sorted toward newest results,GulfTalent,B,Recognized job platform,Platform,59,Low,,https://www.gulftalent.com/jobs?keywords=Chief+Data+Officer,"GCC live-search pack. This is a live search link, not one fixed vacancy."
job-00523,Platform-Indexed Vacancy,job,Chief Data Officer — Bayt Live Search,Oman,Oman,Live Job Search,Live Job Search,Technology & Consulting,GCC,Oman,Live / varies,Possibly Available,,,2026-07-20,Live search sorted toward newest results,Bayt,B,Recognized job platform,Platform,59,Low,,https://www.bayt.com/en/oman/jobs/Chief%20Data%20Officer-jobs/,"GCC live-search pack. This is a live search link, not one fixed vacancy."
job-00524,Platform-Indexed Vacancy,job,Healthcare IT Manager — LinkedIn Live Search,Oman,Oman,Live Job Search,Live Job Search,Healthcare & Life Sciences,GCC,Oman,Live / varies,Possibly Available,,,2026-07-20,Live search sorted toward newest results,LinkedIn,B,Recognized job platform,Platform,63,Medium,,https://www.linkedin.com/jobs/search/?keywords=Healthcare+IT+Manager&sortBy=DD&location=Oman,"GCC live-search pack. This is a live search link, not one fixed vacancy."
job-00525,Platform-Indexed Vacancy,job,Healthcare IT Manager — GulfTalent Live Search,Oman,Oman,Live Job Search,Live Job Search,Healthcare & Life Sciences,GCC,Oman,Live / varies,Possibly Available,,,2026-07-20,Live search sorted toward newest results,GulfTalent,B,Recognized job platform,Platform,63,Medium,,https://www.gulftalent.com/jobs?keywords=Healthcare+IT+Manager,"GCC live-search pack. This is a live search link, not one fixed vacancy."
job-00526,Platform-Indexed Vacancy,job,Healthcare IT Manager — Bayt Live Search,Oman,Oman,Live Job Search,Live Job Search,Healthcare & Life Sciences,GCC,Oman,Live / varies,Possibly Available,,,2026-07-20,Live search sorted toward newest results,Bayt,B,Recognized job platform,Platform,63,Medium,,https://www.bayt.com/en/oman/jobs/Healthcare%20IT%20Manager-jobs/,"GCC live-search pack. This is a live search link, not one fixed vacancy."
job-00527,Platform-Indexed Vacancy,job,Health Informatics — LinkedIn Live Search,Oman,Oman,Live Job Search,Live Job Search,Healthcare & Life Sciences,GCC,Oman,Live / varies,Possibly Available,,,2026-07-20,Live search sorted toward newest results,LinkedIn,B,Recognized job platform,Platform,54,Low,,https://www.linkedin.com/jobs/search/?keywords=Health+Informatics&sortBy=DD&location=Oman,"GCC live-search pack. This is a live search link, not one fixed vacancy."
job-00528,Platform-Indexed Vacancy,job,Health Informatics — GulfTalent Live Search,Oman,Oman,Live Job Search,Live Job Search,Healthcare & Life Sciences,GCC,Oman,Live / varies,Possibly Available,,,2026-07-20,Live search sorted toward newest results,GulfTalent,B,Recognized job platform,Platform,54,Low,,https://www.gulftalent.com/jobs?keywords=Health+Informatics,"GCC live-search pack. This is a live search link, not one fixed vacancy."
job-00529,Platform-Indexed Vacancy,job,Health Informatics — Bayt Live Search,Oman,Oman,Live Job Search,Live Job Search,Healthcare & Life Sciences,GCC,Oman,Live / varies,Possibly Available,,,2026-07-20,Live search sorted toward newest results,Bayt,B,Recognized job platform,Platform,54,Low,,https://www.bayt.com/en/oman/jobs/Health%20Informatics-jobs/,"GCC live-search pack. This is a live search link, not one fixed vacancy."
job-00530,Platform-Indexed Vacancy,job,Digital Health — LinkedIn Live Search,Oman,Oman,Live Job Search,Live Job Search,Healthcare & Life Sciences,GCC,Oman,Live / varies,Possibly Available,,,2026-07-20,Live search sorted toward newest results,LinkedIn,B,Recognized job platform,Platform,57,Low,,https://www.linkedin.com/jobs/search/?keywords=Digital+Health&sortBy=DD&location=Oman,"GCC live-search pack. This is a live search link, not one fixed vacancy."
job-00531,Platform-Indexed Vacancy,job,Digital Health — GulfTalent Live Search,Oman,Oman,Live Job Search,Live Job Search,Healthcare & Life Sciences,GCC,Oman,Live / varies,Possibly Available,,,2026-07-20,Live search sorted toward newest results,GulfTalent,B,Recognized job platform,Platform,57,Low,,https://www.gulftalent.com/jobs?keywords=Digital+Health,"GCC live-search pack. This is a live search link, not one fixed vacancy."
job-00532,Platform-Indexed Vacancy,job,Digital Health — Bayt Live Search,Oman,Oman,Live Job Search,Live Job Search,Healthcare & Life Sciences,GCC,Oman,Live / varies,Possibly Available,,,2026-07-20,Live search sorted toward newest results,Bayt,B,Recognized job platform,Platform,57,Low,,https://www.bayt.com/en/oman/jobs/Digital%20Health-jobs/,"GCC live-search pack. This is a live search link, not one fixed vacancy."
job-00533,Platform-Indexed Vacancy,job,Technical Program Manager — LinkedIn Live Search,Oman,Oman,Live Job Search,Live Job Search,Other Multinational & Enterprise,GCC,Oman,Live / varies,Possibly Available,,,2026-07-20,Live search sorted toward newest results,LinkedIn,B,Recognized job platform,Platform,65,Medium,,https://www.linkedin.com/jobs/search/?keywords=Technical+Program+Manager&sortBy=DD&location=Oman,"GCC live-search pack. This is a live search link, not one fixed vacancy."
job-00534,Platform-Indexed Vacancy,job,Technical Program Manager — GulfTalent Live Search,Oman,Oman,Live Job Search,Live Job Search,Other Multinational & Enterprise,GCC,Oman,Live / varies,Possibly Available,,,2026-07-20,Live search sorted toward newest results,GulfTalent,B,Recognized job platform,Platform,65,Medium,,https://www.gulftalent.com/jobs?keywords=Technical+Program+Manager,"GCC live-search pack. This is a live search link, not one fixed vacancy."
job-00535,Platform-Indexed Vacancy,job,Technical Program Manager — Bayt Live Search,Oman,Oman,Live Job Search,Live Job Search,Other Multinational & Enterprise,GCC,Oman,Live / varies,Possibly Available,,,2026-07-20,Live search sorted toward newest results,Bayt,B,Recognized job platform,Platform,65,Medium,,https://www.bayt.com/en/oman/jobs/Technical%20Program%20Manager-jobs/,"GCC live-search pack. This is a live search link, not one fixed vacancy."
job-00536,Platform-Indexed Vacancy,job,IT Portfolio Manager — LinkedIn Live Search,Oman,Oman,Live Job Search,Live Job Search,Supply Chain & Logistics,GCC,Oman,Live / varies,Possibly Available,,,2026-07-20,Live search sorted toward newest results,LinkedIn,B,Recognized job platform,Platform,58,Low,,https://www.linkedin.com/jobs/search/?keywords=IT+Portfolio+Manager&sortBy=DD&location=Oman,"GCC live-search pack. This is a live search link, not one fixed vacancy."
job-00537,Platform-Indexed Vacancy,job,IT Portfolio Manager — GulfTalent Live Search,Oman,Oman,Live Job Search,Live Job Search,Supply Chain & Logistics,GCC,Oman,Live / varies,Possibly Available,,,2026-07-20,Live search sorted toward newest results,GulfTalent,B,Recognized job platform,Platform,58,Low,,https://www.gulftalent.com/jobs?keywords=IT+Portfolio+Manager,"GCC live-search pack. This is a live search link, not one fixed vacancy."
job-00538,Platform-Indexed Vacancy,job,IT Portfolio Manager — Bayt Live Search,Oman,Oman,Live Job Search,Live Job Search,Supply Chain & Logistics,GCC,Oman,Live / varies,Possibly Available,,,2026-07-20,Live search sorted toward newest results,Bayt,B,Recognized job platform,Platform,58,Low,,https://www.bayt.com/en/oman/jobs/IT%20Portfolio%20Manager-jobs/,"GCC live-search pack. This is a live search link, not one fixed vacancy."
job-00539,Platform-Indexed Vacancy,job,PMO Manager — LinkedIn Live Search,Oman,Oman,Live Job Search,Live Job Search,Other Multinational & Enterprise,GCC,Oman,Live / varies,Possibly Available,,,2026-07-20,Live search sorted toward newest results,LinkedIn,B,Recognized job platform,Platform,58,Low,,https://www.linkedin.com/jobs/search/?keywords=PMO+Manager&sortBy=DD&location=Oman,"GCC live-search pack. This is a live search link, not one fixed vacancy."
job-00540,Platform-Indexed Vacancy,job,PMO Manager — GulfTalent Live Search,Oman,Oman,Live Job Search,Live Job Search,Other Multinational & Enterprise,GCC,Oman,Live / varies,Possibly Available,,,2026-07-20,Live search sorted toward newest results,GulfTalent,B,Recognized job platform,Platform,58,Low,,https://www.gulftalent.com/jobs?keywords=PMO+Manager,"GCC live-search pack. This is a live search link, not one fixed vacancy."
job-00541,Platform-Indexed Vacancy,job,PMO Manager — Bayt Live Search,Oman,Oman,Live Job Search,Live Job Search,Other Multinational & Enterprise,GCC,Oman,Live / varies,Possibly Available,,,2026-07-20,Live search sorted toward newest results,Bayt,B,Recognized job platform,Platform,58,Low,,https://www.bayt.com/en/oman/jobs/PMO%20Manager-jobs/,"GCC live-search pack. This is a live search link, not one fixed vacancy."
job-00542,Platform-Indexed Vacancy,job,Cloud Architect — LinkedIn Live Search,Oman,Oman,Live Job Search,Live Job Search,Technology & Consulting,GCC,Oman,Live / varies,Possibly Available,,,2026-07-20,Live search sorted toward newest results,LinkedIn,B,Recognized job platform,Platform,59,Low,,https://www.linkedin.com/jobs/search/?keywords=Cloud+Architect&sortBy=DD&location=Oman,"GCC live-search pack. This is a live search link, not one fixed vacancy."
job-00543,Platform-Indexed Vacancy,job,Cloud Architect — GulfTalent Live Search,Oman,Oman,Live Job Search,Live Job Search,Technology & Consulting,GCC,Oman,Live / varies,Possibly Available,,,2026-07-20,Live search sorted toward newest results,GulfTalent,B,Recognized job platform,Platform,59,Low,,https://www.gulftalent.com/jobs?keywords=Cloud+Architect,"GCC live-search pack. This is a live search link, not one fixed vacancy."
job-00544,Platform-Indexed Vacancy,job,Cloud Architect — Bayt Live Search,Oman,Oman,Live Job Search,Live Job Search,Technology & Consulting,GCC,Oman,Live / varies,Possibly Available,,,2026-07-20,Live search sorted toward newest results,Bayt,B,Recognized job platform,Platform,59,Low,,https://www.bayt.com/en/oman/jobs/Cloud%20Architect-jobs/,"GCC live-search pack. This is a live search link, not one fixed vacancy."
job-00545,Platform-Indexed Vacancy,job,Integration Architect — LinkedIn Live Search,Oman,Oman,Live Job Search,Live Job Search,Other Multinational & Enterprise,GCC,Oman,Live / varies,Possibly Available,,,2026-07-20,Live search sorted toward newest results,LinkedIn,B,Recognized job platform,Platform,63,Medium,,https://www.linkedin.com/jobs/search/?keywords=Integration+Architect&sortBy=DD&location=Oman,"GCC live-search pack. This is a live search link, not one fixed vacancy."
job-00546,Platform-Indexed Vacancy,job,Integration Architect — GulfTalent Live Search,Oman,Oman,Live Job Search,Live Job Search,Other Multinational & Enterprise,GCC,Oman,Live / varies,Possibly Available,,,2026-07-20,Live search sorted toward newest results,GulfTalent,B,Recognized job platform,Platform,63,Medium,,https://www.gulftalent.com/jobs?keywords=Integration+Architect,"GCC live-search pack. This is a live search link, not one fixed vacancy."
job-00547,Platform-Indexed Vacancy,job,Integration Architect — Bayt Live Search,Oman,Oman,Live Job Search,Live Job Search,Other Multinational & Enterprise,GCC,Oman,Live / varies,Possibly Available,,,2026-07-20,Live search sorted toward newest results,Bayt,B,Recognized job platform,Platform,63,Medium,,https://www.bayt.com/en/oman/jobs/Integration%20Architect-jobs/,"GCC live-search pack. This is a live search link, not one fixed vacancy."
job-00548,Platform-Indexed Vacancy,job,Enterprise Applications Manager — LinkedIn Live Search,Oman,Oman,Live Job Search,Live Job Search,Technology & Consulting,GCC,Oman,Live / varies,Possibly Available,,,2026-07-20,Live search sorted toward newest results,LinkedIn,B,Recognized job platform,Platform,61,Medium,,https://www.linkedin.com/jobs/search/?keywords=Enterprise+Applications+Manager&sortBy=DD&location=Oman,"GCC live-search pack. This is a live search link, not one fixed vacancy."
job-00549,Platform-Indexed Vacancy,job,Enterprise Applications Manager — GulfTalent Live Search,Oman,Oman,Live Job Search,Live Job Search,Technology & Consulting,GCC,Oman,Live / varies,Possibly Available,,,2026-07-20,Live search sorted toward newest results,GulfTalent,B,Recognized job platform,Platform,61,Medium,,https://www.gulftalent.com/jobs?keywords=Enterprise+Applications+Manager,"GCC live-search pack. This is a live search link, not one fixed vacancy."
job-00550,Platform-Indexed Vacancy,job,Enterprise Applications Manager — Bayt Live Search,Oman,Oman,Live Job Search,Live Job Search,Technology & Consulting,GCC,Oman,Live / varies,Possibly Available,,,2026-07-20,Live search sorted toward newest results,Bayt,B,Recognized job platform,Platform,61,Medium,,https://www.bayt.com/en/oman/jobs/Enterprise%20Applications%20Manager-jobs/,"GCC live-search pack. This is a live search link, not one fixed vacancy."
job-00551,Platform-Indexed Vacancy,job,Cybersecurity Manager — LinkedIn Live Search,Oman,Oman,Live Job Search,Live Job Search,Technology & Consulting,GCC,Oman,Live / varies,Possibly Available,,,2026-07-20,Live search sorted toward newest results,LinkedIn,B,Recognized job platform,Platform,58,Low,,https://www.linkedin.com/jobs/search/?keywords=Cybersecurity+Manager&sortBy=DD&location=Oman,"GCC live-search pack. This is a live search link, not one fixed vacancy."
job-00552,Platform-Indexed Vacancy,job,Cybersecurity Manager — GulfTalent Live Search,Oman,Oman,Live Job Search,Live Job Search,Technology & Consulting,GCC,Oman,Live / varies,Possibly Available,,,2026-07-20,Live search sorted toward newest results,GulfTalent,B,Recognized job platform,Platform,58,Low,,https://www.gulftalent.com/jobs?keywords=Cybersecurity+Manager,"GCC live-search pack. This is a live search link, not one fixed vacancy."
job-00553,Platform-Indexed Vacancy,job,Cybersecurity Manager — Bayt Live Search,Oman,Oman,Live Job Search,Live Job Search,Technology & Consulting,GCC,Oman,Live / varies,Possibly Available,,,2026-07-20,Live search sorted toward newest results,Bayt,B,Recognized job platform,Platform,58,Low,,https://www.bayt.com/en/oman/jobs/Cybersecurity%20Manager-jobs/,"GCC live-search pack. This is a live search link, not one fixed vacancy."
job-00554,Platform-Indexed Vacancy,job,AI Solution Architect — LinkedIn Live Search,Oman,Oman,Live Job Search,Live Job Search,Other Multinational & Enterprise,GCC,Oman,Live / varies,Possibly Available,,,2026-07-20,Live search sorted toward newest results,LinkedIn,B,Recognized job platform,Platform,61,Medium,,https://www.linkedin.com/jobs/search/?keywords=AI+Solution+Architect&sortBy=DD&location=Oman,"GCC live-search pack. This is a live search link, not one fixed vacancy."
job-00555,Platform-Indexed Vacancy,job,AI Solution Architect — GulfTalent Live Search,Oman,Oman,Live Job Search,Live Job Search,Other Multinational & Enterprise,GCC,Oman,Live / varies,Possibly Available,,,2026-07-20,Live search sorted toward newest results,GulfTalent,B,Recognized job platform,Platform,61,Medium,,https://www.gulftalent.com/jobs?keywords=AI+Solution+Architect,"GCC live-search pack. This is a live search link, not one fixed vacancy."
job-00556,Platform-Indexed Vacancy,job,AI Solution Architect — Bayt Live Search,Oman,Oman,Live Job Search,Live Job Search,Other Multinational & Enterprise,GCC,Oman,Live / varies,Possibly Available,,,2026-07-20,Live search sorted toward newest results,Bayt,B,Recognized job platform,Platform,61,Medium,,https://www.bayt.com/en/oman/jobs/AI%20Solution%20Architect-jobs/,"GCC live-search pack. This is a live search link, not one fixed vacancy."
job-00557,Platform-Indexed Vacancy,job,Business Transformation Manager — LinkedIn Live Search,Oman,Oman,Live Job Search,Live Job Search,Other Multinational & Enterprise,GCC,Oman,Live / varies,Possibly Available,,,2026-07-20,Live search sorted toward newest results,LinkedIn,B,Recognized job platform,Platform,58,Low,,https://www.linkedin.com/jobs/search/?keywords=Business+Transformation+Manager&sortBy=DD&location=Oman,"GCC live-search pack. This is a live search link, not one fixed vacancy."
job-00558,Platform-Indexed Vacancy,job,Business Transformation Manager — GulfTalent Live Search,Oman,Oman,Live Job Search,Live Job Search,Other Multinational & Enterprise,GCC,Oman,Live / varies,Possibly Available,,,2026-07-20,Live search sorted toward newest results,GulfTalent,B,Recognized job platform,Platform,58,Low,,https://www.gulftalent.com/jobs?keywords=Business+Transformation+Manager,"GCC live-search pack. This is a live search link, not one fixed vacancy."
job-00559,Platform-Indexed Vacancy,job,Business Transformation Manager — Bayt Live Search,Oman,Oman,Live Job Search,Live Job Search,Other Multinational & Enterprise,GCC,Oman,Live / varies,Possibly Available,,,2026-07-20,Live search sorted toward newest results,Bayt,B,Recognized job platform,Platform,58,Low,,https://www.bayt.com/en/oman/jobs/Business%20Transformation%20Manager-jobs/,"GCC live-search pack. This is a live search link, not one fixed vacancy."
job-00560,Platform-Indexed Vacancy,job,ServiceNow Architect — LinkedIn Live Search,Oman,Oman,Live Job Search,Live Job Search,Other Multinational & Enterprise,GCC,Oman,Live / varies,Possibly Available,,,2026-07-20,Live search sorted toward newest results,LinkedIn,B,Recognized job platform,Platform,58,Low,,https://www.linkedin.com/jobs/search/?keywords=ServiceNow+Architect&sortBy=DD&location=Oman,"GCC live-search pack. This is a live search link, not one fixed vacancy."
job-00561,Platform-Indexed Vacancy,job,ServiceNow Architect — GulfTalent Live Search,Oman,Oman,Live Job Search,Live Job Search,Other Multinational & Enterprise,GCC,Oman,Live / varies,Possibly Available,,,2026-07-20,Live search sorted toward newest results,GulfTalent,B,Recognized job platform,Platform,58,Low,,https://www.gulftalent.com/jobs?keywords=ServiceNow+Architect,"GCC live-search pack. This is a live search link, not one fixed vacancy."
job-00562,Platform-Indexed Vacancy,job,ServiceNow Architect — Bayt Live Search,Oman,Oman,Live Job Search,Live Job Search,Other Multinational & Enterprise,GCC,Oman,Live / varies,Possibly Available,,,2026-07-20,Live search sorted toward newest results,Bayt,B,Recognized job platform,Platform,58,Low,,https://www.bayt.com/en/oman/jobs/ServiceNow%20Architect-jobs/,"GCC live-search pack. This is a live search link, not one fixed vacancy."
job-00563,Platform-Indexed Vacancy,job,ERP Program Manager — LinkedIn Live Search,Oman,Oman,Live Job Search,Live Job Search,Other Multinational & Enterprise,GCC,Oman,Live / varies,Possibly Available,,,2026-07-20,Live search sorted toward newest results,LinkedIn,B,Recognized job platform,Platform,63,Medium,,https://www.linkedin.com/jobs/search/?keywords=ERP+Program+Manager&sortBy=DD&location=Oman,"GCC live-search pack. This is a live search link, not one fixed vacancy."
job-00564,Platform-Indexed Vacancy,job,ERP Program Manager — GulfTalent Live Search,Oman,Oman,Live Job Search,Live Job Search,Other Multinational & Enterprise,GCC,Oman,Live / varies,Possibly Available,,,2026-07-20,Live search sorted toward newest results,GulfTalent,B,Recognized job platform,Platform,63,Medium,,https://www.gulftalent.com/jobs?keywords=ERP+Program+Manager,"GCC live-search pack. This is a live search link, not one fixed vacancy."
job-00565,Platform-Indexed Vacancy,job,ERP Program Manager — Bayt Live Search,Oman,Oman,Live Job Search,Live Job Search,Other Multinational & Enterprise,GCC,Oman,Live / varies,Possibly Available,,,2026-07-20,Live search sorted toward newest results,Bayt,B,Recognized job platform,Platform,63,Medium,,https://www.bayt.com/en/oman/jobs/ERP%20Program%20Manager-jobs/,"GCC live-search pack. This is a live search link, not one fixed vacancy."
job-00566,Platform-Indexed Vacancy,job,ICT Manager — LinkedIn Live Search,Oman,Oman,Live Job Search,Live Job Search,Other Multinational & Enterprise,GCC,Oman,Live / varies,Possibly Available,,,2026-07-20,Live search sorted toward newest results,LinkedIn,B,Recognized job platform,Platform,58,Low,,https://www.linkedin.com/jobs/search/?keywords=ICT+Manager&sortBy=DD&location=Oman,"GCC live-search pack. This is a live search link, not one fixed vacancy."
job-00567,Platform-Indexed Vacancy,job,ICT Manager — GulfTalent Live Search,Oman,Oman,Live Job Search,Live Job Search,Other Multinational & Enterprise,GCC,Oman,Live / varies,Possibly Available,,,2026-07-20,Live search sorted toward newest results,GulfTalent,B,Recognized job platform,Platform,58,Low,,https://www.gulftalent.com/jobs?keywords=ICT+Manager,"GCC live-search pack. This is a live search link, not one fixed vacancy."
job-00568,Platform-Indexed Vacancy,job,ICT Manager — Bayt Live Search,Oman,Oman,Live Job Search,Live Job Search,Other Multinational & Enterprise,GCC,Oman,Live / varies,Possibly Available,,,2026-07-20,Live search sorted toward newest results,Bayt,B,Recognized job platform,Platform,58,Low,,https://www.bayt.com/en/oman/jobs/ICT%20Manager-jobs/,"GCC live-search pack. This is a live search link, not one fixed vacancy."
job-00569,Platform-Indexed Vacancy,job,Enterprise Architect — LinkedIn Live Search,Bahrain,Bahrain,Live Job Search,Live Job Search,Technology & Consulting,GCC,Bahrain,Live / varies,Possibly Available,,,2026-07-20,Live search sorted toward newest results,LinkedIn,B,Recognized job platform,Platform,65,Medium,,https://www.linkedin.com/jobs/search/?keywords=Enterprise+Architect&sortBy=DD&location=Bahrain,"GCC live-search pack. This is a live search link, not one fixed vacancy."
job-00570,Platform-Indexed Vacancy,job,Enterprise Architect — GulfTalent Live Search,Bahrain,Bahrain,Live Job Search,Live Job Search,Technology & Consulting,GCC,Bahrain,Live / varies,Possibly Available,,,2026-07-20,Live search sorted toward newest results,GulfTalent,B,Recognized job platform,Platform,65,Medium,,https://www.gulftalent.com/jobs?keywords=Enterprise+Architect,"GCC live-search pack. This is a live search link, not one fixed vacancy."
job-00571,Platform-Indexed Vacancy,job,Enterprise Architect — Bayt Live Search,Bahrain,Bahrain,Live Job Search,Live Job Search,Technology & Consulting,GCC,Bahrain,Live / varies,Possibly Available,,,2026-07-20,Live search sorted toward newest results,Bayt,B,Recognized job platform,Platform,65,Medium,,https://www.bayt.com/en/bahrain/jobs/Enterprise%20Architect-jobs/,"GCC live-search pack. This is a live search link, not one fixed vacancy."
job-00572,Platform-Indexed Vacancy,job,Solution Architect — LinkedIn Live Search,Bahrain,Bahrain,Live Job Search,Live Job Search,Other Multinational & Enterprise,GCC,Bahrain,Live / varies,Possibly Available,,,2026-07-20,Live search sorted toward newest results,LinkedIn,B,Recognized job platform,Platform,61,Medium,,https://www.linkedin.com/jobs/search/?keywords=Solution+Architect&sortBy=DD&location=Bahrain,"GCC live-search pack. This is a live search link, not one fixed vacancy."
job-00573,Platform-Indexed Vacancy,job,Solution Architect — GulfTalent Live Search,Bahrain,Bahrain,Live Job Search,Live Job Search,Other Multinational & Enterprise,GCC,Bahrain,Live / varies,Possibly Available,,,2026-07-20,Live search sorted toward newest results,GulfTalent,B,Recognized job platform,Platform,61,Medium,,https://www.gulftalent.com/jobs?keywords=Solution+Architect,"GCC live-search pack. This is a live search link, not one fixed vacancy."
job-00574,Platform-Indexed Vacancy,job,Solution Architect — Bayt Live Search,Bahrain,Bahrain,Live Job Search,Live Job Search,Other Multinational & Enterprise,GCC,Bahrain,Live / varies,Possibly Available,,,2026-07-20,Live search sorted toward newest results,Bayt,B,Recognized job platform,Platform,61,Medium,,https://www.bayt.com/en/bahrain/jobs/Solution%20Architect-jobs/,"GCC live-search pack. This is a live search link, not one fixed vacancy."
job-00575,Platform-Indexed Vacancy,job,Digital Transformation Manager — LinkedIn Live Search,Bahrain,Bahrain,Live Job Search,Live Job Search,Technology & Consulting,GCC,Bahrain,Live / varies,Possibly Available,,,2026-07-20,Live search sorted toward newest results,LinkedIn,B,Recognized job platform,Platform,61,Medium,,https://www.linkedin.com/jobs/search/?keywords=Digital+Transformation+Manager&sortBy=DD&location=Bahrain,"GCC live-search pack. This is a live search link, not one fixed vacancy."
job-00576,Platform-Indexed Vacancy,job,Digital Transformation Manager — GulfTalent Live Search,Bahrain,Bahrain,Live Job Search,Live Job Search,Technology & Consulting,GCC,Bahrain,Live / varies,Possibly Available,,,2026-07-20,Live search sorted toward newest results,GulfTalent,B,Recognized job platform,Platform,61,Medium,,https://www.gulftalent.com/jobs?keywords=Digital+Transformation+Manager,"GCC live-search pack. This is a live search link, not one fixed vacancy."
job-00577,Platform-Indexed Vacancy,job,Digital Transformation Manager — Bayt Live Search,Bahrain,Bahrain,Live Job Search,Live Job Search,Technology & Consulting,GCC,Bahrain,Live / varies,Possibly Available,,,2026-07-20,Live search sorted toward newest results,Bayt,B,Recognized job platform,Platform,61,Medium,,https://www.bayt.com/en/bahrain/jobs/Digital%20Transformation%20Manager-jobs/,"GCC live-search pack. This is a live search link, not one fixed vacancy."
job-00578,Platform-Indexed Vacancy,job,IT Director — LinkedIn Live Search,Bahrain,Bahrain,Live Job Search,Live Job Search,Other Multinational & Enterprise,GCC,Bahrain,Live / varies,Possibly Available,,,2026-07-20,Live search sorted toward newest results,LinkedIn,B,Recognized job platform,Platform,65,Medium,,https://www.linkedin.com/jobs/search/?keywords=IT+Director&sortBy=DD&location=Bahrain,"GCC live-search pack. This is a live search link, not one fixed vacancy."
job-00579,Platform-Indexed Vacancy,job,IT Director — GulfTalent Live Search,Bahrain,Bahrain,Live Job Search,Live Job Search,Other Multinational & Enterprise,GCC,Bahrain,Live / varies,Possibly Available,,,2026-07-20,Live search sorted toward newest results,GulfTalent,B,Recognized job platform,Platform,65,Medium,,https://www.gulftalent.com/jobs?keywords=IT+Director,"GCC live-search pack. This is a live search link, not one fixed vacancy."
job-00580,Platform-Indexed Vacancy,job,IT Director — Bayt Live Search,Bahrain,Bahrain,Live Job Search,Live Job Search,Other Multinational & Enterprise,GCC,Bahrain,Live / varies,Possibly Available,,,2026-07-20,Live search sorted toward newest results,Bayt,B,Recognized job platform,Platform,65,Medium,,https://www.bayt.com/en/bahrain/jobs/IT%20Director-jobs/,"GCC live-search pack. This is a live search link, not one fixed vacancy."
job-00581,Platform-Indexed Vacancy,job,Head of Technology — LinkedIn Live Search,Bahrain,Bahrain,Live Job Search,Live Job Search,Technology & Consulting,GCC,Bahrain,Live / varies,Possibly Available,,,2026-07-20,Live search sorted toward newest results,LinkedIn,B,Recognized job platform,Platform,58,Low,,https://www.linkedin.com/jobs/search/?keywords=Head+of+Technology&sortBy=DD&location=Bahrain,"GCC live-search pack. This is a live search link, not one fixed vacancy."
job-00582,Platform-Indexed Vacancy,job,Head of Technology — GulfTalent Live Search,Bahrain,Bahrain,Live Job Search,Live Job Search,Technology & Consulting,GCC,Bahrain,Live / varies,Possibly Available,,,2026-07-20,Live search sorted toward newest results,GulfTalent,B,Recognized job platform,Platform,58,Low,,https://www.gulftalent.com/jobs?keywords=Head+of+Technology,"GCC live-search pack. This is a live search link, not one fixed vacancy."
job-00583,Platform-Indexed Vacancy,job,Head of Technology — Bayt Live Search,Bahrain,Bahrain,Live Job Search,Live Job Search,Technology & Consulting,GCC,Bahrain,Live / varies,Possibly Available,,,2026-07-20,Live search sorted toward newest results,Bayt,B,Recognized job platform,Platform,58,Low,,https://www.bayt.com/en/bahrain/jobs/Head%20of%20Technology-jobs/,"GCC live-search pack. This is a live search link, not one fixed vacancy."
job-00584,Platform-Indexed Vacancy,job,Technology Director — LinkedIn Live Search,Bahrain,Bahrain,Live Job Search,Live Job Search,Technology & Consulting,GCC,Bahrain,Live / varies,Possibly Available,,,2026-07-20,Live search sorted toward newest results,LinkedIn,B,Recognized job platform,Platform,65,Medium,,https://www.linkedin.com/jobs/search/?keywords=Technology+Director&sortBy=DD&location=Bahrain,"GCC live-search pack. This is a live search link, not one fixed vacancy."
job-00585,Platform-Indexed Vacancy,job,Technology Director — GulfTalent Live Search,Bahrain,Bahrain,Live Job Search,Live Job Search,Technology & Consulting,GCC,Bahrain,Live / varies,Possibly Available,,,2026-07-20,Live search sorted toward newest results,GulfTalent,B,Recognized job platform,Platform,65,Medium,,https://www.gulftalent.com/jobs?keywords=Technology+Director,"GCC live-search pack. This is a live search link, not one fixed vacancy."
job-00586,Platform-Indexed Vacancy,job,Technology Director — Bayt Live Search,Bahrain,Bahrain,Live Job Search,Live Job Search,Technology & Consulting,GCC,Bahrain,Live / varies,Possibly Available,,,2026-07-20,Live search sorted toward newest results,Bayt,B,Recognized job platform,Platform,65,Medium,,https://www.bayt.com/en/bahrain/jobs/Technology%20Director-jobs/,"GCC live-search pack. This is a live search link, not one fixed vacancy."
job-00587,Platform-Indexed Vacancy,job,IT Strategy Manager — LinkedIn Live Search,Bahrain,Bahrain,Live Job Search,Live Job Search,Other Multinational & Enterprise,GCC,Bahrain,Live / varies,Possibly Available,,,2026-07-20,Live search sorted toward newest results,LinkedIn,B,Recognized job platform,Platform,61,Medium,,https://www.linkedin.com/jobs/search/?keywords=IT+Strategy+Manager&sortBy=DD&location=Bahrain,"GCC live-search pack. This is a live search link, not one fixed vacancy."
job-00588,Platform-Indexed Vacancy,job,IT Strategy Manager — GulfTalent Live Search,Bahrain,Bahrain,Live Job Search,Live Job Search,Other Multinational & Enterprise,GCC,Bahrain,Live / varies,Possibly Available,,,2026-07-20,Live search sorted toward newest results,GulfTalent,B,Recognized job platform,Platform,61,Medium,,https://www.gulftalent.com/jobs?keywords=IT+Strategy+Manager,"GCC live-search pack. This is a live search link, not one fixed vacancy."
job-00589,Platform-Indexed Vacancy,job,IT Strategy Manager — Bayt Live Search,Bahrain,Bahrain,Live Job Search,Live Job Search,Other Multinational & Enterprise,GCC,Bahrain,Live / varies,Possibly Available,,,2026-07-20,Live search sorted toward newest results,Bayt,B,Recognized job platform,Platform,61,Medium,,https://www.bayt.com/en/bahrain/jobs/IT%20Strategy%20Manager-jobs/,"GCC live-search pack. This is a live search link, not one fixed vacancy."
job-00590,Platform-Indexed Vacancy,job,Data Architect — LinkedIn Live Search,Bahrain,Bahrain,Live Job Search,Live Job Search,Technology & Consulting,GCC,Bahrain,Live / varies,Possibly Available,,,2026-07-20,Live search sorted toward newest results,LinkedIn,B,Recognized job platform,Platform,59,Low,,https://www.linkedin.com/jobs/search/?keywords=Data+Architect&sortBy=DD&location=Bahrain,"GCC live-search pack. This is a live search link, not one fixed vacancy."
job-00591,Platform-Indexed Vacancy,job,Data Architect — GulfTalent Live Search,Bahrain,Bahrain,Live Job Search,Live Job Search,Technology & Consulting,GCC,Bahrain,Live / varies,Possibly Available,,,2026-07-20,Live search sorted toward newest results,GulfTalent,B,Recognized job platform,Platform,59,Low,,https://www.gulftalent.com/jobs?keywords=Data+Architect,"GCC live-search pack. This is a live search link, not one fixed vacancy."
job-00592,Platform-Indexed Vacancy,job,Data Architect — Bayt Live Search,Bahrain,Bahrain,Live Job Search,Live Job Search,Technology & Consulting,GCC,Bahrain,Live / varies,Possibly Available,,,2026-07-20,Live search sorted toward newest results,Bayt,B,Recognized job platform,Platform,59,Low,,https://www.bayt.com/en/bahrain/jobs/Data%20Architect-jobs/,"GCC live-search pack. This is a live search link, not one fixed vacancy."
job-00593,Platform-Indexed Vacancy,job,Data Governance Manager — LinkedIn Live Search,Bahrain,Bahrain,Live Job Search,Live Job Search,Technology & Consulting,GCC,Bahrain,Live / varies,Possibly Available,,,2026-07-20,Live search sorted toward newest results,LinkedIn,B,Recognized job platform,Platform,65,Medium,,https://www.linkedin.com/jobs/search/?keywords=Data+Governance+Manager&sortBy=DD&location=Bahrain,"GCC live-search pack. This is a live search link, not one fixed vacancy."
job-00594,Platform-Indexed Vacancy,job,Data Governance Manager — GulfTalent Live Search,Bahrain,Bahrain,Live Job Search,Live Job Search,Technology & Consulting,GCC,Bahrain,Live / varies,Possibly Available,,,2026-07-20,Live search sorted toward newest results,GulfTalent,B,Recognized job platform,Platform,65,Medium,,https://www.gulftalent.com/jobs?keywords=Data+Governance+Manager,"GCC live-search pack. This is a live search link, not one fixed vacancy."
job-00595,Platform-Indexed Vacancy,job,Data Governance Manager — Bayt Live Search,Bahrain,Bahrain,Live Job Search,Live Job Search,Technology & Consulting,GCC,Bahrain,Live / varies,Possibly Available,,,2026-07-20,Live search sorted toward newest results,Bayt,B,Recognized job platform,Platform,65,Medium,,https://www.bayt.com/en/bahrain/jobs/Data%20Governance%20Manager-jobs/,"GCC live-search pack. This is a live search link, not one fixed vacancy."
job-00596,Platform-Indexed Vacancy,job,Chief Data Officer — LinkedIn Live Search,Bahrain,Bahrain,Live Job Search,Live Job Search,Technology & Consulting,GCC,Bahrain,Live / varies,Possibly Available,,,2026-07-20,Live search sorted toward newest results,LinkedIn,B,Recognized job platform,Platform,59,Low,,https://www.linkedin.com/jobs/search/?keywords=Chief+Data+Officer&sortBy=DD&location=Bahrain,"GCC live-search pack. This is a live search link, not one fixed vacancy."
job-00597,Platform-Indexed Vacancy,job,Chief Data Officer — GulfTalent Live Search,Bahrain,Bahrain,Live Job Search,Live Job Search,Technology & Consulting,GCC,Bahrain,Live / varies,Possibly Available,,,2026-07-20,Live search sorted toward newest results,GulfTalent,B,Recognized job platform,Platform,59,Low,,https://www.gulftalent.com/jobs?keywords=Chief+Data+Officer,"GCC live-search pack. This is a live search link, not one fixed vacancy."
job-00598,Platform-Indexed Vacancy,job,Chief Data Officer — Bayt Live Search,Bahrain,Bahrain,Live Job Search,Live Job Search,Technology & Consulting,GCC,Bahrain,Live / varies,Possibly Available,,,2026-07-20,Live search sorted toward newest results,Bayt,B,Recognized job platform,Platform,59,Low,,https://www.bayt.com/en/bahrain/jobs/Chief%20Data%20Officer-jobs/,"GCC live-search pack. This is a live search link, not one fixed vacancy."
job-00599,Platform-Indexed Vacancy,job,Healthcare IT Manager — LinkedIn Live Search,Bahrain,Bahrain,Live Job Search,Live Job Search,Healthcare & Life Sciences,GCC,Bahrain,Live / varies,Possibly Available,,,2026-07-20,Live search sorted toward newest results,LinkedIn,B,Recognized job platform,Platform,63,Medium,,https://www.linkedin.com/jobs/search/?keywords=Healthcare+IT+Manager&sortBy=DD&location=Bahrain,"GCC live-search pack. This is a live search link, not one fixed vacancy."
job-00600,Platform-Indexed Vacancy,job,Healthcare IT Manager — GulfTalent Live Search,Bahrain,Bahrain,Live Job Search,Live Job Search,Healthcare & Life Sciences,GCC,Bahrain,Live / varies,Possibly Available,,,2026-07-20,Live search sorted toward newest results,GulfTalent,B,Recognized job platform,Platform,63,Medium,,https://www.gulftalent.com/jobs?keywords=Healthcare+IT+Manager,"GCC live-search pack. This is a live search link, not one fixed vacancy."
job-00601,Platform-Indexed Vacancy,job,Healthcare IT Manager — Bayt Live Search,Bahrain,Bahrain,Live Job Search,Live Job Search,Healthcare & Life Sciences,GCC,Bahrain,Live / varies,Possibly Available,,,2026-07-20,Live search sorted toward newest results,Bayt,B,Recognized job platform,Platform,63,Medium,,https://www.bayt.com/en/bahrain/jobs/Healthcare%20IT%20Manager-jobs/,"GCC live-search pack. This is a live search link, not one fixed vacancy."
job-00602,Platform-Indexed Vacancy,job,Health Informatics — LinkedIn Live Search,Bahrain,Bahrain,Live Job Search,Live Job Search,Healthcare & Life Sciences,GCC,Bahrain,Live / varies,Possibly Available,,,2026-07-20,Live search sorted toward newest results,LinkedIn,B,Recognized job platform,Platform,54,Low,,https://www.linkedin.com/jobs/search/?keywords=Health+Informatics&sortBy=DD&location=Bahrain,"GCC live-search pack. This is a live search link, not one fixed vacancy."
job-00603,Platform-Indexed Vacancy,job,Health Informatics — GulfTalent Live Search,Bahrain,Bahrain,Live Job Search,Live Job Search,Healthcare & Life Sciences,GCC,Bahrain,Live / varies,Possibly Available,,,2026-07-20,Live search sorted toward newest results,GulfTalent,B,Recognized job platform,Platform,54,Low,,https://www.gulftalent.com/jobs?keywords=Health+Informatics,"GCC live-search pack. This is a live search link, not one fixed vacancy."
job-00604,Platform-Indexed Vacancy,job,Health Informatics — Bayt Live Search,Bahrain,Bahrain,Live Job Search,Live Job Search,Healthcare & Life Sciences,GCC,Bahrain,Live / varies,Possibly Available,,,2026-07-20,Live search sorted toward newest results,Bayt,B,Recognized job platform,Platform,54,Low,,https://www.bayt.com/en/bahrain/jobs/Health%20Informatics-jobs/,"GCC live-search pack. This is a live search link, not one fixed vacancy."
job-00605,Platform-Indexed Vacancy,job,Digital Health — LinkedIn Live Search,Bahrain,Bahrain,Live Job Search,Live Job Search,Healthcare & Life Sciences,GCC,Bahrain,Live / varies,Possibly Available,,,2026-07-20,Live search sorted toward newest results,LinkedIn,B,Recognized job platform,Platform,57,Low,,https://www.linkedin.com/jobs/search/?keywords=Digital+Health&sortBy=DD&location=Bahrain,"GCC live-search pack. This is a live search link, not one fixed vacancy."
job-00606,Platform-Indexed Vacancy,job,Digital Health — GulfTalent Live Search,Bahrain,Bahrain,Live Job Search,Live Job Search,Healthcare & Life Sciences,GCC,Bahrain,Live / varies,Possibly Available,,,2026-07-20,Live search sorted toward newest results,GulfTalent,B,Recognized job platform,Platform,57,Low,,https://www.gulftalent.com/jobs?keywords=Digital+Health,"GCC live-search pack. This is a live search link, not one fixed vacancy."
job-00607,Platform-Indexed Vacancy,job,Digital Health — Bayt Live Search,Bahrain,Bahrain,Live Job Search,Live Job Search,Healthcare & Life Sciences,GCC,Bahrain,Live / varies,Possibly Available,,,2026-07-20,Live search sorted toward newest results,Bayt,B,Recognized job platform,Platform,57,Low,,https://www.bayt.com/en/bahrain/jobs/Digital%20Health-jobs/,"GCC live-search pack. This is a live search link, not one fixed vacancy."
job-00608,Platform-Indexed Vacancy,job,Technical Program Manager — LinkedIn Live Search,Bahrain,Bahrain,Live Job Search,Live Job Search,Other Multinational & Enterprise,GCC,Bahrain,Live / varies,Possibly Available,,,2026-07-20,Live search sorted toward newest results,LinkedIn,B,Recognized job platform,Platform,65,Medium,,https://www.linkedin.com/jobs/search/?keywords=Technical+Program+Manager&sortBy=DD&location=Bahrain,"GCC live-search pack. This is a live search link, not one fixed vacancy."
job-00609,Platform-Indexed Vacancy,job,Technical Program Manager — GulfTalent Live Search,Bahrain,Bahrain,Live Job Search,Live Job Search,Other Multinational & Enterprise,GCC,Bahrain,Live / varies,Possibly Available,,,2026-07-20,Live search sorted toward newest results,GulfTalent,B,Recognized job platform,Platform,65,Medium,,https://www.gulftalent.com/jobs?keywords=Technical+Program+Manager,"GCC live-search pack. This is a live search link, not one fixed vacancy."
job-00610,Platform-Indexed Vacancy,job,Technical Program Manager — Bayt Live Search,Bahrain,Bahrain,Live Job Search,Live Job Search,Other Multinational & Enterprise,GCC,Bahrain,Live / varies,Possibly Available,,,2026-07-20,Live search sorted toward newest results,Bayt,B,Recognized job platform,Platform,65,Medium,,https://www.bayt.com/en/bahrain/jobs/Technical%20Program%20Manager-jobs/,"GCC live-search pack. This is a live search link, not one fixed vacancy."
job-00611,Platform-Indexed Vacancy,job,IT Portfolio Manager — LinkedIn Live Search,Bahrain,Bahrain,Live Job Search,Live Job Search,Supply Chain & Logistics,GCC,Bahrain,Live / varies,Possibly Available,,,2026-07-20,Live search sorted toward newest results,LinkedIn,B,Recognized job platform,Platform,58,Low,,https://www.linkedin.com/jobs/search/?keywords=IT+Portfolio+Manager&sortBy=DD&location=Bahrain,"GCC live-search pack. This is a live search link, not one fixed vacancy."
job-00612,Platform-Indexed Vacancy,job,IT Portfolio Manager — GulfTalent Live Search,Bahrain,Bahrain,Live Job Search,Live Job Search,Supply Chain & Logistics,GCC,Bahrain,Live / varies,Possibly Available,,,2026-07-20,Live search sorted toward newest results,GulfTalent,B,Recognized job platform,Platform,58,Low,,https://www.gulftalent.com/jobs?keywords=IT+Portfolio+Manager,"GCC live-search pack. This is a live search link, not one fixed vacancy."
job-00613,Platform-Indexed Vacancy,job,IT Portfolio Manager — Bayt Live Search,Bahrain,Bahrain,Live Job Search,Live Job Search,Supply Chain & Logistics,GCC,Bahrain,Live / varies,Possibly Available,,,2026-07-20,Live search sorted toward newest results,Bayt,B,Recognized job platform,Platform,58,Low,,https://www.bayt.com/en/bahrain/jobs/IT%20Portfolio%20Manager-jobs/,"GCC live-search pack. This is a live search link, not one fixed vacancy."
job-00614,Platform-Indexed Vacancy,job,PMO Manager — LinkedIn Live Search,Bahrain,Bahrain,Live Job Search,Live Job Search,Other Multinational & Enterprise,GCC,Bahrain,Live / varies,Possibly Available,,,2026-07-20,Live search sorted toward newest results,LinkedIn,B,Recognized job platform,Platform,58,Low,,https://www.linkedin.com/jobs/search/?keywords=PMO+Manager&sortBy=DD&location=Bahrain,"GCC live-search pack. This is a live search link, not one fixed vacancy."
job-00615,Platform-Indexed Vacancy,job,PMO Manager — GulfTalent Live Search,Bahrain,Bahrain,Live Job Search,Live Job Search,Other Multinational & Enterprise,GCC,Bahrain,Live / varies,Possibly Available,,,2026-07-20,Live search sorted toward newest results,GulfTalent,B,Recognized job platform,Platform,58,Low,,https://www.gulftalent.com/jobs?keywords=PMO+Manager,"GCC live-search pack. This is a live search link, not one fixed vacancy."
job-00616,Platform-Indexed Vacancy,job,PMO Manager — Bayt Live Search,Bahrain,Bahrain,Live Job Search,Live Job Search,Other Multinational & Enterprise,GCC,Bahrain,Live / varies,Possibly Available,,,2026-07-20,Live search sorted toward newest results,Bayt,B,Recognized job platform,Platform,58,Low,,https://www.bayt.com/en/bahrain/jobs/PMO%20Manager-jobs/,"GCC live-search pack. This is a live search link, not one fixed vacancy."
job-00617,Platform-Indexed Vacancy,job,Cloud Architect — LinkedIn Live Search,Bahrain,Bahrain,Live Job Search,Live Job Search,Technology & Consulting,GCC,Bahrain,Live / varies,Possibly Available,,,2026-07-20,Live search sorted toward newest results,LinkedIn,B,Recognized job platform,Platform,59,Low,,https://www.linkedin.com/jobs/search/?keywords=Cloud+Architect&sortBy=DD&location=Bahrain,"GCC live-search pack. This is a live search link, not one fixed vacancy."
job-00618,Platform-Indexed Vacancy,job,Cloud Architect — GulfTalent Live Search,Bahrain,Bahrain,Live Job Search,Live Job Search,Technology & Consulting,GCC,Bahrain,Live / varies,Possibly Available,,,2026-07-20,Live search sorted toward newest results,GulfTalent,B,Recognized job platform,Platform,59,Low,,https://www.gulftalent.com/jobs?keywords=Cloud+Architect,"GCC live-search pack. This is a live search link, not one fixed vacancy."
job-00619,Platform-Indexed Vacancy,job,Cloud Architect — Bayt Live Search,Bahrain,Bahrain,Live Job Search,Live Job Search,Technology & Consulting,GCC,Bahrain,Live / varies,Possibly Available,,,2026-07-20,Live search sorted toward newest results,Bayt,B,Recognized job platform,Platform,59,Low,,https://www.bayt.com/en/bahrain/jobs/Cloud%20Architect-jobs/,"GCC live-search pack. This is a live search link, not one fixed vacancy."
job-00620,Platform-Indexed Vacancy,job,Integration Architect — LinkedIn Live Search,Bahrain,Bahrain,Live Job Search,Live Job Search,Other Multinational & Enterprise,GCC,Bahrain,Live / varies,Possibly Available,,,2026-07-20,Live search sorted toward newest results,LinkedIn,B,Recognized job platform,Platform,63,Medium,,https://www.linkedin.com/jobs/search/?keywords=Integration+Architect&sortBy=DD&location=Bahrain,"GCC live-search pack. This is a live search link, not one fixed vacancy."
job-00621,Platform-Indexed Vacancy,job,Integration Architect — GulfTalent Live Search,Bahrain,Bahrain,Live Job Search,Live Job Search,Other Multinational & Enterprise,GCC,Bahrain,Live / varies,Possibly Available,,,2026-07-20,Live search sorted toward newest results,GulfTalent,B,Recognized job platform,Platform,63,Medium,,https://www.gulftalent.com/jobs?keywords=Integration+Architect,"GCC live-search pack. This is a live search link, not one fixed vacancy."
job-00622,Platform-Indexed Vacancy,job,Integration Architect — Bayt Live Search,Bahrain,Bahrain,Live Job Search,Live Job Search,Other Multinational & Enterprise,GCC,Bahrain,Live / varies,Possibly Available,,,2026-07-20,Live search sorted toward newest results,Bayt,B,Recognized job platform,Platform,63,Medium,,https://www.bayt.com/en/bahrain/jobs/Integration%20Architect-jobs/,"GCC live-search pack. This is a live search link, not one fixed vacancy."
job-00623,Platform-Indexed Vacancy,job,Enterprise Applications Manager — LinkedIn Live Search,Bahrain,Bahrain,Live Job Search,Live Job Search,Technology & Consulting,GCC,Bahrain,Live / varies,Possibly Available,,,2026-07-20,Live search sorted toward newest results,LinkedIn,B,Recognized job platform,Platform,61,Medium,,https://www.linkedin.com/jobs/search/?keywords=Enterprise+Applications+Manager&sortBy=DD&location=Bahrain,"GCC live-search pack. This is a live search link, not one fixed vacancy."
job-00624,Platform-Indexed Vacancy,job,Enterprise Applications Manager — GulfTalent Live Search,Bahrain,Bahrain,Live Job Search,Live Job Search,Technology & Consulting,GCC,Bahrain,Live / varies,Possibly Available,,,2026-07-20,Live search sorted toward newest results,GulfTalent,B,Recognized job platform,Platform,61,Medium,,https://www.gulftalent.com/jobs?keywords=Enterprise+Applications+Manager,"GCC live-search pack. This is a live search link, not one fixed vacancy."
job-00625,Platform-Indexed Vacancy,job,Enterprise Applications Manager — Bayt Live Search,Bahrain,Bahrain,Live Job Search,Live Job Search,Technology & Consulting,GCC,Bahrain,Live / varies,Possibly Available,,,2026-07-20,Live search sorted toward newest results,Bayt,B,Recognized job platform,Platform,61,Medium,,https://www.bayt.com/en/bahrain/jobs/Enterprise%20Applications%20Manager-jobs/,"GCC live-search pack. This is a live search link, not one fixed vacancy."
job-00626,Platform-Indexed Vacancy,job,Cybersecurity Manager — LinkedIn Live Search,Bahrain,Bahrain,Live Job Search,Live Job Search,Technology & Consulting,GCC,Bahrain,Live / varies,Possibly Available,,,2026-07-20,Live search sorted toward newest results,LinkedIn,B,Recognized job platform,Platform,58,Low,,https://www.linkedin.com/jobs/search/?keywords=Cybersecurity+Manager&sortBy=DD&location=Bahrain,"GCC live-search pack. This is a live search link, not one fixed vacancy."
job-00627,Platform-Indexed Vacancy,job,Cybersecurity Manager — GulfTalent Live Search,Bahrain,Bahrain,Live Job Search,Live Job Search,Technology & Consulting,GCC,Bahrain,Live / varies,Possibly Available,,,2026-07-20,Live search sorted toward newest results,GulfTalent,B,Recognized job platform,Platform,58,Low,,https://www.gulftalent.com/jobs?keywords=Cybersecurity+Manager,"GCC live-search pack. This is a live search link, not one fixed vacancy."
job-00628,Platform-Indexed Vacancy,job,Cybersecurity Manager — Bayt Live Search,Bahrain,Bahrain,Live Job Search,Live Job Search,Technology & Consulting,GCC,Bahrain,Live / varies,Possibly Available,,,2026-07-20,Live search sorted toward newest results,Bayt,B,Recognized job platform,Platform,58,Low,,https://www.bayt.com/en/bahrain/jobs/Cybersecurity%20Manager-jobs/,"GCC live-search pack. This is a live search link, not one fixed vacancy."
job-00629,Platform-Indexed Vacancy,job,AI Solution Architect — LinkedIn Live Search,Bahrain,Bahrain,Live Job Search,Live Job Search,Other Multinational & Enterprise,GCC,Bahrain,Live / varies,Possibly Available,,,2026-07-20,Live search sorted toward newest results,LinkedIn,B,Recognized job platform,Platform,61,Medium,,https://www.linkedin.com/jobs/search/?keywords=AI+Solution+Architect&sortBy=DD&location=Bahrain,"GCC live-search pack. This is a live search link, not one fixed vacancy."
job-00630,Platform-Indexed Vacancy,job,AI Solution Architect — GulfTalent Live Search,Bahrain,Bahrain,Live Job Search,Live Job Search,Other Multinational & Enterprise,GCC,Bahrain,Live / varies,Possibly Available,,,2026-07-20,Live search sorted toward newest results,GulfTalent,B,Recognized job platform,Platform,61,Medium,,https://www.gulftalent.com/jobs?keywords=AI+Solution+Architect,"GCC live-search pack. This is a live search link, not one fixed vacancy."
job-00631,Platform-Indexed Vacancy,job,AI Solution Architect — Bayt Live Search,Bahrain,Bahrain,Live Job Search,Live Job Search,Other Multinational & Enterprise,GCC,Bahrain,Live / varies,Possibly Available,,,2026-07-20,Live search sorted toward newest results,Bayt,B,Recognized job platform,Platform,61,Medium,,https://www.bayt.com/en/bahrain/jobs/AI%20Solution%20Architect-jobs/,"GCC live-search pack. This is a live search link, not one fixed vacancy."
job-00632,Platform-Indexed Vacancy,job,Business Transformation Manager — LinkedIn Live Search,Bahrain,Bahrain,Live Job Search,Live Job Search,Other Multinational & Enterprise,GCC,Bahrain,Live / varies,Possibly Available,,,2026-07-20,Live search sorted toward newest results,LinkedIn,B,Recognized job platform,Platform,58,Low,,https://www.linkedin.com/jobs/search/?keywords=Business+Transformation+Manager&sortBy=DD&location=Bahrain,"GCC live-search pack. This is a live search link, not one fixed vacancy."
job-00633,Platform-Indexed Vacancy,job,Business Transformation Manager — GulfTalent Live Search,Bahrain,Bahrain,Live Job Search,Live Job Search,Other Multinational & Enterprise,GCC,Bahrain,Live / varies,Possibly Available,,,2026-07-20,Live search sorted toward newest results,GulfTalent,B,Recognized job platform,Platform,58,Low,,https://www.gulftalent.com/jobs?keywords=Business+Transformation+Manager,"GCC live-search pack. This is a live search link, not one fixed vacancy."
job-00634,Platform-Indexed Vacancy,job,Business Transformation Manager — Bayt Live Search,Bahrain,Bahrain,Live Job Search,Live Job Search,Other Multinational & Enterprise,GCC,Bahrain,Live / varies,Possibly Available,,,2026-07-20,Live search sorted toward newest results,Bayt,B,Recognized job platform,Platform,58,Low,,https://www.bayt.com/en/bahrain/jobs/Business%20Transformation%20Manager-jobs/,"GCC live-search pack. This is a live search link, not one fixed vacancy."
job-00635,Platform-Indexed Vacancy,job,ServiceNow Architect — LinkedIn Live Search,Bahrain,Bahrain,Live Job Search,Live Job Search,Other Multinational & Enterprise,GCC,Bahrain,Live / varies,Possibly Available,,,2026-07-20,Live search sorted toward newest results,LinkedIn,B,Recognized job platform,Platform,58,Low,,https://www.linkedin.com/jobs/search/?keywords=ServiceNow+Architect&sortBy=DD&location=Bahrain,"GCC live-search pack. This is a live search link, not one fixed vacancy."
job-00636,Platform-Indexed Vacancy,job,ServiceNow Architect — GulfTalent Live Search,Bahrain,Bahrain,Live Job Search,Live Job Search,Other Multinational & Enterprise,GCC,Bahrain,Live / varies,Possibly Available,,,2026-07-20,Live search sorted toward newest results,GulfTalent,B,Recognized job platform,Platform,58,Low,,https://www.gulftalent.com/jobs?keywords=ServiceNow+Architect,"GCC live-search pack. This is a live search link, not one fixed vacancy."
job-00637,Platform-Indexed Vacancy,job,ServiceNow Architect — Bayt Live Search,Bahrain,Bahrain,Live Job Search,Live Job Search,Other Multinational & Enterprise,GCC,Bahrain,Live / varies,Possibly Available,,,2026-07-20,Live search sorted toward newest results,Bayt,B,Recognized job platform,Platform,58,Low,,https://www.bayt.com/en/bahrain/jobs/ServiceNow%20Architect-jobs/,"GCC live-search pack. This is a live search link, not one fixed vacancy."
job-00638,Platform-Indexed Vacancy,job,ERP Program Manager — LinkedIn Live Search,Bahrain,Bahrain,Live Job Search,Live Job Search,Other Multinational & Enterprise,GCC,Bahrain,Live / varies,Possibly Available,,,2026-07-20,Live search sorted toward newest results,LinkedIn,B,Recognized job platform,Platform,63,Medium,,https://www.linkedin.com/jobs/search/?keywords=ERP+Program+Manager&sortBy=DD&location=Bahrain,"GCC live-search pack. This is a live search link, not one fixed vacancy."
job-00639,Platform-Indexed Vacancy,job,ERP Program Manager — GulfTalent Live Search,Bahrain,Bahrain,Live Job Search,Live Job Search,Other Multinational & Enterprise,GCC,Bahrain,Live / varies,Possibly Available,,,2026-07-20,Live search sorted toward newest results,GulfTalent,B,Recognized job platform,Platform,63,Medium,,https://www.gulftalent.com/jobs?keywords=ERP+Program+Manager,"GCC live-search pack. This is a live search link, not one fixed vacancy."
job-00640,Platform-Indexed Vacancy,job,ERP Program Manager — Bayt Live Search,Bahrain,Bahrain,Live Job Search,Live Job Search,Other Multinational & Enterprise,GCC,Bahrain,Live / varies,Possibly Available,,,2026-07-20,Live search sorted toward newest results,Bayt,B,Recognized job platform,Platform,63,Medium,,https://www.bayt.com/en/bahrain/jobs/ERP%20Program%20Manager-jobs/,"GCC live-search pack. This is a live search link, not one fixed vacancy."
job-00641,Platform-Indexed Vacancy,job,ICT Manager — LinkedIn Live Search,Bahrain,Bahrain,Live Job Search,Live Job Search,Other Multinational & Enterprise,GCC,Bahrain,Live / varies,Possibly Available,,,2026-07-20,Live search sorted toward newest results,LinkedIn,B,Recognized job platform,Platform,58,Low,,https://www.linkedin.com/jobs/search/?keywords=ICT+Manager&sortBy=DD&location=Bahrain,"GCC live-search pack. This is a live search link, not one fixed vacancy."
job-00642,Platform-Indexed Vacancy,job,ICT Manager — GulfTalent Live Search,Bahrain,Bahrain,Live Job Search,Live Job Search,Other Multinational & Enterprise,GCC,Bahrain,Live / varies,Possibly Available,,,2026-07-20,Live search sorted toward newest results,GulfTalent,B,Recognized job platform,Platform,58,Low,,https://www.gulftalent.com/jobs?keywords=ICT+Manager,"GCC live-search pack. This is a live search link, not one fixed vacancy."
job-00643,Platform-Indexed Vacancy,job,ICT Manager — Bayt Live Search,Bahrain,Bahrain,Live Job Search,Live Job Search,Other Multinational & Enterprise,GCC,Bahrain,Live / varies,Possibly Available,,,2026-07-20,Live search sorted toward newest results,Bayt,B,Recognized job platform,Platform,58,Low,,https://www.bayt.com/en/bahrain/jobs/ICT%20Manager-jobs/,"GCC live-search pack. This is a live search link, not one fixed vacancy."
job-00644,Platform-Indexed Vacancy,job,Manager - IT Strategy and Planning,Qiddiya Investment Company,Qiddiya Investment Company,IT Governance & Service Management,IT Governance & Service Management,Other Multinational & Enterprise,GCC,Saudi Arabia,Riyadh,Expired,,,2026-07-20,2026-07-05,Workable,A,Official / primary source,Official,63,Medium,,https://jobs.workable.com/view/ovBb3YbvhMDKGBERFdwLKB/manager---it-strategy-and-planning-in-riyadh-at-qiddiya-investment-company,On-site Riyadh
job-00645,Platform-Indexed Vacancy,job,Manager - IT Delivery Management,Qiddiya Investment Company,Qiddiya Investment Company,"Program, Project & Delivery Management","Program, Project & Delivery Management",Other Multinational & Enterprise,GCC,Saudi Arabia,Riyadh,Expired,,,2026-07-20,2026-06-25,Workable,A,Official / primary source,Official,58,Low,,https://jobs.workable.com/view/4pnsntXVAwmcL32FjotbRQ/manager---it-delivery-management-in-riyadh-at-qiddiya-investment-company,On-site Riyadh
job-00646,Platform-Indexed Vacancy,job,Senior Solution Architect,CodeNinja,CodeNinja,Solution Architecture,Solution Architecture,Other Multinational & Enterprise,GCC,Saudi Arabia,Riyadh,Expired,,,2026-07-20,2026-07-18,Workable,A,Official / primary source,Official,63,Medium,,https://jobs.workable.com/view/tVupmTWz1rZkfJuzaKW3m4/senior-solution-architect-in-riyadh-at-codeninja,On-site Riyadh
job-00647,Platform-Indexed Vacancy,job,Digital Solutions Architect / Lead Developer,Müller’s Solutions,Müller’s Solutions,Solution Architecture,Solution Architecture,Technology & Consulting,GCC,Saudi Arabia,Riyadh,Expired,,,2026-07-20,2026-07-16,Workable,A,Official / primary source,Official,63,Medium,,https://jobs.workable.com/view/xetoAqkQoxYvxmTjs5ih5M/digital-solutions-architect-%2F-lead-developer--arabic-speaker-%289-month-%29-in-riyadh-at-m%C3%BCller%60s-solutions,On-site Riyadh
job-00648,Platform-Indexed Vacancy,job,IT Manager,SSC HR Solutions,SSC HR Solutions,IT Leadership & Management,IT Leadership & Management,Other Multinational & Enterprise,GCC,Saudi Arabia,Jeddah,Expired,,,2026-07-20,2026-06-21,Workable,A,Official / primary source,Official,58,Low,,https://jobs.workable.com/view/i2Vvp2wtAG7Myjc3he2WvD/it-manager-in-jeddah-at-ssc-hr-solutions,On-site Jeddah
job-00649,Platform-Indexed Vacancy,job,Sitecore Solution Architect (XM Cloud),Arcsen,Arcsen,Solution Architecture,Solution Architecture,Technology & Consulting,GCC,United Arab Emirates,Dubai / Hybrid,Expired,,,2026-07-20,2026-06-28,Workable,A,Official / primary source,Official,65,Medium,,https://jobs.workable.com/view/rwAMHfp2c5xsakchaNDZ6b/hybrid-sitecore-solution-architect-%28xm-cloud%29-in-dubai-at-arcsen,Hybrid Dubai
job-00650,Platform-Indexed Vacancy,job,Process & Change Analyst,Expereo,Expereo,Digital Transformation & Strategy,Digital Transformation & Strategy,Technology & Consulting,GCC,United Arab Emirates,Dubai / Hybrid,Expired,,,2026-07-20,2026-06-29,Workable,A,Official / primary source,Official,56,Low,,https://jobs.workable.com/view/4ACZpdN9B14NZJ71NZEsEA/hybrid-process-%26-change-analyst---temp-to-perm-in-dubai-at-expereo,Hybrid Dubai
job-00651,Platform-Indexed Vacancy,job,Digital Transformation Director,Dammam Airports Company,Dammam Airports Company,Digital Transformation & Strategy,Digital Transformation & Strategy,Supply Chain & Logistics,GCC,Saudi Arabia,Dammam,Expired,2026-07-20,,2026-07-20,Current listing; checked 18 Jul 2026,Official employer,B,Direct organization or specialist source,Direct,65,Medium,,https://careers.daco.sa/en/saudi-arabia/jobs/digital-transformation-director-1100040713/,Open nationality not stated
job-00652,Platform-Indexed Vacancy,job,"Manager, Digital Transformation",Saudia Technic,Saudia Technic,Digital Transformation & Strategy,Digital Transformation & Strategy,Technology & Consulting,GCC,Saudi Arabia,Saudi Arabia,Expired,2026-07-20,,2026-07-20,Current listing; checked 18 Jul 2026,Official employer,B,Direct organization or specialist source,Direct,61,Medium,,https://careers.saudiatechnic.com/en/saudi-arabia/jobs/manager-digital-transformation-1100046035/,Verify eligibility
job-00653,Platform-Indexed Vacancy,job,Enterprise Architect,FNRCO,FNRCO,Enterprise Architecture,Enterprise Architecture,Technology & Consulting,GCC,Saudi Arabia,Riyadh,Expired,,,2026-07-20,Recent listing,LinkedIn,B,Recognized job platform,Platform,66,Medium,,https://www.linkedin.com/jobs/view/4339458055/,Verify eligibility
job-00654,Platform-Indexed Vacancy,job,Enterprise Architect - Banking,JODAYN,JODAYN,Enterprise Architecture,Enterprise Architecture,Technology & Consulting,GCC,Saudi Arabia,Riyadh,Expired,,,2026-07-20,Recent listing,LinkedIn,B,Recognized job platform,Platform,68,Medium,,https://sa.linkedin.com/jobs/view/enterprise-architect-banking-at-jodayn-%D8%AC%D9%88%D8%AF%D9%8A%D9%86-4412552306,Verify eligibility
job-00655,Platform-Indexed Vacancy,job,Senior Security Assurance Solutions Architect,Amazon Web Services,Amazon Web Services,Solution Architecture,Solution Architecture,Other Multinational & Enterprise,GCC,Saudi Arabia,Riyadh,Expired,,,2026-07-20,Posted 1 Jul 2026,Official employer,B,Direct organization or specialist source,Direct,63,Medium,,https://amazon.jobs/en-gb/jobs/10464183/senior-security-assurance-solutions-architect-ksa-nationals-aws-security-assurance-services,KSA nationals
job-00656,Platform-Indexed Vacancy,job,Head of A2R Greater Gulf and Tax Compliance,Sanofi,Sanofi,Digital Transformation & Strategy,Digital Transformation & Strategy,Technology & Consulting,GCC,Saudi Arabia,Riyadh,Expired,,,2026-07-20,Posted 16 Jul 2026,Official employer,B,Direct organization or specialist source,Direct,61,Medium,,https://jobs.sanofi.com/en/job/riyadh/head-of-a2r-greater-gulf-and-tax-compliance/2649/41324693824,Verify eligibility
job-00657,Platform-Indexed Vacancy,job,Government Affairs & Regional Public Affairs Head - KSA,Sanofi,Sanofi,Healthcare IT & Digital Health,Healthcare IT & Digital Health,Healthcare & Life Sciences,GCC,Saudi Arabia,Riyadh,Expired,,,2026-07-20,Posted 14 Jul 2026,Official employer,B,Direct organization or specialist source,Direct,68,Medium,,https://jobs.sanofi.com/en/job/riyadh/government-affairs-and-reginal-public-affairs-head-ksa/2649/40769505536,Arabic and English mandatory
job-00658,Platform-Indexed Vacancy,job,"Pricing Manager, MENA",Stryker,Stryker,Digital Transformation & Strategy,Digital Transformation & Strategy,Technology & Consulting,GCC,Saudi Arabia / UAE,Dubai / Riyadh,Expired,2026-07-20,,2026-07-20,Current listing,Official employer,B,Direct organization or specialist source,Direct,61,Medium,,https://careers.stryker.com/pricing-manager-mena/job/6D1E7A874D062C514E5E8F5BC3406002,No relocation
job-00659,Platform-Indexed Vacancy,job,Key Account Manager - Diagnostics Laboratory,Siemens Healthineers,Siemens Healthineers,Healthcare IT & Digital Health,Healthcare IT & Digital Health,Healthcare & Life Sciences,GCC,Saudi Arabia,Riyadh,Expired,2026-07-20,,2026-07-20,Current listing,Official employer,B,Direct organization or specialist source,Direct,66,Medium,,https://jobs.siemens-healthineers.com/de_DE/searchjobs/JobDetail/511930,Saudi nationals only
job-00660,Platform-Indexed Vacancy,job,Healthineers Graduates Program - Marketing & Communications,Siemens Healthineers,Siemens Healthineers,"Program, Project & Delivery Management","Program, Project & Delivery Management",Healthcare & Life Sciences,GCC,Saudi Arabia,Riyadh,Expired,,,2026-07-20,Posted 15 Jun 2026,Official employer,B,Direct organization or specialist source,Direct,21,Low,,https://jobs.siemens-healthineers.com/en_US/searchjobs/JobDetail/510193,Check program eligibility
job-00661,Platform-Indexed Vacancy,job,Healthineers Early Talents Program - Finance,Siemens Healthineers,Siemens Healthineers,"Program, Project & Delivery Management","Program, Project & Delivery Management",Healthcare & Life Sciences,GCC,Saudi Arabia,Riyadh,Expired,,,2026-07-20,Posted 29 Jun 2026,Official employer,B,Direct organization or specialist source,Direct,54,Low,,https://jobs.siemens-healthineers.com/cs_CZ/searchjobs/JobDetail/511936,Saudi nationals
job-00662,Platform-Indexed Vacancy,job,Business Manager Digital Health (HealthCare IT),Siemens Healthineers,Siemens Healthineers,Healthcare IT & Digital Health,Healthcare IT & Digital Health,Healthcare & Life Sciences,GCC,Saudi Arabia,Riyadh,Expired,,,2026-07-20,Posted 16 Jul 2026,Official employer,B,Direct organization or specialist source,Direct,66,Medium,,https://jobs.siemens.com/nl_NL/externaljobs/JobDetail/513954,Saudi nationals
job-00663,Platform-Indexed Vacancy,job,General Service Support - Graduate,Philips,Philips,Healthcare IT & Digital Health,Healthcare IT & Digital Health,Healthcare & Life Sciences,GCC,Saudi Arabia,Riyadh,Expired,,,2026-07-20,Recent listing; Aug 2026 start,LinkedIn,B,Recognized job platform,Platform,28,Low,,https://sa.linkedin.com/jobs/view/general-service-support-graduate-2-at-philips-4431229343,Graduate role; verify eligibility
job-00664,Platform-Indexed Vacancy,job,Healthcare Relations Consultant,Docspert Health,Docspert Health,Healthcare IT & Digital Health,Healthcare IT & Digital Health,Healthcare & Life Sciences,GCC,Saudi Arabia,Western Region,Expired,,,2026-07-20,Recent listing,LinkedIn,B,Recognized job platform,Platform,61,Medium,,https://sa.linkedin.com/jobs/view/healthcare-relations-consultant-at-docspert-health-4431922581,Strong local healthcare network required
job-00665,Platform-Indexed Vacancy,job,Healthcare Nutrition Specialist - Riyadh,Danone,Danone,Healthcare IT & Digital Health,Healthcare IT & Digital Health,Healthcare & Life Sciences,GCC,Saudi Arabia,Riyadh,Expired,,,2026-07-20,Recent listing,LinkedIn,B,Recognized job platform,Platform,61,Medium,,https://sa.linkedin.com/jobs/view/healthcare-nutrition-specialist-riyadh-at-danone-4439752427,Verify eligibility
job-00666,Platform-Indexed Vacancy,job,Digital Solutions Enterprise Architect,Omnix International,Omnix International,Enterprise Architecture,Enterprise Architecture,Technology & Consulting,Egypt,GCC / Egypt,Remote from Egypt + GCC travel,Expired,,,2026-07-20,Recent listing,LinkedIn,B,Recognized job platform,Platform,42,Low,,https://eg.linkedin.com/jobs/view/digital-solutions-enterprise-architect-at-omnix-international-4427184102,Regular GCC travel
job-00667,Platform-Indexed Vacancy,job,Manager Enterprise Architect,Emirates Group,Emirates Group,Enterprise Architecture,Enterprise Architecture,Technology & Consulting,GCC,United Arab Emirates,Dubai,Expired,,,2026-07-20,Checked 18 Jul 2026,Official employer,B,Direct organization or specialist source,Direct,66,Medium,,https://www.emiratesgroupcareers.com/search-and-apply/24681,Verify page remains open
job-00668,Platform-Indexed Vacancy,job,Principal Enterprise Architect,Landmark Group,Landmark Group,Enterprise Architecture,Enterprise Architecture,Technology & Consulting,GCC,United Arab Emirates,Dubai,Expired,,,2026-07-20,Recent listing,LinkedIn,B,Recognized job platform,Platform,66,Medium,,https://ae.linkedin.com/jobs/view/principal-enterprise-architect-at-landmark-group-4425794046,Verify eligibility
job-00669,Platform-Indexed Vacancy,job,Enterprise Architect - P&C Insurance,Al-Futtaim / Orient Insurance,Al-Futtaim / Orient Insurance,Enterprise Architecture,Enterprise Architecture,Technology & Consulting,GCC,United Arab Emirates,Dubai,Expired,2026-07-20,,2026-07-20,Current listing,LinkedIn,B,Recognized job platform,Platform,66,Medium,,https://www.linkedin.com/jobs/view/4400399857/,P&C insurance experience preferred
job-00670,Platform-Indexed Vacancy,job,Data Architect,Landmark Group,Landmark Group,Data Architecture & Governance,Data Architecture & Governance,Technology & Consulting,GCC,United Arab Emirates,Dubai,Expired,,,2026-07-20,Recent listing,LinkedIn,B,Recognized job platform,Platform,63,Medium,,https://ae.linkedin.com/jobs/view/data-architect-at-landmark-group-4291753169,Verify eligibility
job-00671,Platform-Indexed Vacancy,job,Data Protection Officer,Reem Hospital,Reem Hospital,Data Architecture & Governance,Data Architecture & Governance,Healthcare & Life Sciences,GCC,United Arab Emirates,Abu Dhabi,Expired,2026-07-20,,2026-07-20,Current listing,LinkedIn,B,Recognized job platform,Platform,63,Medium,,https://www.linkedin.com/jobs/view/4348337161/,Privacy certification required
job-00672,Platform-Indexed Vacancy,job,Laboratory Manager,M42 Health,M42 Health,Healthcare IT & Digital Health,Healthcare IT & Digital Health,Healthcare & Life Sciences,GCC,United Arab Emirates,Abu Dhabi,Expired,2026-07-20,,2026-07-20,Current listing,LinkedIn,B,Recognized job platform,Platform,66,Medium,,https://ae.linkedin.com/jobs/view/laboratory-manager-at-m42-health-4187981228,Laboratory-management experience required
job-00673,Platform-Indexed Vacancy,job,PA and Sales & Operations Support,GE HealthCare,GE HealthCare,Healthcare IT & Digital Health,Healthcare IT & Digital Health,Healthcare & Life Sciences,GCC,United Arab Emirates,Dubai,Expired,,,2026-07-20,Listing page available,LinkedIn,B,Recognized job platform,Platform,61,Medium,,https://ae.linkedin.com/jobs/view/pa-and-sales-operations-support-at-ge-healthcare-4359735767,Verify listing remains open
job-00674,Platform-Indexed Vacancy,job,Associate Solutions Architect Intern - UAE National,Amazon Web Services,Amazon Web Services,Solution Architecture,Solution Architecture,Other Multinational & Enterprise,GCC,United Arab Emirates,Dubai,Expired,,,2026-07-20,2026 intake,LinkedIn,B,Recognized job platform,Platform,38,Low,,https://www.linkedin.com/jobs/view/4358377392/,UAE nationals; internship
job-00675,Platform-Indexed Vacancy,job,Principal Solutions Architect - Middle East,Nebius,Nebius,Solution Architecture,Solution Architecture,Other Multinational & Enterprise,GCC,United Arab Emirates,UAE / Middle East,Expired,,,2026-07-20,Posted recently,LinkedIn,B,Recognized job platform,Platform,63,Medium,,https://www.linkedin.com/jobs/view/4437670321/,Verify work location
job-00676,Platform-Indexed Vacancy,job,Middle East IT Service Senior Manager,Boston Consulting Group,Boston Consulting Group,IT Leadership & Management,IT Leadership & Management,Technology & Consulting,GCC,Multiple GCC,Dubai / Riyadh / Doha / Abu Dhabi / Kuwait,Expired,2026-07-20,,2026-07-20,Current listing,LinkedIn,B,Recognized job platform,Platform,58,Low,,https://www.linkedin.com/jobs/view/4401179503/,Regional travel and leadership role
job-00677,Platform-Indexed Vacancy,job,"Regional Delivery Manager - CIS, Middle East & Africa",Thales,Thales,"Program, Project & Delivery Management","Program, Project & Delivery Management",Other Multinational & Enterprise,GCC,United Arab Emirates,Dubai / Regional,Expired,2026-07-20,,2026-07-20,Current listing,LinkedIn,B,Recognized job platform,Platform,61,Medium,,https://ae.linkedin.com/jobs/view/regional-delivery-manager-cis-middle-east-africa-cismea-at-thales-4316806318,Regional scope
job-00678,Platform-Indexed Vacancy,job,Department Head - Digital Solutions & Technology,Doha Bank,Doha Bank,Digital Transformation & Strategy,Digital Transformation & Strategy,Technology & Consulting,GCC,Qatar,Doha,Expired,,,2026-07-20,Posted 1 Jul 2026,Official employer,B,Direct organization or specialist source,Direct,61,Medium,,https://www.dohabank.com.qa/job/department-head-digital-solutions-technology/,Verify eligibility
job-00679,Platform-Indexed Vacancy,job,IT & Digital Transformation Manager,Swan Global,Swan Global,Digital Transformation & Strategy,Digital Transformation & Strategy,Technology & Consulting,GCC,Qatar,Doha,Expired,,,2026-07-20,Posted 10 Jul 2026,LinkedIn,B,Recognized job platform,Platform,61,Medium,,https://qa.linkedin.com/jobs/view/it-digital-transformation-manager-at-swan-global-4433961440,Verify eligibility
job-00680,Platform-Indexed Vacancy,job,IT Manager / Digital Transformation Manager,Ignite Search and Selection,Ignite Search and Selection,Digital Transformation & Strategy,Digital Transformation & Strategy,Technology & Consulting,GCC,Qatar,Doha,Expired,,,2026-07-20,Recent listing,LinkedIn,B,Recognized job platform,Platform,61,Medium,,https://qa.linkedin.com/jobs/view/it-manager-digital-transformation-manager-at-ignite-search-and-selection-4436626208,Client requirements apply
job-00681,Platform-Indexed Vacancy,job,Project Manager - Digital Transformation and Strategy (Banking),Nair Systems,Nair Systems,Digital Transformation & Strategy,Digital Transformation & Strategy,Technology & Consulting,GCC,Qatar,Doha,Expired,,,2026-07-20,Recent listing,LinkedIn,B,Recognized job platform,Platform,63,Medium,,https://qa.linkedin.com/jobs/view/project-manager-digital-transformation-and-strategy-banking-at-nair-systems-llc-4437950921,Banking experience preferred
job-00682,Platform-Indexed Vacancy,job,"Associate - Digital Strategy, Customer Innovation & Growth",Oliver Wyman,Oliver Wyman,Digital Transformation & Strategy,Digital Transformation & Strategy,Technology & Consulting,GCC,Qatar,Doha,Expired,,,2026-07-20,Posted recently,Official employer,B,Direct organization or specialist source,Direct,56,Low,,https://careers.marsh.com/global/en/job/R_352711/Oliver-Wyman-Associate-Digital-Strategy-Customer-Innovation-Growth-Doha,Consulting profile
job-00683,Platform-Indexed Vacancy,job,Senior Digital Architect,QatarEnergy,QatarEnergy,Enterprise Architecture,Enterprise Architecture,Technology & Consulting,GCC,Qatar,Doha,Expired,,,2026-07-20,Listed on official portal,Official employer portal,B,Direct organization or specialist source,Direct,66,Medium,,https://careerportal.qatarenergy.qa/jobs,Verify detailed eligibility
job-00684,Platform-Indexed Vacancy,job,Technology Strategy & Advisory Manager / Senior Manager,Accenture Middle East,Accenture Middle East,Digital Transformation & Strategy,Digital Transformation & Strategy,Technology & Consulting,GCC,Qatar,Doha,Expired,,,2026-07-20,Listing page available,LinkedIn,B,Recognized job platform,Platform,61,Medium,,https://qa.linkedin.com/jobs/view/technology-strategy-advisory-manager-senior-manager-at-accenture-middle-east-3772808296,Arabic preferred
job-00685,Platform-Indexed Vacancy,job,Digital Transformation Consultant - Project Based,Al Emadi Enterprises,Al Emadi Enterprises,Digital Transformation & Strategy,Digital Transformation & Strategy,Technology & Consulting,GCC,Qatar,Doha,Expired,,,2026-07-20,Recent listing,LinkedIn,B,Recognized job platform,Platform,59,Low,,https://qa.linkedin.com/jobs/view/digital-transformation-consultant-project-based-at-al-emadi-enterprises-4404162778,Project-based engagement
job-00686,Platform-Indexed Vacancy,job,Enterprise Architect,Oman Housing Bank,Oman Housing Bank,Enterprise Architecture,Enterprise Architecture,Technology & Consulting,GCC,Oman,Muscat,Expired,,,2026-07-20,Posted recently,LinkedIn,B,Recognized job platform,Platform,66,Medium,,https://om.linkedin.com/jobs/view/enterprise-architect-at-oman-housing-bank-%D8%A8%D9%86%D9%83-%D8%A7%D9%84%D8%A5%D8%B3%D9%83%D8%A7%D9%86-%D8%A7%D9%84%D8%B9%D9%8F%D9%85%D8%A7%D9%86%D9%8A-4438960983,Verify eligibility
job-00687,Platform-Indexed Vacancy,job,Enterprise Architect,KalSoft,KalSoft,Enterprise Architecture,Enterprise Architecture,Technology & Consulting,GCC,Oman,Muscat,Expired,,,2026-07-20,Recent listing,LinkedIn,B,Recognized job platform,Platform,66,Medium,,https://om.linkedin.com/jobs/view/enterprise-architect-at-kalsoft-4429849156,Verify eligibility
job-00688,Platform-Indexed Vacancy,job,VP Digital Transformation & Innovation,Oman Airports Management Company,Oman Airports Management Company,Digital Transformation & Strategy,Digital Transformation & Strategy,Supply Chain & Logistics,GCC,Oman,Muscat,Expired,,,2026-07-20,Listing page available,LinkedIn,B,Recognized job platform,Platform,56,Low,,https://om.linkedin.com/jobs/view/vp-digital-transformation-innovation-at-oman-airports-management-company-4376400959,Executive role
job-00689,Platform-Indexed Vacancy,job,Head of Digital Transformation & Technology,Al Ansari,Al Ansari,Digital Transformation & Strategy,Digital Transformation & Strategy,Technology & Consulting,GCC,Oman,Muscat,Expired,2026-07-20,,2026-07-20,Current listing page,LinkedIn,B,Recognized job platform,Platform,61,Medium,,https://om.linkedin.com/jobs/view/head-of-digital-transformation-technology-at-al-ansari-4280662485,Executive leadership
job-00690,Platform-Indexed Vacancy,job,Digital Transformation & Businesses Analyst,Consulting As Company,Consulting As Company,Digital Transformation & Strategy,Digital Transformation & Strategy,Technology & Consulting,GCC,Oman,Muscat,Expired,2026-07-20,,2026-07-20,Current listing page,LinkedIn,B,Recognized job platform,Platform,56,Low,,https://om.linkedin.com/jobs/view/digital-transformation-businesses-analyst-at-consulting-as-company-3979860256,Verify eligibility
job-00691,Platform-Indexed Vacancy,job,Oracle Enterprise Architect,Oracle,Oracle,Enterprise Architecture,Enterprise Architecture,Technology & Consulting,GCC,Kuwait,Kuwait City,Expired,,,2026-07-20,Recent listing,LinkedIn,B,Recognized job platform,Platform,66,Medium,,https://kw.linkedin.com/jobs/view/oracle-enterprise-architect-at-oracle-4071700994,Verify eligibility
job-00692,Platform-Indexed Vacancy,job,IT Business Partner,Alghanim Industries,Alghanim Industries,IT Leadership & Management,IT Leadership & Management,Other Multinational & Enterprise,GCC,Kuwait,Kuwait,Expired,,,2026-07-20,Recent listing,LinkedIn,B,Recognized job platform,Platform,58,Low,,https://www.linkedin.com/jobs/view/4416028048/,Verify eligibility
job-00693,Platform-Indexed Vacancy,job,"Director, Digital Operations",Iron Mountain,Iron Mountain,"Cloud, Infrastructure & IT Operations","Cloud, Infrastructure & IT Operations",Technology & Consulting,GCC,Kuwait,Kuwait,Expired,2026-07-20,,2026-07-20,Current listing page,LinkedIn,B,Recognized job platform,Platform,63,Medium,,https://www.linkedin.com/jobs/view/4350519247/,Verify location details
job-00694,Platform-Indexed Vacancy,job,Cyber Security Consultant - Manager,RSM Kuwait,RSM Kuwait,Cybersecurity & Security Architecture,Cybersecurity & Security Architecture,Technology & Consulting,GCC,Kuwait,Kuwait,Expired,,,2026-07-20,Recent listing,LinkedIn,B,Recognized job platform,Platform,59,Low,,https://www.linkedin.com/jobs/view/4422353081/,Cybersecurity consulting experience
job-00695,Platform-Indexed Vacancy,job,IT Lead - Point of Sales,Alghanim Industries,Alghanim Industries,Enterprise Applications & Software,Enterprise Applications & Software,Technology & Consulting,GCC,Kuwait,Kuwait,Expired,2026-07-20,,2026-07-20,Current listing page,LinkedIn,B,Recognized job platform,Platform,61,Medium,,https://www.linkedin.com/jobs/view/4336792254/,POS experience preferred
job-00696,Platform-Indexed Vacancy,job,Technology Strategy & Governance Head,Robert Walters client,Robert Walters client,IT Governance & Service Management,IT Governance & Service Management,Technology & Consulting,GCC,Bahrain,Bahrain,Expired,2026-07-20,,2026-07-20,Current listing,LinkedIn,B,Recognized job platform,Platform,59,Low,,https://sg.linkedin.com/jobs/view/technology-strategy-governance-head-based-in-bahrain-at-robert-walters-4357419305,Based in Bahrain
job-00697,Platform-Indexed Vacancy,job,Digital Transformation Manager,Seven Blocks,Seven Blocks,Digital Transformation & Strategy,Digital Transformation & Strategy,Technology & Consulting,GCC,Bahrain,Remote - Bahrain,Expired,,,2026-07-20,Recent listing,LinkedIn,B,Recognized job platform,Platform,61,Medium,,https://bh.linkedin.com/jobs/view/digital-transformation-manager-at-seven-blocks-%E2%84%A2-4429602278,Remote role based in Bahrain
job-00698,Platform-Indexed Vacancy,job,Director of Technology and Innovation - Hotels Group,Renard International client,Renard International client,Other Technology Role,Other Technology Role,Technology & Consulting,GCC,Bahrain,Bahrain,Expired,,,2026-07-20,Recent listing,LinkedIn,B,Recognized job platform,Platform,36,Low,,https://in.linkedin.com/jobs/view/director-of-technology-and-innovation-%E2%80%93-hotels-group-bahrain-at-renard-international-hospitality-search-consultants-4426619696,Relocation to Bahrain
job-00699,Platform-Indexed Vacancy,job,Process Improvement Manager,Confidential / Recruitment listing,Confidential / Recruitment listing,Digital Transformation & Strategy,Digital Transformation & Strategy,Technology & Consulting,GCC,Bahrain,Bahrain,Expired,,,2026-07-20,Posted Jun 2026,LinkedIn,B,Recognized job platform,Platform,61,Medium,,https://uk.linkedin.com/jobs/view/d-f-h-d-h-at-ju-cs-it-placements-pg-4431676044,Verify employer and eligibility
job-01011,Platform-Indexed Vacancy,job,Enterprise Architect — LinkedIn Live Search,Middle East Remote,Middle East Remote,Live Job Search,Live Job Search,Technology & Consulting,Remote / Global,Middle East Remote,Live / varies,Possibly Available,,,2026-07-20,Live search sorted toward newest results,LinkedIn,B,Recognized job platform,Platform,64,Medium,,https://www.linkedin.com/jobs/search/?keywords=Enterprise+Architect&sortBy=DD&location=Middle+East+Remote,"Global remote live-search pack. This is a live search link, not one fixed vacancy."
job-01012,Platform-Indexed Vacancy,job,Enterprise Architect — WeWorkRemotely Live Search,Middle East Remote,Middle East Remote,Live Job Search,Live Job Search,Technology & Consulting,Remote / Global,Middle East Remote,Live / varies,Possibly Available,,,2026-07-20,Live search sorted toward newest results,WeWorkRemotely,B,Direct organization or specialist source,Direct,64,Medium,,https://weworkremotely.com/remote-jobs/search?term=Enterprise+Architect,"Global remote live-search pack. This is a live search link, not one fixed vacancy."
job-01013,Platform-Indexed Vacancy,job,Enterprise Architect — RemoteOK Live Search,Middle East Remote,Middle East Remote,Live Job Search,Live Job Search,Technology & Consulting,Remote / Global,Middle East Remote,Live / varies,Possibly Available,,,2026-07-20,Live search sorted toward newest results,RemoteOK,B,Direct organization or specialist source,Direct,64,Medium,,https://remoteok.com/remote-enterprise-architect-jobs,"Global remote live-search pack. This is a live search link, not one fixed vacancy."
job-01014,Platform-Indexed Vacancy,job,Enterprise Architect — Wellfound Live Search,Middle East Remote,Middle East Remote,Live Job Search,Live Job Search,Technology & Consulting,Remote / Global,Middle East Remote,Live / varies,Possibly Available,,,2026-07-20,Live search sorted toward newest results,Wellfound,B,Direct organization or specialist source,Direct,64,Medium,,https://wellfound.com/jobs?q=Enterprise+Architect&remote=True,"Global remote live-search pack. This is a live search link, not one fixed vacancy."
job-01015,Platform-Indexed Vacancy,job,Solution Architect — LinkedIn Live Search,Middle East Remote,Middle East Remote,Live Job Search,Live Job Search,Other Multinational & Enterprise,Remote / Global,Middle East Remote,Live / varies,Possibly Available,,,2026-07-20,Live search sorted toward newest results,LinkedIn,B,Recognized job platform,Platform,61,Medium,,https://www.linkedin.com/jobs/search/?keywords=Solution+Architect&sortBy=DD&location=Middle+East+Remote,"Global remote live-search pack. This is a live search link, not one fixed vacancy."
job-01016,Platform-Indexed Vacancy,job,Solution Architect — WeWorkRemotely Live Search,Middle East Remote,Middle East Remote,Live Job Search,Live Job Search,Other Multinational & Enterprise,Remote / Global,Middle East Remote,Live / varies,Possibly Available,,,2026-07-20,Live search sorted toward newest results,WeWorkRemotely,B,Direct organization or specialist source,Direct,61,Medium,,https://weworkremotely.com/remote-jobs/search?term=Solution+Architect,"Global remote live-search pack. This is a live search link, not one fixed vacancy."
job-01017,Platform-Indexed Vacancy,job,Solution Architect — RemoteOK Live Search,Middle East Remote,Middle East Remote,Live Job Search,Live Job Search,Other Multinational & Enterprise,Remote / Global,Middle East Remote,Live / varies,Possibly Available,,,2026-07-20,Live search sorted toward newest results,RemoteOK,B,Direct organization or specialist source,Direct,61,Medium,,https://remoteok.com/remote-solution-architect-jobs,"Global remote live-search pack. This is a live search link, not one fixed vacancy."
job-01018,Platform-Indexed Vacancy,job,Solution Architect — Wellfound Live Search,Middle East Remote,Middle East Remote,Live Job Search,Live Job Search,Other Multinational & Enterprise,Remote / Global,Middle East Remote,Live / varies,Possibly Available,,,2026-07-20,Live search sorted toward newest results,Wellfound,B,Direct organization or specialist source,Direct,61,Medium,,https://wellfound.com/jobs?q=Solution+Architect&remote=True,"Global remote live-search pack. This is a live search link, not one fixed vacancy."
job-01019,Platform-Indexed Vacancy,job,Digital Transformation Manager — LinkedIn Live Search,Middle East Remote,Middle East Remote,Live Job Search,Live Job Search,Technology & Consulting,Remote / Global,Middle East Remote,Live / varies,Possibly Available,,,2026-07-20,Live search sorted toward newest results,LinkedIn,B,Recognized job platform,Platform,61,Medium,,https://www.linkedin.com/jobs/search/?keywords=Digital+Transformation+Manager&sortBy=DD&location=Middle+East+Remote,"Global remote live-search pack. This is a live search link, not one fixed vacancy."
job-01020,Platform-Indexed Vacancy,job,Digital Transformation Manager — WeWorkRemotely Live Search,Middle East Remote,Middle East Remote,Live Job Search,Live Job Search,Technology & Consulting,Remote / Global,Middle East Remote,Live / varies,Possibly Available,,,2026-07-20,Live search sorted toward newest results,WeWorkRemotely,B,Direct organization or specialist source,Direct,61,Medium,,https://weworkremotely.com/remote-jobs/search?term=Digital+Transformation+Manager,"Global remote live-search pack. This is a live search link, not one fixed vacancy."
job-01021,Platform-Indexed Vacancy,job,Digital Transformation Manager — RemoteOK Live Search,Middle East Remote,Middle East Remote,Live Job Search,Live Job Search,Technology & Consulting,Remote / Global,Middle East Remote,Live / varies,Possibly Available,,,2026-07-20,Live search sorted toward newest results,RemoteOK,B,Direct organization or specialist source,Direct,61,Medium,,https://remoteok.com/remote-digital-transformation-manager-jobs,"Global remote live-search pack. This is a live search link, not one fixed vacancy."
job-01022,Platform-Indexed Vacancy,job,Digital Transformation Manager — Wellfound Live Search,Middle East Remote,Middle East Remote,Live Job Search,Live Job Search,Technology & Consulting,Remote / Global,Middle East Remote,Live / varies,Possibly Available,,,2026-07-20,Live search sorted toward newest results,Wellfound,B,Direct organization or specialist source,Direct,61,Medium,,https://wellfound.com/jobs?q=Digital+Transformation+Manager&remote=True,"Global remote live-search pack. This is a live search link, not one fixed vacancy."
job-01023,Platform-Indexed Vacancy,job,IT Director — LinkedIn Live Search,Middle East Remote,Middle East Remote,Live Job Search,Live Job Search,Other Multinational & Enterprise,Remote / Global,Middle East Remote,Live / varies,Possibly Available,,,2026-07-20,Live search sorted toward newest results,LinkedIn,B,Recognized job platform,Platform,64,Medium,,https://www.linkedin.com/jobs/search/?keywords=IT+Director&sortBy=DD&location=Middle+East+Remote,"Global remote live-search pack. This is a live search link, not one fixed vacancy."
job-01024,Platform-Indexed Vacancy,job,IT Director — WeWorkRemotely Live Search,Middle East Remote,Middle East Remote,Live Job Search,Live Job Search,Other Multinational & Enterprise,Remote / Global,Middle East Remote,Live / varies,Possibly Available,,,2026-07-20,Live search sorted toward newest results,WeWorkRemotely,B,Direct organization or specialist source,Direct,64,Medium,,https://weworkremotely.com/remote-jobs/search?term=IT+Director,"Global remote live-search pack. This is a live search link, not one fixed vacancy."
job-01025,Platform-Indexed Vacancy,job,IT Director — RemoteOK Live Search,Middle East Remote,Middle East Remote,Live Job Search,Live Job Search,Other Multinational & Enterprise,Remote / Global,Middle East Remote,Live / varies,Possibly Available,,,2026-07-20,Live search sorted toward newest results,RemoteOK,B,Direct organization or specialist source,Direct,64,Medium,,https://remoteok.com/remote-it-director-jobs,"Global remote live-search pack. This is a live search link, not one fixed vacancy."
job-01026,Platform-Indexed Vacancy,job,IT Director — Wellfound Live Search,Middle East Remote,Middle East Remote,Live Job Search,Live Job Search,Other Multinational & Enterprise,Remote / Global,Middle East Remote,Live / varies,Possibly Available,,,2026-07-20,Live search sorted toward newest results,Wellfound,B,Direct organization or specialist source,Direct,64,Medium,,https://wellfound.com/jobs?q=IT+Director&remote=True,"Global remote live-search pack. This is a live search link, not one fixed vacancy."
job-01027,Platform-Indexed Vacancy,job,Head of Technology — LinkedIn Live Search,Middle East Remote,Middle East Remote,Live Job Search,Live Job Search,Technology & Consulting,Remote / Global,Middle East Remote,Live / varies,Possibly Available,,,2026-07-20,Live search sorted toward newest results,LinkedIn,B,Recognized job platform,Platform,57,Low,,https://www.linkedin.com/jobs/search/?keywords=Head+of+Technology&sortBy=DD&location=Middle+East+Remote,"Global remote live-search pack. This is a live search link, not one fixed vacancy."
job-01028,Platform-Indexed Vacancy,job,Head of Technology — WeWorkRemotely Live Search,Middle East Remote,Middle East Remote,Live Job Search,Live Job Search,Technology & Consulting,Remote / Global,Middle East Remote,Live / varies,Possibly Available,,,2026-07-20,Live search sorted toward newest results,WeWorkRemotely,B,Direct organization or specialist source,Direct,57,Low,,https://weworkremotely.com/remote-jobs/search?term=Head+of+Technology,"Global remote live-search pack. This is a live search link, not one fixed vacancy."
job-01029,Platform-Indexed Vacancy,job,Head of Technology — RemoteOK Live Search,Middle East Remote,Middle East Remote,Live Job Search,Live Job Search,Technology & Consulting,Remote / Global,Middle East Remote,Live / varies,Possibly Available,,,2026-07-20,Live search sorted toward newest results,RemoteOK,B,Direct organization or specialist source,Direct,57,Low,,https://remoteok.com/remote-head-of-technology-jobs,"Global remote live-search pack. This is a live search link, not one fixed vacancy."
job-01030,Platform-Indexed Vacancy,job,Head of Technology — Wellfound Live Search,Middle East Remote,Middle East Remote,Live Job Search,Live Job Search,Technology & Consulting,Remote / Global,Middle East Remote,Live / varies,Possibly Available,,,2026-07-20,Live search sorted toward newest results,Wellfound,B,Direct organization or specialist source,Direct,57,Low,,https://wellfound.com/jobs?q=Head+of+Technology&remote=True,"Global remote live-search pack. This is a live search link, not one fixed vacancy."
job-01031,Platform-Indexed Vacancy,job,Technology Director — LinkedIn Live Search,Middle East Remote,Middle East Remote,Live Job Search,Live Job Search,Technology & Consulting,Remote / Global,Middle East Remote,Live / varies,Possibly Available,,,2026-07-20,Live search sorted toward newest results,LinkedIn,B,Recognized job platform,Platform,64,Medium,,https://www.linkedin.com/jobs/search/?keywords=Technology+Director&sortBy=DD&location=Middle+East+Remote,"Global remote live-search pack. This is a live search link, not one fixed vacancy."
job-01032,Platform-Indexed Vacancy,job,Technology Director — WeWorkRemotely Live Search,Middle East Remote,Middle East Remote,Live Job Search,Live Job Search,Technology & Consulting,Remote / Global,Middle East Remote,Live / varies,Possibly Available,,,2026-07-20,Live search sorted toward newest results,WeWorkRemotely,B,Direct organization or specialist source,Direct,64,Medium,,https://weworkremotely.com/remote-jobs/search?term=Technology+Director,"Global remote live-search pack. This is a live search link, not one fixed vacancy."
job-01033,Platform-Indexed Vacancy,job,Technology Director — RemoteOK Live Search,Middle East Remote,Middle East Remote,Live Job Search,Live Job Search,Technology & Consulting,Remote / Global,Middle East Remote,Live / varies,Possibly Available,,,2026-07-20,Live search sorted toward newest results,RemoteOK,B,Direct organization or specialist source,Direct,64,Medium,,https://remoteok.com/remote-technology-director-jobs,"Global remote live-search pack. This is a live search link, not one fixed vacancy."
job-01034,Platform-Indexed Vacancy,job,Technology Director — Wellfound Live Search,Middle East Remote,Middle East Remote,Live Job Search,Live Job Search,Technology & Consulting,Remote / Global,Middle East Remote,Live / varies,Possibly Available,,,2026-07-20,Live search sorted toward newest results,Wellfound,B,Direct organization or specialist source,Direct,64,Medium,,https://wellfound.com/jobs?q=Technology+Director&remote=True,"Global remote live-search pack. This is a live search link, not one fixed vacancy."
job-01035,Platform-Indexed Vacancy,job,IT Strategy Manager — LinkedIn Live Search,Middle East Remote,Middle East Remote,Live Job Search,Live Job Search,Other Multinational & Enterprise,Remote / Global,Middle East Remote,Live / varies,Possibly Available,,,2026-07-20,Live search sorted toward newest results,LinkedIn,B,Recognized job platform,Platform,61,Medium,,https://www.linkedin.com/jobs/search/?keywords=IT+Strategy+Manager&sortBy=DD&location=Middle+East+Remote,"Global remote live-search pack. This is a live search link, not one fixed vacancy."
job-01036,Platform-Indexed Vacancy,job,IT Strategy Manager — WeWorkRemotely Live Search,Middle East Remote,Middle East Remote,Live Job Search,Live Job Search,Other Multinational & Enterprise,Remote / Global,Middle East Remote,Live / varies,Possibly Available,,,2026-07-20,Live search sorted toward newest results,WeWorkRemotely,B,Direct organization or specialist source,Direct,61,Medium,,https://weworkremotely.com/remote-jobs/search?term=IT+Strategy+Manager,"Global remote live-search pack. This is a live search link, not one fixed vacancy."
job-01037,Platform-Indexed Vacancy,job,IT Strategy Manager — RemoteOK Live Search,Middle East Remote,Middle East Remote,Live Job Search,Live Job Search,Other Multinational & Enterprise,Remote / Global,Middle East Remote,Live / varies,Possibly Available,,,2026-07-20,Live search sorted toward newest results,RemoteOK,B,Direct organization or specialist source,Direct,61,Medium,,https://remoteok.com/remote-it-strategy-manager-jobs,"Global remote live-search pack. This is a live search link, not one fixed vacancy."
job-01038,Platform-Indexed Vacancy,job,IT Strategy Manager — Wellfound Live Search,Middle East Remote,Middle East Remote,Live Job Search,Live Job Search,Other Multinational & Enterprise,Remote / Global,Middle East Remote,Live / varies,Possibly Available,,,2026-07-20,Live search sorted toward newest results,Wellfound,B,Direct organization or specialist source,Direct,61,Medium,,https://wellfound.com/jobs?q=IT+Strategy+Manager&remote=True,"Global remote live-search pack. This is a live search link, not one fixed vacancy."
job-01039,Platform-Indexed Vacancy,job,Data Architect — LinkedIn Live Search,Middle East Remote,Middle East Remote,Live Job Search,Live Job Search,Technology & Consulting,Remote / Global,Middle East Remote,Live / varies,Possibly Available,,,2026-07-20,Live search sorted toward newest results,LinkedIn,B,Recognized job platform,Platform,59,Low,,https://www.linkedin.com/jobs/search/?keywords=Data+Architect&sortBy=DD&location=Middle+East+Remote,"Global remote live-search pack. This is a live search link, not one fixed vacancy."
job-01040,Platform-Indexed Vacancy,job,Data Architect — WeWorkRemotely Live Search,Middle East Remote,Middle East Remote,Live Job Search,Live Job Search,Technology & Consulting,Remote / Global,Middle East Remote,Live / varies,Possibly Available,,,2026-07-20,Live search sorted toward newest results,WeWorkRemotely,B,Direct organization or specialist source,Direct,59,Low,,https://weworkremotely.com/remote-jobs/search?term=Data+Architect,"Global remote live-search pack. This is a live search link, not one fixed vacancy."
job-01041,Platform-Indexed Vacancy,job,Data Architect — RemoteOK Live Search,Middle East Remote,Middle East Remote,Live Job Search,Live Job Search,Technology & Consulting,Remote / Global,Middle East Remote,Live / varies,Possibly Available,,,2026-07-20,Live search sorted toward newest results,RemoteOK,B,Direct organization or specialist source,Direct,59,Low,,https://remoteok.com/remote-data-architect-jobs,"Global remote live-search pack. This is a live search link, not one fixed vacancy."
job-01042,Platform-Indexed Vacancy,job,Data Architect — Wellfound Live Search,Middle East Remote,Middle East Remote,Live Job Search,Live Job Search,Technology & Consulting,Remote / Global,Middle East Remote,Live / varies,Possibly Available,,,2026-07-20,Live search sorted toward newest results,Wellfound,B,Direct organization or specialist source,Direct,59,Low,,https://wellfound.com/jobs?q=Data+Architect&remote=True,"Global remote live-search pack. This is a live search link, not one fixed vacancy."
job-01043,Platform-Indexed Vacancy,job,Data Governance Manager — LinkedIn Live Search,Middle East Remote,Middle East Remote,Live Job Search,Live Job Search,Technology & Consulting,Remote / Global,Middle East Remote,Live / varies,Possibly Available,,,2026-07-20,Live search sorted toward newest results,LinkedIn,B,Recognized job platform,Platform,64,Medium,,https://www.linkedin.com/jobs/search/?keywords=Data+Governance+Manager&sortBy=DD&location=Middle+East+Remote,"Global remote live-search pack. This is a live search link, not one fixed vacancy."
job-01044,Platform-Indexed Vacancy,job,Data Governance Manager — WeWorkRemotely Live Search,Middle East Remote,Middle East Remote,Live Job Search,Live Job Search,Technology & Consulting,Remote / Global,Middle East Remote,Live / varies,Possibly Available,,,2026-07-20,Live search sorted toward newest results,WeWorkRemotely,B,Direct organization or specialist source,Direct,64,Medium,,https://weworkremotely.com/remote-jobs/search?term=Data+Governance+Manager,"Global remote live-search pack. This is a live search link, not one fixed vacancy."
job-01045,Platform-Indexed Vacancy,job,Data Governance Manager — RemoteOK Live Search,Middle East Remote,Middle East Remote,Live Job Search,Live Job Search,Technology & Consulting,Remote / Global,Middle East Remote,Live / varies,Possibly Available,,,2026-07-20,Live search sorted toward newest results,RemoteOK,B,Direct organization or specialist source,Direct,64,Medium,,https://remoteok.com/remote-data-governance-manager-jobs,"Global remote live-search pack. This is a live search link, not one fixed vacancy."
job-01046,Platform-Indexed Vacancy,job,Data Governance Manager — Wellfound Live Search,Middle East Remote,Middle East Remote,Live Job Search,Live Job Search,Technology & Consulting,Remote / Global,Middle East Remote,Live / varies,Possibly Available,,,2026-07-20,Live search sorted toward newest results,Wellfound,B,Direct organization or specialist source,Direct,64,Medium,,https://wellfound.com/jobs?q=Data+Governance+Manager&remote=True,"Global remote live-search pack. This is a live search link, not one fixed vacancy."
job-01047,Platform-Indexed Vacancy,job,Chief Data Officer — LinkedIn Live Search,Middle East Remote,Middle East Remote,Live Job Search,Live Job Search,Technology & Consulting,Remote / Global,Middle East Remote,Live / varies,Possibly Available,,,2026-07-20,Live search sorted toward newest results,LinkedIn,B,Recognized job platform,Platform,59,Low,,https://www.linkedin.com/jobs/search/?keywords=Chief+Data+Officer&sortBy=DD&location=Middle+East+Remote,"Global remote live-search pack. This is a live search link, not one fixed vacancy."
job-01048,Platform-Indexed Vacancy,job,Chief Data Officer — WeWorkRemotely Live Search,Middle East Remote,Middle East Remote,Live Job Search,Live Job Search,Technology & Consulting,Remote / Global,Middle East Remote,Live / varies,Possibly Available,,,2026-07-20,Live search sorted toward newest results,WeWorkRemotely,B,Direct organization or specialist source,Direct,59,Low,,https://weworkremotely.com/remote-jobs/search?term=Chief+Data+Officer,"Global remote live-search pack. This is a live search link, not one fixed vacancy."
job-01049,Platform-Indexed Vacancy,job,Chief Data Officer — RemoteOK Live Search,Middle East Remote,Middle East Remote,Live Job Search,Live Job Search,Technology & Consulting,Remote / Global,Middle East Remote,Live / varies,Possibly Available,,,2026-07-20,Live search sorted toward newest results,RemoteOK,B,Direct organization or specialist source,Direct,59,Low,,https://remoteok.com/remote-chief-data-officer-jobs,"Global remote live-search pack. This is a live search link, not one fixed vacancy."
job-01050,Platform-Indexed Vacancy,job,Chief Data Officer — Wellfound Live Search,Middle East Remote,Middle East Remote,Live Job Search,Live Job Search,Technology & Consulting,Remote / Global,Middle East Remote,Live / varies,Possibly Available,,,2026-07-20,Live search sorted toward newest results,Wellfound,B,Direct organization or specialist source,Direct,59,Low,,https://wellfound.com/jobs?q=Chief+Data+Officer&remote=True,"Global remote live-search pack. This is a live search link, not one fixed vacancy."
job-01051,Platform-Indexed Vacancy,job,Healthcare IT Manager — LinkedIn Live Search,Middle East Remote,Middle East Remote,Live Job Search,Live Job Search,Healthcare & Life Sciences,Remote / Global,Middle East Remote,Live / varies,Possibly Available,,,2026-07-20,Live search sorted toward newest results,LinkedIn,B,Recognized job platform,Platform,62,Medium,,https://www.linkedin.com/jobs/search/?keywords=Healthcare+IT+Manager&sortBy=DD&location=Middle+East+Remote,"Global remote live-search pack. This is a live search link, not one fixed vacancy."
job-01052,Platform-Indexed Vacancy,job,Healthcare IT Manager — WeWorkRemotely Live Search,Middle East Remote,Middle East Remote,Live Job Search,Live Job Search,Healthcare & Life Sciences,Remote / Global,Middle East Remote,Live / varies,Possibly Available,,,2026-07-20,Live search sorted toward newest results,WeWorkRemotely,B,Direct organization or specialist source,Direct,62,Medium,,https://weworkremotely.com/remote-jobs/search?term=Healthcare+IT+Manager,"Global remote live-search pack. This is a live search link, not one fixed vacancy."
job-01053,Platform-Indexed Vacancy,job,Healthcare IT Manager — RemoteOK Live Search,Middle East Remote,Middle East Remote,Live Job Search,Live Job Search,Healthcare & Life Sciences,Remote / Global,Middle East Remote,Live / varies,Possibly Available,,,2026-07-20,Live search sorted toward newest results,RemoteOK,B,Direct organization or specialist source,Direct,62,Medium,,https://remoteok.com/remote-healthcare-it-manager-jobs,"Global remote live-search pack. This is a live search link, not one fixed vacancy."
job-01054,Platform-Indexed Vacancy,job,Healthcare IT Manager — Wellfound Live Search,Middle East Remote,Middle East Remote,Live Job Search,Live Job Search,Healthcare & Life Sciences,Remote / Global,Middle East Remote,Live / varies,Possibly Available,,,2026-07-20,Live search sorted toward newest results,Wellfound,B,Direct organization or specialist source,Direct,62,Medium,,https://wellfound.com/jobs?q=Healthcare+IT+Manager&remote=True,"Global remote live-search pack. This is a live search link, not one fixed vacancy."
job-01055,Platform-Indexed Vacancy,job,Health Informatics — LinkedIn Live Search,Middle East Remote,Middle East Remote,Live Job Search,Live Job Search,Healthcare & Life Sciences,Remote / Global,Middle East Remote,Live / varies,Possibly Available,,,2026-07-20,Live search sorted toward newest results,LinkedIn,B,Recognized job platform,Platform,53,Low,,https://www.linkedin.com/jobs/search/?keywords=Health+Informatics&sortBy=DD&location=Middle+East+Remote,"Global remote live-search pack. This is a live search link, not one fixed vacancy."
job-01056,Platform-Indexed Vacancy,job,Health Informatics — WeWorkRemotely Live Search,Middle East Remote,Middle East Remote,Live Job Search,Live Job Search,Healthcare & Life Sciences,Remote / Global,Middle East Remote,Live / varies,Possibly Available,,,2026-07-20,Live search sorted toward newest results,WeWorkRemotely,B,Direct organization or specialist source,Direct,53,Low,,https://weworkremotely.com/remote-jobs/search?term=Health+Informatics,"Global remote live-search pack. This is a live search link, not one fixed vacancy."
job-01057,Platform-Indexed Vacancy,job,Health Informatics — RemoteOK Live Search,Middle East Remote,Middle East Remote,Live Job Search,Live Job Search,Healthcare & Life Sciences,Remote / Global,Middle East Remote,Live / varies,Possibly Available,,,2026-07-20,Live search sorted toward newest results,RemoteOK,B,Direct organization or specialist source,Direct,53,Low,,https://remoteok.com/remote-health-informatics-jobs,"Global remote live-search pack. This is a live search link, not one fixed vacancy."
job-01058,Platform-Indexed Vacancy,job,Health Informatics — Wellfound Live Search,Middle East Remote,Middle East Remote,Live Job Search,Live Job Search,Healthcare & Life Sciences,Remote / Global,Middle East Remote,Live / varies,Possibly Available,,,2026-07-20,Live search sorted toward newest results,Wellfound,B,Direct organization or specialist source,Direct,53,Low,,https://wellfound.com/jobs?q=Health+Informatics&remote=True,"Global remote live-search pack. This is a live search link, not one fixed vacancy."
job-01059,Platform-Indexed Vacancy,job,Digital Health — LinkedIn Live Search,Middle East Remote,Middle East Remote,Live Job Search,Live Job Search,Healthcare & Life Sciences,Remote / Global,Middle East Remote,Live / varies,Possibly Available,,,2026-07-20,Live search sorted toward newest results,LinkedIn,B,Recognized job platform,Platform,57,Low,,https://www.linkedin.com/jobs/search/?keywords=Digital+Health&sortBy=DD&location=Middle+East+Remote,"Global remote live-search pack. This is a live search link, not one fixed vacancy."
job-01060,Platform-Indexed Vacancy,job,Digital Health — WeWorkRemotely Live Search,Middle East Remote,Middle East Remote,Live Job Search,Live Job Search,Healthcare & Life Sciences,Remote / Global,Middle East Remote,Live / varies,Possibly Available,,,2026-07-20,Live search sorted toward newest results,WeWorkRemotely,B,Direct organization or specialist source,Direct,57,Low,,https://weworkremotely.com/remote-jobs/search?term=Digital+Health,"Global remote live-search pack. This is a live search link, not one fixed vacancy."
job-01061,Platform-Indexed Vacancy,job,Digital Health — RemoteOK Live Search,Middle East Remote,Middle East Remote,Live Job Search,Live Job Search,Healthcare & Life Sciences,Remote / Global,Middle East Remote,Live / varies,Possibly Available,,,2026-07-20,Live search sorted toward newest results,RemoteOK,B,Direct organization or specialist source,Direct,57,Low,,https://remoteok.com/remote-digital-health-jobs,"Global remote live-search pack. This is a live search link, not one fixed vacancy."
job-01062,Platform-Indexed Vacancy,job,Digital Health — Wellfound Live Search,Middle East Remote,Middle East Remote,Live Job Search,Live Job Search,Healthcare & Life Sciences,Remote / Global,Middle East Remote,Live / varies,Possibly Available,,,2026-07-20,Live search sorted toward newest results,Wellfound,B,Direct organization or specialist source,Direct,57,Low,,https://wellfound.com/jobs?q=Digital+Health&remote=True,"Global remote live-search pack. This is a live search link, not one fixed vacancy."
job-01063,Platform-Indexed Vacancy,job,Technical Program Manager — LinkedIn Live Search,Middle East Remote,Middle East Remote,Live Job Search,Live Job Search,Other Multinational & Enterprise,Remote / Global,Middle East Remote,Live / varies,Possibly Available,,,2026-07-20,Live search sorted toward newest results,LinkedIn,B,Recognized job platform,Platform,64,Medium,,https://www.linkedin.com/jobs/search/?keywords=Technical+Program+Manager&sortBy=DD&location=Middle+East+Remote,"Global remote live-search pack. This is a live search link, not one fixed vacancy."
job-01064,Platform-Indexed Vacancy,job,Technical Program Manager — WeWorkRemotely Live Search,Middle East Remote,Middle East Remote,Live Job Search,Live Job Search,Other Multinational & Enterprise,Remote / Global,Middle East Remote,Live / varies,Possibly Available,,,2026-07-20,Live search sorted toward newest results,WeWorkRemotely,B,Direct organization or specialist source,Direct,64,Medium,,https://weworkremotely.com/remote-jobs/search?term=Technical+Program+Manager,"Global remote live-search pack. This is a live search link, not one fixed vacancy."
job-01065,Platform-Indexed Vacancy,job,Technical Program Manager — RemoteOK Live Search,Middle East Remote,Middle East Remote,Live Job Search,Live Job Search,Other Multinational & Enterprise,Remote / Global,Middle East Remote,Live / varies,Possibly Available,,,2026-07-20,Live search sorted toward newest results,RemoteOK,B,Direct organization or specialist source,Direct,64,Medium,,https://remoteok.com/remote-technical-program-manager-jobs,"Global remote live-search pack. This is a live search link, not one fixed vacancy."
job-01066,Platform-Indexed Vacancy,job,Technical Program Manager — Wellfound Live Search,Middle East Remote,Middle East Remote,Live Job Search,Live Job Search,Other Multinational & Enterprise,Remote / Global,Middle East Remote,Live / varies,Possibly Available,,,2026-07-20,Live search sorted toward newest results,Wellfound,B,Direct organization or specialist source,Direct,64,Medium,,https://wellfound.com/jobs?q=Technical+Program+Manager&remote=True,"Global remote live-search pack. This is a live search link, not one fixed vacancy."
job-01067,Platform-Indexed Vacancy,job,IT Portfolio Manager — LinkedIn Live Search,Middle East Remote,Middle East Remote,Live Job Search,Live Job Search,Supply Chain & Logistics,Remote / Global,Middle East Remote,Live / varies,Possibly Available,,,2026-07-20,Live search sorted toward newest results,LinkedIn,B,Recognized job platform,Platform,57,Low,,https://www.linkedin.com/jobs/search/?keywords=IT+Portfolio+Manager&sortBy=DD&location=Middle+East+Remote,"Global remote live-search pack. This is a live search link, not one fixed vacancy."
job-01068,Platform-Indexed Vacancy,job,IT Portfolio Manager — WeWorkRemotely Live Search,Middle East Remote,Middle East Remote,Live Job Search,Live Job Search,Supply Chain & Logistics,Remote / Global,Middle East Remote,Live / varies,Possibly Available,,,2026-07-20,Live search sorted toward newest results,WeWorkRemotely,B,Direct organization or specialist source,Direct,57,Low,,https://weworkremotely.com/remote-jobs/search?term=IT+Portfolio+Manager,"Global remote live-search pack. This is a live search link, not one fixed vacancy."
job-01069,Platform-Indexed Vacancy,job,IT Portfolio Manager — RemoteOK Live Search,Middle East Remote,Middle East Remote,Live Job Search,Live Job Search,Supply Chain & Logistics,Remote / Global,Middle East Remote,Live / varies,Possibly Available,,,2026-07-20,Live search sorted toward newest results,RemoteOK,B,Direct organization or specialist source,Direct,57,Low,,https://remoteok.com/remote-it-portfolio-manager-jobs,"Global remote live-search pack. This is a live search link, not one fixed vacancy."
job-01070,Platform-Indexed Vacancy,job,IT Portfolio Manager — Wellfound Live Search,Middle East Remote,Middle East Remote,Live Job Search,Live Job Search,Supply Chain & Logistics,Remote / Global,Middle East Remote,Live / varies,Possibly Available,,,2026-07-20,Live search sorted toward newest results,Wellfound,B,Direct organization or specialist source,Direct,57,Low,,https://wellfound.com/jobs?q=IT+Portfolio+Manager&remote=True,"Global remote live-search pack. This is a live search link, not one fixed vacancy."
job-01071,Platform-Indexed Vacancy,job,PMO Manager — LinkedIn Live Search,Middle East Remote,Middle East Remote,Live Job Search,Live Job Search,Other Multinational & Enterprise,Remote / Global,Middle East Remote,Live / varies,Possibly Available,,,2026-07-20,Live search sorted toward newest results,LinkedIn,B,Recognized job platform,Platform,57,Low,,https://www.linkedin.com/jobs/search/?keywords=PMO+Manager&sortBy=DD&location=Middle+East+Remote,"Global remote live-search pack. This is a live search link, not one fixed vacancy."
job-01072,Platform-Indexed Vacancy,job,PMO Manager — WeWorkRemotely Live Search,Middle East Remote,Middle East Remote,Live Job Search,Live Job Search,Other Multinational & Enterprise,Remote / Global,Middle East Remote,Live / varies,Possibly Available,,,2026-07-20,Live search sorted toward newest results,WeWorkRemotely,B,Direct organization or specialist source,Direct,57,Low,,https://weworkremotely.com/remote-jobs/search?term=PMO+Manager,"Global remote live-search pack. This is a live search link, not one fixed vacancy."
job-01073,Platform-Indexed Vacancy,job,PMO Manager — RemoteOK Live Search,Middle East Remote,Middle East Remote,Live Job Search,Live Job Search,Other Multinational & Enterprise,Remote / Global,Middle East Remote,Live / varies,Possibly Available,,,2026-07-20,Live search sorted toward newest results,RemoteOK,B,Direct organization or specialist source,Direct,57,Low,,https://remoteok.com/remote-pmo-manager-jobs,"Global remote live-search pack. This is a live search link, not one fixed vacancy."
job-01074,Platform-Indexed Vacancy,job,PMO Manager — Wellfound Live Search,Middle East Remote,Middle East Remote,Live Job Search,Live Job Search,Other Multinational & Enterprise,Remote / Global,Middle East Remote,Live / varies,Possibly Available,,,2026-07-20,Live search sorted toward newest results,Wellfound,B,Direct organization or specialist source,Direct,57,Low,,https://wellfound.com/jobs?q=PMO+Manager&remote=True,"Global remote live-search pack. This is a live search link, not one fixed vacancy."
job-01075,Platform-Indexed Vacancy,job,Cloud Architect — LinkedIn Live Search,Middle East Remote,Middle East Remote,Live Job Search,Live Job Search,Technology & Consulting,Remote / Global,Middle East Remote,Live / varies,Possibly Available,,,2026-07-20,Live search sorted toward newest results,LinkedIn,B,Recognized job platform,Platform,59,Low,,https://www.linkedin.com/jobs/search/?keywords=Cloud+Architect&sortBy=DD&location=Middle+East+Remote,"Global remote live-search pack. This is a live search link, not one fixed vacancy."
job-01076,Platform-Indexed Vacancy,job,Cloud Architect — WeWorkRemotely Live Search,Middle East Remote,Middle East Remote,Live Job Search,Live Job Search,Technology & Consulting,Remote / Global,Middle East Remote,Live / varies,Possibly Available,,,2026-07-20,Live search sorted toward newest results,WeWorkRemotely,B,Direct organization or specialist source,Direct,59,Low,,https://weworkremotely.com/remote-jobs/search?term=Cloud+Architect,"Global remote live-search pack. This is a live search link, not one fixed vacancy."
job-01077,Platform-Indexed Vacancy,job,Cloud Architect — RemoteOK Live Search,Middle East Remote,Middle East Remote,Live Job Search,Live Job Search,Technology & Consulting,Remote / Global,Middle East Remote,Live / varies,Possibly Available,,,2026-07-20,Live search sorted toward newest results,RemoteOK,B,Direct organization or specialist source,Direct,59,Low,,https://remoteok.com/remote-cloud-architect-jobs,"Global remote live-search pack. This is a live search link, not one fixed vacancy."
job-01078,Platform-Indexed Vacancy,job,Cloud Architect — Wellfound Live Search,Middle East Remote,Middle East Remote,Live Job Search,Live Job Search,Technology & Consulting,Remote / Global,Middle East Remote,Live / varies,Possibly Available,,,2026-07-20,Live search sorted toward newest results,Wellfound,B,Direct organization or specialist source,Direct,59,Low,,https://wellfound.com/jobs?q=Cloud+Architect&remote=True,"Global remote live-search pack. This is a live search link, not one fixed vacancy."
job-01079,Platform-Indexed Vacancy,job,Integration Architect — LinkedIn Live Search,Middle East Remote,Middle East Remote,Live Job Search,Live Job Search,Other Multinational & Enterprise,Remote / Global,Middle East Remote,Live / varies,Possibly Available,,,2026-07-20,Live search sorted toward newest results,LinkedIn,B,Recognized job platform,Platform,62,Medium,,https://www.linkedin.com/jobs/search/?keywords=Integration+Architect&sortBy=DD&location=Middle+East+Remote,"Global remote live-search pack. This is a live search link, not one fixed vacancy."
job-01080,Platform-Indexed Vacancy,job,Integration Architect — WeWorkRemotely Live Search,Middle East Remote,Middle East Remote,Live Job Search,Live Job Search,Other Multinational & Enterprise,Remote / Global,Middle East Remote,Live / varies,Possibly Available,,,2026-07-20,Live search sorted toward newest results,WeWorkRemotely,B,Direct organization or specialist source,Direct,62,Medium,,https://weworkremotely.com/remote-jobs/search?term=Integration+Architect,"Global remote live-search pack. This is a live search link, not one fixed vacancy."
job-01081,Platform-Indexed Vacancy,job,Integration Architect — RemoteOK Live Search,Middle East Remote,Middle East Remote,Live Job Search,Live Job Search,Other Multinational & Enterprise,Remote / Global,Middle East Remote,Live / varies,Possibly Available,,,2026-07-20,Live search sorted toward newest results,RemoteOK,B,Direct organization or specialist source,Direct,62,Medium,,https://remoteok.com/remote-integration-architect-jobs,"Global remote live-search pack. This is a live search link, not one fixed vacancy."
job-01082,Platform-Indexed Vacancy,job,Integration Architect — Wellfound Live Search,Middle East Remote,Middle East Remote,Live Job Search,Live Job Search,Other Multinational & Enterprise,Remote / Global,Middle East Remote,Live / varies,Possibly Available,,,2026-07-20,Live search sorted toward newest results,Wellfound,B,Direct organization or specialist source,Direct,62,Medium,,https://wellfound.com/jobs?q=Integration+Architect&remote=True,"Global remote live-search pack. This is a live search link, not one fixed vacancy."
job-01083,Platform-Indexed Vacancy,job,Enterprise Applications Manager — LinkedIn Live Search,Middle East Remote,Middle East Remote,Live Job Search,Live Job Search,Technology & Consulting,Remote / Global,Middle East Remote,Live / varies,Possibly Available,,,2026-07-20,Live search sorted toward newest results,LinkedIn,B,Recognized job platform,Platform,60,Medium,,https://www.linkedin.com/jobs/search/?keywords=Enterprise+Applications+Manager&sortBy=DD&location=Middle+East+Remote,"Global remote live-search pack. This is a live search link, not one fixed vacancy."
job-01084,Platform-Indexed Vacancy,job,Enterprise Applications Manager — WeWorkRemotely Live Search,Middle East Remote,Middle East Remote,Live Job Search,Live Job Search,Technology & Consulting,Remote / Global,Middle East Remote,Live / varies,Possibly Available,,,2026-07-20,Live search sorted toward newest results,WeWorkRemotely,B,Direct organization or specialist source,Direct,60,Medium,,https://weworkremotely.com/remote-jobs/search?term=Enterprise+Applications+Manager,"Global remote live-search pack. This is a live search link, not one fixed vacancy."
job-01085,Platform-Indexed Vacancy,job,Enterprise Applications Manager — RemoteOK Live Search,Middle East Remote,Middle East Remote,Live Job Search,Live Job Search,Technology & Consulting,Remote / Global,Middle East Remote,Live / varies,Possibly Available,,,2026-07-20,Live search sorted toward newest results,RemoteOK,B,Direct organization or specialist source,Direct,60,Medium,,https://remoteok.com/remote-enterprise-applications-manager-jobs,"Global remote live-search pack. This is a live search link, not one fixed vacancy."
job-01086,Platform-Indexed Vacancy,job,Enterprise Applications Manager — Wellfound Live Search,Middle East Remote,Middle East Remote,Live Job Search,Live Job Search,Technology & Consulting,Remote / Global,Middle East Remote,Live / varies,Possibly Available,,,2026-07-20,Live search sorted toward newest results,Wellfound,B,Direct organization or specialist source,Direct,60,Medium,,https://wellfound.com/jobs?q=Enterprise+Applications+Manager&remote=True,"Global remote live-search pack. This is a live search link, not one fixed vacancy."
job-01087,Platform-Indexed Vacancy,job,Cybersecurity Manager — LinkedIn Live Search,Middle East Remote,Middle East Remote,Live Job Search,Live Job Search,Technology & Consulting,Remote / Global,Middle East Remote,Live / varies,Possibly Available,,,2026-07-20,Live search sorted toward newest results,LinkedIn,B,Recognized job platform,Platform,57,Low,,https://www.linkedin.com/jobs/search/?keywords=Cybersecurity+Manager&sortBy=DD&location=Middle+East+Remote,"Global remote live-search pack. This is a live search link, not one fixed vacancy."
job-01088,Platform-Indexed Vacancy,job,Cybersecurity Manager — WeWorkRemotely Live Search,Middle East Remote,Middle East Remote,Live Job Search,Live Job Search,Technology & Consulting,Remote / Global,Middle East Remote,Live / varies,Possibly Available,,,2026-07-20,Live search sorted toward newest results,WeWorkRemotely,B,Direct organization or specialist source,Direct,57,Low,,https://weworkremotely.com/remote-jobs/search?term=Cybersecurity+Manager,"Global remote live-search pack. This is a live search link, not one fixed vacancy."
job-01089,Platform-Indexed Vacancy,job,Cybersecurity Manager — RemoteOK Live Search,Middle East Remote,Middle East Remote,Live Job Search,Live Job Search,Technology & Consulting,Remote / Global,Middle East Remote,Live / varies,Possibly Available,,,2026-07-20,Live search sorted toward newest results,RemoteOK,B,Direct organization or specialist source,Direct,57,Low,,https://remoteok.com/remote-cybersecurity-manager-jobs,"Global remote live-search pack. This is a live search link, not one fixed vacancy."
job-01090,Platform-Indexed Vacancy,job,Cybersecurity Manager — Wellfound Live Search,Middle East Remote,Middle East Remote,Live Job Search,Live Job Search,Technology & Consulting,Remote / Global,Middle East Remote,Live / varies,Possibly Available,,,2026-07-20,Live search sorted toward newest results,Wellfound,B,Direct organization or specialist source,Direct,57,Low,,https://wellfound.com/jobs?q=Cybersecurity+Manager&remote=True,"Global remote live-search pack. This is a live search link, not one fixed vacancy."
job-01091,Platform-Indexed Vacancy,job,AI Solution Architect — LinkedIn Live Search,Middle East Remote,Middle East Remote,Live Job Search,Live Job Search,Other Multinational & Enterprise,Remote / Global,Middle East Remote,Live / varies,Possibly Available,,,2026-07-20,Live search sorted toward newest results,LinkedIn,B,Recognized job platform,Platform,61,Medium,,https://www.linkedin.com/jobs/search/?keywords=AI+Solution+Architect&sortBy=DD&location=Middle+East+Remote,"Global remote live-search pack. This is a live search link, not one fixed vacancy."
job-01092,Platform-Indexed Vacancy,job,AI Solution Architect — WeWorkRemotely Live Search,Middle East Remote,Middle East Remote,Live Job Search,Live Job Search,Other Multinational & Enterprise,Remote / Global,Middle East Remote,Live / varies,Possibly Available,,,2026-07-20,Live search sorted toward newest results,WeWorkRemotely,B,Direct organization or specialist source,Direct,61,Medium,,https://weworkremotely.com/remote-jobs/search?term=AI+Solution+Architect,"Global remote live-search pack. This is a live search link, not one fixed vacancy."
job-01093,Platform-Indexed Vacancy,job,AI Solution Architect — RemoteOK Live Search,Middle East Remote,Middle East Remote,Live Job Search,Live Job Search,Other Multinational & Enterprise,Remote / Global,Middle East Remote,Live / varies,Possibly Available,,,2026-07-20,Live search sorted toward newest results,RemoteOK,B,Direct organization or specialist source,Direct,61,Medium,,https://remoteok.com/remote-ai-solution-architect-jobs,"Global remote live-search pack. This is a live search link, not one fixed vacancy."
job-01094,Platform-Indexed Vacancy,job,AI Solution Architect — Wellfound Live Search,Middle East Remote,Middle East Remote,Live Job Search,Live Job Search,Other Multinational & Enterprise,Remote / Global,Middle East Remote,Live / varies,Possibly Available,,,2026-07-20,Live search sorted toward newest results,Wellfound,B,Direct organization or specialist source,Direct,61,Medium,,https://wellfound.com/jobs?q=AI+Solution+Architect&remote=True,"Global remote live-search pack. This is a live search link, not one fixed vacancy."
job-01095,Platform-Indexed Vacancy,job,Business Transformation Manager — LinkedIn Live Search,Middle East Remote,Middle East Remote,Live Job Search,Live Job Search,Other Multinational & Enterprise,Remote / Global,Middle East Remote,Live / varies,Possibly Available,,,2026-07-20,Live search sorted toward newest results,LinkedIn,B,Recognized job platform,Platform,57,Low,,https://www.linkedin.com/jobs/search/?keywords=Business+Transformation+Manager&sortBy=DD&location=Middle+East+Remote,"Global remote live-search pack. This is a live search link, not one fixed vacancy."
job-01096,Platform-Indexed Vacancy,job,Business Transformation Manager — WeWorkRemotely Live Search,Middle East Remote,Middle East Remote,Live Job Search,Live Job Search,Other Multinational & Enterprise,Remote / Global,Middle East Remote,Live / varies,Possibly Available,,,2026-07-20,Live search sorted toward newest results,WeWorkRemotely,B,Direct organization or specialist source,Direct,57,Low,,https://weworkremotely.com/remote-jobs/search?term=Business+Transformation+Manager,"Global remote live-search pack. This is a live search link, not one fixed vacancy."
job-01097,Platform-Indexed Vacancy,job,Business Transformation Manager — RemoteOK Live Search,Middle East Remote,Middle East Remote,Live Job Search,Live Job Search,Other Multinational & Enterprise,Remote / Global,Middle East Remote,Live / varies,Possibly Available,,,2026-07-20,Live search sorted toward newest results,RemoteOK,B,Direct organization or specialist source,Direct,57,Low,,https://remoteok.com/remote-business-transformation-manager-jobs,"Global remote live-search pack. This is a live search link, not one fixed vacancy."
job-01098,Platform-Indexed Vacancy,job,Business Transformation Manager — Wellfound Live Search,Middle East Remote,Middle East Remote,Live Job Search,Live Job Search,Other Multinational & Enterprise,Remote / Global,Middle East Remote,Live / varies,Possibly Available,,,2026-07-20,Live search sorted toward newest results,Wellfound,B,Direct organization or specialist source,Direct,57,Low,,https://wellfound.com/jobs?q=Business+Transformation+Manager&remote=True,"Global remote live-search pack. This is a live search link, not one fixed vacancy."
job-01099,Platform-Indexed Vacancy,job,ServiceNow Architect — LinkedIn Live Search,Middle East Remote,Middle East Remote,Live Job Search,Live Job Search,Other Multinational & Enterprise,Remote / Global,Middle East Remote,Live / varies,Possibly Available,,,2026-07-20,Live search sorted toward newest results,LinkedIn,B,Recognized job platform,Platform,57,Low,,https://www.linkedin.com/jobs/search/?keywords=ServiceNow+Architect&sortBy=DD&location=Middle+East+Remote,"Global remote live-search pack. This is a live search link, not one fixed vacancy."
job-01100,Platform-Indexed Vacancy,job,ServiceNow Architect — WeWorkRemotely Live Search,Middle East Remote,Middle East Remote,Live Job Search,Live Job Search,Other Multinational & Enterprise,Remote / Global,Middle East Remote,Live / varies,Possibly Available,,,2026-07-20,Live search sorted toward newest results,WeWorkRemotely,B,Direct organization or specialist source,Direct,57,Low,,https://weworkremotely.com/remote-jobs/search?term=ServiceNow+Architect,"Global remote live-search pack. This is a live search link, not one fixed vacancy."
job-01101,Platform-Indexed Vacancy,job,ServiceNow Architect — RemoteOK Live Search,Middle East Remote,Middle East Remote,Live Job Search,Live Job Search,Other Multinational & Enterprise,Remote / Global,Middle East Remote,Live / varies,Possibly Available,,,2026-07-20,Live search sorted toward newest results,RemoteOK,B,Direct organization or specialist source,Direct,57,Low,,https://remoteok.com/remote-servicenow-architect-jobs,"Global remote live-search pack. This is a live search link, not one fixed vacancy."
job-01102,Platform-Indexed Vacancy,job,ServiceNow Architect — Wellfound Live Search,Middle East Remote,Middle East Remote,Live Job Search,Live Job Search,Other Multinational & Enterprise,Remote / Global,Middle East Remote,Live / varies,Possibly Available,,,2026-07-20,Live search sorted toward newest results,Wellfound,B,Direct organization or specialist source,Direct,57,Low,,https://wellfound.com/jobs?q=ServiceNow+Architect&remote=True,"Global remote live-search pack. This is a live search link, not one fixed vacancy."
job-01103,Platform-Indexed Vacancy,job,ERP Program Manager — LinkedIn Live Search,Middle East Remote,Middle East Remote,Live Job Search,Live Job Search,Other Multinational & Enterprise,Remote / Global,Middle East Remote,Live / varies,Possibly Available,,,2026-07-20,Live search sorted toward newest results,LinkedIn,B,Recognized job platform,Platform,62,Medium,,https://www.linkedin.com/jobs/search/?keywords=ERP+Program+Manager&sortBy=DD&location=Middle+East+Remote,"Global remote live-search pack. This is a live search link, not one fixed vacancy."
job-01104,Platform-Indexed Vacancy,job,ERP Program Manager — WeWorkRemotely Live Search,Middle East Remote,Middle East Remote,Live Job Search,Live Job Search,Other Multinational & Enterprise,Remote / Global,Middle East Remote,Live / varies,Possibly Available,,,2026-07-20,Live search sorted toward newest results,WeWorkRemotely,B,Direct organization or specialist source,Direct,62,Medium,,https://weworkremotely.com/remote-jobs/search?term=ERP+Program+Manager,"Global remote live-search pack. This is a live search link, not one fixed vacancy."
job-01105,Platform-Indexed Vacancy,job,ERP Program Manager — RemoteOK Live Search,Middle East Remote,Middle East Remote,Live Job Search,Live Job Search,Other Multinational & Enterprise,Remote / Global,Middle East Remote,Live / varies,Possibly Available,,,2026-07-20,Live search sorted toward newest results,RemoteOK,B,Direct organization or specialist source,Direct,62,Medium,,https://remoteok.com/remote-erp-program-manager-jobs,"Global remote live-search pack. This is a live search link, not one fixed vacancy."
job-01106,Platform-Indexed Vacancy,job,ERP Program Manager — Wellfound Live Search,Middle East Remote,Middle East Remote,Live Job Search,Live Job Search,Other Multinational & Enterprise,Remote / Global,Middle East Remote,Live / varies,Possibly Available,,,2026-07-20,Live search sorted toward newest results,Wellfound,B,Direct organization or specialist source,Direct,62,Medium,,https://wellfound.com/jobs?q=ERP+Program+Manager&remote=True,"Global remote live-search pack. This is a live search link, not one fixed vacancy."
job-01107,Platform-Indexed Vacancy,job,ICT Manager — LinkedIn Live Search,Middle East Remote,Middle East Remote,Live Job Search,Live Job Search,Other Multinational & Enterprise,Remote / Global,Middle East Remote,Live / varies,Possibly Available,,,2026-07-20,Live search sorted toward newest results,LinkedIn,B,Recognized job platform,Platform,57,Low,,https://www.linkedin.com/jobs/search/?keywords=ICT+Manager&sortBy=DD&location=Middle+East+Remote,"Global remote live-search pack. This is a live search link, not one fixed vacancy."
job-01108,Platform-Indexed Vacancy,job,ICT Manager — WeWorkRemotely Live Search,Middle East Remote,Middle East Remote,Live Job Search,Live Job Search,Other Multinational & Enterprise,Remote / Global,Middle East Remote,Live / varies,Possibly Available,,,2026-07-20,Live search sorted toward newest results,WeWorkRemotely,B,Direct organization or specialist source,Direct,57,Low,,https://weworkremotely.com/remote-jobs/search?term=ICT+Manager,"Global remote live-search pack. This is a live search link, not one fixed vacancy."
job-01109,Platform-Indexed Vacancy,job,ICT Manager — RemoteOK Live Search,Middle East Remote,Middle East Remote,Live Job Search,Live Job Search,Other Multinational & Enterprise,Remote / Global,Middle East Remote,Live / varies,Possibly Available,,,2026-07-20,Live search sorted toward newest results,RemoteOK,B,Direct organization or specialist source,Direct,57,Low,,https://remoteok.com/remote-ict-manager-jobs,"Global remote live-search pack. This is a live search link, not one fixed vacancy."
job-01110,Platform-Indexed Vacancy,job,ICT Manager — Wellfound Live Search,Middle East Remote,Middle East Remote,Live Job Search,Live Job Search,Other Multinational & Enterprise,Remote / Global,Middle East Remote,Live / varies,Possibly Available,,,2026-07-20,Live search sorted toward newest results,Wellfound,B,Direct organization or specialist source,Direct,57,Low,,https://wellfound.com/jobs?q=ICT+Manager&remote=True,"Global remote live-search pack. This is a live search link, not one fixed vacancy."
job-01115,Platform-Indexed Vacancy,job,Solutions Architect,GitLab,GitLab,Solution Architecture,Solution Architecture,Supply Chain & Logistics,Remote / Global,Remote - Multiple Regions,Remote,Expired,,,2026-07-20,Current GitLab job-board listing,Official employer board,B,Direct organization or specialist source,Direct,62,Medium,,https://about.gitlab.com/jobs/all-jobs/,Use GitLab location filter and confirm Egypt is supported
job-01147,Platform-Indexed Vacancy,job,Senior Business Analyst - Digital Transformation,SSC HR Solutions,SSC HR Solutions,Digital Transformation & Strategy,Digital Transformation & Strategy,Technology & Consulting,Egypt,Egypt,Remote,Expired,,,2026-07-20,Posted 18 Jul 2026,Official ATS,A,Official / primary source,Official,60,Medium,,https://jobs.workable.com/view/wsPs2e4w3rx9Keer3PZj6X/remote-senior-business-analyst-%28digital-transformation%29-in-egypt-at-ssc-hr-solutions,Remote Egypt role
job-01150,Platform-Indexed Vacancy,job,Strategic Partnerships Lead - Banking Distribution COO,JUMO,JUMO,Digital Transformation & Strategy,Digital Transformation & Strategy,Technology & Consulting,Remote / Global,UTC 0 to UTC+3 / Selected countries,Remote-first,Expired,,,2026-07-20,Shown on current employer job board,Official employer ATS,A,Official / primary source,Official,62,Medium,,https://boards.greenhouse.io/jumo/jobs/7870659,Job board references remote hiring within UTC 0 to UTC+3; confirm Egypt eligibility
job-01151,Platform-Indexed Vacancy,job,Presales Consultant,Müller's Solutions,Müller's Solutions,Solution Architecture,Solution Architecture,Technology & Consulting,Egypt,Egypt,Remote,Expired,,,2026-07-20,Open page checked 18 Jul 2026,Official ATS,A,Official / primary source,Official,64,Medium,,https://jobs.workable.com/view/qbthsnFBmPkWV9WthvjQpq/presales-consultant-%28remote%29-in-cairo-at-m%C3%BCller%60s-solutions,Remote role associated with Cairo
job-01568,Platform-Indexed Vacancy,job,Senior Software Solutions PreSales Consultant,Advansys,Advansys,Solution Architecture,Solution Architecture,Technology & Consulting,GCC,Saudi Arabia,Riyadh,Expired,,,2026-07-20,,Workable,A,Official / primary source,Official,63,Medium,,https://jobs.workable.com/view/u6cks1auvAbp2HXt94WpDg/hybrid-senior-software-solutions-presales-consultant-in-riyadh-at-advansys,
job-01569,Platform-Indexed Vacancy,job,Integration Lead,Gathern,Gathern,Integration & Enterprise Applications,Integration & Enterprise Applications,Technology & Consulting,GCC,Saudi Arabia,Riyadh,Expired,,,2026-07-20,,Workable,A,Official / primary source,Official,63,Medium,,https://jobs.workable.com/view/kaDjbsUfhzxguzUTUWA3hs/integration-lead-in-riyadh-at-gathern,
job-01570,Platform-Indexed Vacancy,job,Business & Technical Solutions Specialist,Master-Works,Master-Works,Solution Architecture,Solution Architecture,Other Multinational & Enterprise,GCC,Saudi Arabia,Riyadh,Expired,,,2026-07-20,,Workable,A,Official / primary source,Official,63,Medium,,https://jobs.workable.com/view/qpSMvV9trn6oggAE1Px44W/business-%26-technical-solutions%2C-specialist-in-riyadh-at-master-works,
job-01571,Platform-Indexed Vacancy,job,Senior Manager - Cybersecurity Risk Management,Qiddiya Investment Company,Qiddiya Investment Company,Cybersecurity & Security Architecture,Cybersecurity & Security Architecture,Technology & Consulting,GCC,Saudi Arabia,Riyadh,Expired,,,2026-07-20,,Workable,A,Official / primary source,Official,59,Low,,https://jobs.workable.com/view/ihrEDj6TaJKTjLXAwJKknH/senior-manager---cybersecurity-risk-management-in-riyadh-at-qiddiya-investment-company,
job-01573,Platform-Indexed Vacancy,job,Product Manager - Digital Identity & AI,Experts Plus Recruitment Services,Experts Plus Recruitment Services,Digital Transformation & Strategy,Digital Transformation & Strategy,Technology & Consulting,GCC,United Arab Emirates,Dubai,Expired,,,2026-07-20,,Workable,A,Official / primary source,Official,61,Medium,,https://jobs.workable.com/view/6U3b5QxUJvaoisv3KLpadP/product-manager-digital-identity-%26-ai-%28arabic-speaker%29-in-dubai-at-experts-plus-recruitment-services,
job-01574,Platform-Indexed Vacancy,job,Pre-Sales Consultant - Technology & Cybersecurity,Qode / ITHR,Qode / ITHR,Solution Architecture,Solution Architecture,Technology & Consulting,GCC,United Arab Emirates,Abu Dhabi / Dubai,Expired,,,2026-07-20,,Workable,A,Official / primary source,Official,63,Medium,,https://jobs.workable.com/view/37fJPKyucerBQeNba3vVpS/pre-sales-consultant---technology-%26-cybersecurity-in-abu-dhabi-at-qode,
job-01575,Platform-Indexed Vacancy,job,Lead Solution Architect - Open Finance & Digital Banking,Socium,Socium,Solution Architecture,Solution Architecture,Technology & Consulting,GCC,United Arab Emirates,Abu Dhabi,Expired,,,2026-07-20,,LinkedIn,B,Recognized job platform,Platform,65,Medium,,https://ae.linkedin.com/jobs/view/lead-solution-architect-%E2%80%93-open-finance-digital-banking-transformation-at-socium-teams-done-differently-4428938364,
job-01576,Platform-Indexed Vacancy,job,AI Product Manager - Delivery & Operations,SSC HR Solutions,SSC HR Solutions,"Program, Project & Delivery Management","Program, Project & Delivery Management",Other Multinational & Enterprise,Egypt,Egypt,Cairo,Expired,,,2026-07-20,,Workable,A,Official / primary source,Official,58,Low,,https://jobs.workable.com/view/nnPKoYzBPzxDQYcQQGXZB3/hybrid-ai-product-manager---delivery-%26-operations-in-cairo-at-ssc-hr-solutions,
job-01577,Platform-Indexed Vacancy,job,Full Stack Software Engineer - AWS / Azure,SSC HR Solutions,SSC HR Solutions,Enterprise Applications & Software,Enterprise Applications & Software,Technology & Consulting,Egypt,Egypt,Cairo,Expired,,,2026-07-20,,Workable,A,Official / primary source,Official,56,Low,,https://jobs.workable.com/view/ximG7qN1jqwh2rsmvJteQF/hybrid-full-stack-software-engineer-%28python%2Ftypescript%2Fgo%29---aws%2Fazure-in-cairo-at-ssc-hr-solutions,
job-01580,Platform-Indexed Vacancy,job,Senior .NET Developer,Emaratech,Emaratech,Enterprise Applications & Software,Enterprise Applications & Software,Technology & Consulting,GCC,United Arab Emirates,Dubai,Expired,,,2026-07-20,,Workable,A,Official / primary source,Official,61,Medium,,https://jobs.workable.com/view/qfwumSkn4MN1mTFUD54SYW/senior-dot-net-developer-in-dubai-at-emaratech,
job-01581,Platform-Indexed Vacancy,job,IT Specialist - Data Analysis,PXGEO,PXGEO,Data & Analytics,Data & Analytics,Technology & Consulting,GCC,United Arab Emirates,Dubai,Expired,,,2026-07-20,,Workable,A,Official / primary source,Official,56,Low,,https://jobs.workable.com/view/j4uM1DVVpYcrnHmbHcuXhU/hybrid-it-specialist---data-analysis-in-dubai-at-pxgeo,
job-01582,Official Vacancy,job,"Sr. Program Manager, Ops Integration",Amazon,Amazon,Program Delivery,Program Delivery,Other Multinational & Enterprise,Egypt,Egypt,Cairo,Available,2026-06-22,,2026-07-24,Official listing,Official employer careers,A,Official employer / primary source,Official,94,High,,https://www.amazon.jobs/en/search?country=EGY&loc_query=Egypt,"Amazon Job ID 10454746. Operations integration, program leadership and cross-functional delivery."
job-01583,Official Vacancy,job,"Launch Program Manager, Amazon Now",Amazon,Amazon,Program Delivery,Program Delivery,Other Multinational & Enterprise,Egypt,Egypt,Cairo,Available,2026-06-23,,2026-07-24,Official listing,Official employer careers,A,Official employer / primary source,Official,92,High,,https://www.amazon.jobs/en/search?country=EGY&loc_query=Egypt,"Amazon Job ID 10456264. Program strategy, end-to-end delivery, metrics and senior-stakeholder communication."
job-01584,Official Vacancy,job,"Program Manager - QC Inventory Health, Supply Chain",Amazon,Amazon,Supply Chain Transformation,Supply Chain Transformation,Healthcare & Life Sciences,Egypt,Egypt,Cairo,Available,2026-07-01,,2026-07-24,Official listing,Official employer careers,A,Official employer / primary source,Official,90,High,,https://amazon.jobs/es/search?base_query=&country=EGY&loc_query=Egypt&sort=relevant,Amazon Job ID 10463444. Cross-functional technology and operations program improvement using data and metrics.
job-01585,Official Vacancy,job,Global Continuous Improvement & Governance Lead,Unilever,Unilever,Governance & Continuous Improvement,Governance & Continuous Improvement,Automotive & Mobility,Egypt,Egypt,6th of October City,Available,2026-07-22,,2026-07-24,Official listing,Official employer careers,A,Official employer / primary source,Official,88,High,,https://careers.unilever.com/en/Egypt,Current official Unilever Egypt listing focused on governance and continuous improvement. Verify details on the official career page.
job-01586,Official Vacancy,job,"Program Manager Inventory, Supply Chain",Amazon,Amazon,Supply Chain Transformation,Supply Chain Transformation,Supply Chain & Logistics,Egypt,Egypt,Cairo,Available,2026-06-22,,2026-07-24,Official listing,Official employer careers,A,Official employer / primary source,Official,88,High,,https://www.amazon.jobs/en/search?country=EGY&loc_query=Egypt,"Amazon Job ID 10454589. Inventory, supply-chain program management and data-driven improvement."
job-01587,Official Vacancy,job,Category Manager - Terminal Procurement,A.P. Moller - Maersk,A.P. Moller - Maersk,Supply Chain & Procurement,Supply Chain & Procurement,Supply Chain & Logistics,GCC,United Arab Emirates,Dubai,Available,2026-07-09,,2026-07-24,Official listing,Official employer careers,A,Official employer / primary source,Official,82,High,,https://www.maersk.com/careers/vacancies/wd/Category-Manager--Terminal-Procurement_R187082/jt-category-manager-terminal-procurement,International sourcing and terminal procurement within a global integrated logistics group.
job-01588,Official Vacancy,job,Egypt Warehouse Assistant Manager,Unilever,Unilever,Supply Chain Leadership,Supply Chain Leadership,Supply Chain & Logistics,Egypt,Egypt,6th of October City,Available,2026-07-22,,2026-07-24,Official listing,Official employer careers,A,Official employer / primary source,Official,80,High,,https://careers.unilever.com/en/Egypt,Current official Unilever Egypt listing in warehouse and supply-chain leadership.
job-01589,Official Vacancy,job,"Operations City Manager, UAF",Amazon,Amazon,Operations Leadership,Operations Leadership,Supply Chain & Logistics,Egypt,Egypt,Cairo,Available,2026-07-02,,2026-07-24,Official listing,Official employer careers,A,Official employer / primary source,Official,78,Medium,,https://amazon.jobs/es/search?base_query=&country=EGY&loc_query=Egypt&sort=relevant,Amazon Job ID 10464467. Logistics and operational leadership.
search-005218,Live Search,live_search,Enterprise Architect,LinkedIn,LinkedIn,Enterprise Architecture,Enterprise Architecture,,Arab Region,Palestine,Palestine,Live Search,,,2026-07-20,Live search,LinkedIn,B,Recognized job platform,Platform,63,Medium,,https://www.linkedin.com/jobs/search/?keywords=Enterprise+Architect&location=Jordan&sortBy=DD,"Direct platform search for Enterprise Architect in Palestine. Sort by newest on the platform and verify employer, date, location eligibility and application route."
search-005219,Live Search,live_search,Enterprise Architect,Indeed,Indeed,Enterprise Architecture,Enterprise Architecture,,Arab Region,Palestine,Palestine,Live Search,,,2026-07-20,Live search,Indeed,B,Recognized job platform,Platform,63,Medium,,https://www.indeed.com/jobs?q=Enterprise+Architect&l=Jordan&sort=date,"Direct platform search for Enterprise Architect in Palestine. Sort by newest on the platform and verify employer, date, location eligibility and application route."
search-005222,Live Search,live_search,Enterprise Architect,Careerjet,Careerjet,Enterprise Architecture,Enterprise Architecture,,Arab Region,Palestine,Palestine,Live Search,,,2026-07-20,Live search,Careerjet,C,Aggregator,Aggregator,63,Medium,,https://www.careerjet.com/search/jobs?s=Enterprise+Architect&l=Jordan,"Direct platform search for Enterprise Architect in Palestine. Sort by newest on the platform and verify employer, date, location eligibility and application route."
search-005223,Live Search,live_search,Enterprise Architect,Talent.com,Talent.com,Enterprise Architecture,Enterprise Architecture,,Arab Region,Palestine,Palestine,Live Search,,,2026-07-20,Live search,Talent.com,C,Aggregator,Aggregator,63,Medium,,https://www.talent.com/jobs?k=Enterprise+Architect&l=Jordan,"Direct platform search for Enterprise Architect in Palestine. Sort by newest on the platform and verify employer, date, location eligibility and application route."
search-005225,Live Search,live_search,Enterprise Architect,Bayt,Bayt,Enterprise Architecture,Enterprise Architecture,,Arab Region,Jordan,Jordan,Live Search,,,2026-07-20,Live search,Bayt,B,Recognized job platform,Platform,63,Medium,,https://www.bayt.com/en/jordan/jobs/enterprise-architect-jobs/,"Direct platform search for Enterprise Architect in Jordan. Sort by newest on the platform and verify employer, date, location eligibility and application route."
search-005229,Live Search,live_search,Solutions Architect,LinkedIn,LinkedIn,Solution Architecture,Solution Architecture,,Arab Region,Palestine,Palestine,Live Search,,,2026-07-20,Live search,LinkedIn,B,Recognized job platform,Platform,59,Low,,https://www.linkedin.com/jobs/search/?keywords=Solutions+Architect&location=Jordan&sortBy=DD,"Direct platform search for Solutions Architect in Palestine. Sort by newest on the platform and verify employer, date, location eligibility and application route."
search-005230,Live Search,live_search,Solutions Architect,Indeed,Indeed,Solution Architecture,Solution Architecture,,Arab Region,Palestine,Palestine,Live Search,,,2026-07-20,Live search,Indeed,B,Recognized job platform,Platform,59,Low,,https://www.indeed.com/jobs?q=Solutions+Architect&l=Jordan&sort=date,"Direct platform search for Solutions Architect in Palestine. Sort by newest on the platform and verify employer, date, location eligibility and application route."
search-005233,Live Search,live_search,Solutions Architect,Careerjet,Careerjet,Solution Architecture,Solution Architecture,,Arab Region,Palestine,Palestine,Live Search,,,2026-07-20,Live search,Careerjet,C,Aggregator,Aggregator,59,Low,,https://www.careerjet.com/search/jobs?s=Solutions+Architect&l=Jordan,"Direct platform search for Solutions Architect in Palestine. Sort by newest on the platform and verify employer, date, location eligibility and application route."
search-005234,Live Search,live_search,Solutions Architect,Talent.com,Talent.com,Solution Architecture,Solution Architecture,,Arab Region,Palestine,Palestine,Live Search,,,2026-07-20,Live search,Talent.com,C,Aggregator,Aggregator,59,Low,,https://www.talent.com/jobs?k=Solutions+Architect&l=Jordan,"Direct platform search for Solutions Architect in Palestine. Sort by newest on the platform and verify employer, date, location eligibility and application route."
search-005236,Live Search,live_search,Solutions Architect,Bayt,Bayt,Solution Architecture,Solution Architecture,,Arab Region,Jordan,Jordan,Live Search,,,2026-07-20,Live search,Bayt,B,Recognized job platform,Platform,59,Low,,https://www.bayt.com/en/jordan/jobs/solutions-architect-jobs/,"Direct platform search for Solutions Architect in Jordan. Sort by newest on the platform and verify employer, date, location eligibility and application route."
search-005240,Live Search,live_search,Solution Architect,LinkedIn,LinkedIn,Solution Architecture,Solution Architecture,,Arab Region,Palestine,Palestine,Live Search,,,2026-07-20,Live search,LinkedIn,B,Recognized job platform,Platform,59,Low,,https://www.linkedin.com/jobs/search/?keywords=Solution+Architect&location=Jordan&sortBy=DD,"Direct platform search for Solution Architect in Palestine. Sort by newest on the platform and verify employer, date, location eligibility and application route."
search-005241,Live Search,live_search,Solution Architect,Indeed,Indeed,Solution Architecture,Solution Architecture,,Arab Region,Palestine,Palestine,Live Search,,,2026-07-20,Live search,Indeed,B,Recognized job platform,Platform,59,Low,,https://www.indeed.com/jobs?q=Solution+Architect&l=Jordan&sort=date,"Direct platform search for Solution Architect in Palestine. Sort by newest on the platform and verify employer, date, location eligibility and application route."
search-005244,Live Search,live_search,Solution Architect,Careerjet,Careerjet,Solution Architecture,Solution Architecture,,Arab Region,Palestine,Palestine,Live Search,,,2026-07-20,Live search,Careerjet,C,Aggregator,Aggregator,59,Low,,https://www.careerjet.com/search/jobs?s=Solution+Architect&l=Jordan,"Direct platform search for Solution Architect in Palestine. Sort by newest on the platform and verify employer, date, location eligibility and application route."
search-005245,Live Search,live_search,Solution Architect,Talent.com,Talent.com,Solution Architecture,Solution Architecture,,Arab Region,Palestine,Palestine,Live Search,,,2026-07-20,Live search,Talent.com,C,Aggregator,Aggregator,59,Low,,https://www.talent.com/jobs?k=Solution+Architect&l=Jordan,"Direct platform search for Solution Architect in Palestine. Sort by newest on the platform and verify employer, date, location eligibility and application route."
search-005247,Live Search,live_search,Solution Architect,Bayt,Bayt,Solution Architecture,Solution Architecture,,Arab Region,Jordan,Jordan,Live Search,,,2026-07-20,Live search,Bayt,B,Recognized job platform,Platform,59,Low,,https://www.bayt.com/en/jordan/jobs/solution-architect-jobs/,"Direct platform search for Solution Architect in Jordan. Sort by newest on the platform and verify employer, date, location eligibility and application route."
search-005251,Live Search,live_search,Technical Architect,LinkedIn,LinkedIn,Solution Architecture,Solution Architecture,,Arab Region,Palestine,Palestine,Live Search,,,2026-07-20,Live search,LinkedIn,B,Recognized job platform,Platform,59,Low,,https://www.linkedin.com/jobs/search/?keywords=Technical+Architect&location=Jordan&sortBy=DD,"Direct platform search for Technical Architect in Palestine. Sort by newest on the platform and verify employer, date, location eligibility and application route."
search-005252,Live Search,live_search,Technical Architect,Indeed,Indeed,Solution Architecture,Solution Architecture,,Arab Region,Palestine,Palestine,Live Search,,,2026-07-20,Live search,Indeed,B,Recognized job platform,Platform,59,Low,,https://www.indeed.com/jobs?q=Technical+Architect&l=Jordan&sort=date,"Direct platform search for Technical Architect in Palestine. Sort by newest on the platform and verify employer, date, location eligibility and application route."
search-005255,Live Search,live_search,Technical Architect,Careerjet,Careerjet,Solution Architecture,Solution Architecture,,Arab Region,Palestine,Palestine,Live Search,,,2026-07-20,Live search,Careerjet,C,Aggregator,Aggregator,59,Low,,https://www.careerjet.com/search/jobs?s=Technical+Architect&l=Jordan,"Direct platform search for Technical Architect in Palestine. Sort by newest on the platform and verify employer, date, location eligibility and application route."
search-005256,Live Search,live_search,Technical Architect,Talent.com,Talent.com,Solution Architecture,Solution Architecture,,Arab Region,Palestine,Palestine,Live Search,,,2026-07-20,Live search,Talent.com,C,Aggregator,Aggregator,59,Low,,https://www.talent.com/jobs?k=Technical+Architect&l=Jordan,"Direct platform search for Technical Architect in Palestine. Sort by newest on the platform and verify employer, date, location eligibility and application route."
search-005258,Live Search,live_search,Technical Architect,Bayt,Bayt,Solution Architecture,Solution Architecture,,Arab Region,Jordan,Jordan,Live Search,,,2026-07-20,Live search,Bayt,B,Recognized job platform,Platform,59,Low,,https://www.bayt.com/en/jordan/jobs/technical-architect-jobs/,"Direct platform search for Technical Architect in Jordan. Sort by newest on the platform and verify employer, date, location eligibility and application route."
search-005262,Live Search,live_search,Cloud Architect,LinkedIn,LinkedIn,Cloud & Infrastructure,Cloud & Infrastructure,,Arab Region,Palestine,Palestine,Live Search,,,2026-07-20,Live search,LinkedIn,B,Recognized job platform,Platform,56,Low,,https://www.linkedin.com/jobs/search/?keywords=Cloud+Architect&location=Jordan&sortBy=DD,"Direct platform search for Cloud Architect in Palestine. Sort by newest on the platform and verify employer, date, location eligibility and application route."
search-005263,Live Search,live_search,Cloud Architect,Indeed,Indeed,Cloud & Infrastructure,Cloud & Infrastructure,,Arab Region,Palestine,Palestine,Live Search,,,2026-07-20,Live search,Indeed,B,Recognized job platform,Platform,56,Low,,https://www.indeed.com/jobs?q=Cloud+Architect&l=Jordan&sort=date,"Direct platform search for Cloud Architect in Palestine. Sort by newest on the platform and verify employer, date, location eligibility and application route."
search-005266,Live Search,live_search,Cloud Architect,Careerjet,Careerjet,Cloud & Infrastructure,Cloud & Infrastructure,,Arab Region,Palestine,Palestine,Live Search,,,2026-07-20,Live search,Careerjet,C,Aggregator,Aggregator,56,Low,,https://www.careerjet.com/search/jobs?s=Cloud+Architect&l=Jordan,"Direct platform search for Cloud Architect in Palestine. Sort by newest on the platform and verify employer, date, location eligibility and application route."
search-005267,Live Search,live_search,Cloud Architect,Talent.com,Talent.com,Cloud & Infrastructure,Cloud & Infrastructure,,Arab Region,Palestine,Palestine,Live Search,,,2026-07-20,Live search,Talent.com,C,Aggregator,Aggregator,56,Low,,https://www.talent.com/jobs?k=Cloud+Architect&l=Jordan,"Direct platform search for Cloud Architect in Palestine. Sort by newest on the platform and verify employer, date, location eligibility and application route."
search-005269,Live Search,live_search,Cloud Architect,Bayt,Bayt,Cloud & Infrastructure,Cloud & Infrastructure,,Arab Region,Jordan,Jordan,Live Search,,,2026-07-20,Live search,Bayt,B,Recognized job platform,Platform,56,Low,,https://www.bayt.com/en/jordan/jobs/cloud-architect-jobs/,"Direct platform search for Cloud Architect in Jordan. Sort by newest on the platform and verify employer, date, location eligibility and application route."
search-005273,Live Search,live_search,Data Architect,LinkedIn,LinkedIn,Data & Governance,Data & Governance,,Arab Region,Palestine,Palestine,Live Search,,,2026-07-20,Live search,LinkedIn,B,Recognized job platform,Platform,57,Low,,https://www.linkedin.com/jobs/search/?keywords=Data+Architect&location=Jordan&sortBy=DD,"Direct platform search for Data Architect in Palestine. Sort by newest on the platform and verify employer, date, location eligibility and application route."
search-005274,Live Search,live_search,Data Architect,Indeed,Indeed,Data & Governance,Data & Governance,,Arab Region,Palestine,Palestine,Live Search,,,2026-07-20,Live search,Indeed,B,Recognized job platform,Platform,57,Low,,https://www.indeed.com/jobs?q=Data+Architect&l=Jordan&sort=date,"Direct platform search for Data Architect in Palestine. Sort by newest on the platform and verify employer, date, location eligibility and application route."
search-005277,Live Search,live_search,Data Architect,Careerjet,Careerjet,Data & Governance,Data & Governance,,Arab Region,Palestine,Palestine,Live Search,,,2026-07-20,Live search,Careerjet,C,Aggregator,Aggregator,57,Low,,https://www.careerjet.com/search/jobs?s=Data+Architect&l=Jordan,"Direct platform search for Data Architect in Palestine. Sort by newest on the platform and verify employer, date, location eligibility and application route."
search-005278,Live Search,live_search,Data Architect,Talent.com,Talent.com,Data & Governance,Data & Governance,,Arab Region,Palestine,Palestine,Live Search,,,2026-07-20,Live search,Talent.com,C,Aggregator,Aggregator,57,Low,,https://www.talent.com/jobs?k=Data+Architect&l=Jordan,"Direct platform search for Data Architect in Palestine. Sort by newest on the platform and verify employer, date, location eligibility and application route."
search-005280,Live Search,live_search,Data Architect,Bayt,Bayt,Data & Governance,Data & Governance,,Arab Region,Jordan,Jordan,Live Search,,,2026-07-20,Live search,Bayt,B,Recognized job platform,Platform,57,Low,,https://www.bayt.com/en/jordan/jobs/data-architect-jobs/,"Direct platform search for Data Architect in Jordan. Sort by newest on the platform and verify employer, date, location eligibility and application route."
search-005284,Live Search,live_search,Integration Architect,LinkedIn,LinkedIn,Integration Architecture,Integration Architecture,,Arab Region,Palestine,Palestine,Live Search,,,2026-07-20,Live search,LinkedIn,B,Recognized job platform,Platform,61,Medium,,https://www.linkedin.com/jobs/search/?keywords=Integration+Architect&location=Jordan&sortBy=DD,"Direct platform search for Integration Architect in Palestine. Sort by newest on the platform and verify employer, date, location eligibility and application route."
search-005285,Live Search,live_search,Integration Architect,Indeed,Indeed,Integration Architecture,Integration Architecture,,Arab Region,Palestine,Palestine,Live Search,,,2026-07-20,Live search,Indeed,B,Recognized job platform,Platform,61,Medium,,https://www.indeed.com/jobs?q=Integration+Architect&l=Jordan&sort=date,"Direct platform search for Integration Architect in Palestine. Sort by newest on the platform and verify employer, date, location eligibility and application route."
search-005288,Live Search,live_search,Integration Architect,Careerjet,Careerjet,Integration Architecture,Integration Architecture,,Arab Region,Palestine,Palestine,Live Search,,,2026-07-20,Live search,Careerjet,C,Aggregator,Aggregator,61,Medium,,https://www.careerjet.com/search/jobs?s=Integration+Architect&l=Jordan,"Direct platform search for Integration Architect in Palestine. Sort by newest on the platform and verify employer, date, location eligibility and application route."
search-005289,Live Search,live_search,Integration Architect,Talent.com,Talent.com,Integration Architecture,Integration Architecture,,Arab Region,Palestine,Palestine,Live Search,,,2026-07-20,Live search,Talent.com,C,Aggregator,Aggregator,61,Medium,,https://www.talent.com/jobs?k=Integration+Architect&l=Jordan,"Direct platform search for Integration Architect in Palestine. Sort by newest on the platform and verify employer, date, location eligibility and application route."
search-005291,Live Search,live_search,Integration Architect,Bayt,Bayt,Integration Architecture,Integration Architecture,,Arab Region,Jordan,Jordan,Live Search,,,2026-07-20,Live search,Bayt,B,Recognized job platform,Platform,61,Medium,,https://www.bayt.com/en/jordan/jobs/integration-architect-jobs/,"Direct platform search for Integration Architect in Jordan. Sort by newest on the platform and verify employer, date, location eligibility and application route."
search-005295,Live Search,live_search,Application Architect,LinkedIn,LinkedIn,Solution Architecture,Solution Architecture,,Arab Region,Palestine,Palestine,Live Search,,,2026-07-20,Live search,LinkedIn,B,Recognized job platform,Platform,59,Low,,https://www.linkedin.com/jobs/search/?keywords=Application+Architect&location=Jordan&sortBy=DD,"Direct platform search for Application Architect in Palestine. Sort by newest on the platform and verify employer, date, location eligibility and application route."
search-005296,Live Search,live_search,Application Architect,Indeed,Indeed,Solution Architecture,Solution Architecture,,Arab Region,Palestine,Palestine,Live Search,,,2026-07-20,Live search,Indeed,B,Recognized job platform,Platform,59,Low,,https://www.indeed.com/jobs?q=Application+Architect&l=Jordan&sort=date,"Direct platform search for Application Architect in Palestine. Sort by newest on the platform and verify employer, date, location eligibility and application route."
search-005299,Live Search,live_search,Application Architect,Careerjet,Careerjet,Solution Architecture,Solution Architecture,,Arab Region,Palestine,Palestine,Live Search,,,2026-07-20,Live search,Careerjet,C,Aggregator,Aggregator,59,Low,,https://www.careerjet.com/search/jobs?s=Application+Architect&l=Jordan,"Direct platform search for Application Architect in Palestine. Sort by newest on the platform and verify employer, date, location eligibility and application route."
search-005300,Live Search,live_search,Application Architect,Talent.com,Talent.com,Solution Architecture,Solution Architecture,,Arab Region,Palestine,Palestine,Live Search,,,2026-07-20,Live search,Talent.com,C,Aggregator,Aggregator,59,Low,,https://www.talent.com/jobs?k=Application+Architect&l=Jordan,"Direct platform search for Application Architect in Palestine. Sort by newest on the platform and verify employer, date, location eligibility and application route."
search-005302,Live Search,live_search,Application Architect,Bayt,Bayt,Solution Architecture,Solution Architecture,,Arab Region,Jordan,Jordan,Live Search,,,2026-07-20,Live search,Bayt,B,Recognized job platform,Platform,59,Low,,https://www.bayt.com/en/jordan/jobs/application-architect-jobs/,"Direct platform search for Application Architect in Jordan. Sort by newest on the platform and verify employer, date, location eligibility and application route."
search-005306,Live Search,live_search,Security Architect,LinkedIn,LinkedIn,Cybersecurity,Cybersecurity,,Arab Region,Palestine,Palestine,Live Search,,,2026-07-20,Live search,LinkedIn,B,Recognized job platform,Platform,54,Low,,https://www.linkedin.com/jobs/search/?keywords=Security+Architect&location=Jordan&sortBy=DD,"Direct platform search for Security Architect in Palestine. Sort by newest on the platform and verify employer, date, location eligibility and application route."
search-005307,Live Search,live_search,Security Architect,Indeed,Indeed,Cybersecurity,Cybersecurity,,Arab Region,Palestine,Palestine,Live Search,,,2026-07-20,Live search,Indeed,B,Recognized job platform,Platform,54,Low,,https://www.indeed.com/jobs?q=Security+Architect&l=Jordan&sort=date,"Direct platform search for Security Architect in Palestine. Sort by newest on the platform and verify employer, date, location eligibility and application route."
search-005310,Live Search,live_search,Security Architect,Careerjet,Careerjet,Cybersecurity,Cybersecurity,,Arab Region,Palestine,Palestine,Live Search,,,2026-07-20,Live search,Careerjet,C,Aggregator,Aggregator,54,Low,,https://www.careerjet.com/search/jobs?s=Security+Architect&l=Jordan,"Direct platform search for Security Architect in Palestine. Sort by newest on the platform and verify employer, date, location eligibility and application route."
search-005311,Live Search,live_search,Security Architect,Talent.com,Talent.com,Cybersecurity,Cybersecurity,,Arab Region,Palestine,Palestine,Live Search,,,2026-07-20,Live search,Talent.com,C,Aggregator,Aggregator,54,Low,,https://www.talent.com/jobs?k=Security+Architect&l=Jordan,"Direct platform search for Security Architect in Palestine. Sort by newest on the platform and verify employer, date, location eligibility and application route."
search-005313,Live Search,live_search,Security Architect,Bayt,Bayt,Cybersecurity,Cybersecurity,,Arab Region,Jordan,Jordan,Live Search,,,2026-07-20,Live search,Bayt,B,Recognized job platform,Platform,54,Low,,https://www.bayt.com/en/jordan/jobs/security-architect-jobs/,"Direct platform search for Security Architect in Jordan. Sort by newest on the platform and verify employer, date, location eligibility and application route."
search-005317,Live Search,live_search,Infrastructure Architect,LinkedIn,LinkedIn,Cloud & Infrastructure,Cloud & Infrastructure,,Arab Region,Palestine,Palestine,Live Search,,,2026-07-20,Live search,LinkedIn,B,Recognized job platform,Platform,56,Low,,https://www.linkedin.com/jobs/search/?keywords=Infrastructure+Architect&location=Jordan&sortBy=DD,"Direct platform search for Infrastructure Architect in Palestine. Sort by newest on the platform and verify employer, date, location eligibility and application route."
search-005318,Live Search,live_search,Infrastructure Architect,Indeed,Indeed,Cloud & Infrastructure,Cloud & Infrastructure,,Arab Region,Palestine,Palestine,Live Search,,,2026-07-20,Live search,Indeed,B,Recognized job platform,Platform,56,Low,,https://www.indeed.com/jobs?q=Infrastructure+Architect&l=Jordan&sort=date,"Direct platform search for Infrastructure Architect in Palestine. Sort by newest on the platform and verify employer, date, location eligibility and application route."
search-005321,Live Search,live_search,Infrastructure Architect,Careerjet,Careerjet,Cloud & Infrastructure,Cloud & Infrastructure,,Arab Region,Palestine,Palestine,Live Search,,,2026-07-20,Live search,Careerjet,C,Aggregator,Aggregator,56,Low,,https://www.careerjet.com/search/jobs?s=Infrastructure+Architect&l=Jordan,"Direct platform search for Infrastructure Architect in Palestine. Sort by newest on the platform and verify employer, date, location eligibility and application route."
search-005322,Live Search,live_search,Infrastructure Architect,Talent.com,Talent.com,Cloud & Infrastructure,Cloud & Infrastructure,,Arab Region,Palestine,Palestine,Live Search,,,2026-07-20,Live search,Talent.com,C,Aggregator,Aggregator,56,Low,,https://www.talent.com/jobs?k=Infrastructure+Architect&l=Jordan,"Direct platform search for Infrastructure Architect in Palestine. Sort by newest on the platform and verify employer, date, location eligibility and application route."
search-005324,Live Search,live_search,Infrastructure Architect,Bayt,Bayt,Cloud & Infrastructure,Cloud & Infrastructure,,Arab Region,Jordan,Jordan,Live Search,,,2026-07-20,Live search,Bayt,B,Recognized job platform,Platform,56,Low,,https://www.bayt.com/en/jordan/jobs/infrastructure-architect-jobs/,"Direct platform search for Infrastructure Architect in Jordan. Sort by newest on the platform and verify employer, date, location eligibility and application route."
search-005328,Live Search,live_search,Digital Transformation Director,LinkedIn,LinkedIn,Digital Transformation,Digital Transformation,,Arab Region,Palestine,Palestine,Live Search,,,2026-07-20,Live search,LinkedIn,B,Recognized job platform,Platform,61,Medium,,https://www.linkedin.com/jobs/search/?keywords=Digital+Transformation+Director&location=Jordan&sortBy=DD,"Direct platform search for Digital Transformation Director in Palestine. Sort by newest on the platform and verify employer, date, location eligibility and application route."
search-005329,Live Search,live_search,Digital Transformation Director,Indeed,Indeed,Digital Transformation,Digital Transformation,,Arab Region,Palestine,Palestine,Live Search,,,2026-07-20,Live search,Indeed,B,Recognized job platform,Platform,61,Medium,,https://www.indeed.com/jobs?q=Digital+Transformation+Director&l=Jordan&sort=date,"Direct platform search for Digital Transformation Director in Palestine. Sort by newest on the platform and verify employer, date, location eligibility and application route."
search-005332,Live Search,live_search,Digital Transformation Director,Careerjet,Careerjet,Digital Transformation,Digital Transformation,,Arab Region,Palestine,Palestine,Live Search,,,2026-07-20,Live search,Careerjet,C,Aggregator,Aggregator,61,Medium,,https://www.careerjet.com/search/jobs?s=Digital+Transformation+Director&l=Jordan,"Direct platform search for Digital Transformation Director in Palestine. Sort by newest on the platform and verify employer, date, location eligibility and application route."
search-005333,Live Search,live_search,Digital Transformation Director,Talent.com,Talent.com,Digital Transformation,Digital Transformation,,Arab Region,Palestine,Palestine,Live Search,,,2026-07-20,Live search,Talent.com,C,Aggregator,Aggregator,61,Medium,,https://www.talent.com/jobs?k=Digital+Transformation+Director&l=Jordan,"Direct platform search for Digital Transformation Director in Palestine. Sort by newest on the platform and verify employer, date, location eligibility and application route."
search-005335,Live Search,live_search,Digital Transformation Director,Bayt,Bayt,Digital Transformation,Digital Transformation,,Arab Region,Jordan,Jordan,Live Search,,,2026-07-20,Live search,Bayt,B,Recognized job platform,Platform,61,Medium,,https://www.bayt.com/en/jordan/jobs/digital-transformation-director-jobs/,"Direct platform search for Digital Transformation Director in Jordan. Sort by newest on the platform and verify employer, date, location eligibility and application route."
search-005339,Live Search,live_search,Digital Transformation Manager,LinkedIn,LinkedIn,Digital Transformation,Digital Transformation,,Arab Region,Palestine,Palestine,Live Search,,,2026-07-20,Live search,LinkedIn,B,Recognized job platform,Platform,57,Low,,https://www.linkedin.com/jobs/search/?keywords=Digital+Transformation+Manager&location=Jordan&sortBy=DD,"Direct platform search for Digital Transformation Manager in Palestine. Sort by newest on the platform and verify employer, date, location eligibility and application route."
search-005340,Live Search,live_search,Digital Transformation Manager,Indeed,Indeed,Digital Transformation,Digital Transformation,,Arab Region,Palestine,Palestine,Live Search,,,2026-07-20,Live search,Indeed,B,Recognized job platform,Platform,57,Low,,https://www.indeed.com/jobs?q=Digital+Transformation+Manager&l=Jordan&sort=date,"Direct platform search for Digital Transformation Manager in Palestine. Sort by newest on the platform and verify employer, date, location eligibility and application route."
search-005343,Live Search,live_search,Digital Transformation Manager,Careerjet,Careerjet,Digital Transformation,Digital Transformation,,Arab Region,Palestine,Palestine,Live Search,,,2026-07-20,Live search,Careerjet,C,Aggregator,Aggregator,57,Low,,https://www.careerjet.com/search/jobs?s=Digital+Transformation+Manager&l=Jordan,"Direct platform search for Digital Transformation Manager in Palestine. Sort by newest on the platform and verify employer, date, location eligibility and application route."
search-005344,Live Search,live_search,Digital Transformation Manager,Talent.com,Talent.com,Digital Transformation,Digital Transformation,,Arab Region,Palestine,Palestine,Live Search,,,2026-07-20,Live search,Talent.com,C,Aggregator,Aggregator,57,Low,,https://www.talent.com/jobs?k=Digital+Transformation+Manager&l=Jordan,"Direct platform search for Digital Transformation Manager in Palestine. Sort by newest on the platform and verify employer, date, location eligibility and application route."
search-005346,Live Search,live_search,Digital Transformation Manager,Bayt,Bayt,Digital Transformation,Digital Transformation,,Arab Region,Jordan,Jordan,Live Search,,,2026-07-20,Live search,Bayt,B,Recognized job platform,Platform,57,Low,,https://www.bayt.com/en/jordan/jobs/digital-transformation-manager-jobs/,"Direct platform search for Digital Transformation Manager in Jordan. Sort by newest on the platform and verify employer, date, location eligibility and application route."
search-005350,Live Search,live_search,Head of Digital Transformation,LinkedIn,LinkedIn,Digital Transformation,Digital Transformation,,Arab Region,Palestine,Palestine,Live Search,,,2026-07-20,Live search,LinkedIn,B,Recognized job platform,Platform,57,Low,,https://www.linkedin.com/jobs/search/?keywords=Head+of+Digital+Transformation&location=Jordan&sortBy=DD,"Direct platform search for Head of Digital Transformation in Palestine. Sort by newest on the platform and verify employer, date, location eligibility and application route."
search-005351,Live Search,live_search,Head of Digital Transformation,Indeed,Indeed,Digital Transformation,Digital Transformation,,Arab Region,Palestine,Palestine,Live Search,,,2026-07-20,Live search,Indeed,B,Recognized job platform,Platform,57,Low,,https://www.indeed.com/jobs?q=Head+of+Digital+Transformation&l=Jordan&sort=date,"Direct platform search for Head of Digital Transformation in Palestine. Sort by newest on the platform and verify employer, date, location eligibility and application route."
search-005354,Live Search,live_search,Head of Digital Transformation,Careerjet,Careerjet,Digital Transformation,Digital Transformation,,Arab Region,Palestine,Palestine,Live Search,,,2026-07-20,Live search,Careerjet,C,Aggregator,Aggregator,57,Low,,https://www.careerjet.com/search/jobs?s=Head+of+Digital+Transformation&l=Jordan,"Direct platform search for Head of Digital Transformation in Palestine. Sort by newest on the platform and verify employer, date, location eligibility and application route."
search-005355,Live Search,live_search,Head of Digital Transformation,Talent.com,Talent.com,Digital Transformation,Digital Transformation,,Arab Region,Palestine,Palestine,Live Search,,,2026-07-20,Live search,Talent.com,C,Aggregator,Aggregator,57,Low,,https://www.talent.com/jobs?k=Head+of+Digital+Transformation&l=Jordan,"Direct platform search for Head of Digital Transformation in Palestine. Sort by newest on the platform and verify employer, date, location eligibility and application route."
search-005357,Live Search,live_search,Head of Digital Transformation,Bayt,Bayt,Digital Transformation,Digital Transformation,,Arab Region,Jordan,Jordan,Live Search,,,2026-07-20,Live search,Bayt,B,Recognized job platform,Platform,57,Low,,https://www.bayt.com/en/jordan/jobs/head-of-digital-transformation-jobs/,"Direct platform search for Head of Digital Transformation in Jordan. Sort by newest on the platform and verify employer, date, location eligibility and application route."
search-005361,Live Search,live_search,IT Director,LinkedIn,LinkedIn,Technology Leadership,Technology Leadership,,Arab Region,Palestine,Palestine,Live Search,,,2026-07-20,Live search,LinkedIn,B,Recognized job platform,Platform,61,Medium,,https://www.linkedin.com/jobs/search/?keywords=IT+Director&location=Jordan&sortBy=DD,"Direct platform search for IT Director in Palestine. Sort by newest on the platform and verify employer, date, location eligibility and application route."
search-005362,Live Search,live_search,IT Director,Indeed,Indeed,Technology Leadership,Technology Leadership,,Arab Region,Palestine,Palestine,Live Search,,,2026-07-20,Live search,Indeed,B,Recognized job platform,Platform,61,Medium,,https://www.indeed.com/jobs?q=IT+Director&l=Jordan&sort=date,"Direct platform search for IT Director in Palestine. Sort by newest on the platform and verify employer, date, location eligibility and application route."
search-005365,Live Search,live_search,IT Director,Careerjet,Careerjet,Technology Leadership,Technology Leadership,,Arab Region,Palestine,Palestine,Live Search,,,2026-07-20,Live search,Careerjet,C,Aggregator,Aggregator,61,Medium,,https://www.careerjet.com/search/jobs?s=IT+Director&l=Jordan,"Direct platform search for IT Director in Palestine. Sort by newest on the platform and verify employer, date, location eligibility and application route."
search-005366,Live Search,live_search,IT Director,Talent.com,Talent.com,Technology Leadership,Technology Leadership,,Arab Region,Palestine,Palestine,Live Search,,,2026-07-20,Live search,Talent.com,C,Aggregator,Aggregator,61,Medium,,https://www.talent.com/jobs?k=IT+Director&l=Jordan,"Direct platform search for IT Director in Palestine. Sort by newest on the platform and verify employer, date, location eligibility and application route."
search-005368,Live Search,live_search,IT Director,Bayt,Bayt,Technology Leadership,Technology Leadership,,Arab Region,Jordan,Jordan,Live Search,,,2026-07-20,Live search,Bayt,B,Recognized job platform,Platform,61,Medium,,https://www.bayt.com/en/jordan/jobs/it-director-jobs/,"Direct platform search for IT Director in Jordan. Sort by newest on the platform and verify employer, date, location eligibility and application route."
search-005372,Live Search,live_search,Head of IT,LinkedIn,LinkedIn,Technology Leadership,Technology Leadership,,Arab Region,Palestine,Palestine,Live Search,,,2026-07-20,Live search,LinkedIn,B,Recognized job platform,Platform,57,Low,,https://www.linkedin.com/jobs/search/?keywords=Head+of+IT&location=Jordan&sortBy=DD,"Direct platform search for Head of IT in Palestine. Sort by newest on the platform and verify employer, date, location eligibility and application route."
search-005373,Live Search,live_search,Head of IT,Indeed,Indeed,Technology Leadership,Technology Leadership,,Arab Region,Palestine,Palestine,Live Search,,,2026-07-20,Live search,Indeed,B,Recognized job platform,Platform,57,Low,,https://www.indeed.com/jobs?q=Head+of+IT&l=Jordan&sort=date,"Direct platform search for Head of IT in Palestine. Sort by newest on the platform and verify employer, date, location eligibility and application route."
search-005376,Live Search,live_search,Head of IT,Careerjet,Careerjet,Technology Leadership,Technology Leadership,,Arab Region,Palestine,Palestine,Live Search,,,2026-07-20,Live search,Careerjet,C,Aggregator,Aggregator,57,Low,,https://www.careerjet.com/search/jobs?s=Head+of+IT&l=Jordan,"Direct platform search for Head of IT in Palestine. Sort by newest on the platform and verify employer, date, location eligibility and application route."
search-005377,Live Search,live_search,Head of IT,Talent.com,Talent.com,Technology Leadership,Technology Leadership,,Arab Region,Palestine,Palestine,Live Search,,,2026-07-20,Live search,Talent.com,C,Aggregator,Aggregator,57,Low,,https://www.talent.com/jobs?k=Head+of+IT&l=Jordan,"Direct platform search for Head of IT in Palestine. Sort by newest on the platform and verify employer, date, location eligibility and application route."
search-005379,Live Search,live_search,Head of IT,Bayt,Bayt,Technology Leadership,Technology Leadership,,Arab Region,Jordan,Jordan,Live Search,,,2026-07-20,Live search,Bayt,B,Recognized job platform,Platform,57,Low,,https://www.bayt.com/en/jordan/jobs/head-of-it-jobs/,"Direct platform search for Head of IT in Jordan. Sort by newest on the platform and verify employer, date, location eligibility and application route."
search-005383,Live Search,live_search,Chief Information Officer,LinkedIn,LinkedIn,Technology Leadership,Technology Leadership,,Arab Region,Palestine,Palestine,Live Search,,,2026-07-20,Live search,LinkedIn,B,Recognized job platform,Platform,54,Low,,https://www.linkedin.com/jobs/search/?keywords=Chief+Information+Officer&location=Jordan&sortBy=DD,"Direct platform search for Chief Information Officer in Palestine. Sort by newest on the platform and verify employer, date, location eligibility and application route."
search-005384,Live Search,live_search,Chief Information Officer,Indeed,Indeed,Technology Leadership,Technology Leadership,,Arab Region,Palestine,Palestine,Live Search,,,2026-07-20,Live search,Indeed,B,Recognized job platform,Platform,54,Low,,https://www.indeed.com/jobs?q=Chief+Information+Officer&l=Jordan&sort=date,"Direct platform search for Chief Information Officer in Palestine. Sort by newest on the platform and verify employer, date, location eligibility and application route."
search-005387,Live Search,live_search,Chief Information Officer,Careerjet,Careerjet,Technology Leadership,Technology Leadership,,Arab Region,Palestine,Palestine,Live Search,,,2026-07-20,Live search,Careerjet,C,Aggregator,Aggregator,54,Low,,https://www.careerjet.com/search/jobs?s=Chief+Information+Officer&l=Jordan,"Direct platform search for Chief Information Officer in Palestine. Sort by newest on the platform and verify employer, date, location eligibility and application route."
search-005388,Live Search,live_search,Chief Information Officer,Talent.com,Talent.com,Technology Leadership,Technology Leadership,,Arab Region,Palestine,Palestine,Live Search,,,2026-07-20,Live search,Talent.com,C,Aggregator,Aggregator,54,Low,,https://www.talent.com/jobs?k=Chief+Information+Officer&l=Jordan,"Direct platform search for Chief Information Officer in Palestine. Sort by newest on the platform and verify employer, date, location eligibility and application route."
search-005390,Live Search,live_search,Chief Information Officer,Bayt,Bayt,Technology Leadership,Technology Leadership,,Arab Region,Jordan,Jordan,Live Search,,,2026-07-20,Live search,Bayt,B,Recognized job platform,Platform,54,Low,,https://www.bayt.com/en/jordan/jobs/chief-information-officer-jobs/,"Direct platform search for Chief Information Officer in Jordan. Sort by newest on the platform and verify employer, date, location eligibility and application route."
search-005394,Live Search,live_search,Chief Technology Officer,LinkedIn,LinkedIn,Technology Leadership,Technology Leadership,,Arab Region,Palestine,Palestine,Live Search,,,2026-07-20,Live search,LinkedIn,B,Recognized job platform,Platform,54,Low,,https://www.linkedin.com/jobs/search/?keywords=Chief+Technology+Officer&location=Jordan&sortBy=DD,"Direct platform search for Chief Technology Officer in Palestine. Sort by newest on the platform and verify employer, date, location eligibility and application route."
search-005395,Live Search,live_search,Chief Technology Officer,Indeed,Indeed,Technology Leadership,Technology Leadership,,Arab Region,Palestine,Palestine,Live Search,,,2026-07-20,Live search,Indeed,B,Recognized job platform,Platform,54,Low,,https://www.indeed.com/jobs?q=Chief+Technology+Officer&l=Jordan&sort=date,"Direct platform search for Chief Technology Officer in Palestine. Sort by newest on the platform and verify employer, date, location eligibility and application route."
search-005398,Live Search,live_search,Chief Technology Officer,Careerjet,Careerjet,Technology Leadership,Technology Leadership,,Arab Region,Palestine,Palestine,Live Search,,,2026-07-20,Live search,Careerjet,C,Aggregator,Aggregator,54,Low,,https://www.careerjet.com/search/jobs?s=Chief+Technology+Officer&l=Jordan,"Direct platform search for Chief Technology Officer in Palestine. Sort by newest on the platform and verify employer, date, location eligibility and application route."
search-005399,Live Search,live_search,Chief Technology Officer,Talent.com,Talent.com,Technology Leadership,Technology Leadership,,Arab Region,Palestine,Palestine,Live Search,,,2026-07-20,Live search,Talent.com,C,Aggregator,Aggregator,54,Low,,https://www.talent.com/jobs?k=Chief+Technology+Officer&l=Jordan,"Direct platform search for Chief Technology Officer in Palestine. Sort by newest on the platform and verify employer, date, location eligibility and application route."
search-005401,Live Search,live_search,Chief Technology Officer,Bayt,Bayt,Technology Leadership,Technology Leadership,,Arab Region,Jordan,Jordan,Live Search,,,2026-07-20,Live search,Bayt,B,Recognized job platform,Platform,54,Low,,https://www.bayt.com/en/jordan/jobs/chief-technology-officer-jobs/,"Direct platform search for Chief Technology Officer in Jordan. Sort by newest on the platform and verify employer, date, location eligibility and application route."
search-005405,Live Search,live_search,Technology Director,LinkedIn,LinkedIn,Technology Leadership,Technology Leadership,,Arab Region,Palestine,Palestine,Live Search,,,2026-07-20,Live search,LinkedIn,B,Recognized job platform,Platform,61,Medium,,https://www.linkedin.com/jobs/search/?keywords=Technology+Director&location=Jordan&sortBy=DD,"Direct platform search for Technology Director in Palestine. Sort by newest on the platform and verify employer, date, location eligibility and application route."
search-005406,Live Search,live_search,Technology Director,Indeed,Indeed,Technology Leadership,Technology Leadership,,Arab Region,Palestine,Palestine,Live Search,,,2026-07-20,Live search,Indeed,B,Recognized job platform,Platform,61,Medium,,https://www.indeed.com/jobs?q=Technology+Director&l=Jordan&sort=date,"Direct platform search for Technology Director in Palestine. Sort by newest on the platform and verify employer, date, location eligibility and application route."
search-005409,Live Search,live_search,Technology Director,Careerjet,Careerjet,Technology Leadership,Technology Leadership,,Arab Region,Palestine,Palestine,Live Search,,,2026-07-20,Live search,Careerjet,C,Aggregator,Aggregator,61,Medium,,https://www.careerjet.com/search/jobs?s=Technology+Director&l=Jordan,"Direct platform search for Technology Director in Palestine. Sort by newest on the platform and verify employer, date, location eligibility and application route."
search-005410,Live Search,live_search,Technology Director,Talent.com,Talent.com,Technology Leadership,Technology Leadership,,Arab Region,Palestine,Palestine,Live Search,,,2026-07-20,Live search,Talent.com,C,Aggregator,Aggregator,61,Medium,,https://www.talent.com/jobs?k=Technology+Director&l=Jordan,"Direct platform search for Technology Director in Palestine. Sort by newest on the platform and verify employer, date, location eligibility and application route."
search-005412,Live Search,live_search,Technology Director,Bayt,Bayt,Technology Leadership,Technology Leadership,,Arab Region,Jordan,Jordan,Live Search,,,2026-07-20,Live search,Bayt,B,Recognized job platform,Platform,61,Medium,,https://www.bayt.com/en/jordan/jobs/technology-director-jobs/,"Direct platform search for Technology Director in Jordan. Sort by newest on the platform and verify employer, date, location eligibility and application route."
search-005416,Live Search,live_search,IT Strategy Manager,LinkedIn,LinkedIn,IT Strategy & Governance,IT Strategy & Governance,,Arab Region,Palestine,Palestine,Live Search,,,2026-07-20,Live search,LinkedIn,B,Recognized job platform,Platform,59,Low,,https://www.linkedin.com/jobs/search/?keywords=IT+Strategy+Manager&location=Jordan&sortBy=DD,"Direct platform search for IT Strategy Manager in Palestine. Sort by newest on the platform and verify employer, date, location eligibility and application route."
search-005417,Live Search,live_search,IT Strategy Manager,Indeed,Indeed,IT Strategy & Governance,IT Strategy & Governance,,Arab Region,Palestine,Palestine,Live Search,,,2026-07-20,Live search,Indeed,B,Recognized job platform,Platform,59,Low,,https://www.indeed.com/jobs?q=IT+Strategy+Manager&l=Jordan&sort=date,"Direct platform search for IT Strategy Manager in Palestine. Sort by newest on the platform and verify employer, date, location eligibility and application route."
search-005420,Live Search,live_search,IT Strategy Manager,Careerjet,Careerjet,IT Strategy & Governance,IT Strategy & Governance,,Arab Region,Palestine,Palestine,Live Search,,,2026-07-20,Live search,Careerjet,C,Aggregator,Aggregator,59,Low,,https://www.careerjet.com/search/jobs?s=IT+Strategy+Manager&l=Jordan,"Direct platform search for IT Strategy Manager in Palestine. Sort by newest on the platform and verify employer, date, location eligibility and application route."
search-005421,Live Search,live_search,IT Strategy Manager,Talent.com,Talent.com,IT Strategy & Governance,IT Strategy & Governance,,Arab Region,Palestine,Palestine,Live Search,,,2026-07-20,Live search,Talent.com,C,Aggregator,Aggregator,59,Low,,https://www.talent.com/jobs?k=IT+Strategy+Manager&l=Jordan,"Direct platform search for IT Strategy Manager in Palestine. Sort by newest on the platform and verify employer, date, location eligibility and application route."
search-005423,Live Search,live_search,IT Strategy Manager,Bayt,Bayt,IT Strategy & Governance,IT Strategy & Governance,,Arab Region,Jordan,Jordan,Live Search,,,2026-07-20,Live search,Bayt,B,Recognized job platform,Platform,59,Low,,https://www.bayt.com/en/jordan/jobs/it-strategy-manager-jobs/,"Direct platform search for IT Strategy Manager in Jordan. Sort by newest on the platform and verify employer, date, location eligibility and application route."
search-005427,Live Search,live_search,IT Governance Manager,LinkedIn,LinkedIn,IT Strategy & Governance,IT Strategy & Governance,,Arab Region,Palestine,Palestine,Live Search,,,2026-07-20,Live search,LinkedIn,B,Recognized job platform,Platform,59,Low,,https://www.linkedin.com/jobs/search/?keywords=IT+Governance+Manager&location=Jordan&sortBy=DD,"Direct platform search for IT Governance Manager in Palestine. Sort by newest on the platform and verify employer, date, location eligibility and application route."
search-005428,Live Search,live_search,IT Governance Manager,Indeed,Indeed,IT Strategy & Governance,IT Strategy & Governance,,Arab Region,Palestine,Palestine,Live Search,,,2026-07-20,Live search,Indeed,B,Recognized job platform,Platform,59,Low,,https://www.indeed.com/jobs?q=IT+Governance+Manager&l=Jordan&sort=date,"Direct platform search for IT Governance Manager in Palestine. Sort by newest on the platform and verify employer, date, location eligibility and application route."
search-005431,Live Search,live_search,IT Governance Manager,Careerjet,Careerjet,IT Strategy & Governance,IT Strategy & Governance,,Arab Region,Palestine,Palestine,Live Search,,,2026-07-20,Live search,Careerjet,C,Aggregator,Aggregator,59,Low,,https://www.careerjet.com/search/jobs?s=IT+Governance+Manager&l=Jordan,"Direct platform search for IT Governance Manager in Palestine. Sort by newest on the platform and verify employer, date, location eligibility and application route."
search-005432,Live Search,live_search,IT Governance Manager,Talent.com,Talent.com,IT Strategy & Governance,IT Strategy & Governance,,Arab Region,Palestine,Palestine,Live Search,,,2026-07-20,Live search,Talent.com,C,Aggregator,Aggregator,59,Low,,https://www.talent.com/jobs?k=IT+Governance+Manager&l=Jordan,"Direct platform search for IT Governance Manager in Palestine. Sort by newest on the platform and verify employer, date, location eligibility and application route."
search-005434,Live Search,live_search,IT Governance Manager,Bayt,Bayt,IT Strategy & Governance,IT Strategy & Governance,,Arab Region,Jordan,Jordan,Live Search,,,2026-07-20,Live search,Bayt,B,Recognized job platform,Platform,59,Low,,https://www.bayt.com/en/jordan/jobs/it-governance-manager-jobs/,"Direct platform search for IT Governance Manager in Jordan. Sort by newest on the platform and verify employer, date, location eligibility and application route."
search-005438,Live Search,live_search,Enterprise Applications Manager,LinkedIn,LinkedIn,Enterprise Applications,Enterprise Applications,,Arab Region,Palestine,Palestine,Live Search,,,2026-07-20,Live search,LinkedIn,B,Recognized job platform,Platform,57,Low,,https://www.linkedin.com/jobs/search/?keywords=Enterprise+Applications+Manager&location=Jordan&sortBy=DD,"Direct platform search for Enterprise Applications Manager in Palestine. Sort by newest on the platform and verify employer, date, location eligibility and application route."
search-005439,Live Search,live_search,Enterprise Applications Manager,Indeed,Indeed,Enterprise Applications,Enterprise Applications,,Arab Region,Palestine,Palestine,Live Search,,,2026-07-20,Live search,Indeed,B,Recognized job platform,Platform,57,Low,,https://www.indeed.com/jobs?q=Enterprise+Applications+Manager&l=Jordan&sort=date,"Direct platform search for Enterprise Applications Manager in Palestine. Sort by newest on the platform and verify employer, date, location eligibility and application route."
search-005442,Live Search,live_search,Enterprise Applications Manager,Careerjet,Careerjet,Enterprise Applications,Enterprise Applications,,Arab Region,Palestine,Palestine,Live Search,,,2026-07-20,Live search,Careerjet,C,Aggregator,Aggregator,57,Low,,https://www.careerjet.com/search/jobs?s=Enterprise+Applications+Manager&l=Jordan,"Direct platform search for Enterprise Applications Manager in Palestine. Sort by newest on the platform and verify employer, date, location eligibility and application route."
search-005443,Live Search,live_search,Enterprise Applications Manager,Talent.com,Talent.com,Enterprise Applications,Enterprise Applications,,Arab Region,Palestine,Palestine,Live Search,,,2026-07-20,Live search,Talent.com,C,Aggregator,Aggregator,57,Low,,https://www.talent.com/jobs?k=Enterprise+Applications+Manager&l=Jordan,"Direct platform search for Enterprise Applications Manager in Palestine. Sort by newest on the platform and verify employer, date, location eligibility and application route."
search-005445,Live Search,live_search,Enterprise Applications Manager,Bayt,Bayt,Enterprise Applications,Enterprise Applications,,Arab Region,Jordan,Jordan,Live Search,,,2026-07-20,Live search,Bayt,B,Recognized job platform,Platform,57,Low,,https://www.bayt.com/en/jordan/jobs/enterprise-applications-manager-jobs/,"Direct platform search for Enterprise Applications Manager in Jordan. Sort by newest on the platform and verify employer, date, location eligibility and application route."
search-005449,Live Search,live_search,ERP Program Manager,LinkedIn,LinkedIn,Programme & Delivery,Programme & Delivery,,Arab Region,Palestine,Palestine,Live Search,,,2026-07-20,Live search,LinkedIn,B,Recognized job platform,Platform,59,Low,,https://www.linkedin.com/jobs/search/?keywords=ERP+Program+Manager&location=Jordan&sortBy=DD,"Direct platform search for ERP Program Manager in Palestine. Sort by newest on the platform and verify employer, date, location eligibility and application route."
search-005450,Live Search,live_search,ERP Program Manager,Indeed,Indeed,Programme & Delivery,Programme & Delivery,,Arab Region,Palestine,Palestine,Live Search,,,2026-07-20,Live search,Indeed,B,Recognized job platform,Platform,59,Low,,https://www.indeed.com/jobs?q=ERP+Program+Manager&l=Jordan&sort=date,"Direct platform search for ERP Program Manager in Palestine. Sort by newest on the platform and verify employer, date, location eligibility and application route."
search-005453,Live Search,live_search,ERP Program Manager,Careerjet,Careerjet,Programme & Delivery,Programme & Delivery,,Arab Region,Palestine,Palestine,Live Search,,,2026-07-20,Live search,Careerjet,C,Aggregator,Aggregator,59,Low,,https://www.careerjet.com/search/jobs?s=ERP+Program+Manager&l=Jordan,"Direct platform search for ERP Program Manager in Palestine. Sort by newest on the platform and verify employer, date, location eligibility and application route."
search-005454,Live Search,live_search,ERP Program Manager,Talent.com,Talent.com,Programme & Delivery,Programme & Delivery,,Arab Region,Palestine,Palestine,Live Search,,,2026-07-20,Live search,Talent.com,C,Aggregator,Aggregator,59,Low,,https://www.talent.com/jobs?k=ERP+Program+Manager&l=Jordan,"Direct platform search for ERP Program Manager in Palestine. Sort by newest on the platform and verify employer, date, location eligibility and application route."
search-005456,Live Search,live_search,ERP Program Manager,Bayt,Bayt,Programme & Delivery,Programme & Delivery,,Arab Region,Jordan,Jordan,Live Search,,,2026-07-20,Live search,Bayt,B,Recognized job platform,Platform,59,Low,,https://www.bayt.com/en/jordan/jobs/erp-program-manager-jobs/,"Direct platform search for ERP Program Manager in Jordan. Sort by newest on the platform and verify employer, date, location eligibility and application route."
search-005460,Live Search,live_search,SAP Program Manager,LinkedIn,LinkedIn,Programme & Delivery,Programme & Delivery,,Arab Region,Palestine,Palestine,Live Search,,,2026-07-20,Live search,LinkedIn,B,Recognized job platform,Platform,57,Low,,https://www.linkedin.com/jobs/search/?keywords=SAP+Program+Manager&location=Jordan&sortBy=DD,"Direct platform search for SAP Program Manager in Palestine. Sort by newest on the platform and verify employer, date, location eligibility and application route."
search-005461,Live Search,live_search,SAP Program Manager,Indeed,Indeed,Programme & Delivery,Programme & Delivery,,Arab Region,Palestine,Palestine,Live Search,,,2026-07-20,Live search,Indeed,B,Recognized job platform,Platform,57,Low,,https://www.indeed.com/jobs?q=SAP+Program+Manager&l=Jordan&sort=date,"Direct platform search for SAP Program Manager in Palestine. Sort by newest on the platform and verify employer, date, location eligibility and application route."
search-005464,Live Search,live_search,SAP Program Manager,Careerjet,Careerjet,Programme & Delivery,Programme & Delivery,,Arab Region,Palestine,Palestine,Live Search,,,2026-07-20,Live search,Careerjet,C,Aggregator,Aggregator,57,Low,,https://www.careerjet.com/search/jobs?s=SAP+Program+Manager&l=Jordan,"Direct platform search for SAP Program Manager in Palestine. Sort by newest on the platform and verify employer, date, location eligibility and application route."
search-005465,Live Search,live_search,SAP Program Manager,Talent.com,Talent.com,Programme & Delivery,Programme & Delivery,,Arab Region,Palestine,Palestine,Live Search,,,2026-07-20,Live search,Talent.com,C,Aggregator,Aggregator,57,Low,,https://www.talent.com/jobs?k=SAP+Program+Manager&l=Jordan,"Direct platform search for SAP Program Manager in Palestine. Sort by newest on the platform and verify employer, date, location eligibility and application route."
search-005467,Live Search,live_search,SAP Program Manager,Bayt,Bayt,Programme & Delivery,Programme & Delivery,,Arab Region,Jordan,Jordan,Live Search,,,2026-07-20,Live search,Bayt,B,Recognized job platform,Platform,57,Low,,https://www.bayt.com/en/jordan/jobs/sap-program-manager-jobs/,"Direct platform search for SAP Program Manager in Jordan. Sort by newest on the platform and verify employer, date, location eligibility and application route."
search-005471,Live Search,live_search,Healthcare IT Manager,LinkedIn,LinkedIn,Healthcare IT & Digital Health,Healthcare IT & Digital Health,,Arab Region,Palestine,Palestine,Live Search,,,2026-07-20,Live search,LinkedIn,B,Recognized job platform,Platform,63,Medium,,https://www.linkedin.com/jobs/search/?keywords=Healthcare+IT+Manager&location=Jordan&sortBy=DD,"Direct platform search for Healthcare IT Manager in Palestine. Sort by newest on the platform and verify employer, date, location eligibility and application route."
search-005472,Live Search,live_search,Healthcare IT Manager,Indeed,Indeed,Healthcare IT & Digital Health,Healthcare IT & Digital Health,,Arab Region,Palestine,Palestine,Live Search,,,2026-07-20,Live search,Indeed,B,Recognized job platform,Platform,63,Medium,,https://www.indeed.com/jobs?q=Healthcare+IT+Manager&l=Jordan&sort=date,"Direct platform search for Healthcare IT Manager in Palestine. Sort by newest on the platform and verify employer, date, location eligibility and application route."
search-005475,Live Search,live_search,Healthcare IT Manager,Careerjet,Careerjet,Healthcare IT & Digital Health,Healthcare IT & Digital Health,,Arab Region,Palestine,Palestine,Live Search,,,2026-07-20,Live search,Careerjet,C,Aggregator,Aggregator,63,Medium,,https://www.careerjet.com/search/jobs?s=Healthcare+IT+Manager&l=Jordan,"Direct platform search for Healthcare IT Manager in Palestine. Sort by newest on the platform and verify employer, date, location eligibility and application route."
search-005476,Live Search,live_search,Healthcare IT Manager,Talent.com,Talent.com,Healthcare IT & Digital Health,Healthcare IT & Digital Health,,Arab Region,Palestine,Palestine,Live Search,,,2026-07-20,Live search,Talent.com,C,Aggregator,Aggregator,63,Medium,,https://www.talent.com/jobs?k=Healthcare+IT+Manager&l=Jordan,"Direct platform search for Healthcare IT Manager in Palestine. Sort by newest on the platform and verify employer, date, location eligibility and application route."
search-005478,Live Search,live_search,Healthcare IT Manager,Bayt,Bayt,Healthcare IT & Digital Health,Healthcare IT & Digital Health,,Arab Region,Jordan,Jordan,Live Search,,,2026-07-20,Live search,Bayt,B,Recognized job platform,Platform,63,Medium,,https://www.bayt.com/en/jordan/jobs/healthcare-it-manager-jobs/,"Direct platform search for Healthcare IT Manager in Jordan. Sort by newest on the platform and verify employer, date, location eligibility and application route."
search-005482,Live Search,live_search,Health Informatics Director,LinkedIn,LinkedIn,Healthcare IT & Digital Health,Healthcare IT & Digital Health,,Arab Region,Palestine,Palestine,Live Search,,,2026-07-20,Live search,LinkedIn,B,Recognized job platform,Platform,66,Medium,,https://www.linkedin.com/jobs/search/?keywords=Health+Informatics+Director&location=Jordan&sortBy=DD,"Direct platform search for Health Informatics Director in Palestine. Sort by newest on the platform and verify employer, date, location eligibility and application route."
search-005483,Live Search,live_search,Health Informatics Director,Indeed,Indeed,Healthcare IT & Digital Health,Healthcare IT & Digital Health,,Arab Region,Palestine,Palestine,Live Search,,,2026-07-20,Live search,Indeed,B,Recognized job platform,Platform,66,Medium,,https://www.indeed.com/jobs?q=Health+Informatics+Director&l=Jordan&sort=date,"Direct platform search for Health Informatics Director in Palestine. Sort by newest on the platform and verify employer, date, location eligibility and application route."
search-005486,Live Search,live_search,Health Informatics Director,Careerjet,Careerjet,Healthcare IT & Digital Health,Healthcare IT & Digital Health,,Arab Region,Palestine,Palestine,Live Search,,,2026-07-20,Live search,Careerjet,C,Aggregator,Aggregator,66,Medium,,https://www.careerjet.com/search/jobs?s=Health+Informatics+Director&l=Jordan,"Direct platform search for Health Informatics Director in Palestine. Sort by newest on the platform and verify employer, date, location eligibility and application route."
search-005487,Live Search,live_search,Health Informatics Director,Talent.com,Talent.com,Healthcare IT & Digital Health,Healthcare IT & Digital Health,,Arab Region,Palestine,Palestine,Live Search,,,2026-07-20,Live search,Talent.com,C,Aggregator,Aggregator,66,Medium,,https://www.talent.com/jobs?k=Health+Informatics+Director&l=Jordan,"Direct platform search for Health Informatics Director in Palestine. Sort by newest on the platform and verify employer, date, location eligibility and application route."
search-005489,Live Search,live_search,Health Informatics Director,Bayt,Bayt,Healthcare IT & Digital Health,Healthcare IT & Digital Health,,Arab Region,Jordan,Jordan,Live Search,,,2026-07-20,Live search,Bayt,B,Recognized job platform,Platform,66,Medium,,https://www.bayt.com/en/jordan/jobs/health-informatics-director-jobs/,"Direct platform search for Health Informatics Director in Jordan. Sort by newest on the platform and verify employer, date, location eligibility and application route."
search-005493,Live Search,live_search,Digital Health Director,LinkedIn,LinkedIn,Healthcare IT & Digital Health,Healthcare IT & Digital Health,,Arab Region,Palestine,Palestine,Live Search,,,2026-07-20,Live search,LinkedIn,B,Recognized job platform,Platform,66,Medium,,https://www.linkedin.com/jobs/search/?keywords=Digital+Health+Director&location=Jordan&sortBy=DD,"Direct platform search for Digital Health Director in Palestine. Sort by newest on the platform and verify employer, date, location eligibility and application route."
search-005494,Live Search,live_search,Digital Health Director,Indeed,Indeed,Healthcare IT & Digital Health,Healthcare IT & Digital Health,,Arab Region,Palestine,Palestine,Live Search,,,2026-07-20,Live search,Indeed,B,Recognized job platform,Platform,66,Medium,,https://www.indeed.com/jobs?q=Digital+Health+Director&l=Jordan&sort=date,"Direct platform search for Digital Health Director in Palestine. Sort by newest on the platform and verify employer, date, location eligibility and application route."
search-005497,Live Search,live_search,Digital Health Director,Careerjet,Careerjet,Healthcare IT & Digital Health,Healthcare IT & Digital Health,,Arab Region,Palestine,Palestine,Live Search,,,2026-07-20,Live search,Careerjet,C,Aggregator,Aggregator,66,Medium,,https://www.careerjet.com/search/jobs?s=Digital+Health+Director&l=Jordan,"Direct platform search for Digital Health Director in Palestine. Sort by newest on the platform and verify employer, date, location eligibility and application route."
search-005498,Live Search,live_search,Digital Health Director,Talent.com,Talent.com,Healthcare IT & Digital Health,Healthcare IT & Digital Health,,Arab Region,Palestine,Palestine,Live Search,,,2026-07-20,Live search,Talent.com,C,Aggregator,Aggregator,66,Medium,,https://www.talent.com/jobs?k=Digital+Health+Director&l=Jordan,"Direct platform search for Digital Health Director in Palestine. Sort by newest on the platform and verify employer, date, location eligibility and application route."
search-005500,Live Search,live_search,Digital Health Director,Bayt,Bayt,Healthcare IT & Digital Health,Healthcare IT & Digital Health,,Arab Region,Jordan,Jordan,Live Search,,,2026-07-20,Live search,Bayt,B,Recognized job platform,Platform,66,Medium,,https://www.bayt.com/en/jordan/jobs/digital-health-director-jobs/,"Direct platform search for Digital Health Director in Jordan. Sort by newest on the platform and verify employer, date, location eligibility and application route."
search-005504,Live Search,live_search,Data Governance Manager,LinkedIn,LinkedIn,Data & Governance,Data & Governance,,Arab Region,Palestine,Palestine,Live Search,,,2026-07-20,Live search,LinkedIn,B,Recognized job platform,Platform,61,Medium,,https://www.linkedin.com/jobs/search/?keywords=Data+Governance+Manager&location=Jordan&sortBy=DD,"Direct platform search for Data Governance Manager in Palestine. Sort by newest on the platform and verify employer, date, location eligibility and application route."
search-005505,Live Search,live_search,Data Governance Manager,Indeed,Indeed,Data & Governance,Data & Governance,,Arab Region,Palestine,Palestine,Live Search,,,2026-07-20,Live search,Indeed,B,Recognized job platform,Platform,61,Medium,,https://www.indeed.com/jobs?q=Data+Governance+Manager&l=Jordan&sort=date,"Direct platform search for Data Governance Manager in Palestine. Sort by newest on the platform and verify employer, date, location eligibility and application route."
search-005508,Live Search,live_search,Data Governance Manager,Careerjet,Careerjet,Data & Governance,Data & Governance,,Arab Region,Palestine,Palestine,Live Search,,,2026-07-20,Live search,Careerjet,C,Aggregator,Aggregator,61,Medium,,https://www.careerjet.com/search/jobs?s=Data+Governance+Manager&l=Jordan,"Direct platform search for Data Governance Manager in Palestine. Sort by newest on the platform and verify employer, date, location eligibility and application route."
search-005509,Live Search,live_search,Data Governance Manager,Talent.com,Talent.com,Data & Governance,Data & Governance,,Arab Region,Palestine,Palestine,Live Search,,,2026-07-20,Live search,Talent.com,C,Aggregator,Aggregator,61,Medium,,https://www.talent.com/jobs?k=Data+Governance+Manager&l=Jordan,"Direct platform search for Data Governance Manager in Palestine. Sort by newest on the platform and verify employer, date, location eligibility and application route."
search-005511,Live Search,live_search,Data Governance Manager,Bayt,Bayt,Data & Governance,Data & Governance,,Arab Region,Jordan,Jordan,Live Search,,,2026-07-20,Live search,Bayt,B,Recognized job platform,Platform,61,Medium,,https://www.bayt.com/en/jordan/jobs/data-governance-manager-jobs/,"Direct platform search for Data Governance Manager in Jordan. Sort by newest on the platform and verify employer, date, location eligibility and application route."
search-005515,Live Search,live_search,Data Platform Manager,LinkedIn,LinkedIn,Data & Governance,Data & Governance,,Arab Region,Palestine,Palestine,Live Search,,,2026-07-20,Live search,LinkedIn,B,Recognized job platform,Platform,57,Low,,https://www.linkedin.com/jobs/search/?keywords=Data+Platform+Manager&location=Jordan&sortBy=DD,"Direct platform search for Data Platform Manager in Palestine. Sort by newest on the platform and verify employer, date, location eligibility and application route."
search-005516,Live Search,live_search,Data Platform Manager,Indeed,Indeed,Data & Governance,Data & Governance,,Arab Region,Palestine,Palestine,Live Search,,,2026-07-20,Live search,Indeed,B,Recognized job platform,Platform,57,Low,,https://www.indeed.com/jobs?q=Data+Platform+Manager&l=Jordan&sort=date,"Direct platform search for Data Platform Manager in Palestine. Sort by newest on the platform and verify employer, date, location eligibility and application route."
search-005519,Live Search,live_search,Data Platform Manager,Careerjet,Careerjet,Data & Governance,Data & Governance,,Arab Region,Palestine,Palestine,Live Search,,,2026-07-20,Live search,Careerjet,C,Aggregator,Aggregator,57,Low,,https://www.careerjet.com/search/jobs?s=Data+Platform+Manager&l=Jordan,"Direct platform search for Data Platform Manager in Palestine. Sort by newest on the platform and verify employer, date, location eligibility and application route."
search-005520,Live Search,live_search,Data Platform Manager,Talent.com,Talent.com,Data & Governance,Data & Governance,,Arab Region,Palestine,Palestine,Live Search,,,2026-07-20,Live search,Talent.com,C,Aggregator,Aggregator,57,Low,,https://www.talent.com/jobs?k=Data+Platform+Manager&l=Jordan,"Direct platform search for Data Platform Manager in Palestine. Sort by newest on the platform and verify employer, date, location eligibility and application route."
search-005522,Live Search,live_search,Data Platform Manager,Bayt,Bayt,Data & Governance,Data & Governance,,Arab Region,Jordan,Jordan,Live Search,,,2026-07-20,Live search,Bayt,B,Recognized job platform,Platform,57,Low,,https://www.bayt.com/en/jordan/jobs/data-platform-manager-jobs/,"Direct platform search for Data Platform Manager in Jordan. Sort by newest on the platform and verify employer, date, location eligibility and application route."
search-005526,Live Search,live_search,Business Intelligence Director,LinkedIn,LinkedIn,Data & Governance,Data & Governance,,Arab Region,Palestine,Palestine,Live Search,,,2026-07-20,Live search,LinkedIn,B,Recognized job platform,Platform,61,Medium,,https://www.linkedin.com/jobs/search/?keywords=Business+Intelligence+Director&location=Jordan&sortBy=DD,"Direct platform search for Business Intelligence Director in Palestine. Sort by newest on the platform and verify employer, date, location eligibility and application route."
search-005527,Live Search,live_search,Business Intelligence Director,Indeed,Indeed,Data & Governance,Data & Governance,,Arab Region,Palestine,Palestine,Live Search,,,2026-07-20,Live search,Indeed,B,Recognized job platform,Platform,61,Medium,,https://www.indeed.com/jobs?q=Business+Intelligence+Director&l=Jordan&sort=date,"Direct platform search for Business Intelligence Director in Palestine. Sort by newest on the platform and verify employer, date, location eligibility and application route."
search-005530,Live Search,live_search,Business Intelligence Director,Careerjet,Careerjet,Data & Governance,Data & Governance,,Arab Region,Palestine,Palestine,Live Search,,,2026-07-20,Live search,Careerjet,C,Aggregator,Aggregator,61,Medium,,https://www.careerjet.com/search/jobs?s=Business+Intelligence+Director&l=Jordan,"Direct platform search for Business Intelligence Director in Palestine. Sort by newest on the platform and verify employer, date, location eligibility and application route."
search-005531,Live Search,live_search,Business Intelligence Director,Talent.com,Talent.com,Data & Governance,Data & Governance,,Arab Region,Palestine,Palestine,Live Search,,,2026-07-20,Live search,Talent.com,C,Aggregator,Aggregator,61,Medium,,https://www.talent.com/jobs?k=Business+Intelligence+Director&l=Jordan,"Direct platform search for Business Intelligence Director in Palestine. Sort by newest on the platform and verify employer, date, location eligibility and application route."
search-005533,Live Search,live_search,Business Intelligence Director,Bayt,Bayt,Data & Governance,Data & Governance,,Arab Region,Jordan,Jordan,Live Search,,,2026-07-20,Live search,Bayt,B,Recognized job platform,Platform,61,Medium,,https://www.bayt.com/en/jordan/jobs/business-intelligence-director-jobs/,"Direct platform search for Business Intelligence Director in Jordan. Sort by newest on the platform and verify employer, date, location eligibility and application route."
search-005537,Live Search,live_search,Analytics Director,LinkedIn,LinkedIn,Data & Governance,Data & Governance,,Arab Region,Palestine,Palestine,Live Search,,,2026-07-20,Live search,LinkedIn,B,Recognized job platform,Platform,63,Medium,,https://www.linkedin.com/jobs/search/?keywords=Analytics+Director&location=Jordan&sortBy=DD,"Direct platform search for Analytics Director in Palestine. Sort by newest on the platform and verify employer, date, location eligibility and application route."
search-005538,Live Search,live_search,Analytics Director,Indeed,Indeed,Data & Governance,Data & Governance,,Arab Region,Palestine,Palestine,Live Search,,,2026-07-20,Live search,Indeed,B,Recognized job platform,Platform,63,Medium,,https://www.indeed.com/jobs?q=Analytics+Director&l=Jordan&sort=date,"Direct platform search for Analytics Director in Palestine. Sort by newest on the platform and verify employer, date, location eligibility and application route."
search-005541,Live Search,live_search,Analytics Director,Careerjet,Careerjet,Data & Governance,Data & Governance,,Arab Region,Palestine,Palestine,Live Search,,,2026-07-20,Live search,Careerjet,C,Aggregator,Aggregator,63,Medium,,https://www.careerjet.com/search/jobs?s=Analytics+Director&l=Jordan,"Direct platform search for Analytics Director in Palestine. Sort by newest on the platform and verify employer, date, location eligibility and application route."
search-005542,Live Search,live_search,Analytics Director,Talent.com,Talent.com,Data & Governance,Data & Governance,,Arab Region,Palestine,Palestine,Live Search,,,2026-07-20,Live search,Talent.com,C,Aggregator,Aggregator,63,Medium,,https://www.talent.com/jobs?k=Analytics+Director&l=Jordan,"Direct platform search for Analytics Director in Palestine. Sort by newest on the platform and verify employer, date, location eligibility and application route."
search-005544,Live Search,live_search,Analytics Director,Bayt,Bayt,Data & Governance,Data & Governance,,Arab Region,Jordan,Jordan,Live Search,,,2026-07-20,Live search,Bayt,B,Recognized job platform,Platform,63,Medium,,https://www.bayt.com/en/jordan/jobs/analytics-director-jobs/,"Direct platform search for Analytics Director in Jordan. Sort by newest on the platform and verify employer, date, location eligibility and application route."
search-005548,Live Search,live_search,AI Strategy Manager,LinkedIn,LinkedIn,IT Strategy & Governance,IT Strategy & Governance,,Arab Region,Palestine,Palestine,Live Search,,,2026-07-20,Live search,LinkedIn,B,Recognized job platform,Platform,59,Low,,https://www.linkedin.com/jobs/search/?keywords=AI+Strategy+Manager&location=Jordan&sortBy=DD,"Direct platform search for AI Strategy Manager in Palestine. Sort by newest on the platform and verify employer, date, location eligibility and application route."
search-005549,Live Search,live_search,AI Strategy Manager,Indeed,Indeed,IT Strategy & Governance,IT Strategy & Governance,,Arab Region,Palestine,Palestine,Live Search,,,2026-07-20,Live search,Indeed,B,Recognized job platform,Platform,59,Low,,https://www.indeed.com/jobs?q=AI+Strategy+Manager&l=Jordan&sort=date,"Direct platform search for AI Strategy Manager in Palestine. Sort by newest on the platform and verify employer, date, location eligibility and application route."
search-005552,Live Search,live_search,AI Strategy Manager,Careerjet,Careerjet,IT Strategy & Governance,IT Strategy & Governance,,Arab Region,Palestine,Palestine,Live Search,,,2026-07-20,Live search,Careerjet,C,Aggregator,Aggregator,59,Low,,https://www.careerjet.com/search/jobs?s=AI+Strategy+Manager&l=Jordan,"Direct platform search for AI Strategy Manager in Palestine. Sort by newest on the platform and verify employer, date, location eligibility and application route."
search-005553,Live Search,live_search,AI Strategy Manager,Talent.com,Talent.com,IT Strategy & Governance,IT Strategy & Governance,,Arab Region,Palestine,Palestine,Live Search,,,2026-07-20,Live search,Talent.com,C,Aggregator,Aggregator,59,Low,,https://www.talent.com/jobs?k=AI+Strategy+Manager&l=Jordan,"Direct platform search for AI Strategy Manager in Palestine. Sort by newest on the platform and verify employer, date, location eligibility and application route."
search-005555,Live Search,live_search,AI Strategy Manager,Bayt,Bayt,IT Strategy & Governance,IT Strategy & Governance,,Arab Region,Jordan,Jordan,Live Search,,,2026-07-20,Live search,Bayt,B,Recognized job platform,Platform,59,Low,,https://www.bayt.com/en/jordan/jobs/ai-strategy-manager-jobs/,"Direct platform search for AI Strategy Manager in Jordan. Sort by newest on the platform and verify employer, date, location eligibility and application route."
search-005559,Live Search,live_search,AI Solutions Architect,LinkedIn,LinkedIn,Solution Architecture,Solution Architecture,,Arab Region,Palestine,Palestine,Live Search,,,2026-07-20,Live search,LinkedIn,B,Recognized job platform,Platform,59,Low,,https://www.linkedin.com/jobs/search/?keywords=AI+Solutions+Architect&location=Jordan&sortBy=DD,"Direct platform search for AI Solutions Architect in Palestine. Sort by newest on the platform and verify employer, date, location eligibility and application route."
search-005560,Live Search,live_search,AI Solutions Architect,Indeed,Indeed,Solution Architecture,Solution Architecture,,Arab Region,Palestine,Palestine,Live Search,,,2026-07-20,Live search,Indeed,B,Recognized job platform,Platform,59,Low,,https://www.indeed.com/jobs?q=AI+Solutions+Architect&l=Jordan&sort=date,"Direct platform search for AI Solutions Architect in Palestine. Sort by newest on the platform and verify employer, date, location eligibility and application route."
search-005563,Live Search,live_search,AI Solutions Architect,Careerjet,Careerjet,Solution Architecture,Solution Architecture,,Arab Region,Palestine,Palestine,Live Search,,,2026-07-20,Live search,Careerjet,C,Aggregator,Aggregator,59,Low,,https://www.careerjet.com/search/jobs?s=AI+Solutions+Architect&l=Jordan,"Direct platform search for AI Solutions Architect in Palestine. Sort by newest on the platform and verify employer, date, location eligibility and application route."
search-005564,Live Search,live_search,AI Solutions Architect,Talent.com,Talent.com,Solution Architecture,Solution Architecture,,Arab Region,Palestine,Palestine,Live Search,,,2026-07-20,Live search,Talent.com,C,Aggregator,Aggregator,59,Low,,https://www.talent.com/jobs?k=AI+Solutions+Architect&l=Jordan,"Direct platform search for AI Solutions Architect in Palestine. Sort by newest on the platform and verify employer, date, location eligibility and application route."
search-005566,Live Search,live_search,AI Solutions Architect,Bayt,Bayt,Solution Architecture,Solution Architecture,,Arab Region,Jordan,Jordan,Live Search,,,2026-07-20,Live search,Bayt,B,Recognized job platform,Platform,59,Low,,https://www.bayt.com/en/jordan/jobs/ai-solutions-architect-jobs/,"Direct platform search for AI Solutions Architect in Jordan. Sort by newest on the platform and verify employer, date, location eligibility and application route."
search-005570,Live Search,live_search,Technical Program Manager,LinkedIn,LinkedIn,Programme & Delivery,Programme & Delivery,,Arab Region,Palestine,Palestine,Live Search,,,2026-07-20,Live search,LinkedIn,B,Recognized job platform,Platform,61,Medium,,https://www.linkedin.com/jobs/search/?keywords=Technical+Program+Manager&location=Jordan&sortBy=DD,"Direct platform search for Technical Program Manager in Palestine. Sort by newest on the platform and verify employer, date, location eligibility and application route."
search-005571,Live Search,live_search,Technical Program Manager,Indeed,Indeed,Programme & Delivery,Programme & Delivery,,Arab Region,Palestine,Palestine,Live Search,,,2026-07-20,Live search,Indeed,B,Recognized job platform,Platform,61,Medium,,https://www.indeed.com/jobs?q=Technical+Program+Manager&l=Jordan&sort=date,"Direct platform search for Technical Program Manager in Palestine. Sort by newest on the platform and verify employer, date, location eligibility and application route."
search-005574,Live Search,live_search,Technical Program Manager,Careerjet,Careerjet,Programme & Delivery,Programme & Delivery,,Arab Region,Palestine,Palestine,Live Search,,,2026-07-20,Live search,Careerjet,C,Aggregator,Aggregator,61,Medium,,https://www.careerjet.com/search/jobs?s=Technical+Program+Manager&l=Jordan,"Direct platform search for Technical Program Manager in Palestine. Sort by newest on the platform and verify employer, date, location eligibility and application route."
search-005575,Live Search,live_search,Technical Program Manager,Talent.com,Talent.com,Programme & Delivery,Programme & Delivery,,Arab Region,Palestine,Palestine,Live Search,,,2026-07-20,Live search,Talent.com,C,Aggregator,Aggregator,61,Medium,,https://www.talent.com/jobs?k=Technical+Program+Manager&l=Jordan,"Direct platform search for Technical Program Manager in Palestine. Sort by newest on the platform and verify employer, date, location eligibility and application route."
search-005577,Live Search,live_search,Technical Program Manager,Bayt,Bayt,Programme & Delivery,Programme & Delivery,,Arab Region,Jordan,Jordan,Live Search,,,2026-07-20,Live search,Bayt,B,Recognized job platform,Platform,61,Medium,,https://www.bayt.com/en/jordan/jobs/technical-program-manager-jobs/,"Direct platform search for Technical Program Manager in Jordan. Sort by newest on the platform and verify employer, date, location eligibility and application route."
search-005581,Live Search,live_search,IT Program Manager,LinkedIn,LinkedIn,Programme & Delivery,Programme & Delivery,,Arab Region,Palestine,Palestine,Live Search,,,2026-07-20,Live search,LinkedIn,B,Recognized job platform,Platform,57,Low,,https://www.linkedin.com/jobs/search/?keywords=IT+Program+Manager&location=Jordan&sortBy=DD,"Direct platform search for IT Program Manager in Palestine. Sort by newest on the platform and verify employer, date, location eligibility and application route."
search-005582,Live Search,live_search,IT Program Manager,Indeed,Indeed,Programme & Delivery,Programme & Delivery,,Arab Region,Palestine,Palestine,Live Search,,,2026-07-20,Live search,Indeed,B,Recognized job platform,Platform,57,Low,,https://www.indeed.com/jobs?q=IT+Program+Manager&l=Jordan&sort=date,"Direct platform search for IT Program Manager in Palestine. Sort by newest on the platform and verify employer, date, location eligibility and application route."
search-005585,Live Search,live_search,IT Program Manager,Careerjet,Careerjet,Programme & Delivery,Programme & Delivery,,Arab Region,Palestine,Palestine,Live Search,,,2026-07-20,Live search,Careerjet,C,Aggregator,Aggregator,57,Low,,https://www.careerjet.com/search/jobs?s=IT+Program+Manager&l=Jordan,"Direct platform search for IT Program Manager in Palestine. Sort by newest on the platform and verify employer, date, location eligibility and application route."
search-005586,Live Search,live_search,IT Program Manager,Talent.com,Talent.com,Programme & Delivery,Programme & Delivery,,Arab Region,Palestine,Palestine,Live Search,,,2026-07-20,Live search,Talent.com,C,Aggregator,Aggregator,57,Low,,https://www.talent.com/jobs?k=IT+Program+Manager&l=Jordan,"Direct platform search for IT Program Manager in Palestine. Sort by newest on the platform and verify employer, date, location eligibility and application route."
search-005588,Live Search,live_search,IT Program Manager,Bayt,Bayt,Programme & Delivery,Programme & Delivery,,Arab Region,Jordan,Jordan,Live Search,,,2026-07-20,Live search,Bayt,B,Recognized job platform,Platform,57,Low,,https://www.bayt.com/en/jordan/jobs/it-program-manager-jobs/,"Direct platform search for IT Program Manager in Jordan. Sort by newest on the platform and verify employer, date, location eligibility and application route."
search-005592,Live Search,live_search,PMO Director,LinkedIn,LinkedIn,Technology Leadership,Technology Leadership,,Arab Region,Palestine,Palestine,Live Search,,,2026-07-20,Live search,LinkedIn,B,Recognized job platform,Platform,57,Low,,https://www.linkedin.com/jobs/search/?keywords=PMO+Director&location=Jordan&sortBy=DD,"Direct platform search for PMO Director in Palestine. Sort by newest on the platform and verify employer, date, location eligibility and application route."
search-005593,Live Search,live_search,PMO Director,Indeed,Indeed,Technology Leadership,Technology Leadership,,Arab Region,Palestine,Palestine,Live Search,,,2026-07-20,Live search,Indeed,B,Recognized job platform,Platform,57,Low,,https://www.indeed.com/jobs?q=PMO+Director&l=Jordan&sort=date,"Direct platform search for PMO Director in Palestine. Sort by newest on the platform and verify employer, date, location eligibility and application route."
search-005596,Live Search,live_search,PMO Director,Careerjet,Careerjet,Technology Leadership,Technology Leadership,,Arab Region,Palestine,Palestine,Live Search,,,2026-07-20,Live search,Careerjet,C,Aggregator,Aggregator,57,Low,,https://www.careerjet.com/search/jobs?s=PMO+Director&l=Jordan,"Direct platform search for PMO Director in Palestine. Sort by newest on the platform and verify employer, date, location eligibility and application route."
search-005597,Live Search,live_search,PMO Director,Talent.com,Talent.com,Technology Leadership,Technology Leadership,,Arab Region,Palestine,Palestine,Live Search,,,2026-07-20,Live search,Talent.com,C,Aggregator,Aggregator,57,Low,,https://www.talent.com/jobs?k=PMO+Director&l=Jordan,"Direct platform search for PMO Director in Palestine. Sort by newest on the platform and verify employer, date, location eligibility and application route."
search-005599,Live Search,live_search,PMO Director,Bayt,Bayt,Technology Leadership,Technology Leadership,,Arab Region,Jordan,Jordan,Live Search,,,2026-07-20,Live search,Bayt,B,Recognized job platform,Platform,57,Low,,https://www.bayt.com/en/jordan/jobs/pmo-director-jobs/,"Direct platform search for PMO Director in Jordan. Sort by newest on the platform and verify employer, date, location eligibility and application route."
search-005603,Live Search,live_search,Technology Delivery Manager,LinkedIn,LinkedIn,Programme & Delivery,Programme & Delivery,,Arab Region,Palestine,Palestine,Live Search,,,2026-07-20,Live search,LinkedIn,B,Recognized job platform,Platform,57,Low,,https://www.linkedin.com/jobs/search/?keywords=Technology+Delivery+Manager&location=Jordan&sortBy=DD,"Direct platform search for Technology Delivery Manager in Palestine. Sort by newest on the platform and verify employer, date, location eligibility and application route."
search-005604,Live Search,live_search,Technology Delivery Manager,Indeed,Indeed,Programme & Delivery,Programme & Delivery,,Arab Region,Palestine,Palestine,Live Search,,,2026-07-20,Live search,Indeed,B,Recognized job platform,Platform,57,Low,,https://www.indeed.com/jobs?q=Technology+Delivery+Manager&l=Jordan&sort=date,"Direct platform search for Technology Delivery Manager in Palestine. Sort by newest on the platform and verify employer, date, location eligibility and application route."
search-005607,Live Search,live_search,Technology Delivery Manager,Careerjet,Careerjet,Programme & Delivery,Programme & Delivery,,Arab Region,Palestine,Palestine,Live Search,,,2026-07-20,Live search,Careerjet,C,Aggregator,Aggregator,57,Low,,https://www.careerjet.com/search/jobs?s=Technology+Delivery+Manager&l=Jordan,"Direct platform search for Technology Delivery Manager in Palestine. Sort by newest on the platform and verify employer, date, location eligibility and application route."
search-005608,Live Search,live_search,Technology Delivery Manager,Talent.com,Talent.com,Programme & Delivery,Programme & Delivery,,Arab Region,Palestine,Palestine,Live Search,,,2026-07-20,Live search,Talent.com,C,Aggregator,Aggregator,57,Low,,https://www.talent.com/jobs?k=Technology+Delivery+Manager&l=Jordan,"Direct platform search for Technology Delivery Manager in Palestine. Sort by newest on the platform and verify employer, date, location eligibility and application route."
search-005610,Live Search,live_search,Technology Delivery Manager,Bayt,Bayt,Programme & Delivery,Programme & Delivery,,Arab Region,Jordan,Jordan,Live Search,,,2026-07-20,Live search,Bayt,B,Recognized job platform,Platform,57,Low,,https://www.bayt.com/en/jordan/jobs/technology-delivery-manager-jobs/,"Direct platform search for Technology Delivery Manager in Jordan. Sort by newest on the platform and verify employer, date, location eligibility and application route."
search-005614,Live Search,live_search,Systems Manager,LinkedIn,LinkedIn,IT Operations,IT Operations,,Arab Region,Palestine,Palestine,Live Search,,,2026-07-20,Live search,LinkedIn,B,Recognized job platform,Platform,57,Low,,https://www.linkedin.com/jobs/search/?keywords=Systems+Manager&location=Jordan&sortBy=DD,"Direct platform search for Systems Manager in Palestine. Sort by newest on the platform and verify employer, date, location eligibility and application route."
search-005615,Live Search,live_search,Systems Manager,Indeed,Indeed,IT Operations,IT Operations,,Arab Region,Palestine,Palestine,Live Search,,,2026-07-20,Live search,Indeed,B,Recognized job platform,Platform,57,Low,,https://www.indeed.com/jobs?q=Systems+Manager&l=Jordan&sort=date,"Direct platform search for Systems Manager in Palestine. Sort by newest on the platform and verify employer, date, location eligibility and application route."
search-005618,Live Search,live_search,Systems Manager,Careerjet,Careerjet,IT Operations,IT Operations,,Arab Region,Palestine,Palestine,Live Search,,,2026-07-20,Live search,Careerjet,C,Aggregator,Aggregator,57,Low,,https://www.careerjet.com/search/jobs?s=Systems+Manager&l=Jordan,"Direct platform search for Systems Manager in Palestine. Sort by newest on the platform and verify employer, date, location eligibility and application route."
search-005619,Live Search,live_search,Systems Manager,Talent.com,Talent.com,IT Operations,IT Operations,,Arab Region,Palestine,Palestine,Live Search,,,2026-07-20,Live search,Talent.com,C,Aggregator,Aggregator,57,Low,,https://www.talent.com/jobs?k=Systems+Manager&l=Jordan,"Direct platform search for Systems Manager in Palestine. Sort by newest on the platform and verify employer, date, location eligibility and application route."
search-005621,Live Search,live_search,Systems Manager,Bayt,Bayt,IT Operations,IT Operations,,Arab Region,Jordan,Jordan,Live Search,,,2026-07-20,Live search,Bayt,B,Recognized job platform,Platform,57,Low,,https://www.bayt.com/en/jordan/jobs/systems-manager-jobs/,"Direct platform search for Systems Manager in Jordan. Sort by newest on the platform and verify employer, date, location eligibility and application route."
search-005625,Live Search,live_search,Infrastructure Manager,LinkedIn,LinkedIn,Technology & Digital,Technology & Digital,,Arab Region,Palestine,Palestine,Live Search,,,2026-07-20,Live search,LinkedIn,B,Recognized job platform,Platform,54,Low,,https://www.linkedin.com/jobs/search/?keywords=Infrastructure+Manager&location=Jordan&sortBy=DD,"Direct platform search for Infrastructure Manager in Palestine. Sort by newest on the platform and verify employer, date, location eligibility and application route."
search-005626,Live Search,live_search,Infrastructure Manager,Indeed,Indeed,Technology & Digital,Technology & Digital,,Arab Region,Palestine,Palestine,Live Search,,,2026-07-20,Live search,Indeed,B,Recognized job platform,Platform,54,Low,,https://www.indeed.com/jobs?q=Infrastructure+Manager&l=Jordan&sort=date,"Direct platform search for Infrastructure Manager in Palestine. Sort by newest on the platform and verify employer, date, location eligibility and application route."
search-005629,Live Search,live_search,Infrastructure Manager,Careerjet,Careerjet,Technology & Digital,Technology & Digital,,Arab Region,Palestine,Palestine,Live Search,,,2026-07-20,Live search,Careerjet,C,Aggregator,Aggregator,54,Low,,https://www.careerjet.com/search/jobs?s=Infrastructure+Manager&l=Jordan,"Direct platform search for Infrastructure Manager in Palestine. Sort by newest on the platform and verify employer, date, location eligibility and application route."
search-005630,Live Search,live_search,Infrastructure Manager,Talent.com,Talent.com,Technology & Digital,Technology & Digital,,Arab Region,Palestine,Palestine,Live Search,,,2026-07-20,Live search,Talent.com,C,Aggregator,Aggregator,54,Low,,https://www.talent.com/jobs?k=Infrastructure+Manager&l=Jordan,"Direct platform search for Infrastructure Manager in Palestine. Sort by newest on the platform and verify employer, date, location eligibility and application route."
search-005632,Live Search,live_search,Infrastructure Manager,Bayt,Bayt,Technology & Digital,Technology & Digital,,Arab Region,Jordan,Jordan,Live Search,,,2026-07-20,Live search,Bayt,B,Recognized job platform,Platform,54,Low,,https://www.bayt.com/en/jordan/jobs/infrastructure-manager-jobs/,"Direct platform search for Infrastructure Manager in Jordan. Sort by newest on the platform and verify employer, date, location eligibility and application route."
search-005636,Live Search,live_search,IT Operations Manager,LinkedIn,LinkedIn,IT Operations,IT Operations,,Arab Region,Palestine,Palestine,Live Search,,,2026-07-20,Live search,LinkedIn,B,Recognized job platform,Platform,54,Low,,https://www.linkedin.com/jobs/search/?keywords=IT+Operations+Manager&location=Jordan&sortBy=DD,"Direct platform search for IT Operations Manager in Palestine. Sort by newest on the platform and verify employer, date, location eligibility and application route."
search-005637,Live Search,live_search,IT Operations Manager,Indeed,Indeed,IT Operations,IT Operations,,Arab Region,Palestine,Palestine,Live Search,,,2026-07-20,Live search,Indeed,B,Recognized job platform,Platform,54,Low,,https://www.indeed.com/jobs?q=IT+Operations+Manager&l=Jordan&sort=date,"Direct platform search for IT Operations Manager in Palestine. Sort by newest on the platform and verify employer, date, location eligibility and application route."
search-005640,Live Search,live_search,IT Operations Manager,Careerjet,Careerjet,IT Operations,IT Operations,,Arab Region,Palestine,Palestine,Live Search,,,2026-07-20,Live search,Careerjet,C,Aggregator,Aggregator,54,Low,,https://www.careerjet.com/search/jobs?s=IT+Operations+Manager&l=Jordan,"Direct platform search for IT Operations Manager in Palestine. Sort by newest on the platform and verify employer, date, location eligibility and application route."
search-005641,Live Search,live_search,IT Operations Manager,Talent.com,Talent.com,IT Operations,IT Operations,,Arab Region,Palestine,Palestine,Live Search,,,2026-07-20,Live search,Talent.com,C,Aggregator,Aggregator,54,Low,,https://www.talent.com/jobs?k=IT+Operations+Manager&l=Jordan,"Direct platform search for IT Operations Manager in Palestine. Sort by newest on the platform and verify employer, date, location eligibility and application route."
search-005643,Live Search,live_search,IT Operations Manager,Bayt,Bayt,IT Operations,IT Operations,,Arab Region,Jordan,Jordan,Live Search,,,2026-07-20,Live search,Bayt,B,Recognized job platform,Platform,54,Low,,https://www.bayt.com/en/jordan/jobs/it-operations-manager-jobs/,"Direct platform search for IT Operations Manager in Jordan. Sort by newest on the platform and verify employer, date, location eligibility and application route."
search-005647,Live Search,live_search,Service Delivery Manager,LinkedIn,LinkedIn,Programme & Delivery,Programme & Delivery,,Arab Region,Palestine,Palestine,Live Search,,,2026-07-20,Live search,LinkedIn,B,Recognized job platform,Platform,57,Low,,https://www.linkedin.com/jobs/search/?keywords=Service+Delivery+Manager&location=Jordan&sortBy=DD,"Direct platform search for Service Delivery Manager in Palestine. Sort by newest on the platform and verify employer, date, location eligibility and application route."
search-005648,Live Search,live_search,Service Delivery Manager,Indeed,Indeed,Programme & Delivery,Programme & Delivery,,Arab Region,Palestine,Palestine,Live Search,,,2026-07-20,Live search,Indeed,B,Recognized job platform,Platform,57,Low,,https://www.indeed.com/jobs?q=Service+Delivery+Manager&l=Jordan&sort=date,"Direct platform search for Service Delivery Manager in Palestine. Sort by newest on the platform and verify employer, date, location eligibility and application route."
search-005651,Live Search,live_search,Service Delivery Manager,Careerjet,Careerjet,Programme & Delivery,Programme & Delivery,,Arab Region,Palestine,Palestine,Live Search,,,2026-07-20,Live search,Careerjet,C,Aggregator,Aggregator,57,Low,,https://www.careerjet.com/search/jobs?s=Service+Delivery+Manager&l=Jordan,"Direct platform search for Service Delivery Manager in Palestine. Sort by newest on the platform and verify employer, date, location eligibility and application route."
search-005652,Live Search,live_search,Service Delivery Manager,Talent.com,Talent.com,Programme & Delivery,Programme & Delivery,,Arab Region,Palestine,Palestine,Live Search,,,2026-07-20,Live search,Talent.com,C,Aggregator,Aggregator,57,Low,,https://www.talent.com/jobs?k=Service+Delivery+Manager&l=Jordan,"Direct platform search for Service Delivery Manager in Palestine. Sort by newest on the platform and verify employer, date, location eligibility and application route."
search-005654,Live Search,live_search,Service Delivery Manager,Bayt,Bayt,Programme & Delivery,Programme & Delivery,,Arab Region,Jordan,Jordan,Live Search,,,2026-07-20,Live search,Bayt,B,Recognized job platform,Platform,57,Low,,https://www.bayt.com/en/jordan/jobs/service-delivery-manager-jobs/,"Direct platform search for Service Delivery Manager in Jordan. Sort by newest on the platform and verify employer, date, location eligibility and application route."
search-005658,Live Search,live_search,Solutions Engineering Manager,LinkedIn,LinkedIn,Solution Architecture,Solution Architecture,,Arab Region,Palestine,Palestine,Live Search,,,2026-07-20,Live search,LinkedIn,B,Recognized job platform,Platform,59,Low,,https://www.linkedin.com/jobs/search/?keywords=Solutions+Engineering+Manager&location=Jordan&sortBy=DD,"Direct platform search for Solutions Engineering Manager in Palestine. Sort by newest on the platform and verify employer, date, location eligibility and application route."
search-005659,Live Search,live_search,Solutions Engineering Manager,Indeed,Indeed,Solution Architecture,Solution Architecture,,Arab Region,Palestine,Palestine,Live Search,,,2026-07-20,Live search,Indeed,B,Recognized job platform,Platform,59,Low,,https://www.indeed.com/jobs?q=Solutions+Engineering+Manager&l=Jordan&sort=date,"Direct platform search for Solutions Engineering Manager in Palestine. Sort by newest on the platform and verify employer, date, location eligibility and application route."
search-005662,Live Search,live_search,Solutions Engineering Manager,Careerjet,Careerjet,Solution Architecture,Solution Architecture,,Arab Region,Palestine,Palestine,Live Search,,,2026-07-20,Live search,Careerjet,C,Aggregator,Aggregator,59,Low,,https://www.careerjet.com/search/jobs?s=Solutions+Engineering+Manager&l=Jordan,"Direct platform search for Solutions Engineering Manager in Palestine. Sort by newest on the platform and verify employer, date, location eligibility and application route."
search-005663,Live Search,live_search,Solutions Engineering Manager,Talent.com,Talent.com,Solution Architecture,Solution Architecture,,Arab Region,Palestine,Palestine,Live Search,,,2026-07-20,Live search,Talent.com,C,Aggregator,Aggregator,59,Low,,https://www.talent.com/jobs?k=Solutions+Engineering+Manager&l=Jordan,"Direct platform search for Solutions Engineering Manager in Palestine. Sort by newest on the platform and verify employer, date, location eligibility and application route."
search-005665,Live Search,live_search,Solutions Engineering Manager,Bayt,Bayt,Solution Architecture,Solution Architecture,,Arab Region,Jordan,Jordan,Live Search,,,2026-07-20,Live search,Bayt,B,Recognized job platform,Platform,59,Low,,https://www.bayt.com/en/jordan/jobs/solutions-engineering-manager-jobs/,"Direct platform search for Solutions Engineering Manager in Jordan. Sort by newest on the platform and verify employer, date, location eligibility and application route."
search-005669,Live Search,live_search,Presales Solution Architect,LinkedIn,LinkedIn,Solution Architecture,Solution Architecture,,Arab Region,Palestine,Palestine,Live Search,,,2026-07-20,Live search,LinkedIn,B,Recognized job platform,Platform,59,Low,,https://www.linkedin.com/jobs/search/?keywords=Presales+Solution+Architect&location=Jordan&sortBy=DD,"Direct platform search for Presales Solution Architect in Palestine. Sort by newest on the platform and verify employer, date, location eligibility and application route."
search-005670,Live Search,live_search,Presales Solution Architect,Indeed,Indeed,Solution Architecture,Solution Architecture,,Arab Region,Palestine,Palestine,Live Search,,,2026-07-20,Live search,Indeed,B,Recognized job platform,Platform,59,Low,,https://www.indeed.com/jobs?q=Presales+Solution+Architect&l=Jordan&sort=date,"Direct platform search for Presales Solution Architect in Palestine. Sort by newest on the platform and verify employer, date, location eligibility and application route."
search-005673,Live Search,live_search,Presales Solution Architect,Careerjet,Careerjet,Solution Architecture,Solution Architecture,,Arab Region,Palestine,Palestine,Live Search,,,2026-07-20,Live search,Careerjet,C,Aggregator,Aggregator,59,Low,,https://www.careerjet.com/search/jobs?s=Presales+Solution+Architect&l=Jordan,"Direct platform search for Presales Solution Architect in Palestine. Sort by newest on the platform and verify employer, date, location eligibility and application route."
search-005674,Live Search,live_search,Presales Solution Architect,Talent.com,Talent.com,Solution Architecture,Solution Architecture,,Arab Region,Palestine,Palestine,Live Search,,,2026-07-20,Live search,Talent.com,C,Aggregator,Aggregator,59,Low,,https://www.talent.com/jobs?k=Presales+Solution+Architect&l=Jordan,"Direct platform search for Presales Solution Architect in Palestine. Sort by newest on the platform and verify employer, date, location eligibility and application route."
search-005676,Live Search,live_search,Presales Solution Architect,Bayt,Bayt,Solution Architecture,Solution Architecture,,Arab Region,Jordan,Jordan,Live Search,,,2026-07-20,Live search,Bayt,B,Recognized job platform,Platform,59,Low,,https://www.bayt.com/en/jordan/jobs/presales-solution-architect-jobs/,"Direct platform search for Presales Solution Architect in Jordan. Sort by newest on the platform and verify employer, date, location eligibility and application route."
search-005680,Live Search,live_search,Business Transformation Manager,LinkedIn,LinkedIn,Digital Transformation,Digital Transformation,,Arab Region,Palestine,Palestine,Live Search,,,2026-07-20,Live search,LinkedIn,B,Recognized job platform,Platform,57,Low,,https://www.linkedin.com/jobs/search/?keywords=Business+Transformation+Manager&location=Jordan&sortBy=DD,"Direct platform search for Business Transformation Manager in Palestine. Sort by newest on the platform and verify employer, date, location eligibility and application route."
search-005681,Live Search,live_search,Business Transformation Manager,Indeed,Indeed,Digital Transformation,Digital Transformation,,Arab Region,Palestine,Palestine,Live Search,,,2026-07-20,Live search,Indeed,B,Recognized job platform,Platform,57,Low,,https://www.indeed.com/jobs?q=Business+Transformation+Manager&l=Jordan&sort=date,"Direct platform search for Business Transformation Manager in Palestine. Sort by newest on the platform and verify employer, date, location eligibility and application route."
search-005684,Live Search,live_search,Business Transformation Manager,Careerjet,Careerjet,Digital Transformation,Digital Transformation,,Arab Region,Palestine,Palestine,Live Search,,,2026-07-20,Live search,Careerjet,C,Aggregator,Aggregator,57,Low,,https://www.careerjet.com/search/jobs?s=Business+Transformation+Manager&l=Jordan,"Direct platform search for Business Transformation Manager in Palestine. Sort by newest on the platform and verify employer, date, location eligibility and application route."
search-005685,Live Search,live_search,Business Transformation Manager,Talent.com,Talent.com,Digital Transformation,Digital Transformation,,Arab Region,Palestine,Palestine,Live Search,,,2026-07-20,Live search,Talent.com,C,Aggregator,Aggregator,57,Low,,https://www.talent.com/jobs?k=Business+Transformation+Manager&l=Jordan,"Direct platform search for Business Transformation Manager in Palestine. Sort by newest on the platform and verify employer, date, location eligibility and application route."
search-005687,Live Search,live_search,Business Transformation Manager,Bayt,Bayt,Digital Transformation,Digital Transformation,,Arab Region,Jordan,Jordan,Live Search,,,2026-07-20,Live search,Bayt,B,Recognized job platform,Platform,57,Low,,https://www.bayt.com/en/jordan/jobs/business-transformation-manager-jobs/,"Direct platform search for Business Transformation Manager in Jordan. Sort by newest on the platform and verify employer, date, location eligibility and application route."
search-005691,Live Search,live_search,Business Architect,LinkedIn,LinkedIn,Enterprise Architecture,Enterprise Architecture,,Arab Region,Palestine,Palestine,Live Search,,,2026-07-20,Live search,LinkedIn,B,Recognized job platform,Platform,63,Medium,,https://www.linkedin.com/jobs/search/?keywords=Business+Architect&location=Jordan&sortBy=DD,"Direct platform search for Business Architect in Palestine. Sort by newest on the platform and verify employer, date, location eligibility and application route."
search-005692,Live Search,live_search,Business Architect,Indeed,Indeed,Enterprise Architecture,Enterprise Architecture,,Arab Region,Palestine,Palestine,Live Search,,,2026-07-20,Live search,Indeed,B,Recognized job platform,Platform,63,Medium,,https://www.indeed.com/jobs?q=Business+Architect&l=Jordan&sort=date,"Direct platform search for Business Architect in Palestine. Sort by newest on the platform and verify employer, date, location eligibility and application route."
search-005695,Live Search,live_search,Business Architect,Careerjet,Careerjet,Enterprise Architecture,Enterprise Architecture,,Arab Region,Palestine,Palestine,Live Search,,,2026-07-20,Live search,Careerjet,C,Aggregator,Aggregator,63,Medium,,https://www.careerjet.com/search/jobs?s=Business+Architect&l=Jordan,"Direct platform search for Business Architect in Palestine. Sort by newest on the platform and verify employer, date, location eligibility and application route."
search-005696,Live Search,live_search,Business Architect,Talent.com,Talent.com,Enterprise Architecture,Enterprise Architecture,,Arab Region,Palestine,Palestine,Live Search,,,2026-07-20,Live search,Talent.com,C,Aggregator,Aggregator,63,Medium,,https://www.talent.com/jobs?k=Business+Architect&l=Jordan,"Direct platform search for Business Architect in Palestine. Sort by newest on the platform and verify employer, date, location eligibility and application route."
search-005698,Live Search,live_search,Business Architect,Bayt,Bayt,Enterprise Architecture,Enterprise Architecture,,Arab Region,Jordan,Jordan,Live Search,,,2026-07-20,Live search,Bayt,B,Recognized job platform,Platform,63,Medium,,https://www.bayt.com/en/jordan/jobs/business-architect-jobs/,"Direct platform search for Business Architect in Jordan. Sort by newest on the platform and verify employer, date, location eligibility and application route."
search-005702,Live Search,live_search,IT Portfolio Manager,LinkedIn,LinkedIn,IT Strategy & Governance,IT Strategy & Governance,,Arab Region,Palestine,Palestine,Live Search,,,2026-07-20,Live search,LinkedIn,B,Recognized job platform,Platform,59,Low,,https://www.linkedin.com/jobs/search/?keywords=IT+Portfolio+Manager&location=Jordan&sortBy=DD,"Direct platform search for IT Portfolio Manager in Palestine. Sort by newest on the platform and verify employer, date, location eligibility and application route."
search-005703,Live Search,live_search,IT Portfolio Manager,Indeed,Indeed,IT Strategy & Governance,IT Strategy & Governance,,Arab Region,Palestine,Palestine,Live Search,,,2026-07-20,Live search,Indeed,B,Recognized job platform,Platform,59,Low,,https://www.indeed.com/jobs?q=IT+Portfolio+Manager&l=Jordan&sort=date,"Direct platform search for IT Portfolio Manager in Palestine. Sort by newest on the platform and verify employer, date, location eligibility and application route."
search-005706,Live Search,live_search,IT Portfolio Manager,Careerjet,Careerjet,IT Strategy & Governance,IT Strategy & Governance,,Arab Region,Palestine,Palestine,Live Search,,,2026-07-20,Live search,Careerjet,C,Aggregator,Aggregator,59,Low,,https://www.careerjet.com/search/jobs?s=IT+Portfolio+Manager&l=Jordan,"Direct platform search for IT Portfolio Manager in Palestine. Sort by newest on the platform and verify employer, date, location eligibility and application route."
search-005707,Live Search,live_search,IT Portfolio Manager,Talent.com,Talent.com,IT Strategy & Governance,IT Strategy & Governance,,Arab Region,Palestine,Palestine,Live Search,,,2026-07-20,Live search,Talent.com,C,Aggregator,Aggregator,59,Low,,https://www.talent.com/jobs?k=IT+Portfolio+Manager&l=Jordan,"Direct platform search for IT Portfolio Manager in Palestine. Sort by newest on the platform and verify employer, date, location eligibility and application route."
search-005709,Live Search,live_search,IT Portfolio Manager,Bayt,Bayt,IT Strategy & Governance,IT Strategy & Governance,,Arab Region,Jordan,Jordan,Live Search,,,2026-07-20,Live search,Bayt,B,Recognized job platform,Platform,59,Low,,https://www.bayt.com/en/jordan/jobs/it-portfolio-manager-jobs/,"Direct platform search for IT Portfolio Manager in Jordan. Sort by newest on the platform and verify employer, date, location eligibility and application route."
search-005713,Live Search,live_search,Product Director,LinkedIn,LinkedIn,Technology Leadership,Technology Leadership,,Arab Region,Palestine,Palestine,Live Search,,,2026-07-20,Live search,LinkedIn,B,Recognized job platform,Platform,57,Low,,https://www.linkedin.com/jobs/search/?keywords=Product+Director&location=Jordan&sortBy=DD,"Direct platform search for Product Director in Palestine. Sort by newest on the platform and verify employer, date, location eligibility and application route."
search-005714,Live Search,live_search,Product Director,Indeed,Indeed,Technology Leadership,Technology Leadership,,Arab Region,Palestine,Palestine,Live Search,,,2026-07-20,Live search,Indeed,B,Recognized job platform,Platform,57,Low,,https://www.indeed.com/jobs?q=Product+Director&l=Jordan&sort=date,"Direct platform search for Product Director in Palestine. Sort by newest on the platform and verify employer, date, location eligibility and application route."
search-005717,Live Search,live_search,Product Director,Careerjet,Careerjet,Technology Leadership,Technology Leadership,,Arab Region,Palestine,Palestine,Live Search,,,2026-07-20,Live search,Careerjet,C,Aggregator,Aggregator,57,Low,,https://www.careerjet.com/search/jobs?s=Product+Director&l=Jordan,"Direct platform search for Product Director in Palestine. Sort by newest on the platform and verify employer, date, location eligibility and application route."
search-005718,Live Search,live_search,Product Director,Talent.com,Talent.com,Technology Leadership,Technology Leadership,,Arab Region,Palestine,Palestine,Live Search,,,2026-07-20,Live search,Talent.com,C,Aggregator,Aggregator,57,Low,,https://www.talent.com/jobs?k=Product+Director&l=Jordan,"Direct platform search for Product Director in Palestine. Sort by newest on the platform and verify employer, date, location eligibility and application route."
search-005720,Live Search,live_search,Product Director,Bayt,Bayt,Technology Leadership,Technology Leadership,,Arab Region,Jordan,Jordan,Live Search,,,2026-07-20,Live search,Bayt,B,Recognized job platform,Platform,57,Low,,https://www.bayt.com/en/jordan/jobs/product-director-jobs/,"Direct platform search for Product Director in Jordan. Sort by newest on the platform and verify employer, date, location eligibility and application route."
search-005724,Live Search,live_search,Digital Product Manager,LinkedIn,LinkedIn,Digital Product,Digital Product,,Arab Region,Palestine,Palestine,Live Search,,,2026-07-20,Live search,LinkedIn,B,Recognized job platform,Platform,54,Low,,https://www.linkedin.com/jobs/search/?keywords=Digital+Product+Manager&location=Jordan&sortBy=DD,"Direct platform search for Digital Product Manager in Palestine. Sort by newest on the platform and verify employer, date, location eligibility and application route."
search-005725,Live Search,live_search,Digital Product Manager,Indeed,Indeed,Digital Product,Digital Product,,Arab Region,Palestine,Palestine,Live Search,,,2026-07-20,Live search,Indeed,B,Recognized job platform,Platform,54,Low,,https://www.indeed.com/jobs?q=Digital+Product+Manager&l=Jordan&sort=date,"Direct platform search for Digital Product Manager in Palestine. Sort by newest on the platform and verify employer, date, location eligibility and application route."
search-005728,Live Search,live_search,Digital Product Manager,Careerjet,Careerjet,Digital Product,Digital Product,,Arab Region,Palestine,Palestine,Live Search,,,2026-07-20,Live search,Careerjet,C,Aggregator,Aggregator,54,Low,,https://www.careerjet.com/search/jobs?s=Digital+Product+Manager&l=Jordan,"Direct platform search for Digital Product Manager in Palestine. Sort by newest on the platform and verify employer, date, location eligibility and application route."
search-005729,Live Search,live_search,Digital Product Manager,Talent.com,Talent.com,Digital Product,Digital Product,,Arab Region,Palestine,Palestine,Live Search,,,2026-07-20,Live search,Talent.com,C,Aggregator,Aggregator,54,Low,,https://www.talent.com/jobs?k=Digital+Product+Manager&l=Jordan,"Direct platform search for Digital Product Manager in Palestine. Sort by newest on the platform and verify employer, date, location eligibility and application route."
search-005731,Live Search,live_search,Digital Product Manager,Bayt,Bayt,Digital Product,Digital Product,,Arab Region,Jordan,Jordan,Live Search,,,2026-07-20,Live search,Bayt,B,Recognized job platform,Platform,54,Low,,https://www.bayt.com/en/jordan/jobs/digital-product-manager-jobs/,"Direct platform search for Digital Product Manager in Jordan. Sort by newest on the platform and verify employer, date, location eligibility and application route."
search-005742,Live Search,live_search,Enterprise Architect,Bayt,Bayt,Enterprise Architecture,Enterprise Architecture,,Arab Region,Lebanon,Lebanon,Live Search,,,2026-07-20,Live search,Bayt,B,Recognized job platform,Platform,63,Medium,,https://www.bayt.com/en/lebanon/jobs/enterprise-architect-jobs/,"Direct platform search for Enterprise Architect in Lebanon. Sort by newest on the platform and verify employer, date, location eligibility and application route."
search-005753,Live Search,live_search,Solutions Architect,Bayt,Bayt,Solution Architecture,Solution Architecture,,Arab Region,Lebanon,Lebanon,Live Search,,,2026-07-20,Live search,Bayt,B,Recognized job platform,Platform,59,Low,,https://www.bayt.com/en/lebanon/jobs/solutions-architect-jobs/,"Direct platform search for Solutions Architect in Lebanon. Sort by newest on the platform and verify employer, date, location eligibility and application route."
search-005764,Live Search,live_search,Solution Architect,Bayt,Bayt,Solution Architecture,Solution Architecture,,Arab Region,Lebanon,Lebanon,Live Search,,,2026-07-20,Live search,Bayt,B,Recognized job platform,Platform,59,Low,,https://www.bayt.com/en/lebanon/jobs/solution-architect-jobs/,"Direct platform search for Solution Architect in Lebanon. Sort by newest on the platform and verify employer, date, location eligibility and application route."
search-005775,Live Search,live_search,Technical Architect,Bayt,Bayt,Solution Architecture,Solution Architecture,,Arab Region,Lebanon,Lebanon,Live Search,,,2026-07-20,Live search,Bayt,B,Recognized job platform,Platform,59,Low,,https://www.bayt.com/en/lebanon/jobs/technical-architect-jobs/,"Direct platform search for Technical Architect in Lebanon. Sort by newest on the platform and verify employer, date, location eligibility and application route."
search-005786,Live Search,live_search,Cloud Architect,Bayt,Bayt,Cloud & Infrastructure,Cloud & Infrastructure,,Arab Region,Lebanon,Lebanon,Live Search,,,2026-07-20,Live search,Bayt,B,Recognized job platform,Platform,56,Low,,https://www.bayt.com/en/lebanon/jobs/cloud-architect-jobs/,"Direct platform search for Cloud Architect in Lebanon. Sort by newest on the platform and verify employer, date, location eligibility and application route."
search-005797,Live Search,live_search,Data Architect,Bayt,Bayt,Data & Governance,Data & Governance,,Arab Region,Lebanon,Lebanon,Live Search,,,2026-07-20,Live search,Bayt,B,Recognized job platform,Platform,57,Low,,https://www.bayt.com/en/lebanon/jobs/data-architect-jobs/,"Direct platform search for Data Architect in Lebanon. Sort by newest on the platform and verify employer, date, location eligibility and application route."
search-005808,Live Search,live_search,Integration Architect,Bayt,Bayt,Integration Architecture,Integration Architecture,,Arab Region,Lebanon,Lebanon,Live Search,,,2026-07-20,Live search,Bayt,B,Recognized job platform,Platform,61,Medium,,https://www.bayt.com/en/lebanon/jobs/integration-architect-jobs/,"Direct platform search for Integration Architect in Lebanon. Sort by newest on the platform and verify employer, date, location eligibility and application route."
search-005819,Live Search,live_search,Application Architect,Bayt,Bayt,Solution Architecture,Solution Architecture,,Arab Region,Lebanon,Lebanon,Live Search,,,2026-07-20,Live search,Bayt,B,Recognized job platform,Platform,59,Low,,https://www.bayt.com/en/lebanon/jobs/application-architect-jobs/,"Direct platform search for Application Architect in Lebanon. Sort by newest on the platform and verify employer, date, location eligibility and application route."
search-005830,Live Search,live_search,Security Architect,Bayt,Bayt,Cybersecurity,Cybersecurity,,Arab Region,Lebanon,Lebanon,Live Search,,,2026-07-20,Live search,Bayt,B,Recognized job platform,Platform,54,Low,,https://www.bayt.com/en/lebanon/jobs/security-architect-jobs/,"Direct platform search for Security Architect in Lebanon. Sort by newest on the platform and verify employer, date, location eligibility and application route."
search-005841,Live Search,live_search,Infrastructure Architect,Bayt,Bayt,Cloud & Infrastructure,Cloud & Infrastructure,,Arab Region,Lebanon,Lebanon,Live Search,,,2026-07-20,Live search,Bayt,B,Recognized job platform,Platform,56,Low,,https://www.bayt.com/en/lebanon/jobs/infrastructure-architect-jobs/,"Direct platform search for Infrastructure Architect in Lebanon. Sort by newest on the platform and verify employer, date, location eligibility and application route."
search-005852,Live Search,live_search,Digital Transformation Director,Bayt,Bayt,Digital Transformation,Digital Transformation,,Arab Region,Lebanon,Lebanon,Live Search,,,2026-07-20,Live search,Bayt,B,Recognized job platform,Platform,61,Medium,,https://www.bayt.com/en/lebanon/jobs/digital-transformation-director-jobs/,"Direct platform search for Digital Transformation Director in Lebanon. Sort by newest on the platform and verify employer, date, location eligibility and application route."
search-005863,Live Search,live_search,Digital Transformation Manager,Bayt,Bayt,Digital Transformation,Digital Transformation,,Arab Region,Lebanon,Lebanon,Live Search,,,2026-07-20,Live search,Bayt,B,Recognized job platform,Platform,57,Low,,https://www.bayt.com/en/lebanon/jobs/digital-transformation-manager-jobs/,"Direct platform search for Digital Transformation Manager in Lebanon. Sort by newest on the platform and verify employer, date, location eligibility and application route."
search-005874,Live Search,live_search,Head of Digital Transformation,Bayt,Bayt,Digital Transformation,Digital Transformation,,Arab Region,Lebanon,Lebanon,Live Search,,,2026-07-20,Live search,Bayt,B,Recognized job platform,Platform,57,Low,,https://www.bayt.com/en/lebanon/jobs/head-of-digital-transformation-jobs/,"Direct platform search for Head of Digital Transformation in Lebanon. Sort by newest on the platform and verify employer, date, location eligibility and application route."
search-005885,Live Search,live_search,IT Director,Bayt,Bayt,Technology Leadership,Technology Leadership,,Arab Region,Lebanon,Lebanon,Live Search,,,2026-07-20,Live search,Bayt,B,Recognized job platform,Platform,61,Medium,,https://www.bayt.com/en/lebanon/jobs/it-director-jobs/,"Direct platform search for IT Director in Lebanon. Sort by newest on the platform and verify employer, date, location eligibility and application route."
search-005896,Live Search,live_search,Head of IT,Bayt,Bayt,Technology Leadership,Technology Leadership,,Arab Region,Lebanon,Lebanon,Live Search,,,2026-07-20,Live search,Bayt,B,Recognized job platform,Platform,57,Low,,https://www.bayt.com/en/lebanon/jobs/head-of-it-jobs/,"Direct platform search for Head of IT in Lebanon. Sort by newest on the platform and verify employer, date, location eligibility and application route."
search-005907,Live Search,live_search,Chief Information Officer,Bayt,Bayt,Technology Leadership,Technology Leadership,,Arab Region,Lebanon,Lebanon,Live Search,,,2026-07-20,Live search,Bayt,B,Recognized job platform,Platform,54,Low,,https://www.bayt.com/en/lebanon/jobs/chief-information-officer-jobs/,"Direct platform search for Chief Information Officer in Lebanon. Sort by newest on the platform and verify employer, date, location eligibility and application route."
search-005918,Live Search,live_search,Chief Technology Officer,Bayt,Bayt,Technology Leadership,Technology Leadership,,Arab Region,Lebanon,Lebanon,Live Search,,,2026-07-20,Live search,Bayt,B,Recognized job platform,Platform,54,Low,,https://www.bayt.com/en/lebanon/jobs/chief-technology-officer-jobs/,"Direct platform search for Chief Technology Officer in Lebanon. Sort by newest on the platform and verify employer, date, location eligibility and application route."
search-005929,Live Search,live_search,Technology Director,Bayt,Bayt,Technology Leadership,Technology Leadership,,Arab Region,Lebanon,Lebanon,Live Search,,,2026-07-20,Live search,Bayt,B,Recognized job platform,Platform,61,Medium,,https://www.bayt.com/en/lebanon/jobs/technology-director-jobs/,"Direct platform search for Technology Director in Lebanon. Sort by newest on the platform and verify employer, date, location eligibility and application route."
search-005940,Live Search,live_search,IT Strategy Manager,Bayt,Bayt,IT Strategy & Governance,IT Strategy & Governance,,Arab Region,Lebanon,Lebanon,Live Search,,,2026-07-20,Live search,Bayt,B,Recognized job platform,Platform,59,Low,,https://www.bayt.com/en/lebanon/jobs/it-strategy-manager-jobs/,"Direct platform search for IT Strategy Manager in Lebanon. Sort by newest on the platform and verify employer, date, location eligibility and application route."
search-005951,Live Search,live_search,IT Governance Manager,Bayt,Bayt,IT Strategy & Governance,IT Strategy & Governance,,Arab Region,Lebanon,Lebanon,Live Search,,,2026-07-20,Live search,Bayt,B,Recognized job platform,Platform,59,Low,,https://www.bayt.com/en/lebanon/jobs/it-governance-manager-jobs/,"Direct platform search for IT Governance Manager in Lebanon. Sort by newest on the platform and verify employer, date, location eligibility and application route."
search-005962,Live Search,live_search,Enterprise Applications Manager,Bayt,Bayt,Enterprise Applications,Enterprise Applications,,Arab Region,Lebanon,Lebanon,Live Search,,,2026-07-20,Live search,Bayt,B,Recognized job platform,Platform,57,Low,,https://www.bayt.com/en/lebanon/jobs/enterprise-applications-manager-jobs/,"Direct platform search for Enterprise Applications Manager in Lebanon. Sort by newest on the platform and verify employer, date, location eligibility and application route."
search-005973,Live Search,live_search,ERP Program Manager,Bayt,Bayt,Programme & Delivery,Programme & Delivery,,Arab Region,Lebanon,Lebanon,Live Search,,,2026-07-20,Live search,Bayt,B,Recognized job platform,Platform,59,Low,,https://www.bayt.com/en/lebanon/jobs/erp-program-manager-jobs/,"Direct platform search for ERP Program Manager in Lebanon. Sort by newest on the platform and verify employer, date, location eligibility and application route."
search-005984,Live Search,live_search,SAP Program Manager,Bayt,Bayt,Programme & Delivery,Programme & Delivery,,Arab Region,Lebanon,Lebanon,Live Search,,,2026-07-20,Live search,Bayt,B,Recognized job platform,Platform,57,Low,,https://www.bayt.com/en/lebanon/jobs/sap-program-manager-jobs/,"Direct platform search for SAP Program Manager in Lebanon. Sort by newest on the platform and verify employer, date, location eligibility and application route."
search-005995,Live Search,live_search,Healthcare IT Manager,Bayt,Bayt,Healthcare IT & Digital Health,Healthcare IT & Digital Health,,Arab Region,Lebanon,Lebanon,Live Search,,,2026-07-20,Live search,Bayt,B,Recognized job platform,Platform,63,Medium,,https://www.bayt.com/en/lebanon/jobs/healthcare-it-manager-jobs/,"Direct platform search for Healthcare IT Manager in Lebanon. Sort by newest on the platform and verify employer, date, location eligibility and application route."
search-006006,Live Search,live_search,Health Informatics Director,Bayt,Bayt,Healthcare IT & Digital Health,Healthcare IT & Digital Health,,Arab Region,Lebanon,Lebanon,Live Search,,,2026-07-20,Live search,Bayt,B,Recognized job platform,Platform,66,Medium,,https://www.bayt.com/en/lebanon/jobs/health-informatics-director-jobs/,"Direct platform search for Health Informatics Director in Lebanon. Sort by newest on the platform and verify employer, date, location eligibility and application route."
search-006017,Live Search,live_search,Digital Health Director,Bayt,Bayt,Healthcare IT & Digital Health,Healthcare IT & Digital Health,,Arab Region,Lebanon,Lebanon,Live Search,,,2026-07-20,Live search,Bayt,B,Recognized job platform,Platform,66,Medium,,https://www.bayt.com/en/lebanon/jobs/digital-health-director-jobs/,"Direct platform search for Digital Health Director in Lebanon. Sort by newest on the platform and verify employer, date, location eligibility and application route."
search-006028,Live Search,live_search,Data Governance Manager,Bayt,Bayt,Data & Governance,Data & Governance,,Arab Region,Lebanon,Lebanon,Live Search,,,2026-07-20,Live search,Bayt,B,Recognized job platform,Platform,61,Medium,,https://www.bayt.com/en/lebanon/jobs/data-governance-manager-jobs/,"Direct platform search for Data Governance Manager in Lebanon. Sort by newest on the platform and verify employer, date, location eligibility and application route."
search-006039,Live Search,live_search,Data Platform Manager,Bayt,Bayt,Data & Governance,Data & Governance,,Arab Region,Lebanon,Lebanon,Live Search,,,2026-07-20,Live search,Bayt,B,Recognized job platform,Platform,57,Low,,https://www.bayt.com/en/lebanon/jobs/data-platform-manager-jobs/,"Direct platform search for Data Platform Manager in Lebanon. Sort by newest on the platform and verify employer, date, location eligibility and application route."
search-006050,Live Search,live_search,Business Intelligence Director,Bayt,Bayt,Data & Governance,Data & Governance,,Arab Region,Lebanon,Lebanon,Live Search,,,2026-07-20,Live search,Bayt,B,Recognized job platform,Platform,61,Medium,,https://www.bayt.com/en/lebanon/jobs/business-intelligence-director-jobs/,"Direct platform search for Business Intelligence Director in Lebanon. Sort by newest on the platform and verify employer, date, location eligibility and application route."
search-006061,Live Search,live_search,Analytics Director,Bayt,Bayt,Data & Governance,Data & Governance,,Arab Region,Lebanon,Lebanon,Live Search,,,2026-07-20,Live search,Bayt,B,Recognized job platform,Platform,63,Medium,,https://www.bayt.com/en/lebanon/jobs/analytics-director-jobs/,"Direct platform search for Analytics Director in Lebanon. Sort by newest on the platform and verify employer, date, location eligibility and application route."
search-006072,Live Search,live_search,AI Strategy Manager,Bayt,Bayt,IT Strategy & Governance,IT Strategy & Governance,,Arab Region,Lebanon,Lebanon,Live Search,,,2026-07-20,Live search,Bayt,B,Recognized job platform,Platform,59,Low,,https://www.bayt.com/en/lebanon/jobs/ai-strategy-manager-jobs/,"Direct platform search for AI Strategy Manager in Lebanon. Sort by newest on the platform and verify employer, date, location eligibility and application route."
search-006083,Live Search,live_search,AI Solutions Architect,Bayt,Bayt,Solution Architecture,Solution Architecture,,Arab Region,Lebanon,Lebanon,Live Search,,,2026-07-20,Live search,Bayt,B,Recognized job platform,Platform,59,Low,,https://www.bayt.com/en/lebanon/jobs/ai-solutions-architect-jobs/,"Direct platform search for AI Solutions Architect in Lebanon. Sort by newest on the platform and verify employer, date, location eligibility and application route."
search-006094,Live Search,live_search,Technical Program Manager,Bayt,Bayt,Programme & Delivery,Programme & Delivery,,Arab Region,Lebanon,Lebanon,Live Search,,,2026-07-20,Live search,Bayt,B,Recognized job platform,Platform,61,Medium,,https://www.bayt.com/en/lebanon/jobs/technical-program-manager-jobs/,"Direct platform search for Technical Program Manager in Lebanon. Sort by newest on the platform and verify employer, date, location eligibility and application route."
search-006105,Live Search,live_search,IT Program Manager,Bayt,Bayt,Programme & Delivery,Programme & Delivery,,Arab Region,Lebanon,Lebanon,Live Search,,,2026-07-20,Live search,Bayt,B,Recognized job platform,Platform,57,Low,,https://www.bayt.com/en/lebanon/jobs/it-program-manager-jobs/,"Direct platform search for IT Program Manager in Lebanon. Sort by newest on the platform and verify employer, date, location eligibility and application route."
search-006116,Live Search,live_search,PMO Director,Bayt,Bayt,Technology Leadership,Technology Leadership,,Arab Region,Lebanon,Lebanon,Live Search,,,2026-07-20,Live search,Bayt,B,Recognized job platform,Platform,57,Low,,https://www.bayt.com/en/lebanon/jobs/pmo-director-jobs/,"Direct platform search for PMO Director in Lebanon. Sort by newest on the platform and verify employer, date, location eligibility and application route."
search-006127,Live Search,live_search,Technology Delivery Manager,Bayt,Bayt,Programme & Delivery,Programme & Delivery,,Arab Region,Lebanon,Lebanon,Live Search,,,2026-07-20,Live search,Bayt,B,Recognized job platform,Platform,57,Low,,https://www.bayt.com/en/lebanon/jobs/technology-delivery-manager-jobs/,"Direct platform search for Technology Delivery Manager in Lebanon. Sort by newest on the platform and verify employer, date, location eligibility and application route."
search-006138,Live Search,live_search,Systems Manager,Bayt,Bayt,IT Operations,IT Operations,,Arab Region,Lebanon,Lebanon,Live Search,,,2026-07-20,Live search,Bayt,B,Recognized job platform,Platform,57,Low,,https://www.bayt.com/en/lebanon/jobs/systems-manager-jobs/,"Direct platform search for Systems Manager in Lebanon. Sort by newest on the platform and verify employer, date, location eligibility and application route."
search-006149,Live Search,live_search,Infrastructure Manager,Bayt,Bayt,Technology & Digital,Technology & Digital,,Arab Region,Lebanon,Lebanon,Live Search,,,2026-07-20,Live search,Bayt,B,Recognized job platform,Platform,54,Low,,https://www.bayt.com/en/lebanon/jobs/infrastructure-manager-jobs/,"Direct platform search for Infrastructure Manager in Lebanon. Sort by newest on the platform and verify employer, date, location eligibility and application route."
search-006160,Live Search,live_search,IT Operations Manager,Bayt,Bayt,IT Operations,IT Operations,,Arab Region,Lebanon,Lebanon,Live Search,,,2026-07-20,Live search,Bayt,B,Recognized job platform,Platform,54,Low,,https://www.bayt.com/en/lebanon/jobs/it-operations-manager-jobs/,"Direct platform search for IT Operations Manager in Lebanon. Sort by newest on the platform and verify employer, date, location eligibility and application route."
search-006171,Live Search,live_search,Service Delivery Manager,Bayt,Bayt,Programme & Delivery,Programme & Delivery,,Arab Region,Lebanon,Lebanon,Live Search,,,2026-07-20,Live search,Bayt,B,Recognized job platform,Platform,57,Low,,https://www.bayt.com/en/lebanon/jobs/service-delivery-manager-jobs/,"Direct platform search for Service Delivery Manager in Lebanon. Sort by newest on the platform and verify employer, date, location eligibility and application route."
search-006182,Live Search,live_search,Solutions Engineering Manager,Bayt,Bayt,Solution Architecture,Solution Architecture,,Arab Region,Lebanon,Lebanon,Live Search,,,2026-07-20,Live search,Bayt,B,Recognized job platform,Platform,59,Low,,https://www.bayt.com/en/lebanon/jobs/solutions-engineering-manager-jobs/,"Direct platform search for Solutions Engineering Manager in Lebanon. Sort by newest on the platform and verify employer, date, location eligibility and application route."
search-006193,Live Search,live_search,Presales Solution Architect,Bayt,Bayt,Solution Architecture,Solution Architecture,,Arab Region,Lebanon,Lebanon,Live Search,,,2026-07-20,Live search,Bayt,B,Recognized job platform,Platform,59,Low,,https://www.bayt.com/en/lebanon/jobs/presales-solution-architect-jobs/,"Direct platform search for Presales Solution Architect in Lebanon. Sort by newest on the platform and verify employer, date, location eligibility and application route."
search-006204,Live Search,live_search,Business Transformation Manager,Bayt,Bayt,Digital Transformation,Digital Transformation,,Arab Region,Lebanon,Lebanon,Live Search,,,2026-07-20,Live search,Bayt,B,Recognized job platform,Platform,57,Low,,https://www.bayt.com/en/lebanon/jobs/business-transformation-manager-jobs/,"Direct platform search for Business Transformation Manager in Lebanon. Sort by newest on the platform and verify employer, date, location eligibility and application route."
search-006215,Live Search,live_search,Business Architect,Bayt,Bayt,Enterprise Architecture,Enterprise Architecture,,Arab Region,Lebanon,Lebanon,Live Search,,,2026-07-20,Live search,Bayt,B,Recognized job platform,Platform,63,Medium,,https://www.bayt.com/en/lebanon/jobs/business-architect-jobs/,"Direct platform search for Business Architect in Lebanon. Sort by newest on the platform and verify employer, date, location eligibility and application route."
search-006226,Live Search,live_search,IT Portfolio Manager,Bayt,Bayt,IT Strategy & Governance,IT Strategy & Governance,,Arab Region,Lebanon,Lebanon,Live Search,,,2026-07-20,Live search,Bayt,B,Recognized job platform,Platform,59,Low,,https://www.bayt.com/en/lebanon/jobs/it-portfolio-manager-jobs/,"Direct platform search for IT Portfolio Manager in Lebanon. Sort by newest on the platform and verify employer, date, location eligibility and application route."
search-006237,Live Search,live_search,Product Director,Bayt,Bayt,Technology Leadership,Technology Leadership,,Arab Region,Lebanon,Lebanon,Live Search,,,2026-07-20,Live search,Bayt,B,Recognized job platform,Platform,57,Low,,https://www.bayt.com/en/lebanon/jobs/product-director-jobs/,"Direct platform search for Product Director in Lebanon. Sort by newest on the platform and verify employer, date, location eligibility and application route."
search-006248,Live Search,live_search,Digital Product Manager,Bayt,Bayt,Digital Product,Digital Product,,Arab Region,Lebanon,Lebanon,Live Search,,,2026-07-20,Live search,Bayt,B,Recognized job platform,Platform,54,Low,,https://www.bayt.com/en/lebanon/jobs/digital-product-manager-jobs/,"Direct platform search for Digital Product Manager in Lebanon. Sort by newest on the platform and verify employer, date, location eligibility and application route."
search-006259,Live Search,live_search,Enterprise Architect,Bayt,Bayt,Enterprise Architecture,Enterprise Architecture,,Arab Region,Iraq,Iraq,Live Search,,,2026-07-20,Live search,Bayt,B,Recognized job platform,Platform,63,Medium,,https://www.bayt.com/en/iraq/jobs/enterprise-architect-jobs/,"Direct platform search for Enterprise Architect in Iraq. Sort by newest on the platform and verify employer, date, location eligibility and application route."
search-006270,Live Search,live_search,Solutions Architect,Bayt,Bayt,Solution Architecture,Solution Architecture,,Arab Region,Iraq,Iraq,Live Search,,,2026-07-20,Live search,Bayt,B,Recognized job platform,Platform,59,Low,,https://www.bayt.com/en/iraq/jobs/solutions-architect-jobs/,"Direct platform search for Solutions Architect in Iraq. Sort by newest on the platform and verify employer, date, location eligibility and application route."
search-006281,Live Search,live_search,Solution Architect,Bayt,Bayt,Solution Architecture,Solution Architecture,,Arab Region,Iraq,Iraq,Live Search,,,2026-07-20,Live search,Bayt,B,Recognized job platform,Platform,59,Low,,https://www.bayt.com/en/iraq/jobs/solution-architect-jobs/,"Direct platform search for Solution Architect in Iraq. Sort by newest on the platform and verify employer, date, location eligibility and application route."
search-006292,Live Search,live_search,Technical Architect,Bayt,Bayt,Solution Architecture,Solution Architecture,,Arab Region,Iraq,Iraq,Live Search,,,2026-07-20,Live search,Bayt,B,Recognized job platform,Platform,59,Low,,https://www.bayt.com/en/iraq/jobs/technical-architect-jobs/,"Direct platform search for Technical Architect in Iraq. Sort by newest on the platform and verify employer, date, location eligibility and application route."
search-006303,Live Search,live_search,Cloud Architect,Bayt,Bayt,Cloud & Infrastructure,Cloud & Infrastructure,,Arab Region,Iraq,Iraq,Live Search,,,2026-07-20,Live search,Bayt,B,Recognized job platform,Platform,56,Low,,https://www.bayt.com/en/iraq/jobs/cloud-architect-jobs/,"Direct platform search for Cloud Architect in Iraq. Sort by newest on the platform and verify employer, date, location eligibility and application route."
search-006314,Live Search,live_search,Data Architect,Bayt,Bayt,Data & Governance,Data & Governance,,Arab Region,Iraq,Iraq,Live Search,,,2026-07-20,Live search,Bayt,B,Recognized job platform,Platform,57,Low,,https://www.bayt.com/en/iraq/jobs/data-architect-jobs/,"Direct platform search for Data Architect in Iraq. Sort by newest on the platform and verify employer, date, location eligibility and application route."
search-006325,Live Search,live_search,Integration Architect,Bayt,Bayt,Integration Architecture,Integration Architecture,,Arab Region,Iraq,Iraq,Live Search,,,2026-07-20,Live search,Bayt,B,Recognized job platform,Platform,61,Medium,,https://www.bayt.com/en/iraq/jobs/integration-architect-jobs/,"Direct platform search for Integration Architect in Iraq. Sort by newest on the platform and verify employer, date, location eligibility and application route."
search-006336,Live Search,live_search,Application Architect,Bayt,Bayt,Solution Architecture,Solution Architecture,,Arab Region,Iraq,Iraq,Live Search,,,2026-07-20,Live search,Bayt,B,Recognized job platform,Platform,59,Low,,https://www.bayt.com/en/iraq/jobs/application-architect-jobs/,"Direct platform search for Application Architect in Iraq. Sort by newest on the platform and verify employer, date, location eligibility and application route."
search-006347,Live Search,live_search,Security Architect,Bayt,Bayt,Cybersecurity,Cybersecurity,,Arab Region,Iraq,Iraq,Live Search,,,2026-07-20,Live search,Bayt,B,Recognized job platform,Platform,54,Low,,https://www.bayt.com/en/iraq/jobs/security-architect-jobs/,"Direct platform search for Security Architect in Iraq. Sort by newest on the platform and verify employer, date, location eligibility and application route."
search-006358,Live Search,live_search,Infrastructure Architect,Bayt,Bayt,Cloud & Infrastructure,Cloud & Infrastructure,,Arab Region,Iraq,Iraq,Live Search,,,2026-07-20,Live search,Bayt,B,Recognized job platform,Platform,56,Low,,https://www.bayt.com/en/iraq/jobs/infrastructure-architect-jobs/,"Direct platform search for Infrastructure Architect in Iraq. Sort by newest on the platform and verify employer, date, location eligibility and application route."
search-006369,Live Search,live_search,Digital Transformation Director,Bayt,Bayt,Digital Transformation,Digital Transformation,,Arab Region,Iraq,Iraq,Live Search,,,2026-07-20,Live search,Bayt,B,Recognized job platform,Platform,61,Medium,,https://www.bayt.com/en/iraq/jobs/digital-transformation-director-jobs/,"Direct platform search for Digital Transformation Director in Iraq. Sort by newest on the platform and verify employer, date, location eligibility and application route."
search-006380,Live Search,live_search,Digital Transformation Manager,Bayt,Bayt,Digital Transformation,Digital Transformation,,Arab Region,Iraq,Iraq,Live Search,,,2026-07-20,Live search,Bayt,B,Recognized job platform,Platform,57,Low,,https://www.bayt.com/en/iraq/jobs/digital-transformation-manager-jobs/,"Direct platform search for Digital Transformation Manager in Iraq. Sort by newest on the platform and verify employer, date, location eligibility and application route."
search-006391,Live Search,live_search,Head of Digital Transformation,Bayt,Bayt,Digital Transformation,Digital Transformation,,Arab Region,Iraq,Iraq,Live Search,,,2026-07-20,Live search,Bayt,B,Recognized job platform,Platform,57,Low,,https://www.bayt.com/en/iraq/jobs/head-of-digital-transformation-jobs/,"Direct platform search for Head of Digital Transformation in Iraq. Sort by newest on the platform and verify employer, date, location eligibility and application route."
search-006402,Live Search,live_search,IT Director,Bayt,Bayt,Technology Leadership,Technology Leadership,,Arab Region,Iraq,Iraq,Live Search,,,2026-07-20,Live search,Bayt,B,Recognized job platform,Platform,61,Medium,,https://www.bayt.com/en/iraq/jobs/it-director-jobs/,"Direct platform search for IT Director in Iraq. Sort by newest on the platform and verify employer, date, location eligibility and application route."
search-006413,Live Search,live_search,Head of IT,Bayt,Bayt,Technology Leadership,Technology Leadership,,Arab Region,Iraq,Iraq,Live Search,,,2026-07-20,Live search,Bayt,B,Recognized job platform,Platform,57,Low,,https://www.bayt.com/en/iraq/jobs/head-of-it-jobs/,"Direct platform search for Head of IT in Iraq. Sort by newest on the platform and verify employer, date, location eligibility and application route."
search-006424,Live Search,live_search,Chief Information Officer,Bayt,Bayt,Technology Leadership,Technology Leadership,,Arab Region,Iraq,Iraq,Live Search,,,2026-07-20,Live search,Bayt,B,Recognized job platform,Platform,54,Low,,https://www.bayt.com/en/iraq/jobs/chief-information-officer-jobs/,"Direct platform search for Chief Information Officer in Iraq. Sort by newest on the platform and verify employer, date, location eligibility and application route."
search-006435,Live Search,live_search,Chief Technology Officer,Bayt,Bayt,Technology Leadership,Technology Leadership,,Arab Region,Iraq,Iraq,Live Search,,,2026-07-20,Live search,Bayt,B,Recognized job platform,Platform,54,Low,,https://www.bayt.com/en/iraq/jobs/chief-technology-officer-jobs/,"Direct platform search for Chief Technology Officer in Iraq. Sort by newest on the platform and verify employer, date, location eligibility and application route."
search-006446,Live Search,live_search,Technology Director,Bayt,Bayt,Technology Leadership,Technology Leadership,,Arab Region,Iraq,Iraq,Live Search,,,2026-07-20,Live search,Bayt,B,Recognized job platform,Platform,61,Medium,,https://www.bayt.com/en/iraq/jobs/technology-director-jobs/,"Direct platform search for Technology Director in Iraq. Sort by newest on the platform and verify employer, date, location eligibility and application route."
search-006457,Live Search,live_search,IT Strategy Manager,Bayt,Bayt,IT Strategy & Governance,IT Strategy & Governance,,Arab Region,Iraq,Iraq,Live Search,,,2026-07-20,Live search,Bayt,B,Recognized job platform,Platform,59,Low,,https://www.bayt.com/en/iraq/jobs/it-strategy-manager-jobs/,"Direct platform search for IT Strategy Manager in Iraq. Sort by newest on the platform and verify employer, date, location eligibility and application route."
search-006468,Live Search,live_search,IT Governance Manager,Bayt,Bayt,IT Strategy & Governance,IT Strategy & Governance,,Arab Region,Iraq,Iraq,Live Search,,,2026-07-20,Live search,Bayt,B,Recognized job platform,Platform,59,Low,,https://www.bayt.com/en/iraq/jobs/it-governance-manager-jobs/,"Direct platform search for IT Governance Manager in Iraq. Sort by newest on the platform and verify employer, date, location eligibility and application route."
search-006479,Live Search,live_search,Enterprise Applications Manager,Bayt,Bayt,Enterprise Applications,Enterprise Applications,,Arab Region,Iraq,Iraq,Live Search,,,2026-07-20,Live search,Bayt,B,Recognized job platform,Platform,57,Low,,https://www.bayt.com/en/iraq/jobs/enterprise-applications-manager-jobs/,"Direct platform search for Enterprise Applications Manager in Iraq. Sort by newest on the platform and verify employer, date, location eligibility and application route."
search-006490,Live Search,live_search,ERP Program Manager,Bayt,Bayt,Programme & Delivery,Programme & Delivery,,Arab Region,Iraq,Iraq,Live Search,,,2026-07-20,Live search,Bayt,B,Recognized job platform,Platform,59,Low,,https://www.bayt.com/en/iraq/jobs/erp-program-manager-jobs/,"Direct platform search for ERP Program Manager in Iraq. Sort by newest on the platform and verify employer, date, location eligibility and application route."
search-006501,Live Search,live_search,SAP Program Manager,Bayt,Bayt,Programme & Delivery,Programme & Delivery,,Arab Region,Iraq,Iraq,Live Search,,,2026-07-20,Live search,Bayt,B,Recognized job platform,Platform,57,Low,,https://www.bayt.com/en/iraq/jobs/sap-program-manager-jobs/,"Direct platform search for SAP Program Manager in Iraq. Sort by newest on the platform and verify employer, date, location eligibility and application route."
search-006512,Live Search,live_search,Healthcare IT Manager,Bayt,Bayt,Healthcare IT & Digital Health,Healthcare IT & Digital Health,,Arab Region,Iraq,Iraq,Live Search,,,2026-07-20,Live search,Bayt,B,Recognized job platform,Platform,63,Medium,,https://www.bayt.com/en/iraq/jobs/healthcare-it-manager-jobs/,"Direct platform search for Healthcare IT Manager in Iraq. Sort by newest on the platform and verify employer, date, location eligibility and application route."
search-006523,Live Search,live_search,Health Informatics Director,Bayt,Bayt,Healthcare IT & Digital Health,Healthcare IT & Digital Health,,Arab Region,Iraq,Iraq,Live Search,,,2026-07-20,Live search,Bayt,B,Recognized job platform,Platform,66,Medium,,https://www.bayt.com/en/iraq/jobs/health-informatics-director-jobs/,"Direct platform search for Health Informatics Director in Iraq. Sort by newest on the platform and verify employer, date, location eligibility and application route."
search-006534,Live Search,live_search,Digital Health Director,Bayt,Bayt,Healthcare IT & Digital Health,Healthcare IT & Digital Health,,Arab Region,Iraq,Iraq,Live Search,,,2026-07-20,Live search,Bayt,B,Recognized job platform,Platform,66,Medium,,https://www.bayt.com/en/iraq/jobs/digital-health-director-jobs/,"Direct platform search for Digital Health Director in Iraq. Sort by newest on the platform and verify employer, date, location eligibility and application route."
search-006545,Live Search,live_search,Data Governance Manager,Bayt,Bayt,Data & Governance,Data & Governance,,Arab Region,Iraq,Iraq,Live Search,,,2026-07-20,Live search,Bayt,B,Recognized job platform,Platform,61,Medium,,https://www.bayt.com/en/iraq/jobs/data-governance-manager-jobs/,"Direct platform search for Data Governance Manager in Iraq. Sort by newest on the platform and verify employer, date, location eligibility and application route."
search-006556,Live Search,live_search,Data Platform Manager,Bayt,Bayt,Data & Governance,Data & Governance,,Arab Region,Iraq,Iraq,Live Search,,,2026-07-20,Live search,Bayt,B,Recognized job platform,Platform,57,Low,,https://www.bayt.com/en/iraq/jobs/data-platform-manager-jobs/,"Direct platform search for Data Platform Manager in Iraq. Sort by newest on the platform and verify employer, date, location eligibility and application route."
search-006567,Live Search,live_search,Business Intelligence Director,Bayt,Bayt,Data & Governance,Data & Governance,,Arab Region,Iraq,Iraq,Live Search,,,2026-07-20,Live search,Bayt,B,Recognized job platform,Platform,61,Medium,,https://www.bayt.com/en/iraq/jobs/business-intelligence-director-jobs/,"Direct platform search for Business Intelligence Director in Iraq. Sort by newest on the platform and verify employer, date, location eligibility and application route."
search-006578,Live Search,live_search,Analytics Director,Bayt,Bayt,Data & Governance,Data & Governance,,Arab Region,Iraq,Iraq,Live Search,,,2026-07-20,Live search,Bayt,B,Recognized job platform,Platform,63,Medium,,https://www.bayt.com/en/iraq/jobs/analytics-director-jobs/,"Direct platform search for Analytics Director in Iraq. Sort by newest on the platform and verify employer, date, location eligibility and application route."
search-006589,Live Search,live_search,AI Strategy Manager,Bayt,Bayt,IT Strategy & Governance,IT Strategy & Governance,,Arab Region,Iraq,Iraq,Live Search,,,2026-07-20,Live search,Bayt,B,Recognized job platform,Platform,59,Low,,https://www.bayt.com/en/iraq/jobs/ai-strategy-manager-jobs/,"Direct platform search for AI Strategy Manager in Iraq. Sort by newest on the platform and verify employer, date, location eligibility and application route."
search-006600,Live Search,live_search,AI Solutions Architect,Bayt,Bayt,Solution Architecture,Solution Architecture,,Arab Region,Iraq,Iraq,Live Search,,,2026-07-20,Live search,Bayt,B,Recognized job platform,Platform,59,Low,,https://www.bayt.com/en/iraq/jobs/ai-solutions-architect-jobs/,"Direct platform search for AI Solutions Architect in Iraq. Sort by newest on the platform and verify employer, date, location eligibility and application route."
search-006611,Live Search,live_search,Technical Program Manager,Bayt,Bayt,Programme & Delivery,Programme & Delivery,,Arab Region,Iraq,Iraq,Live Search,,,2026-07-20,Live search,Bayt,B,Recognized job platform,Platform,61,Medium,,https://www.bayt.com/en/iraq/jobs/technical-program-manager-jobs/,"Direct platform search for Technical Program Manager in Iraq. Sort by newest on the platform and verify employer, date, location eligibility and application route."
search-006622,Live Search,live_search,IT Program Manager,Bayt,Bayt,Programme & Delivery,Programme & Delivery,,Arab Region,Iraq,Iraq,Live Search,,,2026-07-20,Live search,Bayt,B,Recognized job platform,Platform,57,Low,,https://www.bayt.com/en/iraq/jobs/it-program-manager-jobs/,"Direct platform search for IT Program Manager in Iraq. Sort by newest on the platform and verify employer, date, location eligibility and application route."
search-006633,Live Search,live_search,PMO Director,Bayt,Bayt,Technology Leadership,Technology Leadership,,Arab Region,Iraq,Iraq,Live Search,,,2026-07-20,Live search,Bayt,B,Recognized job platform,Platform,57,Low,,https://www.bayt.com/en/iraq/jobs/pmo-director-jobs/,"Direct platform search for PMO Director in Iraq. Sort by newest on the platform and verify employer, date, location eligibility and application route."
search-006644,Live Search,live_search,Technology Delivery Manager,Bayt,Bayt,Programme & Delivery,Programme & Delivery,,Arab Region,Iraq,Iraq,Live Search,,,2026-07-20,Live search,Bayt,B,Recognized job platform,Platform,57,Low,,https://www.bayt.com/en/iraq/jobs/technology-delivery-manager-jobs/,"Direct platform search for Technology Delivery Manager in Iraq. Sort by newest on the platform and verify employer, date, location eligibility and application route."
search-006655,Live Search,live_search,Systems Manager,Bayt,Bayt,IT Operations,IT Operations,,Arab Region,Iraq,Iraq,Live Search,,,2026-07-20,Live search,Bayt,B,Recognized job platform,Platform,57,Low,,https://www.bayt.com/en/iraq/jobs/systems-manager-jobs/,"Direct platform search for Systems Manager in Iraq. Sort by newest on the platform and verify employer, date, location eligibility and application route."
search-006666,Live Search,live_search,Infrastructure Manager,Bayt,Bayt,Technology & Digital,Technology & Digital,,Arab Region,Iraq,Iraq,Live Search,,,2026-07-20,Live search,Bayt,B,Recognized job platform,Platform,54,Low,,https://www.bayt.com/en/iraq/jobs/infrastructure-manager-jobs/,"Direct platform search for Infrastructure Manager in Iraq. Sort by newest on the platform and verify employer, date, location eligibility and application route."
search-006677,Live Search,live_search,IT Operations Manager,Bayt,Bayt,IT Operations,IT Operations,,Arab Region,Iraq,Iraq,Live Search,,,2026-07-20,Live search,Bayt,B,Recognized job platform,Platform,54,Low,,https://www.bayt.com/en/iraq/jobs/it-operations-manager-jobs/,"Direct platform search for IT Operations Manager in Iraq. Sort by newest on the platform and verify employer, date, location eligibility and application route."
search-006688,Live Search,live_search,Service Delivery Manager,Bayt,Bayt,Programme & Delivery,Programme & Delivery,,Arab Region,Iraq,Iraq,Live Search,,,2026-07-20,Live search,Bayt,B,Recognized job platform,Platform,57,Low,,https://www.bayt.com/en/iraq/jobs/service-delivery-manager-jobs/,"Direct platform search for Service Delivery Manager in Iraq. Sort by newest on the platform and verify employer, date, location eligibility and application route."
search-006699,Live Search,live_search,Solutions Engineering Manager,Bayt,Bayt,Solution Architecture,Solution Architecture,,Arab Region,Iraq,Iraq,Live Search,,,2026-07-20,Live search,Bayt,B,Recognized job platform,Platform,59,Low,,https://www.bayt.com/en/iraq/jobs/solutions-engineering-manager-jobs/,"Direct platform search for Solutions Engineering Manager in Iraq. Sort by newest on the platform and verify employer, date, location eligibility and application route."
search-006710,Live Search,live_search,Presales Solution Architect,Bayt,Bayt,Solution Architecture,Solution Architecture,,Arab Region,Iraq,Iraq,Live Search,,,2026-07-20,Live search,Bayt,B,Recognized job platform,Platform,59,Low,,https://www.bayt.com/en/iraq/jobs/presales-solution-architect-jobs/,"Direct platform search for Presales Solution Architect in Iraq. Sort by newest on the platform and verify employer, date, location eligibility and application route."
search-006721,Live Search,live_search,Business Transformation Manager,Bayt,Bayt,Digital Transformation,Digital Transformation,,Arab Region,Iraq,Iraq,Live Search,,,2026-07-20,Live search,Bayt,B,Recognized job platform,Platform,57,Low,,https://www.bayt.com/en/iraq/jobs/business-transformation-manager-jobs/,"Direct platform search for Business Transformation Manager in Iraq. Sort by newest on the platform and verify employer, date, location eligibility and application route."
search-006732,Live Search,live_search,Business Architect,Bayt,Bayt,Enterprise Architecture,Enterprise Architecture,,Arab Region,Iraq,Iraq,Live Search,,,2026-07-20,Live search,Bayt,B,Recognized job platform,Platform,63,Medium,,https://www.bayt.com/en/iraq/jobs/business-architect-jobs/,"Direct platform search for Business Architect in Iraq. Sort by newest on the platform and verify employer, date, location eligibility and application route."
search-006743,Live Search,live_search,IT Portfolio Manager,Bayt,Bayt,IT Strategy & Governance,IT Strategy & Governance,,Arab Region,Iraq,Iraq,Live Search,,,2026-07-20,Live search,Bayt,B,Recognized job platform,Platform,59,Low,,https://www.bayt.com/en/iraq/jobs/it-portfolio-manager-jobs/,"Direct platform search for IT Portfolio Manager in Iraq. Sort by newest on the platform and verify employer, date, location eligibility and application route."
search-006754,Live Search,live_search,Product Director,Bayt,Bayt,Technology Leadership,Technology Leadership,,Arab Region,Iraq,Iraq,Live Search,,,2026-07-20,Live search,Bayt,B,Recognized job platform,Platform,57,Low,,https://www.bayt.com/en/iraq/jobs/product-director-jobs/,"Direct platform search for Product Director in Iraq. Sort by newest on the platform and verify employer, date, location eligibility and application route."
search-006765,Live Search,live_search,Digital Product Manager,Bayt,Bayt,Digital Product,Digital Product,,Arab Region,Iraq,Iraq,Live Search,,,2026-07-20,Live search,Bayt,B,Recognized job platform,Platform,54,Low,,https://www.bayt.com/en/iraq/jobs/digital-product-manager-jobs/,"Direct platform search for Digital Product Manager in Iraq. Sort by newest on the platform and verify employer, date, location eligibility and application route."
search-006770,Live Search,live_search,Enterprise Architect,Indeed,Indeed,Enterprise Architecture,Enterprise Architecture,,Arab Region,Morocco,Morocco,Live Search,,,2026-07-20,Live search,Indeed,B,Recognized job platform,Platform,63,Medium,,https://ma.indeed.com/jobs?q=Enterprise+Architect&l=Morocco&sort=date,"Direct platform search for Enterprise Architect in Morocco. Sort by newest on the platform and verify employer, date, location eligibility and application route."
search-006776,Live Search,live_search,Enterprise Architect,Bayt,Bayt,Enterprise Architecture,Enterprise Architecture,,Arab Region,Morocco,Morocco,Live Search,,,2026-07-20,Live search,Bayt,B,Recognized job platform,Platform,63,Medium,,https://www.bayt.com/en/morocco/jobs/enterprise-architect-jobs/,"Direct platform search for Enterprise Architect in Morocco. Sort by newest on the platform and verify employer, date, location eligibility and application route."
search-006781,Live Search,live_search,Solutions Architect,Indeed,Indeed,Solution Architecture,Solution Architecture,,Arab Region,Morocco,Morocco,Live Search,,,2026-07-20,Live search,Indeed,B,Recognized job platform,Platform,59,Low,,https://ma.indeed.com/jobs?q=Solutions+Architect&l=Morocco&sort=date,"Direct platform search for Solutions Architect in Morocco. Sort by newest on the platform and verify employer, date, location eligibility and application route."
search-006787,Live Search,live_search,Solutions Architect,Bayt,Bayt,Solution Architecture,Solution Architecture,,Arab Region,Morocco,Morocco,Live Search,,,2026-07-20,Live search,Bayt,B,Recognized job platform,Platform,59,Low,,https://www.bayt.com/en/morocco/jobs/solutions-architect-jobs/,"Direct platform search for Solutions Architect in Morocco. Sort by newest on the platform and verify employer, date, location eligibility and application route."
search-006792,Live Search,live_search,Solution Architect,Indeed,Indeed,Solution Architecture,Solution Architecture,,Arab Region,Morocco,Morocco,Live Search,,,2026-07-20,Live search,Indeed,B,Recognized job platform,Platform,59,Low,,https://ma.indeed.com/jobs?q=Solution+Architect&l=Morocco&sort=date,"Direct platform search for Solution Architect in Morocco. Sort by newest on the platform and verify employer, date, location eligibility and application route."
search-006798,Live Search,live_search,Solution Architect,Bayt,Bayt,Solution Architecture,Solution Architecture,,Arab Region,Morocco,Morocco,Live Search,,,2026-07-20,Live search,Bayt,B,Recognized job platform,Platform,59,Low,,https://www.bayt.com/en/morocco/jobs/solution-architect-jobs/,"Direct platform search for Solution Architect in Morocco. Sort by newest on the platform and verify employer, date, location eligibility and application route."
search-006803,Live Search,live_search,Technical Architect,Indeed,Indeed,Solution Architecture,Solution Architecture,,Arab Region,Morocco,Morocco,Live Search,,,2026-07-20,Live search,Indeed,B,Recognized job platform,Platform,59,Low,,https://ma.indeed.com/jobs?q=Technical+Architect&l=Morocco&sort=date,"Direct platform search for Technical Architect in Morocco. Sort by newest on the platform and verify employer, date, location eligibility and application route."
search-006809,Live Search,live_search,Technical Architect,Bayt,Bayt,Solution Architecture,Solution Architecture,,Arab Region,Morocco,Morocco,Live Search,,,2026-07-20,Live search,Bayt,B,Recognized job platform,Platform,59,Low,,https://www.bayt.com/en/morocco/jobs/technical-architect-jobs/,"Direct platform search for Technical Architect in Morocco. Sort by newest on the platform and verify employer, date, location eligibility and application route."
search-006814,Live Search,live_search,Cloud Architect,Indeed,Indeed,Cloud & Infrastructure,Cloud & Infrastructure,,Arab Region,Morocco,Morocco,Live Search,,,2026-07-20,Live search,Indeed,B,Recognized job platform,Platform,56,Low,,https://ma.indeed.com/jobs?q=Cloud+Architect&l=Morocco&sort=date,"Direct platform search for Cloud Architect in Morocco. Sort by newest on the platform and verify employer, date, location eligibility and application route."
search-006820,Live Search,live_search,Cloud Architect,Bayt,Bayt,Cloud & Infrastructure,Cloud & Infrastructure,,Arab Region,Morocco,Morocco,Live Search,,,2026-07-20,Live search,Bayt,B,Recognized job platform,Platform,56,Low,,https://www.bayt.com/en/morocco/jobs/cloud-architect-jobs/,"Direct platform search for Cloud Architect in Morocco. Sort by newest on the platform and verify employer, date, location eligibility and application route."
search-006825,Live Search,live_search,Data Architect,Indeed,Indeed,Data & Governance,Data & Governance,,Arab Region,Morocco,Morocco,Live Search,,,2026-07-20,Live search,Indeed,B,Recognized job platform,Platform,57,Low,,https://ma.indeed.com/jobs?q=Data+Architect&l=Morocco&sort=date,"Direct platform search for Data Architect in Morocco. Sort by newest on the platform and verify employer, date, location eligibility and application route."
search-006831,Live Search,live_search,Data Architect,Bayt,Bayt,Data & Governance,Data & Governance,,Arab Region,Morocco,Morocco,Live Search,,,2026-07-20,Live search,Bayt,B,Recognized job platform,Platform,57,Low,,https://www.bayt.com/en/morocco/jobs/data-architect-jobs/,"Direct platform search for Data Architect in Morocco. Sort by newest on the platform and verify employer, date, location eligibility and application route."
search-006836,Live Search,live_search,Integration Architect,Indeed,Indeed,Integration Architecture,Integration Architecture,,Arab Region,Morocco,Morocco,Live Search,,,2026-07-20,Live search,Indeed,B,Recognized job platform,Platform,61,Medium,,https://ma.indeed.com/jobs?q=Integration+Architect&l=Morocco&sort=date,"Direct platform search for Integration Architect in Morocco. Sort by newest on the platform and verify employer, date, location eligibility and application route."
search-006842,Live Search,live_search,Integration Architect,Bayt,Bayt,Integration Architecture,Integration Architecture,,Arab Region,Morocco,Morocco,Live Search,,,2026-07-20,Live search,Bayt,B,Recognized job platform,Platform,61,Medium,,https://www.bayt.com/en/morocco/jobs/integration-architect-jobs/,"Direct platform search for Integration Architect in Morocco. Sort by newest on the platform and verify employer, date, location eligibility and application route."
search-006847,Live Search,live_search,Application Architect,Indeed,Indeed,Solution Architecture,Solution Architecture,,Arab Region,Morocco,Morocco,Live Search,,,2026-07-20,Live search,Indeed,B,Recognized job platform,Platform,59,Low,,https://ma.indeed.com/jobs?q=Application+Architect&l=Morocco&sort=date,"Direct platform search for Application Architect in Morocco. Sort by newest on the platform and verify employer, date, location eligibility and application route."
search-006853,Live Search,live_search,Application Architect,Bayt,Bayt,Solution Architecture,Solution Architecture,,Arab Region,Morocco,Morocco,Live Search,,,2026-07-20,Live search,Bayt,B,Recognized job platform,Platform,59,Low,,https://www.bayt.com/en/morocco/jobs/application-architect-jobs/,"Direct platform search for Application Architect in Morocco. Sort by newest on the platform and verify employer, date, location eligibility and application route."
search-006858,Live Search,live_search,Security Architect,Indeed,Indeed,Cybersecurity,Cybersecurity,,Arab Region,Morocco,Morocco,Live Search,,,2026-07-20,Live search,Indeed,B,Recognized job platform,Platform,54,Low,,https://ma.indeed.com/jobs?q=Security+Architect&l=Morocco&sort=date,"Direct platform search for Security Architect in Morocco. Sort by newest on the platform and verify employer, date, location eligibility and application route."
search-006864,Live Search,live_search,Security Architect,Bayt,Bayt,Cybersecurity,Cybersecurity,,Arab Region,Morocco,Morocco,Live Search,,,2026-07-20,Live search,Bayt,B,Recognized job platform,Platform,54,Low,,https://www.bayt.com/en/morocco/jobs/security-architect-jobs/,"Direct platform search for Security Architect in Morocco. Sort by newest on the platform and verify employer, date, location eligibility and application route."
search-006869,Live Search,live_search,Infrastructure Architect,Indeed,Indeed,Cloud & Infrastructure,Cloud & Infrastructure,,Arab Region,Morocco,Morocco,Live Search,,,2026-07-20,Live search,Indeed,B,Recognized job platform,Platform,56,Low,,https://ma.indeed.com/jobs?q=Infrastructure+Architect&l=Morocco&sort=date,"Direct platform search for Infrastructure Architect in Morocco. Sort by newest on the platform and verify employer, date, location eligibility and application route."
search-006875,Live Search,live_search,Infrastructure Architect,Bayt,Bayt,Cloud & Infrastructure,Cloud & Infrastructure,,Arab Region,Morocco,Morocco,Live Search,,,2026-07-20,Live search,Bayt,B,Recognized job platform,Platform,56,Low,,https://www.bayt.com/en/morocco/jobs/infrastructure-architect-jobs/,"Direct platform search for Infrastructure Architect in Morocco. Sort by newest on the platform and verify employer, date, location eligibility and application route."
search-006880,Live Search,live_search,Digital Transformation Director,Indeed,Indeed,Digital Transformation,Digital Transformation,,Arab Region,Morocco,Morocco,Live Search,,,2026-07-20,Live search,Indeed,B,Recognized job platform,Platform,61,Medium,,https://ma.indeed.com/jobs?q=Digital+Transformation+Director&l=Morocco&sort=date,"Direct platform search for Digital Transformation Director in Morocco. Sort by newest on the platform and verify employer, date, location eligibility and application route."
search-006886,Live Search,live_search,Digital Transformation Director,Bayt,Bayt,Digital Transformation,Digital Transformation,,Arab Region,Morocco,Morocco,Live Search,,,2026-07-20,Live search,Bayt,B,Recognized job platform,Platform,61,Medium,,https://www.bayt.com/en/morocco/jobs/digital-transformation-director-jobs/,"Direct platform search for Digital Transformation Director in Morocco. Sort by newest on the platform and verify employer, date, location eligibility and application route."
search-006891,Live Search,live_search,Digital Transformation Manager,Indeed,Indeed,Digital Transformation,Digital Transformation,,Arab Region,Morocco,Morocco,Live Search,,,2026-07-20,Live search,Indeed,B,Recognized job platform,Platform,57,Low,,https://ma.indeed.com/jobs?q=Digital+Transformation+Manager&l=Morocco&sort=date,"Direct platform search for Digital Transformation Manager in Morocco. Sort by newest on the platform and verify employer, date, location eligibility and application route."
search-006897,Live Search,live_search,Digital Transformation Manager,Bayt,Bayt,Digital Transformation,Digital Transformation,,Arab Region,Morocco,Morocco,Live Search,,,2026-07-20,Live search,Bayt,B,Recognized job platform,Platform,57,Low,,https://www.bayt.com/en/morocco/jobs/digital-transformation-manager-jobs/,"Direct platform search for Digital Transformation Manager in Morocco. Sort by newest on the platform and verify employer, date, location eligibility and application route."
search-006902,Live Search,live_search,Head of Digital Transformation,Indeed,Indeed,Digital Transformation,Digital Transformation,,Arab Region,Morocco,Morocco,Live Search,,,2026-07-20,Live search,Indeed,B,Recognized job platform,Platform,57,Low,,https://ma.indeed.com/jobs?q=Head+of+Digital+Transformation&l=Morocco&sort=date,"Direct platform search for Head of Digital Transformation in Morocco. Sort by newest on the platform and verify employer, date, location eligibility and application route."
search-006908,Live Search,live_search,Head of Digital Transformation,Bayt,Bayt,Digital Transformation,Digital Transformation,,Arab Region,Morocco,Morocco,Live Search,,,2026-07-20,Live search,Bayt,B,Recognized job platform,Platform,57,Low,,https://www.bayt.com/en/morocco/jobs/head-of-digital-transformation-jobs/,"Direct platform search for Head of Digital Transformation in Morocco. Sort by newest on the platform and verify employer, date, location eligibility and application route."
search-006913,Live Search,live_search,IT Director,Indeed,Indeed,Technology Leadership,Technology Leadership,,Arab Region,Morocco,Morocco,Live Search,,,2026-07-20,Live search,Indeed,B,Recognized job platform,Platform,61,Medium,,https://ma.indeed.com/jobs?q=IT+Director&l=Morocco&sort=date,"Direct platform search for IT Director in Morocco. Sort by newest on the platform and verify employer, date, location eligibility and application route."
search-006919,Live Search,live_search,IT Director,Bayt,Bayt,Technology Leadership,Technology Leadership,,Arab Region,Morocco,Morocco,Live Search,,,2026-07-20,Live search,Bayt,B,Recognized job platform,Platform,61,Medium,,https://www.bayt.com/en/morocco/jobs/it-director-jobs/,"Direct platform search for IT Director in Morocco. Sort by newest on the platform and verify employer, date, location eligibility and application route."
search-006924,Live Search,live_search,Head of IT,Indeed,Indeed,Technology Leadership,Technology Leadership,,Arab Region,Morocco,Morocco,Live Search,,,2026-07-20,Live search,Indeed,B,Recognized job platform,Platform,57,Low,,https://ma.indeed.com/jobs?q=Head+of+IT&l=Morocco&sort=date,"Direct platform search for Head of IT in Morocco. Sort by newest on the platform and verify employer, date, location eligibility and application route."
search-006930,Live Search,live_search,Head of IT,Bayt,Bayt,Technology Leadership,Technology Leadership,,Arab Region,Morocco,Morocco,Live Search,,,2026-07-20,Live search,Bayt,B,Recognized job platform,Platform,57,Low,,https://www.bayt.com/en/morocco/jobs/head-of-it-jobs/,"Direct platform search for Head of IT in Morocco. Sort by newest on the platform and verify employer, date, location eligibility and application route."
search-006935,Live Search,live_search,Chief Information Officer,Indeed,Indeed,Technology Leadership,Technology Leadership,,Arab Region,Morocco,Morocco,Live Search,,,2026-07-20,Live search,Indeed,B,Recognized job platform,Platform,54,Low,,https://ma.indeed.com/jobs?q=Chief+Information+Officer&l=Morocco&sort=date,"Direct platform search for Chief Information Officer in Morocco. Sort by newest on the platform and verify employer, date, location eligibility and application route."
search-006941,Live Search,live_search,Chief Information Officer,Bayt,Bayt,Technology Leadership,Technology Leadership,,Arab Region,Morocco,Morocco,Live Search,,,2026-07-20,Live search,Bayt,B,Recognized job platform,Platform,54,Low,,https://www.bayt.com/en/morocco/jobs/chief-information-officer-jobs/,"Direct platform search for Chief Information Officer in Morocco. Sort by newest on the platform and verify employer, date, location eligibility and application route."
search-006946,Live Search,live_search,Chief Technology Officer,Indeed,Indeed,Technology Leadership,Technology Leadership,,Arab Region,Morocco,Morocco,Live Search,,,2026-07-20,Live search,Indeed,B,Recognized job platform,Platform,54,Low,,https://ma.indeed.com/jobs?q=Chief+Technology+Officer&l=Morocco&sort=date,"Direct platform search for Chief Technology Officer in Morocco. Sort by newest on the platform and verify employer, date, location eligibility and application route."
search-006952,Live Search,live_search,Chief Technology Officer,Bayt,Bayt,Technology Leadership,Technology Leadership,,Arab Region,Morocco,Morocco,Live Search,,,2026-07-20,Live search,Bayt,B,Recognized job platform,Platform,54,Low,,https://www.bayt.com/en/morocco/jobs/chief-technology-officer-jobs/,"Direct platform search for Chief Technology Officer in Morocco. Sort by newest on the platform and verify employer, date, location eligibility and application route."
search-006957,Live Search,live_search,Technology Director,Indeed,Indeed,Technology Leadership,Technology Leadership,,Arab Region,Morocco,Morocco,Live Search,,,2026-07-20,Live search,Indeed,B,Recognized job platform,Platform,61,Medium,,https://ma.indeed.com/jobs?q=Technology+Director&l=Morocco&sort=date,"Direct platform search for Technology Director in Morocco. Sort by newest on the platform and verify employer, date, location eligibility and application route."
search-006963,Live Search,live_search,Technology Director,Bayt,Bayt,Technology Leadership,Technology Leadership,,Arab Region,Morocco,Morocco,Live Search,,,2026-07-20,Live search,Bayt,B,Recognized job platform,Platform,61,Medium,,https://www.bayt.com/en/morocco/jobs/technology-director-jobs/,"Direct platform search for Technology Director in Morocco. Sort by newest on the platform and verify employer, date, location eligibility and application route."
search-006968,Live Search,live_search,IT Strategy Manager,Indeed,Indeed,IT Strategy & Governance,IT Strategy & Governance,,Arab Region,Morocco,Morocco,Live Search,,,2026-07-20,Live search,Indeed,B,Recognized job platform,Platform,59,Low,,https://ma.indeed.com/jobs?q=IT+Strategy+Manager&l=Morocco&sort=date,"Direct platform search for IT Strategy Manager in Morocco. Sort by newest on the platform and verify employer, date, location eligibility and application route."
search-006974,Live Search,live_search,IT Strategy Manager,Bayt,Bayt,IT Strategy & Governance,IT Strategy & Governance,,Arab Region,Morocco,Morocco,Live Search,,,2026-07-20,Live search,Bayt,B,Recognized job platform,Platform,59,Low,,https://www.bayt.com/en/morocco/jobs/it-strategy-manager-jobs/,"Direct platform search for IT Strategy Manager in Morocco. Sort by newest on the platform and verify employer, date, location eligibility and application route."
search-006979,Live Search,live_search,IT Governance Manager,Indeed,Indeed,IT Strategy & Governance,IT Strategy & Governance,,Arab Region,Morocco,Morocco,Live Search,,,2026-07-20,Live search,Indeed,B,Recognized job platform,Platform,59,Low,,https://ma.indeed.com/jobs?q=IT+Governance+Manager&l=Morocco&sort=date,"Direct platform search for IT Governance Manager in Morocco. Sort by newest on the platform and verify employer, date, location eligibility and application route."
search-006985,Live Search,live_search,IT Governance Manager,Bayt,Bayt,IT Strategy & Governance,IT Strategy & Governance,,Arab Region,Morocco,Morocco,Live Search,,,2026-07-20,Live search,Bayt,B,Recognized job platform,Platform,59,Low,,https://www.bayt.com/en/morocco/jobs/it-governance-manager-jobs/,"Direct platform search for IT Governance Manager in Morocco. Sort by newest on the platform and verify employer, date, location eligibility and application route."
search-006990,Live Search,live_search,Enterprise Applications Manager,Indeed,Indeed,Enterprise Applications,Enterprise Applications,,Arab Region,Morocco,Morocco,Live Search,,,2026-07-20,Live search,Indeed,B,Recognized job platform,Platform,57,Low,,https://ma.indeed.com/jobs?q=Enterprise+Applications+Manager&l=Morocco&sort=date,"Direct platform search for Enterprise Applications Manager in Morocco. Sort by newest on the platform and verify employer, date, location eligibility and application route."
search-006996,Live Search,live_search,Enterprise Applications Manager,Bayt,Bayt,Enterprise Applications,Enterprise Applications,,Arab Region,Morocco,Morocco,Live Search,,,2026-07-20,Live search,Bayt,B,Recognized job platform,Platform,57,Low,,https://www.bayt.com/en/morocco/jobs/enterprise-applications-manager-jobs/,"Direct platform search for Enterprise Applications Manager in Morocco. Sort by newest on the platform and verify employer, date, location eligibility and application route."
search-007001,Live Search,live_search,ERP Program Manager,Indeed,Indeed,Programme & Delivery,Programme & Delivery,,Arab Region,Morocco,Morocco,Live Search,,,2026-07-20,Live search,Indeed,B,Recognized job platform,Platform,59,Low,,https://ma.indeed.com/jobs?q=ERP+Program+Manager&l=Morocco&sort=date,"Direct platform search for ERP Program Manager in Morocco. Sort by newest on the platform and verify employer, date, location eligibility and application route."
search-007007,Live Search,live_search,ERP Program Manager,Bayt,Bayt,Programme & Delivery,Programme & Delivery,,Arab Region,Morocco,Morocco,Live Search,,,2026-07-20,Live search,Bayt,B,Recognized job platform,Platform,59,Low,,https://www.bayt.com/en/morocco/jobs/erp-program-manager-jobs/,"Direct platform search for ERP Program Manager in Morocco. Sort by newest on the platform and verify employer, date, location eligibility and application route."
search-007012,Live Search,live_search,SAP Program Manager,Indeed,Indeed,Programme & Delivery,Programme & Delivery,,Arab Region,Morocco,Morocco,Live Search,,,2026-07-20,Live search,Indeed,B,Recognized job platform,Platform,57,Low,,https://ma.indeed.com/jobs?q=SAP+Program+Manager&l=Morocco&sort=date,"Direct platform search for SAP Program Manager in Morocco. Sort by newest on the platform and verify employer, date, location eligibility and application route."
search-007018,Live Search,live_search,SAP Program Manager,Bayt,Bayt,Programme & Delivery,Programme & Delivery,,Arab Region,Morocco,Morocco,Live Search,,,2026-07-20,Live search,Bayt,B,Recognized job platform,Platform,57,Low,,https://www.bayt.com/en/morocco/jobs/sap-program-manager-jobs/,"Direct platform search for SAP Program Manager in Morocco. Sort by newest on the platform and verify employer, date, location eligibility and application route."
search-007023,Live Search,live_search,Healthcare IT Manager,Indeed,Indeed,Healthcare IT & Digital Health,Healthcare IT & Digital Health,,Arab Region,Morocco,Morocco,Live Search,,,2026-07-20,Live search,Indeed,B,Recognized job platform,Platform,63,Medium,,https://ma.indeed.com/jobs?q=Healthcare+IT+Manager&l=Morocco&sort=date,"Direct platform search for Healthcare IT Manager in Morocco. Sort by newest on the platform and verify employer, date, location eligibility and application route."
search-007029,Live Search,live_search,Healthcare IT Manager,Bayt,Bayt,Healthcare IT & Digital Health,Healthcare IT & Digital Health,,Arab Region,Morocco,Morocco,Live Search,,,2026-07-20,Live search,Bayt,B,Recognized job platform,Platform,63,Medium,,https://www.bayt.com/en/morocco/jobs/healthcare-it-manager-jobs/,"Direct platform search for Healthcare IT Manager in Morocco. Sort by newest on the platform and verify employer, date, location eligibility and application route."
search-007034,Live Search,live_search,Health Informatics Director,Indeed,Indeed,Healthcare IT & Digital Health,Healthcare IT & Digital Health,,Arab Region,Morocco,Morocco,Live Search,,,2026-07-20,Live search,Indeed,B,Recognized job platform,Platform,66,Medium,,https://ma.indeed.com/jobs?q=Health+Informatics+Director&l=Morocco&sort=date,"Direct platform search for Health Informatics Director in Morocco. Sort by newest on the platform and verify employer, date, location eligibility and application route."
search-007040,Live Search,live_search,Health Informatics Director,Bayt,Bayt,Healthcare IT & Digital Health,Healthcare IT & Digital Health,,Arab Region,Morocco,Morocco,Live Search,,,2026-07-20,Live search,Bayt,B,Recognized job platform,Platform,66,Medium,,https://www.bayt.com/en/morocco/jobs/health-informatics-director-jobs/,"Direct platform search for Health Informatics Director in Morocco. Sort by newest on the platform and verify employer, date, location eligibility and application route."
search-007045,Live Search,live_search,Digital Health Director,Indeed,Indeed,Healthcare IT & Digital Health,Healthcare IT & Digital Health,,Arab Region,Morocco,Morocco,Live Search,,,2026-07-20,Live search,Indeed,B,Recognized job platform,Platform,66,Medium,,https://ma.indeed.com/jobs?q=Digital+Health+Director&l=Morocco&sort=date,"Direct platform search for Digital Health Director in Morocco. Sort by newest on the platform and verify employer, date, location eligibility and application route."
search-007051,Live Search,live_search,Digital Health Director,Bayt,Bayt,Healthcare IT & Digital Health,Healthcare IT & Digital Health,,Arab Region,Morocco,Morocco,Live Search,,,2026-07-20,Live search,Bayt,B,Recognized job platform,Platform,66,Medium,,https://www.bayt.com/en/morocco/jobs/digital-health-director-jobs/,"Direct platform search for Digital Health Director in Morocco. Sort by newest on the platform and verify employer, date, location eligibility and application route."
search-007056,Live Search,live_search,Data Governance Manager,Indeed,Indeed,Data & Governance,Data & Governance,,Arab Region,Morocco,Morocco,Live Search,,,2026-07-20,Live search,Indeed,B,Recognized job platform,Platform,61,Medium,,https://ma.indeed.com/jobs?q=Data+Governance+Manager&l=Morocco&sort=date,"Direct platform search for Data Governance Manager in Morocco. Sort by newest on the platform and verify employer, date, location eligibility and application route."
search-007062,Live Search,live_search,Data Governance Manager,Bayt,Bayt,Data & Governance,Data & Governance,,Arab Region,Morocco,Morocco,Live Search,,,2026-07-20,Live search,Bayt,B,Recognized job platform,Platform,61,Medium,,https://www.bayt.com/en/morocco/jobs/data-governance-manager-jobs/,"Direct platform search for Data Governance Manager in Morocco. Sort by newest on the platform and verify employer, date, location eligibility and application route."
search-007067,Live Search,live_search,Data Platform Manager,Indeed,Indeed,Data & Governance,Data & Governance,,Arab Region,Morocco,Morocco,Live Search,,,2026-07-20,Live search,Indeed,B,Recognized job platform,Platform,57,Low,,https://ma.indeed.com/jobs?q=Data+Platform+Manager&l=Morocco&sort=date,"Direct platform search for Data Platform Manager in Morocco. Sort by newest on the platform and verify employer, date, location eligibility and application route."
search-007073,Live Search,live_search,Data Platform Manager,Bayt,Bayt,Data & Governance,Data & Governance,,Arab Region,Morocco,Morocco,Live Search,,,2026-07-20,Live search,Bayt,B,Recognized job platform,Platform,57,Low,,https://www.bayt.com/en/morocco/jobs/data-platform-manager-jobs/,"Direct platform search for Data Platform Manager in Morocco. Sort by newest on the platform and verify employer, date, location eligibility and application route."
search-007078,Live Search,live_search,Business Intelligence Director,Indeed,Indeed,Data & Governance,Data & Governance,,Arab Region,Morocco,Morocco,Live Search,,,2026-07-20,Live search,Indeed,B,Recognized job platform,Platform,61,Medium,,https://ma.indeed.com/jobs?q=Business+Intelligence+Director&l=Morocco&sort=date,"Direct platform search for Business Intelligence Director in Morocco. Sort by newest on the platform and verify employer, date, location eligibility and application route."
search-007084,Live Search,live_search,Business Intelligence Director,Bayt,Bayt,Data & Governance,Data & Governance,,Arab Region,Morocco,Morocco,Live Search,,,2026-07-20,Live search,Bayt,B,Recognized job platform,Platform,61,Medium,,https://www.bayt.com/en/morocco/jobs/business-intelligence-director-jobs/,"Direct platform search for Business Intelligence Director in Morocco. Sort by newest on the platform and verify employer, date, location eligibility and application route."
search-007089,Live Search,live_search,Analytics Director,Indeed,Indeed,Data & Governance,Data & Governance,,Arab Region,Morocco,Morocco,Live Search,,,2026-07-20,Live search,Indeed,B,Recognized job platform,Platform,63,Medium,,https://ma.indeed.com/jobs?q=Analytics+Director&l=Morocco&sort=date,"Direct platform search for Analytics Director in Morocco. Sort by newest on the platform and verify employer, date, location eligibility and application route."
search-007095,Live Search,live_search,Analytics Director,Bayt,Bayt,Data & Governance,Data & Governance,,Arab Region,Morocco,Morocco,Live Search,,,2026-07-20,Live search,Bayt,B,Recognized job platform,Platform,63,Medium,,https://www.bayt.com/en/morocco/jobs/analytics-director-jobs/,"Direct platform search for Analytics Director in Morocco. Sort by newest on the platform and verify employer, date, location eligibility and application route."
search-007100,Live Search,live_search,AI Strategy Manager,Indeed,Indeed,IT Strategy & Governance,IT Strategy & Governance,,Arab Region,Morocco,Morocco,Live Search,,,2026-07-20,Live search,Indeed,B,Recognized job platform,Platform,59,Low,,https://ma.indeed.com/jobs?q=AI+Strategy+Manager&l=Morocco&sort=date,"Direct platform search for AI Strategy Manager in Morocco. Sort by newest on the platform and verify employer, date, location eligibility and application route."
search-007106,Live Search,live_search,AI Strategy Manager,Bayt,Bayt,IT Strategy & Governance,IT Strategy & Governance,,Arab Region,Morocco,Morocco,Live Search,,,2026-07-20,Live search,Bayt,B,Recognized job platform,Platform,59,Low,,https://www.bayt.com/en/morocco/jobs/ai-strategy-manager-jobs/,"Direct platform search for AI Strategy Manager in Morocco. Sort by newest on the platform and verify employer, date, location eligibility and application route."
search-007111,Live Search,live_search,AI Solutions Architect,Indeed,Indeed,Solution Architecture,Solution Architecture,,Arab Region,Morocco,Morocco,Live Search,,,2026-07-20,Live search,Indeed,B,Recognized job platform,Platform,59,Low,,https://ma.indeed.com/jobs?q=AI+Solutions+Architect&l=Morocco&sort=date,"Direct platform search for AI Solutions Architect in Morocco. Sort by newest on the platform and verify employer, date, location eligibility and application route."
search-007117,Live Search,live_search,AI Solutions Architect,Bayt,Bayt,Solution Architecture,Solution Architecture,,Arab Region,Morocco,Morocco,Live Search,,,2026-07-20,Live search,Bayt,B,Recognized job platform,Platform,59,Low,,https://www.bayt.com/en/morocco/jobs/ai-solutions-architect-jobs/,"Direct platform search for AI Solutions Architect in Morocco. Sort by newest on the platform and verify employer, date, location eligibility and application route."
search-007122,Live Search,live_search,Technical Program Manager,Indeed,Indeed,Programme & Delivery,Programme & Delivery,,Arab Region,Morocco,Morocco,Live Search,,,2026-07-20,Live search,Indeed,B,Recognized job platform,Platform,61,Medium,,https://ma.indeed.com/jobs?q=Technical+Program+Manager&l=Morocco&sort=date,"Direct platform search for Technical Program Manager in Morocco. Sort by newest on the platform and verify employer, date, location eligibility and application route."
search-007128,Live Search,live_search,Technical Program Manager,Bayt,Bayt,Programme & Delivery,Programme & Delivery,,Arab Region,Morocco,Morocco,Live Search,,,2026-07-20,Live search,Bayt,B,Recognized job platform,Platform,61,Medium,,https://www.bayt.com/en/morocco/jobs/technical-program-manager-jobs/,"Direct platform search for Technical Program Manager in Morocco. Sort by newest on the platform and verify employer, date, location eligibility and application route."
search-007133,Live Search,live_search,IT Program Manager,Indeed,Indeed,Programme & Delivery,Programme & Delivery,,Arab Region,Morocco,Morocco,Live Search,,,2026-07-20,Live search,Indeed,B,Recognized job platform,Platform,57,Low,,https://ma.indeed.com/jobs?q=IT+Program+Manager&l=Morocco&sort=date,"Direct platform search for IT Program Manager in Morocco. Sort by newest on the platform and verify employer, date, location eligibility and application route."
search-007139,Live Search,live_search,IT Program Manager,Bayt,Bayt,Programme & Delivery,Programme & Delivery,,Arab Region,Morocco,Morocco,Live Search,,,2026-07-20,Live search,Bayt,B,Recognized job platform,Platform,57,Low,,https://www.bayt.com/en/morocco/jobs/it-program-manager-jobs/,"Direct platform search for IT Program Manager in Morocco. Sort by newest on the platform and verify employer, date, location eligibility and application route."
search-007144,Live Search,live_search,PMO Director,Indeed,Indeed,Technology Leadership,Technology Leadership,,Arab Region,Morocco,Morocco,Live Search,,,2026-07-20,Live search,Indeed,B,Recognized job platform,Platform,57,Low,,https://ma.indeed.com/jobs?q=PMO+Director&l=Morocco&sort=date,"Direct platform search for PMO Director in Morocco. Sort by newest on the platform and verify employer, date, location eligibility and application route."
search-007150,Live Search,live_search,PMO Director,Bayt,Bayt,Technology Leadership,Technology Leadership,,Arab Region,Morocco,Morocco,Live Search,,,2026-07-20,Live search,Bayt,B,Recognized job platform,Platform,57,Low,,https://www.bayt.com/en/morocco/jobs/pmo-director-jobs/,"Direct platform search for PMO Director in Morocco. Sort by newest on the platform and verify employer, date, location eligibility and application route."
search-007155,Live Search,live_search,Technology Delivery Manager,Indeed,Indeed,Programme & Delivery,Programme & Delivery,,Arab Region,Morocco,Morocco,Live Search,,,2026-07-20,Live search,Indeed,B,Recognized job platform,Platform,57,Low,,https://ma.indeed.com/jobs?q=Technology+Delivery+Manager&l=Morocco&sort=date,"Direct platform search for Technology Delivery Manager in Morocco. Sort by newest on the platform and verify employer, date, location eligibility and application route."
search-007161,Live Search,live_search,Technology Delivery Manager,Bayt,Bayt,Programme & Delivery,Programme & Delivery,,Arab Region,Morocco,Morocco,Live Search,,,2026-07-20,Live search,Bayt,B,Recognized job platform,Platform,57,Low,,https://www.bayt.com/en/morocco/jobs/technology-delivery-manager-jobs/,"Direct platform search for Technology Delivery Manager in Morocco. Sort by newest on the platform and verify employer, date, location eligibility and application route."
search-007166,Live Search,live_search,Systems Manager,Indeed,Indeed,IT Operations,IT Operations,,Arab Region,Morocco,Morocco,Live Search,,,2026-07-20,Live search,Indeed,B,Recognized job platform,Platform,57,Low,,https://ma.indeed.com/jobs?q=Systems+Manager&l=Morocco&sort=date,"Direct platform search for Systems Manager in Morocco. Sort by newest on the platform and verify employer, date, location eligibility and application route."
search-007172,Live Search,live_search,Systems Manager,Bayt,Bayt,IT Operations,IT Operations,,Arab Region,Morocco,Morocco,Live Search,,,2026-07-20,Live search,Bayt,B,Recognized job platform,Platform,57,Low,,https://www.bayt.com/en/morocco/jobs/systems-manager-jobs/,"Direct platform search for Systems Manager in Morocco. Sort by newest on the platform and verify employer, date, location eligibility and application route."
search-007177,Live Search,live_search,Infrastructure Manager,Indeed,Indeed,Technology & Digital,Technology & Digital,,Arab Region,Morocco,Morocco,Live Search,,,2026-07-20,Live search,Indeed,B,Recognized job platform,Platform,54,Low,,https://ma.indeed.com/jobs?q=Infrastructure+Manager&l=Morocco&sort=date,"Direct platform search for Infrastructure Manager in Morocco. Sort by newest on the platform and verify employer, date, location eligibility and application route."
search-007183,Live Search,live_search,Infrastructure Manager,Bayt,Bayt,Technology & Digital,Technology & Digital,,Arab Region,Morocco,Morocco,Live Search,,,2026-07-20,Live search,Bayt,B,Recognized job platform,Platform,54,Low,,https://www.bayt.com/en/morocco/jobs/infrastructure-manager-jobs/,"Direct platform search for Infrastructure Manager in Morocco. Sort by newest on the platform and verify employer, date, location eligibility and application route."
search-007188,Live Search,live_search,IT Operations Manager,Indeed,Indeed,IT Operations,IT Operations,,Arab Region,Morocco,Morocco,Live Search,,,2026-07-20,Live search,Indeed,B,Recognized job platform,Platform,54,Low,,https://ma.indeed.com/jobs?q=IT+Operations+Manager&l=Morocco&sort=date,"Direct platform search for IT Operations Manager in Morocco. Sort by newest on the platform and verify employer, date, location eligibility and application route."
search-007194,Live Search,live_search,IT Operations Manager,Bayt,Bayt,IT Operations,IT Operations,,Arab Region,Morocco,Morocco,Live Search,,,2026-07-20,Live search,Bayt,B,Recognized job platform,Platform,54,Low,,https://www.bayt.com/en/morocco/jobs/it-operations-manager-jobs/,"Direct platform search for IT Operations Manager in Morocco. Sort by newest on the platform and verify employer, date, location eligibility and application route."
search-007199,Live Search,live_search,Service Delivery Manager,Indeed,Indeed,Programme & Delivery,Programme & Delivery,,Arab Region,Morocco,Morocco,Live Search,,,2026-07-20,Live search,Indeed,B,Recognized job platform,Platform,57,Low,,https://ma.indeed.com/jobs?q=Service+Delivery+Manager&l=Morocco&sort=date,"Direct platform search for Service Delivery Manager in Morocco. Sort by newest on the platform and verify employer, date, location eligibility and application route."
search-007205,Live Search,live_search,Service Delivery Manager,Bayt,Bayt,Programme & Delivery,Programme & Delivery,,Arab Region,Morocco,Morocco,Live Search,,,2026-07-20,Live search,Bayt,B,Recognized job platform,Platform,57,Low,,https://www.bayt.com/en/morocco/jobs/service-delivery-manager-jobs/,"Direct platform search for Service Delivery Manager in Morocco. Sort by newest on the platform and verify employer, date, location eligibility and application route."
search-007210,Live Search,live_search,Solutions Engineering Manager,Indeed,Indeed,Solution Architecture,Solution Architecture,,Arab Region,Morocco,Morocco,Live Search,,,2026-07-20,Live search,Indeed,B,Recognized job platform,Platform,59,Low,,https://ma.indeed.com/jobs?q=Solutions+Engineering+Manager&l=Morocco&sort=date,"Direct platform search for Solutions Engineering Manager in Morocco. Sort by newest on the platform and verify employer, date, location eligibility and application route."
search-007216,Live Search,live_search,Solutions Engineering Manager,Bayt,Bayt,Solution Architecture,Solution Architecture,,Arab Region,Morocco,Morocco,Live Search,,,2026-07-20,Live search,Bayt,B,Recognized job platform,Platform,59,Low,,https://www.bayt.com/en/morocco/jobs/solutions-engineering-manager-jobs/,"Direct platform search for Solutions Engineering Manager in Morocco. Sort by newest on the platform and verify employer, date, location eligibility and application route."
search-007221,Live Search,live_search,Presales Solution Architect,Indeed,Indeed,Solution Architecture,Solution Architecture,,Arab Region,Morocco,Morocco,Live Search,,,2026-07-20,Live search,Indeed,B,Recognized job platform,Platform,59,Low,,https://ma.indeed.com/jobs?q=Presales+Solution+Architect&l=Morocco&sort=date,"Direct platform search for Presales Solution Architect in Morocco. Sort by newest on the platform and verify employer, date, location eligibility and application route."
search-007227,Live Search,live_search,Presales Solution Architect,Bayt,Bayt,Solution Architecture,Solution Architecture,,Arab Region,Morocco,Morocco,Live Search,,,2026-07-20,Live search,Bayt,B,Recognized job platform,Platform,59,Low,,https://www.bayt.com/en/morocco/jobs/presales-solution-architect-jobs/,"Direct platform search for Presales Solution Architect in Morocco. Sort by newest on the platform and verify employer, date, location eligibility and application route."
search-007232,Live Search,live_search,Business Transformation Manager,Indeed,Indeed,Digital Transformation,Digital Transformation,,Arab Region,Morocco,Morocco,Live Search,,,2026-07-20,Live search,Indeed,B,Recognized job platform,Platform,57,Low,,https://ma.indeed.com/jobs?q=Business+Transformation+Manager&l=Morocco&sort=date,"Direct platform search for Business Transformation Manager in Morocco. Sort by newest on the platform and verify employer, date, location eligibility and application route."
search-007238,Live Search,live_search,Business Transformation Manager,Bayt,Bayt,Digital Transformation,Digital Transformation,,Arab Region,Morocco,Morocco,Live Search,,,2026-07-20,Live search,Bayt,B,Recognized job platform,Platform,57,Low,,https://www.bayt.com/en/morocco/jobs/business-transformation-manager-jobs/,"Direct platform search for Business Transformation Manager in Morocco. Sort by newest on the platform and verify employer, date, location eligibility and application route."
search-007243,Live Search,live_search,Business Architect,Indeed,Indeed,Enterprise Architecture,Enterprise Architecture,,Arab Region,Morocco,Morocco,Live Search,,,2026-07-20,Live search,Indeed,B,Recognized job platform,Platform,63,Medium,,https://ma.indeed.com/jobs?q=Business+Architect&l=Morocco&sort=date,"Direct platform search for Business Architect in Morocco. Sort by newest on the platform and verify employer, date, location eligibility and application route."
search-007249,Live Search,live_search,Business Architect,Bayt,Bayt,Enterprise Architecture,Enterprise Architecture,,Arab Region,Morocco,Morocco,Live Search,,,2026-07-20,Live search,Bayt,B,Recognized job platform,Platform,63,Medium,,https://www.bayt.com/en/morocco/jobs/business-architect-jobs/,"Direct platform search for Business Architect in Morocco. Sort by newest on the platform and verify employer, date, location eligibility and application route."
search-007254,Live Search,live_search,IT Portfolio Manager,Indeed,Indeed,IT Strategy & Governance,IT Strategy & Governance,,Arab Region,Morocco,Morocco,Live Search,,,2026-07-20,Live search,Indeed,B,Recognized job platform,Platform,59,Low,,https://ma.indeed.com/jobs?q=IT+Portfolio+Manager&l=Morocco&sort=date,"Direct platform search for IT Portfolio Manager in Morocco. Sort by newest on the platform and verify employer, date, location eligibility and application route."
search-007260,Live Search,live_search,IT Portfolio Manager,Bayt,Bayt,IT Strategy & Governance,IT Strategy & Governance,,Arab Region,Morocco,Morocco,Live Search,,,2026-07-20,Live search,Bayt,B,Recognized job platform,Platform,59,Low,,https://www.bayt.com/en/morocco/jobs/it-portfolio-manager-jobs/,"Direct platform search for IT Portfolio Manager in Morocco. Sort by newest on the platform and verify employer, date, location eligibility and application route."
search-007265,Live Search,live_search,Product Director,Indeed,Indeed,Technology Leadership,Technology Leadership,,Arab Region,Morocco,Morocco,Live Search,,,2026-07-20,Live search,Indeed,B,Recognized job platform,Platform,57,Low,,https://ma.indeed.com/jobs?q=Product+Director&l=Morocco&sort=date,"Direct platform search for Product Director in Morocco. Sort by newest on the platform and verify employer, date, location eligibility and application route."
search-007271,Live Search,live_search,Product Director,Bayt,Bayt,Technology Leadership,Technology Leadership,,Arab Region,Morocco,Morocco,Live Search,,,2026-07-20,Live search,Bayt,B,Recognized job platform,Platform,57,Low,,https://www.bayt.com/en/morocco/jobs/product-director-jobs/,"Direct platform search for Product Director in Morocco. Sort by newest on the platform and verify employer, date, location eligibility and application route."
search-007276,Live Search,live_search,Digital Product Manager,Indeed,Indeed,Digital Product,Digital Product,,Arab Region,Morocco,Morocco,Live Search,,,2026-07-20,Live search,Indeed,B,Recognized job platform,Platform,54,Low,,https://ma.indeed.com/jobs?q=Digital+Product+Manager&l=Morocco&sort=date,"Direct platform search for Digital Product Manager in Morocco. Sort by newest on the platform and verify employer, date, location eligibility and application route."
search-007282,Live Search,live_search,Digital Product Manager,Bayt,Bayt,Digital Product,Digital Product,,Arab Region,Morocco,Morocco,Live Search,,,2026-07-20,Live search,Bayt,B,Recognized job platform,Platform,54,Low,,https://www.bayt.com/en/morocco/jobs/digital-product-manager-jobs/,"Direct platform search for Digital Product Manager in Morocco. Sort by newest on the platform and verify employer, date, location eligibility and application route."
search-007287,Live Search,live_search,Enterprise Architect,Indeed,Indeed,Enterprise Architecture,Enterprise Architecture,,Arab Region,Algeria,Algeria,Live Search,,,2026-07-20,Live search,Indeed,B,Recognized job platform,Platform,63,Medium,,https://dz.indeed.com/jobs?q=Enterprise+Architect&l=Algeria&sort=date,"Direct platform search for Enterprise Architect in Algeria. Sort by newest on the platform and verify employer, date, location eligibility and application route."
search-007293,Live Search,live_search,Enterprise Architect,Bayt,Bayt,Enterprise Architecture,Enterprise Architecture,,Arab Region,Algeria,Algeria,Live Search,,,2026-07-20,Live search,Bayt,B,Recognized job platform,Platform,63,Medium,,https://www.bayt.com/en/algeria/jobs/enterprise-architect-jobs/,"Direct platform search for Enterprise Architect in Algeria. Sort by newest on the platform and verify employer, date, location eligibility and application route."
search-007298,Live Search,live_search,Solutions Architect,Indeed,Indeed,Solution Architecture,Solution Architecture,,Arab Region,Algeria,Algeria,Live Search,,,2026-07-20,Live search,Indeed,B,Recognized job platform,Platform,59,Low,,https://dz.indeed.com/jobs?q=Solutions+Architect&l=Algeria&sort=date,"Direct platform search for Solutions Architect in Algeria. Sort by newest on the platform and verify employer, date, location eligibility and application route."
search-007304,Live Search,live_search,Solutions Architect,Bayt,Bayt,Solution Architecture,Solution Architecture,,Arab Region,Algeria,Algeria,Live Search,,,2026-07-20,Live search,Bayt,B,Recognized job platform,Platform,59,Low,,https://www.bayt.com/en/algeria/jobs/solutions-architect-jobs/,"Direct platform search for Solutions Architect in Algeria. Sort by newest on the platform and verify employer, date, location eligibility and application route."
search-007309,Live Search,live_search,Solution Architect,Indeed,Indeed,Solution Architecture,Solution Architecture,,Arab Region,Algeria,Algeria,Live Search,,,2026-07-20,Live search,Indeed,B,Recognized job platform,Platform,59,Low,,https://dz.indeed.com/jobs?q=Solution+Architect&l=Algeria&sort=date,"Direct platform search for Solution Architect in Algeria. Sort by newest on the platform and verify employer, date, location eligibility and application route."
search-007315,Live Search,live_search,Solution Architect,Bayt,Bayt,Solution Architecture,Solution Architecture,,Arab Region,Algeria,Algeria,Live Search,,,2026-07-20,Live search,Bayt,B,Recognized job platform,Platform,59,Low,,https://www.bayt.com/en/algeria/jobs/solution-architect-jobs/,"Direct platform search for Solution Architect in Algeria. Sort by newest on the platform and verify employer, date, location eligibility and application route."
search-007320,Live Search,live_search,Technical Architect,Indeed,Indeed,Solution Architecture,Solution Architecture,,Arab Region,Algeria,Algeria,Live Search,,,2026-07-20,Live search,Indeed,B,Recognized job platform,Platform,59,Low,,https://dz.indeed.com/jobs?q=Technical+Architect&l=Algeria&sort=date,"Direct platform search for Technical Architect in Algeria. Sort by newest on the platform and verify employer, date, location eligibility and application route."
search-007326,Live Search,live_search,Technical Architect,Bayt,Bayt,Solution Architecture,Solution Architecture,,Arab Region,Algeria,Algeria,Live Search,,,2026-07-20,Live search,Bayt,B,Recognized job platform,Platform,59,Low,,https://www.bayt.com/en/algeria/jobs/technical-architect-jobs/,"Direct platform search for Technical Architect in Algeria. Sort by newest on the platform and verify employer, date, location eligibility and application route."
search-007331,Live Search,live_search,Cloud Architect,Indeed,Indeed,Cloud & Infrastructure,Cloud & Infrastructure,,Arab Region,Algeria,Algeria,Live Search,,,2026-07-20,Live search,Indeed,B,Recognized job platform,Platform,56,Low,,https://dz.indeed.com/jobs?q=Cloud+Architect&l=Algeria&sort=date,"Direct platform search for Cloud Architect in Algeria. Sort by newest on the platform and verify employer, date, location eligibility and application route."
search-007337,Live Search,live_search,Cloud Architect,Bayt,Bayt,Cloud & Infrastructure,Cloud & Infrastructure,,Arab Region,Algeria,Algeria,Live Search,,,2026-07-20,Live search,Bayt,B,Recognized job platform,Platform,56,Low,,https://www.bayt.com/en/algeria/jobs/cloud-architect-jobs/,"Direct platform search for Cloud Architect in Algeria. Sort by newest on the platform and verify employer, date, location eligibility and application route."
search-007342,Live Search,live_search,Data Architect,Indeed,Indeed,Data & Governance,Data & Governance,,Arab Region,Algeria,Algeria,Live Search,,,2026-07-20,Live search,Indeed,B,Recognized job platform,Platform,57,Low,,https://dz.indeed.com/jobs?q=Data+Architect&l=Algeria&sort=date,"Direct platform search for Data Architect in Algeria. Sort by newest on the platform and verify employer, date, location eligibility and application route."
search-007348,Live Search,live_search,Data Architect,Bayt,Bayt,Data & Governance,Data & Governance,,Arab Region,Algeria,Algeria,Live Search,,,2026-07-20,Live search,Bayt,B,Recognized job platform,Platform,57,Low,,https://www.bayt.com/en/algeria/jobs/data-architect-jobs/,"Direct platform search for Data Architect in Algeria. Sort by newest on the platform and verify employer, date, location eligibility and application route."
search-007353,Live Search,live_search,Integration Architect,Indeed,Indeed,Integration Architecture,Integration Architecture,,Arab Region,Algeria,Algeria,Live Search,,,2026-07-20,Live search,Indeed,B,Recognized job platform,Platform,61,Medium,,https://dz.indeed.com/jobs?q=Integration+Architect&l=Algeria&sort=date,"Direct platform search for Integration Architect in Algeria. Sort by newest on the platform and verify employer, date, location eligibility and application route."
search-007359,Live Search,live_search,Integration Architect,Bayt,Bayt,Integration Architecture,Integration Architecture,,Arab Region,Algeria,Algeria,Live Search,,,2026-07-20,Live search,Bayt,B,Recognized job platform,Platform,61,Medium,,https://www.bayt.com/en/algeria/jobs/integration-architect-jobs/,"Direct platform search for Integration Architect in Algeria. Sort by newest on the platform and verify employer, date, location eligibility and application route."
search-007364,Live Search,live_search,Application Architect,Indeed,Indeed,Solution Architecture,Solution Architecture,,Arab Region,Algeria,Algeria,Live Search,,,2026-07-20,Live search,Indeed,B,Recognized job platform,Platform,59,Low,,https://dz.indeed.com/jobs?q=Application+Architect&l=Algeria&sort=date,"Direct platform search for Application Architect in Algeria. Sort by newest on the platform and verify employer, date, location eligibility and application route."
search-007370,Live Search,live_search,Application Architect,Bayt,Bayt,Solution Architecture,Solution Architecture,,Arab Region,Algeria,Algeria,Live Search,,,2026-07-20,Live search,Bayt,B,Recognized job platform,Platform,59,Low,,https://www.bayt.com/en/algeria/jobs/application-architect-jobs/,"Direct platform search for Application Architect in Algeria. Sort by newest on the platform and verify employer, date, location eligibility and application route."
search-007375,Live Search,live_search,Security Architect,Indeed,Indeed,Cybersecurity,Cybersecurity,,Arab Region,Algeria,Algeria,Live Search,,,2026-07-20,Live search,Indeed,B,Recognized job platform,Platform,54,Low,,https://dz.indeed.com/jobs?q=Security+Architect&l=Algeria&sort=date,"Direct platform search for Security Architect in Algeria. Sort by newest on the platform and verify employer, date, location eligibility and application route."
search-007381,Live Search,live_search,Security Architect,Bayt,Bayt,Cybersecurity,Cybersecurity,,Arab Region,Algeria,Algeria,Live Search,,,2026-07-20,Live search,Bayt,B,Recognized job platform,Platform,54,Low,,https://www.bayt.com/en/algeria/jobs/security-architect-jobs/,"Direct platform search for Security Architect in Algeria. Sort by newest on the platform and verify employer, date, location eligibility and application route."
search-007386,Live Search,live_search,Infrastructure Architect,Indeed,Indeed,Cloud & Infrastructure,Cloud & Infrastructure,,Arab Region,Algeria,Algeria,Live Search,,,2026-07-20,Live search,Indeed,B,Recognized job platform,Platform,56,Low,,https://dz.indeed.com/jobs?q=Infrastructure+Architect&l=Algeria&sort=date,"Direct platform search for Infrastructure Architect in Algeria. Sort by newest on the platform and verify employer, date, location eligibility and application route."
search-007392,Live Search,live_search,Infrastructure Architect,Bayt,Bayt,Cloud & Infrastructure,Cloud & Infrastructure,,Arab Region,Algeria,Algeria,Live Search,,,2026-07-20,Live search,Bayt,B,Recognized job platform,Platform,56,Low,,https://www.bayt.com/en/algeria/jobs/infrastructure-architect-jobs/,"Direct platform search for Infrastructure Architect in Algeria. Sort by newest on the platform and verify employer, date, location eligibility and application route."
search-007397,Live Search,live_search,Digital Transformation Director,Indeed,Indeed,Digital Transformation,Digital Transformation,,Arab Region,Algeria,Algeria,Live Search,,,2026-07-20,Live search,Indeed,B,Recognized job platform,Platform,61,Medium,,https://dz.indeed.com/jobs?q=Digital+Transformation+Director&l=Algeria&sort=date,"Direct platform search for Digital Transformation Director in Algeria. Sort by newest on the platform and verify employer, date, location eligibility and application route."
search-007403,Live Search,live_search,Digital Transformation Director,Bayt,Bayt,Digital Transformation,Digital Transformation,,Arab Region,Algeria,Algeria,Live Search,,,2026-07-20,Live search,Bayt,B,Recognized job platform,Platform,61,Medium,,https://www.bayt.com/en/algeria/jobs/digital-transformation-director-jobs/,"Direct platform search for Digital Transformation Director in Algeria. Sort by newest on the platform and verify employer, date, location eligibility and application route."
search-007408,Live Search,live_search,Digital Transformation Manager,Indeed,Indeed,Digital Transformation,Digital Transformation,,Arab Region,Algeria,Algeria,Live Search,,,2026-07-20,Live search,Indeed,B,Recognized job platform,Platform,57,Low,,https://dz.indeed.com/jobs?q=Digital+Transformation+Manager&l=Algeria&sort=date,"Direct platform search for Digital Transformation Manager in Algeria. Sort by newest on the platform and verify employer, date, location eligibility and application route."
search-007414,Live Search,live_search,Digital Transformation Manager,Bayt,Bayt,Digital Transformation,Digital Transformation,,Arab Region,Algeria,Algeria,Live Search,,,2026-07-20,Live search,Bayt,B,Recognized job platform,Platform,57,Low,,https://www.bayt.com/en/algeria/jobs/digital-transformation-manager-jobs/,"Direct platform search for Digital Transformation Manager in Algeria. Sort by newest on the platform and verify employer, date, location eligibility and application route."
search-007419,Live Search,live_search,Head of Digital Transformation,Indeed,Indeed,Digital Transformation,Digital Transformation,,Arab Region,Algeria,Algeria,Live Search,,,2026-07-20,Live search,Indeed,B,Recognized job platform,Platform,57,Low,,https://dz.indeed.com/jobs?q=Head+of+Digital+Transformation&l=Algeria&sort=date,"Direct platform search for Head of Digital Transformation in Algeria. Sort by newest on the platform and verify employer, date, location eligibility and application route."
search-007425,Live Search,live_search,Head of Digital Transformation,Bayt,Bayt,Digital Transformation,Digital Transformation,,Arab Region,Algeria,Algeria,Live Search,,,2026-07-20,Live search,Bayt,B,Recognized job platform,Platform,57,Low,,https://www.bayt.com/en/algeria/jobs/head-of-digital-transformation-jobs/,"Direct platform search for Head of Digital Transformation in Algeria. Sort by newest on the platform and verify employer, date, location eligibility and application route."
search-007430,Live Search,live_search,IT Director,Indeed,Indeed,Technology Leadership,Technology Leadership,,Arab Region,Algeria,Algeria,Live Search,,,2026-07-20,Live search,Indeed,B,Recognized job platform,Platform,61,Medium,,https://dz.indeed.com/jobs?q=IT+Director&l=Algeria&sort=date,"Direct platform search for IT Director in Algeria. Sort by newest on the platform and verify employer, date, location eligibility and application route."
search-007436,Live Search,live_search,IT Director,Bayt,Bayt,Technology Leadership,Technology Leadership,,Arab Region,Algeria,Algeria,Live Search,,,2026-07-20,Live search,Bayt,B,Recognized job platform,Platform,61,Medium,,https://www.bayt.com/en/algeria/jobs/it-director-jobs/,"Direct platform search for IT Director in Algeria. Sort by newest on the platform and verify employer, date, location eligibility and application route."
search-007441,Live Search,live_search,Head of IT,Indeed,Indeed,Technology Leadership,Technology Leadership,,Arab Region,Algeria,Algeria,Live Search,,,2026-07-20,Live search,Indeed,B,Recognized job platform,Platform,57,Low,,https://dz.indeed.com/jobs?q=Head+of+IT&l=Algeria&sort=date,"Direct platform search for Head of IT in Algeria. Sort by newest on the platform and verify employer, date, location eligibility and application route."
search-007447,Live Search,live_search,Head of IT,Bayt,Bayt,Technology Leadership,Technology Leadership,,Arab Region,Algeria,Algeria,Live Search,,,2026-07-20,Live search,Bayt,B,Recognized job platform,Platform,57,Low,,https://www.bayt.com/en/algeria/jobs/head-of-it-jobs/,"Direct platform search for Head of IT in Algeria. Sort by newest on the platform and verify employer, date, location eligibility and application route."
search-007452,Live Search,live_search,Chief Information Officer,Indeed,Indeed,Technology Leadership,Technology Leadership,,Arab Region,Algeria,Algeria,Live Search,,,2026-07-20,Live search,Indeed,B,Recognized job platform,Platform,54,Low,,https://dz.indeed.com/jobs?q=Chief+Information+Officer&l=Algeria&sort=date,"Direct platform search for Chief Information Officer in Algeria. Sort by newest on the platform and verify employer, date, location eligibility and application route."
search-007458,Live Search,live_search,Chief Information Officer,Bayt,Bayt,Technology Leadership,Technology Leadership,,Arab Region,Algeria,Algeria,Live Search,,,2026-07-20,Live search,Bayt,B,Recognized job platform,Platform,54,Low,,https://www.bayt.com/en/algeria/jobs/chief-information-officer-jobs/,"Direct platform search for Chief Information Officer in Algeria. Sort by newest on the platform and verify employer, date, location eligibility and application route."
search-007463,Live Search,live_search,Chief Technology Officer,Indeed,Indeed,Technology Leadership,Technology Leadership,,Arab Region,Algeria,Algeria,Live Search,,,2026-07-20,Live search,Indeed,B,Recognized job platform,Platform,54,Low,,https://dz.indeed.com/jobs?q=Chief+Technology+Officer&l=Algeria&sort=date,"Direct platform search for Chief Technology Officer in Algeria. Sort by newest on the platform and verify employer, date, location eligibility and application route."
search-007469,Live Search,live_search,Chief Technology Officer,Bayt,Bayt,Technology Leadership,Technology Leadership,,Arab Region,Algeria,Algeria,Live Search,,,2026-07-20,Live search,Bayt,B,Recognized job platform,Platform,54,Low,,https://www.bayt.com/en/algeria/jobs/chief-technology-officer-jobs/,"Direct platform search for Chief Technology Officer in Algeria. Sort by newest on the platform and verify employer, date, location eligibility and application route."
search-007474,Live Search,live_search,Technology Director,Indeed,Indeed,Technology Leadership,Technology Leadership,,Arab Region,Algeria,Algeria,Live Search,,,2026-07-20,Live search,Indeed,B,Recognized job platform,Platform,61,Medium,,https://dz.indeed.com/jobs?q=Technology+Director&l=Algeria&sort=date,"Direct platform search for Technology Director in Algeria. Sort by newest on the platform and verify employer, date, location eligibility and application route."
search-007480,Live Search,live_search,Technology Director,Bayt,Bayt,Technology Leadership,Technology Leadership,,Arab Region,Algeria,Algeria,Live Search,,,2026-07-20,Live search,Bayt,B,Recognized job platform,Platform,61,Medium,,https://www.bayt.com/en/algeria/jobs/technology-director-jobs/,"Direct platform search for Technology Director in Algeria. Sort by newest on the platform and verify employer, date, location eligibility and application route."
search-007485,Live Search,live_search,IT Strategy Manager,Indeed,Indeed,IT Strategy & Governance,IT Strategy & Governance,,Arab Region,Algeria,Algeria,Live Search,,,2026-07-20,Live search,Indeed,B,Recognized job platform,Platform,59,Low,,https://dz.indeed.com/jobs?q=IT+Strategy+Manager&l=Algeria&sort=date,"Direct platform search for IT Strategy Manager in Algeria. Sort by newest on the platform and verify employer, date, location eligibility and application route."
search-007491,Live Search,live_search,IT Strategy Manager,Bayt,Bayt,IT Strategy & Governance,IT Strategy & Governance,,Arab Region,Algeria,Algeria,Live Search,,,2026-07-20,Live search,Bayt,B,Recognized job platform,Platform,59,Low,,https://www.bayt.com/en/algeria/jobs/it-strategy-manager-jobs/,"Direct platform search for IT Strategy Manager in Algeria. Sort by newest on the platform and verify employer, date, location eligibility and application route."
search-007496,Live Search,live_search,IT Governance Manager,Indeed,Indeed,IT Strategy & Governance,IT Strategy & Governance,,Arab Region,Algeria,Algeria,Live Search,,,2026-07-20,Live search,Indeed,B,Recognized job platform,Platform,59,Low,,https://dz.indeed.com/jobs?q=IT+Governance+Manager&l=Algeria&sort=date,"Direct platform search for IT Governance Manager in Algeria. Sort by newest on the platform and verify employer, date, location eligibility and application route."
search-007502,Live Search,live_search,IT Governance Manager,Bayt,Bayt,IT Strategy & Governance,IT Strategy & Governance,,Arab Region,Algeria,Algeria,Live Search,,,2026-07-20,Live search,Bayt,B,Recognized job platform,Platform,59,Low,,https://www.bayt.com/en/algeria/jobs/it-governance-manager-jobs/,"Direct platform search for IT Governance Manager in Algeria. Sort by newest on the platform and verify employer, date, location eligibility and application route."
search-007507,Live Search,live_search,Enterprise Applications Manager,Indeed,Indeed,Enterprise Applications,Enterprise Applications,,Arab Region,Algeria,Algeria,Live Search,,,2026-07-20,Live search,Indeed,B,Recognized job platform,Platform,57,Low,,https://dz.indeed.com/jobs?q=Enterprise+Applications+Manager&l=Algeria&sort=date,"Direct platform search for Enterprise Applications Manager in Algeria. Sort by newest on the platform and verify employer, date, location eligibility and application route."
search-007513,Live Search,live_search,Enterprise Applications Manager,Bayt,Bayt,Enterprise Applications,Enterprise Applications,,Arab Region,Algeria,Algeria,Live Search,,,2026-07-20,Live search,Bayt,B,Recognized job platform,Platform,57,Low,,https://www.bayt.com/en/algeria/jobs/enterprise-applications-manager-jobs/,"Direct platform search for Enterprise Applications Manager in Algeria. Sort by newest on the platform and verify employer, date, location eligibility and application route."
search-007518,Live Search,live_search,ERP Program Manager,Indeed,Indeed,Programme & Delivery,Programme & Delivery,,Arab Region,Algeria,Algeria,Live Search,,,2026-07-20,Live search,Indeed,B,Recognized job platform,Platform,59,Low,,https://dz.indeed.com/jobs?q=ERP+Program+Manager&l=Algeria&sort=date,"Direct platform search for ERP Program Manager in Algeria. Sort by newest on the platform and verify employer, date, location eligibility and application route."
search-007524,Live Search,live_search,ERP Program Manager,Bayt,Bayt,Programme & Delivery,Programme & Delivery,,Arab Region,Algeria,Algeria,Live Search,,,2026-07-20,Live search,Bayt,B,Recognized job platform,Platform,59,Low,,https://www.bayt.com/en/algeria/jobs/erp-program-manager-jobs/,"Direct platform search for ERP Program Manager in Algeria. Sort by newest on the platform and verify employer, date, location eligibility and application route."
search-007529,Live Search,live_search,SAP Program Manager,Indeed,Indeed,Programme & Delivery,Programme & Delivery,,Arab Region,Algeria,Algeria,Live Search,,,2026-07-20,Live search,Indeed,B,Recognized job platform,Platform,57,Low,,https://dz.indeed.com/jobs?q=SAP+Program+Manager&l=Algeria&sort=date,"Direct platform search for SAP Program Manager in Algeria. Sort by newest on the platform and verify employer, date, location eligibility and application route."
search-007535,Live Search,live_search,SAP Program Manager,Bayt,Bayt,Programme & Delivery,Programme & Delivery,,Arab Region,Algeria,Algeria,Live Search,,,2026-07-20,Live search,Bayt,B,Recognized job platform,Platform,57,Low,,https://www.bayt.com/en/algeria/jobs/sap-program-manager-jobs/,"Direct platform search for SAP Program Manager in Algeria. Sort by newest on the platform and verify employer, date, location eligibility and application route."
search-007540,Live Search,live_search,Healthcare IT Manager,Indeed,Indeed,Healthcare IT & Digital Health,Healthcare IT & Digital Health,,Arab Region,Algeria,Algeria,Live Search,,,2026-07-20,Live search,Indeed,B,Recognized job platform,Platform,63,Medium,,https://dz.indeed.com/jobs?q=Healthcare+IT+Manager&l=Algeria&sort=date,"Direct platform search for Healthcare IT Manager in Algeria. Sort by newest on the platform and verify employer, date, location eligibility and application route."
search-007546,Live Search,live_search,Healthcare IT Manager,Bayt,Bayt,Healthcare IT & Digital Health,Healthcare IT & Digital Health,,Arab Region,Algeria,Algeria,Live Search,,,2026-07-20,Live search,Bayt,B,Recognized job platform,Platform,63,Medium,,https://www.bayt.com/en/algeria/jobs/healthcare-it-manager-jobs/,"Direct platform search for Healthcare IT Manager in Algeria. Sort by newest on the platform and verify employer, date, location eligibility and application route."
search-007551,Live Search,live_search,Health Informatics Director,Indeed,Indeed,Healthcare IT & Digital Health,Healthcare IT & Digital Health,,Arab Region,Algeria,Algeria,Live Search,,,2026-07-20,Live search,Indeed,B,Recognized job platform,Platform,66,Medium,,https://dz.indeed.com/jobs?q=Health+Informatics+Director&l=Algeria&sort=date,"Direct platform search for Health Informatics Director in Algeria. Sort by newest on the platform and verify employer, date, location eligibility and application route."
search-007557,Live Search,live_search,Health Informatics Director,Bayt,Bayt,Healthcare IT & Digital Health,Healthcare IT & Digital Health,,Arab Region,Algeria,Algeria,Live Search,,,2026-07-20,Live search,Bayt,B,Recognized job platform,Platform,66,Medium,,https://www.bayt.com/en/algeria/jobs/health-informatics-director-jobs/,"Direct platform search for Health Informatics Director in Algeria. Sort by newest on the platform and verify employer, date, location eligibility and application route."
search-007562,Live Search,live_search,Digital Health Director,Indeed,Indeed,Healthcare IT & Digital Health,Healthcare IT & Digital Health,,Arab Region,Algeria,Algeria,Live Search,,,2026-07-20,Live search,Indeed,B,Recognized job platform,Platform,66,Medium,,https://dz.indeed.com/jobs?q=Digital+Health+Director&l=Algeria&sort=date,"Direct platform search for Digital Health Director in Algeria. Sort by newest on the platform and verify employer, date, location eligibility and application route."
search-007568,Live Search,live_search,Digital Health Director,Bayt,Bayt,Healthcare IT & Digital Health,Healthcare IT & Digital Health,,Arab Region,Algeria,Algeria,Live Search,,,2026-07-20,Live search,Bayt,B,Recognized job platform,Platform,66,Medium,,https://www.bayt.com/en/algeria/jobs/digital-health-director-jobs/,"Direct platform search for Digital Health Director in Algeria. Sort by newest on the platform and verify employer, date, location eligibility and application route."
search-007573,Live Search,live_search,Data Governance Manager,Indeed,Indeed,Data & Governance,Data & Governance,,Arab Region,Algeria,Algeria,Live Search,,,2026-07-20,Live search,Indeed,B,Recognized job platform,Platform,61,Medium,,https://dz.indeed.com/jobs?q=Data+Governance+Manager&l=Algeria&sort=date,"Direct platform search for Data Governance Manager in Algeria. Sort by newest on the platform and verify employer, date, location eligibility and application route."
search-007579,Live Search,live_search,Data Governance Manager,Bayt,Bayt,Data & Governance,Data & Governance,,Arab Region,Algeria,Algeria,Live Search,,,2026-07-20,Live search,Bayt,B,Recognized job platform,Platform,61,Medium,,https://www.bayt.com/en/algeria/jobs/data-governance-manager-jobs/,"Direct platform search for Data Governance Manager in Algeria. Sort by newest on the platform and verify employer, date, location eligibility and application route."
search-007584,Live Search,live_search,Data Platform Manager,Indeed,Indeed,Data & Governance,Data & Governance,,Arab Region,Algeria,Algeria,Live Search,,,2026-07-20,Live search,Indeed,B,Recognized job platform,Platform,57,Low,,https://dz.indeed.com/jobs?q=Data+Platform+Manager&l=Algeria&sort=date,"Direct platform search for Data Platform Manager in Algeria. Sort by newest on the platform and verify employer, date, location eligibility and application route."
search-007590,Live Search,live_search,Data Platform Manager,Bayt,Bayt,Data & Governance,Data & Governance,,Arab Region,Algeria,Algeria,Live Search,,,2026-07-20,Live search,Bayt,B,Recognized job platform,Platform,57,Low,,https://www.bayt.com/en/algeria/jobs/data-platform-manager-jobs/,"Direct platform search for Data Platform Manager in Algeria. Sort by newest on the platform and verify employer, date, location eligibility and application route."
search-007595,Live Search,live_search,Business Intelligence Director,Indeed,Indeed,Data & Governance,Data & Governance,,Arab Region,Algeria,Algeria,Live Search,,,2026-07-20,Live search,Indeed,B,Recognized job platform,Platform,61,Medium,,https://dz.indeed.com/jobs?q=Business+Intelligence+Director&l=Algeria&sort=date,"Direct platform search for Business Intelligence Director in Algeria. Sort by newest on the platform and verify employer, date, location eligibility and application route."
search-007601,Live Search,live_search,Business Intelligence Director,Bayt,Bayt,Data & Governance,Data & Governance,,Arab Region,Algeria,Algeria,Live Search,,,2026-07-20,Live search,Bayt,B,Recognized job platform,Platform,61,Medium,,https://www.bayt.com/en/algeria/jobs/business-intelligence-director-jobs/,"Direct platform search for Business Intelligence Director in Algeria. Sort by newest on the platform and verify employer, date, location eligibility and application route."
search-007606,Live Search,live_search,Analytics Director,Indeed,Indeed,Data & Governance,Data & Governance,,Arab Region,Algeria,Algeria,Live Search,,,2026-07-20,Live search,Indeed,B,Recognized job platform,Platform,63,Medium,,https://dz.indeed.com/jobs?q=Analytics+Director&l=Algeria&sort=date,"Direct platform search for Analytics Director in Algeria. Sort by newest on the platform and verify employer, date, location eligibility and application route."
search-007612,Live Search,live_search,Analytics Director,Bayt,Bayt,Data & Governance,Data & Governance,,Arab Region,Algeria,Algeria,Live Search,,,2026-07-20,Live search,Bayt,B,Recognized job platform,Platform,63,Medium,,https://www.bayt.com/en/algeria/jobs/analytics-director-jobs/,"Direct platform search for Analytics Director in Algeria. Sort by newest on the platform and verify employer, date, location eligibility and application route."
search-007617,Live Search,live_search,AI Strategy Manager,Indeed,Indeed,IT Strategy & Governance,IT Strategy & Governance,,Arab Region,Algeria,Algeria,Live Search,,,2026-07-20,Live search,Indeed,B,Recognized job platform,Platform,59,Low,,https://dz.indeed.com/jobs?q=AI+Strategy+Manager&l=Algeria&sort=date,"Direct platform search for AI Strategy Manager in Algeria. Sort by newest on the platform and verify employer, date, location eligibility and application route."
search-007623,Live Search,live_search,AI Strategy Manager,Bayt,Bayt,IT Strategy & Governance,IT Strategy & Governance,,Arab Region,Algeria,Algeria,Live Search,,,2026-07-20,Live search,Bayt,B,Recognized job platform,Platform,59,Low,,https://www.bayt.com/en/algeria/jobs/ai-strategy-manager-jobs/,"Direct platform search for AI Strategy Manager in Algeria. Sort by newest on the platform and verify employer, date, location eligibility and application route."
search-007628,Live Search,live_search,AI Solutions Architect,Indeed,Indeed,Solution Architecture,Solution Architecture,,Arab Region,Algeria,Algeria,Live Search,,,2026-07-20,Live search,Indeed,B,Recognized job platform,Platform,59,Low,,https://dz.indeed.com/jobs?q=AI+Solutions+Architect&l=Algeria&sort=date,"Direct platform search for AI Solutions Architect in Algeria. Sort by newest on the platform and verify employer, date, location eligibility and application route."
search-007634,Live Search,live_search,AI Solutions Architect,Bayt,Bayt,Solution Architecture,Solution Architecture,,Arab Region,Algeria,Algeria,Live Search,,,2026-07-20,Live search,Bayt,B,Recognized job platform,Platform,59,Low,,https://www.bayt.com/en/algeria/jobs/ai-solutions-architect-jobs/,"Direct platform search for AI Solutions Architect in Algeria. Sort by newest on the platform and verify employer, date, location eligibility and application route."
search-007639,Live Search,live_search,Technical Program Manager,Indeed,Indeed,Programme & Delivery,Programme & Delivery,,Arab Region,Algeria,Algeria,Live Search,,,2026-07-20,Live search,Indeed,B,Recognized job platform,Platform,61,Medium,,https://dz.indeed.com/jobs?q=Technical+Program+Manager&l=Algeria&sort=date,"Direct platform search for Technical Program Manager in Algeria. Sort by newest on the platform and verify employer, date, location eligibility and application route."
search-007645,Live Search,live_search,Technical Program Manager,Bayt,Bayt,Programme & Delivery,Programme & Delivery,,Arab Region,Algeria,Algeria,Live Search,,,2026-07-20,Live search,Bayt,B,Recognized job platform,Platform,61,Medium,,https://www.bayt.com/en/algeria/jobs/technical-program-manager-jobs/,"Direct platform search for Technical Program Manager in Algeria. Sort by newest on the platform and verify employer, date, location eligibility and application route."
search-007650,Live Search,live_search,IT Program Manager,Indeed,Indeed,Programme & Delivery,Programme & Delivery,,Arab Region,Algeria,Algeria,Live Search,,,2026-07-20,Live search,Indeed,B,Recognized job platform,Platform,57,Low,,https://dz.indeed.com/jobs?q=IT+Program+Manager&l=Algeria&sort=date,"Direct platform search for IT Program Manager in Algeria. Sort by newest on the platform and verify employer, date, location eligibility and application route."
search-007656,Live Search,live_search,IT Program Manager,Bayt,Bayt,Programme & Delivery,Programme & Delivery,,Arab Region,Algeria,Algeria,Live Search,,,2026-07-20,Live search,Bayt,B,Recognized job platform,Platform,57,Low,,https://www.bayt.com/en/algeria/jobs/it-program-manager-jobs/,"Direct platform search for IT Program Manager in Algeria. Sort by newest on the platform and verify employer, date, location eligibility and application route."
search-007661,Live Search,live_search,PMO Director,Indeed,Indeed,Technology Leadership,Technology Leadership,,Arab Region,Algeria,Algeria,Live Search,,,2026-07-20,Live search,Indeed,B,Recognized job platform,Platform,57,Low,,https://dz.indeed.com/jobs?q=PMO+Director&l=Algeria&sort=date,"Direct platform search for PMO Director in Algeria. Sort by newest on the platform and verify employer, date, location eligibility and application route."
search-007667,Live Search,live_search,PMO Director,Bayt,Bayt,Technology Leadership,Technology Leadership,,Arab Region,Algeria,Algeria,Live Search,,,2026-07-20,Live search,Bayt,B,Recognized job platform,Platform,57,Low,,https://www.bayt.com/en/algeria/jobs/pmo-director-jobs/,"Direct platform search for PMO Director in Algeria. Sort by newest on the platform and verify employer, date, location eligibility and application route."
search-007672,Live Search,live_search,Technology Delivery Manager,Indeed,Indeed,Programme & Delivery,Programme & Delivery,,Arab Region,Algeria,Algeria,Live Search,,,2026-07-20,Live search,Indeed,B,Recognized job platform,Platform,57,Low,,https://dz.indeed.com/jobs?q=Technology+Delivery+Manager&l=Algeria&sort=date,"Direct platform search for Technology Delivery Manager in Algeria. Sort by newest on the platform and verify employer, date, location eligibility and application route."
search-007678,Live Search,live_search,Technology Delivery Manager,Bayt,Bayt,Programme & Delivery,Programme & Delivery,,Arab Region,Algeria,Algeria,Live Search,,,2026-07-20,Live search,Bayt,B,Recognized job platform,Platform,57,Low,,https://www.bayt.com/en/algeria/jobs/technology-delivery-manager-jobs/,"Direct platform search for Technology Delivery Manager in Algeria. Sort by newest on the platform and verify employer, date, location eligibility and application route."
search-007683,Live Search,live_search,Systems Manager,Indeed,Indeed,IT Operations,IT Operations,,Arab Region,Algeria,Algeria,Live Search,,,2026-07-20,Live search,Indeed,B,Recognized job platform,Platform,57,Low,,https://dz.indeed.com/jobs?q=Systems+Manager&l=Algeria&sort=date,"Direct platform search for Systems Manager in Algeria. Sort by newest on the platform and verify employer, date, location eligibility and application route."
search-007689,Live Search,live_search,Systems Manager,Bayt,Bayt,IT Operations,IT Operations,,Arab Region,Algeria,Algeria,Live Search,,,2026-07-20,Live search,Bayt,B,Recognized job platform,Platform,57,Low,,https://www.bayt.com/en/algeria/jobs/systems-manager-jobs/,"Direct platform search for Systems Manager in Algeria. Sort by newest on the platform and verify employer, date, location eligibility and application route."
search-007694,Live Search,live_search,Infrastructure Manager,Indeed,Indeed,Technology & Digital,Technology & Digital,,Arab Region,Algeria,Algeria,Live Search,,,2026-07-20,Live search,Indeed,B,Recognized job platform,Platform,54,Low,,https://dz.indeed.com/jobs?q=Infrastructure+Manager&l=Algeria&sort=date,"Direct platform search for Infrastructure Manager in Algeria. Sort by newest on the platform and verify employer, date, location eligibility and application route."
search-007700,Live Search,live_search,Infrastructure Manager,Bayt,Bayt,Technology & Digital,Technology & Digital,,Arab Region,Algeria,Algeria,Live Search,,,2026-07-20,Live search,Bayt,B,Recognized job platform,Platform,54,Low,,https://www.bayt.com/en/algeria/jobs/infrastructure-manager-jobs/,"Direct platform search for Infrastructure Manager in Algeria. Sort by newest on the platform and verify employer, date, location eligibility and application route."
search-007705,Live Search,live_search,IT Operations Manager,Indeed,Indeed,IT Operations,IT Operations,,Arab Region,Algeria,Algeria,Live Search,,,2026-07-20,Live search,Indeed,B,Recognized job platform,Platform,54,Low,,https://dz.indeed.com/jobs?q=IT+Operations+Manager&l=Algeria&sort=date,"Direct platform search for IT Operations Manager in Algeria. Sort by newest on the platform and verify employer, date, location eligibility and application route."
search-007711,Live Search,live_search,IT Operations Manager,Bayt,Bayt,IT Operations,IT Operations,,Arab Region,Algeria,Algeria,Live Search,,,2026-07-20,Live search,Bayt,B,Recognized job platform,Platform,54,Low,,https://www.bayt.com/en/algeria/jobs/it-operations-manager-jobs/,"Direct platform search for IT Operations Manager in Algeria. Sort by newest on the platform and verify employer, date, location eligibility and application route."
search-007716,Live Search,live_search,Service Delivery Manager,Indeed,Indeed,Programme & Delivery,Programme & Delivery,,Arab Region,Algeria,Algeria,Live Search,,,2026-07-20,Live search,Indeed,B,Recognized job platform,Platform,57,Low,,https://dz.indeed.com/jobs?q=Service+Delivery+Manager&l=Algeria&sort=date,"Direct platform search for Service Delivery Manager in Algeria. Sort by newest on the platform and verify employer, date, location eligibility and application route."
search-007722,Live Search,live_search,Service Delivery Manager,Bayt,Bayt,Programme & Delivery,Programme & Delivery,,Arab Region,Algeria,Algeria,Live Search,,,2026-07-20,Live search,Bayt,B,Recognized job platform,Platform,57,Low,,https://www.bayt.com/en/algeria/jobs/service-delivery-manager-jobs/,"Direct platform search for Service Delivery Manager in Algeria. Sort by newest on the platform and verify employer, date, location eligibility and application route."
search-007727,Live Search,live_search,Solutions Engineering Manager,Indeed,Indeed,Solution Architecture,Solution Architecture,,Arab Region,Algeria,Algeria,Live Search,,,2026-07-20,Live search,Indeed,B,Recognized job platform,Platform,59,Low,,https://dz.indeed.com/jobs?q=Solutions+Engineering+Manager&l=Algeria&sort=date,"Direct platform search for Solutions Engineering Manager in Algeria. Sort by newest on the platform and verify employer, date, location eligibility and application route."
search-007733,Live Search,live_search,Solutions Engineering Manager,Bayt,Bayt,Solution Architecture,Solution Architecture,,Arab Region,Algeria,Algeria,Live Search,,,2026-07-20,Live search,Bayt,B,Recognized job platform,Platform,59,Low,,https://www.bayt.com/en/algeria/jobs/solutions-engineering-manager-jobs/,"Direct platform search for Solutions Engineering Manager in Algeria. Sort by newest on the platform and verify employer, date, location eligibility and application route."
search-007738,Live Search,live_search,Presales Solution Architect,Indeed,Indeed,Solution Architecture,Solution Architecture,,Arab Region,Algeria,Algeria,Live Search,,,2026-07-20,Live search,Indeed,B,Recognized job platform,Platform,59,Low,,https://dz.indeed.com/jobs?q=Presales+Solution+Architect&l=Algeria&sort=date,"Direct platform search for Presales Solution Architect in Algeria. Sort by newest on the platform and verify employer, date, location eligibility and application route."
search-007744,Live Search,live_search,Presales Solution Architect,Bayt,Bayt,Solution Architecture,Solution Architecture,,Arab Region,Algeria,Algeria,Live Search,,,2026-07-20,Live search,Bayt,B,Recognized job platform,Platform,59,Low,,https://www.bayt.com/en/algeria/jobs/presales-solution-architect-jobs/,"Direct platform search for Presales Solution Architect in Algeria. Sort by newest on the platform and verify employer, date, location eligibility and application route."
search-007749,Live Search,live_search,Business Transformation Manager,Indeed,Indeed,Digital Transformation,Digital Transformation,,Arab Region,Algeria,Algeria,Live Search,,,2026-07-20,Live search,Indeed,B,Recognized job platform,Platform,57,Low,,https://dz.indeed.com/jobs?q=Business+Transformation+Manager&l=Algeria&sort=date,"Direct platform search for Business Transformation Manager in Algeria. Sort by newest on the platform and verify employer, date, location eligibility and application route."
search-007755,Live Search,live_search,Business Transformation Manager,Bayt,Bayt,Digital Transformation,Digital Transformation,,Arab Region,Algeria,Algeria,Live Search,,,2026-07-20,Live search,Bayt,B,Recognized job platform,Platform,57,Low,,https://www.bayt.com/en/algeria/jobs/business-transformation-manager-jobs/,"Direct platform search for Business Transformation Manager in Algeria. Sort by newest on the platform and verify employer, date, location eligibility and application route."
search-007760,Live Search,live_search,Business Architect,Indeed,Indeed,Enterprise Architecture,Enterprise Architecture,,Arab Region,Algeria,Algeria,Live Search,,,2026-07-20,Live search,Indeed,B,Recognized job platform,Platform,63,Medium,,https://dz.indeed.com/jobs?q=Business+Architect&l=Algeria&sort=date,"Direct platform search for Business Architect in Algeria. Sort by newest on the platform and verify employer, date, location eligibility and application route."
search-007766,Live Search,live_search,Business Architect,Bayt,Bayt,Enterprise Architecture,Enterprise Architecture,,Arab Region,Algeria,Algeria,Live Search,,,2026-07-20,Live search,Bayt,B,Recognized job platform,Platform,63,Medium,,https://www.bayt.com/en/algeria/jobs/business-architect-jobs/,"Direct platform search for Business Architect in Algeria. Sort by newest on the platform and verify employer, date, location eligibility and application route."
search-007771,Live Search,live_search,IT Portfolio Manager,Indeed,Indeed,IT Strategy & Governance,IT Strategy & Governance,,Arab Region,Algeria,Algeria,Live Search,,,2026-07-20,Live search,Indeed,B,Recognized job platform,Platform,59,Low,,https://dz.indeed.com/jobs?q=IT+Portfolio+Manager&l=Algeria&sort=date,"Direct platform search for IT Portfolio Manager in Algeria. Sort by newest on the platform and verify employer, date, location eligibility and application route."
search-007777,Live Search,live_search,IT Portfolio Manager,Bayt,Bayt,IT Strategy & Governance,IT Strategy & Governance,,Arab Region,Algeria,Algeria,Live Search,,,2026-07-20,Live search,Bayt,B,Recognized job platform,Platform,59,Low,,https://www.bayt.com/en/algeria/jobs/it-portfolio-manager-jobs/,"Direct platform search for IT Portfolio Manager in Algeria. Sort by newest on the platform and verify employer, date, location eligibility and application route."
search-007782,Live Search,live_search,Product Director,Indeed,Indeed,Technology Leadership,Technology Leadership,,Arab Region,Algeria,Algeria,Live Search,,,2026-07-20,Live search,Indeed,B,Recognized job platform,Platform,57,Low,,https://dz.indeed.com/jobs?q=Product+Director&l=Algeria&sort=date,"Direct platform search for Product Director in Algeria. Sort by newest on the platform and verify employer, date, location eligibility and application route."
search-007788,Live Search,live_search,Product Director,Bayt,Bayt,Technology Leadership,Technology Leadership,,Arab Region,Algeria,Algeria,Live Search,,,2026-07-20,Live search,Bayt,B,Recognized job platform,Platform,57,Low,,https://www.bayt.com/en/algeria/jobs/product-director-jobs/,"Direct platform search for Product Director in Algeria. Sort by newest on the platform and verify employer, date, location eligibility and application route."
search-007793,Live Search,live_search,Digital Product Manager,Indeed,Indeed,Digital Product,Digital Product,,Arab Region,Algeria,Algeria,Live Search,,,2026-07-20,Live search,Indeed,B,Recognized job platform,Platform,54,Low,,https://dz.indeed.com/jobs?q=Digital+Product+Manager&l=Algeria&sort=date,"Direct platform search for Digital Product Manager in Algeria. Sort by newest on the platform and verify employer, date, location eligibility and application route."
search-007799,Live Search,live_search,Digital Product Manager,Bayt,Bayt,Digital Product,Digital Product,,Arab Region,Algeria,Algeria,Live Search,,,2026-07-20,Live search,Bayt,B,Recognized job platform,Platform,54,Low,,https://www.bayt.com/en/algeria/jobs/digital-product-manager-jobs/,"Direct platform search for Digital Product Manager in Algeria. Sort by newest on the platform and verify employer, date, location eligibility and application route."
search-007804,Live Search,live_search,Enterprise Architect,Indeed,Indeed,Enterprise Architecture,Enterprise Architecture,,Arab Region,Tunisia,Tunisia,Live Search,,,2026-07-20,Live search,Indeed,B,Recognized job platform,Platform,63,Medium,,https://tn.indeed.com/jobs?q=Enterprise+Architect&l=Tunisia&sort=date,"Direct platform search for Enterprise Architect in Tunisia. Sort by newest on the platform and verify employer, date, location eligibility and application route."
search-007810,Live Search,live_search,Enterprise Architect,Bayt,Bayt,Enterprise Architecture,Enterprise Architecture,,Arab Region,Tunisia,Tunisia,Live Search,,,2026-07-20,Live search,Bayt,B,Recognized job platform,Platform,63,Medium,,https://www.bayt.com/en/tunisia/jobs/enterprise-architect-jobs/,"Direct platform search for Enterprise Architect in Tunisia. Sort by newest on the platform and verify employer, date, location eligibility and application route."
search-007815,Live Search,live_search,Solutions Architect,Indeed,Indeed,Solution Architecture,Solution Architecture,,Arab Region,Tunisia,Tunisia,Live Search,,,2026-07-20,Live search,Indeed,B,Recognized job platform,Platform,59,Low,,https://tn.indeed.com/jobs?q=Solutions+Architect&l=Tunisia&sort=date,"Direct platform search for Solutions Architect in Tunisia. Sort by newest on the platform and verify employer, date, location eligibility and application route."
search-007821,Live Search,live_search,Solutions Architect,Bayt,Bayt,Solution Architecture,Solution Architecture,,Arab Region,Tunisia,Tunisia,Live Search,,,2026-07-20,Live search,Bayt,B,Recognized job platform,Platform,59,Low,,https://www.bayt.com/en/tunisia/jobs/solutions-architect-jobs/,"Direct platform search for Solutions Architect in Tunisia. Sort by newest on the platform and verify employer, date, location eligibility and application route."
search-007826,Live Search,live_search,Solution Architect,Indeed,Indeed,Solution Architecture,Solution Architecture,,Arab Region,Tunisia,Tunisia,Live Search,,,2026-07-20,Live search,Indeed,B,Recognized job platform,Platform,59,Low,,https://tn.indeed.com/jobs?q=Solution+Architect&l=Tunisia&sort=date,"Direct platform search for Solution Architect in Tunisia. Sort by newest on the platform and verify employer, date, location eligibility and application route."
search-007832,Live Search,live_search,Solution Architect,Bayt,Bayt,Solution Architecture,Solution Architecture,,Arab Region,Tunisia,Tunisia,Live Search,,,2026-07-20,Live search,Bayt,B,Recognized job platform,Platform,59,Low,,https://www.bayt.com/en/tunisia/jobs/solution-architect-jobs/,"Direct platform search for Solution Architect in Tunisia. Sort by newest on the platform and verify employer, date, location eligibility and application route."
search-007837,Live Search,live_search,Technical Architect,Indeed,Indeed,Solution Architecture,Solution Architecture,,Arab Region,Tunisia,Tunisia,Live Search,,,2026-07-20,Live search,Indeed,B,Recognized job platform,Platform,59,Low,,https://tn.indeed.com/jobs?q=Technical+Architect&l=Tunisia&sort=date,"Direct platform search for Technical Architect in Tunisia. Sort by newest on the platform and verify employer, date, location eligibility and application route."
search-007843,Live Search,live_search,Technical Architect,Bayt,Bayt,Solution Architecture,Solution Architecture,,Arab Region,Tunisia,Tunisia,Live Search,,,2026-07-20,Live search,Bayt,B,Recognized job platform,Platform,59,Low,,https://www.bayt.com/en/tunisia/jobs/technical-architect-jobs/,"Direct platform search for Technical Architect in Tunisia. Sort by newest on the platform and verify employer, date, location eligibility and application route."
search-007848,Live Search,live_search,Cloud Architect,Indeed,Indeed,Cloud & Infrastructure,Cloud & Infrastructure,,Arab Region,Tunisia,Tunisia,Live Search,,,2026-07-20,Live search,Indeed,B,Recognized job platform,Platform,56,Low,,https://tn.indeed.com/jobs?q=Cloud+Architect&l=Tunisia&sort=date,"Direct platform search for Cloud Architect in Tunisia. Sort by newest on the platform and verify employer, date, location eligibility and application route."
search-007854,Live Search,live_search,Cloud Architect,Bayt,Bayt,Cloud & Infrastructure,Cloud & Infrastructure,,Arab Region,Tunisia,Tunisia,Live Search,,,2026-07-20,Live search,Bayt,B,Recognized job platform,Platform,56,Low,,https://www.bayt.com/en/tunisia/jobs/cloud-architect-jobs/,"Direct platform search for Cloud Architect in Tunisia. Sort by newest on the platform and verify employer, date, location eligibility and application route."
search-007859,Live Search,live_search,Data Architect,Indeed,Indeed,Data & Governance,Data & Governance,,Arab Region,Tunisia,Tunisia,Live Search,,,2026-07-20,Live search,Indeed,B,Recognized job platform,Platform,57,Low,,https://tn.indeed.com/jobs?q=Data+Architect&l=Tunisia&sort=date,"Direct platform search for Data Architect in Tunisia. Sort by newest on the platform and verify employer, date, location eligibility and application route."
search-007865,Live Search,live_search,Data Architect,Bayt,Bayt,Data & Governance,Data & Governance,,Arab Region,Tunisia,Tunisia,Live Search,,,2026-07-20,Live search,Bayt,B,Recognized job platform,Platform,57,Low,,https://www.bayt.com/en/tunisia/jobs/data-architect-jobs/,"Direct platform search for Data Architect in Tunisia. Sort by newest on the platform and verify employer, date, location eligibility and application route."
search-007870,Live Search,live_search,Integration Architect,Indeed,Indeed,Integration Architecture,Integration Architecture,,Arab Region,Tunisia,Tunisia,Live Search,,,2026-07-20,Live search,Indeed,B,Recognized job platform,Platform,61,Medium,,https://tn.indeed.com/jobs?q=Integration+Architect&l=Tunisia&sort=date,"Direct platform search for Integration Architect in Tunisia. Sort by newest on the platform and verify employer, date, location eligibility and application route."
search-007876,Live Search,live_search,Integration Architect,Bayt,Bayt,Integration Architecture,Integration Architecture,,Arab Region,Tunisia,Tunisia,Live Search,,,2026-07-20,Live search,Bayt,B,Recognized job platform,Platform,61,Medium,,https://www.bayt.com/en/tunisia/jobs/integration-architect-jobs/,"Direct platform search for Integration Architect in Tunisia. Sort by newest on the platform and verify employer, date, location eligibility and application route."
search-007881,Live Search,live_search,Application Architect,Indeed,Indeed,Solution Architecture,Solution Architecture,,Arab Region,Tunisia,Tunisia,Live Search,,,2026-07-20,Live search,Indeed,B,Recognized job platform,Platform,59,Low,,https://tn.indeed.com/jobs?q=Application+Architect&l=Tunisia&sort=date,"Direct platform search for Application Architect in Tunisia. Sort by newest on the platform and verify employer, date, location eligibility and application route."
search-007887,Live Search,live_search,Application Architect,Bayt,Bayt,Solution Architecture,Solution Architecture,,Arab Region,Tunisia,Tunisia,Live Search,,,2026-07-20,Live search,Bayt,B,Recognized job platform,Platform,59,Low,,https://www.bayt.com/en/tunisia/jobs/application-architect-jobs/,"Direct platform search for Application Architect in Tunisia. Sort by newest on the platform and verify employer, date, location eligibility and application route."
search-007892,Live Search,live_search,Security Architect,Indeed,Indeed,Cybersecurity,Cybersecurity,,Arab Region,Tunisia,Tunisia,Live Search,,,2026-07-20,Live search,Indeed,B,Recognized job platform,Platform,54,Low,,https://tn.indeed.com/jobs?q=Security+Architect&l=Tunisia&sort=date,"Direct platform search for Security Architect in Tunisia. Sort by newest on the platform and verify employer, date, location eligibility and application route."
search-007898,Live Search,live_search,Security Architect,Bayt,Bayt,Cybersecurity,Cybersecurity,,Arab Region,Tunisia,Tunisia,Live Search,,,2026-07-20,Live search,Bayt,B,Recognized job platform,Platform,54,Low,,https://www.bayt.com/en/tunisia/jobs/security-architect-jobs/,"Direct platform search for Security Architect in Tunisia. Sort by newest on the platform and verify employer, date, location eligibility and application route."
search-007903,Live Search,live_search,Infrastructure Architect,Indeed,Indeed,Cloud & Infrastructure,Cloud & Infrastructure,,Arab Region,Tunisia,Tunisia,Live Search,,,2026-07-20,Live search,Indeed,B,Recognized job platform,Platform,56,Low,,https://tn.indeed.com/jobs?q=Infrastructure+Architect&l=Tunisia&sort=date,"Direct platform search for Infrastructure Architect in Tunisia. Sort by newest on the platform and verify employer, date, location eligibility and application route."
search-007909,Live Search,live_search,Infrastructure Architect,Bayt,Bayt,Cloud & Infrastructure,Cloud & Infrastructure,,Arab Region,Tunisia,Tunisia,Live Search,,,2026-07-20,Live search,Bayt,B,Recognized job platform,Platform,56,Low,,https://www.bayt.com/en/tunisia/jobs/infrastructure-architect-jobs/,"Direct platform search for Infrastructure Architect in Tunisia. Sort by newest on the platform and verify employer, date, location eligibility and application route."
search-007914,Live Search,live_search,Digital Transformation Director,Indeed,Indeed,Digital Transformation,Digital Transformation,,Arab Region,Tunisia,Tunisia,Live Search,,,2026-07-20,Live search,Indeed,B,Recognized job platform,Platform,61,Medium,,https://tn.indeed.com/jobs?q=Digital+Transformation+Director&l=Tunisia&sort=date,"Direct platform search for Digital Transformation Director in Tunisia. Sort by newest on the platform and verify employer, date, location eligibility and application route."
search-007920,Live Search,live_search,Digital Transformation Director,Bayt,Bayt,Digital Transformation,Digital Transformation,,Arab Region,Tunisia,Tunisia,Live Search,,,2026-07-20,Live search,Bayt,B,Recognized job platform,Platform,61,Medium,,https://www.bayt.com/en/tunisia/jobs/digital-transformation-director-jobs/,"Direct platform search for Digital Transformation Director in Tunisia. Sort by newest on the platform and verify employer, date, location eligibility and application route."
search-007925,Live Search,live_search,Digital Transformation Manager,Indeed,Indeed,Digital Transformation,Digital Transformation,,Arab Region,Tunisia,Tunisia,Live Search,,,2026-07-20,Live search,Indeed,B,Recognized job platform,Platform,57,Low,,https://tn.indeed.com/jobs?q=Digital+Transformation+Manager&l=Tunisia&sort=date,"Direct platform search for Digital Transformation Manager in Tunisia. Sort by newest on the platform and verify employer, date, location eligibility and application route."
search-007931,Live Search,live_search,Digital Transformation Manager,Bayt,Bayt,Digital Transformation,Digital Transformation,,Arab Region,Tunisia,Tunisia,Live Search,,,2026-07-20,Live search,Bayt,B,Recognized job platform,Platform,57,Low,,https://www.bayt.com/en/tunisia/jobs/digital-transformation-manager-jobs/,"Direct platform search for Digital Transformation Manager in Tunisia. Sort by newest on the platform and verify employer, date, location eligibility and application route."
search-007936,Live Search,live_search,Head of Digital Transformation,Indeed,Indeed,Digital Transformation,Digital Transformation,,Arab Region,Tunisia,Tunisia,Live Search,,,2026-07-20,Live search,Indeed,B,Recognized job platform,Platform,57,Low,,https://tn.indeed.com/jobs?q=Head+of+Digital+Transformation&l=Tunisia&sort=date,"Direct platform search for Head of Digital Transformation in Tunisia. Sort by newest on the platform and verify employer, date, location eligibility and application route."
search-007942,Live Search,live_search,Head of Digital Transformation,Bayt,Bayt,Digital Transformation,Digital Transformation,,Arab Region,Tunisia,Tunisia,Live Search,,,2026-07-20,Live search,Bayt,B,Recognized job platform,Platform,57,Low,,https://www.bayt.com/en/tunisia/jobs/head-of-digital-transformation-jobs/,"Direct platform search for Head of Digital Transformation in Tunisia. Sort by newest on the platform and verify employer, date, location eligibility and application route."
search-007947,Live Search,live_search,IT Director,Indeed,Indeed,Technology Leadership,Technology Leadership,,Arab Region,Tunisia,Tunisia,Live Search,,,2026-07-20,Live search,Indeed,B,Recognized job platform,Platform,61,Medium,,https://tn.indeed.com/jobs?q=IT+Director&l=Tunisia&sort=date,"Direct platform search for IT Director in Tunisia. Sort by newest on the platform and verify employer, date, location eligibility and application route."
search-007953,Live Search,live_search,IT Director,Bayt,Bayt,Technology Leadership,Technology Leadership,,Arab Region,Tunisia,Tunisia,Live Search,,,2026-07-20,Live search,Bayt,B,Recognized job platform,Platform,61,Medium,,https://www.bayt.com/en/tunisia/jobs/it-director-jobs/,"Direct platform search for IT Director in Tunisia. Sort by newest on the platform and verify employer, date, location eligibility and application route."
search-007958,Live Search,live_search,Head of IT,Indeed,Indeed,Technology Leadership,Technology Leadership,,Arab Region,Tunisia,Tunisia,Live Search,,,2026-07-20,Live search,Indeed,B,Recognized job platform,Platform,57,Low,,https://tn.indeed.com/jobs?q=Head+of+IT&l=Tunisia&sort=date,"Direct platform search for Head of IT in Tunisia. Sort by newest on the platform and verify employer, date, location eligibility and application route."
search-007964,Live Search,live_search,Head of IT,Bayt,Bayt,Technology Leadership,Technology Leadership,,Arab Region,Tunisia,Tunisia,Live Search,,,2026-07-20,Live search,Bayt,B,Recognized job platform,Platform,57,Low,,https://www.bayt.com/en/tunisia/jobs/head-of-it-jobs/,"Direct platform search for Head of IT in Tunisia. Sort by newest on the platform and verify employer, date, location eligibility and application route."
search-007969,Live Search,live_search,Chief Information Officer,Indeed,Indeed,Technology Leadership,Technology Leadership,,Arab Region,Tunisia,Tunisia,Live Search,,,2026-07-20,Live search,Indeed,B,Recognized job platform,Platform,54,Low,,https://tn.indeed.com/jobs?q=Chief+Information+Officer&l=Tunisia&sort=date,"Direct platform search for Chief Information Officer in Tunisia. Sort by newest on the platform and verify employer, date, location eligibility and application route."
search-007975,Live Search,live_search,Chief Information Officer,Bayt,Bayt,Technology Leadership,Technology Leadership,,Arab Region,Tunisia,Tunisia,Live Search,,,2026-07-20,Live search,Bayt,B,Recognized job platform,Platform,54,Low,,https://www.bayt.com/en/tunisia/jobs/chief-information-officer-jobs/,"Direct platform search for Chief Information Officer in Tunisia. Sort by newest on the platform and verify employer, date, location eligibility and application route."
search-007980,Live Search,live_search,Chief Technology Officer,Indeed,Indeed,Technology Leadership,Technology Leadership,,Arab Region,Tunisia,Tunisia,Live Search,,,2026-07-20,Live search,Indeed,B,Recognized job platform,Platform,54,Low,,https://tn.indeed.com/jobs?q=Chief+Technology+Officer&l=Tunisia&sort=date,"Direct platform search for Chief Technology Officer in Tunisia. Sort by newest on the platform and verify employer, date, location eligibility and application route."
search-007986,Live Search,live_search,Chief Technology Officer,Bayt,Bayt,Technology Leadership,Technology Leadership,,Arab Region,Tunisia,Tunisia,Live Search,,,2026-07-20,Live search,Bayt,B,Recognized job platform,Platform,54,Low,,https://www.bayt.com/en/tunisia/jobs/chief-technology-officer-jobs/,"Direct platform search for Chief Technology Officer in Tunisia. Sort by newest on the platform and verify employer, date, location eligibility and application route."
search-007991,Live Search,live_search,Technology Director,Indeed,Indeed,Technology Leadership,Technology Leadership,,Arab Region,Tunisia,Tunisia,Live Search,,,2026-07-20,Live search,Indeed,B,Recognized job platform,Platform,61,Medium,,https://tn.indeed.com/jobs?q=Technology+Director&l=Tunisia&sort=date,"Direct platform search for Technology Director in Tunisia. Sort by newest on the platform and verify employer, date, location eligibility and application route."
search-007997,Live Search,live_search,Technology Director,Bayt,Bayt,Technology Leadership,Technology Leadership,,Arab Region,Tunisia,Tunisia,Live Search,,,2026-07-20,Live search,Bayt,B,Recognized job platform,Platform,61,Medium,,https://www.bayt.com/en/tunisia/jobs/technology-director-jobs/,"Direct platform search for Technology Director in Tunisia. Sort by newest on the platform and verify employer, date, location eligibility and application route."
search-008002,Live Search,live_search,IT Strategy Manager,Indeed,Indeed,IT Strategy & Governance,IT Strategy & Governance,,Arab Region,Tunisia,Tunisia,Live Search,,,2026-07-20,Live search,Indeed,B,Recognized job platform,Platform,59,Low,,https://tn.indeed.com/jobs?q=IT+Strategy+Manager&l=Tunisia&sort=date,"Direct platform search for IT Strategy Manager in Tunisia. Sort by newest on the platform and verify employer, date, location eligibility and application route."
search-008008,Live Search,live_search,IT Strategy Manager,Bayt,Bayt,IT Strategy & Governance,IT Strategy & Governance,,Arab Region,Tunisia,Tunisia,Live Search,,,2026-07-20,Live search,Bayt,B,Recognized job platform,Platform,59,Low,,https://www.bayt.com/en/tunisia/jobs/it-strategy-manager-jobs/,"Direct platform search for IT Strategy Manager in Tunisia. Sort by newest on the platform and verify employer, date, location eligibility and application route."
search-008013,Live Search,live_search,IT Governance Manager,Indeed,Indeed,IT Strategy & Governance,IT Strategy & Governance,,Arab Region,Tunisia,Tunisia,Live Search,,,2026-07-20,Live search,Indeed,B,Recognized job platform,Platform,59,Low,,https://tn.indeed.com/jobs?q=IT+Governance+Manager&l=Tunisia&sort=date,"Direct platform search for IT Governance Manager in Tunisia. Sort by newest on the platform and verify employer, date, location eligibility and application route."
search-008019,Live Search,live_search,IT Governance Manager,Bayt,Bayt,IT Strategy & Governance,IT Strategy & Governance,,Arab Region,Tunisia,Tunisia,Live Search,,,2026-07-20,Live search,Bayt,B,Recognized job platform,Platform,59,Low,,https://www.bayt.com/en/tunisia/jobs/it-governance-manager-jobs/,"Direct platform search for IT Governance Manager in Tunisia. Sort by newest on the platform and verify employer, date, location eligibility and application route."
search-008024,Live Search,live_search,Enterprise Applications Manager,Indeed,Indeed,Enterprise Applications,Enterprise Applications,,Arab Region,Tunisia,Tunisia,Live Search,,,2026-07-20,Live search,Indeed,B,Recognized job platform,Platform,57,Low,,https://tn.indeed.com/jobs?q=Enterprise+Applications+Manager&l=Tunisia&sort=date,"Direct platform search for Enterprise Applications Manager in Tunisia. Sort by newest on the platform and verify employer, date, location eligibility and application route."
search-008030,Live Search,live_search,Enterprise Applications Manager,Bayt,Bayt,Enterprise Applications,Enterprise Applications,,Arab Region,Tunisia,Tunisia,Live Search,,,2026-07-20,Live search,Bayt,B,Recognized job platform,Platform,57,Low,,https://www.bayt.com/en/tunisia/jobs/enterprise-applications-manager-jobs/,"Direct platform search for Enterprise Applications Manager in Tunisia. Sort by newest on the platform and verify employer, date, location eligibility and application route."
search-008035,Live Search,live_search,ERP Program Manager,Indeed,Indeed,Programme & Delivery,Programme & Delivery,,Arab Region,Tunisia,Tunisia,Live Search,,,2026-07-20,Live search,Indeed,B,Recognized job platform,Platform,59,Low,,https://tn.indeed.com/jobs?q=ERP+Program+Manager&l=Tunisia&sort=date,"Direct platform search for ERP Program Manager in Tunisia. Sort by newest on the platform and verify employer, date, location eligibility and application route."
search-008041,Live Search,live_search,ERP Program Manager,Bayt,Bayt,Programme & Delivery,Programme & Delivery,,Arab Region,Tunisia,Tunisia,Live Search,,,2026-07-20,Live search,Bayt,B,Recognized job platform,Platform,59,Low,,https://www.bayt.com/en/tunisia/jobs/erp-program-manager-jobs/,"Direct platform search for ERP Program Manager in Tunisia. Sort by newest on the platform and verify employer, date, location eligibility and application route."
search-008046,Live Search,live_search,SAP Program Manager,Indeed,Indeed,Programme & Delivery,Programme & Delivery,,Arab Region,Tunisia,Tunisia,Live Search,,,2026-07-20,Live search,Indeed,B,Recognized job platform,Platform,57,Low,,https://tn.indeed.com/jobs?q=SAP+Program+Manager&l=Tunisia&sort=date,"Direct platform search for SAP Program Manager in Tunisia. Sort by newest on the platform and verify employer, date, location eligibility and application route."
search-008052,Live Search,live_search,SAP Program Manager,Bayt,Bayt,Programme & Delivery,Programme & Delivery,,Arab Region,Tunisia,Tunisia,Live Search,,,2026-07-20,Live search,Bayt,B,Recognized job platform,Platform,57,Low,,https://www.bayt.com/en/tunisia/jobs/sap-program-manager-jobs/,"Direct platform search for SAP Program Manager in Tunisia. Sort by newest on the platform and verify employer, date, location eligibility and application route."
search-008057,Live Search,live_search,Healthcare IT Manager,Indeed,Indeed,Healthcare IT & Digital Health,Healthcare IT & Digital Health,,Arab Region,Tunisia,Tunisia,Live Search,,,2026-07-20,Live search,Indeed,B,Recognized job platform,Platform,63,Medium,,https://tn.indeed.com/jobs?q=Healthcare+IT+Manager&l=Tunisia&sort=date,"Direct platform search for Healthcare IT Manager in Tunisia. Sort by newest on the platform and verify employer, date, location eligibility and application route."
search-008063,Live Search,live_search,Healthcare IT Manager,Bayt,Bayt,Healthcare IT & Digital Health,Healthcare IT & Digital Health,,Arab Region,Tunisia,Tunisia,Live Search,,,2026-07-20,Live search,Bayt,B,Recognized job platform,Platform,63,Medium,,https://www.bayt.com/en/tunisia/jobs/healthcare-it-manager-jobs/,"Direct platform search for Healthcare IT Manager in Tunisia. Sort by newest on the platform and verify employer, date, location eligibility and application route."
search-008068,Live Search,live_search,Health Informatics Director,Indeed,Indeed,Healthcare IT & Digital Health,Healthcare IT & Digital Health,,Arab Region,Tunisia,Tunisia,Live Search,,,2026-07-20,Live search,Indeed,B,Recognized job platform,Platform,66,Medium,,https://tn.indeed.com/jobs?q=Health+Informatics+Director&l=Tunisia&sort=date,"Direct platform search for Health Informatics Director in Tunisia. Sort by newest on the platform and verify employer, date, location eligibility and application route."
search-008074,Live Search,live_search,Health Informatics Director,Bayt,Bayt,Healthcare IT & Digital Health,Healthcare IT & Digital Health,,Arab Region,Tunisia,Tunisia,Live Search,,,2026-07-20,Live search,Bayt,B,Recognized job platform,Platform,66,Medium,,https://www.bayt.com/en/tunisia/jobs/health-informatics-director-jobs/,"Direct platform search for Health Informatics Director in Tunisia. Sort by newest on the platform and verify employer, date, location eligibility and application route."
search-008079,Live Search,live_search,Digital Health Director,Indeed,Indeed,Healthcare IT & Digital Health,Healthcare IT & Digital Health,,Arab Region,Tunisia,Tunisia,Live Search,,,2026-07-20,Live search,Indeed,B,Recognized job platform,Platform,66,Medium,,https://tn.indeed.com/jobs?q=Digital+Health+Director&l=Tunisia&sort=date,"Direct platform search for Digital Health Director in Tunisia. Sort by newest on the platform and verify employer, date, location eligibility and application route."
search-008085,Live Search,live_search,Digital Health Director,Bayt,Bayt,Healthcare IT & Digital Health,Healthcare IT & Digital Health,,Arab Region,Tunisia,Tunisia,Live Search,,,2026-07-20,Live search,Bayt,B,Recognized job platform,Platform,66,Medium,,https://www.bayt.com/en/tunisia/jobs/digital-health-director-jobs/,"Direct platform search for Digital Health Director in Tunisia. Sort by newest on the platform and verify employer, date, location eligibility and application route."
search-008090,Live Search,live_search,Data Governance Manager,Indeed,Indeed,Data & Governance,Data & Governance,,Arab Region,Tunisia,Tunisia,Live Search,,,2026-07-20,Live search,Indeed,B,Recognized job platform,Platform,61,Medium,,https://tn.indeed.com/jobs?q=Data+Governance+Manager&l=Tunisia&sort=date,"Direct platform search for Data Governance Manager in Tunisia. Sort by newest on the platform and verify employer, date, location eligibility and application route."
search-008096,Live Search,live_search,Data Governance Manager,Bayt,Bayt,Data & Governance,Data & Governance,,Arab Region,Tunisia,Tunisia,Live Search,,,2026-07-20,Live search,Bayt,B,Recognized job platform,Platform,61,Medium,,https://www.bayt.com/en/tunisia/jobs/data-governance-manager-jobs/,"Direct platform search for Data Governance Manager in Tunisia. Sort by newest on the platform and verify employer, date, location eligibility and application route."
search-008101,Live Search,live_search,Data Platform Manager,Indeed,Indeed,Data & Governance,Data & Governance,,Arab Region,Tunisia,Tunisia,Live Search,,,2026-07-20,Live search,Indeed,B,Recognized job platform,Platform,57,Low,,https://tn.indeed.com/jobs?q=Data+Platform+Manager&l=Tunisia&sort=date,"Direct platform search for Data Platform Manager in Tunisia. Sort by newest on the platform and verify employer, date, location eligibility and application route."
search-008107,Live Search,live_search,Data Platform Manager,Bayt,Bayt,Data & Governance,Data & Governance,,Arab Region,Tunisia,Tunisia,Live Search,,,2026-07-20,Live search,Bayt,B,Recognized job platform,Platform,57,Low,,https://www.bayt.com/en/tunisia/jobs/data-platform-manager-jobs/,"Direct platform search for Data Platform Manager in Tunisia. Sort by newest on the platform and verify employer, date, location eligibility and application route."
search-008112,Live Search,live_search,Business Intelligence Director,Indeed,Indeed,Data & Governance,Data & Governance,,Arab Region,Tunisia,Tunisia,Live Search,,,2026-07-20,Live search,Indeed,B,Recognized job platform,Platform,61,Medium,,https://tn.indeed.com/jobs?q=Business+Intelligence+Director&l=Tunisia&sort=date,"Direct platform search for Business Intelligence Director in Tunisia. Sort by newest on the platform and verify employer, date, location eligibility and application route."
search-008118,Live Search,live_search,Business Intelligence Director,Bayt,Bayt,Data & Governance,Data & Governance,,Arab Region,Tunisia,Tunisia,Live Search,,,2026-07-20,Live search,Bayt,B,Recognized job platform,Platform,61,Medium,,https://www.bayt.com/en/tunisia/jobs/business-intelligence-director-jobs/,"Direct platform search for Business Intelligence Director in Tunisia. Sort by newest on the platform and verify employer, date, location eligibility and application route."
search-008123,Live Search,live_search,Analytics Director,Indeed,Indeed,Data & Governance,Data & Governance,,Arab Region,Tunisia,Tunisia,Live Search,,,2026-07-20,Live search,Indeed,B,Recognized job platform,Platform,63,Medium,,https://tn.indeed.com/jobs?q=Analytics+Director&l=Tunisia&sort=date,"Direct platform search for Analytics Director in Tunisia. Sort by newest on the platform and verify employer, date, location eligibility and application route."
search-008129,Live Search,live_search,Analytics Director,Bayt,Bayt,Data & Governance,Data & Governance,,Arab Region,Tunisia,Tunisia,Live Search,,,2026-07-20,Live search,Bayt,B,Recognized job platform,Platform,63,Medium,,https://www.bayt.com/en/tunisia/jobs/analytics-director-jobs/,"Direct platform search for Analytics Director in Tunisia. Sort by newest on the platform and verify employer, date, location eligibility and application route."
search-008134,Live Search,live_search,AI Strategy Manager,Indeed,Indeed,IT Strategy & Governance,IT Strategy & Governance,,Arab Region,Tunisia,Tunisia,Live Search,,,2026-07-20,Live search,Indeed,B,Recognized job platform,Platform,59,Low,,https://tn.indeed.com/jobs?q=AI+Strategy+Manager&l=Tunisia&sort=date,"Direct platform search for AI Strategy Manager in Tunisia. Sort by newest on the platform and verify employer, date, location eligibility and application route."
search-008140,Live Search,live_search,AI Strategy Manager,Bayt,Bayt,IT Strategy & Governance,IT Strategy & Governance,,Arab Region,Tunisia,Tunisia,Live Search,,,2026-07-20,Live search,Bayt,B,Recognized job platform,Platform,59,Low,,https://www.bayt.com/en/tunisia/jobs/ai-strategy-manager-jobs/,"Direct platform search for AI Strategy Manager in Tunisia. Sort by newest on the platform and verify employer, date, location eligibility and application route."
search-008145,Live Search,live_search,AI Solutions Architect,Indeed,Indeed,Solution Architecture,Solution Architecture,,Arab Region,Tunisia,Tunisia,Live Search,,,2026-07-20,Live search,Indeed,B,Recognized job platform,Platform,59,Low,,https://tn.indeed.com/jobs?q=AI+Solutions+Architect&l=Tunisia&sort=date,"Direct platform search for AI Solutions Architect in Tunisia. Sort by newest on the platform and verify employer, date, location eligibility and application route."
search-008151,Live Search,live_search,AI Solutions Architect,Bayt,Bayt,Solution Architecture,Solution Architecture,,Arab Region,Tunisia,Tunisia,Live Search,,,2026-07-20,Live search,Bayt,B,Recognized job platform,Platform,59,Low,,https://www.bayt.com/en/tunisia/jobs/ai-solutions-architect-jobs/,"Direct platform search for AI Solutions Architect in Tunisia. Sort by newest on the platform and verify employer, date, location eligibility and application route."
search-008156,Live Search,live_search,Technical Program Manager,Indeed,Indeed,Programme & Delivery,Programme & Delivery,,Arab Region,Tunisia,Tunisia,Live Search,,,2026-07-20,Live search,Indeed,B,Recognized job platform,Platform,61,Medium,,https://tn.indeed.com/jobs?q=Technical+Program+Manager&l=Tunisia&sort=date,"Direct platform search for Technical Program Manager in Tunisia. Sort by newest on the platform and verify employer, date, location eligibility and application route."
search-008162,Live Search,live_search,Technical Program Manager,Bayt,Bayt,Programme & Delivery,Programme & Delivery,,Arab Region,Tunisia,Tunisia,Live Search,,,2026-07-20,Live search,Bayt,B,Recognized job platform,Platform,61,Medium,,https://www.bayt.com/en/tunisia/jobs/technical-program-manager-jobs/,"Direct platform search for Technical Program Manager in Tunisia. Sort by newest on the platform and verify employer, date, location eligibility and application route."
search-008167,Live Search,live_search,IT Program Manager,Indeed,Indeed,Programme & Delivery,Programme & Delivery,,Arab Region,Tunisia,Tunisia,Live Search,,,2026-07-20,Live search,Indeed,B,Recognized job platform,Platform,57,Low,,https://tn.indeed.com/jobs?q=IT+Program+Manager&l=Tunisia&sort=date,"Direct platform search for IT Program Manager in Tunisia. Sort by newest on the platform and verify employer, date, location eligibility and application route."
search-008173,Live Search,live_search,IT Program Manager,Bayt,Bayt,Programme & Delivery,Programme & Delivery,,Arab Region,Tunisia,Tunisia,Live Search,,,2026-07-20,Live search,Bayt,B,Recognized job platform,Platform,57,Low,,https://www.bayt.com/en/tunisia/jobs/it-program-manager-jobs/,"Direct platform search for IT Program Manager in Tunisia. Sort by newest on the platform and verify employer, date, location eligibility and application route."
search-008178,Live Search,live_search,PMO Director,Indeed,Indeed,Technology Leadership,Technology Leadership,,Arab Region,Tunisia,Tunisia,Live Search,,,2026-07-20,Live search,Indeed,B,Recognized job platform,Platform,57,Low,,https://tn.indeed.com/jobs?q=PMO+Director&l=Tunisia&sort=date,"Direct platform search for PMO Director in Tunisia. Sort by newest on the platform and verify employer, date, location eligibility and application route."
search-008184,Live Search,live_search,PMO Director,Bayt,Bayt,Technology Leadership,Technology Leadership,,Arab Region,Tunisia,Tunisia,Live Search,,,2026-07-20,Live search,Bayt,B,Recognized job platform,Platform,57,Low,,https://www.bayt.com/en/tunisia/jobs/pmo-director-jobs/,"Direct platform search for PMO Director in Tunisia. Sort by newest on the platform and verify employer, date, location eligibility and application route."
search-008189,Live Search,live_search,Technology Delivery Manager,Indeed,Indeed,Programme & Delivery,Programme & Delivery,,Arab Region,Tunisia,Tunisia,Live Search,,,2026-07-20,Live search,Indeed,B,Recognized job platform,Platform,57,Low,,https://tn.indeed.com/jobs?q=Technology+Delivery+Manager&l=Tunisia&sort=date,"Direct platform search for Technology Delivery Manager in Tunisia. Sort by newest on the platform and verify employer, date, location eligibility and application route."
search-008195,Live Search,live_search,Technology Delivery Manager,Bayt,Bayt,Programme & Delivery,Programme & Delivery,,Arab Region,Tunisia,Tunisia,Live Search,,,2026-07-20,Live search,Bayt,B,Recognized job platform,Platform,57,Low,,https://www.bayt.com/en/tunisia/jobs/technology-delivery-manager-jobs/,"Direct platform search for Technology Delivery Manager in Tunisia. Sort by newest on the platform and verify employer, date, location eligibility and application route."
search-008200,Live Search,live_search,Systems Manager,Indeed,Indeed,IT Operations,IT Operations,,Arab Region,Tunisia,Tunisia,Live Search,,,2026-07-20,Live search,Indeed,B,Recognized job platform,Platform,57,Low,,https://tn.indeed.com/jobs?q=Systems+Manager&l=Tunisia&sort=date,"Direct platform search for Systems Manager in Tunisia. Sort by newest on the platform and verify employer, date, location eligibility and application route."
search-008206,Live Search,live_search,Systems Manager,Bayt,Bayt,IT Operations,IT Operations,,Arab Region,Tunisia,Tunisia,Live Search,,,2026-07-20,Live search,Bayt,B,Recognized job platform,Platform,57,Low,,https://www.bayt.com/en/tunisia/jobs/systems-manager-jobs/,"Direct platform search for Systems Manager in Tunisia. Sort by newest on the platform and verify employer, date, location eligibility and application route."
search-008211,Live Search,live_search,Infrastructure Manager,Indeed,Indeed,Technology & Digital,Technology & Digital,,Arab Region,Tunisia,Tunisia,Live Search,,,2026-07-20,Live search,Indeed,B,Recognized job platform,Platform,54,Low,,https://tn.indeed.com/jobs?q=Infrastructure+Manager&l=Tunisia&sort=date,"Direct platform search for Infrastructure Manager in Tunisia. Sort by newest on the platform and verify employer, date, location eligibility and application route."
search-008217,Live Search,live_search,Infrastructure Manager,Bayt,Bayt,Technology & Digital,Technology & Digital,,Arab Region,Tunisia,Tunisia,Live Search,,,2026-07-20,Live search,Bayt,B,Recognized job platform,Platform,54,Low,,https://www.bayt.com/en/tunisia/jobs/infrastructure-manager-jobs/,"Direct platform search for Infrastructure Manager in Tunisia. Sort by newest on the platform and verify employer, date, location eligibility and application route."
search-008222,Live Search,live_search,IT Operations Manager,Indeed,Indeed,IT Operations,IT Operations,,Arab Region,Tunisia,Tunisia,Live Search,,,2026-07-20,Live search,Indeed,B,Recognized job platform,Platform,54,Low,,https://tn.indeed.com/jobs?q=IT+Operations+Manager&l=Tunisia&sort=date,"Direct platform search for IT Operations Manager in Tunisia. Sort by newest on the platform and verify employer, date, location eligibility and application route."
search-008228,Live Search,live_search,IT Operations Manager,Bayt,Bayt,IT Operations,IT Operations,,Arab Region,Tunisia,Tunisia,Live Search,,,2026-07-20,Live search,Bayt,B,Recognized job platform,Platform,54,Low,,https://www.bayt.com/en/tunisia/jobs/it-operations-manager-jobs/,"Direct platform search for IT Operations Manager in Tunisia. Sort by newest on the platform and verify employer, date, location eligibility and application route."
search-008233,Live Search,live_search,Service Delivery Manager,Indeed,Indeed,Programme & Delivery,Programme & Delivery,,Arab Region,Tunisia,Tunisia,Live Search,,,2026-07-20,Live search,Indeed,B,Recognized job platform,Platform,57,Low,,https://tn.indeed.com/jobs?q=Service+Delivery+Manager&l=Tunisia&sort=date,"Direct platform search for Service Delivery Manager in Tunisia. Sort by newest on the platform and verify employer, date, location eligibility and application route."
search-008239,Live Search,live_search,Service Delivery Manager,Bayt,Bayt,Programme & Delivery,Programme & Delivery,,Arab Region,Tunisia,Tunisia,Live Search,,,2026-07-20,Live search,Bayt,B,Recognized job platform,Platform,57,Low,,https://www.bayt.com/en/tunisia/jobs/service-delivery-manager-jobs/,"Direct platform search for Service Delivery Manager in Tunisia. Sort by newest on the platform and verify employer, date, location eligibility and application route."
search-008244,Live Search,live_search,Solutions Engineering Manager,Indeed,Indeed,Solution Architecture,Solution Architecture,,Arab Region,Tunisia,Tunisia,Live Search,,,2026-07-20,Live search,Indeed,B,Recognized job platform,Platform,59,Low,,https://tn.indeed.com/jobs?q=Solutions+Engineering+Manager&l=Tunisia&sort=date,"Direct platform search for Solutions Engineering Manager in Tunisia. Sort by newest on the platform and verify employer, date, location eligibility and application route."
search-008250,Live Search,live_search,Solutions Engineering Manager,Bayt,Bayt,Solution Architecture,Solution Architecture,,Arab Region,Tunisia,Tunisia,Live Search,,,2026-07-20,Live search,Bayt,B,Recognized job platform,Platform,59,Low,,https://www.bayt.com/en/tunisia/jobs/solutions-engineering-manager-jobs/,"Direct platform search for Solutions Engineering Manager in Tunisia. Sort by newest on the platform and verify employer, date, location eligibility and application route."
search-008255,Live Search,live_search,Presales Solution Architect,Indeed,Indeed,Solution Architecture,Solution Architecture,,Arab Region,Tunisia,Tunisia,Live Search,,,2026-07-20,Live search,Indeed,B,Recognized job platform,Platform,59,Low,,https://tn.indeed.com/jobs?q=Presales+Solution+Architect&l=Tunisia&sort=date,"Direct platform search for Presales Solution Architect in Tunisia. Sort by newest on the platform and verify employer, date, location eligibility and application route."
search-008261,Live Search,live_search,Presales Solution Architect,Bayt,Bayt,Solution Architecture,Solution Architecture,,Arab Region,Tunisia,Tunisia,Live Search,,,2026-07-20,Live search,Bayt,B,Recognized job platform,Platform,59,Low,,https://www.bayt.com/en/tunisia/jobs/presales-solution-architect-jobs/,"Direct platform search for Presales Solution Architect in Tunisia. Sort by newest on the platform and verify employer, date, location eligibility and application route."
search-008266,Live Search,live_search,Business Transformation Manager,Indeed,Indeed,Digital Transformation,Digital Transformation,,Arab Region,Tunisia,Tunisia,Live Search,,,2026-07-20,Live search,Indeed,B,Recognized job platform,Platform,57,Low,,https://tn.indeed.com/jobs?q=Business+Transformation+Manager&l=Tunisia&sort=date,"Direct platform search for Business Transformation Manager in Tunisia. Sort by newest on the platform and verify employer, date, location eligibility and application route."
search-008272,Live Search,live_search,Business Transformation Manager,Bayt,Bayt,Digital Transformation,Digital Transformation,,Arab Region,Tunisia,Tunisia,Live Search,,,2026-07-20,Live search,Bayt,B,Recognized job platform,Platform,57,Low,,https://www.bayt.com/en/tunisia/jobs/business-transformation-manager-jobs/,"Direct platform search for Business Transformation Manager in Tunisia. Sort by newest on the platform and verify employer, date, location eligibility and application route."
search-008277,Live Search,live_search,Business Architect,Indeed,Indeed,Enterprise Architecture,Enterprise Architecture,,Arab Region,Tunisia,Tunisia,Live Search,,,2026-07-20,Live search,Indeed,B,Recognized job platform,Platform,63,Medium,,https://tn.indeed.com/jobs?q=Business+Architect&l=Tunisia&sort=date,"Direct platform search for Business Architect in Tunisia. Sort by newest on the platform and verify employer, date, location eligibility and application route."
search-008283,Live Search,live_search,Business Architect,Bayt,Bayt,Enterprise Architecture,Enterprise Architecture,,Arab Region,Tunisia,Tunisia,Live Search,,,2026-07-20,Live search,Bayt,B,Recognized job platform,Platform,63,Medium,,https://www.bayt.com/en/tunisia/jobs/business-architect-jobs/,"Direct platform search for Business Architect in Tunisia. Sort by newest on the platform and verify employer, date, location eligibility and application route."
search-008288,Live Search,live_search,IT Portfolio Manager,Indeed,Indeed,IT Strategy & Governance,IT Strategy & Governance,,Arab Region,Tunisia,Tunisia,Live Search,,,2026-07-20,Live search,Indeed,B,Recognized job platform,Platform,59,Low,,https://tn.indeed.com/jobs?q=IT+Portfolio+Manager&l=Tunisia&sort=date,"Direct platform search for IT Portfolio Manager in Tunisia. Sort by newest on the platform and verify employer, date, location eligibility and application route."
search-008294,Live Search,live_search,IT Portfolio Manager,Bayt,Bayt,IT Strategy & Governance,IT Strategy & Governance,,Arab Region,Tunisia,Tunisia,Live Search,,,2026-07-20,Live search,Bayt,B,Recognized job platform,Platform,59,Low,,https://www.bayt.com/en/tunisia/jobs/it-portfolio-manager-jobs/,"Direct platform search for IT Portfolio Manager in Tunisia. Sort by newest on the platform and verify employer, date, location eligibility and application route."
search-008299,Live Search,live_search,Product Director,Indeed,Indeed,Technology Leadership,Technology Leadership,,Arab Region,Tunisia,Tunisia,Live Search,,,2026-07-20,Live search,Indeed,B,Recognized job platform,Platform,57,Low,,https://tn.indeed.com/jobs?q=Product+Director&l=Tunisia&sort=date,"Direct platform search for Product Director in Tunisia. Sort by newest on the platform and verify employer, date, location eligibility and application route."
search-008305,Live Search,live_search,Product Director,Bayt,Bayt,Technology Leadership,Technology Leadership,,Arab Region,Tunisia,Tunisia,Live Search,,,2026-07-20,Live search,Bayt,B,Recognized job platform,Platform,57,Low,,https://www.bayt.com/en/tunisia/jobs/product-director-jobs/,"Direct platform search for Product Director in Tunisia. Sort by newest on the platform and verify employer, date, location eligibility and application route."
search-008310,Live Search,live_search,Digital Product Manager,Indeed,Indeed,Digital Product,Digital Product,,Arab Region,Tunisia,Tunisia,Live Search,,,2026-07-20,Live search,Indeed,B,Recognized job platform,Platform,54,Low,,https://tn.indeed.com/jobs?q=Digital+Product+Manager&l=Tunisia&sort=date,"Direct platform search for Digital Product Manager in Tunisia. Sort by newest on the platform and verify employer, date, location eligibility and application route."
search-008316,Live Search,live_search,Digital Product Manager,Bayt,Bayt,Digital Product,Digital Product,,Arab Region,Tunisia,Tunisia,Live Search,,,2026-07-20,Live search,Bayt,B,Recognized job platform,Platform,54,Low,,https://www.bayt.com/en/tunisia/jobs/digital-product-manager-jobs/,"Direct platform search for Digital Product Manager in Tunisia. Sort by newest on the platform and verify employer, date, location eligibility and application route."
search-008327,Live Search,live_search,Enterprise Architect,Bayt,Bayt,Enterprise Architecture,Enterprise Architecture,,Arab Region,Palestine,Palestine,Live Search,,,2026-07-20,Live search,Bayt,B,Recognized job platform,Platform,63,Medium,,https://www.bayt.com/en/international/jobs/enterprise-architect-jobs/,"Direct platform search for Enterprise Architect in Palestine. Sort by newest on the platform and verify employer, date, location eligibility and application route."
search-008338,Live Search,live_search,Solutions Architect,Bayt,Bayt,Solution Architecture,Solution Architecture,,Arab Region,Palestine,Palestine,Live Search,,,2026-07-20,Live search,Bayt,B,Recognized job platform,Platform,59,Low,,https://www.bayt.com/en/international/jobs/solutions-architect-jobs/,"Direct platform search for Solutions Architect in Palestine. Sort by newest on the platform and verify employer, date, location eligibility and application route."
search-008349,Live Search,live_search,Solution Architect,Bayt,Bayt,Solution Architecture,Solution Architecture,,Arab Region,Palestine,Palestine,Live Search,,,2026-07-20,Live search,Bayt,B,Recognized job platform,Platform,59,Low,,https://www.bayt.com/en/international/jobs/solution-architect-jobs/,"Direct platform search for Solution Architect in Palestine. Sort by newest on the platform and verify employer, date, location eligibility and application route."
search-008360,Live Search,live_search,Technical Architect,Bayt,Bayt,Solution Architecture,Solution Architecture,,Arab Region,Palestine,Palestine,Live Search,,,2026-07-20,Live search,Bayt,B,Recognized job platform,Platform,59,Low,,https://www.bayt.com/en/international/jobs/technical-architect-jobs/,"Direct platform search for Technical Architect in Palestine. Sort by newest on the platform and verify employer, date, location eligibility and application route."
search-008371,Live Search,live_search,Cloud Architect,Bayt,Bayt,Cloud & Infrastructure,Cloud & Infrastructure,,Arab Region,Palestine,Palestine,Live Search,,,2026-07-20,Live search,Bayt,B,Recognized job platform,Platform,56,Low,,https://www.bayt.com/en/international/jobs/cloud-architect-jobs/,"Direct platform search for Cloud Architect in Palestine. Sort by newest on the platform and verify employer, date, location eligibility and application route."
search-008382,Live Search,live_search,Data Architect,Bayt,Bayt,Data & Governance,Data & Governance,,Arab Region,Palestine,Palestine,Live Search,,,2026-07-20,Live search,Bayt,B,Recognized job platform,Platform,57,Low,,https://www.bayt.com/en/international/jobs/data-architect-jobs/,"Direct platform search for Data Architect in Palestine. Sort by newest on the platform and verify employer, date, location eligibility and application route."
search-008393,Live Search,live_search,Integration Architect,Bayt,Bayt,Integration Architecture,Integration Architecture,,Arab Region,Palestine,Palestine,Live Search,,,2026-07-20,Live search,Bayt,B,Recognized job platform,Platform,61,Medium,,https://www.bayt.com/en/international/jobs/integration-architect-jobs/,"Direct platform search for Integration Architect in Palestine. Sort by newest on the platform and verify employer, date, location eligibility and application route."
search-008404,Live Search,live_search,Application Architect,Bayt,Bayt,Solution Architecture,Solution Architecture,,Arab Region,Palestine,Palestine,Live Search,,,2026-07-20,Live search,Bayt,B,Recognized job platform,Platform,59,Low,,https://www.bayt.com/en/international/jobs/application-architect-jobs/,"Direct platform search for Application Architect in Palestine. Sort by newest on the platform and verify employer, date, location eligibility and application route."
search-008415,Live Search,live_search,Security Architect,Bayt,Bayt,Cybersecurity,Cybersecurity,,Arab Region,Palestine,Palestine,Live Search,,,2026-07-20,Live search,Bayt,B,Recognized job platform,Platform,54,Low,,https://www.bayt.com/en/international/jobs/security-architect-jobs/,"Direct platform search for Security Architect in Palestine. Sort by newest on the platform and verify employer, date, location eligibility and application route."
search-008426,Live Search,live_search,Infrastructure Architect,Bayt,Bayt,Cloud & Infrastructure,Cloud & Infrastructure,,Arab Region,Palestine,Palestine,Live Search,,,2026-07-20,Live search,Bayt,B,Recognized job platform,Platform,56,Low,,https://www.bayt.com/en/international/jobs/infrastructure-architect-jobs/,"Direct platform search for Infrastructure Architect in Palestine. Sort by newest on the platform and verify employer, date, location eligibility and application route."
search-008437,Live Search,live_search,Digital Transformation Director,Bayt,Bayt,Digital Transformation,Digital Transformation,,Arab Region,Palestine,Palestine,Live Search,,,2026-07-20,Live search,Bayt,B,Recognized job platform,Platform,61,Medium,,https://www.bayt.com/en/international/jobs/digital-transformation-director-jobs/,"Direct platform search for Digital Transformation Director in Palestine. Sort by newest on the platform and verify employer, date, location eligibility and application route."
search-008448,Live Search,live_search,Digital Transformation Manager,Bayt,Bayt,Digital Transformation,Digital Transformation,,Arab Region,Palestine,Palestine,Live Search,,,2026-07-20,Live search,Bayt,B,Recognized job platform,Platform,57,Low,,https://www.bayt.com/en/international/jobs/digital-transformation-manager-jobs/,"Direct platform search for Digital Transformation Manager in Palestine. Sort by newest on the platform and verify employer, date, location eligibility and application route."
search-008459,Live Search,live_search,Head of Digital Transformation,Bayt,Bayt,Digital Transformation,Digital Transformation,,Arab Region,Palestine,Palestine,Live Search,,,2026-07-20,Live search,Bayt,B,Recognized job platform,Platform,57,Low,,https://www.bayt.com/en/international/jobs/head-of-digital-transformation-jobs/,"Direct platform search for Head of Digital Transformation in Palestine. Sort by newest on the platform and verify employer, date, location eligibility and application route."
search-008470,Live Search,live_search,IT Director,Bayt,Bayt,Technology Leadership,Technology Leadership,,Arab Region,Palestine,Palestine,Live Search,,,2026-07-20,Live search,Bayt,B,Recognized job platform,Platform,61,Medium,,https://www.bayt.com/en/international/jobs/it-director-jobs/,"Direct platform search for IT Director in Palestine. Sort by newest on the platform and verify employer, date, location eligibility and application route."
search-008481,Live Search,live_search,Head of IT,Bayt,Bayt,Technology Leadership,Technology Leadership,,Arab Region,Palestine,Palestine,Live Search,,,2026-07-20,Live search,Bayt,B,Recognized job platform,Platform,57,Low,,https://www.bayt.com/en/international/jobs/head-of-it-jobs/,"Direct platform search for Head of IT in Palestine. Sort by newest on the platform and verify employer, date, location eligibility and application route."
search-008492,Live Search,live_search,Chief Information Officer,Bayt,Bayt,Technology Leadership,Technology Leadership,,Arab Region,Palestine,Palestine,Live Search,,,2026-07-20,Live search,Bayt,B,Recognized job platform,Platform,54,Low,,https://www.bayt.com/en/international/jobs/chief-information-officer-jobs/,"Direct platform search for Chief Information Officer in Palestine. Sort by newest on the platform and verify employer, date, location eligibility and application route."
search-008503,Live Search,live_search,Chief Technology Officer,Bayt,Bayt,Technology Leadership,Technology Leadership,,Arab Region,Palestine,Palestine,Live Search,,,2026-07-20,Live search,Bayt,B,Recognized job platform,Platform,54,Low,,https://www.bayt.com/en/international/jobs/chief-technology-officer-jobs/,"Direct platform search for Chief Technology Officer in Palestine. Sort by newest on the platform and verify employer, date, location eligibility and application route."
search-008514,Live Search,live_search,Technology Director,Bayt,Bayt,Technology Leadership,Technology Leadership,,Arab Region,Palestine,Palestine,Live Search,,,2026-07-20,Live search,Bayt,B,Recognized job platform,Platform,61,Medium,,https://www.bayt.com/en/international/jobs/technology-director-jobs/,"Direct platform search for Technology Director in Palestine. Sort by newest on the platform and verify employer, date, location eligibility and application route."
search-008525,Live Search,live_search,IT Strategy Manager,Bayt,Bayt,IT Strategy & Governance,IT Strategy & Governance,,Arab Region,Palestine,Palestine,Live Search,,,2026-07-20,Live search,Bayt,B,Recognized job platform,Platform,59,Low,,https://www.bayt.com/en/international/jobs/it-strategy-manager-jobs/,"Direct platform search for IT Strategy Manager in Palestine. Sort by newest on the platform and verify employer, date, location eligibility and application route."
search-008536,Live Search,live_search,IT Governance Manager,Bayt,Bayt,IT Strategy & Governance,IT Strategy & Governance,,Arab Region,Palestine,Palestine,Live Search,,,2026-07-20,Live search,Bayt,B,Recognized job platform,Platform,59,Low,,https://www.bayt.com/en/international/jobs/it-governance-manager-jobs/,"Direct platform search for IT Governance Manager in Palestine. Sort by newest on the platform and verify employer, date, location eligibility and application route."
search-008547,Live Search,live_search,Enterprise Applications Manager,Bayt,Bayt,Enterprise Applications,Enterprise Applications,,Arab Region,Palestine,Palestine,Live Search,,,2026-07-20,Live search,Bayt,B,Recognized job platform,Platform,57,Low,,https://www.bayt.com/en/international/jobs/enterprise-applications-manager-jobs/,"Direct platform search for Enterprise Applications Manager in Palestine. Sort by newest on the platform and verify employer, date, location eligibility and application route."
search-008558,Live Search,live_search,ERP Program Manager,Bayt,Bayt,Programme & Delivery,Programme & Delivery,,Arab Region,Palestine,Palestine,Live Search,,,2026-07-20,Live search,Bayt,B,Recognized job platform,Platform,59,Low,,https://www.bayt.com/en/international/jobs/erp-program-manager-jobs/,"Direct platform search for ERP Program Manager in Palestine. Sort by newest on the platform and verify employer, date, location eligibility and application route."
search-008569,Live Search,live_search,SAP Program Manager,Bayt,Bayt,Programme & Delivery,Programme & Delivery,,Arab Region,Palestine,Palestine,Live Search,,,2026-07-20,Live search,Bayt,B,Recognized job platform,Platform,57,Low,,https://www.bayt.com/en/international/jobs/sap-program-manager-jobs/,"Direct platform search for SAP Program Manager in Palestine. Sort by newest on the platform and verify employer, date, location eligibility and application route."
search-008580,Live Search,live_search,Healthcare IT Manager,Bayt,Bayt,Healthcare IT & Digital Health,Healthcare IT & Digital Health,,Arab Region,Palestine,Palestine,Live Search,,,2026-07-20,Live search,Bayt,B,Recognized job platform,Platform,63,Medium,,https://www.bayt.com/en/international/jobs/healthcare-it-manager-jobs/,"Direct platform search for Healthcare IT Manager in Palestine. Sort by newest on the platform and verify employer, date, location eligibility and application route."
search-008591,Live Search,live_search,Health Informatics Director,Bayt,Bayt,Healthcare IT & Digital Health,Healthcare IT & Digital Health,,Arab Region,Palestine,Palestine,Live Search,,,2026-07-20,Live search,Bayt,B,Recognized job platform,Platform,66,Medium,,https://www.bayt.com/en/international/jobs/health-informatics-director-jobs/,"Direct platform search for Health Informatics Director in Palestine. Sort by newest on the platform and verify employer, date, location eligibility and application route."
search-008602,Live Search,live_search,Digital Health Director,Bayt,Bayt,Healthcare IT & Digital Health,Healthcare IT & Digital Health,,Arab Region,Palestine,Palestine,Live Search,,,2026-07-20,Live search,Bayt,B,Recognized job platform,Platform,66,Medium,,https://www.bayt.com/en/international/jobs/digital-health-director-jobs/,"Direct platform search for Digital Health Director in Palestine. Sort by newest on the platform and verify employer, date, location eligibility and application route."
search-008613,Live Search,live_search,Data Governance Manager,Bayt,Bayt,Data & Governance,Data & Governance,,Arab Region,Palestine,Palestine,Live Search,,,2026-07-20,Live search,Bayt,B,Recognized job platform,Platform,61,Medium,,https://www.bayt.com/en/international/jobs/data-governance-manager-jobs/,"Direct platform search for Data Governance Manager in Palestine. Sort by newest on the platform and verify employer, date, location eligibility and application route."
search-008624,Live Search,live_search,Data Platform Manager,Bayt,Bayt,Data & Governance,Data & Governance,,Arab Region,Palestine,Palestine,Live Search,,,2026-07-20,Live search,Bayt,B,Recognized job platform,Platform,57,Low,,https://www.bayt.com/en/international/jobs/data-platform-manager-jobs/,"Direct platform search for Data Platform Manager in Palestine. Sort by newest on the platform and verify employer, date, location eligibility and application route."
search-008635,Live Search,live_search,Business Intelligence Director,Bayt,Bayt,Data & Governance,Data & Governance,,Arab Region,Palestine,Palestine,Live Search,,,2026-07-20,Live search,Bayt,B,Recognized job platform,Platform,61,Medium,,https://www.bayt.com/en/international/jobs/business-intelligence-director-jobs/,"Direct platform search for Business Intelligence Director in Palestine. Sort by newest on the platform and verify employer, date, location eligibility and application route."
search-008646,Live Search,live_search,Analytics Director,Bayt,Bayt,Data & Governance,Data & Governance,,Arab Region,Palestine,Palestine,Live Search,,,2026-07-20,Live search,Bayt,B,Recognized job platform,Platform,63,Medium,,https://www.bayt.com/en/international/jobs/analytics-director-jobs/,"Direct platform search for Analytics Director in Palestine. Sort by newest on the platform and verify employer, date, location eligibility and application route."
search-008657,Live Search,live_search,AI Strategy Manager,Bayt,Bayt,IT Strategy & Governance,IT Strategy & Governance,,Arab Region,Palestine,Palestine,Live Search,,,2026-07-20,Live search,Bayt,B,Recognized job platform,Platform,59,Low,,https://www.bayt.com/en/international/jobs/ai-strategy-manager-jobs/,"Direct platform search for AI Strategy Manager in Palestine. Sort by newest on the platform and verify employer, date, location eligibility and application route."
search-008668,Live Search,live_search,AI Solutions Architect,Bayt,Bayt,Solution Architecture,Solution Architecture,,Arab Region,Palestine,Palestine,Live Search,,,2026-07-20,Live search,Bayt,B,Recognized job platform,Platform,59,Low,,https://www.bayt.com/en/international/jobs/ai-solutions-architect-jobs/,"Direct platform search for AI Solutions Architect in Palestine. Sort by newest on the platform and verify employer, date, location eligibility and application route."
search-008679,Live Search,live_search,Technical Program Manager,Bayt,Bayt,Programme & Delivery,Programme & Delivery,,Arab Region,Palestine,Palestine,Live Search,,,2026-07-20,Live search,Bayt,B,Recognized job platform,Platform,61,Medium,,https://www.bayt.com/en/international/jobs/technical-program-manager-jobs/,"Direct platform search for Technical Program Manager in Palestine. Sort by newest on the platform and verify employer, date, location eligibility and application route."
search-008690,Live Search,live_search,IT Program Manager,Bayt,Bayt,Programme & Delivery,Programme & Delivery,,Arab Region,Palestine,Palestine,Live Search,,,2026-07-20,Live search,Bayt,B,Recognized job platform,Platform,57,Low,,https://www.bayt.com/en/international/jobs/it-program-manager-jobs/,"Direct platform search for IT Program Manager in Palestine. Sort by newest on the platform and verify employer, date, location eligibility and application route."
search-008701,Live Search,live_search,PMO Director,Bayt,Bayt,Technology Leadership,Technology Leadership,,Arab Region,Palestine,Palestine,Live Search,,,2026-07-20,Live search,Bayt,B,Recognized job platform,Platform,57,Low,,https://www.bayt.com/en/international/jobs/pmo-director-jobs/,"Direct platform search for PMO Director in Palestine. Sort by newest on the platform and verify employer, date, location eligibility and application route."
search-008712,Live Search,live_search,Technology Delivery Manager,Bayt,Bayt,Programme & Delivery,Programme & Delivery,,Arab Region,Palestine,Palestine,Live Search,,,2026-07-20,Live search,Bayt,B,Recognized job platform,Platform,57,Low,,https://www.bayt.com/en/international/jobs/technology-delivery-manager-jobs/,"Direct platform search for Technology Delivery Manager in Palestine. Sort by newest on the platform and verify employer, date, location eligibility and application route."
search-008723,Live Search,live_search,Systems Manager,Bayt,Bayt,IT Operations,IT Operations,,Arab Region,Palestine,Palestine,Live Search,,,2026-07-20,Live search,Bayt,B,Recognized job platform,Platform,57,Low,,https://www.bayt.com/en/international/jobs/systems-manager-jobs/,"Direct platform search for Systems Manager in Palestine. Sort by newest on the platform and verify employer, date, location eligibility and application route."
search-008734,Live Search,live_search,Infrastructure Manager,Bayt,Bayt,Technology & Digital,Technology & Digital,,Arab Region,Palestine,Palestine,Live Search,,,2026-07-20,Live search,Bayt,B,Recognized job platform,Platform,54,Low,,https://www.bayt.com/en/international/jobs/infrastructure-manager-jobs/,"Direct platform search for Infrastructure Manager in Palestine. Sort by newest on the platform and verify employer, date, location eligibility and application route."
search-008745,Live Search,live_search,IT Operations Manager,Bayt,Bayt,IT Operations,IT Operations,,Arab Region,Palestine,Palestine,Live Search,,,2026-07-20,Live search,Bayt,B,Recognized job platform,Platform,54,Low,,https://www.bayt.com/en/international/jobs/it-operations-manager-jobs/,"Direct platform search for IT Operations Manager in Palestine. Sort by newest on the platform and verify employer, date, location eligibility and application route."
search-008756,Live Search,live_search,Service Delivery Manager,Bayt,Bayt,Programme & Delivery,Programme & Delivery,,Arab Region,Palestine,Palestine,Live Search,,,2026-07-20,Live search,Bayt,B,Recognized job platform,Platform,57,Low,,https://www.bayt.com/en/international/jobs/service-delivery-manager-jobs/,"Direct platform search for Service Delivery Manager in Palestine. Sort by newest on the platform and verify employer, date, location eligibility and application route."
search-008767,Live Search,live_search,Solutions Engineering Manager,Bayt,Bayt,Solution Architecture,Solution Architecture,,Arab Region,Palestine,Palestine,Live Search,,,2026-07-20,Live search,Bayt,B,Recognized job platform,Platform,59,Low,,https://www.bayt.com/en/international/jobs/solutions-engineering-manager-jobs/,"Direct platform search for Solutions Engineering Manager in Palestine. Sort by newest on the platform and verify employer, date, location eligibility and application route."
search-008778,Live Search,live_search,Presales Solution Architect,Bayt,Bayt,Solution Architecture,Solution Architecture,,Arab Region,Palestine,Palestine,Live Search,,,2026-07-20,Live search,Bayt,B,Recognized job platform,Platform,59,Low,,https://www.bayt.com/en/international/jobs/presales-solution-architect-jobs/,"Direct platform search for Presales Solution Architect in Palestine. Sort by newest on the platform and verify employer, date, location eligibility and application route."
search-008789,Live Search,live_search,Business Transformation Manager,Bayt,Bayt,Digital Transformation,Digital Transformation,,Arab Region,Palestine,Palestine,Live Search,,,2026-07-20,Live search,Bayt,B,Recognized job platform,Platform,57,Low,,https://www.bayt.com/en/international/jobs/business-transformation-manager-jobs/,"Direct platform search for Business Transformation Manager in Palestine. Sort by newest on the platform and verify employer, date, location eligibility and application route."
search-008800,Live Search,live_search,Business Architect,Bayt,Bayt,Enterprise Architecture,Enterprise Architecture,,Arab Region,Palestine,Palestine,Live Search,,,2026-07-20,Live search,Bayt,B,Recognized job platform,Platform,63,Medium,,https://www.bayt.com/en/international/jobs/business-architect-jobs/,"Direct platform search for Business Architect in Palestine. Sort by newest on the platform and verify employer, date, location eligibility and application route."
search-008811,Live Search,live_search,IT Portfolio Manager,Bayt,Bayt,IT Strategy & Governance,IT Strategy & Governance,,Arab Region,Palestine,Palestine,Live Search,,,2026-07-20,Live search,Bayt,B,Recognized job platform,Platform,59,Low,,https://www.bayt.com/en/international/jobs/it-portfolio-manager-jobs/,"Direct platform search for IT Portfolio Manager in Palestine. Sort by newest on the platform and verify employer, date, location eligibility and application route."
search-008822,Live Search,live_search,Product Director,Bayt,Bayt,Technology Leadership,Technology Leadership,,Arab Region,Palestine,Palestine,Live Search,,,2026-07-20,Live search,Bayt,B,Recognized job platform,Platform,57,Low,,https://www.bayt.com/en/international/jobs/product-director-jobs/,"Direct platform search for Product Director in Palestine. Sort by newest on the platform and verify employer, date, location eligibility and application route."
search-008833,Live Search,live_search,Digital Product Manager,Bayt,Bayt,Digital Product,Digital Product,,Arab Region,Palestine,Palestine,Live Search,,,2026-07-20,Live search,Bayt,B,Recognized job platform,Platform,54,Low,,https://www.bayt.com/en/international/jobs/digital-product-manager-jobs/,"Direct platform search for Digital Product Manager in Palestine. Sort by newest on the platform and verify employer, date, location eligibility and application route."
