id,record_type,category,title,organization,subtitle,role_family,type,industry,region,country,location,availability_status,published_date,expiry_date,last_checked,posted_text,source,source_quality,source_quality_label,verification_level,match_score,fit,priority_tier,url,notes
job-00001,Platform-Indexed Vacancy,job,Head of Digital Transformation,Emirates NBD Egypt,Emirates NBD Egypt,Digital Transformation,Digital Transformation,Technology & Consulting,Egypt,Egypt,Cairo,Possibly Available,2026-07-06,,2026-07-20,Listed 2 weeks ago,LinkedIn current search,B,Recognized job platform,Platform,62,Medium,,https://eg.linkedin.com/jobs/digital-transformation-manager-jobs?countryRedirected=1,"Verify eligibility, deadline and work authorization on the linked source before applying."
job-00002,Platform-Indexed Vacancy,job,"Consulting Manager - Digital, Visa Consulting and Analytics",Visa,Visa,Digital Transformation,Digital Transformation,Technology & Consulting,Egypt,Egypt,Egypt,Possibly Available,2026-07-16,,2026-07-20,Listed 4 days ago,LinkedIn current search,B,Recognized job platform,Platform,64,Medium,,https://eg.linkedin.com/jobs/digital-transformation-manager-jobs?countryRedirected=1,"Verify eligibility, deadline and work authorization on the linked source before applying."
job-00003,Platform-Indexed Vacancy,job,Odoo Implementer & Digital Transformation Manager,Misr Radiology Center,Misr Radiology Center,Digital Transformation,Digital Transformation,Technology & Consulting,Egypt,Egypt,Cairo,Possibly Available,2026-07-20,,2026-07-20,Listed 11 hours ago,LinkedIn current search,B,Recognized job platform,Platform,62,Medium,,https://eg.linkedin.com/jobs/digital-transformation-manager-jobs?countryRedirected=1,"Verify eligibility, deadline and work authorization on the linked source before applying."
job-00004,Platform-Indexed Vacancy,job,Senior AI / Digital Transformation Expert,Accenture,Accenture,AI & Automation,AI & Automation,Technology & Consulting,Egypt,Egypt,Cairo,Possibly Available,2026-07-13,,2026-07-20,Listed 1 week ago,LinkedIn current search,B,Recognized job platform,Platform,60,Medium,,https://eg.linkedin.com/jobs/digital-transformation-manager-jobs?countryRedirected=1,"Verify eligibility, deadline and work authorization on the linked source before applying."
job-00005,Platform-Indexed Vacancy,job,AI Architect,Deloitte Innovation Hub,Deloitte Innovation Hub,AI & Automation,AI & Automation,Other Multinational & Enterprise,Egypt,Egypt,Cairo,Possibly Available,2026-07-13,,2026-07-20,Listed 1 week ago,LinkedIn current search,B,Recognized job platform,Platform,58,Low,,https://eg.linkedin.com/jobs/digital-transformation-manager-jobs?countryRedirected=1,"Verify eligibility, deadline and work authorization on the linked source before applying."
job-00006,Platform-Indexed Vacancy,job,Platform Architect - OT/IT,Coca-Cola HBC,Coca-Cola HBC,Solution Architecture,Solution Architecture,Other Multinational & Enterprise,Egypt,Egypt,Cairo,Possibly Available,2026-07-13,,2026-07-20,Listed 1 week ago,LinkedIn current search,B,Recognized job platform,Platform,64,Medium,,https://eg.linkedin.com/jobs/digital-transformation-manager-jobs?countryRedirected=1,"Verify eligibility, deadline and work authorization on the linked source before applying."
job-00007,Platform-Indexed Vacancy,job,Business Transformation Lead,VOIS,VOIS,Digital Transformation,Digital Transformation,Technology & Consulting,Egypt,Egypt,Giza,Possibly Available,2026-07-13,,2026-07-20,Listed 1 week ago,LinkedIn current search,B,Recognized job platform,Platform,62,Medium,,https://eg.linkedin.com/jobs/digital-transformation-manager-jobs?countryRedirected=1,"Verify eligibility, deadline and work authorization on the linked source before applying."
job-00008,Platform-Indexed Vacancy,job,Associate Director - MENA Chief Data Officer,EY,EY,Data & Governance,Data & Governance,Technology & Consulting,Egypt,Egypt,Cairo,Possibly Available,2026-07-20,,2026-07-20,Listed 13 hours ago,LinkedIn current search,B,Recognized job platform,Platform,65,Medium,,https://eg.linkedin.com/jobs/digital-transformation-manager-jobs?countryRedirected=1,"Verify eligibility, deadline and work authorization on the linked source before applying."
job-00009,Platform-Indexed Vacancy,job,IT Solution Architect,VOIS,VOIS,Solution Architecture,Solution Architecture,Other Multinational & Enterprise,Egypt,Egypt,Giza,Expired,,,2026-07-20,Listing page available,LinkedIn,B,Recognized job platform,Platform,64,Medium,,https://www.linkedin.com/jobs/view/4356560149,Verify listing remains open
job-00010,Platform-Indexed Vacancy,job,Architecture Advisor Expert,SAP,SAP,Enterprise Architecture,Enterprise Architecture,Technology & Consulting,Egypt,Egypt,Cairo,Possibly Available,2026-07-06,,2026-07-20,Listed 2 weeks ago,LinkedIn current search,B,Recognized job platform,Platform,67,Medium,,https://eg.linkedin.com/jobs/digital-transformation-manager-jobs?countryRedirected=1,"Verify eligibility, deadline and work authorization on the linked source before applying."
job-00011,Platform-Indexed Vacancy,job,ETIC Solution Architecture Director,PwC,PwC,Solution Architecture,Solution Architecture,Other Multinational & Enterprise,Egypt,Egypt,Cairo,Possibly Available,2026-07-06,,2026-07-20,Listed 2 weeks ago,LinkedIn current search,B,Recognized job platform,Platform,67,Medium,,https://eg.linkedin.com/jobs/digital-transformation-manager-jobs?countryRedirected=1,"Verify eligibility, deadline and work authorization on the linked source before applying."
job-00012,Platform-Indexed Vacancy,job,Cloud Architect Section Head,eFinance,eFinance,Cloud & Platforms,Cloud & Platforms,Technology & Consulting,Egypt,Egypt,Giza,Possibly Available,2026-07-18,,2026-07-20,Listed 2 days ago,LinkedIn current search,B,Recognized job platform,Platform,60,Medium,,https://eg.linkedin.com/jobs/digital-transformation-manager-jobs?countryRedirected=1,"Verify eligibility, deadline and work authorization on the linked source before applying."
job-00013,Platform-Indexed Vacancy,job,Enterprise Architect,Veeam Software,Veeam Software,Enterprise Architecture,Enterprise Architecture,Technology & Consulting,Egypt,Egypt,Egypt,Possibly Available,2026-07-13,,2026-07-20,Listed 1 week ago,LinkedIn current search,B,Recognized job platform,Platform,67,Medium,,https://eg.linkedin.com/jobs/digital-transformation-manager-jobs?countryRedirected=1,"Verify eligibility, deadline and work authorization on the linked source before applying."
job-00014,Platform-Indexed Vacancy,job,Solution Architect - Technical Governance Lead,Konecta,Konecta,Solution Architecture,Solution Architecture,Other Multinational & Enterprise,Egypt,Egypt,New Cairo,Possibly Available,2026-07-06,,2026-07-20,Listed 2 weeks ago,LinkedIn current search,B,Recognized job platform,Platform,65,Medium,,https://www.linkedin.com/jobs/konecta-jobs-worldwide?f_AL=true,"Verify eligibility, deadline and work authorization on the linked source before applying."
job-00015,Platform-Indexed Vacancy,job,Solution Architect,Konecta,Konecta,Solution Architecture,Solution Architecture,Other Multinational & Enterprise,Egypt,Egypt,New Cairo,Possibly Available,2026-07-13,,2026-07-20,Listed 1 week ago,LinkedIn current search,B,Recognized job platform,Platform,64,Medium,,https://www.linkedin.com/jobs/konecta-jobs-worldwide?f_AL=true,"Verify eligibility, deadline and work authorization on the linked source before applying."
job-00016,Platform-Indexed Vacancy,job,Health Informatics Supervisor,eHealth,eHealth,Healthcare IT,Healthcare IT,Healthcare & Life Sciences,Egypt,Egypt,Giza,Possibly Available,2026-07-13,,2026-07-20,Listed 1 week ago - no longer accepting,LinkedIn,B,Recognized job platform,Platform,58,Low,,https://eg.linkedin.com/jobs/view/health-informatics-supervisor-at-ehealth-4437768572,"Verify eligibility, deadline and work authorization on the linked source before applying."
job-00017,Platform-Indexed Vacancy,job,Enterprise Architect — LinkedIn Live Search,Egypt,Egypt,Live Job Search,Live Job Search,Technology & Consulting,Egypt,Egypt,Live / varies,Possibly Available,,,2026-07-20,Live search sorted toward newest results,LinkedIn,B,Recognized job platform,Platform,65,Medium,,https://www.linkedin.com/jobs/search/?keywords=Enterprise+Architect&sortBy=DD&location=Egypt,"Egypt live-search pack. This is a live search link, not one fixed vacancy."
job-00018,Platform-Indexed Vacancy,job,Enterprise Architect — Wuzzuf Live Search,Egypt,Egypt,Live Job Search,Live Job Search,Technology & Consulting,Egypt,Egypt,Live / varies,Possibly Available,,,2026-07-20,Live search sorted toward newest results,Wuzzuf,B,Recognized job platform,Platform,65,Medium,,https://wuzzuf.net/search/jobs/?q=Enterprise+Architect&a=navbl,"Egypt live-search pack. This is a live search link, not one fixed vacancy."
job-00019,Platform-Indexed Vacancy,job,Enterprise Architect — Bayt Live Search,Egypt,Egypt,Live Job Search,Live Job Search,Technology & Consulting,Egypt,Egypt,Live / varies,Possibly Available,,,2026-07-20,Live search sorted toward newest results,Bayt,B,Recognized job platform,Platform,65,Medium,,https://www.bayt.com/en/egypt/jobs/Enterprise%20Architect-jobs/,"Egypt live-search pack. This is a live search link, not one fixed vacancy."
job-00021,Platform-Indexed Vacancy,job,Solution Architect — LinkedIn Live Search,Egypt,Egypt,Live Job Search,Live Job Search,Other Multinational & Enterprise,Egypt,Egypt,Live / varies,Possibly Available,,,2026-07-20,Live search sorted toward newest results,LinkedIn,B,Recognized job platform,Platform,62,Medium,,https://www.linkedin.com/jobs/search/?keywords=Solution+Architect&sortBy=DD&location=Egypt,"Egypt live-search pack. This is a live search link, not one fixed vacancy."
job-00022,Platform-Indexed Vacancy,job,Solution Architect — Wuzzuf Live Search,Egypt,Egypt,Live Job Search,Live Job Search,Other Multinational & Enterprise,Egypt,Egypt,Live / varies,Possibly Available,,,2026-07-20,Live search sorted toward newest results,Wuzzuf,B,Recognized job platform,Platform,62,Medium,,https://wuzzuf.net/search/jobs/?q=Solution+Architect&a=navbl,"Egypt live-search pack. This is a live search link, not one fixed vacancy."
job-00023,Platform-Indexed Vacancy,job,Solution Architect — Bayt Live Search,Egypt,Egypt,Live Job Search,Live Job Search,Other Multinational & Enterprise,Egypt,Egypt,Live / varies,Possibly Available,,,2026-07-20,Live search sorted toward newest results,Bayt,B,Recognized job platform,Platform,62,Medium,,https://www.bayt.com/en/egypt/jobs/Solution%20Architect-jobs/,"Egypt live-search pack. This is a live search link, not one fixed vacancy."
job-00025,Platform-Indexed Vacancy,job,Digital Transformation Manager — LinkedIn Live Search,Egypt,Egypt,Live Job Search,Live Job Search,Technology & Consulting,Egypt,Egypt,Live / varies,Possibly Available,,,2026-07-20,Live search sorted toward newest results,LinkedIn,B,Recognized job platform,Platform,62,Medium,,https://www.linkedin.com/jobs/search/?keywords=Digital+Transformation+Manager&sortBy=DD&location=Egypt,"Egypt live-search pack. This is a live search link, not one fixed vacancy."
job-00026,Platform-Indexed Vacancy,job,Digital Transformation Manager — Wuzzuf Live Search,Egypt,Egypt,Live Job Search,Live Job Search,Technology & Consulting,Egypt,Egypt,Live / varies,Possibly Available,,,2026-07-20,Live search sorted toward newest results,Wuzzuf,B,Recognized job platform,Platform,62,Medium,,https://wuzzuf.net/search/jobs/?q=Digital+Transformation+Manager&a=navbl,"Egypt live-search pack. This is a live search link, not one fixed vacancy."
job-00027,Platform-Indexed Vacancy,job,Digital Transformation Manager — Bayt Live Search,Egypt,Egypt,Live Job Search,Live Job Search,Technology & Consulting,Egypt,Egypt,Live / varies,Possibly Available,,,2026-07-20,Live search sorted toward newest results,Bayt,B,Recognized job platform,Platform,62,Medium,,https://www.bayt.com/en/egypt/jobs/Digital%20Transformation%20Manager-jobs/,"Egypt live-search pack. This is a live search link, not one fixed vacancy."
job-00029,Platform-Indexed Vacancy,job,IT Director — LinkedIn Live Search,Egypt,Egypt,Live Job Search,Live Job Search,Other Multinational & Enterprise,Egypt,Egypt,Live / varies,Possibly Available,,,2026-07-20,Live search sorted toward newest results,LinkedIn,B,Recognized job platform,Platform,65,Medium,,https://www.linkedin.com/jobs/search/?keywords=IT+Director&sortBy=DD&location=Egypt,"Egypt live-search pack. This is a live search link, not one fixed vacancy."
job-00030,Platform-Indexed Vacancy,job,IT Director — Wuzzuf Live Search,Egypt,Egypt,Live Job Search,Live Job Search,Other Multinational & Enterprise,Egypt,Egypt,Live / varies,Possibly Available,,,2026-07-20,Live search sorted toward newest results,Wuzzuf,B,Recognized job platform,Platform,65,Medium,,https://wuzzuf.net/search/jobs/?q=IT+Director&a=navbl,"Egypt live-search pack. This is a live search link, not one fixed vacancy."
job-00031,Platform-Indexed Vacancy,job,IT Director — Bayt Live Search,Egypt,Egypt,Live Job Search,Live Job Search,Other Multinational & Enterprise,Egypt,Egypt,Live / varies,Possibly Available,,,2026-07-20,Live search sorted toward newest results,Bayt,B,Recognized job platform,Platform,65,Medium,,https://www.bayt.com/en/egypt/jobs/IT%20Director-jobs/,"Egypt live-search pack. This is a live search link, not one fixed vacancy."
job-00033,Platform-Indexed Vacancy,job,Head of Technology — LinkedIn Live Search,Egypt,Egypt,Live Job Search,Live Job Search,Technology & Consulting,Egypt,Egypt,Live / varies,Possibly Available,,,2026-07-20,Live search sorted toward newest results,LinkedIn,B,Recognized job platform,Platform,58,Low,,https://www.linkedin.com/jobs/search/?keywords=Head+of+Technology&sortBy=DD&location=Egypt,"Egypt live-search pack. This is a live search link, not one fixed vacancy."
job-00034,Platform-Indexed Vacancy,job,Head of Technology — Wuzzuf Live Search,Egypt,Egypt,Live Job Search,Live Job Search,Technology & Consulting,Egypt,Egypt,Live / varies,Possibly Available,,,2026-07-20,Live search sorted toward newest results,Wuzzuf,B,Recognized job platform,Platform,58,Low,,https://wuzzuf.net/search/jobs/?q=Head+of+Technology&a=navbl,"Egypt live-search pack. This is a live search link, not one fixed vacancy."
job-00035,Platform-Indexed Vacancy,job,Head of Technology — Bayt Live Search,Egypt,Egypt,Live Job Search,Live Job Search,Technology & Consulting,Egypt,Egypt,Live / varies,Possibly Available,,,2026-07-20,Live search sorted toward newest results,Bayt,B,Recognized job platform,Platform,58,Low,,https://www.bayt.com/en/egypt/jobs/Head%20of%20Technology-jobs/,"Egypt live-search pack. This is a live search link, not one fixed vacancy."
job-00037,Platform-Indexed Vacancy,job,Technology Director — LinkedIn Live Search,Egypt,Egypt,Live Job Search,Live Job Search,Technology & Consulting,Egypt,Egypt,Live / varies,Possibly Available,,,2026-07-20,Live search sorted toward newest results,LinkedIn,B,Recognized job platform,Platform,65,Medium,,https://www.linkedin.com/jobs/search/?keywords=Technology+Director&sortBy=DD&location=Egypt,"Egypt live-search pack. This is a live search link, not one fixed vacancy."
job-00038,Platform-Indexed Vacancy,job,Technology Director — Wuzzuf Live Search,Egypt,Egypt,Live Job Search,Live Job Search,Technology & Consulting,Egypt,Egypt,Live / varies,Possibly Available,,,2026-07-20,Live search sorted toward newest results,Wuzzuf,B,Recognized job platform,Platform,65,Medium,,https://wuzzuf.net/search/jobs/?q=Technology+Director&a=navbl,"Egypt live-search pack. This is a live search link, not one fixed vacancy."
job-00039,Platform-Indexed Vacancy,job,Technology Director — Bayt Live Search,Egypt,Egypt,Live Job Search,Live Job Search,Technology & Consulting,Egypt,Egypt,Live / varies,Possibly Available,,,2026-07-20,Live search sorted toward newest results,Bayt,B,Recognized job platform,Platform,65,Medium,,https://www.bayt.com/en/egypt/jobs/Technology%20Director-jobs/,"Egypt live-search pack. This is a live search link, not one fixed vacancy."
job-00041,Platform-Indexed Vacancy,job,IT Strategy Manager — LinkedIn Live Search,Egypt,Egypt,Live Job Search,Live Job Search,Other Multinational & Enterprise,Egypt,Egypt,Live / varies,Possibly Available,,,2026-07-20,Live search sorted toward newest results,LinkedIn,B,Recognized job platform,Platform,62,Medium,,https://www.linkedin.com/jobs/search/?keywords=IT+Strategy+Manager&sortBy=DD&location=Egypt,"Egypt live-search pack. This is a live search link, not one fixed vacancy."
job-00042,Platform-Indexed Vacancy,job,IT Strategy Manager — Wuzzuf Live Search,Egypt,Egypt,Live Job Search,Live Job Search,Other Multinational & Enterprise,Egypt,Egypt,Live / varies,Possibly Available,,,2026-07-20,Live search sorted toward newest results,Wuzzuf,B,Recognized job platform,Platform,62,Medium,,https://wuzzuf.net/search/jobs/?q=IT+Strategy+Manager&a=navbl,"Egypt live-search pack. This is a live search link, not one fixed vacancy."
job-00043,Platform-Indexed Vacancy,job,IT Strategy Manager — Bayt Live Search,Egypt,Egypt,Live Job Search,Live Job Search,Other Multinational & Enterprise,Egypt,Egypt,Live / varies,Possibly Available,,,2026-07-20,Live search sorted toward newest results,Bayt,B,Recognized job platform,Platform,62,Medium,,https://www.bayt.com/en/egypt/jobs/IT%20Strategy%20Manager-jobs/,"Egypt live-search pack. This is a live search link, not one fixed vacancy."
job-00045,Platform-Indexed Vacancy,job,Data Architect — LinkedIn Live Search,Egypt,Egypt,Live Job Search,Live Job Search,Technology & Consulting,Egypt,Egypt,Live / varies,Possibly Available,,,2026-07-20,Live search sorted toward newest results,LinkedIn,B,Recognized job platform,Platform,60,Medium,,https://www.linkedin.com/jobs/search/?keywords=Data+Architect&sortBy=DD&location=Egypt,"Egypt live-search pack. This is a live search link, not one fixed vacancy."
job-00046,Platform-Indexed Vacancy,job,Data Architect — Wuzzuf Live Search,Egypt,Egypt,Live Job Search,Live Job Search,Technology & Consulting,Egypt,Egypt,Live / varies,Possibly Available,,,2026-07-20,Live search sorted toward newest results,Wuzzuf,B,Recognized job platform,Platform,60,Medium,,https://wuzzuf.net/search/jobs/?q=Data+Architect&a=navbl,"Egypt live-search pack. This is a live search link, not one fixed vacancy."
job-00047,Platform-Indexed Vacancy,job,Data Architect — Bayt Live Search,Egypt,Egypt,Live Job Search,Live Job Search,Technology & Consulting,Egypt,Egypt,Live / varies,Possibly Available,,,2026-07-20,Live search sorted toward newest results,Bayt,B,Recognized job platform,Platform,60,Medium,,https://www.bayt.com/en/egypt/jobs/Data%20Architect-jobs/,"Egypt live-search pack. This is a live search link, not one fixed vacancy."
job-00049,Platform-Indexed Vacancy,job,Data Governance Manager — LinkedIn Live Search,Egypt,Egypt,Live Job Search,Live Job Search,Technology & Consulting,Egypt,Egypt,Live / varies,Possibly Available,,,2026-07-20,Live search sorted toward newest results,LinkedIn,B,Recognized job platform,Platform,65,Medium,,https://www.linkedin.com/jobs/search/?keywords=Data+Governance+Manager&sortBy=DD&location=Egypt,"Egypt live-search pack. This is a live search link, not one fixed vacancy."
job-00050,Platform-Indexed Vacancy,job,Data Governance Manager — Wuzzuf Live Search,Egypt,Egypt,Live Job Search,Live Job Search,Technology & Consulting,Egypt,Egypt,Live / varies,Possibly Available,,,2026-07-20,Live search sorted toward newest results,Wuzzuf,B,Recognized job platform,Platform,65,Medium,,https://wuzzuf.net/search/jobs/?q=Data+Governance+Manager&a=navbl,"Egypt live-search pack. This is a live search link, not one fixed vacancy."
job-00051,Platform-Indexed Vacancy,job,Data Governance Manager — Bayt Live Search,Egypt,Egypt,Live Job Search,Live Job Search,Technology & Consulting,Egypt,Egypt,Live / varies,Possibly Available,,,2026-07-20,Live search sorted toward newest results,Bayt,B,Recognized job platform,Platform,65,Medium,,https://www.bayt.com/en/egypt/jobs/Data%20Governance%20Manager-jobs/,"Egypt live-search pack. This is a live search link, not one fixed vacancy."
job-00053,Platform-Indexed Vacancy,job,Chief Data Officer — LinkedIn Live Search,Egypt,Egypt,Live Job Search,Live Job Search,Technology & Consulting,Egypt,Egypt,Live / varies,Possibly Available,,,2026-07-20,Live search sorted toward newest results,LinkedIn,B,Recognized job platform,Platform,60,Medium,,https://www.linkedin.com/jobs/search/?keywords=Chief+Data+Officer&sortBy=DD&location=Egypt,"Egypt live-search pack. This is a live search link, not one fixed vacancy."
job-00054,Platform-Indexed Vacancy,job,Chief Data Officer — Wuzzuf Live Search,Egypt,Egypt,Live Job Search,Live Job Search,Technology & Consulting,Egypt,Egypt,Live / varies,Possibly Available,,,2026-07-20,Live search sorted toward newest results,Wuzzuf,B,Recognized job platform,Platform,60,Medium,,https://wuzzuf.net/search/jobs/?q=Chief+Data+Officer&a=navbl,"Egypt live-search pack. This is a live search link, not one fixed vacancy."
job-00055,Platform-Indexed Vacancy,job,Chief Data Officer — Bayt Live Search,Egypt,Egypt,Live Job Search,Live Job Search,Technology & Consulting,Egypt,Egypt,Live / varies,Possibly Available,,,2026-07-20,Live search sorted toward newest results,Bayt,B,Recognized job platform,Platform,60,Medium,,https://www.bayt.com/en/egypt/jobs/Chief%20Data%20Officer-jobs/,"Egypt live-search pack. This is a live search link, not one fixed vacancy."
job-00057,Platform-Indexed Vacancy,job,Healthcare IT Manager — LinkedIn Live Search,Egypt,Egypt,Live Job Search,Live Job Search,Healthcare & Life Sciences,Egypt,Egypt,Live / varies,Possibly Available,,,2026-07-20,Live search sorted toward newest results,LinkedIn,B,Recognized job platform,Platform,64,Medium,,https://www.linkedin.com/jobs/search/?keywords=Healthcare+IT+Manager&sortBy=DD&location=Egypt,"Egypt live-search pack. This is a live search link, not one fixed vacancy."
job-00058,Platform-Indexed Vacancy,job,Healthcare IT Manager — Wuzzuf Live Search,Egypt,Egypt,Live Job Search,Live Job Search,Healthcare & Life Sciences,Egypt,Egypt,Live / varies,Possibly Available,,,2026-07-20,Live search sorted toward newest results,Wuzzuf,B,Recognized job platform,Platform,64,Medium,,https://wuzzuf.net/search/jobs/?q=Healthcare+IT+Manager&a=navbl,"Egypt live-search pack. This is a live search link, not one fixed vacancy."
job-00059,Platform-Indexed Vacancy,job,Healthcare IT Manager — Bayt Live Search,Egypt,Egypt,Live Job Search,Live Job Search,Healthcare & Life Sciences,Egypt,Egypt,Live / varies,Possibly Available,,,2026-07-20,Live search sorted toward newest results,Bayt,B,Recognized job platform,Platform,64,Medium,,https://www.bayt.com/en/egypt/jobs/Healthcare%20IT%20Manager-jobs/,"Egypt live-search pack. This is a live search link, not one fixed vacancy."
job-00061,Platform-Indexed Vacancy,job,Health Informatics — LinkedIn Live Search,Egypt,Egypt,Live Job Search,Live Job Search,Healthcare & Life Sciences,Egypt,Egypt,Live / varies,Possibly Available,,,2026-07-20,Live search sorted toward newest results,LinkedIn,B,Recognized job platform,Platform,54,Low,,https://www.linkedin.com/jobs/search/?keywords=Health+Informatics&sortBy=DD&location=Egypt,"Egypt live-search pack. This is a live search link, not one fixed vacancy."
job-00062,Platform-Indexed Vacancy,job,Health Informatics — Wuzzuf Live Search,Egypt,Egypt,Live Job Search,Live Job Search,Healthcare & Life Sciences,Egypt,Egypt,Live / varies,Possibly Available,,,2026-07-20,Live search sorted toward newest results,Wuzzuf,B,Recognized job platform,Platform,54,Low,,https://wuzzuf.net/search/jobs/?q=Health+Informatics&a=navbl,"Egypt live-search pack. This is a live search link, not one fixed vacancy."
job-00063,Platform-Indexed Vacancy,job,Health Informatics — Bayt Live Search,Egypt,Egypt,Live Job Search,Live Job Search,Healthcare & Life Sciences,Egypt,Egypt,Live / varies,Possibly Available,,,2026-07-20,Live search sorted toward newest results,Bayt,B,Recognized job platform,Platform,54,Low,,https://www.bayt.com/en/egypt/jobs/Health%20Informatics-jobs/,"Egypt live-search pack. This is a live search link, not one fixed vacancy."
job-00065,Platform-Indexed Vacancy,job,Digital Health — LinkedIn Live Search,Egypt,Egypt,Live Job Search,Live Job Search,Healthcare & Life Sciences,Egypt,Egypt,Live / varies,Possibly Available,,,2026-07-20,Live search sorted toward newest results,LinkedIn,B,Recognized job platform,Platform,58,Low,,https://www.linkedin.com/jobs/search/?keywords=Digital+Health&sortBy=DD&location=Egypt,"Egypt live-search pack. This is a live search link, not one fixed vacancy."
job-00066,Platform-Indexed Vacancy,job,Digital Health — Wuzzuf Live Search,Egypt,Egypt,Live Job Search,Live Job Search,Healthcare & Life Sciences,Egypt,Egypt,Live / varies,Possibly Available,,,2026-07-20,Live search sorted toward newest results,Wuzzuf,B,Recognized job platform,Platform,58,Low,,https://wuzzuf.net/search/jobs/?q=Digital+Health&a=navbl,"Egypt live-search pack. This is a live search link, not one fixed vacancy."
job-00067,Platform-Indexed Vacancy,job,Digital Health — Bayt Live Search,Egypt,Egypt,Live Job Search,Live Job Search,Healthcare & Life Sciences,Egypt,Egypt,Live / varies,Possibly Available,,,2026-07-20,Live search sorted toward newest results,Bayt,B,Recognized job platform,Platform,58,Low,,https://www.bayt.com/en/egypt/jobs/Digital%20Health-jobs/,"Egypt live-search pack. This is a live search link, not one fixed vacancy."
job-00069,Platform-Indexed Vacancy,job,Technical Program Manager — LinkedIn Live Search,Egypt,Egypt,Live Job Search,Live Job Search,Other Multinational & Enterprise,Egypt,Egypt,Live / varies,Possibly Available,,,2026-07-20,Live search sorted toward newest results,LinkedIn,B,Recognized job platform,Platform,65,Medium,,https://www.linkedin.com/jobs/search/?keywords=Technical+Program+Manager&sortBy=DD&location=Egypt,"Egypt live-search pack. This is a live search link, not one fixed vacancy."
job-00070,Platform-Indexed Vacancy,job,Technical Program Manager — Wuzzuf Live Search,Egypt,Egypt,Live Job Search,Live Job Search,Other Multinational & Enterprise,Egypt,Egypt,Live / varies,Possibly Available,,,2026-07-20,Live search sorted toward newest results,Wuzzuf,B,Recognized job platform,Platform,65,Medium,,https://wuzzuf.net/search/jobs/?q=Technical+Program+Manager&a=navbl,"Egypt live-search pack. This is a live search link, not one fixed vacancy."
job-00071,Platform-Indexed Vacancy,job,Technical Program Manager — Bayt Live Search,Egypt,Egypt,Live Job Search,Live Job Search,Other Multinational & Enterprise,Egypt,Egypt,Live / varies,Possibly Available,,,2026-07-20,Live search sorted toward newest results,Bayt,B,Recognized job platform,Platform,65,Medium,,https://www.bayt.com/en/egypt/jobs/Technical%20Program%20Manager-jobs/,"Egypt live-search pack. This is a live search link, not one fixed vacancy."
job-00073,Platform-Indexed Vacancy,job,IT Portfolio Manager — LinkedIn Live Search,Egypt,Egypt,Live Job Search,Live Job Search,Supply Chain & Logistics,Egypt,Egypt,Live / varies,Possibly Available,,,2026-07-20,Live search sorted toward newest results,LinkedIn,B,Recognized job platform,Platform,58,Low,,https://www.linkedin.com/jobs/search/?keywords=IT+Portfolio+Manager&sortBy=DD&location=Egypt,"Egypt live-search pack. This is a live search link, not one fixed vacancy."
job-00074,Platform-Indexed Vacancy,job,IT Portfolio Manager — Wuzzuf Live Search,Egypt,Egypt,Live Job Search,Live Job Search,Supply Chain & Logistics,Egypt,Egypt,Live / varies,Possibly Available,,,2026-07-20,Live search sorted toward newest results,Wuzzuf,B,Recognized job platform,Platform,58,Low,,https://wuzzuf.net/search/jobs/?q=IT+Portfolio+Manager&a=navbl,"Egypt live-search pack. This is a live search link, not one fixed vacancy."
job-00075,Platform-Indexed Vacancy,job,IT Portfolio Manager — Bayt Live Search,Egypt,Egypt,Live Job Search,Live Job Search,Supply Chain & Logistics,Egypt,Egypt,Live / varies,Possibly Available,,,2026-07-20,Live search sorted toward newest results,Bayt,B,Recognized job platform,Platform,58,Low,,https://www.bayt.com/en/egypt/jobs/IT%20Portfolio%20Manager-jobs/,"Egypt live-search pack. This is a live search link, not one fixed vacancy."
job-00077,Platform-Indexed Vacancy,job,PMO Manager — LinkedIn Live Search,Egypt,Egypt,Live Job Search,Live Job Search,Other Multinational & Enterprise,Egypt,Egypt,Live / varies,Possibly Available,,,2026-07-20,Live search sorted toward newest results,LinkedIn,B,Recognized job platform,Platform,58,Low,,https://www.linkedin.com/jobs/search/?keywords=PMO+Manager&sortBy=DD&location=Egypt,"Egypt live-search pack. This is a live search link, not one fixed vacancy."
job-00078,Platform-Indexed Vacancy,job,PMO Manager — Wuzzuf Live Search,Egypt,Egypt,Live Job Search,Live Job Search,Other Multinational & Enterprise,Egypt,Egypt,Live / varies,Possibly Available,,,2026-07-20,Live search sorted toward newest results,Wuzzuf,B,Recognized job platform,Platform,58,Low,,https://wuzzuf.net/search/jobs/?q=PMO+Manager&a=navbl,"Egypt live-search pack. This is a live search link, not one fixed vacancy."
job-00079,Platform-Indexed Vacancy,job,PMO Manager — Bayt Live Search,Egypt,Egypt,Live Job Search,Live Job Search,Other Multinational & Enterprise,Egypt,Egypt,Live / varies,Possibly Available,,,2026-07-20,Live search sorted toward newest results,Bayt,B,Recognized job platform,Platform,58,Low,,https://www.bayt.com/en/egypt/jobs/PMO%20Manager-jobs/,"Egypt live-search pack. This is a live search link, not one fixed vacancy."
job-00081,Platform-Indexed Vacancy,job,Cloud Architect — LinkedIn Live Search,Egypt,Egypt,Live Job Search,Live Job Search,Technology & Consulting,Egypt,Egypt,Live / varies,Possibly Available,,,2026-07-20,Live search sorted toward newest results,LinkedIn,B,Recognized job platform,Platform,60,Medium,,https://www.linkedin.com/jobs/search/?keywords=Cloud+Architect&sortBy=DD&location=Egypt,"Egypt live-search pack. This is a live search link, not one fixed vacancy."
job-00082,Platform-Indexed Vacancy,job,Cloud Architect — Wuzzuf Live Search,Egypt,Egypt,Live Job Search,Live Job Search,Technology & Consulting,Egypt,Egypt,Live / varies,Possibly Available,,,2026-07-20,Live search sorted toward newest results,Wuzzuf,B,Recognized job platform,Platform,60,Medium,,https://wuzzuf.net/search/jobs/?q=Cloud+Architect&a=navbl,"Egypt live-search pack. This is a live search link, not one fixed vacancy."
job-00083,Platform-Indexed Vacancy,job,Cloud Architect — Bayt Live Search,Egypt,Egypt,Live Job Search,Live Job Search,Technology & Consulting,Egypt,Egypt,Live / varies,Possibly Available,,,2026-07-20,Live search sorted toward newest results,Bayt,B,Recognized job platform,Platform,60,Medium,,https://www.bayt.com/en/egypt/jobs/Cloud%20Architect-jobs/,"Egypt live-search pack. This is a live search link, not one fixed vacancy."
job-00085,Platform-Indexed Vacancy,job,Integration Architect — LinkedIn Live Search,Egypt,Egypt,Live Job Search,Live Job Search,Other Multinational & Enterprise,Egypt,Egypt,Live / varies,Possibly Available,,,2026-07-20,Live search sorted toward newest results,LinkedIn,B,Recognized job platform,Platform,64,Medium,,https://www.linkedin.com/jobs/search/?keywords=Integration+Architect&sortBy=DD&location=Egypt,"Egypt live-search pack. This is a live search link, not one fixed vacancy."
job-00086,Platform-Indexed Vacancy,job,Integration Architect — Wuzzuf Live Search,Egypt,Egypt,Live Job Search,Live Job Search,Other Multinational & Enterprise,Egypt,Egypt,Live / varies,Possibly Available,,,2026-07-20,Live search sorted toward newest results,Wuzzuf,B,Recognized job platform,Platform,64,Medium,,https://wuzzuf.net/search/jobs/?q=Integration+Architect&a=navbl,"Egypt live-search pack. This is a live search link, not one fixed vacancy."
job-00087,Platform-Indexed Vacancy,job,Integration Architect — Bayt Live Search,Egypt,Egypt,Live Job Search,Live Job Search,Other Multinational & Enterprise,Egypt,Egypt,Live / varies,Possibly Available,,,2026-07-20,Live search sorted toward newest results,Bayt,B,Recognized job platform,Platform,64,Medium,,https://www.bayt.com/en/egypt/jobs/Integration%20Architect-jobs/,"Egypt live-search pack. This is a live search link, not one fixed vacancy."
job-00089,Platform-Indexed Vacancy,job,Enterprise Applications Manager — LinkedIn Live Search,Egypt,Egypt,Live Job Search,Live Job Search,Technology & Consulting,Egypt,Egypt,Live / varies,Possibly Available,,,2026-07-20,Live search sorted toward newest results,LinkedIn,B,Recognized job platform,Platform,62,Medium,,https://www.linkedin.com/jobs/search/?keywords=Enterprise+Applications+Manager&sortBy=DD&location=Egypt,"Egypt live-search pack. This is a live search link, not one fixed vacancy."
job-00090,Platform-Indexed Vacancy,job,Enterprise Applications Manager — Wuzzuf Live Search,Egypt,Egypt,Live Job Search,Live Job Search,Technology & Consulting,Egypt,Egypt,Live / varies,Possibly Available,,,2026-07-20,Live search sorted toward newest results,Wuzzuf,B,Recognized job platform,Platform,62,Medium,,https://wuzzuf.net/search/jobs/?q=Enterprise+Applications+Manager&a=navbl,"Egypt live-search pack. This is a live search link, not one fixed vacancy."
job-00091,Platform-Indexed Vacancy,job,Enterprise Applications Manager — Bayt Live Search,Egypt,Egypt,Live Job Search,Live Job Search,Technology & Consulting,Egypt,Egypt,Live / varies,Possibly Available,,,2026-07-20,Live search sorted toward newest results,Bayt,B,Recognized job platform,Platform,62,Medium,,https://www.bayt.com/en/egypt/jobs/Enterprise%20Applications%20Manager-jobs/,"Egypt live-search pack. This is a live search link, not one fixed vacancy."
job-00093,Platform-Indexed Vacancy,job,Cybersecurity Manager — LinkedIn Live Search,Egypt,Egypt,Live Job Search,Live Job Search,Technology & Consulting,Egypt,Egypt,Live / varies,Possibly Available,,,2026-07-20,Live search sorted toward newest results,LinkedIn,B,Recognized job platform,Platform,58,Low,,https://www.linkedin.com/jobs/search/?keywords=Cybersecurity+Manager&sortBy=DD&location=Egypt,"Egypt live-search pack. This is a live search link, not one fixed vacancy."
job-00094,Platform-Indexed Vacancy,job,Cybersecurity Manager — Wuzzuf Live Search,Egypt,Egypt,Live Job Search,Live Job Search,Technology & Consulting,Egypt,Egypt,Live / varies,Possibly Available,,,2026-07-20,Live search sorted toward newest results,Wuzzuf,B,Recognized job platform,Platform,58,Low,,https://wuzzuf.net/search/jobs/?q=Cybersecurity+Manager&a=navbl,"Egypt live-search pack. This is a live search link, not one fixed vacancy."
job-00095,Platform-Indexed Vacancy,job,Cybersecurity Manager — Bayt Live Search,Egypt,Egypt,Live Job Search,Live Job Search,Technology & Consulting,Egypt,Egypt,Live / varies,Possibly Available,,,2026-07-20,Live search sorted toward newest results,Bayt,B,Recognized job platform,Platform,58,Low,,https://www.bayt.com/en/egypt/jobs/Cybersecurity%20Manager-jobs/,"Egypt live-search pack. This is a live search link, not one fixed vacancy."
job-00097,Platform-Indexed Vacancy,job,AI Solution Architect — LinkedIn Live Search,Egypt,Egypt,Live Job Search,Live Job Search,Other Multinational & Enterprise,Egypt,Egypt,Live / varies,Possibly Available,,,2026-07-20,Live search sorted toward newest results,LinkedIn,B,Recognized job platform,Platform,62,Medium,,https://www.linkedin.com/jobs/search/?keywords=AI+Solution+Architect&sortBy=DD&location=Egypt,"Egypt live-search pack. This is a live search link, not one fixed vacancy."
job-00098,Platform-Indexed Vacancy,job,AI Solution Architect — Wuzzuf Live Search,Egypt,Egypt,Live Job Search,Live Job Search,Other Multinational & Enterprise,Egypt,Egypt,Live / varies,Possibly Available,,,2026-07-20,Live search sorted toward newest results,Wuzzuf,B,Recognized job platform,Platform,62,Medium,,https://wuzzuf.net/search/jobs/?q=AI+Solution+Architect&a=navbl,"Egypt live-search pack. This is a live search link, not one fixed vacancy."
job-00099,Platform-Indexed Vacancy,job,AI Solution Architect — Bayt Live Search,Egypt,Egypt,Live Job Search,Live Job Search,Other Multinational & Enterprise,Egypt,Egypt,Live / varies,Possibly Available,,,2026-07-20,Live search sorted toward newest results,Bayt,B,Recognized job platform,Platform,62,Medium,,https://www.bayt.com/en/egypt/jobs/AI%20Solution%20Architect-jobs/,"Egypt live-search pack. This is a live search link, not one fixed vacancy."
job-00101,Platform-Indexed Vacancy,job,Business Transformation Manager — LinkedIn Live Search,Egypt,Egypt,Live Job Search,Live Job Search,Other Multinational & Enterprise,Egypt,Egypt,Live / varies,Possibly Available,,,2026-07-20,Live search sorted toward newest results,LinkedIn,B,Recognized job platform,Platform,58,Low,,https://www.linkedin.com/jobs/search/?keywords=Business+Transformation+Manager&sortBy=DD&location=Egypt,"Egypt live-search pack. This is a live search link, not one fixed vacancy."
job-00102,Platform-Indexed Vacancy,job,Business Transformation Manager — Wuzzuf Live Search,Egypt,Egypt,Live Job Search,Live Job Search,Other Multinational & Enterprise,Egypt,Egypt,Live / varies,Possibly Available,,,2026-07-20,Live search sorted toward newest results,Wuzzuf,B,Recognized job platform,Platform,58,Low,,https://wuzzuf.net/search/jobs/?q=Business+Transformation+Manager&a=navbl,"Egypt live-search pack. This is a live search link, not one fixed vacancy."
job-00103,Platform-Indexed Vacancy,job,Business Transformation Manager — Bayt Live Search,Egypt,Egypt,Live Job Search,Live Job Search,Other Multinational & Enterprise,Egypt,Egypt,Live / varies,Possibly Available,,,2026-07-20,Live search sorted toward newest results,Bayt,B,Recognized job platform,Platform,58,Low,,https://www.bayt.com/en/egypt/jobs/Business%20Transformation%20Manager-jobs/,"Egypt live-search pack. This is a live search link, not one fixed vacancy."
job-00105,Platform-Indexed Vacancy,job,ServiceNow Architect — LinkedIn Live Search,Egypt,Egypt,Live Job Search,Live Job Search,Other Multinational & Enterprise,Egypt,Egypt,Live / varies,Possibly Available,,,2026-07-20,Live search sorted toward newest results,LinkedIn,B,Recognized job platform,Platform,58,Low,,https://www.linkedin.com/jobs/search/?keywords=ServiceNow+Architect&sortBy=DD&location=Egypt,"Egypt live-search pack. This is a live search link, not one fixed vacancy."
job-00106,Platform-Indexed Vacancy,job,ServiceNow Architect — Wuzzuf Live Search,Egypt,Egypt,Live Job Search,Live Job Search,Other Multinational & Enterprise,Egypt,Egypt,Live / varies,Possibly Available,,,2026-07-20,Live search sorted toward newest results,Wuzzuf,B,Recognized job platform,Platform,58,Low,,https://wuzzuf.net/search/jobs/?q=ServiceNow+Architect&a=navbl,"Egypt live-search pack. This is a live search link, not one fixed vacancy."
job-00107,Platform-Indexed Vacancy,job,ServiceNow Architect — Bayt Live Search,Egypt,Egypt,Live Job Search,Live Job Search,Other Multinational & Enterprise,Egypt,Egypt,Live / varies,Possibly Available,,,2026-07-20,Live search sorted toward newest results,Bayt,B,Recognized job platform,Platform,58,Low,,https://www.bayt.com/en/egypt/jobs/ServiceNow%20Architect-jobs/,"Egypt live-search pack. This is a live search link, not one fixed vacancy."
job-00109,Platform-Indexed Vacancy,job,ERP Program Manager — LinkedIn Live Search,Egypt,Egypt,Live Job Search,Live Job Search,Other Multinational & Enterprise,Egypt,Egypt,Live / varies,Possibly Available,,,2026-07-20,Live search sorted toward newest results,LinkedIn,B,Recognized job platform,Platform,64,Medium,,https://www.linkedin.com/jobs/search/?keywords=ERP+Program+Manager&sortBy=DD&location=Egypt,"Egypt live-search pack. This is a live search link, not one fixed vacancy."
job-00110,Platform-Indexed Vacancy,job,ERP Program Manager — Wuzzuf Live Search,Egypt,Egypt,Live Job Search,Live Job Search,Other Multinational & Enterprise,Egypt,Egypt,Live / varies,Possibly Available,,,2026-07-20,Live search sorted toward newest results,Wuzzuf,B,Recognized job platform,Platform,64,Medium,,https://wuzzuf.net/search/jobs/?q=ERP+Program+Manager&a=navbl,"Egypt live-search pack. This is a live search link, not one fixed vacancy."
job-00111,Platform-Indexed Vacancy,job,ERP Program Manager — Bayt Live Search,Egypt,Egypt,Live Job Search,Live Job Search,Other Multinational & Enterprise,Egypt,Egypt,Live / varies,Possibly Available,,,2026-07-20,Live search sorted toward newest results,Bayt,B,Recognized job platform,Platform,64,Medium,,https://www.bayt.com/en/egypt/jobs/ERP%20Program%20Manager-jobs/,"Egypt live-search pack. This is a live search link, not one fixed vacancy."
job-00113,Platform-Indexed Vacancy,job,ICT Manager — LinkedIn Live Search,Egypt,Egypt,Live Job Search,Live Job Search,Other Multinational & Enterprise,Egypt,Egypt,Live / varies,Possibly Available,,,2026-07-20,Live search sorted toward newest results,LinkedIn,B,Recognized job platform,Platform,58,Low,,https://www.linkedin.com/jobs/search/?keywords=ICT+Manager&sortBy=DD&location=Egypt,"Egypt live-search pack. This is a live search link, not one fixed vacancy."
job-00114,Platform-Indexed Vacancy,job,ICT Manager — Wuzzuf Live Search,Egypt,Egypt,Live Job Search,Live Job Search,Other Multinational & Enterprise,Egypt,Egypt,Live / varies,Possibly Available,,,2026-07-20,Live search sorted toward newest results,Wuzzuf,B,Recognized job platform,Platform,58,Low,,https://wuzzuf.net/search/jobs/?q=ICT+Manager&a=navbl,"Egypt live-search pack. This is a live search link, not one fixed vacancy."
job-00115,Platform-Indexed Vacancy,job,ICT Manager — Bayt Live Search,Egypt,Egypt,Live Job Search,Live Job Search,Other Multinational & Enterprise,Egypt,Egypt,Live / varies,Possibly Available,,,2026-07-20,Live search sorted toward newest results,Bayt,B,Recognized job platform,Platform,58,Low,,https://www.bayt.com/en/egypt/jobs/ICT%20Manager-jobs/,"Egypt live-search pack. This is a live search link, not one fixed vacancy."
job-00117,Platform-Indexed Vacancy,job,AI Solution Architect,CodeNinja,CodeNinja,Solution Architecture,Solution Architecture,Other Multinational & Enterprise,Egypt,Egypt,Remote,Expired,,,2026-07-20,2026-07-12,Workable,A,Official / primary source,Official,64,Medium,,https://jobs.workable.com/view/2LNtkwJTBYeMQNxCZNYQii/remote-ai-solution-architect-in-egypt-at-codeninja,Remote Egypt
job-00118,Platform-Indexed Vacancy,job,Eskadenia Solutions Architect,Müller’s Solutions,Müller’s Solutions,Solution Architecture,Solution Architecture,Other Multinational & Enterprise,Egypt,Egypt,Cairo / Remote,Expired,,,2026-07-20,2026-07-16,Workable,A,Official / primary source,Official,64,Medium,,https://jobs.workable.com/view/gBESCNVFPomv8EGGT9en18/remote-eskadenia-solutions-architect-in-cairo-at-m%C3%BCller%60s-solutions,Remote Cairo
job-00119,Platform-Indexed Vacancy,job,AWS Cloud Solution Architect (CDK Support),SSC HR Solutions,SSC HR Solutions,Solution Architecture,Solution Architecture,Supply Chain & Logistics,Egypt,Egypt,New Cairo / Hybrid,Expired,,,2026-07-20,2026-07-12,Workable,A,Official / primary source,Official,65,Medium,,https://jobs.workable.com/view/jX9DuPw6foy5n8FWKmrB1U/hybrid-aws-cloud-solution-architect-%28cdk-support%29-in-new-cairo-city-at-ssc-hr-solutions,Hybrid New Cairo
job-00120,Platform-Indexed Vacancy,job,Oracle EPM Principal Consultant,Talent 360,Talent 360,Enterprise Applications & Software,Enterprise Applications & Software,Technology & Consulting,Egypt,Egypt,Maadi / Hybrid,Expired,,,2026-07-20,2026-06-21,Workable,A,Official / primary source,Official,62,Medium,,https://jobs.workable.com/view/tsxMuHXXa1DbK4RGUPVVMk/hybrid-oracle-epm-principle-consultant-in-maadi-at-talent-360.me,Hybrid Maadi
job-00121,Platform-Indexed Vacancy,job,Sitecore Solution Architect (XM Cloud),Arcsen,Arcsen,Solution Architecture,Solution Architecture,Technology & Consulting,Egypt,Egypt,Maadi / Hybrid,Expired,,,2026-07-20,2026-06-23,Workable,A,Official / primary source,Official,65,Medium,,https://jobs.workable.com/view/vrEjNQyZvDiNRzx2vGmZkj/hybrid-sitecore-solution-architect-%28xm-cloud%29-in-maadi-at-arcsen,Hybrid Maadi
job-00122,Platform-Indexed Vacancy,job,"Enterprise Architect, Planning",Coca-Cola HBC,Coca-Cola HBC,Enterprise Architecture,Enterprise Architecture,Technology & Consulting,Egypt,Egypt,Cairo,Expired,,,2026-07-20,Posted July 2026,LinkedIn,B,Recognized job platform,Platform,67,Medium,,https://www.linkedin.com/jobs/view/4436716196/,Verify listing remains open
job-00123,Platform-Indexed Vacancy,job,"Enterprise Architect, Commercial",Coca-Cola HBC,Coca-Cola HBC,Enterprise Architecture,Enterprise Architecture,Technology & Consulting,Egypt,Egypt,Cairo,Expired,,,2026-07-20,Posted July 2026,LinkedIn,B,Recognized job platform,Platform,67,Medium,,https://eg.linkedin.com/jobs/view/enterprise-architect-commercial-at-coca-cola-hbc-4436710502,Verify listing remains open
job-00124,Platform-Indexed Vacancy,job,Platform Architect - Manufacturing & Maintenance,Coca-Cola HBC,Coca-Cola HBC,Enterprise Architecture,Enterprise Architecture,Technology & Consulting,Egypt,Egypt,Cairo,Expired,,,2026-07-20,Listing page available,LinkedIn,B,Recognized job platform,Platform,67,Medium,,https://www.linkedin.com/jobs/view/4359796643/,SAP S/4HANA and manufacturing experience
job-00125,Platform-Indexed Vacancy,job,Platform Architect - Employee Experience,Coca-Cola HBC,Coca-Cola HBC,Enterprise Architecture,Enterprise Architecture,Technology & Consulting,Egypt,Egypt,New Cairo,Expired,,,2026-07-20,Recent listing,LinkedIn,B,Recognized job platform,Platform,67,Medium,,https://www.linkedin.com/jobs/view/4413403409/,"SharePoint, Viva and Workday experience"
job-00126,Platform-Indexed Vacancy,job,Enterprise Security Architect,Banque Misr,Banque Misr,Cybersecurity & Security Architecture,Cybersecurity & Security Architecture,Technology & Consulting,Egypt,Egypt,Cairo,Expired,,,2026-07-20,Listing page available; checked 18 Jul 2026,LinkedIn,B,Recognized job platform,Platform,64,Medium,,https://www.linkedin.com/jobs/view/4356370310/,Senior security architecture profile
job-00127,Platform-Indexed Vacancy,job,Digital Technology & IT Manager,The Translation Gate,The Translation Gate,IT Leadership & Management,IT Leadership & Management,Technology & Consulting,Egypt,Egypt,"Maadi, Cairo",Expired,,,2026-07-20,Listing page available; checked 18 Jul 2026,LinkedIn,B,Recognized job platform,Platform,58,Low,,https://www.linkedin.com/jobs/view/4358822123/,Strategic technology leadership role
job-00128,Platform-Indexed Vacancy,job,Digital Transformation Architect,Orascom Development Egypt,Orascom Development Egypt,Digital Transformation & Strategy,Digital Transformation & Strategy,Technology & Consulting,Egypt,Egypt,Cairo,Expired,,,2026-07-20,Listing page available; checked 18 Jul 2026,LinkedIn,B,Recognized job platform,Platform,62,Medium,,https://www.linkedin.com/jobs/view/4378177523/,Verify detailed eligibility
job-00129,Platform-Indexed Vacancy,job,Digital Transformation Manager - C# / .NET Consultant,Goahead Consulting,Goahead Consulting,Digital Transformation & Strategy,Digital Transformation & Strategy,Technology & Consulting,Egypt,Egypt,Cairo,Expired,,,2026-07-20,Listing page available,LinkedIn,B,Recognized job platform,Platform,64,Medium,,https://eg.linkedin.com/jobs/view/digital-transformation-manager-c%23-dot-net-consultant-at-goahead-consulting-4108792756,On-site; .NET consulting background
job-00130,Platform-Indexed Vacancy,job,"Manager, Digitalization",Juhayna Food Industries,Juhayna Food Industries,Digital Transformation & Strategy,Digital Transformation & Strategy,Technology & Consulting,Egypt,Egypt,Sheikh Zayed / Giza,Expired,,,2026-07-20,Listing page available,LinkedIn,B,Recognized job platform,Platform,62,Medium,,https://eg.linkedin.com/jobs/view/manager-digitalization-at-juhayna-food-industries-4371440973,Industry 4.0 and manufacturing digitalization
job-00131,Platform-Indexed Vacancy,job,Digital Transformation Governance Senior Executive,GB Corp,GB Corp,Digital Transformation & Strategy,Digital Transformation & Strategy,Technology & Consulting,Egypt,Egypt,Giza,Expired,,,2026-07-20,Recent listing,LinkedIn,B,Recognized job platform,Platform,62,Medium,,https://www.linkedin.com/jobs/view/4418678029/,Governance and transformation experience
job-00132,Platform-Indexed Vacancy,job,AI & Agile Transformation Head,Crédit Agricole Egypt,Crédit Agricole Egypt,Digital Transformation & Strategy,Digital Transformation & Strategy,Technology & Consulting,Egypt,Egypt,Cairo,Expired,,,2026-07-20,Posted July 2026,LinkedIn,B,Recognized job platform,Platform,62,Medium,,https://www.linkedin.com/jobs/view/4439740212/,Executive transformation profile
job-00133,Platform-Indexed Vacancy,job,Operational Excellence & Digitalization Director,The Coca-Cola Company,The Coca-Cola Company,Digital Transformation & Strategy,Digital Transformation & Strategy,Technology & Consulting,Egypt,Egypt,Cairo,Expired,,,2026-07-20,Recent listing,LinkedIn,B,Recognized job platform,Platform,65,Medium,,https://www.linkedin.com/jobs/view/4402634138/,Director-level operational excellence experience
job-00134,Platform-Indexed Vacancy,job,Senior Consultant - Transformation Architecture,EY,EY,Other Technology Role,Other Technology Role,Technology & Consulting,Egypt,Egypt,Cairo,Expired,,,2026-07-20,Recent listing,LinkedIn,B,Recognized job platform,Platform,60,Medium,,https://www.linkedin.com/jobs/view/senior-consultant-transformation-architecture-business-transformation-egypt-at-ey-4413619229,Consulting experience preferred
job-00135,Platform-Indexed Vacancy,job,Senior Data Architect,SDG Group Middle East,SDG Group Middle East,Data Architecture & Governance,Data Architecture & Governance,Technology & Consulting,Egypt,Egypt,Cairo,Expired,,,2026-07-20,Posted July 2026,LinkedIn,B,Recognized job platform,Platform,64,Medium,,https://www.linkedin.com/jobs/view/4434534683/,Senior data architecture experience
job-00136,Platform-Indexed Vacancy,job,Senior Data Governance Specialist,SDG Group Middle East,SDG Group Middle East,Data Architecture & Governance,Data Architecture & Governance,Technology & Consulting,Egypt,Egypt,Cairo,Expired,,,2026-07-20,Posted July 2026,LinkedIn,B,Recognized job platform,Platform,67,Medium,,https://www.linkedin.com/jobs/view/4434543511/,Hands-on governance implementation
job-00137,Platform-Indexed Vacancy,job,Data Governance Lead,Intellias,Intellias,Data Architecture & Governance,Data Architecture & Governance,Technology & Consulting,Egypt,Egypt,Cairo,Expired,,,2026-07-20,Posted 29 Jun 2026,LinkedIn,B,Recognized job platform,Platform,67,Medium,,https://www.linkedin.com/jobs/view/4429998727/,Governance frameworks and data catalog experience
job-00138,Platform-Indexed Vacancy,job,Data Management Lead,SILO HUB,SILO HUB,Data Architecture & Governance,Data Architecture & Governance,Technology & Consulting,Egypt,Egypt,Heliopolis / Cairo,Expired,,,2026-07-20,Posted July 2026,LinkedIn,B,Recognized job platform,Platform,67,Medium,,https://www.linkedin.com/jobs/view/4439744047/,Enterprise data strategy and stewardship
job-00139,Platform-Indexed Vacancy,job,Data Privacy Specialist,Majid Al Futtaim,Majid Al Futtaim,Data Architecture & Governance,Data Architecture & Governance,Technology & Consulting,Egypt,Egypt,Cairo,Expired,,,2026-07-20,Posted July 2026,LinkedIn,B,Recognized job platform,Platform,64,Medium,,https://www.linkedin.com/jobs/view/4440268003/,Privacy and compliance background
job-00140,Platform-Indexed Vacancy,job,Commercial Data Operations Manager,AstraZeneca,AstraZeneca,Data & Analytics,Data & Analytics,Technology & Consulting,Egypt,Egypt,Cairo,Expired,,,2026-07-20,Listing page available,LinkedIn,B,Recognized job platform,Platform,62,Medium,,https://www.linkedin.com/jobs/view/4369159420/,Commercial data operations experience
job-00141,Platform-Indexed Vacancy,job,Data Privacy Partner - Egypt,AstraZeneca,AstraZeneca,Data Architecture & Governance,Data Architecture & Governance,Technology & Consulting,Egypt,Egypt,Cairo,Expired,,,2026-07-20,Listing page available,LinkedIn,B,Recognized job platform,Platform,64,Medium,,https://www.linkedin.com/jobs/view/4408675290/,Privacy and regulatory background
job-00142,Platform-Indexed Vacancy,job,"Regulatory Data Coordinator, Senior Associate",Pfizer,Pfizer,Data Architecture & Governance,Data Architecture & Governance,Technology & Consulting,Egypt,Egypt,Cairo,Expired,,,2026-07-20,Listing page available,LinkedIn,B,Recognized job platform,Platform,64,Medium,,https://www.linkedin.com/jobs/view/4340386487/,Regulatory data and master-data experience
job-00143,Platform-Indexed Vacancy,job,Principal AI Platform / Agentic AI Architect,Intellias,Intellias,"AI, Data Science & Governance","AI, Data Science & Governance",Technology & Consulting,Egypt,Egypt,Cairo,Expired,,,2026-07-20,Posted July 2026,LinkedIn,B,Recognized job platform,Platform,62,Medium,,https://www.linkedin.com/jobs/view/4440528085/,Principal-level AI platform experience
job-00144,Platform-Indexed Vacancy,job,Senior AI Governance,BBI,BBI,"AI, Data Science & Governance","AI, Data Science & Governance",Technology & Consulting,Egypt,Egypt,Cairo,Expired,,,2026-07-20,Posted July 2026,LinkedIn,B,Recognized job platform,Platform,60,Medium,,https://www.linkedin.com/jobs/view/4434827215/,AI governance and risk experience
job-00145,Platform-Indexed Vacancy,job,Solutions Architect,QNBeyond Plus,QNBeyond Plus,Solution Architecture,Solution Architecture,Other Multinational & Enterprise,Egypt,Egypt,Cairo,Expired,,,2026-07-20,Posted July 2026,LinkedIn,B,Recognized job platform,Platform,64,Medium,,https://www.linkedin.com/jobs/view/4437226292/,Verify detailed technical stack
job-00146,Platform-Indexed Vacancy,job,Program Manager / Head of PMO,QNBeyond Plus,QNBeyond Plus,"Program, Project & Delivery Management","Program, Project & Delivery Management",Other Multinational & Enterprise,Egypt,Egypt,Cairo,Expired,,,2026-07-20,Posted July 2026,LinkedIn,B,Recognized job platform,Platform,64,Medium,,https://www.linkedin.com/jobs/view/4437221415/,PMO establishment and governance experience
job-00147,Platform-Indexed Vacancy,job,Project Manager - CRM,QNBeyond Plus,QNBeyond Plus,"Program, Project & Delivery Management","Program, Project & Delivery Management",Other Multinational & Enterprise,Egypt,Egypt,Cairo,Expired,,,2026-07-20,Posted July 2026,LinkedIn,B,Recognized job platform,Platform,60,Medium,,https://www.linkedin.com/jobs/view/4437221417/,CRM implementation experience
job-00148,Platform-Indexed Vacancy,job,Project Manager - Core Banking,QNB Egypt,QNB Egypt,"Program, Project & Delivery Management","Program, Project & Delivery Management",Financial Services,Egypt,Egypt,Cairo,Expired,,,2026-07-20,Posted July 2026,LinkedIn,B,Recognized job platform,Platform,60,Medium,,https://www.linkedin.com/jobs/view/4437222427/,Core-banking project experience
job-00149,Platform-Indexed Vacancy,job,Solution Architect,Ericsson,Ericsson,Solution Architecture,Solution Architecture,Technology & Consulting,Egypt,Egypt,Smart Village / Cairo,Expired,,,2026-07-20,Posted July 2026,LinkedIn,B,Recognized job platform,Platform,64,Medium,,https://www.linkedin.com/jobs/view/4439895071/,Telecom solution architecture experience
job-00150,Platform-Indexed Vacancy,job,Senior Solution Architect - Telecom & Network Services,Tech Mahindra,Tech Mahindra,Solution Architecture,Solution Architecture,Technology & Consulting,Egypt,Egypt,Cairo,Expired,,,2026-07-20,Posted July 2026,LinkedIn,B,Recognized job platform,Platform,64,Medium,,https://www.linkedin.com/jobs/view/4439869381/,Senior telecom architecture background
job-00151,Platform-Indexed Vacancy,job,Data Architecture Senior Tech Lead,Vodafone,Vodafone,Data Architecture & Governance,Data Architecture & Governance,Technology & Consulting,Egypt,Egypt,Giza,Expired,,,2026-07-20,Posted July 2026,LinkedIn,B,Recognized job platform,Platform,64,Medium,,https://www.linkedin.com/jobs/view/4435912448/,Senior data-platform leadership
job-00152,Platform-Indexed Vacancy,job,Senior Modern Workplace Solutions Architect,CareersTech.Hub,CareersTech.Hub,Solution Architecture,Solution Architecture,Automotive & Mobility,Egypt,Egypt,Cairo,Expired,,,2026-07-20,Posted July 2026,LinkedIn,B,Recognized job platform,Platform,64,Medium,,https://www.linkedin.com/jobs/view/4435659594/,Microsoft modern-workplace architecture
job-00153,Platform-Indexed Vacancy,job,Salesforce Architect,Cloud 11,Cloud 11,Solution Architecture,Solution Architecture,Technology & Consulting,Egypt,Egypt,Cairo,Expired,,,2026-07-20,Posted July 2026,LinkedIn,B,Recognized job platform,Platform,65,Medium,,https://www.linkedin.com/jobs/view/4435986280/,Salesforce architecture experience
job-00154,Platform-Indexed Vacancy,job,Data Solutions Presales Architect - English & French,Hewlett Packard Enterprise,Hewlett Packard Enterprise,Solution Architecture,Solution Architecture,Technology & Consulting,Egypt,Egypt,Cairo,Expired,,,2026-07-20,Listing page available,LinkedIn,B,Recognized job platform,Platform,69,Medium,,https://www.linkedin.com/jobs/view/4340103624/,English and French required
job-00155,Platform-Indexed Vacancy,job,IT Release and Change Management,TP,TP,IT Governance & Service Management,IT Governance & Service Management,Other Multinational & Enterprise,Egypt,Egypt,"Maadi, Cairo",Expired,,,2026-07-20,Posted July 2026,LinkedIn,B,Recognized job platform,Platform,55,Low,,https://www.linkedin.com/jobs/view/4437761549/,Release and change-management experience
job-00156,Platform-Indexed Vacancy,job,IT Operations Specialist,LEONI Egypt,LEONI Egypt,"Cloud, Infrastructure & IT Operations","Cloud, Infrastructure & IT Operations",Technology & Consulting,Egypt,Egypt,"Nasr City, Cairo",Expired,,,2026-07-20,Posted July 2026,LinkedIn,B,Recognized job platform,Platform,55,Low,,https://www.linkedin.com/jobs/view/4438992068/,Operations-focused role
job-00157,Platform-Indexed Vacancy,job,IT Analyst,Orange Business,Orange Business,"Cloud, Infrastructure & IT Operations","Cloud, Infrastructure & IT Operations",Technology & Consulting,Egypt,Egypt,Cairo,Expired,,,2026-07-20,Posted July 2026,LinkedIn,B,Recognized job platform,Platform,55,Low,,https://www.linkedin.com/jobs/view/4440234866/,Verify detailed requirements
job-00158,Platform-Indexed Vacancy,job,Information & Technology Coordinator,Marriott International,Marriott International,"Cloud, Infrastructure & IT Operations","Cloud, Infrastructure & IT Operations",Technology & Consulting,Egypt,Egypt,Cairo,Expired,,,2026-07-20,Posted July 2026,LinkedIn,B,Recognized job platform,Platform,22,Low,,https://www.linkedin.com/jobs/view/4437949614/,Hotel IT operations role
job-00159,Platform-Indexed Vacancy,job,"Senior Applications Solutions Engineer - Fusion HCM, Health & Life Sciences",Oracle,Oracle,Healthcare IT & Digital Health,Healthcare IT & Digital Health,Healthcare & Life Sciences,Egypt,Egypt,Egypt,Expired,,,2026-07-20,Listing page available,LinkedIn,B,Recognized job platform,Platform,65,Medium,,https://www.linkedin.com/jobs/view/4361889046/,Oracle Fusion and presales expertise
job-00160,Platform-Indexed Vacancy,job,Web Portal Support Specialist - Tech,Mediconsult,Mediconsult,Healthcare IT & Digital Health,Healthcare IT & Digital Health,Healthcare & Life Sciences,Egypt,Egypt,Giza,Expired,,,2026-07-20,Listing page available,LinkedIn,B,Recognized job platform,Platform,62,Medium,,https://www.linkedin.com/jobs/view/4346231591/,Portal support role
job-00161,Platform-Indexed Vacancy,job,Project Manager / Senior Project Manager,RSA Security,RSA Security,Cybersecurity & Security Architecture,Cybersecurity & Security Architecture,Technology & Consulting,Egypt,Egypt,Cairo,Expired,,,2026-07-20,Posted July 2026,LinkedIn,B,Recognized job platform,Platform,60,Medium,,https://www.linkedin.com/jobs/view/4440536994/,Professional-services delivery experience
job-00162,Platform-Indexed Vacancy,job,Technical Delivery Manager,Beetleware,Beetleware,"Program, Project & Delivery Management","Program, Project & Delivery Management",Other Multinational & Enterprise,Egypt,Egypt,Cairo,Expired,,,2026-07-20,Posted July 2026,LinkedIn,B,Recognized job platform,Platform,62,Medium,,https://www.linkedin.com/jobs/view/4438472898/,Technical delivery leadership
job-00163,Platform-Indexed Vacancy,job,Information Technology Manager,SolutionMall,SolutionMall,IT Leadership & Management,IT Leadership & Management,Technology & Consulting,Egypt,Egypt,Cairo,Expired,,,2026-07-20,Listing page available,LinkedIn,B,Recognized job platform,Platform,58,Low,,https://www.linkedin.com/jobs/view/information-technology-manager-at-solutionmall-4392852334,Verify company and detailed scope
job-00164,Platform-Indexed Vacancy,job,Information & Technology Supervisor,Marriott International,Marriott International,"Cloud, Infrastructure & IT Operations","Cloud, Infrastructure & IT Operations",Healthcare & Life Sciences,Egypt,Egypt,Cairo,Expired,,,2026-07-20,Posted July 2026,LinkedIn,B,Recognized job platform,Platform,22,Low,,https://www.linkedin.com/jobs/view/4437951378/,Hospitality IT operations
job-00165,Platform-Indexed Vacancy,job,SAP Solution Architect - Integrated Order Management,Coca-Cola HBC,Coca-Cola HBC,Solution Architecture,Solution Architecture,Other Multinational & Enterprise,Egypt,Egypt,Cairo,Expired,,,2026-07-20,Older listing page; verify status,LinkedIn,B,Recognized job platform,Platform,64,Medium,,https://www.linkedin.com/jobs/view/4380330174/,SAP order-management architecture
job-00166,Platform-Indexed Vacancy,job,Solution Architect - IIoT Manufacturing,Coca-Cola HBC,Coca-Cola HBC,Solution Architecture,Solution Architecture,Energy & Infrastructure,Egypt,Egypt,New Cairo,Expired,,,2026-07-20,Older listing page; verify status,LinkedIn,B,Recognized job platform,Platform,64,Medium,,https://www.linkedin.com/jobs/view/4371841602/,Industrial IoT and manufacturing systems
job-00167,Platform-Indexed Vacancy,job,IT Enterprise Applications Architect,Confidential / LinkedIn listing,Confidential / LinkedIn listing,Enterprise Architecture,Enterprise Architecture,Technology & Consulting,Egypt,Egypt,Cairo,Expired,,,2026-07-20,Listing page available,LinkedIn,B,Recognized job platform,Platform,67,Medium,,https://www.linkedin.com/jobs/view/4397919725/,Employer details may require sign-in
job-00168,Platform-Indexed Vacancy,job,Digital Transformation Manager,CAREER141 client,CAREER141 client,Digital Transformation & Strategy,Digital Transformation & Strategy,Automotive & Mobility,Egypt,Egypt,Egypt,Expired,,,2026-07-20,Listing page available,LinkedIn,B,Recognized job platform,Platform,62,Medium,,https://lk.linkedin.com/jobs/view/digital-transformation-manager-at-career141-4340119935,Recruiter-managed role; verify employer
job-00169,Platform-Indexed Vacancy,job,System Analyst,Datamatics Technologies,Datamatics Technologies,Other Technology Role,Other Technology Role,Technology & Consulting,Egypt,Egypt,Cairo,Expired,,,2026-07-20,Posted July 2026,LinkedIn,B,Recognized job platform,Platform,55,Low,,https://www.linkedin.com/jobs/view/4435681672/,Systems-analysis role
job-00170,Platform-Indexed Vacancy,job,ERP Technical Support Specialist,dawatech,dawatech,Enterprise Applications & Software,Enterprise Applications & Software,Supply Chain & Logistics,Egypt,Egypt,Cairo,Expired,,,2026-07-20,Posted July 2026,LinkedIn,B,Recognized job platform,Platform,56,Low,,https://www.linkedin.com/jobs/view/4438176823/,ERP support role
job-00666,Platform-Indexed Vacancy,job,Digital Solutions Enterprise Architect,Omnix International,Omnix International,Enterprise Architecture,Enterprise Architecture,Technology & Consulting,Egypt,GCC / Egypt,Remote from Egypt + GCC travel,Expired,,,2026-07-20,Recent listing,LinkedIn,B,Recognized job platform,Platform,42,Low,,https://eg.linkedin.com/jobs/view/digital-solutions-enterprise-architect-at-omnix-international-4427184102,Regular GCC travel
job-01115,Platform-Indexed Vacancy,job,Solutions Architect,GitLab,GitLab,Solution Architecture,Solution Architecture,Supply Chain & Logistics,Remote / Global,Remote - Multiple Regions,Remote,Expired,,,2026-07-20,Current GitLab job-board listing,Official employer board,B,Direct organization or specialist source,Direct,62,Medium,,https://about.gitlab.com/jobs/all-jobs/,Use GitLab location filter and confirm Egypt is supported
job-01147,Platform-Indexed Vacancy,job,Senior Business Analyst - Digital Transformation,SSC HR Solutions,SSC HR Solutions,Digital Transformation & Strategy,Digital Transformation & Strategy,Technology & Consulting,Egypt,Egypt,Remote,Expired,,,2026-07-20,Posted 18 Jul 2026,Official ATS,A,Official / primary source,Official,60,Medium,,https://jobs.workable.com/view/wsPs2e4w3rx9Keer3PZj6X/remote-senior-business-analyst-%28digital-transformation%29-in-egypt-at-ssc-hr-solutions,Remote Egypt role
job-01150,Platform-Indexed Vacancy,job,Strategic Partnerships Lead - Banking Distribution COO,JUMO,JUMO,Digital Transformation & Strategy,Digital Transformation & Strategy,Technology & Consulting,Remote / Global,UTC 0 to UTC+3 / Selected countries,Remote-first,Expired,,,2026-07-20,Shown on current employer job board,Official employer ATS,A,Official / primary source,Official,62,Medium,,https://boards.greenhouse.io/jumo/jobs/7870659,Job board references remote hiring within UTC 0 to UTC+3; confirm Egypt eligibility
job-01151,Platform-Indexed Vacancy,job,Presales Consultant,Müller's Solutions,Müller's Solutions,Solution Architecture,Solution Architecture,Technology & Consulting,Egypt,Egypt,Remote,Expired,,,2026-07-20,Open page checked 18 Jul 2026,Official ATS,A,Official / primary source,Official,64,Medium,,https://jobs.workable.com/view/qbthsnFBmPkWV9WthvjQpq/presales-consultant-%28remote%29-in-cairo-at-m%C3%BCller%60s-solutions,Remote role associated with Cairo
job-01576,Platform-Indexed Vacancy,job,AI Product Manager - Delivery & Operations,SSC HR Solutions,SSC HR Solutions,"Program, Project & Delivery Management","Program, Project & Delivery Management",Other Multinational & Enterprise,Egypt,Egypt,Cairo,Expired,,,2026-07-20,,Workable,A,Official / primary source,Official,58,Low,,https://jobs.workable.com/view/nnPKoYzBPzxDQYcQQGXZB3/hybrid-ai-product-manager---delivery-%26-operations-in-cairo-at-ssc-hr-solutions,
job-01577,Platform-Indexed Vacancy,job,Full Stack Software Engineer - AWS / Azure,SSC HR Solutions,SSC HR Solutions,Enterprise Applications & Software,Enterprise Applications & Software,Technology & Consulting,Egypt,Egypt,Cairo,Expired,,,2026-07-20,,Workable,A,Official / primary source,Official,56,Low,,https://jobs.workable.com/view/ximG7qN1jqwh2rsmvJteQF/hybrid-full-stack-software-engineer-%28python%2Ftypescript%2Fgo%29---aws%2Fazure-in-cairo-at-ssc-hr-solutions,
job-01582,Official Vacancy,job,"Sr. Program Manager, Ops Integration",Amazon,Amazon,Program Delivery,Program Delivery,Other Multinational & Enterprise,Egypt,Egypt,Cairo,Available,2026-06-22,,2026-07-24,Official listing,Official employer careers,A,Official employer / primary source,Official,94,High,,https://www.amazon.jobs/en/search?country=EGY&loc_query=Egypt,"Amazon Job ID 10454746. Operations integration, program leadership and cross-functional delivery."
job-01583,Official Vacancy,job,"Launch Program Manager, Amazon Now",Amazon,Amazon,Program Delivery,Program Delivery,Other Multinational & Enterprise,Egypt,Egypt,Cairo,Available,2026-06-23,,2026-07-24,Official listing,Official employer careers,A,Official employer / primary source,Official,92,High,,https://www.amazon.jobs/en/search?country=EGY&loc_query=Egypt,"Amazon Job ID 10456264. Program strategy, end-to-end delivery, metrics and senior-stakeholder communication."
job-01584,Official Vacancy,job,"Program Manager - QC Inventory Health, Supply Chain",Amazon,Amazon,Supply Chain Transformation,Supply Chain Transformation,Healthcare & Life Sciences,Egypt,Egypt,Cairo,Available,2026-07-01,,2026-07-24,Official listing,Official employer careers,A,Official employer / primary source,Official,90,High,,https://amazon.jobs/es/search?base_query=&country=EGY&loc_query=Egypt&sort=relevant,Amazon Job ID 10463444. Cross-functional technology and operations program improvement using data and metrics.
job-01585,Official Vacancy,job,Global Continuous Improvement & Governance Lead,Unilever,Unilever,Governance & Continuous Improvement,Governance & Continuous Improvement,Automotive & Mobility,Egypt,Egypt,6th of October City,Available,2026-07-22,,2026-07-24,Official listing,Official employer careers,A,Official employer / primary source,Official,88,High,,https://careers.unilever.com/en/Egypt,Current official Unilever Egypt listing focused on governance and continuous improvement. Verify details on the official career page.
job-01586,Official Vacancy,job,"Program Manager Inventory, Supply Chain",Amazon,Amazon,Supply Chain Transformation,Supply Chain Transformation,Supply Chain & Logistics,Egypt,Egypt,Cairo,Available,2026-06-22,,2026-07-24,Official listing,Official employer careers,A,Official employer / primary source,Official,88,High,,https://www.amazon.jobs/en/search?country=EGY&loc_query=Egypt,"Amazon Job ID 10454589. Inventory, supply-chain program management and data-driven improvement."
job-01588,Official Vacancy,job,Egypt Warehouse Assistant Manager,Unilever,Unilever,Supply Chain Leadership,Supply Chain Leadership,Supply Chain & Logistics,Egypt,Egypt,6th of October City,Available,2026-07-22,,2026-07-24,Official listing,Official employer careers,A,Official employer / primary source,Official,80,High,,https://careers.unilever.com/en/Egypt,Current official Unilever Egypt listing in warehouse and supply-chain leadership.
job-01589,Official Vacancy,job,"Operations City Manager, UAF",Amazon,Amazon,Operations Leadership,Operations Leadership,Supply Chain & Logistics,Egypt,Egypt,Cairo,Available,2026-07-02,,2026-07-24,Official listing,Official employer careers,A,Official employer / primary source,Official,78,Medium,,https://amazon.jobs/es/search?base_query=&country=EGY&loc_query=Egypt&sort=relevant,Amazon Job ID 10464467. Logistics and operational leadership.
search-000001,Live Search,live_search,Enterprise Architect,LinkedIn,LinkedIn,Enterprise Architecture,Enterprise Architecture,,Egypt,Egypt,Egypt,Live Search,,,2026-07-20,Live search,LinkedIn,B,Recognized job platform,Platform,67,Medium,,https://www.linkedin.com/jobs/search/?keywords=Enterprise+Architect&location=Egypt&sortBy=DD,"Direct platform search for Enterprise Architect in Egypt. Sort by newest on the platform and verify employer, date, location eligibility and application route."
search-000002,Live Search,live_search,Enterprise Architect,Indeed,Indeed,Enterprise Architecture,Enterprise Architecture,,Egypt,Egypt,Egypt,Live Search,,,2026-07-20,Live search,Indeed,B,Recognized job platform,Platform,67,Medium,,https://eg.indeed.com/jobs?q=Enterprise+Architect&l=Egypt&sort=date,"Direct platform search for Enterprise Architect in Egypt. Sort by newest on the platform and verify employer, date, location eligibility and application route."
search-000005,Live Search,live_search,Enterprise Architect,Careerjet,Careerjet,Enterprise Architecture,Enterprise Architecture,,Egypt,Egypt,Egypt,Live Search,,,2026-07-20,Live search,Careerjet,C,Aggregator,Aggregator,67,Medium,,https://www.careerjet.com/search/jobs?s=Enterprise+Architect&l=Egypt,"Direct platform search for Enterprise Architect in Egypt. Sort by newest on the platform and verify employer, date, location eligibility and application route."
search-000006,Live Search,live_search,Enterprise Architect,Talent.com,Talent.com,Enterprise Architecture,Enterprise Architecture,,Egypt,Egypt,Egypt,Live Search,,,2026-07-20,Live search,Talent.com,C,Aggregator,Aggregator,67,Medium,,https://www.talent.com/jobs?k=Enterprise+Architect&l=Egypt,"Direct platform search for Enterprise Architect in Egypt. Sort by newest on the platform and verify employer, date, location eligibility and application route."
search-000007,Live Search,live_search,Enterprise Architect,Adzuna,Adzuna,Enterprise Architecture,Enterprise Architecture,,Egypt,Egypt,Egypt,Live Search,,,2026-07-20,Live search,Adzuna,C,Aggregator,Aggregator,67,Medium,,https://www.adzuna.com/search?q=Enterprise+Architect&loc=Egypt,"Direct platform search for Enterprise Architect in Egypt. Sort by newest on the platform and verify employer, date, location eligibility and application route."
search-000011,Live Search,live_search,Enterprise Architect,Bayt,Bayt,Enterprise Architecture,Enterprise Architecture,,Egypt,Egypt,Egypt,Live Search,,,2026-07-20,Live search,Bayt,B,Recognized job platform,Platform,67,Medium,,https://www.bayt.com/en/egypt/jobs/enterprise-architect-jobs/,"Direct platform search for Enterprise Architect in Egypt. Sort by newest on the platform and verify employer, date, location eligibility and application route."
search-000014,Live Search,live_search,Enterprise Architect,WUZZUF,WUZZUF,Enterprise Architecture,Enterprise Architecture,,Egypt,Egypt,Egypt,Live Search,,,2026-07-20,Live search,WUZZUF,B,Recognized job platform,Platform,67,Medium,,https://wuzzuf.net/search/jobs/?q=Enterprise+Architect&a=navbl,"Direct platform search for Enterprise Architect in Egypt. Sort by newest on the platform and verify employer, date, location eligibility and application route."
search-000016,Live Search,live_search,Solutions Architect,LinkedIn,LinkedIn,Solution Architecture,Solution Architecture,,Egypt,Egypt,Egypt,Live Search,,,2026-07-20,Live search,LinkedIn,B,Recognized job platform,Platform,64,Medium,,https://www.linkedin.com/jobs/search/?keywords=Solutions+Architect&location=Egypt&sortBy=DD,"Direct platform search for Solutions Architect in Egypt. Sort by newest on the platform and verify employer, date, location eligibility and application route."
search-000017,Live Search,live_search,Solutions Architect,Indeed,Indeed,Solution Architecture,Solution Architecture,,Egypt,Egypt,Egypt,Live Search,,,2026-07-20,Live search,Indeed,B,Recognized job platform,Platform,64,Medium,,https://eg.indeed.com/jobs?q=Solutions+Architect&l=Egypt&sort=date,"Direct platform search for Solutions Architect in Egypt. Sort by newest on the platform and verify employer, date, location eligibility and application route."
search-000020,Live Search,live_search,Solutions Architect,Careerjet,Careerjet,Solution Architecture,Solution Architecture,,Egypt,Egypt,Egypt,Live Search,,,2026-07-20,Live search,Careerjet,C,Aggregator,Aggregator,64,Medium,,https://www.careerjet.com/search/jobs?s=Solutions+Architect&l=Egypt,"Direct platform search for Solutions Architect in Egypt. Sort by newest on the platform and verify employer, date, location eligibility and application route."
search-000021,Live Search,live_search,Solutions Architect,Talent.com,Talent.com,Solution Architecture,Solution Architecture,,Egypt,Egypt,Egypt,Live Search,,,2026-07-20,Live search,Talent.com,C,Aggregator,Aggregator,64,Medium,,https://www.talent.com/jobs?k=Solutions+Architect&l=Egypt,"Direct platform search for Solutions Architect in Egypt. Sort by newest on the platform and verify employer, date, location eligibility and application route."
search-000022,Live Search,live_search,Solutions Architect,Adzuna,Adzuna,Solution Architecture,Solution Architecture,,Egypt,Egypt,Egypt,Live Search,,,2026-07-20,Live search,Adzuna,C,Aggregator,Aggregator,64,Medium,,https://www.adzuna.com/search?q=Solutions+Architect&loc=Egypt,"Direct platform search for Solutions Architect in Egypt. Sort by newest on the platform and verify employer, date, location eligibility and application route."
search-000026,Live Search,live_search,Solutions Architect,Bayt,Bayt,Solution Architecture,Solution Architecture,,Egypt,Egypt,Egypt,Live Search,,,2026-07-20,Live search,Bayt,B,Recognized job platform,Platform,64,Medium,,https://www.bayt.com/en/egypt/jobs/solutions-architect-jobs/,"Direct platform search for Solutions Architect in Egypt. Sort by newest on the platform and verify employer, date, location eligibility and application route."
search-000029,Live Search,live_search,Solutions Architect,WUZZUF,WUZZUF,Solution Architecture,Solution Architecture,,Egypt,Egypt,Egypt,Live Search,,,2026-07-20,Live search,WUZZUF,B,Recognized job platform,Platform,64,Medium,,https://wuzzuf.net/search/jobs/?q=Solutions+Architect&a=navbl,"Direct platform search for Solutions Architect in Egypt. Sort by newest on the platform and verify employer, date, location eligibility and application route."
search-000031,Live Search,live_search,Solution Architect,LinkedIn,LinkedIn,Solution Architecture,Solution Architecture,,Egypt,Egypt,Egypt,Live Search,,,2026-07-20,Live search,LinkedIn,B,Recognized job platform,Platform,64,Medium,,https://www.linkedin.com/jobs/search/?keywords=Solution+Architect&location=Egypt&sortBy=DD,"Direct platform search for Solution Architect in Egypt. Sort by newest on the platform and verify employer, date, location eligibility and application route."
search-000032,Live Search,live_search,Solution Architect,Indeed,Indeed,Solution Architecture,Solution Architecture,,Egypt,Egypt,Egypt,Live Search,,,2026-07-20,Live search,Indeed,B,Recognized job platform,Platform,64,Medium,,https://eg.indeed.com/jobs?q=Solution+Architect&l=Egypt&sort=date,"Direct platform search for Solution Architect in Egypt. Sort by newest on the platform and verify employer, date, location eligibility and application route."
search-000035,Live Search,live_search,Solution Architect,Careerjet,Careerjet,Solution Architecture,Solution Architecture,,Egypt,Egypt,Egypt,Live Search,,,2026-07-20,Live search,Careerjet,C,Aggregator,Aggregator,64,Medium,,https://www.careerjet.com/search/jobs?s=Solution+Architect&l=Egypt,"Direct platform search for Solution Architect in Egypt. Sort by newest on the platform and verify employer, date, location eligibility and application route."
search-000036,Live Search,live_search,Solution Architect,Talent.com,Talent.com,Solution Architecture,Solution Architecture,,Egypt,Egypt,Egypt,Live Search,,,2026-07-20,Live search,Talent.com,C,Aggregator,Aggregator,64,Medium,,https://www.talent.com/jobs?k=Solution+Architect&l=Egypt,"Direct platform search for Solution Architect in Egypt. Sort by newest on the platform and verify employer, date, location eligibility and application route."
search-000037,Live Search,live_search,Solution Architect,Adzuna,Adzuna,Solution Architecture,Solution Architecture,,Egypt,Egypt,Egypt,Live Search,,,2026-07-20,Live search,Adzuna,C,Aggregator,Aggregator,64,Medium,,https://www.adzuna.com/search?q=Solution+Architect&loc=Egypt,"Direct platform search for Solution Architect in Egypt. Sort by newest on the platform and verify employer, date, location eligibility and application route."
search-000041,Live Search,live_search,Solution Architect,Bayt,Bayt,Solution Architecture,Solution Architecture,,Egypt,Egypt,Egypt,Live Search,,,2026-07-20,Live search,Bayt,B,Recognized job platform,Platform,64,Medium,,https://www.bayt.com/en/egypt/jobs/solution-architect-jobs/,"Direct platform search for Solution Architect in Egypt. Sort by newest on the platform and verify employer, date, location eligibility and application route."
search-000044,Live Search,live_search,Solution Architect,WUZZUF,WUZZUF,Solution Architecture,Solution Architecture,,Egypt,Egypt,Egypt,Live Search,,,2026-07-20,Live search,WUZZUF,B,Recognized job platform,Platform,64,Medium,,https://wuzzuf.net/search/jobs/?q=Solution+Architect&a=navbl,"Direct platform search for Solution Architect in Egypt. Sort by newest on the platform and verify employer, date, location eligibility and application route."
search-000046,Live Search,live_search,Technical Architect,LinkedIn,LinkedIn,Solution Architecture,Solution Architecture,,Egypt,Egypt,Egypt,Live Search,,,2026-07-20,Live search,LinkedIn,B,Recognized job platform,Platform,64,Medium,,https://www.linkedin.com/jobs/search/?keywords=Technical+Architect&location=Egypt&sortBy=DD,"Direct platform search for Technical Architect in Egypt. Sort by newest on the platform and verify employer, date, location eligibility and application route."
search-000047,Live Search,live_search,Technical Architect,Indeed,Indeed,Solution Architecture,Solution Architecture,,Egypt,Egypt,Egypt,Live Search,,,2026-07-20,Live search,Indeed,B,Recognized job platform,Platform,64,Medium,,https://eg.indeed.com/jobs?q=Technical+Architect&l=Egypt&sort=date,"Direct platform search for Technical Architect in Egypt. Sort by newest on the platform and verify employer, date, location eligibility and application route."
search-000050,Live Search,live_search,Technical Architect,Careerjet,Careerjet,Solution Architecture,Solution Architecture,,Egypt,Egypt,Egypt,Live Search,,,2026-07-20,Live search,Careerjet,C,Aggregator,Aggregator,64,Medium,,https://www.careerjet.com/search/jobs?s=Technical+Architect&l=Egypt,"Direct platform search for Technical Architect in Egypt. Sort by newest on the platform and verify employer, date, location eligibility and application route."
search-000051,Live Search,live_search,Technical Architect,Talent.com,Talent.com,Solution Architecture,Solution Architecture,,Egypt,Egypt,Egypt,Live Search,,,2026-07-20,Live search,Talent.com,C,Aggregator,Aggregator,64,Medium,,https://www.talent.com/jobs?k=Technical+Architect&l=Egypt,"Direct platform search for Technical Architect in Egypt. Sort by newest on the platform and verify employer, date, location eligibility and application route."
search-000052,Live Search,live_search,Technical Architect,Adzuna,Adzuna,Solution Architecture,Solution Architecture,,Egypt,Egypt,Egypt,Live Search,,,2026-07-20,Live search,Adzuna,C,Aggregator,Aggregator,64,Medium,,https://www.adzuna.com/search?q=Technical+Architect&loc=Egypt,"Direct platform search for Technical Architect in Egypt. Sort by newest on the platform and verify employer, date, location eligibility and application route."
search-000056,Live Search,live_search,Technical Architect,Bayt,Bayt,Solution Architecture,Solution Architecture,,Egypt,Egypt,Egypt,Live Search,,,2026-07-20,Live search,Bayt,B,Recognized job platform,Platform,64,Medium,,https://www.bayt.com/en/egypt/jobs/technical-architect-jobs/,"Direct platform search for Technical Architect in Egypt. Sort by newest on the platform and verify employer, date, location eligibility and application route."
search-000059,Live Search,live_search,Technical Architect,WUZZUF,WUZZUF,Solution Architecture,Solution Architecture,,Egypt,Egypt,Egypt,Live Search,,,2026-07-20,Live search,WUZZUF,B,Recognized job platform,Platform,64,Medium,,https://wuzzuf.net/search/jobs/?q=Technical+Architect&a=navbl,"Direct platform search for Technical Architect in Egypt. Sort by newest on the platform and verify employer, date, location eligibility and application route."
search-000061,Live Search,live_search,Cloud Architect,LinkedIn,LinkedIn,Cloud & Infrastructure,Cloud & Infrastructure,,Egypt,Egypt,Egypt,Live Search,,,2026-07-20,Live search,LinkedIn,B,Recognized job platform,Platform,60,Medium,,https://www.linkedin.com/jobs/search/?keywords=Cloud+Architect&location=Egypt&sortBy=DD,"Direct platform search for Cloud Architect in Egypt. Sort by newest on the platform and verify employer, date, location eligibility and application route."
search-000062,Live Search,live_search,Cloud Architect,Indeed,Indeed,Cloud & Infrastructure,Cloud & Infrastructure,,Egypt,Egypt,Egypt,Live Search,,,2026-07-20,Live search,Indeed,B,Recognized job platform,Platform,60,Medium,,https://eg.indeed.com/jobs?q=Cloud+Architect&l=Egypt&sort=date,"Direct platform search for Cloud Architect in Egypt. Sort by newest on the platform and verify employer, date, location eligibility and application route."
search-000065,Live Search,live_search,Cloud Architect,Careerjet,Careerjet,Cloud & Infrastructure,Cloud & Infrastructure,,Egypt,Egypt,Egypt,Live Search,,,2026-07-20,Live search,Careerjet,C,Aggregator,Aggregator,60,Medium,,https://www.careerjet.com/search/jobs?s=Cloud+Architect&l=Egypt,"Direct platform search for Cloud Architect in Egypt. Sort by newest on the platform and verify employer, date, location eligibility and application route."
search-000066,Live Search,live_search,Cloud Architect,Talent.com,Talent.com,Cloud & Infrastructure,Cloud & Infrastructure,,Egypt,Egypt,Egypt,Live Search,,,2026-07-20,Live search,Talent.com,C,Aggregator,Aggregator,60,Medium,,https://www.talent.com/jobs?k=Cloud+Architect&l=Egypt,"Direct platform search for Cloud Architect in Egypt. Sort by newest on the platform and verify employer, date, location eligibility and application route."
search-000067,Live Search,live_search,Cloud Architect,Adzuna,Adzuna,Cloud & Infrastructure,Cloud & Infrastructure,,Egypt,Egypt,Egypt,Live Search,,,2026-07-20,Live search,Adzuna,C,Aggregator,Aggregator,60,Medium,,https://www.adzuna.com/search?q=Cloud+Architect&loc=Egypt,"Direct platform search for Cloud Architect in Egypt. Sort by newest on the platform and verify employer, date, location eligibility and application route."
search-000071,Live Search,live_search,Cloud Architect,Bayt,Bayt,Cloud & Infrastructure,Cloud & Infrastructure,,Egypt,Egypt,Egypt,Live Search,,,2026-07-20,Live search,Bayt,B,Recognized job platform,Platform,60,Medium,,https://www.bayt.com/en/egypt/jobs/cloud-architect-jobs/,"Direct platform search for Cloud Architect in Egypt. Sort by newest on the platform and verify employer, date, location eligibility and application route."
search-000074,Live Search,live_search,Cloud Architect,WUZZUF,WUZZUF,Cloud & Infrastructure,Cloud & Infrastructure,,Egypt,Egypt,Egypt,Live Search,,,2026-07-20,Live search,WUZZUF,B,Recognized job platform,Platform,60,Medium,,https://wuzzuf.net/search/jobs/?q=Cloud+Architect&a=navbl,"Direct platform search for Cloud Architect in Egypt. Sort by newest on the platform and verify employer, date, location eligibility and application route."
search-000076,Live Search,live_search,Data Architect,LinkedIn,LinkedIn,Data & Governance,Data & Governance,,Egypt,Egypt,Egypt,Live Search,,,2026-07-20,Live search,LinkedIn,B,Recognized job platform,Platform,62,Medium,,https://www.linkedin.com/jobs/search/?keywords=Data+Architect&location=Egypt&sortBy=DD,"Direct platform search for Data Architect in Egypt. Sort by newest on the platform and verify employer, date, location eligibility and application route."
search-000077,Live Search,live_search,Data Architect,Indeed,Indeed,Data & Governance,Data & Governance,,Egypt,Egypt,Egypt,Live Search,,,2026-07-20,Live search,Indeed,B,Recognized job platform,Platform,62,Medium,,https://eg.indeed.com/jobs?q=Data+Architect&l=Egypt&sort=date,"Direct platform search for Data Architect in Egypt. Sort by newest on the platform and verify employer, date, location eligibility and application route."
search-000080,Live Search,live_search,Data Architect,Careerjet,Careerjet,Data & Governance,Data & Governance,,Egypt,Egypt,Egypt,Live Search,,,2026-07-20,Live search,Careerjet,C,Aggregator,Aggregator,62,Medium,,https://www.careerjet.com/search/jobs?s=Data+Architect&l=Egypt,"Direct platform search for Data Architect in Egypt. Sort by newest on the platform and verify employer, date, location eligibility and application route."
search-000081,Live Search,live_search,Data Architect,Talent.com,Talent.com,Data & Governance,Data & Governance,,Egypt,Egypt,Egypt,Live Search,,,2026-07-20,Live search,Talent.com,C,Aggregator,Aggregator,62,Medium,,https://www.talent.com/jobs?k=Data+Architect&l=Egypt,"Direct platform search for Data Architect in Egypt. Sort by newest on the platform and verify employer, date, location eligibility and application route."
search-000082,Live Search,live_search,Data Architect,Adzuna,Adzuna,Data & Governance,Data & Governance,,Egypt,Egypt,Egypt,Live Search,,,2026-07-20,Live search,Adzuna,C,Aggregator,Aggregator,62,Medium,,https://www.adzuna.com/search?q=Data+Architect&loc=Egypt,"Direct platform search for Data Architect in Egypt. Sort by newest on the platform and verify employer, date, location eligibility and application route."
search-000086,Live Search,live_search,Data Architect,Bayt,Bayt,Data & Governance,Data & Governance,,Egypt,Egypt,Egypt,Live Search,,,2026-07-20,Live search,Bayt,B,Recognized job platform,Platform,62,Medium,,https://www.bayt.com/en/egypt/jobs/data-architect-jobs/,"Direct platform search for Data Architect in Egypt. Sort by newest on the platform and verify employer, date, location eligibility and application route."
search-000089,Live Search,live_search,Data Architect,WUZZUF,WUZZUF,Data & Governance,Data & Governance,,Egypt,Egypt,Egypt,Live Search,,,2026-07-20,Live search,WUZZUF,B,Recognized job platform,Platform,62,Medium,,https://wuzzuf.net/search/jobs/?q=Data+Architect&a=navbl,"Direct platform search for Data Architect in Egypt. Sort by newest on the platform and verify employer, date, location eligibility and application route."
search-000091,Live Search,live_search,Integration Architect,LinkedIn,LinkedIn,Integration Architecture,Integration Architecture,,Egypt,Egypt,Egypt,Live Search,,,2026-07-20,Live search,LinkedIn,B,Recognized job platform,Platform,65,Medium,,https://www.linkedin.com/jobs/search/?keywords=Integration+Architect&location=Egypt&sortBy=DD,"Direct platform search for Integration Architect in Egypt. Sort by newest on the platform and verify employer, date, location eligibility and application route."
search-000092,Live Search,live_search,Integration Architect,Indeed,Indeed,Integration Architecture,Integration Architecture,,Egypt,Egypt,Egypt,Live Search,,,2026-07-20,Live search,Indeed,B,Recognized job platform,Platform,65,Medium,,https://eg.indeed.com/jobs?q=Integration+Architect&l=Egypt&sort=date,"Direct platform search for Integration Architect in Egypt. Sort by newest on the platform and verify employer, date, location eligibility and application route."
search-000095,Live Search,live_search,Integration Architect,Careerjet,Careerjet,Integration Architecture,Integration Architecture,,Egypt,Egypt,Egypt,Live Search,,,2026-07-20,Live search,Careerjet,C,Aggregator,Aggregator,65,Medium,,https://www.careerjet.com/search/jobs?s=Integration+Architect&l=Egypt,"Direct platform search for Integration Architect in Egypt. Sort by newest on the platform and verify employer, date, location eligibility and application route."
search-000096,Live Search,live_search,Integration Architect,Talent.com,Talent.com,Integration Architecture,Integration Architecture,,Egypt,Egypt,Egypt,Live Search,,,2026-07-20,Live search,Talent.com,C,Aggregator,Aggregator,65,Medium,,https://www.talent.com/jobs?k=Integration+Architect&l=Egypt,"Direct platform search for Integration Architect in Egypt. Sort by newest on the platform and verify employer, date, location eligibility and application route."
search-000097,Live Search,live_search,Integration Architect,Adzuna,Adzuna,Integration Architecture,Integration Architecture,,Egypt,Egypt,Egypt,Live Search,,,2026-07-20,Live search,Adzuna,C,Aggregator,Aggregator,65,Medium,,https://www.adzuna.com/search?q=Integration+Architect&loc=Egypt,"Direct platform search for Integration Architect in Egypt. Sort by newest on the platform and verify employer, date, location eligibility and application route."
search-000101,Live Search,live_search,Integration Architect,Bayt,Bayt,Integration Architecture,Integration Architecture,,Egypt,Egypt,Egypt,Live Search,,,2026-07-20,Live search,Bayt,B,Recognized job platform,Platform,65,Medium,,https://www.bayt.com/en/egypt/jobs/integration-architect-jobs/,"Direct platform search for Integration Architect in Egypt. Sort by newest on the platform and verify employer, date, location eligibility and application route."
search-000104,Live Search,live_search,Integration Architect,WUZZUF,WUZZUF,Integration Architecture,Integration Architecture,,Egypt,Egypt,Egypt,Live Search,,,2026-07-20,Live search,WUZZUF,B,Recognized job platform,Platform,65,Medium,,https://wuzzuf.net/search/jobs/?q=Integration+Architect&a=navbl,"Direct platform search for Integration Architect in Egypt. Sort by newest on the platform and verify employer, date, location eligibility and application route."
search-000106,Live Search,live_search,Application Architect,LinkedIn,LinkedIn,Solution Architecture,Solution Architecture,,Egypt,Egypt,Egypt,Live Search,,,2026-07-20,Live search,LinkedIn,B,Recognized job platform,Platform,64,Medium,,https://www.linkedin.com/jobs/search/?keywords=Application+Architect&location=Egypt&sortBy=DD,"Direct platform search for Application Architect in Egypt. Sort by newest on the platform and verify employer, date, location eligibility and application route."
search-000107,Live Search,live_search,Application Architect,Indeed,Indeed,Solution Architecture,Solution Architecture,,Egypt,Egypt,Egypt,Live Search,,,2026-07-20,Live search,Indeed,B,Recognized job platform,Platform,64,Medium,,https://eg.indeed.com/jobs?q=Application+Architect&l=Egypt&sort=date,"Direct platform search for Application Architect in Egypt. Sort by newest on the platform and verify employer, date, location eligibility and application route."
search-000110,Live Search,live_search,Application Architect,Careerjet,Careerjet,Solution Architecture,Solution Architecture,,Egypt,Egypt,Egypt,Live Search,,,2026-07-20,Live search,Careerjet,C,Aggregator,Aggregator,64,Medium,,https://www.careerjet.com/search/jobs?s=Application+Architect&l=Egypt,"Direct platform search for Application Architect in Egypt. Sort by newest on the platform and verify employer, date, location eligibility and application route."
search-000111,Live Search,live_search,Application Architect,Talent.com,Talent.com,Solution Architecture,Solution Architecture,,Egypt,Egypt,Egypt,Live Search,,,2026-07-20,Live search,Talent.com,C,Aggregator,Aggregator,64,Medium,,https://www.talent.com/jobs?k=Application+Architect&l=Egypt,"Direct platform search for Application Architect in Egypt. Sort by newest on the platform and verify employer, date, location eligibility and application route."
search-000112,Live Search,live_search,Application Architect,Adzuna,Adzuna,Solution Architecture,Solution Architecture,,Egypt,Egypt,Egypt,Live Search,,,2026-07-20,Live search,Adzuna,C,Aggregator,Aggregator,64,Medium,,https://www.adzuna.com/search?q=Application+Architect&loc=Egypt,"Direct platform search for Application Architect in Egypt. Sort by newest on the platform and verify employer, date, location eligibility and application route."
search-000116,Live Search,live_search,Application Architect,Bayt,Bayt,Solution Architecture,Solution Architecture,,Egypt,Egypt,Egypt,Live Search,,,2026-07-20,Live search,Bayt,B,Recognized job platform,Platform,64,Medium,,https://www.bayt.com/en/egypt/jobs/application-architect-jobs/,"Direct platform search for Application Architect in Egypt. Sort by newest on the platform and verify employer, date, location eligibility and application route."
search-000119,Live Search,live_search,Application Architect,WUZZUF,WUZZUF,Solution Architecture,Solution Architecture,,Egypt,Egypt,Egypt,Live Search,,,2026-07-20,Live search,WUZZUF,B,Recognized job platform,Platform,64,Medium,,https://wuzzuf.net/search/jobs/?q=Application+Architect&a=navbl,"Direct platform search for Application Architect in Egypt. Sort by newest on the platform and verify employer, date, location eligibility and application route."
search-000121,Live Search,live_search,Security Architect,LinkedIn,LinkedIn,Cybersecurity,Cybersecurity,,Egypt,Egypt,Egypt,Live Search,,,2026-07-20,Live search,LinkedIn,B,Recognized job platform,Platform,58,Low,,https://www.linkedin.com/jobs/search/?keywords=Security+Architect&location=Egypt&sortBy=DD,"Direct platform search for Security Architect in Egypt. Sort by newest on the platform and verify employer, date, location eligibility and application route."
search-000122,Live Search,live_search,Security Architect,Indeed,Indeed,Cybersecurity,Cybersecurity,,Egypt,Egypt,Egypt,Live Search,,,2026-07-20,Live search,Indeed,B,Recognized job platform,Platform,58,Low,,https://eg.indeed.com/jobs?q=Security+Architect&l=Egypt&sort=date,"Direct platform search for Security Architect in Egypt. Sort by newest on the platform and verify employer, date, location eligibility and application route."
search-000125,Live Search,live_search,Security Architect,Careerjet,Careerjet,Cybersecurity,Cybersecurity,,Egypt,Egypt,Egypt,Live Search,,,2026-07-20,Live search,Careerjet,C,Aggregator,Aggregator,58,Low,,https://www.careerjet.com/search/jobs?s=Security+Architect&l=Egypt,"Direct platform search for Security Architect in Egypt. Sort by newest on the platform and verify employer, date, location eligibility and application route."
search-000126,Live Search,live_search,Security Architect,Talent.com,Talent.com,Cybersecurity,Cybersecurity,,Egypt,Egypt,Egypt,Live Search,,,2026-07-20,Live search,Talent.com,C,Aggregator,Aggregator,58,Low,,https://www.talent.com/jobs?k=Security+Architect&l=Egypt,"Direct platform search for Security Architect in Egypt. Sort by newest on the platform and verify employer, date, location eligibility and application route."
search-000127,Live Search,live_search,Security Architect,Adzuna,Adzuna,Cybersecurity,Cybersecurity,,Egypt,Egypt,Egypt,Live Search,,,2026-07-20,Live search,Adzuna,C,Aggregator,Aggregator,58,Low,,https://www.adzuna.com/search?q=Security+Architect&loc=Egypt,"Direct platform search for Security Architect in Egypt. Sort by newest on the platform and verify employer, date, location eligibility and application route."
search-000131,Live Search,live_search,Security Architect,Bayt,Bayt,Cybersecurity,Cybersecurity,,Egypt,Egypt,Egypt,Live Search,,,2026-07-20,Live search,Bayt,B,Recognized job platform,Platform,58,Low,,https://www.bayt.com/en/egypt/jobs/security-architect-jobs/,"Direct platform search for Security Architect in Egypt. Sort by newest on the platform and verify employer, date, location eligibility and application route."
search-000134,Live Search,live_search,Security Architect,WUZZUF,WUZZUF,Cybersecurity,Cybersecurity,,Egypt,Egypt,Egypt,Live Search,,,2026-07-20,Live search,WUZZUF,B,Recognized job platform,Platform,58,Low,,https://wuzzuf.net/search/jobs/?q=Security+Architect&a=navbl,"Direct platform search for Security Architect in Egypt. Sort by newest on the platform and verify employer, date, location eligibility and application route."
search-000136,Live Search,live_search,Infrastructure Architect,LinkedIn,LinkedIn,Cloud & Infrastructure,Cloud & Infrastructure,,Egypt,Egypt,Egypt,Live Search,,,2026-07-20,Live search,LinkedIn,B,Recognized job platform,Platform,60,Medium,,https://www.linkedin.com/jobs/search/?keywords=Infrastructure+Architect&location=Egypt&sortBy=DD,"Direct platform search for Infrastructure Architect in Egypt. Sort by newest on the platform and verify employer, date, location eligibility and application route."
search-000137,Live Search,live_search,Infrastructure Architect,Indeed,Indeed,Cloud & Infrastructure,Cloud & Infrastructure,,Egypt,Egypt,Egypt,Live Search,,,2026-07-20,Live search,Indeed,B,Recognized job platform,Platform,60,Medium,,https://eg.indeed.com/jobs?q=Infrastructure+Architect&l=Egypt&sort=date,"Direct platform search for Infrastructure Architect in Egypt. Sort by newest on the platform and verify employer, date, location eligibility and application route."
search-000140,Live Search,live_search,Infrastructure Architect,Careerjet,Careerjet,Cloud & Infrastructure,Cloud & Infrastructure,,Egypt,Egypt,Egypt,Live Search,,,2026-07-20,Live search,Careerjet,C,Aggregator,Aggregator,60,Medium,,https://www.careerjet.com/search/jobs?s=Infrastructure+Architect&l=Egypt,"Direct platform search for Infrastructure Architect in Egypt. Sort by newest on the platform and verify employer, date, location eligibility and application route."
search-000141,Live Search,live_search,Infrastructure Architect,Talent.com,Talent.com,Cloud & Infrastructure,Cloud & Infrastructure,,Egypt,Egypt,Egypt,Live Search,,,2026-07-20,Live search,Talent.com,C,Aggregator,Aggregator,60,Medium,,https://www.talent.com/jobs?k=Infrastructure+Architect&l=Egypt,"Direct platform search for Infrastructure Architect in Egypt. Sort by newest on the platform and verify employer, date, location eligibility and application route."
search-000142,Live Search,live_search,Infrastructure Architect,Adzuna,Adzuna,Cloud & Infrastructure,Cloud & Infrastructure,,Egypt,Egypt,Egypt,Live Search,,,2026-07-20,Live search,Adzuna,C,Aggregator,Aggregator,60,Medium,,https://www.adzuna.com/search?q=Infrastructure+Architect&loc=Egypt,"Direct platform search for Infrastructure Architect in Egypt. Sort by newest on the platform and verify employer, date, location eligibility and application route."
search-000146,Live Search,live_search,Infrastructure Architect,Bayt,Bayt,Cloud & Infrastructure,Cloud & Infrastructure,,Egypt,Egypt,Egypt,Live Search,,,2026-07-20,Live search,Bayt,B,Recognized job platform,Platform,60,Medium,,https://www.bayt.com/en/egypt/jobs/infrastructure-architect-jobs/,"Direct platform search for Infrastructure Architect in Egypt. Sort by newest on the platform and verify employer, date, location eligibility and application route."
search-000149,Live Search,live_search,Infrastructure Architect,WUZZUF,WUZZUF,Cloud & Infrastructure,Cloud & Infrastructure,,Egypt,Egypt,Egypt,Live Search,,,2026-07-20,Live search,WUZZUF,B,Recognized job platform,Platform,60,Medium,,https://wuzzuf.net/search/jobs/?q=Infrastructure+Architect&a=navbl,"Direct platform search for Infrastructure Architect in Egypt. Sort by newest on the platform and verify employer, date, location eligibility and application route."
search-000151,Live Search,live_search,Digital Transformation Director,LinkedIn,LinkedIn,Digital Transformation,Digital Transformation,,Egypt,Egypt,Egypt,Live Search,,,2026-07-20,Live search,LinkedIn,B,Recognized job platform,Platform,65,Medium,,https://www.linkedin.com/jobs/search/?keywords=Digital+Transformation+Director&location=Egypt&sortBy=DD,"Direct platform search for Digital Transformation Director in Egypt. Sort by newest on the platform and verify employer, date, location eligibility and application route."
search-000152,Live Search,live_search,Digital Transformation Director,Indeed,Indeed,Digital Transformation,Digital Transformation,,Egypt,Egypt,Egypt,Live Search,,,2026-07-20,Live search,Indeed,B,Recognized job platform,Platform,65,Medium,,https://eg.indeed.com/jobs?q=Digital+Transformation+Director&l=Egypt&sort=date,"Direct platform search for Digital Transformation Director in Egypt. Sort by newest on the platform and verify employer, date, location eligibility and application route."
search-000155,Live Search,live_search,Digital Transformation Director,Careerjet,Careerjet,Digital Transformation,Digital Transformation,,Egypt,Egypt,Egypt,Live Search,,,2026-07-20,Live search,Careerjet,C,Aggregator,Aggregator,65,Medium,,https://www.careerjet.com/search/jobs?s=Digital+Transformation+Director&l=Egypt,"Direct platform search for Digital Transformation Director in Egypt. Sort by newest on the platform and verify employer, date, location eligibility and application route."
search-000156,Live Search,live_search,Digital Transformation Director,Talent.com,Talent.com,Digital Transformation,Digital Transformation,,Egypt,Egypt,Egypt,Live Search,,,2026-07-20,Live search,Talent.com,C,Aggregator,Aggregator,65,Medium,,https://www.talent.com/jobs?k=Digital+Transformation+Director&l=Egypt,"Direct platform search for Digital Transformation Director in Egypt. Sort by newest on the platform and verify employer, date, location eligibility and application route."
search-000157,Live Search,live_search,Digital Transformation Director,Adzuna,Adzuna,Digital Transformation,Digital Transformation,,Egypt,Egypt,Egypt,Live Search,,,2026-07-20,Live search,Adzuna,C,Aggregator,Aggregator,65,Medium,,https://www.adzuna.com/search?q=Digital+Transformation+Director&loc=Egypt,"Direct platform search for Digital Transformation Director in Egypt. Sort by newest on the platform and verify employer, date, location eligibility and application route."
search-000161,Live Search,live_search,Digital Transformation Director,Bayt,Bayt,Digital Transformation,Digital Transformation,,Egypt,Egypt,Egypt,Live Search,,,2026-07-20,Live search,Bayt,B,Recognized job platform,Platform,65,Medium,,https://www.bayt.com/en/egypt/jobs/digital-transformation-director-jobs/,"Direct platform search for Digital Transformation Director in Egypt. Sort by newest on the platform and verify employer, date, location eligibility and application route."
search-000164,Live Search,live_search,Digital Transformation Director,WUZZUF,WUZZUF,Digital Transformation,Digital Transformation,,Egypt,Egypt,Egypt,Live Search,,,2026-07-20,Live search,WUZZUF,B,Recognized job platform,Platform,65,Medium,,https://wuzzuf.net/search/jobs/?q=Digital+Transformation+Director&a=navbl,"Direct platform search for Digital Transformation Director in Egypt. Sort by newest on the platform and verify employer, date, location eligibility and application route."
search-000166,Live Search,live_search,Digital Transformation Manager,LinkedIn,LinkedIn,Digital Transformation,Digital Transformation,,Egypt,Egypt,Egypt,Live Search,,,2026-07-20,Live search,LinkedIn,B,Recognized job platform,Platform,62,Medium,,https://www.linkedin.com/jobs/search/?keywords=Digital+Transformation+Manager&location=Egypt&sortBy=DD,"Direct platform search for Digital Transformation Manager in Egypt. Sort by newest on the platform and verify employer, date, location eligibility and application route."
search-000167,Live Search,live_search,Digital Transformation Manager,Indeed,Indeed,Digital Transformation,Digital Transformation,,Egypt,Egypt,Egypt,Live Search,,,2026-07-20,Live search,Indeed,B,Recognized job platform,Platform,62,Medium,,https://eg.indeed.com/jobs?q=Digital+Transformation+Manager&l=Egypt&sort=date,"Direct platform search for Digital Transformation Manager in Egypt. Sort by newest on the platform and verify employer, date, location eligibility and application route."
search-000170,Live Search,live_search,Digital Transformation Manager,Careerjet,Careerjet,Digital Transformation,Digital Transformation,,Egypt,Egypt,Egypt,Live Search,,,2026-07-20,Live search,Careerjet,C,Aggregator,Aggregator,62,Medium,,https://www.careerjet.com/search/jobs?s=Digital+Transformation+Manager&l=Egypt,"Direct platform search for Digital Transformation Manager in Egypt. Sort by newest on the platform and verify employer, date, location eligibility and application route."
search-000171,Live Search,live_search,Digital Transformation Manager,Talent.com,Talent.com,Digital Transformation,Digital Transformation,,Egypt,Egypt,Egypt,Live Search,,,2026-07-20,Live search,Talent.com,C,Aggregator,Aggregator,62,Medium,,https://www.talent.com/jobs?k=Digital+Transformation+Manager&l=Egypt,"Direct platform search for Digital Transformation Manager in Egypt. Sort by newest on the platform and verify employer, date, location eligibility and application route."
search-000172,Live Search,live_search,Digital Transformation Manager,Adzuna,Adzuna,Digital Transformation,Digital Transformation,,Egypt,Egypt,Egypt,Live Search,,,2026-07-20,Live search,Adzuna,C,Aggregator,Aggregator,62,Medium,,https://www.adzuna.com/search?q=Digital+Transformation+Manager&loc=Egypt,"Direct platform search for Digital Transformation Manager in Egypt. Sort by newest on the platform and verify employer, date, location eligibility and application route."
search-000176,Live Search,live_search,Digital Transformation Manager,Bayt,Bayt,Digital Transformation,Digital Transformation,,Egypt,Egypt,Egypt,Live Search,,,2026-07-20,Live search,Bayt,B,Recognized job platform,Platform,62,Medium,,https://www.bayt.com/en/egypt/jobs/digital-transformation-manager-jobs/,"Direct platform search for Digital Transformation Manager in Egypt. Sort by newest on the platform and verify employer, date, location eligibility and application route."
search-000179,Live Search,live_search,Digital Transformation Manager,WUZZUF,WUZZUF,Digital Transformation,Digital Transformation,,Egypt,Egypt,Egypt,Live Search,,,2026-07-20,Live search,WUZZUF,B,Recognized job platform,Platform,62,Medium,,https://wuzzuf.net/search/jobs/?q=Digital+Transformation+Manager&a=navbl,"Direct platform search for Digital Transformation Manager in Egypt. Sort by newest on the platform and verify employer, date, location eligibility and application route."
search-000181,Live Search,live_search,Head of Digital Transformation,LinkedIn,LinkedIn,Digital Transformation,Digital Transformation,,Egypt,Egypt,Egypt,Live Search,,,2026-07-20,Live search,LinkedIn,B,Recognized job platform,Platform,62,Medium,,https://www.linkedin.com/jobs/search/?keywords=Head+of+Digital+Transformation&location=Egypt&sortBy=DD,"Direct platform search for Head of Digital Transformation in Egypt. Sort by newest on the platform and verify employer, date, location eligibility and application route."
search-000182,Live Search,live_search,Head of Digital Transformation,Indeed,Indeed,Digital Transformation,Digital Transformation,,Egypt,Egypt,Egypt,Live Search,,,2026-07-20,Live search,Indeed,B,Recognized job platform,Platform,62,Medium,,https://eg.indeed.com/jobs?q=Head+of+Digital+Transformation&l=Egypt&sort=date,"Direct platform search for Head of Digital Transformation in Egypt. Sort by newest on the platform and verify employer, date, location eligibility and application route."
search-000185,Live Search,live_search,Head of Digital Transformation,Careerjet,Careerjet,Digital Transformation,Digital Transformation,,Egypt,Egypt,Egypt,Live Search,,,2026-07-20,Live search,Careerjet,C,Aggregator,Aggregator,62,Medium,,https://www.careerjet.com/search/jobs?s=Head+of+Digital+Transformation&l=Egypt,"Direct platform search for Head of Digital Transformation in Egypt. Sort by newest on the platform and verify employer, date, location eligibility and application route."
search-000186,Live Search,live_search,Head of Digital Transformation,Talent.com,Talent.com,Digital Transformation,Digital Transformation,,Egypt,Egypt,Egypt,Live Search,,,2026-07-20,Live search,Talent.com,C,Aggregator,Aggregator,62,Medium,,https://www.talent.com/jobs?k=Head+of+Digital+Transformation&l=Egypt,"Direct platform search for Head of Digital Transformation in Egypt. Sort by newest on the platform and verify employer, date, location eligibility and application route."
search-000187,Live Search,live_search,Head of Digital Transformation,Adzuna,Adzuna,Digital Transformation,Digital Transformation,,Egypt,Egypt,Egypt,Live Search,,,2026-07-20,Live search,Adzuna,C,Aggregator,Aggregator,62,Medium,,https://www.adzuna.com/search?q=Head+of+Digital+Transformation&loc=Egypt,"Direct platform search for Head of Digital Transformation in Egypt. Sort by newest on the platform and verify employer, date, location eligibility and application route."
search-000191,Live Search,live_search,Head of Digital Transformation,Bayt,Bayt,Digital Transformation,Digital Transformation,,Egypt,Egypt,Egypt,Live Search,,,2026-07-20,Live search,Bayt,B,Recognized job platform,Platform,62,Medium,,https://www.bayt.com/en/egypt/jobs/head-of-digital-transformation-jobs/,"Direct platform search for Head of Digital Transformation in Egypt. Sort by newest on the platform and verify employer, date, location eligibility and application route."
search-000194,Live Search,live_search,Head of Digital Transformation,WUZZUF,WUZZUF,Digital Transformation,Digital Transformation,,Egypt,Egypt,Egypt,Live Search,,,2026-07-20,Live search,WUZZUF,B,Recognized job platform,Platform,62,Medium,,https://wuzzuf.net/search/jobs/?q=Head+of+Digital+Transformation&a=navbl,"Direct platform search for Head of Digital Transformation in Egypt. Sort by newest on the platform and verify employer, date, location eligibility and application route."
search-000196,Live Search,live_search,IT Director,LinkedIn,LinkedIn,Technology Leadership,Technology Leadership,,Egypt,Egypt,Egypt,Live Search,,,2026-07-20,Live search,LinkedIn,B,Recognized job platform,Platform,65,Medium,,https://www.linkedin.com/jobs/search/?keywords=IT+Director&location=Egypt&sortBy=DD,"Direct platform search for IT Director in Egypt. Sort by newest on the platform and verify employer, date, location eligibility and application route."
search-000197,Live Search,live_search,IT Director,Indeed,Indeed,Technology Leadership,Technology Leadership,,Egypt,Egypt,Egypt,Live Search,,,2026-07-20,Live search,Indeed,B,Recognized job platform,Platform,65,Medium,,https://eg.indeed.com/jobs?q=IT+Director&l=Egypt&sort=date,"Direct platform search for IT Director in Egypt. Sort by newest on the platform and verify employer, date, location eligibility and application route."
search-000200,Live Search,live_search,IT Director,Careerjet,Careerjet,Technology Leadership,Technology Leadership,,Egypt,Egypt,Egypt,Live Search,,,2026-07-20,Live search,Careerjet,C,Aggregator,Aggregator,65,Medium,,https://www.careerjet.com/search/jobs?s=IT+Director&l=Egypt,"Direct platform search for IT Director in Egypt. Sort by newest on the platform and verify employer, date, location eligibility and application route."
search-000201,Live Search,live_search,IT Director,Talent.com,Talent.com,Technology Leadership,Technology Leadership,,Egypt,Egypt,Egypt,Live Search,,,2026-07-20,Live search,Talent.com,C,Aggregator,Aggregator,65,Medium,,https://www.talent.com/jobs?k=IT+Director&l=Egypt,"Direct platform search for IT Director in Egypt. Sort by newest on the platform and verify employer, date, location eligibility and application route."
search-000202,Live Search,live_search,IT Director,Adzuna,Adzuna,Technology Leadership,Technology Leadership,,Egypt,Egypt,Egypt,Live Search,,,2026-07-20,Live search,Adzuna,C,Aggregator,Aggregator,65,Medium,,https://www.adzuna.com/search?q=IT+Director&loc=Egypt,"Direct platform search for IT Director in Egypt. Sort by newest on the platform and verify employer, date, location eligibility and application route."
search-000206,Live Search,live_search,IT Director,Bayt,Bayt,Technology Leadership,Technology Leadership,,Egypt,Egypt,Egypt,Live Search,,,2026-07-20,Live search,Bayt,B,Recognized job platform,Platform,65,Medium,,https://www.bayt.com/en/egypt/jobs/it-director-jobs/,"Direct platform search for IT Director in Egypt. Sort by newest on the platform and verify employer, date, location eligibility and application route."
search-000209,Live Search,live_search,IT Director,WUZZUF,WUZZUF,Technology Leadership,Technology Leadership,,Egypt,Egypt,Egypt,Live Search,,,2026-07-20,Live search,WUZZUF,B,Recognized job platform,Platform,65,Medium,,https://wuzzuf.net/search/jobs/?q=IT+Director&a=navbl,"Direct platform search for IT Director in Egypt. Sort by newest on the platform and verify employer, date, location eligibility and application route."
search-000211,Live Search,live_search,Head of IT,LinkedIn,LinkedIn,Technology Leadership,Technology Leadership,,Egypt,Egypt,Egypt,Live Search,,,2026-07-20,Live search,LinkedIn,B,Recognized job platform,Platform,62,Medium,,https://www.linkedin.com/jobs/search/?keywords=Head+of+IT&location=Egypt&sortBy=DD,"Direct platform search for Head of IT in Egypt. Sort by newest on the platform and verify employer, date, location eligibility and application route."
search-000212,Live Search,live_search,Head of IT,Indeed,Indeed,Technology Leadership,Technology Leadership,,Egypt,Egypt,Egypt,Live Search,,,2026-07-20,Live search,Indeed,B,Recognized job platform,Platform,62,Medium,,https://eg.indeed.com/jobs?q=Head+of+IT&l=Egypt&sort=date,"Direct platform search for Head of IT in Egypt. Sort by newest on the platform and verify employer, date, location eligibility and application route."
search-000215,Live Search,live_search,Head of IT,Careerjet,Careerjet,Technology Leadership,Technology Leadership,,Egypt,Egypt,Egypt,Live Search,,,2026-07-20,Live search,Careerjet,C,Aggregator,Aggregator,62,Medium,,https://www.careerjet.com/search/jobs?s=Head+of+IT&l=Egypt,"Direct platform search for Head of IT in Egypt. Sort by newest on the platform and verify employer, date, location eligibility and application route."
search-000216,Live Search,live_search,Head of IT,Talent.com,Talent.com,Technology Leadership,Technology Leadership,,Egypt,Egypt,Egypt,Live Search,,,2026-07-20,Live search,Talent.com,C,Aggregator,Aggregator,62,Medium,,https://www.talent.com/jobs?k=Head+of+IT&l=Egypt,"Direct platform search for Head of IT in Egypt. Sort by newest on the platform and verify employer, date, location eligibility and application route."
search-000217,Live Search,live_search,Head of IT,Adzuna,Adzuna,Technology Leadership,Technology Leadership,,Egypt,Egypt,Egypt,Live Search,,,2026-07-20,Live search,Adzuna,C,Aggregator,Aggregator,62,Medium,,https://www.adzuna.com/search?q=Head+of+IT&loc=Egypt,"Direct platform search for Head of IT in Egypt. Sort by newest on the platform and verify employer, date, location eligibility and application route."
search-000221,Live Search,live_search,Head of IT,Bayt,Bayt,Technology Leadership,Technology Leadership,,Egypt,Egypt,Egypt,Live Search,,,2026-07-20,Live search,Bayt,B,Recognized job platform,Platform,62,Medium,,https://www.bayt.com/en/egypt/jobs/head-of-it-jobs/,"Direct platform search for Head of IT in Egypt. Sort by newest on the platform and verify employer, date, location eligibility and application route."
search-000224,Live Search,live_search,Head of IT,WUZZUF,WUZZUF,Technology Leadership,Technology Leadership,,Egypt,Egypt,Egypt,Live Search,,,2026-07-20,Live search,WUZZUF,B,Recognized job platform,Platform,62,Medium,,https://wuzzuf.net/search/jobs/?q=Head+of+IT&a=navbl,"Direct platform search for Head of IT in Egypt. Sort by newest on the platform and verify employer, date, location eligibility and application route."
search-000226,Live Search,live_search,Chief Information Officer,LinkedIn,LinkedIn,Technology Leadership,Technology Leadership,,Egypt,Egypt,Egypt,Live Search,,,2026-07-20,Live search,LinkedIn,B,Recognized job platform,Platform,58,Low,,https://www.linkedin.com/jobs/search/?keywords=Chief+Information+Officer&location=Egypt&sortBy=DD,"Direct platform search for Chief Information Officer in Egypt. Sort by newest on the platform and verify employer, date, location eligibility and application route."
search-000227,Live Search,live_search,Chief Information Officer,Indeed,Indeed,Technology Leadership,Technology Leadership,,Egypt,Egypt,Egypt,Live Search,,,2026-07-20,Live search,Indeed,B,Recognized job platform,Platform,58,Low,,https://eg.indeed.com/jobs?q=Chief+Information+Officer&l=Egypt&sort=date,"Direct platform search for Chief Information Officer in Egypt. Sort by newest on the platform and verify employer, date, location eligibility and application route."
search-000230,Live Search,live_search,Chief Information Officer,Careerjet,Careerjet,Technology Leadership,Technology Leadership,,Egypt,Egypt,Egypt,Live Search,,,2026-07-20,Live search,Careerjet,C,Aggregator,Aggregator,58,Low,,https://www.careerjet.com/search/jobs?s=Chief+Information+Officer&l=Egypt,"Direct platform search for Chief Information Officer in Egypt. Sort by newest on the platform and verify employer, date, location eligibility and application route."
search-000231,Live Search,live_search,Chief Information Officer,Talent.com,Talent.com,Technology Leadership,Technology Leadership,,Egypt,Egypt,Egypt,Live Search,,,2026-07-20,Live search,Talent.com,C,Aggregator,Aggregator,58,Low,,https://www.talent.com/jobs?k=Chief+Information+Officer&l=Egypt,"Direct platform search for Chief Information Officer in Egypt. Sort by newest on the platform and verify employer, date, location eligibility and application route."
search-000232,Live Search,live_search,Chief Information Officer,Adzuna,Adzuna,Technology Leadership,Technology Leadership,,Egypt,Egypt,Egypt,Live Search,,,2026-07-20,Live search,Adzuna,C,Aggregator,Aggregator,58,Low,,https://www.adzuna.com/search?q=Chief+Information+Officer&loc=Egypt,"Direct platform search for Chief Information Officer in Egypt. Sort by newest on the platform and verify employer, date, location eligibility and application route."
search-000236,Live Search,live_search,Chief Information Officer,Bayt,Bayt,Technology Leadership,Technology Leadership,,Egypt,Egypt,Egypt,Live Search,,,2026-07-20,Live search,Bayt,B,Recognized job platform,Platform,58,Low,,https://www.bayt.com/en/egypt/jobs/chief-information-officer-jobs/,"Direct platform search for Chief Information Officer in Egypt. Sort by newest on the platform and verify employer, date, location eligibility and application route."
search-000239,Live Search,live_search,Chief Information Officer,WUZZUF,WUZZUF,Technology Leadership,Technology Leadership,,Egypt,Egypt,Egypt,Live Search,,,2026-07-20,Live search,WUZZUF,B,Recognized job platform,Platform,58,Low,,https://wuzzuf.net/search/jobs/?q=Chief+Information+Officer&a=navbl,"Direct platform search for Chief Information Officer in Egypt. Sort by newest on the platform and verify employer, date, location eligibility and application route."
search-000241,Live Search,live_search,Chief Technology Officer,LinkedIn,LinkedIn,Technology Leadership,Technology Leadership,,Egypt,Egypt,Egypt,Live Search,,,2026-07-20,Live search,LinkedIn,B,Recognized job platform,Platform,58,Low,,https://www.linkedin.com/jobs/search/?keywords=Chief+Technology+Officer&location=Egypt&sortBy=DD,"Direct platform search for Chief Technology Officer in Egypt. Sort by newest on the platform and verify employer, date, location eligibility and application route."
search-000242,Live Search,live_search,Chief Technology Officer,Indeed,Indeed,Technology Leadership,Technology Leadership,,Egypt,Egypt,Egypt,Live Search,,,2026-07-20,Live search,Indeed,B,Recognized job platform,Platform,58,Low,,https://eg.indeed.com/jobs?q=Chief+Technology+Officer&l=Egypt&sort=date,"Direct platform search for Chief Technology Officer in Egypt. Sort by newest on the platform and verify employer, date, location eligibility and application route."
search-000245,Live Search,live_search,Chief Technology Officer,Careerjet,Careerjet,Technology Leadership,Technology Leadership,,Egypt,Egypt,Egypt,Live Search,,,2026-07-20,Live search,Careerjet,C,Aggregator,Aggregator,58,Low,,https://www.careerjet.com/search/jobs?s=Chief+Technology+Officer&l=Egypt,"Direct platform search for Chief Technology Officer in Egypt. Sort by newest on the platform and verify employer, date, location eligibility and application route."
search-000246,Live Search,live_search,Chief Technology Officer,Talent.com,Talent.com,Technology Leadership,Technology Leadership,,Egypt,Egypt,Egypt,Live Search,,,2026-07-20,Live search,Talent.com,C,Aggregator,Aggregator,58,Low,,https://www.talent.com/jobs?k=Chief+Technology+Officer&l=Egypt,"Direct platform search for Chief Technology Officer in Egypt. Sort by newest on the platform and verify employer, date, location eligibility and application route."
search-000247,Live Search,live_search,Chief Technology Officer,Adzuna,Adzuna,Technology Leadership,Technology Leadership,,Egypt,Egypt,Egypt,Live Search,,,2026-07-20,Live search,Adzuna,C,Aggregator,Aggregator,58,Low,,https://www.adzuna.com/search?q=Chief+Technology+Officer&loc=Egypt,"Direct platform search for Chief Technology Officer in Egypt. Sort by newest on the platform and verify employer, date, location eligibility and application route."
search-000251,Live Search,live_search,Chief Technology Officer,Bayt,Bayt,Technology Leadership,Technology Leadership,,Egypt,Egypt,Egypt,Live Search,,,2026-07-20,Live search,Bayt,B,Recognized job platform,Platform,58,Low,,https://www.bayt.com/en/egypt/jobs/chief-technology-officer-jobs/,"Direct platform search for Chief Technology Officer in Egypt. Sort by newest on the platform and verify employer, date, location eligibility and application route."
search-000254,Live Search,live_search,Chief Technology Officer,WUZZUF,WUZZUF,Technology Leadership,Technology Leadership,,Egypt,Egypt,Egypt,Live Search,,,2026-07-20,Live search,WUZZUF,B,Recognized job platform,Platform,58,Low,,https://wuzzuf.net/search/jobs/?q=Chief+Technology+Officer&a=navbl,"Direct platform search for Chief Technology Officer in Egypt. Sort by newest on the platform and verify employer, date, location eligibility and application route."
search-000256,Live Search,live_search,Technology Director,LinkedIn,LinkedIn,Technology Leadership,Technology Leadership,,Egypt,Egypt,Egypt,Live Search,,,2026-07-20,Live search,LinkedIn,B,Recognized job platform,Platform,65,Medium,,https://www.linkedin.com/jobs/search/?keywords=Technology+Director&location=Egypt&sortBy=DD,"Direct platform search for Technology Director in Egypt. Sort by newest on the platform and verify employer, date, location eligibility and application route."
search-000257,Live Search,live_search,Technology Director,Indeed,Indeed,Technology Leadership,Technology Leadership,,Egypt,Egypt,Egypt,Live Search,,,2026-07-20,Live search,Indeed,B,Recognized job platform,Platform,65,Medium,,https://eg.indeed.com/jobs?q=Technology+Director&l=Egypt&sort=date,"Direct platform search for Technology Director in Egypt. Sort by newest on the platform and verify employer, date, location eligibility and application route."
search-000260,Live Search,live_search,Technology Director,Careerjet,Careerjet,Technology Leadership,Technology Leadership,,Egypt,Egypt,Egypt,Live Search,,,2026-07-20,Live search,Careerjet,C,Aggregator,Aggregator,65,Medium,,https://www.careerjet.com/search/jobs?s=Technology+Director&l=Egypt,"Direct platform search for Technology Director in Egypt. Sort by newest on the platform and verify employer, date, location eligibility and application route."
search-000261,Live Search,live_search,Technology Director,Talent.com,Talent.com,Technology Leadership,Technology Leadership,,Egypt,Egypt,Egypt,Live Search,,,2026-07-20,Live search,Talent.com,C,Aggregator,Aggregator,65,Medium,,https://www.talent.com/jobs?k=Technology+Director&l=Egypt,"Direct platform search for Technology Director in Egypt. Sort by newest on the platform and verify employer, date, location eligibility and application route."
search-000262,Live Search,live_search,Technology Director,Adzuna,Adzuna,Technology Leadership,Technology Leadership,,Egypt,Egypt,Egypt,Live Search,,,2026-07-20,Live search,Adzuna,C,Aggregator,Aggregator,65,Medium,,https://www.adzuna.com/search?q=Technology+Director&loc=Egypt,"Direct platform search for Technology Director in Egypt. Sort by newest on the platform and verify employer, date, location eligibility and application route."
search-000266,Live Search,live_search,Technology Director,Bayt,Bayt,Technology Leadership,Technology Leadership,,Egypt,Egypt,Egypt,Live Search,,,2026-07-20,Live search,Bayt,B,Recognized job platform,Platform,65,Medium,,https://www.bayt.com/en/egypt/jobs/technology-director-jobs/,"Direct platform search for Technology Director in Egypt. Sort by newest on the platform and verify employer, date, location eligibility and application route."
search-000269,Live Search,live_search,Technology Director,WUZZUF,WUZZUF,Technology Leadership,Technology Leadership,,Egypt,Egypt,Egypt,Live Search,,,2026-07-20,Live search,WUZZUF,B,Recognized job platform,Platform,65,Medium,,https://wuzzuf.net/search/jobs/?q=Technology+Director&a=navbl,"Direct platform search for Technology Director in Egypt. Sort by newest on the platform and verify employer, date, location eligibility and application route."
search-000271,Live Search,live_search,IT Strategy Manager,LinkedIn,LinkedIn,IT Strategy & Governance,IT Strategy & Governance,,Egypt,Egypt,Egypt,Live Search,,,2026-07-20,Live search,LinkedIn,B,Recognized job platform,Platform,64,Medium,,https://www.linkedin.com/jobs/search/?keywords=IT+Strategy+Manager&location=Egypt&sortBy=DD,"Direct platform search for IT Strategy Manager in Egypt. Sort by newest on the platform and verify employer, date, location eligibility and application route."
search-000272,Live Search,live_search,IT Strategy Manager,Indeed,Indeed,IT Strategy & Governance,IT Strategy & Governance,,Egypt,Egypt,Egypt,Live Search,,,2026-07-20,Live search,Indeed,B,Recognized job platform,Platform,64,Medium,,https://eg.indeed.com/jobs?q=IT+Strategy+Manager&l=Egypt&sort=date,"Direct platform search for IT Strategy Manager in Egypt. Sort by newest on the platform and verify employer, date, location eligibility and application route."
search-000275,Live Search,live_search,IT Strategy Manager,Careerjet,Careerjet,IT Strategy & Governance,IT Strategy & Governance,,Egypt,Egypt,Egypt,Live Search,,,2026-07-20,Live search,Careerjet,C,Aggregator,Aggregator,64,Medium,,https://www.careerjet.com/search/jobs?s=IT+Strategy+Manager&l=Egypt,"Direct platform search for IT Strategy Manager in Egypt. Sort by newest on the platform and verify employer, date, location eligibility and application route."
search-000276,Live Search,live_search,IT Strategy Manager,Talent.com,Talent.com,IT Strategy & Governance,IT Strategy & Governance,,Egypt,Egypt,Egypt,Live Search,,,2026-07-20,Live search,Talent.com,C,Aggregator,Aggregator,64,Medium,,https://www.talent.com/jobs?k=IT+Strategy+Manager&l=Egypt,"Direct platform search for IT Strategy Manager in Egypt. Sort by newest on the platform and verify employer, date, location eligibility and application route."
search-000277,Live Search,live_search,IT Strategy Manager,Adzuna,Adzuna,IT Strategy & Governance,IT Strategy & Governance,,Egypt,Egypt,Egypt,Live Search,,,2026-07-20,Live search,Adzuna,C,Aggregator,Aggregator,64,Medium,,https://www.adzuna.com/search?q=IT+Strategy+Manager&loc=Egypt,"Direct platform search for IT Strategy Manager in Egypt. Sort by newest on the platform and verify employer, date, location eligibility and application route."
search-000281,Live Search,live_search,IT Strategy Manager,Bayt,Bayt,IT Strategy & Governance,IT Strategy & Governance,,Egypt,Egypt,Egypt,Live Search,,,2026-07-20,Live search,Bayt,B,Recognized job platform,Platform,64,Medium,,https://www.bayt.com/en/egypt/jobs/it-strategy-manager-jobs/,"Direct platform search for IT Strategy Manager in Egypt. Sort by newest on the platform and verify employer, date, location eligibility and application route."
search-000284,Live Search,live_search,IT Strategy Manager,WUZZUF,WUZZUF,IT Strategy & Governance,IT Strategy & Governance,,Egypt,Egypt,Egypt,Live Search,,,2026-07-20,Live search,WUZZUF,B,Recognized job platform,Platform,64,Medium,,https://wuzzuf.net/search/jobs/?q=IT+Strategy+Manager&a=navbl,"Direct platform search for IT Strategy Manager in Egypt. Sort by newest on the platform and verify employer, date, location eligibility and application route."
search-000286,Live Search,live_search,IT Governance Manager,LinkedIn,LinkedIn,IT Strategy & Governance,IT Strategy & Governance,,Egypt,Egypt,Egypt,Live Search,,,2026-07-20,Live search,LinkedIn,B,Recognized job platform,Platform,64,Medium,,https://www.linkedin.com/jobs/search/?keywords=IT+Governance+Manager&location=Egypt&sortBy=DD,"Direct platform search for IT Governance Manager in Egypt. Sort by newest on the platform and verify employer, date, location eligibility and application route."
search-000287,Live Search,live_search,IT Governance Manager,Indeed,Indeed,IT Strategy & Governance,IT Strategy & Governance,,Egypt,Egypt,Egypt,Live Search,,,2026-07-20,Live search,Indeed,B,Recognized job platform,Platform,64,Medium,,https://eg.indeed.com/jobs?q=IT+Governance+Manager&l=Egypt&sort=date,"Direct platform search for IT Governance Manager in Egypt. Sort by newest on the platform and verify employer, date, location eligibility and application route."
search-000290,Live Search,live_search,IT Governance Manager,Careerjet,Careerjet,IT Strategy & Governance,IT Strategy & Governance,,Egypt,Egypt,Egypt,Live Search,,,2026-07-20,Live search,Careerjet,C,Aggregator,Aggregator,64,Medium,,https://www.careerjet.com/search/jobs?s=IT+Governance+Manager&l=Egypt,"Direct platform search for IT Governance Manager in Egypt. Sort by newest on the platform and verify employer, date, location eligibility and application route."
search-000291,Live Search,live_search,IT Governance Manager,Talent.com,Talent.com,IT Strategy & Governance,IT Strategy & Governance,,Egypt,Egypt,Egypt,Live Search,,,2026-07-20,Live search,Talent.com,C,Aggregator,Aggregator,64,Medium,,https://www.talent.com/jobs?k=IT+Governance+Manager&l=Egypt,"Direct platform search for IT Governance Manager in Egypt. Sort by newest on the platform and verify employer, date, location eligibility and application route."
search-000292,Live Search,live_search,IT Governance Manager,Adzuna,Adzuna,IT Strategy & Governance,IT Strategy & Governance,,Egypt,Egypt,Egypt,Live Search,,,2026-07-20,Live search,Adzuna,C,Aggregator,Aggregator,64,Medium,,https://www.adzuna.com/search?q=IT+Governance+Manager&loc=Egypt,"Direct platform search for IT Governance Manager in Egypt. Sort by newest on the platform and verify employer, date, location eligibility and application route."
search-000296,Live Search,live_search,IT Governance Manager,Bayt,Bayt,IT Strategy & Governance,IT Strategy & Governance,,Egypt,Egypt,Egypt,Live Search,,,2026-07-20,Live search,Bayt,B,Recognized job platform,Platform,64,Medium,,https://www.bayt.com/en/egypt/jobs/it-governance-manager-jobs/,"Direct platform search for IT Governance Manager in Egypt. Sort by newest on the platform and verify employer, date, location eligibility and application route."
search-000299,Live Search,live_search,IT Governance Manager,WUZZUF,WUZZUF,IT Strategy & Governance,IT Strategy & Governance,,Egypt,Egypt,Egypt,Live Search,,,2026-07-20,Live search,WUZZUF,B,Recognized job platform,Platform,64,Medium,,https://wuzzuf.net/search/jobs/?q=IT+Governance+Manager&a=navbl,"Direct platform search for IT Governance Manager in Egypt. Sort by newest on the platform and verify employer, date, location eligibility and application route."
search-000301,Live Search,live_search,Enterprise Applications Manager,LinkedIn,LinkedIn,Enterprise Applications,Enterprise Applications,,Egypt,Egypt,Egypt,Live Search,,,2026-07-20,Live search,LinkedIn,B,Recognized job platform,Platform,62,Medium,,https://www.linkedin.com/jobs/search/?keywords=Enterprise+Applications+Manager&location=Egypt&sortBy=DD,"Direct platform search for Enterprise Applications Manager in Egypt. Sort by newest on the platform and verify employer, date, location eligibility and application route."
search-000302,Live Search,live_search,Enterprise Applications Manager,Indeed,Indeed,Enterprise Applications,Enterprise Applications,,Egypt,Egypt,Egypt,Live Search,,,2026-07-20,Live search,Indeed,B,Recognized job platform,Platform,62,Medium,,https://eg.indeed.com/jobs?q=Enterprise+Applications+Manager&l=Egypt&sort=date,"Direct platform search for Enterprise Applications Manager in Egypt. Sort by newest on the platform and verify employer, date, location eligibility and application route."
search-000305,Live Search,live_search,Enterprise Applications Manager,Careerjet,Careerjet,Enterprise Applications,Enterprise Applications,,Egypt,Egypt,Egypt,Live Search,,,2026-07-20,Live search,Careerjet,C,Aggregator,Aggregator,62,Medium,,https://www.careerjet.com/search/jobs?s=Enterprise+Applications+Manager&l=Egypt,"Direct platform search for Enterprise Applications Manager in Egypt. Sort by newest on the platform and verify employer, date, location eligibility and application route."
search-000306,Live Search,live_search,Enterprise Applications Manager,Talent.com,Talent.com,Enterprise Applications,Enterprise Applications,,Egypt,Egypt,Egypt,Live Search,,,2026-07-20,Live search,Talent.com,C,Aggregator,Aggregator,62,Medium,,https://www.talent.com/jobs?k=Enterprise+Applications+Manager&l=Egypt,"Direct platform search for Enterprise Applications Manager in Egypt. Sort by newest on the platform and verify employer, date, location eligibility and application route."
search-000307,Live Search,live_search,Enterprise Applications Manager,Adzuna,Adzuna,Enterprise Applications,Enterprise Applications,,Egypt,Egypt,Egypt,Live Search,,,2026-07-20,Live search,Adzuna,C,Aggregator,Aggregator,62,Medium,,https://www.adzuna.com/search?q=Enterprise+Applications+Manager&loc=Egypt,"Direct platform search for Enterprise Applications Manager in Egypt. Sort by newest on the platform and verify employer, date, location eligibility and application route."
search-000311,Live Search,live_search,Enterprise Applications Manager,Bayt,Bayt,Enterprise Applications,Enterprise Applications,,Egypt,Egypt,Egypt,Live Search,,,2026-07-20,Live search,Bayt,B,Recognized job platform,Platform,62,Medium,,https://www.bayt.com/en/egypt/jobs/enterprise-applications-manager-jobs/,"Direct platform search for Enterprise Applications Manager in Egypt. Sort by newest on the platform and verify employer, date, location eligibility and application route."
search-000314,Live Search,live_search,Enterprise Applications Manager,WUZZUF,WUZZUF,Enterprise Applications,Enterprise Applications,,Egypt,Egypt,Egypt,Live Search,,,2026-07-20,Live search,WUZZUF,B,Recognized job platform,Platform,62,Medium,,https://wuzzuf.net/search/jobs/?q=Enterprise+Applications+Manager&a=navbl,"Direct platform search for Enterprise Applications Manager in Egypt. Sort by newest on the platform and verify employer, date, location eligibility and application route."
search-000316,Live Search,live_search,ERP Program Manager,LinkedIn,LinkedIn,Programme & Delivery,Programme & Delivery,,Egypt,Egypt,Egypt,Live Search,,,2026-07-20,Live search,LinkedIn,B,Recognized job platform,Platform,64,Medium,,https://www.linkedin.com/jobs/search/?keywords=ERP+Program+Manager&location=Egypt&sortBy=DD,"Direct platform search for ERP Program Manager in Egypt. Sort by newest on the platform and verify employer, date, location eligibility and application route."
search-000317,Live Search,live_search,ERP Program Manager,Indeed,Indeed,Programme & Delivery,Programme & Delivery,,Egypt,Egypt,Egypt,Live Search,,,2026-07-20,Live search,Indeed,B,Recognized job platform,Platform,64,Medium,,https://eg.indeed.com/jobs?q=ERP+Program+Manager&l=Egypt&sort=date,"Direct platform search for ERP Program Manager in Egypt. Sort by newest on the platform and verify employer, date, location eligibility and application route."
search-000320,Live Search,live_search,ERP Program Manager,Careerjet,Careerjet,Programme & Delivery,Programme & Delivery,,Egypt,Egypt,Egypt,Live Search,,,2026-07-20,Live search,Careerjet,C,Aggregator,Aggregator,64,Medium,,https://www.careerjet.com/search/jobs?s=ERP+Program+Manager&l=Egypt,"Direct platform search for ERP Program Manager in Egypt. Sort by newest on the platform and verify employer, date, location eligibility and application route."
search-000321,Live Search,live_search,ERP Program Manager,Talent.com,Talent.com,Programme & Delivery,Programme & Delivery,,Egypt,Egypt,Egypt,Live Search,,,2026-07-20,Live search,Talent.com,C,Aggregator,Aggregator,64,Medium,,https://www.talent.com/jobs?k=ERP+Program+Manager&l=Egypt,"Direct platform search for ERP Program Manager in Egypt. Sort by newest on the platform and verify employer, date, location eligibility and application route."
search-000322,Live Search,live_search,ERP Program Manager,Adzuna,Adzuna,Programme & Delivery,Programme & Delivery,,Egypt,Egypt,Egypt,Live Search,,,2026-07-20,Live search,Adzuna,C,Aggregator,Aggregator,64,Medium,,https://www.adzuna.com/search?q=ERP+Program+Manager&loc=Egypt,"Direct platform search for ERP Program Manager in Egypt. Sort by newest on the platform and verify employer, date, location eligibility and application route."
search-000326,Live Search,live_search,ERP Program Manager,Bayt,Bayt,Programme & Delivery,Programme & Delivery,,Egypt,Egypt,Egypt,Live Search,,,2026-07-20,Live search,Bayt,B,Recognized job platform,Platform,64,Medium,,https://www.bayt.com/en/egypt/jobs/erp-program-manager-jobs/,"Direct platform search for ERP Program Manager in Egypt. Sort by newest on the platform and verify employer, date, location eligibility and application route."
search-000329,Live Search,live_search,ERP Program Manager,WUZZUF,WUZZUF,Programme & Delivery,Programme & Delivery,,Egypt,Egypt,Egypt,Live Search,,,2026-07-20,Live search,WUZZUF,B,Recognized job platform,Platform,64,Medium,,https://wuzzuf.net/search/jobs/?q=ERP+Program+Manager&a=navbl,"Direct platform search for ERP Program Manager in Egypt. Sort by newest on the platform and verify employer, date, location eligibility and application route."
search-000331,Live Search,live_search,SAP Program Manager,LinkedIn,LinkedIn,Programme & Delivery,Programme & Delivery,,Egypt,Egypt,Egypt,Live Search,,,2026-07-20,Live search,LinkedIn,B,Recognized job platform,Platform,62,Medium,,https://www.linkedin.com/jobs/search/?keywords=SAP+Program+Manager&location=Egypt&sortBy=DD,"Direct platform search for SAP Program Manager in Egypt. Sort by newest on the platform and verify employer, date, location eligibility and application route."
search-000332,Live Search,live_search,SAP Program Manager,Indeed,Indeed,Programme & Delivery,Programme & Delivery,,Egypt,Egypt,Egypt,Live Search,,,2026-07-20,Live search,Indeed,B,Recognized job platform,Platform,62,Medium,,https://eg.indeed.com/jobs?q=SAP+Program+Manager&l=Egypt&sort=date,"Direct platform search for SAP Program Manager in Egypt. Sort by newest on the platform and verify employer, date, location eligibility and application route."
search-000335,Live Search,live_search,SAP Program Manager,Careerjet,Careerjet,Programme & Delivery,Programme & Delivery,,Egypt,Egypt,Egypt,Live Search,,,2026-07-20,Live search,Careerjet,C,Aggregator,Aggregator,62,Medium,,https://www.careerjet.com/search/jobs?s=SAP+Program+Manager&l=Egypt,"Direct platform search for SAP Program Manager in Egypt. Sort by newest on the platform and verify employer, date, location eligibility and application route."
search-000336,Live Search,live_search,SAP Program Manager,Talent.com,Talent.com,Programme & Delivery,Programme & Delivery,,Egypt,Egypt,Egypt,Live Search,,,2026-07-20,Live search,Talent.com,C,Aggregator,Aggregator,62,Medium,,https://www.talent.com/jobs?k=SAP+Program+Manager&l=Egypt,"Direct platform search for SAP Program Manager in Egypt. Sort by newest on the platform and verify employer, date, location eligibility and application route."
search-000337,Live Search,live_search,SAP Program Manager,Adzuna,Adzuna,Programme & Delivery,Programme & Delivery,,Egypt,Egypt,Egypt,Live Search,,,2026-07-20,Live search,Adzuna,C,Aggregator,Aggregator,62,Medium,,https://www.adzuna.com/search?q=SAP+Program+Manager&loc=Egypt,"Direct platform search for SAP Program Manager in Egypt. Sort by newest on the platform and verify employer, date, location eligibility and application route."
search-000341,Live Search,live_search,SAP Program Manager,Bayt,Bayt,Programme & Delivery,Programme & Delivery,,Egypt,Egypt,Egypt,Live Search,,,2026-07-20,Live search,Bayt,B,Recognized job platform,Platform,62,Medium,,https://www.bayt.com/en/egypt/jobs/sap-program-manager-jobs/,"Direct platform search for SAP Program Manager in Egypt. Sort by newest on the platform and verify employer, date, location eligibility and application route."
search-000344,Live Search,live_search,SAP Program Manager,WUZZUF,WUZZUF,Programme & Delivery,Programme & Delivery,,Egypt,Egypt,Egypt,Live Search,,,2026-07-20,Live search,WUZZUF,B,Recognized job platform,Platform,62,Medium,,https://wuzzuf.net/search/jobs/?q=SAP+Program+Manager&a=navbl,"Direct platform search for SAP Program Manager in Egypt. Sort by newest on the platform and verify employer, date, location eligibility and application route."
search-000346,Live Search,live_search,Healthcare IT Manager,LinkedIn,LinkedIn,Healthcare IT & Digital Health,Healthcare IT & Digital Health,,Egypt,Egypt,Egypt,Live Search,,,2026-07-20,Live search,LinkedIn,B,Recognized job platform,Platform,67,Medium,,https://www.linkedin.com/jobs/search/?keywords=Healthcare+IT+Manager&location=Egypt&sortBy=DD,"Direct platform search for Healthcare IT Manager in Egypt. Sort by newest on the platform and verify employer, date, location eligibility and application route."
search-000347,Live Search,live_search,Healthcare IT Manager,Indeed,Indeed,Healthcare IT & Digital Health,Healthcare IT & Digital Health,,Egypt,Egypt,Egypt,Live Search,,,2026-07-20,Live search,Indeed,B,Recognized job platform,Platform,67,Medium,,https://eg.indeed.com/jobs?q=Healthcare+IT+Manager&l=Egypt&sort=date,"Direct platform search for Healthcare IT Manager in Egypt. Sort by newest on the platform and verify employer, date, location eligibility and application route."
search-000350,Live Search,live_search,Healthcare IT Manager,Careerjet,Careerjet,Healthcare IT & Digital Health,Healthcare IT & Digital Health,,Egypt,Egypt,Egypt,Live Search,,,2026-07-20,Live search,Careerjet,C,Aggregator,Aggregator,67,Medium,,https://www.careerjet.com/search/jobs?s=Healthcare+IT+Manager&l=Egypt,"Direct platform search for Healthcare IT Manager in Egypt. Sort by newest on the platform and verify employer, date, location eligibility and application route."
search-000351,Live Search,live_search,Healthcare IT Manager,Talent.com,Talent.com,Healthcare IT & Digital Health,Healthcare IT & Digital Health,,Egypt,Egypt,Egypt,Live Search,,,2026-07-20,Live search,Talent.com,C,Aggregator,Aggregator,67,Medium,,https://www.talent.com/jobs?k=Healthcare+IT+Manager&l=Egypt,"Direct platform search for Healthcare IT Manager in Egypt. Sort by newest on the platform and verify employer, date, location eligibility and application route."
search-000352,Live Search,live_search,Healthcare IT Manager,Adzuna,Adzuna,Healthcare IT & Digital Health,Healthcare IT & Digital Health,,Egypt,Egypt,Egypt,Live Search,,,2026-07-20,Live search,Adzuna,C,Aggregator,Aggregator,67,Medium,,https://www.adzuna.com/search?q=Healthcare+IT+Manager&loc=Egypt,"Direct platform search for Healthcare IT Manager in Egypt. Sort by newest on the platform and verify employer, date, location eligibility and application route."
search-000356,Live Search,live_search,Healthcare IT Manager,Bayt,Bayt,Healthcare IT & Digital Health,Healthcare IT & Digital Health,,Egypt,Egypt,Egypt,Live Search,,,2026-07-20,Live search,Bayt,B,Recognized job platform,Platform,67,Medium,,https://www.bayt.com/en/egypt/jobs/healthcare-it-manager-jobs/,"Direct platform search for Healthcare IT Manager in Egypt. Sort by newest on the platform and verify employer, date, location eligibility and application route."
search-000359,Live Search,live_search,Healthcare IT Manager,WUZZUF,WUZZUF,Healthcare IT & Digital Health,Healthcare IT & Digital Health,,Egypt,Egypt,Egypt,Live Search,,,2026-07-20,Live search,WUZZUF,B,Recognized job platform,Platform,67,Medium,,https://wuzzuf.net/search/jobs/?q=Healthcare+IT+Manager&a=navbl,"Direct platform search for Healthcare IT Manager in Egypt. Sort by newest on the platform and verify employer, date, location eligibility and application route."
search-000361,Live Search,live_search,Health Informatics Director,LinkedIn,LinkedIn,Healthcare IT & Digital Health,Healthcare IT & Digital Health,,Egypt,Egypt,Egypt,Live Search,,,2026-07-20,Live search,LinkedIn,B,Recognized job platform,Platform,71,Medium,,https://www.linkedin.com/jobs/search/?keywords=Health+Informatics+Director&location=Egypt&sortBy=DD,"Direct platform search for Health Informatics Director in Egypt. Sort by newest on the platform and verify employer, date, location eligibility and application route."
search-000362,Live Search,live_search,Health Informatics Director,Indeed,Indeed,Healthcare IT & Digital Health,Healthcare IT & Digital Health,,Egypt,Egypt,Egypt,Live Search,,,2026-07-20,Live search,Indeed,B,Recognized job platform,Platform,71,Medium,,https://eg.indeed.com/jobs?q=Health+Informatics+Director&l=Egypt&sort=date,"Direct platform search for Health Informatics Director in Egypt. Sort by newest on the platform and verify employer, date, location eligibility and application route."
search-000365,Live Search,live_search,Health Informatics Director,Careerjet,Careerjet,Healthcare IT & Digital Health,Healthcare IT & Digital Health,,Egypt,Egypt,Egypt,Live Search,,,2026-07-20,Live search,Careerjet,C,Aggregator,Aggregator,71,Medium,,https://www.careerjet.com/search/jobs?s=Health+Informatics+Director&l=Egypt,"Direct platform search for Health Informatics Director in Egypt. Sort by newest on the platform and verify employer, date, location eligibility and application route."
search-000366,Live Search,live_search,Health Informatics Director,Talent.com,Talent.com,Healthcare IT & Digital Health,Healthcare IT & Digital Health,,Egypt,Egypt,Egypt,Live Search,,,2026-07-20,Live search,Talent.com,C,Aggregator,Aggregator,71,Medium,,https://www.talent.com/jobs?k=Health+Informatics+Director&l=Egypt,"Direct platform search for Health Informatics Director in Egypt. Sort by newest on the platform and verify employer, date, location eligibility and application route."
search-000367,Live Search,live_search,Health Informatics Director,Adzuna,Adzuna,Healthcare IT & Digital Health,Healthcare IT & Digital Health,,Egypt,Egypt,Egypt,Live Search,,,2026-07-20,Live search,Adzuna,C,Aggregator,Aggregator,71,Medium,,https://www.adzuna.com/search?q=Health+Informatics+Director&loc=Egypt,"Direct platform search for Health Informatics Director in Egypt. Sort by newest on the platform and verify employer, date, location eligibility and application route."
search-000371,Live Search,live_search,Health Informatics Director,Bayt,Bayt,Healthcare IT & Digital Health,Healthcare IT & Digital Health,,Egypt,Egypt,Egypt,Live Search,,,2026-07-20,Live search,Bayt,B,Recognized job platform,Platform,71,Medium,,https://www.bayt.com/en/egypt/jobs/health-informatics-director-jobs/,"Direct platform search for Health Informatics Director in Egypt. Sort by newest on the platform and verify employer, date, location eligibility and application route."
search-000374,Live Search,live_search,Health Informatics Director,WUZZUF,WUZZUF,Healthcare IT & Digital Health,Healthcare IT & Digital Health,,Egypt,Egypt,Egypt,Live Search,,,2026-07-20,Live search,WUZZUF,B,Recognized job platform,Platform,71,Medium,,https://wuzzuf.net/search/jobs/?q=Health+Informatics+Director&a=navbl,"Direct platform search for Health Informatics Director in Egypt. Sort by newest on the platform and verify employer, date, location eligibility and application route."
search-000376,Live Search,live_search,Digital Health Director,LinkedIn,LinkedIn,Healthcare IT & Digital Health,Healthcare IT & Digital Health,,Egypt,Egypt,Egypt,Live Search,,,2026-07-20,Live search,LinkedIn,B,Recognized job platform,Platform,71,Medium,,https://www.linkedin.com/jobs/search/?keywords=Digital+Health+Director&location=Egypt&sortBy=DD,"Direct platform search for Digital Health Director in Egypt. Sort by newest on the platform and verify employer, date, location eligibility and application route."
search-000377,Live Search,live_search,Digital Health Director,Indeed,Indeed,Healthcare IT & Digital Health,Healthcare IT & Digital Health,,Egypt,Egypt,Egypt,Live Search,,,2026-07-20,Live search,Indeed,B,Recognized job platform,Platform,71,Medium,,https://eg.indeed.com/jobs?q=Digital+Health+Director&l=Egypt&sort=date,"Direct platform search for Digital Health Director in Egypt. Sort by newest on the platform and verify employer, date, location eligibility and application route."
search-000380,Live Search,live_search,Digital Health Director,Careerjet,Careerjet,Healthcare IT & Digital Health,Healthcare IT & Digital Health,,Egypt,Egypt,Egypt,Live Search,,,2026-07-20,Live search,Careerjet,C,Aggregator,Aggregator,71,Medium,,https://www.careerjet.com/search/jobs?s=Digital+Health+Director&l=Egypt,"Direct platform search for Digital Health Director in Egypt. Sort by newest on the platform and verify employer, date, location eligibility and application route."
search-000381,Live Search,live_search,Digital Health Director,Talent.com,Talent.com,Healthcare IT & Digital Health,Healthcare IT & Digital Health,,Egypt,Egypt,Egypt,Live Search,,,2026-07-20,Live search,Talent.com,C,Aggregator,Aggregator,71,Medium,,https://www.talent.com/jobs?k=Digital+Health+Director&l=Egypt,"Direct platform search for Digital Health Director in Egypt. Sort by newest on the platform and verify employer, date, location eligibility and application route."
search-000382,Live Search,live_search,Digital Health Director,Adzuna,Adzuna,Healthcare IT & Digital Health,Healthcare IT & Digital Health,,Egypt,Egypt,Egypt,Live Search,,,2026-07-20,Live search,Adzuna,C,Aggregator,Aggregator,71,Medium,,https://www.adzuna.com/search?q=Digital+Health+Director&loc=Egypt,"Direct platform search for Digital Health Director in Egypt. Sort by newest on the platform and verify employer, date, location eligibility and application route."
search-000386,Live Search,live_search,Digital Health Director,Bayt,Bayt,Healthcare IT & Digital Health,Healthcare IT & Digital Health,,Egypt,Egypt,Egypt,Live Search,,,2026-07-20,Live search,Bayt,B,Recognized job platform,Platform,71,Medium,,https://www.bayt.com/en/egypt/jobs/digital-health-director-jobs/,"Direct platform search for Digital Health Director in Egypt. Sort by newest on the platform and verify employer, date, location eligibility and application route."
search-000389,Live Search,live_search,Digital Health Director,WUZZUF,WUZZUF,Healthcare IT & Digital Health,Healthcare IT & Digital Health,,Egypt,Egypt,Egypt,Live Search,,,2026-07-20,Live search,WUZZUF,B,Recognized job platform,Platform,71,Medium,,https://wuzzuf.net/search/jobs/?q=Digital+Health+Director&a=navbl,"Direct platform search for Digital Health Director in Egypt. Sort by newest on the platform and verify employer, date, location eligibility and application route."
search-000391,Live Search,live_search,Data Governance Manager,LinkedIn,LinkedIn,Data & Governance,Data & Governance,,Egypt,Egypt,Egypt,Live Search,,,2026-07-20,Live search,LinkedIn,B,Recognized job platform,Platform,65,Medium,,https://www.linkedin.com/jobs/search/?keywords=Data+Governance+Manager&location=Egypt&sortBy=DD,"Direct platform search for Data Governance Manager in Egypt. Sort by newest on the platform and verify employer, date, location eligibility and application route."
search-000392,Live Search,live_search,Data Governance Manager,Indeed,Indeed,Data & Governance,Data & Governance,,Egypt,Egypt,Egypt,Live Search,,,2026-07-20,Live search,Indeed,B,Recognized job platform,Platform,65,Medium,,https://eg.indeed.com/jobs?q=Data+Governance+Manager&l=Egypt&sort=date,"Direct platform search for Data Governance Manager in Egypt. Sort by newest on the platform and verify employer, date, location eligibility and application route."
search-000395,Live Search,live_search,Data Governance Manager,Careerjet,Careerjet,Data & Governance,Data & Governance,,Egypt,Egypt,Egypt,Live Search,,,2026-07-20,Live search,Careerjet,C,Aggregator,Aggregator,65,Medium,,https://www.careerjet.com/search/jobs?s=Data+Governance+Manager&l=Egypt,"Direct platform search for Data Governance Manager in Egypt. Sort by newest on the platform and verify employer, date, location eligibility and application route."
search-000396,Live Search,live_search,Data Governance Manager,Talent.com,Talent.com,Data & Governance,Data & Governance,,Egypt,Egypt,Egypt,Live Search,,,2026-07-20,Live search,Talent.com,C,Aggregator,Aggregator,65,Medium,,https://www.talent.com/jobs?k=Data+Governance+Manager&l=Egypt,"Direct platform search for Data Governance Manager in Egypt. Sort by newest on the platform and verify employer, date, location eligibility and application route."
search-000397,Live Search,live_search,Data Governance Manager,Adzuna,Adzuna,Data & Governance,Data & Governance,,Egypt,Egypt,Egypt,Live Search,,,2026-07-20,Live search,Adzuna,C,Aggregator,Aggregator,65,Medium,,https://www.adzuna.com/search?q=Data+Governance+Manager&loc=Egypt,"Direct platform search for Data Governance Manager in Egypt. Sort by newest on the platform and verify employer, date, location eligibility and application route."
search-000401,Live Search,live_search,Data Governance Manager,Bayt,Bayt,Data & Governance,Data & Governance,,Egypt,Egypt,Egypt,Live Search,,,2026-07-20,Live search,Bayt,B,Recognized job platform,Platform,65,Medium,,https://www.bayt.com/en/egypt/jobs/data-governance-manager-jobs/,"Direct platform search for Data Governance Manager in Egypt. Sort by newest on the platform and verify employer, date, location eligibility and application route."
search-000404,Live Search,live_search,Data Governance Manager,WUZZUF,WUZZUF,Data & Governance,Data & Governance,,Egypt,Egypt,Egypt,Live Search,,,2026-07-20,Live search,WUZZUF,B,Recognized job platform,Platform,65,Medium,,https://wuzzuf.net/search/jobs/?q=Data+Governance+Manager&a=navbl,"Direct platform search for Data Governance Manager in Egypt. Sort by newest on the platform and verify employer, date, location eligibility and application route."
search-000406,Live Search,live_search,Data Platform Manager,LinkedIn,LinkedIn,Data & Governance,Data & Governance,,Egypt,Egypt,Egypt,Live Search,,,2026-07-20,Live search,LinkedIn,B,Recognized job platform,Platform,62,Medium,,https://www.linkedin.com/jobs/search/?keywords=Data+Platform+Manager&location=Egypt&sortBy=DD,"Direct platform search for Data Platform Manager in Egypt. Sort by newest on the platform and verify employer, date, location eligibility and application route."
search-000407,Live Search,live_search,Data Platform Manager,Indeed,Indeed,Data & Governance,Data & Governance,,Egypt,Egypt,Egypt,Live Search,,,2026-07-20,Live search,Indeed,B,Recognized job platform,Platform,62,Medium,,https://eg.indeed.com/jobs?q=Data+Platform+Manager&l=Egypt&sort=date,"Direct platform search for Data Platform Manager in Egypt. Sort by newest on the platform and verify employer, date, location eligibility and application route."
search-000410,Live Search,live_search,Data Platform Manager,Careerjet,Careerjet,Data & Governance,Data & Governance,,Egypt,Egypt,Egypt,Live Search,,,2026-07-20,Live search,Careerjet,C,Aggregator,Aggregator,62,Medium,,https://www.careerjet.com/search/jobs?s=Data+Platform+Manager&l=Egypt,"Direct platform search for Data Platform Manager in Egypt. Sort by newest on the platform and verify employer, date, location eligibility and application route."
search-000411,Live Search,live_search,Data Platform Manager,Talent.com,Talent.com,Data & Governance,Data & Governance,,Egypt,Egypt,Egypt,Live Search,,,2026-07-20,Live search,Talent.com,C,Aggregator,Aggregator,62,Medium,,https://www.talent.com/jobs?k=Data+Platform+Manager&l=Egypt,"Direct platform search for Data Platform Manager in Egypt. Sort by newest on the platform and verify employer, date, location eligibility and application route."
search-000412,Live Search,live_search,Data Platform Manager,Adzuna,Adzuna,Data & Governance,Data & Governance,,Egypt,Egypt,Egypt,Live Search,,,2026-07-20,Live search,Adzuna,C,Aggregator,Aggregator,62,Medium,,https://www.adzuna.com/search?q=Data+Platform+Manager&loc=Egypt,"Direct platform search for Data Platform Manager in Egypt. Sort by newest on the platform and verify employer, date, location eligibility and application route."
search-000416,Live Search,live_search,Data Platform Manager,Bayt,Bayt,Data & Governance,Data & Governance,,Egypt,Egypt,Egypt,Live Search,,,2026-07-20,Live search,Bayt,B,Recognized job platform,Platform,62,Medium,,https://www.bayt.com/en/egypt/jobs/data-platform-manager-jobs/,"Direct platform search for Data Platform Manager in Egypt. Sort by newest on the platform and verify employer, date, location eligibility and application route."
search-000419,Live Search,live_search,Data Platform Manager,WUZZUF,WUZZUF,Data & Governance,Data & Governance,,Egypt,Egypt,Egypt,Live Search,,,2026-07-20,Live search,WUZZUF,B,Recognized job platform,Platform,62,Medium,,https://wuzzuf.net/search/jobs/?q=Data+Platform+Manager&a=navbl,"Direct platform search for Data Platform Manager in Egypt. Sort by newest on the platform and verify employer, date, location eligibility and application route."
search-000421,Live Search,live_search,Business Intelligence Director,LinkedIn,LinkedIn,Data & Governance,Data & Governance,,Egypt,Egypt,Egypt,Live Search,,,2026-07-20,Live search,LinkedIn,B,Recognized job platform,Platform,65,Medium,,https://www.linkedin.com/jobs/search/?keywords=Business+Intelligence+Director&location=Egypt&sortBy=DD,"Direct platform search for Business Intelligence Director in Egypt. Sort by newest on the platform and verify employer, date, location eligibility and application route."
search-000422,Live Search,live_search,Business Intelligence Director,Indeed,Indeed,Data & Governance,Data & Governance,,Egypt,Egypt,Egypt,Live Search,,,2026-07-20,Live search,Indeed,B,Recognized job platform,Platform,65,Medium,,https://eg.indeed.com/jobs?q=Business+Intelligence+Director&l=Egypt&sort=date,"Direct platform search for Business Intelligence Director in Egypt. Sort by newest on the platform and verify employer, date, location eligibility and application route."
search-000425,Live Search,live_search,Business Intelligence Director,Careerjet,Careerjet,Data & Governance,Data & Governance,,Egypt,Egypt,Egypt,Live Search,,,2026-07-20,Live search,Careerjet,C,Aggregator,Aggregator,65,Medium,,https://www.careerjet.com/search/jobs?s=Business+Intelligence+Director&l=Egypt,"Direct platform search for Business Intelligence Director in Egypt. Sort by newest on the platform and verify employer, date, location eligibility and application route."
search-000426,Live Search,live_search,Business Intelligence Director,Talent.com,Talent.com,Data & Governance,Data & Governance,,Egypt,Egypt,Egypt,Live Search,,,2026-07-20,Live search,Talent.com,C,Aggregator,Aggregator,65,Medium,,https://www.talent.com/jobs?k=Business+Intelligence+Director&l=Egypt,"Direct platform search for Business Intelligence Director in Egypt. Sort by newest on the platform and verify employer, date, location eligibility and application route."
search-000427,Live Search,live_search,Business Intelligence Director,Adzuna,Adzuna,Data & Governance,Data & Governance,,Egypt,Egypt,Egypt,Live Search,,,2026-07-20,Live search,Adzuna,C,Aggregator,Aggregator,65,Medium,,https://www.adzuna.com/search?q=Business+Intelligence+Director&loc=Egypt,"Direct platform search for Business Intelligence Director in Egypt. Sort by newest on the platform and verify employer, date, location eligibility and application route."
search-000431,Live Search,live_search,Business Intelligence Director,Bayt,Bayt,Data & Governance,Data & Governance,,Egypt,Egypt,Egypt,Live Search,,,2026-07-20,Live search,Bayt,B,Recognized job platform,Platform,65,Medium,,https://www.bayt.com/en/egypt/jobs/business-intelligence-director-jobs/,"Direct platform search for Business Intelligence Director in Egypt. Sort by newest on the platform and verify employer, date, location eligibility and application route."
search-000434,Live Search,live_search,Business Intelligence Director,WUZZUF,WUZZUF,Data & Governance,Data & Governance,,Egypt,Egypt,Egypt,Live Search,,,2026-07-20,Live search,WUZZUF,B,Recognized job platform,Platform,65,Medium,,https://wuzzuf.net/search/jobs/?q=Business+Intelligence+Director&a=navbl,"Direct platform search for Business Intelligence Director in Egypt. Sort by newest on the platform and verify employer, date, location eligibility and application route."
search-000436,Live Search,live_search,Analytics Director,LinkedIn,LinkedIn,Data & Governance,Data & Governance,,Egypt,Egypt,Egypt,Live Search,,,2026-07-20,Live search,LinkedIn,B,Recognized job platform,Platform,67,Medium,,https://www.linkedin.com/jobs/search/?keywords=Analytics+Director&location=Egypt&sortBy=DD,"Direct platform search for Analytics Director in Egypt. Sort by newest on the platform and verify employer, date, location eligibility and application route."
search-000437,Live Search,live_search,Analytics Director,Indeed,Indeed,Data & Governance,Data & Governance,,Egypt,Egypt,Egypt,Live Search,,,2026-07-20,Live search,Indeed,B,Recognized job platform,Platform,67,Medium,,https://eg.indeed.com/jobs?q=Analytics+Director&l=Egypt&sort=date,"Direct platform search for Analytics Director in Egypt. Sort by newest on the platform and verify employer, date, location eligibility and application route."
search-000440,Live Search,live_search,Analytics Director,Careerjet,Careerjet,Data & Governance,Data & Governance,,Egypt,Egypt,Egypt,Live Search,,,2026-07-20,Live search,Careerjet,C,Aggregator,Aggregator,67,Medium,,https://www.careerjet.com/search/jobs?s=Analytics+Director&l=Egypt,"Direct platform search for Analytics Director in Egypt. Sort by newest on the platform and verify employer, date, location eligibility and application route."
search-000441,Live Search,live_search,Analytics Director,Talent.com,Talent.com,Data & Governance,Data & Governance,,Egypt,Egypt,Egypt,Live Search,,,2026-07-20,Live search,Talent.com,C,Aggregator,Aggregator,67,Medium,,https://www.talent.com/jobs?k=Analytics+Director&l=Egypt,"Direct platform search for Analytics Director in Egypt. Sort by newest on the platform and verify employer, date, location eligibility and application route."
search-000442,Live Search,live_search,Analytics Director,Adzuna,Adzuna,Data & Governance,Data & Governance,,Egypt,Egypt,Egypt,Live Search,,,2026-07-20,Live search,Adzuna,C,Aggregator,Aggregator,67,Medium,,https://www.adzuna.com/search?q=Analytics+Director&loc=Egypt,"Direct platform search for Analytics Director in Egypt. Sort by newest on the platform and verify employer, date, location eligibility and application route."
search-000446,Live Search,live_search,Analytics Director,Bayt,Bayt,Data & Governance,Data & Governance,,Egypt,Egypt,Egypt,Live Search,,,2026-07-20,Live search,Bayt,B,Recognized job platform,Platform,67,Medium,,https://www.bayt.com/en/egypt/jobs/analytics-director-jobs/,"Direct platform search for Analytics Director in Egypt. Sort by newest on the platform and verify employer, date, location eligibility and application route."
search-000449,Live Search,live_search,Analytics Director,WUZZUF,WUZZUF,Data & Governance,Data & Governance,,Egypt,Egypt,Egypt,Live Search,,,2026-07-20,Live search,WUZZUF,B,Recognized job platform,Platform,67,Medium,,https://wuzzuf.net/search/jobs/?q=Analytics+Director&a=navbl,"Direct platform search for Analytics Director in Egypt. Sort by newest on the platform and verify employer, date, location eligibility and application route."
search-000451,Live Search,live_search,AI Strategy Manager,LinkedIn,LinkedIn,IT Strategy & Governance,IT Strategy & Governance,,Egypt,Egypt,Egypt,Live Search,,,2026-07-20,Live search,LinkedIn,B,Recognized job platform,Platform,64,Medium,,https://www.linkedin.com/jobs/search/?keywords=AI+Strategy+Manager&location=Egypt&sortBy=DD,"Direct platform search for AI Strategy Manager in Egypt. Sort by newest on the platform and verify employer, date, location eligibility and application route."
search-000452,Live Search,live_search,AI Strategy Manager,Indeed,Indeed,IT Strategy & Governance,IT Strategy & Governance,,Egypt,Egypt,Egypt,Live Search,,,2026-07-20,Live search,Indeed,B,Recognized job platform,Platform,64,Medium,,https://eg.indeed.com/jobs?q=AI+Strategy+Manager&l=Egypt&sort=date,"Direct platform search for AI Strategy Manager in Egypt. Sort by newest on the platform and verify employer, date, location eligibility and application route."
search-000455,Live Search,live_search,AI Strategy Manager,Careerjet,Careerjet,IT Strategy & Governance,IT Strategy & Governance,,Egypt,Egypt,Egypt,Live Search,,,2026-07-20,Live search,Careerjet,C,Aggregator,Aggregator,64,Medium,,https://www.careerjet.com/search/jobs?s=AI+Strategy+Manager&l=Egypt,"Direct platform search for AI Strategy Manager in Egypt. Sort by newest on the platform and verify employer, date, location eligibility and application route."
search-000456,Live Search,live_search,AI Strategy Manager,Talent.com,Talent.com,IT Strategy & Governance,IT Strategy & Governance,,Egypt,Egypt,Egypt,Live Search,,,2026-07-20,Live search,Talent.com,C,Aggregator,Aggregator,64,Medium,,https://www.talent.com/jobs?k=AI+Strategy+Manager&l=Egypt,"Direct platform search for AI Strategy Manager in Egypt. Sort by newest on the platform and verify employer, date, location eligibility and application route."
search-000457,Live Search,live_search,AI Strategy Manager,Adzuna,Adzuna,IT Strategy & Governance,IT Strategy & Governance,,Egypt,Egypt,Egypt,Live Search,,,2026-07-20,Live search,Adzuna,C,Aggregator,Aggregator,64,Medium,,https://www.adzuna.com/search?q=AI+Strategy+Manager&loc=Egypt,"Direct platform search for AI Strategy Manager in Egypt. Sort by newest on the platform and verify employer, date, location eligibility and application route."
search-000461,Live Search,live_search,AI Strategy Manager,Bayt,Bayt,IT Strategy & Governance,IT Strategy & Governance,,Egypt,Egypt,Egypt,Live Search,,,2026-07-20,Live search,Bayt,B,Recognized job platform,Platform,64,Medium,,https://www.bayt.com/en/egypt/jobs/ai-strategy-manager-jobs/,"Direct platform search for AI Strategy Manager in Egypt. Sort by newest on the platform and verify employer, date, location eligibility and application route."
search-000464,Live Search,live_search,AI Strategy Manager,WUZZUF,WUZZUF,IT Strategy & Governance,IT Strategy & Governance,,Egypt,Egypt,Egypt,Live Search,,,2026-07-20,Live search,WUZZUF,B,Recognized job platform,Platform,64,Medium,,https://wuzzuf.net/search/jobs/?q=AI+Strategy+Manager&a=navbl,"Direct platform search for AI Strategy Manager in Egypt. Sort by newest on the platform and verify employer, date, location eligibility and application route."
search-000466,Live Search,live_search,AI Solutions Architect,LinkedIn,LinkedIn,Solution Architecture,Solution Architecture,,Egypt,Egypt,Egypt,Live Search,,,2026-07-20,Live search,LinkedIn,B,Recognized job platform,Platform,64,Medium,,https://www.linkedin.com/jobs/search/?keywords=AI+Solutions+Architect&location=Egypt&sortBy=DD,"Direct platform search for AI Solutions Architect in Egypt. Sort by newest on the platform and verify employer, date, location eligibility and application route."
search-000467,Live Search,live_search,AI Solutions Architect,Indeed,Indeed,Solution Architecture,Solution Architecture,,Egypt,Egypt,Egypt,Live Search,,,2026-07-20,Live search,Indeed,B,Recognized job platform,Platform,64,Medium,,https://eg.indeed.com/jobs?q=AI+Solutions+Architect&l=Egypt&sort=date,"Direct platform search for AI Solutions Architect in Egypt. Sort by newest on the platform and verify employer, date, location eligibility and application route."
search-000470,Live Search,live_search,AI Solutions Architect,Careerjet,Careerjet,Solution Architecture,Solution Architecture,,Egypt,Egypt,Egypt,Live Search,,,2026-07-20,Live search,Careerjet,C,Aggregator,Aggregator,64,Medium,,https://www.careerjet.com/search/jobs?s=AI+Solutions+Architect&l=Egypt,"Direct platform search for AI Solutions Architect in Egypt. Sort by newest on the platform and verify employer, date, location eligibility and application route."
search-000471,Live Search,live_search,AI Solutions Architect,Talent.com,Talent.com,Solution Architecture,Solution Architecture,,Egypt,Egypt,Egypt,Live Search,,,2026-07-20,Live search,Talent.com,C,Aggregator,Aggregator,64,Medium,,https://www.talent.com/jobs?k=AI+Solutions+Architect&l=Egypt,"Direct platform search for AI Solutions Architect in Egypt. Sort by newest on the platform and verify employer, date, location eligibility and application route."
search-000472,Live Search,live_search,AI Solutions Architect,Adzuna,Adzuna,Solution Architecture,Solution Architecture,,Egypt,Egypt,Egypt,Live Search,,,2026-07-20,Live search,Adzuna,C,Aggregator,Aggregator,64,Medium,,https://www.adzuna.com/search?q=AI+Solutions+Architect&loc=Egypt,"Direct platform search for AI Solutions Architect in Egypt. Sort by newest on the platform and verify employer, date, location eligibility and application route."
search-000476,Live Search,live_search,AI Solutions Architect,Bayt,Bayt,Solution Architecture,Solution Architecture,,Egypt,Egypt,Egypt,Live Search,,,2026-07-20,Live search,Bayt,B,Recognized job platform,Platform,64,Medium,,https://www.bayt.com/en/egypt/jobs/ai-solutions-architect-jobs/,"Direct platform search for AI Solutions Architect in Egypt. Sort by newest on the platform and verify employer, date, location eligibility and application route."
search-000479,Live Search,live_search,AI Solutions Architect,WUZZUF,WUZZUF,Solution Architecture,Solution Architecture,,Egypt,Egypt,Egypt,Live Search,,,2026-07-20,Live search,WUZZUF,B,Recognized job platform,Platform,64,Medium,,https://wuzzuf.net/search/jobs/?q=AI+Solutions+Architect&a=navbl,"Direct platform search for AI Solutions Architect in Egypt. Sort by newest on the platform and verify employer, date, location eligibility and application route."
search-000481,Live Search,live_search,Technical Program Manager,LinkedIn,LinkedIn,Programme & Delivery,Programme & Delivery,,Egypt,Egypt,Egypt,Live Search,,,2026-07-20,Live search,LinkedIn,B,Recognized job platform,Platform,65,Medium,,https://www.linkedin.com/jobs/search/?keywords=Technical+Program+Manager&location=Egypt&sortBy=DD,"Direct platform search for Technical Program Manager in Egypt. Sort by newest on the platform and verify employer, date, location eligibility and application route."
search-000482,Live Search,live_search,Technical Program Manager,Indeed,Indeed,Programme & Delivery,Programme & Delivery,,Egypt,Egypt,Egypt,Live Search,,,2026-07-20,Live search,Indeed,B,Recognized job platform,Platform,65,Medium,,https://eg.indeed.com/jobs?q=Technical+Program+Manager&l=Egypt&sort=date,"Direct platform search for Technical Program Manager in Egypt. Sort by newest on the platform and verify employer, date, location eligibility and application route."
search-000485,Live Search,live_search,Technical Program Manager,Careerjet,Careerjet,Programme & Delivery,Programme & Delivery,,Egypt,Egypt,Egypt,Live Search,,,2026-07-20,Live search,Careerjet,C,Aggregator,Aggregator,65,Medium,,https://www.careerjet.com/search/jobs?s=Technical+Program+Manager&l=Egypt,"Direct platform search for Technical Program Manager in Egypt. Sort by newest on the platform and verify employer, date, location eligibility and application route."
search-000486,Live Search,live_search,Technical Program Manager,Talent.com,Talent.com,Programme & Delivery,Programme & Delivery,,Egypt,Egypt,Egypt,Live Search,,,2026-07-20,Live search,Talent.com,C,Aggregator,Aggregator,65,Medium,,https://www.talent.com/jobs?k=Technical+Program+Manager&l=Egypt,"Direct platform search for Technical Program Manager in Egypt. Sort by newest on the platform and verify employer, date, location eligibility and application route."
search-000487,Live Search,live_search,Technical Program Manager,Adzuna,Adzuna,Programme & Delivery,Programme & Delivery,,Egypt,Egypt,Egypt,Live Search,,,2026-07-20,Live search,Adzuna,C,Aggregator,Aggregator,65,Medium,,https://www.adzuna.com/search?q=Technical+Program+Manager&loc=Egypt,"Direct platform search for Technical Program Manager in Egypt. Sort by newest on the platform and verify employer, date, location eligibility and application route."
search-000491,Live Search,live_search,Technical Program Manager,Bayt,Bayt,Programme & Delivery,Programme & Delivery,,Egypt,Egypt,Egypt,Live Search,,,2026-07-20,Live search,Bayt,B,Recognized job platform,Platform,65,Medium,,https://www.bayt.com/en/egypt/jobs/technical-program-manager-jobs/,"Direct platform search for Technical Program Manager in Egypt. Sort by newest on the platform and verify employer, date, location eligibility and application route."
search-000494,Live Search,live_search,Technical Program Manager,WUZZUF,WUZZUF,Programme & Delivery,Programme & Delivery,,Egypt,Egypt,Egypt,Live Search,,,2026-07-20,Live search,WUZZUF,B,Recognized job platform,Platform,65,Medium,,https://wuzzuf.net/search/jobs/?q=Technical+Program+Manager&a=navbl,"Direct platform search for Technical Program Manager in Egypt. Sort by newest on the platform and verify employer, date, location eligibility and application route."
search-000496,Live Search,live_search,IT Program Manager,LinkedIn,LinkedIn,Programme & Delivery,Programme & Delivery,,Egypt,Egypt,Egypt,Live Search,,,2026-07-20,Live search,LinkedIn,B,Recognized job platform,Platform,62,Medium,,https://www.linkedin.com/jobs/search/?keywords=IT+Program+Manager&location=Egypt&sortBy=DD,"Direct platform search for IT Program Manager in Egypt. Sort by newest on the platform and verify employer, date, location eligibility and application route."
search-000497,Live Search,live_search,IT Program Manager,Indeed,Indeed,Programme & Delivery,Programme & Delivery,,Egypt,Egypt,Egypt,Live Search,,,2026-07-20,Live search,Indeed,B,Recognized job platform,Platform,62,Medium,,https://eg.indeed.com/jobs?q=IT+Program+Manager&l=Egypt&sort=date,"Direct platform search for IT Program Manager in Egypt. Sort by newest on the platform and verify employer, date, location eligibility and application route."
search-000500,Live Search,live_search,IT Program Manager,Careerjet,Careerjet,Programme & Delivery,Programme & Delivery,,Egypt,Egypt,Egypt,Live Search,,,2026-07-20,Live search,Careerjet,C,Aggregator,Aggregator,62,Medium,,https://www.careerjet.com/search/jobs?s=IT+Program+Manager&l=Egypt,"Direct platform search for IT Program Manager in Egypt. Sort by newest on the platform and verify employer, date, location eligibility and application route."
search-000501,Live Search,live_search,IT Program Manager,Talent.com,Talent.com,Programme & Delivery,Programme & Delivery,,Egypt,Egypt,Egypt,Live Search,,,2026-07-20,Live search,Talent.com,C,Aggregator,Aggregator,62,Medium,,https://www.talent.com/jobs?k=IT+Program+Manager&l=Egypt,"Direct platform search for IT Program Manager in Egypt. Sort by newest on the platform and verify employer, date, location eligibility and application route."
search-000502,Live Search,live_search,IT Program Manager,Adzuna,Adzuna,Programme & Delivery,Programme & Delivery,,Egypt,Egypt,Egypt,Live Search,,,2026-07-20,Live search,Adzuna,C,Aggregator,Aggregator,62,Medium,,https://www.adzuna.com/search?q=IT+Program+Manager&loc=Egypt,"Direct platform search for IT Program Manager in Egypt. Sort by newest on the platform and verify employer, date, location eligibility and application route."
search-000506,Live Search,live_search,IT Program Manager,Bayt,Bayt,Programme & Delivery,Programme & Delivery,,Egypt,Egypt,Egypt,Live Search,,,2026-07-20,Live search,Bayt,B,Recognized job platform,Platform,62,Medium,,https://www.bayt.com/en/egypt/jobs/it-program-manager-jobs/,"Direct platform search for IT Program Manager in Egypt. Sort by newest on the platform and verify employer, date, location eligibility and application route."
search-000509,Live Search,live_search,IT Program Manager,WUZZUF,WUZZUF,Programme & Delivery,Programme & Delivery,,Egypt,Egypt,Egypt,Live Search,,,2026-07-20,Live search,WUZZUF,B,Recognized job platform,Platform,62,Medium,,https://wuzzuf.net/search/jobs/?q=IT+Program+Manager&a=navbl,"Direct platform search for IT Program Manager in Egypt. Sort by newest on the platform and verify employer, date, location eligibility and application route."
search-000511,Live Search,live_search,PMO Director,LinkedIn,LinkedIn,Technology Leadership,Technology Leadership,,Egypt,Egypt,Egypt,Live Search,,,2026-07-20,Live search,LinkedIn,B,Recognized job platform,Platform,62,Medium,,https://www.linkedin.com/jobs/search/?keywords=PMO+Director&location=Egypt&sortBy=DD,"Direct platform search for PMO Director in Egypt. Sort by newest on the platform and verify employer, date, location eligibility and application route."
search-000512,Live Search,live_search,PMO Director,Indeed,Indeed,Technology Leadership,Technology Leadership,,Egypt,Egypt,Egypt,Live Search,,,2026-07-20,Live search,Indeed,B,Recognized job platform,Platform,62,Medium,,https://eg.indeed.com/jobs?q=PMO+Director&l=Egypt&sort=date,"Direct platform search for PMO Director in Egypt. Sort by newest on the platform and verify employer, date, location eligibility and application route."
search-000515,Live Search,live_search,PMO Director,Careerjet,Careerjet,Technology Leadership,Technology Leadership,,Egypt,Egypt,Egypt,Live Search,,,2026-07-20,Live search,Careerjet,C,Aggregator,Aggregator,62,Medium,,https://www.careerjet.com/search/jobs?s=PMO+Director&l=Egypt,"Direct platform search for PMO Director in Egypt. Sort by newest on the platform and verify employer, date, location eligibility and application route."
search-000516,Live Search,live_search,PMO Director,Talent.com,Talent.com,Technology Leadership,Technology Leadership,,Egypt,Egypt,Egypt,Live Search,,,2026-07-20,Live search,Talent.com,C,Aggregator,Aggregator,62,Medium,,https://www.talent.com/jobs?k=PMO+Director&l=Egypt,"Direct platform search for PMO Director in Egypt. Sort by newest on the platform and verify employer, date, location eligibility and application route."
search-000517,Live Search,live_search,PMO Director,Adzuna,Adzuna,Technology Leadership,Technology Leadership,,Egypt,Egypt,Egypt,Live Search,,,2026-07-20,Live search,Adzuna,C,Aggregator,Aggregator,62,Medium,,https://www.adzuna.com/search?q=PMO+Director&loc=Egypt,"Direct platform search for PMO Director in Egypt. Sort by newest on the platform and verify employer, date, location eligibility and application route."
search-000521,Live Search,live_search,PMO Director,Bayt,Bayt,Technology Leadership,Technology Leadership,,Egypt,Egypt,Egypt,Live Search,,,2026-07-20,Live search,Bayt,B,Recognized job platform,Platform,62,Medium,,https://www.bayt.com/en/egypt/jobs/pmo-director-jobs/,"Direct platform search for PMO Director in Egypt. Sort by newest on the platform and verify employer, date, location eligibility and application route."
search-000524,Live Search,live_search,PMO Director,WUZZUF,WUZZUF,Technology Leadership,Technology Leadership,,Egypt,Egypt,Egypt,Live Search,,,2026-07-20,Live search,WUZZUF,B,Recognized job platform,Platform,62,Medium,,https://wuzzuf.net/search/jobs/?q=PMO+Director&a=navbl,"Direct platform search for PMO Director in Egypt. Sort by newest on the platform and verify employer, date, location eligibility and application route."
search-000526,Live Search,live_search,Technology Delivery Manager,LinkedIn,LinkedIn,Programme & Delivery,Programme & Delivery,,Egypt,Egypt,Egypt,Live Search,,,2026-07-20,Live search,LinkedIn,B,Recognized job platform,Platform,62,Medium,,https://www.linkedin.com/jobs/search/?keywords=Technology+Delivery+Manager&location=Egypt&sortBy=DD,"Direct platform search for Technology Delivery Manager in Egypt. Sort by newest on the platform and verify employer, date, location eligibility and application route."
search-000527,Live Search,live_search,Technology Delivery Manager,Indeed,Indeed,Programme & Delivery,Programme & Delivery,,Egypt,Egypt,Egypt,Live Search,,,2026-07-20,Live search,Indeed,B,Recognized job platform,Platform,62,Medium,,https://eg.indeed.com/jobs?q=Technology+Delivery+Manager&l=Egypt&sort=date,"Direct platform search for Technology Delivery Manager in Egypt. Sort by newest on the platform and verify employer, date, location eligibility and application route."
search-000530,Live Search,live_search,Technology Delivery Manager,Careerjet,Careerjet,Programme & Delivery,Programme & Delivery,,Egypt,Egypt,Egypt,Live Search,,,2026-07-20,Live search,Careerjet,C,Aggregator,Aggregator,62,Medium,,https://www.careerjet.com/search/jobs?s=Technology+Delivery+Manager&l=Egypt,"Direct platform search for Technology Delivery Manager in Egypt. Sort by newest on the platform and verify employer, date, location eligibility and application route."
search-000531,Live Search,live_search,Technology Delivery Manager,Talent.com,Talent.com,Programme & Delivery,Programme & Delivery,,Egypt,Egypt,Egypt,Live Search,,,2026-07-20,Live search,Talent.com,C,Aggregator,Aggregator,62,Medium,,https://www.talent.com/jobs?k=Technology+Delivery+Manager&l=Egypt,"Direct platform search for Technology Delivery Manager in Egypt. Sort by newest on the platform and verify employer, date, location eligibility and application route."
search-000532,Live Search,live_search,Technology Delivery Manager,Adzuna,Adzuna,Programme & Delivery,Programme & Delivery,,Egypt,Egypt,Egypt,Live Search,,,2026-07-20,Live search,Adzuna,C,Aggregator,Aggregator,62,Medium,,https://www.adzuna.com/search?q=Technology+Delivery+Manager&loc=Egypt,"Direct platform search for Technology Delivery Manager in Egypt. Sort by newest on the platform and verify employer, date, location eligibility and application route."
search-000536,Live Search,live_search,Technology Delivery Manager,Bayt,Bayt,Programme & Delivery,Programme & Delivery,,Egypt,Egypt,Egypt,Live Search,,,2026-07-20,Live search,Bayt,B,Recognized job platform,Platform,62,Medium,,https://www.bayt.com/en/egypt/jobs/technology-delivery-manager-jobs/,"Direct platform search for Technology Delivery Manager in Egypt. Sort by newest on the platform and verify employer, date, location eligibility and application route."
search-000539,Live Search,live_search,Technology Delivery Manager,WUZZUF,WUZZUF,Programme & Delivery,Programme & Delivery,,Egypt,Egypt,Egypt,Live Search,,,2026-07-20,Live search,WUZZUF,B,Recognized job platform,Platform,62,Medium,,https://wuzzuf.net/search/jobs/?q=Technology+Delivery+Manager&a=navbl,"Direct platform search for Technology Delivery Manager in Egypt. Sort by newest on the platform and verify employer, date, location eligibility and application route."
search-000541,Live Search,live_search,Systems Manager,LinkedIn,LinkedIn,IT Operations,IT Operations,,Egypt,Egypt,Egypt,Live Search,,,2026-07-20,Live search,LinkedIn,B,Recognized job platform,Platform,62,Medium,,https://www.linkedin.com/jobs/search/?keywords=Systems+Manager&location=Egypt&sortBy=DD,"Direct platform search for Systems Manager in Egypt. Sort by newest on the platform and verify employer, date, location eligibility and application route."
search-000542,Live Search,live_search,Systems Manager,Indeed,Indeed,IT Operations,IT Operations,,Egypt,Egypt,Egypt,Live Search,,,2026-07-20,Live search,Indeed,B,Recognized job platform,Platform,62,Medium,,https://eg.indeed.com/jobs?q=Systems+Manager&l=Egypt&sort=date,"Direct platform search for Systems Manager in Egypt. Sort by newest on the platform and verify employer, date, location eligibility and application route."
search-000545,Live Search,live_search,Systems Manager,Careerjet,Careerjet,IT Operations,IT Operations,,Egypt,Egypt,Egypt,Live Search,,,2026-07-20,Live search,Careerjet,C,Aggregator,Aggregator,62,Medium,,https://www.careerjet.com/search/jobs?s=Systems+Manager&l=Egypt,"Direct platform search for Systems Manager in Egypt. Sort by newest on the platform and verify employer, date, location eligibility and application route."
search-000546,Live Search,live_search,Systems Manager,Talent.com,Talent.com,IT Operations,IT Operations,,Egypt,Egypt,Egypt,Live Search,,,2026-07-20,Live search,Talent.com,C,Aggregator,Aggregator,62,Medium,,https://www.talent.com/jobs?k=Systems+Manager&l=Egypt,"Direct platform search for Systems Manager in Egypt. Sort by newest on the platform and verify employer, date, location eligibility and application route."
search-000547,Live Search,live_search,Systems Manager,Adzuna,Adzuna,IT Operations,IT Operations,,Egypt,Egypt,Egypt,Live Search,,,2026-07-20,Live search,Adzuna,C,Aggregator,Aggregator,62,Medium,,https://www.adzuna.com/search?q=Systems+Manager&loc=Egypt,"Direct platform search for Systems Manager in Egypt. Sort by newest on the platform and verify employer, date, location eligibility and application route."
search-000551,Live Search,live_search,Systems Manager,Bayt,Bayt,IT Operations,IT Operations,,Egypt,Egypt,Egypt,Live Search,,,2026-07-20,Live search,Bayt,B,Recognized job platform,Platform,62,Medium,,https://www.bayt.com/en/egypt/jobs/systems-manager-jobs/,"Direct platform search for Systems Manager in Egypt. Sort by newest on the platform and verify employer, date, location eligibility and application route."
search-000554,Live Search,live_search,Systems Manager,WUZZUF,WUZZUF,IT Operations,IT Operations,,Egypt,Egypt,Egypt,Live Search,,,2026-07-20,Live search,WUZZUF,B,Recognized job platform,Platform,62,Medium,,https://wuzzuf.net/search/jobs/?q=Systems+Manager&a=navbl,"Direct platform search for Systems Manager in Egypt. Sort by newest on the platform and verify employer, date, location eligibility and application route."
search-000556,Live Search,live_search,Infrastructure Manager,LinkedIn,LinkedIn,Technology & Digital,Technology & Digital,,Egypt,Egypt,Egypt,Live Search,,,2026-07-20,Live search,LinkedIn,B,Recognized job platform,Platform,58,Low,,https://www.linkedin.com/jobs/search/?keywords=Infrastructure+Manager&location=Egypt&sortBy=DD,"Direct platform search for Infrastructure Manager in Egypt. Sort by newest on the platform and verify employer, date, location eligibility and application route."
search-000557,Live Search,live_search,Infrastructure Manager,Indeed,Indeed,Technology & Digital,Technology & Digital,,Egypt,Egypt,Egypt,Live Search,,,2026-07-20,Live search,Indeed,B,Recognized job platform,Platform,58,Low,,https://eg.indeed.com/jobs?q=Infrastructure+Manager&l=Egypt&sort=date,"Direct platform search for Infrastructure Manager in Egypt. Sort by newest on the platform and verify employer, date, location eligibility and application route."
search-000560,Live Search,live_search,Infrastructure Manager,Careerjet,Careerjet,Technology & Digital,Technology & Digital,,Egypt,Egypt,Egypt,Live Search,,,2026-07-20,Live search,Careerjet,C,Aggregator,Aggregator,58,Low,,https://www.careerjet.com/search/jobs?s=Infrastructure+Manager&l=Egypt,"Direct platform search for Infrastructure Manager in Egypt. Sort by newest on the platform and verify employer, date, location eligibility and application route."
search-000561,Live Search,live_search,Infrastructure Manager,Talent.com,Talent.com,Technology & Digital,Technology & Digital,,Egypt,Egypt,Egypt,Live Search,,,2026-07-20,Live search,Talent.com,C,Aggregator,Aggregator,58,Low,,https://www.talent.com/jobs?k=Infrastructure+Manager&l=Egypt,"Direct platform search for Infrastructure Manager in Egypt. Sort by newest on the platform and verify employer, date, location eligibility and application route."
search-000562,Live Search,live_search,Infrastructure Manager,Adzuna,Adzuna,Technology & Digital,Technology & Digital,,Egypt,Egypt,Egypt,Live Search,,,2026-07-20,Live search,Adzuna,C,Aggregator,Aggregator,58,Low,,https://www.adzuna.com/search?q=Infrastructure+Manager&loc=Egypt,"Direct platform search for Infrastructure Manager in Egypt. Sort by newest on the platform and verify employer, date, location eligibility and application route."
search-000566,Live Search,live_search,Infrastructure Manager,Bayt,Bayt,Technology & Digital,Technology & Digital,,Egypt,Egypt,Egypt,Live Search,,,2026-07-20,Live search,Bayt,B,Recognized job platform,Platform,58,Low,,https://www.bayt.com/en/egypt/jobs/infrastructure-manager-jobs/,"Direct platform search for Infrastructure Manager in Egypt. Sort by newest on the platform and verify employer, date, location eligibility and application route."
search-000569,Live Search,live_search,Infrastructure Manager,WUZZUF,WUZZUF,Technology & Digital,Technology & Digital,,Egypt,Egypt,Egypt,Live Search,,,2026-07-20,Live search,WUZZUF,B,Recognized job platform,Platform,58,Low,,https://wuzzuf.net/search/jobs/?q=Infrastructure+Manager&a=navbl,"Direct platform search for Infrastructure Manager in Egypt. Sort by newest on the platform and verify employer, date, location eligibility and application route."
search-000571,Live Search,live_search,IT Operations Manager,LinkedIn,LinkedIn,IT Operations,IT Operations,,Egypt,Egypt,Egypt,Live Search,,,2026-07-20,Live search,LinkedIn,B,Recognized job platform,Platform,58,Low,,https://www.linkedin.com/jobs/search/?keywords=IT+Operations+Manager&location=Egypt&sortBy=DD,"Direct platform search for IT Operations Manager in Egypt. Sort by newest on the platform and verify employer, date, location eligibility and application route."
search-000572,Live Search,live_search,IT Operations Manager,Indeed,Indeed,IT Operations,IT Operations,,Egypt,Egypt,Egypt,Live Search,,,2026-07-20,Live search,Indeed,B,Recognized job platform,Platform,58,Low,,https://eg.indeed.com/jobs?q=IT+Operations+Manager&l=Egypt&sort=date,"Direct platform search for IT Operations Manager in Egypt. Sort by newest on the platform and verify employer, date, location eligibility and application route."
search-000575,Live Search,live_search,IT Operations Manager,Careerjet,Careerjet,IT Operations,IT Operations,,Egypt,Egypt,Egypt,Live Search,,,2026-07-20,Live search,Careerjet,C,Aggregator,Aggregator,58,Low,,https://www.careerjet.com/search/jobs?s=IT+Operations+Manager&l=Egypt,"Direct platform search for IT Operations Manager in Egypt. Sort by newest on the platform and verify employer, date, location eligibility and application route."
search-000576,Live Search,live_search,IT Operations Manager,Talent.com,Talent.com,IT Operations,IT Operations,,Egypt,Egypt,Egypt,Live Search,,,2026-07-20,Live search,Talent.com,C,Aggregator,Aggregator,58,Low,,https://www.talent.com/jobs?k=IT+Operations+Manager&l=Egypt,"Direct platform search for IT Operations Manager in Egypt. Sort by newest on the platform and verify employer, date, location eligibility and application route."
search-000577,Live Search,live_search,IT Operations Manager,Adzuna,Adzuna,IT Operations,IT Operations,,Egypt,Egypt,Egypt,Live Search,,,2026-07-20,Live search,Adzuna,C,Aggregator,Aggregator,58,Low,,https://www.adzuna.com/search?q=IT+Operations+Manager&loc=Egypt,"Direct platform search for IT Operations Manager in Egypt. Sort by newest on the platform and verify employer, date, location eligibility and application route."
search-000581,Live Search,live_search,IT Operations Manager,Bayt,Bayt,IT Operations,IT Operations,,Egypt,Egypt,Egypt,Live Search,,,2026-07-20,Live search,Bayt,B,Recognized job platform,Platform,58,Low,,https://www.bayt.com/en/egypt/jobs/it-operations-manager-jobs/,"Direct platform search for IT Operations Manager in Egypt. Sort by newest on the platform and verify employer, date, location eligibility and application route."
search-000584,Live Search,live_search,IT Operations Manager,WUZZUF,WUZZUF,IT Operations,IT Operations,,Egypt,Egypt,Egypt,Live Search,,,2026-07-20,Live search,WUZZUF,B,Recognized job platform,Platform,58,Low,,https://wuzzuf.net/search/jobs/?q=IT+Operations+Manager&a=navbl,"Direct platform search for IT Operations Manager in Egypt. Sort by newest on the platform and verify employer, date, location eligibility and application route."
search-000586,Live Search,live_search,Service Delivery Manager,LinkedIn,LinkedIn,Programme & Delivery,Programme & Delivery,,Egypt,Egypt,Egypt,Live Search,,,2026-07-20,Live search,LinkedIn,B,Recognized job platform,Platform,62,Medium,,https://www.linkedin.com/jobs/search/?keywords=Service+Delivery+Manager&location=Egypt&sortBy=DD,"Direct platform search for Service Delivery Manager in Egypt. Sort by newest on the platform and verify employer, date, location eligibility and application route."
search-000587,Live Search,live_search,Service Delivery Manager,Indeed,Indeed,Programme & Delivery,Programme & Delivery,,Egypt,Egypt,Egypt,Live Search,,,2026-07-20,Live search,Indeed,B,Recognized job platform,Platform,62,Medium,,https://eg.indeed.com/jobs?q=Service+Delivery+Manager&l=Egypt&sort=date,"Direct platform search for Service Delivery Manager in Egypt. Sort by newest on the platform and verify employer, date, location eligibility and application route."
search-000590,Live Search,live_search,Service Delivery Manager,Careerjet,Careerjet,Programme & Delivery,Programme & Delivery,,Egypt,Egypt,Egypt,Live Search,,,2026-07-20,Live search,Careerjet,C,Aggregator,Aggregator,62,Medium,,https://www.careerjet.com/search/jobs?s=Service+Delivery+Manager&l=Egypt,"Direct platform search for Service Delivery Manager in Egypt. Sort by newest on the platform and verify employer, date, location eligibility and application route."
search-000591,Live Search,live_search,Service Delivery Manager,Talent.com,Talent.com,Programme & Delivery,Programme & Delivery,,Egypt,Egypt,Egypt,Live Search,,,2026-07-20,Live search,Talent.com,C,Aggregator,Aggregator,62,Medium,,https://www.talent.com/jobs?k=Service+Delivery+Manager&l=Egypt,"Direct platform search for Service Delivery Manager in Egypt. Sort by newest on the platform and verify employer, date, location eligibility and application route."
search-000592,Live Search,live_search,Service Delivery Manager,Adzuna,Adzuna,Programme & Delivery,Programme & Delivery,,Egypt,Egypt,Egypt,Live Search,,,2026-07-20,Live search,Adzuna,C,Aggregator,Aggregator,62,Medium,,https://www.adzuna.com/search?q=Service+Delivery+Manager&loc=Egypt,"Direct platform search for Service Delivery Manager in Egypt. Sort by newest on the platform and verify employer, date, location eligibility and application route."
search-000596,Live Search,live_search,Service Delivery Manager,Bayt,Bayt,Programme & Delivery,Programme & Delivery,,Egypt,Egypt,Egypt,Live Search,,,2026-07-20,Live search,Bayt,B,Recognized job platform,Platform,62,Medium,,https://www.bayt.com/en/egypt/jobs/service-delivery-manager-jobs/,"Direct platform search for Service Delivery Manager in Egypt. Sort by newest on the platform and verify employer, date, location eligibility and application route."
search-000599,Live Search,live_search,Service Delivery Manager,WUZZUF,WUZZUF,Programme & Delivery,Programme & Delivery,,Egypt,Egypt,Egypt,Live Search,,,2026-07-20,Live search,WUZZUF,B,Recognized job platform,Platform,62,Medium,,https://wuzzuf.net/search/jobs/?q=Service+Delivery+Manager&a=navbl,"Direct platform search for Service Delivery Manager in Egypt. Sort by newest on the platform and verify employer, date, location eligibility and application route."
search-000601,Live Search,live_search,Solutions Engineering Manager,LinkedIn,LinkedIn,Solution Architecture,Solution Architecture,,Egypt,Egypt,Egypt,Live Search,,,2026-07-20,Live search,LinkedIn,B,Recognized job platform,Platform,64,Medium,,https://www.linkedin.com/jobs/search/?keywords=Solutions+Engineering+Manager&location=Egypt&sortBy=DD,"Direct platform search for Solutions Engineering Manager in Egypt. Sort by newest on the platform and verify employer, date, location eligibility and application route."
search-000602,Live Search,live_search,Solutions Engineering Manager,Indeed,Indeed,Solution Architecture,Solution Architecture,,Egypt,Egypt,Egypt,Live Search,,,2026-07-20,Live search,Indeed,B,Recognized job platform,Platform,64,Medium,,https://eg.indeed.com/jobs?q=Solutions+Engineering+Manager&l=Egypt&sort=date,"Direct platform search for Solutions Engineering Manager in Egypt. Sort by newest on the platform and verify employer, date, location eligibility and application route."
search-000605,Live Search,live_search,Solutions Engineering Manager,Careerjet,Careerjet,Solution Architecture,Solution Architecture,,Egypt,Egypt,Egypt,Live Search,,,2026-07-20,Live search,Careerjet,C,Aggregator,Aggregator,64,Medium,,https://www.careerjet.com/search/jobs?s=Solutions+Engineering+Manager&l=Egypt,"Direct platform search for Solutions Engineering Manager in Egypt. Sort by newest on the platform and verify employer, date, location eligibility and application route."
search-000606,Live Search,live_search,Solutions Engineering Manager,Talent.com,Talent.com,Solution Architecture,Solution Architecture,,Egypt,Egypt,Egypt,Live Search,,,2026-07-20,Live search,Talent.com,C,Aggregator,Aggregator,64,Medium,,https://www.talent.com/jobs?k=Solutions+Engineering+Manager&l=Egypt,"Direct platform search for Solutions Engineering Manager in Egypt. Sort by newest on the platform and verify employer, date, location eligibility and application route."
search-000607,Live Search,live_search,Solutions Engineering Manager,Adzuna,Adzuna,Solution Architecture,Solution Architecture,,Egypt,Egypt,Egypt,Live Search,,,2026-07-20,Live search,Adzuna,C,Aggregator,Aggregator,64,Medium,,https://www.adzuna.com/search?q=Solutions+Engineering+Manager&loc=Egypt,"Direct platform search for Solutions Engineering Manager in Egypt. Sort by newest on the platform and verify employer, date, location eligibility and application route."
search-000611,Live Search,live_search,Solutions Engineering Manager,Bayt,Bayt,Solution Architecture,Solution Architecture,,Egypt,Egypt,Egypt,Live Search,,,2026-07-20,Live search,Bayt,B,Recognized job platform,Platform,64,Medium,,https://www.bayt.com/en/egypt/jobs/solutions-engineering-manager-jobs/,"Direct platform search for Solutions Engineering Manager in Egypt. Sort by newest on the platform and verify employer, date, location eligibility and application route."
search-000614,Live Search,live_search,Solutions Engineering Manager,WUZZUF,WUZZUF,Solution Architecture,Solution Architecture,,Egypt,Egypt,Egypt,Live Search,,,2026-07-20,Live search,WUZZUF,B,Recognized job platform,Platform,64,Medium,,https://wuzzuf.net/search/jobs/?q=Solutions+Engineering+Manager&a=navbl,"Direct platform search for Solutions Engineering Manager in Egypt. Sort by newest on the platform and verify employer, date, location eligibility and application route."
search-000616,Live Search,live_search,Presales Solution Architect,LinkedIn,LinkedIn,Solution Architecture,Solution Architecture,,Egypt,Egypt,Egypt,Live Search,,,2026-07-20,Live search,LinkedIn,B,Recognized job platform,Platform,64,Medium,,https://www.linkedin.com/jobs/search/?keywords=Presales+Solution+Architect&location=Egypt&sortBy=DD,"Direct platform search for Presales Solution Architect in Egypt. Sort by newest on the platform and verify employer, date, location eligibility and application route."
search-000617,Live Search,live_search,Presales Solution Architect,Indeed,Indeed,Solution Architecture,Solution Architecture,,Egypt,Egypt,Egypt,Live Search,,,2026-07-20,Live search,Indeed,B,Recognized job platform,Platform,64,Medium,,https://eg.indeed.com/jobs?q=Presales+Solution+Architect&l=Egypt&sort=date,"Direct platform search for Presales Solution Architect in Egypt. Sort by newest on the platform and verify employer, date, location eligibility and application route."
search-000620,Live Search,live_search,Presales Solution Architect,Careerjet,Careerjet,Solution Architecture,Solution Architecture,,Egypt,Egypt,Egypt,Live Search,,,2026-07-20,Live search,Careerjet,C,Aggregator,Aggregator,64,Medium,,https://www.careerjet.com/search/jobs?s=Presales+Solution+Architect&l=Egypt,"Direct platform search for Presales Solution Architect in Egypt. Sort by newest on the platform and verify employer, date, location eligibility and application route."
search-000621,Live Search,live_search,Presales Solution Architect,Talent.com,Talent.com,Solution Architecture,Solution Architecture,,Egypt,Egypt,Egypt,Live Search,,,2026-07-20,Live search,Talent.com,C,Aggregator,Aggregator,64,Medium,,https://www.talent.com/jobs?k=Presales+Solution+Architect&l=Egypt,"Direct platform search for Presales Solution Architect in Egypt. Sort by newest on the platform and verify employer, date, location eligibility and application route."
search-000622,Live Search,live_search,Presales Solution Architect,Adzuna,Adzuna,Solution Architecture,Solution Architecture,,Egypt,Egypt,Egypt,Live Search,,,2026-07-20,Live search,Adzuna,C,Aggregator,Aggregator,64,Medium,,https://www.adzuna.com/search?q=Presales+Solution+Architect&loc=Egypt,"Direct platform search for Presales Solution Architect in Egypt. Sort by newest on the platform and verify employer, date, location eligibility and application route."
search-000626,Live Search,live_search,Presales Solution Architect,Bayt,Bayt,Solution Architecture,Solution Architecture,,Egypt,Egypt,Egypt,Live Search,,,2026-07-20,Live search,Bayt,B,Recognized job platform,Platform,64,Medium,,https://www.bayt.com/en/egypt/jobs/presales-solution-architect-jobs/,"Direct platform search for Presales Solution Architect in Egypt. Sort by newest on the platform and verify employer, date, location eligibility and application route."
search-000629,Live Search,live_search,Presales Solution Architect,WUZZUF,WUZZUF,Solution Architecture,Solution Architecture,,Egypt,Egypt,Egypt,Live Search,,,2026-07-20,Live search,WUZZUF,B,Recognized job platform,Platform,64,Medium,,https://wuzzuf.net/search/jobs/?q=Presales+Solution+Architect&a=navbl,"Direct platform search for Presales Solution Architect in Egypt. Sort by newest on the platform and verify employer, date, location eligibility and application route."
search-000631,Live Search,live_search,Business Transformation Manager,LinkedIn,LinkedIn,Digital Transformation,Digital Transformation,,Egypt,Egypt,Egypt,Live Search,,,2026-07-20,Live search,LinkedIn,B,Recognized job platform,Platform,62,Medium,,https://www.linkedin.com/jobs/search/?keywords=Business+Transformation+Manager&location=Egypt&sortBy=DD,"Direct platform search for Business Transformation Manager in Egypt. Sort by newest on the platform and verify employer, date, location eligibility and application route."
search-000632,Live Search,live_search,Business Transformation Manager,Indeed,Indeed,Digital Transformation,Digital Transformation,,Egypt,Egypt,Egypt,Live Search,,,2026-07-20,Live search,Indeed,B,Recognized job platform,Platform,62,Medium,,https://eg.indeed.com/jobs?q=Business+Transformation+Manager&l=Egypt&sort=date,"Direct platform search for Business Transformation Manager in Egypt. Sort by newest on the platform and verify employer, date, location eligibility and application route."
search-000635,Live Search,live_search,Business Transformation Manager,Careerjet,Careerjet,Digital Transformation,Digital Transformation,,Egypt,Egypt,Egypt,Live Search,,,2026-07-20,Live search,Careerjet,C,Aggregator,Aggregator,62,Medium,,https://www.careerjet.com/search/jobs?s=Business+Transformation+Manager&l=Egypt,"Direct platform search for Business Transformation Manager in Egypt. Sort by newest on the platform and verify employer, date, location eligibility and application route."
search-000636,Live Search,live_search,Business Transformation Manager,Talent.com,Talent.com,Digital Transformation,Digital Transformation,,Egypt,Egypt,Egypt,Live Search,,,2026-07-20,Live search,Talent.com,C,Aggregator,Aggregator,62,Medium,,https://www.talent.com/jobs?k=Business+Transformation+Manager&l=Egypt,"Direct platform search for Business Transformation Manager in Egypt. Sort by newest on the platform and verify employer, date, location eligibility and application route."
search-000637,Live Search,live_search,Business Transformation Manager,Adzuna,Adzuna,Digital Transformation,Digital Transformation,,Egypt,Egypt,Egypt,Live Search,,,2026-07-20,Live search,Adzuna,C,Aggregator,Aggregator,62,Medium,,https://www.adzuna.com/search?q=Business+Transformation+Manager&loc=Egypt,"Direct platform search for Business Transformation Manager in Egypt. Sort by newest on the platform and verify employer, date, location eligibility and application route."
search-000641,Live Search,live_search,Business Transformation Manager,Bayt,Bayt,Digital Transformation,Digital Transformation,,Egypt,Egypt,Egypt,Live Search,,,2026-07-20,Live search,Bayt,B,Recognized job platform,Platform,62,Medium,,https://www.bayt.com/en/egypt/jobs/business-transformation-manager-jobs/,"Direct platform search for Business Transformation Manager in Egypt. Sort by newest on the platform and verify employer, date, location eligibility and application route."
search-000644,Live Search,live_search,Business Transformation Manager,WUZZUF,WUZZUF,Digital Transformation,Digital Transformation,,Egypt,Egypt,Egypt,Live Search,,,2026-07-20,Live search,WUZZUF,B,Recognized job platform,Platform,62,Medium,,https://wuzzuf.net/search/jobs/?q=Business+Transformation+Manager&a=navbl,"Direct platform search for Business Transformation Manager in Egypt. Sort by newest on the platform and verify employer, date, location eligibility and application route."
search-000646,Live Search,live_search,Business Architect,LinkedIn,LinkedIn,Enterprise Architecture,Enterprise Architecture,,Egypt,Egypt,Egypt,Live Search,,,2026-07-20,Live search,LinkedIn,B,Recognized job platform,Platform,67,Medium,,https://www.linkedin.com/jobs/search/?keywords=Business+Architect&location=Egypt&sortBy=DD,"Direct platform search for Business Architect in Egypt. Sort by newest on the platform and verify employer, date, location eligibility and application route."
search-000647,Live Search,live_search,Business Architect,Indeed,Indeed,Enterprise Architecture,Enterprise Architecture,,Egypt,Egypt,Egypt,Live Search,,,2026-07-20,Live search,Indeed,B,Recognized job platform,Platform,67,Medium,,https://eg.indeed.com/jobs?q=Business+Architect&l=Egypt&sort=date,"Direct platform search for Business Architect in Egypt. Sort by newest on the platform and verify employer, date, location eligibility and application route."
search-000650,Live Search,live_search,Business Architect,Careerjet,Careerjet,Enterprise Architecture,Enterprise Architecture,,Egypt,Egypt,Egypt,Live Search,,,2026-07-20,Live search,Careerjet,C,Aggregator,Aggregator,67,Medium,,https://www.careerjet.com/search/jobs?s=Business+Architect&l=Egypt,"Direct platform search for Business Architect in Egypt. Sort by newest on the platform and verify employer, date, location eligibility and application route."
search-000651,Live Search,live_search,Business Architect,Talent.com,Talent.com,Enterprise Architecture,Enterprise Architecture,,Egypt,Egypt,Egypt,Live Search,,,2026-07-20,Live search,Talent.com,C,Aggregator,Aggregator,67,Medium,,https://www.talent.com/jobs?k=Business+Architect&l=Egypt,"Direct platform search for Business Architect in Egypt. Sort by newest on the platform and verify employer, date, location eligibility and application route."
search-000652,Live Search,live_search,Business Architect,Adzuna,Adzuna,Enterprise Architecture,Enterprise Architecture,,Egypt,Egypt,Egypt,Live Search,,,2026-07-20,Live search,Adzuna,C,Aggregator,Aggregator,67,Medium,,https://www.adzuna.com/search?q=Business+Architect&loc=Egypt,"Direct platform search for Business Architect in Egypt. Sort by newest on the platform and verify employer, date, location eligibility and application route."
search-000656,Live Search,live_search,Business Architect,Bayt,Bayt,Enterprise Architecture,Enterprise Architecture,,Egypt,Egypt,Egypt,Live Search,,,2026-07-20,Live search,Bayt,B,Recognized job platform,Platform,67,Medium,,https://www.bayt.com/en/egypt/jobs/business-architect-jobs/,"Direct platform search for Business Architect in Egypt. Sort by newest on the platform and verify employer, date, location eligibility and application route."
search-000659,Live Search,live_search,Business Architect,WUZZUF,WUZZUF,Enterprise Architecture,Enterprise Architecture,,Egypt,Egypt,Egypt,Live Search,,,2026-07-20,Live search,WUZZUF,B,Recognized job platform,Platform,67,Medium,,https://wuzzuf.net/search/jobs/?q=Business+Architect&a=navbl,"Direct platform search for Business Architect in Egypt. Sort by newest on the platform and verify employer, date, location eligibility and application route."
search-000661,Live Search,live_search,IT Portfolio Manager,LinkedIn,LinkedIn,IT Strategy & Governance,IT Strategy & Governance,,Egypt,Egypt,Egypt,Live Search,,,2026-07-20,Live search,LinkedIn,B,Recognized job platform,Platform,64,Medium,,https://www.linkedin.com/jobs/search/?keywords=IT+Portfolio+Manager&location=Egypt&sortBy=DD,"Direct platform search for IT Portfolio Manager in Egypt. Sort by newest on the platform and verify employer, date, location eligibility and application route."
search-000662,Live Search,live_search,IT Portfolio Manager,Indeed,Indeed,IT Strategy & Governance,IT Strategy & Governance,,Egypt,Egypt,Egypt,Live Search,,,2026-07-20,Live search,Indeed,B,Recognized job platform,Platform,64,Medium,,https://eg.indeed.com/jobs?q=IT+Portfolio+Manager&l=Egypt&sort=date,"Direct platform search for IT Portfolio Manager in Egypt. Sort by newest on the platform and verify employer, date, location eligibility and application route."
search-000665,Live Search,live_search,IT Portfolio Manager,Careerjet,Careerjet,IT Strategy & Governance,IT Strategy & Governance,,Egypt,Egypt,Egypt,Live Search,,,2026-07-20,Live search,Careerjet,C,Aggregator,Aggregator,64,Medium,,https://www.careerjet.com/search/jobs?s=IT+Portfolio+Manager&l=Egypt,"Direct platform search for IT Portfolio Manager in Egypt. Sort by newest on the platform and verify employer, date, location eligibility and application route."
search-000666,Live Search,live_search,IT Portfolio Manager,Talent.com,Talent.com,IT Strategy & Governance,IT Strategy & Governance,,Egypt,Egypt,Egypt,Live Search,,,2026-07-20,Live search,Talent.com,C,Aggregator,Aggregator,64,Medium,,https://www.talent.com/jobs?k=IT+Portfolio+Manager&l=Egypt,"Direct platform search for IT Portfolio Manager in Egypt. Sort by newest on the platform and verify employer, date, location eligibility and application route."
search-000667,Live Search,live_search,IT Portfolio Manager,Adzuna,Adzuna,IT Strategy & Governance,IT Strategy & Governance,,Egypt,Egypt,Egypt,Live Search,,,2026-07-20,Live search,Adzuna,C,Aggregator,Aggregator,64,Medium,,https://www.adzuna.com/search?q=IT+Portfolio+Manager&loc=Egypt,"Direct platform search for IT Portfolio Manager in Egypt. Sort by newest on the platform and verify employer, date, location eligibility and application route."
search-000671,Live Search,live_search,IT Portfolio Manager,Bayt,Bayt,IT Strategy & Governance,IT Strategy & Governance,,Egypt,Egypt,Egypt,Live Search,,,2026-07-20,Live search,Bayt,B,Recognized job platform,Platform,64,Medium,,https://www.bayt.com/en/egypt/jobs/it-portfolio-manager-jobs/,"Direct platform search for IT Portfolio Manager in Egypt. Sort by newest on the platform and verify employer, date, location eligibility and application route."
search-000674,Live Search,live_search,IT Portfolio Manager,WUZZUF,WUZZUF,IT Strategy & Governance,IT Strategy & Governance,,Egypt,Egypt,Egypt,Live Search,,,2026-07-20,Live search,WUZZUF,B,Recognized job platform,Platform,64,Medium,,https://wuzzuf.net/search/jobs/?q=IT+Portfolio+Manager&a=navbl,"Direct platform search for IT Portfolio Manager in Egypt. Sort by newest on the platform and verify employer, date, location eligibility and application route."
search-000676,Live Search,live_search,Product Director,LinkedIn,LinkedIn,Technology Leadership,Technology Leadership,,Egypt,Egypt,Egypt,Live Search,,,2026-07-20,Live search,LinkedIn,B,Recognized job platform,Platform,62,Medium,,https://www.linkedin.com/jobs/search/?keywords=Product+Director&location=Egypt&sortBy=DD,"Direct platform search for Product Director in Egypt. Sort by newest on the platform and verify employer, date, location eligibility and application route."
search-000677,Live Search,live_search,Product Director,Indeed,Indeed,Technology Leadership,Technology Leadership,,Egypt,Egypt,Egypt,Live Search,,,2026-07-20,Live search,Indeed,B,Recognized job platform,Platform,62,Medium,,https://eg.indeed.com/jobs?q=Product+Director&l=Egypt&sort=date,"Direct platform search for Product Director in Egypt. Sort by newest on the platform and verify employer, date, location eligibility and application route."
search-000680,Live Search,live_search,Product Director,Careerjet,Careerjet,Technology Leadership,Technology Leadership,,Egypt,Egypt,Egypt,Live Search,,,2026-07-20,Live search,Careerjet,C,Aggregator,Aggregator,62,Medium,,https://www.careerjet.com/search/jobs?s=Product+Director&l=Egypt,"Direct platform search for Product Director in Egypt. Sort by newest on the platform and verify employer, date, location eligibility and application route."
search-000681,Live Search,live_search,Product Director,Talent.com,Talent.com,Technology Leadership,Technology Leadership,,Egypt,Egypt,Egypt,Live Search,,,2026-07-20,Live search,Talent.com,C,Aggregator,Aggregator,62,Medium,,https://www.talent.com/jobs?k=Product+Director&l=Egypt,"Direct platform search for Product Director in Egypt. Sort by newest on the platform and verify employer, date, location eligibility and application route."
search-000682,Live Search,live_search,Product Director,Adzuna,Adzuna,Technology Leadership,Technology Leadership,,Egypt,Egypt,Egypt,Live Search,,,2026-07-20,Live search,Adzuna,C,Aggregator,Aggregator,62,Medium,,https://www.adzuna.com/search?q=Product+Director&loc=Egypt,"Direct platform search for Product Director in Egypt. Sort by newest on the platform and verify employer, date, location eligibility and application route."
search-000686,Live Search,live_search,Product Director,Bayt,Bayt,Technology Leadership,Technology Leadership,,Egypt,Egypt,Egypt,Live Search,,,2026-07-20,Live search,Bayt,B,Recognized job platform,Platform,62,Medium,,https://www.bayt.com/en/egypt/jobs/product-director-jobs/,"Direct platform search for Product Director in Egypt. Sort by newest on the platform and verify employer, date, location eligibility and application route."
search-000689,Live Search,live_search,Product Director,WUZZUF,WUZZUF,Technology Leadership,Technology Leadership,,Egypt,Egypt,Egypt,Live Search,,,2026-07-20,Live search,WUZZUF,B,Recognized job platform,Platform,62,Medium,,https://wuzzuf.net/search/jobs/?q=Product+Director&a=navbl,"Direct platform search for Product Director in Egypt. Sort by newest on the platform and verify employer, date, location eligibility and application route."
search-000691,Live Search,live_search,Digital Product Manager,LinkedIn,LinkedIn,Digital Product,Digital Product,,Egypt,Egypt,Egypt,Live Search,,,2026-07-20,Live search,LinkedIn,B,Recognized job platform,Platform,58,Low,,https://www.linkedin.com/jobs/search/?keywords=Digital+Product+Manager&location=Egypt&sortBy=DD,"Direct platform search for Digital Product Manager in Egypt. Sort by newest on the platform and verify employer, date, location eligibility and application route."
search-000692,Live Search,live_search,Digital Product Manager,Indeed,Indeed,Digital Product,Digital Product,,Egypt,Egypt,Egypt,Live Search,,,2026-07-20,Live search,Indeed,B,Recognized job platform,Platform,58,Low,,https://eg.indeed.com/jobs?q=Digital+Product+Manager&l=Egypt&sort=date,"Direct platform search for Digital Product Manager in Egypt. Sort by newest on the platform and verify employer, date, location eligibility and application route."
search-000695,Live Search,live_search,Digital Product Manager,Careerjet,Careerjet,Digital Product,Digital Product,,Egypt,Egypt,Egypt,Live Search,,,2026-07-20,Live search,Careerjet,C,Aggregator,Aggregator,58,Low,,https://www.careerjet.com/search/jobs?s=Digital+Product+Manager&l=Egypt,"Direct platform search for Digital Product Manager in Egypt. Sort by newest on the platform and verify employer, date, location eligibility and application route."
search-000696,Live Search,live_search,Digital Product Manager,Talent.com,Talent.com,Digital Product,Digital Product,,Egypt,Egypt,Egypt,Live Search,,,2026-07-20,Live search,Talent.com,C,Aggregator,Aggregator,58,Low,,https://www.talent.com/jobs?k=Digital+Product+Manager&l=Egypt,"Direct platform search for Digital Product Manager in Egypt. Sort by newest on the platform and verify employer, date, location eligibility and application route."
search-000697,Live Search,live_search,Digital Product Manager,Adzuna,Adzuna,Digital Product,Digital Product,,Egypt,Egypt,Egypt,Live Search,,,2026-07-20,Live search,Adzuna,C,Aggregator,Aggregator,58,Low,,https://www.adzuna.com/search?q=Digital+Product+Manager&loc=Egypt,"Direct platform search for Digital Product Manager in Egypt. Sort by newest on the platform and verify employer, date, location eligibility and application route."
search-000701,Live Search,live_search,Digital Product Manager,Bayt,Bayt,Digital Product,Digital Product,,Egypt,Egypt,Egypt,Live Search,,,2026-07-20,Live search,Bayt,B,Recognized job platform,Platform,58,Low,,https://www.bayt.com/en/egypt/jobs/digital-product-manager-jobs/,"Direct platform search for Digital Product Manager in Egypt. Sort by newest on the platform and verify employer, date, location eligibility and application route."
search-000704,Live Search,live_search,Digital Product Manager,WUZZUF,WUZZUF,Digital Product,Digital Product,,Egypt,Egypt,Egypt,Live Search,,,2026-07-20,Live search,WUZZUF,B,Recognized job platform,Platform,58,Low,,https://wuzzuf.net/search/jobs/?q=Digital+Product+Manager&a=navbl,"Direct platform search for Digital Product Manager in Egypt. Sort by newest on the platform and verify employer, date, location eligibility and application route."
