id,record_type,category,title,organization,subtitle,role_family,type,industry,region,country,location,availability_status,published_date,expiry_date,last_checked,posted_text,source,source_quality,source_quality_label,verification_level,match_score,fit,priority_tier,url,notes
job-01112,Official Vacancy,job,Information Systems - Open Source Technical Architect,Canonical,Canonical,Enterprise Architecture & Cloud Infrastructure,Enterprise Architecture & Cloud Infrastructure,Technology & Cloud,EMEA · Remote,EMEA,Home based - EMEA,Available,,,2026-07-24,Current official Canonical listing,Official employer,A,Official employer / primary source,Official,98,High,,https://canonical.com/careers/4551832,"High-alignment role covering internal private cloud architecture, infrastructure as code, DevOps/SRE leadership, automation, reliability, resilience, security, developer self-service and GitOps-oriented operating practices."
job-01585,Official Vacancy,job,Global Continuous Improvement & Governance Lead,Unilever,Unilever,Governance & Continuous Improvement,Governance & Continuous Improvement,Automotive & Mobility,Egypt,Egypt,6th of October City,Available,2026-07-22,,2026-07-24,Official listing,Official employer careers,A,Official employer / primary source,Official,88,High,,https://careers.unilever.com/en/Egypt,Current official Unilever Egypt listing focused on governance and continuous improvement. Verify details on the official career page.
job-01587,Official Vacancy,job,Category Manager - Terminal Procurement,A.P. Moller - Maersk,A.P. Moller - Maersk,Supply Chain & Procurement,Supply Chain & Procurement,Supply Chain & Logistics,GCC,United Arab Emirates,Dubai,Available,2026-07-09,,2026-07-24,Official listing,Official employer careers,A,Official employer / primary source,Official,82,High,,https://www.maersk.com/careers/vacancies/wd/Category-Manager--Terminal-Procurement_R187082/jt-category-manager-terminal-procurement,International sourcing and terminal procurement within a global integrated logistics group.
search-018442,Live Search,live_search,Digital Health Director,LinkedIn,LinkedIn,Healthcare IT & Digital Health,Healthcare IT & Digital Health,,Remote / Global,MENA,MENA,Live Search,,,2026-07-20,Live search,LinkedIn,B,Recognized job platform,Platform,70,Medium,,https://www.linkedin.com/jobs/search/?keywords=Digital+Health+Director&location=Worldwide&sortBy=DD,"Direct platform search for Digital Health Director in MENA. Sort by newest on the platform and verify employer, date, location eligibility and application route."
search-018443,Live Search,live_search,Digital Health Director,Indeed,Indeed,Healthcare IT & Digital Health,Healthcare IT & Digital Health,,Remote / Global,MENA,MENA,Live Search,,,2026-07-20,Live search,Indeed,B,Recognized job platform,Platform,70,Medium,,https://www.indeed.com/jobs?q=Digital+Health+Director&l=Worldwide&sort=date,"Direct platform search for Digital Health Director in MENA. Sort by newest on the platform and verify employer, date, location eligibility and application route."
search-018446,Live Search,live_search,Digital Health Director,Careerjet,Careerjet,Healthcare IT & Digital Health,Healthcare IT & Digital Health,,Remote / Global,MENA,MENA,Live Search,,,2026-07-20,Live search,Careerjet,C,Aggregator,Aggregator,70,Medium,,https://www.careerjet.com/search/jobs?s=Digital+Health+Director&l=Worldwide,"Direct platform search for Digital Health Director in MENA. Sort by newest on the platform and verify employer, date, location eligibility and application route."
search-018447,Live Search,live_search,Digital Health Director,Talent.com,Talent.com,Healthcare IT & Digital Health,Healthcare IT & Digital Health,,Remote / Global,MENA,MENA,Live Search,,,2026-07-20,Live search,Talent.com,C,Aggregator,Aggregator,70,Medium,,https://www.talent.com/jobs?k=Digital+Health+Director&l=Worldwide,"Direct platform search for Digital Health Director in MENA. Sort by newest on the platform and verify employer, date, location eligibility and application route."
search-018448,Live Search,live_search,Digital Health Director,Adzuna,Adzuna,Healthcare IT & Digital Health,Healthcare IT & Digital Health,,Remote / Global,MENA,MENA,Live Search,,,2026-07-20,Live search,Adzuna,C,Aggregator,Aggregator,70,Medium,,https://www.adzuna.com/search?q=Digital+Health+Director&loc=Worldwide,"Direct platform search for Digital Health Director in MENA. Sort by newest on the platform and verify employer, date, location eligibility and application route."
search-018450,Live Search,live_search,Digital Health Director,Remote OK,Remote OK,Healthcare IT & Digital Health,Healthcare IT & Digital Health,,Remote / Global,MENA,MENA,Live Search,,,2026-07-20,Live search,Remote OK,B,Direct organization or specialist source,Direct,70,Medium,,https://remoteok.com/remote-digital-health-director-jobs,"Direct platform search for Digital Health Director in MENA. Sort by newest on the platform and verify employer, date, location eligibility and application route."
search-018451,Live Search,live_search,Digital Health Director,We Work Remotely,We Work Remotely,Healthcare IT & Digital Health,Healthcare IT & Digital Health,,Remote / Global,MENA,MENA,Live Search,,,2026-07-20,Live search,We Work Remotely,B,Direct organization or specialist source,Direct,70,Medium,,https://weworkremotely.com/remote-jobs/search?term=Digital+Health+Director,"Direct platform search for Digital Health Director in MENA. Sort by newest on the platform and verify employer, date, location eligibility and application route."
search-018452,Live Search,live_search,Digital Health Director,Remotive,Remotive,Healthcare IT & Digital Health,Healthcare IT & Digital Health,,Remote / Global,MENA,MENA,Live Search,,,2026-07-20,Live search,Remotive,B,Direct organization or specialist source,Direct,70,Medium,,https://remotive.com/remote-jobs/search?search=Digital+Health+Director,"Direct platform search for Digital Health Director in MENA. Sort by newest on the platform and verify employer, date, location eligibility and application route."
search-018453,Live Search,live_search,Digital Health Director,Remote.co,Remote.co,Healthcare IT & Digital Health,Healthcare IT & Digital Health,,Remote / Global,MENA,MENA,Live Search,,,2026-07-20,Live search,Remote.co,B,Direct organization or specialist source,Direct,70,Medium,,https://remote.co/remote-jobs/search/?search_keywords=Digital+Health+Director,"Direct platform search for Digital Health Director in MENA. Sort by newest on the platform and verify employer, date, location eligibility and application route."
search-018455,Live Search,live_search,Digital Health Director,Working Nomads,Working Nomads,Healthcare IT & Digital Health,Healthcare IT & Digital Health,,Remote / Global,MENA,MENA,Live Search,,,2026-07-20,Live search,Working Nomads,B,Direct organization or specialist source,Direct,70,Medium,,https://www.workingnomads.com/remote-jobs?search=Digital+Health+Director,"Direct platform search for Digital Health Director in MENA. Sort by newest on the platform and verify employer, date, location eligibility and application route."
search-018458,Live Search,live_search,Digital Health Director,Himalayas,Himalayas,Healthcare IT & Digital Health,Healthcare IT & Digital Health,,Remote / Global,MENA,MENA,Live Search,,,2026-07-20,Live search,Himalayas,B,Direct organization or specialist source,Direct,70,Medium,,https://himalayas.app/jobs?search=Digital+Health+Director,"Direct platform search for Digital Health Director in MENA. Sort by newest on the platform and verify employer, date, location eligibility and application route."
search-018462,Live Search,live_search,Digital Health Director,ReliefWeb,ReliefWeb,Healthcare IT & Digital Health,Healthcare IT & Digital Health,,Remote / Global,MENA,MENA,Live Search,,,2026-07-20,Live search,ReliefWeb,A,Official / primary source,Official,70,Medium,,https://reliefweb.int/jobs?search=Digital+Health+Director,"Direct platform search for Digital Health Director in MENA. Sort by newest on the platform and verify employer, date, location eligibility and application route."
search-018464,Live Search,live_search,Digital Health Director,UNjobs,UNjobs,Healthcare IT & Digital Health,Healthcare IT & Digital Health,,Remote / Global,MENA,MENA,Live Search,,,2026-07-20,Live search,UNjobs,B,Direct organization or specialist source,Direct,70,Medium,,https://unjobs.org/search/Digital%20Health%20Director,"Direct platform search for Digital Health Director in MENA. Sort by newest on the platform and verify employer, date, location eligibility and application route."
search-018465,Live Search,live_search,Digital Health Director,Upwork,Upwork,Healthcare IT & Digital Health,Healthcare IT & Digital Health,,Remote / Global,MENA,MENA,Live Search,,,2026-07-20,Live search,Upwork,B,Direct organization or specialist source,Direct,70,Medium,,https://www.upwork.com/nx/search/jobs/?q=Digital+Health+Director,"Direct project search for Digital Health Director in MENA. Sort by newest on the platform and verify employer, date, location eligibility and application route."
search-018466,Live Search,live_search,Digital Health Director,Freelancer,Freelancer,Healthcare IT & Digital Health,Healthcare IT & Digital Health,,Remote / Global,MENA,MENA,Live Search,,,2026-07-20,Live search,Freelancer,B,Direct organization or specialist source,Direct,70,Medium,,https://www.freelancer.com/jobs/digital-health-director/,"Direct project search for Digital Health Director in MENA. Sort by newest on the platform and verify employer, date, location eligibility and application route."
search-018468,Live Search,live_search,Digital Health Director,Contra,Contra,Healthcare IT & Digital Health,Healthcare IT & Digital Health,,Remote / Global,MENA,MENA,Live Search,,,2026-07-20,Live search,Contra,B,Direct organization or specialist source,Direct,70,Medium,,https://contra.com/opportunities?query=Digital+Health+Director,"Direct project search for Digital Health Director in MENA. Sort by newest on the platform and verify employer, date, location eligibility and application route."
job-00709,Verified Vacancy,job,"Enterprise Architect, Data Integration and BI",Myers-Holum,Myers-Holum,Enterprise Architecture,Enterprise Architecture,Technology & Consulting,Remote / Global,Worldwide,Remote / location dependent,Available,,,2026-07-20,Current Greenhouse listing,Greenhouse,A,Official / primary source,Official,70,Medium,,https://job-boards.greenhouse.io/mhi/jobs/6571212003,"Verify eligibility, deadline and work authorization on the linked source before applying."
search-018415,Live Search,live_search,Health Informatics Director,LinkedIn,LinkedIn,Healthcare IT & Digital Health,Healthcare IT & Digital Health,,Remote / Global,MENA,MENA,Live Search,,,2026-07-20,Live search,LinkedIn,B,Recognized job platform,Platform,70,Medium,,https://www.linkedin.com/jobs/search/?keywords=Health+Informatics+Director&location=Worldwide&sortBy=DD,"Direct platform search for Health Informatics Director in MENA. Sort by newest on the platform and verify employer, date, location eligibility and application route."
search-018416,Live Search,live_search,Health Informatics Director,Indeed,Indeed,Healthcare IT & Digital Health,Healthcare IT & Digital Health,,Remote / Global,MENA,MENA,Live Search,,,2026-07-20,Live search,Indeed,B,Recognized job platform,Platform,70,Medium,,https://www.indeed.com/jobs?q=Health+Informatics+Director&l=Worldwide&sort=date,"Direct platform search for Health Informatics Director in MENA. Sort by newest on the platform and verify employer, date, location eligibility and application route."
search-018419,Live Search,live_search,Health Informatics Director,Careerjet,Careerjet,Healthcare IT & Digital Health,Healthcare IT & Digital Health,,Remote / Global,MENA,MENA,Live Search,,,2026-07-20,Live search,Careerjet,C,Aggregator,Aggregator,70,Medium,,https://www.careerjet.com/search/jobs?s=Health+Informatics+Director&l=Worldwide,"Direct platform search for Health Informatics Director in MENA. Sort by newest on the platform and verify employer, date, location eligibility and application route."
search-018420,Live Search,live_search,Health Informatics Director,Talent.com,Talent.com,Healthcare IT & Digital Health,Healthcare IT & Digital Health,,Remote / Global,MENA,MENA,Live Search,,,2026-07-20,Live search,Talent.com,C,Aggregator,Aggregator,70,Medium,,https://www.talent.com/jobs?k=Health+Informatics+Director&l=Worldwide,"Direct platform search for Health Informatics Director in MENA. Sort by newest on the platform and verify employer, date, location eligibility and application route."
search-018421,Live Search,live_search,Health Informatics Director,Adzuna,Adzuna,Healthcare IT & Digital Health,Healthcare IT & Digital Health,,Remote / Global,MENA,MENA,Live Search,,,2026-07-20,Live search,Adzuna,C,Aggregator,Aggregator,70,Medium,,https://www.adzuna.com/search?q=Health+Informatics+Director&loc=Worldwide,"Direct platform search for Health Informatics Director in MENA. Sort by newest on the platform and verify employer, date, location eligibility and application route."
search-018423,Live Search,live_search,Health Informatics Director,Remote OK,Remote OK,Healthcare IT & Digital Health,Healthcare IT & Digital Health,,Remote / Global,MENA,MENA,Live Search,,,2026-07-20,Live search,Remote OK,B,Direct organization or specialist source,Direct,70,Medium,,https://remoteok.com/remote-health-informatics-director-jobs,"Direct platform search for Health Informatics Director in MENA. Sort by newest on the platform and verify employer, date, location eligibility and application route."
search-018424,Live Search,live_search,Health Informatics Director,We Work Remotely,We Work Remotely,Healthcare IT & Digital Health,Healthcare IT & Digital Health,,Remote / Global,MENA,MENA,Live Search,,,2026-07-20,Live search,We Work Remotely,B,Direct organization or specialist source,Direct,70,Medium,,https://weworkremotely.com/remote-jobs/search?term=Health+Informatics+Director,"Direct platform search for Health Informatics Director in MENA. Sort by newest on the platform and verify employer, date, location eligibility and application route."
search-018425,Live Search,live_search,Health Informatics Director,Remotive,Remotive,Healthcare IT & Digital Health,Healthcare IT & Digital Health,,Remote / Global,MENA,MENA,Live Search,,,2026-07-20,Live search,Remotive,B,Direct organization or specialist source,Direct,70,Medium,,https://remotive.com/remote-jobs/search?search=Health+Informatics+Director,"Direct platform search for Health Informatics Director in MENA. Sort by newest on the platform and verify employer, date, location eligibility and application route."
search-018426,Live Search,live_search,Health Informatics Director,Remote.co,Remote.co,Healthcare IT & Digital Health,Healthcare IT & Digital Health,,Remote / Global,MENA,MENA,Live Search,,,2026-07-20,Live search,Remote.co,B,Direct organization or specialist source,Direct,70,Medium,,https://remote.co/remote-jobs/search/?search_keywords=Health+Informatics+Director,"Direct platform search for Health Informatics Director in MENA. Sort by newest on the platform and verify employer, date, location eligibility and application route."
search-018428,Live Search,live_search,Health Informatics Director,Working Nomads,Working Nomads,Healthcare IT & Digital Health,Healthcare IT & Digital Health,,Remote / Global,MENA,MENA,Live Search,,,2026-07-20,Live search,Working Nomads,B,Direct organization or specialist source,Direct,70,Medium,,https://www.workingnomads.com/remote-jobs?search=Health+Informatics+Director,"Direct platform search for Health Informatics Director in MENA. Sort by newest on the platform and verify employer, date, location eligibility and application route."
search-018431,Live Search,live_search,Health Informatics Director,Himalayas,Himalayas,Healthcare IT & Digital Health,Healthcare IT & Digital Health,,Remote / Global,MENA,MENA,Live Search,,,2026-07-20,Live search,Himalayas,B,Direct organization or specialist source,Direct,70,Medium,,https://himalayas.app/jobs?search=Health+Informatics+Director,"Direct platform search for Health Informatics Director in MENA. Sort by newest on the platform and verify employer, date, location eligibility and application route."
search-018435,Live Search,live_search,Health Informatics Director,ReliefWeb,ReliefWeb,Healthcare IT & Digital Health,Healthcare IT & Digital Health,,Remote / Global,MENA,MENA,Live Search,,,2026-07-20,Live search,ReliefWeb,A,Official / primary source,Official,70,Medium,,https://reliefweb.int/jobs?search=Health+Informatics+Director,"Direct platform search for Health Informatics Director in MENA. Sort by newest on the platform and verify employer, date, location eligibility and application route."
search-018437,Live Search,live_search,Health Informatics Director,UNjobs,UNjobs,Healthcare IT & Digital Health,Healthcare IT & Digital Health,,Remote / Global,MENA,MENA,Live Search,,,2026-07-20,Live search,UNjobs,B,Direct organization or specialist source,Direct,70,Medium,,https://unjobs.org/search/Health%20Informatics%20Director,"Direct platform search for Health Informatics Director in MENA. Sort by newest on the platform and verify employer, date, location eligibility and application route."
search-018438,Live Search,live_search,Health Informatics Director,Upwork,Upwork,Healthcare IT & Digital Health,Healthcare IT & Digital Health,,Remote / Global,MENA,MENA,Live Search,,,2026-07-20,Live search,Upwork,B,Direct organization or specialist source,Direct,70,Medium,,https://www.upwork.com/nx/search/jobs/?q=Health+Informatics+Director,"Direct project search for Health Informatics Director in MENA. Sort by newest on the platform and verify employer, date, location eligibility and application route."
search-018439,Live Search,live_search,Health Informatics Director,Freelancer,Freelancer,Healthcare IT & Digital Health,Healthcare IT & Digital Health,,Remote / Global,MENA,MENA,Live Search,,,2026-07-20,Live search,Freelancer,B,Direct organization or specialist source,Direct,70,Medium,,https://www.freelancer.com/jobs/health-informatics-director/,"Direct project search for Health Informatics Director in MENA. Sort by newest on the platform and verify employer, date, location eligibility and application route."
search-018441,Live Search,live_search,Health Informatics Director,Contra,Contra,Healthcare IT & Digital Health,Healthcare IT & Digital Health,,Remote / Global,MENA,MENA,Live Search,,,2026-07-20,Live search,Contra,B,Direct organization or specialist source,Direct,70,Medium,,https://contra.com/opportunities?query=Health+Informatics+Director,"Direct project search for Health Informatics Director in MENA. Sort by newest on the platform and verify employer, date, location eligibility and application route."
search-018550,Live Search,live_search,Analytics Director,LinkedIn,LinkedIn,Data & Governance,Data & Governance,,Remote / Global,MENA,MENA,Live Search,,,2026-07-20,Live search,LinkedIn,B,Recognized job platform,Platform,66,Medium,,https://www.linkedin.com/jobs/search/?keywords=Analytics+Director&location=Worldwide&sortBy=DD,"Direct platform search for Analytics Director in MENA. Sort by newest on the platform and verify employer, date, location eligibility and application route."
search-018551,Live Search,live_search,Analytics Director,Indeed,Indeed,Data & Governance,Data & Governance,,Remote / Global,MENA,MENA,Live Search,,,2026-07-20,Live search,Indeed,B,Recognized job platform,Platform,66,Medium,,https://www.indeed.com/jobs?q=Analytics+Director&l=Worldwide&sort=date,"Direct platform search for Analytics Director in MENA. Sort by newest on the platform and verify employer, date, location eligibility and application route."
search-018554,Live Search,live_search,Analytics Director,Careerjet,Careerjet,Data & Governance,Data & Governance,,Remote / Global,MENA,MENA,Live Search,,,2026-07-20,Live search,Careerjet,C,Aggregator,Aggregator,66,Medium,,https://www.careerjet.com/search/jobs?s=Analytics+Director&l=Worldwide,"Direct platform search for Analytics Director in MENA. Sort by newest on the platform and verify employer, date, location eligibility and application route."
search-018555,Live Search,live_search,Analytics Director,Talent.com,Talent.com,Data & Governance,Data & Governance,,Remote / Global,MENA,MENA,Live Search,,,2026-07-20,Live search,Talent.com,C,Aggregator,Aggregator,66,Medium,,https://www.talent.com/jobs?k=Analytics+Director&l=Worldwide,"Direct platform search for Analytics Director in MENA. Sort by newest on the platform and verify employer, date, location eligibility and application route."
search-018556,Live Search,live_search,Analytics Director,Adzuna,Adzuna,Data & Governance,Data & Governance,,Remote / Global,MENA,MENA,Live Search,,,2026-07-20,Live search,Adzuna,C,Aggregator,Aggregator,66,Medium,,https://www.adzuna.com/search?q=Analytics+Director&loc=Worldwide,"Direct platform search for Analytics Director in MENA. Sort by newest on the platform and verify employer, date, location eligibility and application route."
search-018558,Live Search,live_search,Analytics Director,Remote OK,Remote OK,Data & Governance,Data & Governance,,Remote / Global,MENA,MENA,Live Search,,,2026-07-20,Live search,Remote OK,B,Direct organization or specialist source,Direct,66,Medium,,https://remoteok.com/remote-analytics-director-jobs,"Direct platform search for Analytics Director in MENA. Sort by newest on the platform and verify employer, date, location eligibility and application route."
search-018559,Live Search,live_search,Analytics Director,We Work Remotely,We Work Remotely,Data & Governance,Data & Governance,,Remote / Global,MENA,MENA,Live Search,,,2026-07-20,Live search,We Work Remotely,B,Direct organization or specialist source,Direct,66,Medium,,https://weworkremotely.com/remote-jobs/search?term=Analytics+Director,"Direct platform search for Analytics Director in MENA. Sort by newest on the platform and verify employer, date, location eligibility and application route."
search-018560,Live Search,live_search,Analytics Director,Remotive,Remotive,Data & Governance,Data & Governance,,Remote / Global,MENA,MENA,Live Search,,,2026-07-20,Live search,Remotive,B,Direct organization or specialist source,Direct,66,Medium,,https://remotive.com/remote-jobs/search?search=Analytics+Director,"Direct platform search for Analytics Director in MENA. Sort by newest on the platform and verify employer, date, location eligibility and application route."
search-018561,Live Search,live_search,Analytics Director,Remote.co,Remote.co,Data & Governance,Data & Governance,,Remote / Global,MENA,MENA,Live Search,,,2026-07-20,Live search,Remote.co,B,Direct organization or specialist source,Direct,66,Medium,,https://remote.co/remote-jobs/search/?search_keywords=Analytics+Director,"Direct platform search for Analytics Director in MENA. Sort by newest on the platform and verify employer, date, location eligibility and application route."
search-018563,Live Search,live_search,Analytics Director,Working Nomads,Working Nomads,Data & Governance,Data & Governance,,Remote / Global,MENA,MENA,Live Search,,,2026-07-20,Live search,Working Nomads,B,Direct organization or specialist source,Direct,66,Medium,,https://www.workingnomads.com/remote-jobs?search=Analytics+Director,"Direct platform search for Analytics Director in MENA. Sort by newest on the platform and verify employer, date, location eligibility and application route."
search-018566,Live Search,live_search,Analytics Director,Himalayas,Himalayas,Data & Governance,Data & Governance,,Remote / Global,MENA,MENA,Live Search,,,2026-07-20,Live search,Himalayas,B,Direct organization or specialist source,Direct,66,Medium,,https://himalayas.app/jobs?search=Analytics+Director,"Direct platform search for Analytics Director in MENA. Sort by newest on the platform and verify employer, date, location eligibility and application route."
search-018570,Live Search,live_search,Analytics Director,ReliefWeb,ReliefWeb,Data & Governance,Data & Governance,,Remote / Global,MENA,MENA,Live Search,,,2026-07-20,Live search,ReliefWeb,A,Official / primary source,Official,66,Medium,,https://reliefweb.int/jobs?search=Analytics+Director,"Direct platform search for Analytics Director in MENA. Sort by newest on the platform and verify employer, date, location eligibility and application route."
search-018572,Live Search,live_search,Analytics Director,UNjobs,UNjobs,Data & Governance,Data & Governance,,Remote / Global,MENA,MENA,Live Search,,,2026-07-20,Live search,UNjobs,B,Direct organization or specialist source,Direct,66,Medium,,https://unjobs.org/search/Analytics%20Director,"Direct platform search for Analytics Director in MENA. Sort by newest on the platform and verify employer, date, location eligibility and application route."
search-018573,Live Search,live_search,Analytics Director,Upwork,Upwork,Data & Governance,Data & Governance,,Remote / Global,MENA,MENA,Live Search,,,2026-07-20,Live search,Upwork,B,Direct organization or specialist source,Direct,66,Medium,,https://www.upwork.com/nx/search/jobs/?q=Analytics+Director,"Direct project search for Analytics Director in MENA. Sort by newest on the platform and verify employer, date, location eligibility and application route."
search-018574,Live Search,live_search,Analytics Director,Freelancer,Freelancer,Data & Governance,Data & Governance,,Remote / Global,MENA,MENA,Live Search,,,2026-07-20,Live search,Freelancer,B,Direct organization or specialist source,Direct,66,Medium,,https://www.freelancer.com/jobs/analytics-director/,"Direct project search for Analytics Director in MENA. Sort by newest on the platform and verify employer, date, location eligibility and application route."
search-018576,Live Search,live_search,Analytics Director,Contra,Contra,Data & Governance,Data & Governance,,Remote / Global,MENA,MENA,Live Search,,,2026-07-20,Live search,Contra,B,Direct organization or specialist source,Direct,66,Medium,,https://contra.com/opportunities?query=Analytics+Director,"Direct project search for Analytics Director in MENA. Sort by newest on the platform and verify employer, date, location eligibility and application route."
search-018928,Live Search,live_search,Business Architect,LinkedIn,LinkedIn,Enterprise Architecture,Enterprise Architecture,,Remote / Global,MENA,MENA,Live Search,,,2026-07-20,Live search,LinkedIn,B,Recognized job platform,Platform,66,Medium,,https://www.linkedin.com/jobs/search/?keywords=Business+Architect&location=Worldwide&sortBy=DD,"Direct platform search for Business Architect in MENA. Sort by newest on the platform and verify employer, date, location eligibility and application route."
search-018929,Live Search,live_search,Business Architect,Indeed,Indeed,Enterprise Architecture,Enterprise Architecture,,Remote / Global,MENA,MENA,Live Search,,,2026-07-20,Live search,Indeed,B,Recognized job platform,Platform,66,Medium,,https://www.indeed.com/jobs?q=Business+Architect&l=Worldwide&sort=date,"Direct platform search for Business Architect in MENA. Sort by newest on the platform and verify employer, date, location eligibility and application route."
search-018932,Live Search,live_search,Business Architect,Careerjet,Careerjet,Enterprise Architecture,Enterprise Architecture,,Remote / Global,MENA,MENA,Live Search,,,2026-07-20,Live search,Careerjet,C,Aggregator,Aggregator,66,Medium,,https://www.careerjet.com/search/jobs?s=Business+Architect&l=Worldwide,"Direct platform search for Business Architect in MENA. Sort by newest on the platform and verify employer, date, location eligibility and application route."
search-018933,Live Search,live_search,Business Architect,Talent.com,Talent.com,Enterprise Architecture,Enterprise Architecture,,Remote / Global,MENA,MENA,Live Search,,,2026-07-20,Live search,Talent.com,C,Aggregator,Aggregator,66,Medium,,https://www.talent.com/jobs?k=Business+Architect&l=Worldwide,"Direct platform search for Business Architect in MENA. Sort by newest on the platform and verify employer, date, location eligibility and application route."
search-018934,Live Search,live_search,Business Architect,Adzuna,Adzuna,Enterprise Architecture,Enterprise Architecture,,Remote / Global,MENA,MENA,Live Search,,,2026-07-20,Live search,Adzuna,C,Aggregator,Aggregator,66,Medium,,https://www.adzuna.com/search?q=Business+Architect&loc=Worldwide,"Direct platform search for Business Architect in MENA. Sort by newest on the platform and verify employer, date, location eligibility and application route."
search-018936,Live Search,live_search,Business Architect,Remote OK,Remote OK,Enterprise Architecture,Enterprise Architecture,,Remote / Global,MENA,MENA,Live Search,,,2026-07-20,Live search,Remote OK,B,Direct organization or specialist source,Direct,66,Medium,,https://remoteok.com/remote-business-architect-jobs,"Direct platform search for Business Architect in MENA. Sort by newest on the platform and verify employer, date, location eligibility and application route."
search-018937,Live Search,live_search,Business Architect,We Work Remotely,We Work Remotely,Enterprise Architecture,Enterprise Architecture,,Remote / Global,MENA,MENA,Live Search,,,2026-07-20,Live search,We Work Remotely,B,Direct organization or specialist source,Direct,66,Medium,,https://weworkremotely.com/remote-jobs/search?term=Business+Architect,"Direct platform search for Business Architect in MENA. Sort by newest on the platform and verify employer, date, location eligibility and application route."
search-018938,Live Search,live_search,Business Architect,Remotive,Remotive,Enterprise Architecture,Enterprise Architecture,,Remote / Global,MENA,MENA,Live Search,,,2026-07-20,Live search,Remotive,B,Direct organization or specialist source,Direct,66,Medium,,https://remotive.com/remote-jobs/search?search=Business+Architect,"Direct platform search for Business Architect in MENA. Sort by newest on the platform and verify employer, date, location eligibility and application route."
search-018939,Live Search,live_search,Business Architect,Remote.co,Remote.co,Enterprise Architecture,Enterprise Architecture,,Remote / Global,MENA,MENA,Live Search,,,2026-07-20,Live search,Remote.co,B,Direct organization or specialist source,Direct,66,Medium,,https://remote.co/remote-jobs/search/?search_keywords=Business+Architect,"Direct platform search for Business Architect in MENA. Sort by newest on the platform and verify employer, date, location eligibility and application route."
search-018941,Live Search,live_search,Business Architect,Working Nomads,Working Nomads,Enterprise Architecture,Enterprise Architecture,,Remote / Global,MENA,MENA,Live Search,,,2026-07-20,Live search,Working Nomads,B,Direct organization or specialist source,Direct,66,Medium,,https://www.workingnomads.com/remote-jobs?search=Business+Architect,"Direct platform search for Business Architect in MENA. Sort by newest on the platform and verify employer, date, location eligibility and application route."
search-018944,Live Search,live_search,Business Architect,Himalayas,Himalayas,Enterprise Architecture,Enterprise Architecture,,Remote / Global,MENA,MENA,Live Search,,,2026-07-20,Live search,Himalayas,B,Direct organization or specialist source,Direct,66,Medium,,https://himalayas.app/jobs?search=Business+Architect,"Direct platform search for Business Architect in MENA. Sort by newest on the platform and verify employer, date, location eligibility and application route."
search-018948,Live Search,live_search,Business Architect,ReliefWeb,ReliefWeb,Enterprise Architecture,Enterprise Architecture,,Remote / Global,MENA,MENA,Live Search,,,2026-07-20,Live search,ReliefWeb,A,Official / primary source,Official,66,Medium,,https://reliefweb.int/jobs?search=Business+Architect,"Direct platform search for Business Architect in MENA. Sort by newest on the platform and verify employer, date, location eligibility and application route."
search-018950,Live Search,live_search,Business Architect,UNjobs,UNjobs,Enterprise Architecture,Enterprise Architecture,,Remote / Global,MENA,MENA,Live Search,,,2026-07-20,Live search,UNjobs,B,Direct organization or specialist source,Direct,66,Medium,,https://unjobs.org/search/Business%20Architect,"Direct platform search for Business Architect in MENA. Sort by newest on the platform and verify employer, date, location eligibility and application route."
search-018951,Live Search,live_search,Business Architect,Upwork,Upwork,Enterprise Architecture,Enterprise Architecture,,Remote / Global,MENA,MENA,Live Search,,,2026-07-20,Live search,Upwork,B,Direct organization or specialist source,Direct,66,Medium,,https://www.upwork.com/nx/search/jobs/?q=Business+Architect,"Direct project search for Business Architect in MENA. Sort by newest on the platform and verify employer, date, location eligibility and application route."
search-018952,Live Search,live_search,Business Architect,Freelancer,Freelancer,Enterprise Architecture,Enterprise Architecture,,Remote / Global,MENA,MENA,Live Search,,,2026-07-20,Live search,Freelancer,B,Direct organization or specialist source,Direct,66,Medium,,https://www.freelancer.com/jobs/business-architect/,"Direct project search for Business Architect in MENA. Sort by newest on the platform and verify employer, date, location eligibility and application route."
search-018954,Live Search,live_search,Business Architect,Contra,Contra,Enterprise Architecture,Enterprise Architecture,,Remote / Global,MENA,MENA,Live Search,,,2026-07-20,Live search,Contra,B,Direct organization or specialist source,Direct,66,Medium,,https://contra.com/opportunities?query=Business+Architect,"Direct project search for Business Architect in MENA. Sort by newest on the platform and verify employer, date, location eligibility and application route."
search-017767,Live Search,live_search,Enterprise Architect,LinkedIn,LinkedIn,Enterprise Architecture,Enterprise Architecture,,Remote / Global,MENA,MENA,Live Search,,,2026-07-20,Live search,LinkedIn,B,Recognized job platform,Platform,66,Medium,,https://www.linkedin.com/jobs/search/?keywords=Enterprise+Architect&location=Worldwide&sortBy=DD,"Direct platform search for Enterprise Architect in MENA. Sort by newest on the platform and verify employer, date, location eligibility and application route."
search-017768,Live Search,live_search,Enterprise Architect,Indeed,Indeed,Enterprise Architecture,Enterprise Architecture,,Remote / Global,MENA,MENA,Live Search,,,2026-07-20,Live search,Indeed,B,Recognized job platform,Platform,66,Medium,,https://www.indeed.com/jobs?q=Enterprise+Architect&l=Worldwide&sort=date,"Direct platform search for Enterprise Architect in MENA. Sort by newest on the platform and verify employer, date, location eligibility and application route."
search-017771,Live Search,live_search,Enterprise Architect,Careerjet,Careerjet,Enterprise Architecture,Enterprise Architecture,,Remote / Global,MENA,MENA,Live Search,,,2026-07-20,Live search,Careerjet,C,Aggregator,Aggregator,66,Medium,,https://www.careerjet.com/search/jobs?s=Enterprise+Architect&l=Worldwide,"Direct platform search for Enterprise Architect in MENA. Sort by newest on the platform and verify employer, date, location eligibility and application route."
search-017772,Live Search,live_search,Enterprise Architect,Talent.com,Talent.com,Enterprise Architecture,Enterprise Architecture,,Remote / Global,MENA,MENA,Live Search,,,2026-07-20,Live search,Talent.com,C,Aggregator,Aggregator,66,Medium,,https://www.talent.com/jobs?k=Enterprise+Architect&l=Worldwide,"Direct platform search for Enterprise Architect in MENA. Sort by newest on the platform and verify employer, date, location eligibility and application route."
search-017773,Live Search,live_search,Enterprise Architect,Adzuna,Adzuna,Enterprise Architecture,Enterprise Architecture,,Remote / Global,MENA,MENA,Live Search,,,2026-07-20,Live search,Adzuna,C,Aggregator,Aggregator,66,Medium,,https://www.adzuna.com/search?q=Enterprise+Architect&loc=Worldwide,"Direct platform search for Enterprise Architect in MENA. Sort by newest on the platform and verify employer, date, location eligibility and application route."
search-017775,Live Search,live_search,Enterprise Architect,Remote OK,Remote OK,Enterprise Architecture,Enterprise Architecture,,Remote / Global,MENA,MENA,Live Search,,,2026-07-20,Live search,Remote OK,B,Direct organization or specialist source,Direct,66,Medium,,https://remoteok.com/remote-enterprise-architect-jobs,"Direct platform search for Enterprise Architect in MENA. Sort by newest on the platform and verify employer, date, location eligibility and application route."
search-017776,Live Search,live_search,Enterprise Architect,We Work Remotely,We Work Remotely,Enterprise Architecture,Enterprise Architecture,,Remote / Global,MENA,MENA,Live Search,,,2026-07-20,Live search,We Work Remotely,B,Direct organization or specialist source,Direct,66,Medium,,https://weworkremotely.com/remote-jobs/search?term=Enterprise+Architect,"Direct platform search for Enterprise Architect in MENA. Sort by newest on the platform and verify employer, date, location eligibility and application route."
search-017777,Live Search,live_search,Enterprise Architect,Remotive,Remotive,Enterprise Architecture,Enterprise Architecture,,Remote / Global,MENA,MENA,Live Search,,,2026-07-20,Live search,Remotive,B,Direct organization or specialist source,Direct,66,Medium,,https://remotive.com/remote-jobs/search?search=Enterprise+Architect,"Direct platform search for Enterprise Architect in MENA. Sort by newest on the platform and verify employer, date, location eligibility and application route."
search-017778,Live Search,live_search,Enterprise Architect,Remote.co,Remote.co,Enterprise Architecture,Enterprise Architecture,,Remote / Global,MENA,MENA,Live Search,,,2026-07-20,Live search,Remote.co,B,Direct organization or specialist source,Direct,66,Medium,,https://remote.co/remote-jobs/search/?search_keywords=Enterprise+Architect,"Direct platform search for Enterprise Architect in MENA. Sort by newest on the platform and verify employer, date, location eligibility and application route."
search-017780,Live Search,live_search,Enterprise Architect,Working Nomads,Working Nomads,Enterprise Architecture,Enterprise Architecture,,Remote / Global,MENA,MENA,Live Search,,,2026-07-20,Live search,Working Nomads,B,Direct organization or specialist source,Direct,66,Medium,,https://www.workingnomads.com/remote-jobs?search=Enterprise+Architect,"Direct platform search for Enterprise Architect in MENA. Sort by newest on the platform and verify employer, date, location eligibility and application route."
search-017783,Live Search,live_search,Enterprise Architect,Himalayas,Himalayas,Enterprise Architecture,Enterprise Architecture,,Remote / Global,MENA,MENA,Live Search,,,2026-07-20,Live search,Himalayas,B,Direct organization or specialist source,Direct,66,Medium,,https://himalayas.app/jobs?search=Enterprise+Architect,"Direct platform search for Enterprise Architect in MENA. Sort by newest on the platform and verify employer, date, location eligibility and application route."
search-017787,Live Search,live_search,Enterprise Architect,ReliefWeb,ReliefWeb,Enterprise Architecture,Enterprise Architecture,,Remote / Global,MENA,MENA,Live Search,,,2026-07-20,Live search,ReliefWeb,A,Official / primary source,Official,66,Medium,,https://reliefweb.int/jobs?search=Enterprise+Architect,"Direct platform search for Enterprise Architect in MENA. Sort by newest on the platform and verify employer, date, location eligibility and application route."
search-017789,Live Search,live_search,Enterprise Architect,UNjobs,UNjobs,Enterprise Architecture,Enterprise Architecture,,Remote / Global,MENA,MENA,Live Search,,,2026-07-20,Live search,UNjobs,B,Direct organization or specialist source,Direct,66,Medium,,https://unjobs.org/search/Enterprise%20Architect,"Direct platform search for Enterprise Architect in MENA. Sort by newest on the platform and verify employer, date, location eligibility and application route."
search-017790,Live Search,live_search,Enterprise Architect,Upwork,Upwork,Enterprise Architecture,Enterprise Architecture,,Remote / Global,MENA,MENA,Live Search,,,2026-07-20,Live search,Upwork,B,Direct organization or specialist source,Direct,66,Medium,,https://www.upwork.com/nx/search/jobs/?q=Enterprise+Architect,"Direct project search for Enterprise Architect in MENA. Sort by newest on the platform and verify employer, date, location eligibility and application route."
search-017791,Live Search,live_search,Enterprise Architect,Freelancer,Freelancer,Enterprise Architecture,Enterprise Architecture,,Remote / Global,MENA,MENA,Live Search,,,2026-07-20,Live search,Freelancer,B,Direct organization or specialist source,Direct,66,Medium,,https://www.freelancer.com/jobs/enterprise-architect/,"Direct project search for Enterprise Architect in MENA. Sort by newest on the platform and verify employer, date, location eligibility and application route."
search-017793,Live Search,live_search,Enterprise Architect,Contra,Contra,Enterprise Architecture,Enterprise Architecture,,Remote / Global,MENA,MENA,Live Search,,,2026-07-20,Live search,Contra,B,Direct organization or specialist source,Direct,66,Medium,,https://contra.com/opportunities?query=Enterprise+Architect,"Direct project search for Enterprise Architect in MENA. Sort by newest on the platform and verify employer, date, location eligibility and application route."
search-018388,Live Search,live_search,Healthcare IT Manager,LinkedIn,LinkedIn,Healthcare IT & Digital Health,Healthcare IT & Digital Health,,Remote / Global,MENA,MENA,Live Search,,,2026-07-20,Live search,LinkedIn,B,Recognized job platform,Platform,66,Medium,,https://www.linkedin.com/jobs/search/?keywords=Healthcare+IT+Manager&location=Worldwide&sortBy=DD,"Direct platform search for Healthcare IT Manager in MENA. Sort by newest on the platform and verify employer, date, location eligibility and application route."
search-018389,Live Search,live_search,Healthcare IT Manager,Indeed,Indeed,Healthcare IT & Digital Health,Healthcare IT & Digital Health,,Remote / Global,MENA,MENA,Live Search,,,2026-07-20,Live search,Indeed,B,Recognized job platform,Platform,66,Medium,,https://www.indeed.com/jobs?q=Healthcare+IT+Manager&l=Worldwide&sort=date,"Direct platform search for Healthcare IT Manager in MENA. Sort by newest on the platform and verify employer, date, location eligibility and application route."
search-018392,Live Search,live_search,Healthcare IT Manager,Careerjet,Careerjet,Healthcare IT & Digital Health,Healthcare IT & Digital Health,,Remote / Global,MENA,MENA,Live Search,,,2026-07-20,Live search,Careerjet,C,Aggregator,Aggregator,66,Medium,,https://www.careerjet.com/search/jobs?s=Healthcare+IT+Manager&l=Worldwide,"Direct platform search for Healthcare IT Manager in MENA. Sort by newest on the platform and verify employer, date, location eligibility and application route."
search-018393,Live Search,live_search,Healthcare IT Manager,Talent.com,Talent.com,Healthcare IT & Digital Health,Healthcare IT & Digital Health,,Remote / Global,MENA,MENA,Live Search,,,2026-07-20,Live search,Talent.com,C,Aggregator,Aggregator,66,Medium,,https://www.talent.com/jobs?k=Healthcare+IT+Manager&l=Worldwide,"Direct platform search for Healthcare IT Manager in MENA. Sort by newest on the platform and verify employer, date, location eligibility and application route."
search-018394,Live Search,live_search,Healthcare IT Manager,Adzuna,Adzuna,Healthcare IT & Digital Health,Healthcare IT & Digital Health,,Remote / Global,MENA,MENA,Live Search,,,2026-07-20,Live search,Adzuna,C,Aggregator,Aggregator,66,Medium,,https://www.adzuna.com/search?q=Healthcare+IT+Manager&loc=Worldwide,"Direct platform search for Healthcare IT Manager in MENA. Sort by newest on the platform and verify employer, date, location eligibility and application route."
search-018396,Live Search,live_search,Healthcare IT Manager,Remote OK,Remote OK,Healthcare IT & Digital Health,Healthcare IT & Digital Health,,Remote / Global,MENA,MENA,Live Search,,,2026-07-20,Live search,Remote OK,B,Direct organization or specialist source,Direct,66,Medium,,https://remoteok.com/remote-healthcare-it-manager-jobs,"Direct platform search for Healthcare IT Manager in MENA. Sort by newest on the platform and verify employer, date, location eligibility and application route."
search-018397,Live Search,live_search,Healthcare IT Manager,We Work Remotely,We Work Remotely,Healthcare IT & Digital Health,Healthcare IT & Digital Health,,Remote / Global,MENA,MENA,Live Search,,,2026-07-20,Live search,We Work Remotely,B,Direct organization or specialist source,Direct,66,Medium,,https://weworkremotely.com/remote-jobs/search?term=Healthcare+IT+Manager,"Direct platform search for Healthcare IT Manager in MENA. Sort by newest on the platform and verify employer, date, location eligibility and application route."
search-018398,Live Search,live_search,Healthcare IT Manager,Remotive,Remotive,Healthcare IT & Digital Health,Healthcare IT & Digital Health,,Remote / Global,MENA,MENA,Live Search,,,2026-07-20,Live search,Remotive,B,Direct organization or specialist source,Direct,66,Medium,,https://remotive.com/remote-jobs/search?search=Healthcare+IT+Manager,"Direct platform search for Healthcare IT Manager in MENA. Sort by newest on the platform and verify employer, date, location eligibility and application route."
search-018399,Live Search,live_search,Healthcare IT Manager,Remote.co,Remote.co,Healthcare IT & Digital Health,Healthcare IT & Digital Health,,Remote / Global,MENA,MENA,Live Search,,,2026-07-20,Live search,Remote.co,B,Direct organization or specialist source,Direct,66,Medium,,https://remote.co/remote-jobs/search/?search_keywords=Healthcare+IT+Manager,"Direct platform search for Healthcare IT Manager in MENA. Sort by newest on the platform and verify employer, date, location eligibility and application route."
search-018401,Live Search,live_search,Healthcare IT Manager,Working Nomads,Working Nomads,Healthcare IT & Digital Health,Healthcare IT & Digital Health,,Remote / Global,MENA,MENA,Live Search,,,2026-07-20,Live search,Working Nomads,B,Direct organization or specialist source,Direct,66,Medium,,https://www.workingnomads.com/remote-jobs?search=Healthcare+IT+Manager,"Direct platform search for Healthcare IT Manager in MENA. Sort by newest on the platform and verify employer, date, location eligibility and application route."
search-018404,Live Search,live_search,Healthcare IT Manager,Himalayas,Himalayas,Healthcare IT & Digital Health,Healthcare IT & Digital Health,,Remote / Global,MENA,MENA,Live Search,,,2026-07-20,Live search,Himalayas,B,Direct organization or specialist source,Direct,66,Medium,,https://himalayas.app/jobs?search=Healthcare+IT+Manager,"Direct platform search for Healthcare IT Manager in MENA. Sort by newest on the platform and verify employer, date, location eligibility and application route."
search-018408,Live Search,live_search,Healthcare IT Manager,ReliefWeb,ReliefWeb,Healthcare IT & Digital Health,Healthcare IT & Digital Health,,Remote / Global,MENA,MENA,Live Search,,,2026-07-20,Live search,ReliefWeb,A,Official / primary source,Official,66,Medium,,https://reliefweb.int/jobs?search=Healthcare+IT+Manager,"Direct platform search for Healthcare IT Manager in MENA. Sort by newest on the platform and verify employer, date, location eligibility and application route."
search-018410,Live Search,live_search,Healthcare IT Manager,UNjobs,UNjobs,Healthcare IT & Digital Health,Healthcare IT & Digital Health,,Remote / Global,MENA,MENA,Live Search,,,2026-07-20,Live search,UNjobs,B,Direct organization or specialist source,Direct,66,Medium,,https://unjobs.org/search/Healthcare%20IT%20Manager,"Direct platform search for Healthcare IT Manager in MENA. Sort by newest on the platform and verify employer, date, location eligibility and application route."
search-018411,Live Search,live_search,Healthcare IT Manager,Upwork,Upwork,Healthcare IT & Digital Health,Healthcare IT & Digital Health,,Remote / Global,MENA,MENA,Live Search,,,2026-07-20,Live search,Upwork,B,Direct organization or specialist source,Direct,66,Medium,,https://www.upwork.com/nx/search/jobs/?q=Healthcare+IT+Manager,"Direct project search for Healthcare IT Manager in MENA. Sort by newest on the platform and verify employer, date, location eligibility and application route."
search-018412,Live Search,live_search,Healthcare IT Manager,Freelancer,Freelancer,Healthcare IT & Digital Health,Healthcare IT & Digital Health,,Remote / Global,MENA,MENA,Live Search,,,2026-07-20,Live search,Freelancer,B,Direct organization or specialist source,Direct,66,Medium,,https://www.freelancer.com/jobs/healthcare-it-manager/,"Direct project search for Healthcare IT Manager in MENA. Sort by newest on the platform and verify employer, date, location eligibility and application route."
search-018414,Live Search,live_search,Healthcare IT Manager,Contra,Contra,Healthcare IT & Digital Health,Healthcare IT & Digital Health,,Remote / Global,MENA,MENA,Live Search,,,2026-07-20,Live search,Contra,B,Direct organization or specialist source,Direct,66,Medium,,https://contra.com/opportunities?query=Healthcare+IT+Manager,"Direct project search for Healthcare IT Manager in MENA. Sort by newest on the platform and verify employer, date, location eligibility and application route."
job-00708,Verified Vacancy,job,Solution/Enterprise Architect - Martech Consolidation,Exadel,Exadel,Enterprise Architecture,Enterprise Architecture,Technology & Consulting,Remote / Global,Worldwide,Remote / contract,Available,,,2026-07-20,Current Greenhouse listing,Greenhouse,A,Official / primary source,Official,66,Medium,,https://job-boards.greenhouse.io/externaljobboards/jobs/6109259004,"Verify eligibility, deadline and work authorization on the linked source before applying."
job-00710,Verified Vacancy,job,Transformation Architect - Northern Europe,Zscaler,Zscaler,Enterprise Architecture,Enterprise Architecture,Technology & Consulting,Remote / Global,Worldwide,Remote Northern Europe,Available,,,2026-07-20,Remote listing,Greenhouse,A,Official / primary source,Official,66,Medium,,https://job-boards.greenhouse.io/zscaler/jobs/4998839007,"Verify eligibility, deadline and work authorization on the linked source before applying."
search-018523,Live Search,live_search,Business Intelligence Director,LinkedIn,LinkedIn,Data & Governance,Data & Governance,,Remote / Global,MENA,MENA,Live Search,,,2026-07-20,Live search,LinkedIn,B,Recognized job platform,Platform,64,Medium,,https://www.linkedin.com/jobs/search/?keywords=Business+Intelligence+Director&location=Worldwide&sortBy=DD,"Direct platform search for Business Intelligence Director in MENA. Sort by newest on the platform and verify employer, date, location eligibility and application route."
search-018524,Live Search,live_search,Business Intelligence Director,Indeed,Indeed,Data & Governance,Data & Governance,,Remote / Global,MENA,MENA,Live Search,,,2026-07-20,Live search,Indeed,B,Recognized job platform,Platform,64,Medium,,https://www.indeed.com/jobs?q=Business+Intelligence+Director&l=Worldwide&sort=date,"Direct platform search for Business Intelligence Director in MENA. Sort by newest on the platform and verify employer, date, location eligibility and application route."
search-018527,Live Search,live_search,Business Intelligence Director,Careerjet,Careerjet,Data & Governance,Data & Governance,,Remote / Global,MENA,MENA,Live Search,,,2026-07-20,Live search,Careerjet,C,Aggregator,Aggregator,64,Medium,,https://www.careerjet.com/search/jobs?s=Business+Intelligence+Director&l=Worldwide,"Direct platform search for Business Intelligence Director in MENA. Sort by newest on the platform and verify employer, date, location eligibility and application route."
search-018528,Live Search,live_search,Business Intelligence Director,Talent.com,Talent.com,Data & Governance,Data & Governance,,Remote / Global,MENA,MENA,Live Search,,,2026-07-20,Live search,Talent.com,C,Aggregator,Aggregator,64,Medium,,https://www.talent.com/jobs?k=Business+Intelligence+Director&l=Worldwide,"Direct platform search for Business Intelligence Director in MENA. Sort by newest on the platform and verify employer, date, location eligibility and application route."
search-018529,Live Search,live_search,Business Intelligence Director,Adzuna,Adzuna,Data & Governance,Data & Governance,,Remote / Global,MENA,MENA,Live Search,,,2026-07-20,Live search,Adzuna,C,Aggregator,Aggregator,64,Medium,,https://www.adzuna.com/search?q=Business+Intelligence+Director&loc=Worldwide,"Direct platform search for Business Intelligence Director in MENA. Sort by newest on the platform and verify employer, date, location eligibility and application route."
search-018531,Live Search,live_search,Business Intelligence Director,Remote OK,Remote OK,Data & Governance,Data & Governance,,Remote / Global,MENA,MENA,Live Search,,,2026-07-20,Live search,Remote OK,B,Direct organization or specialist source,Direct,64,Medium,,https://remoteok.com/remote-business-intelligence-director-jobs,"Direct platform search for Business Intelligence Director in MENA. Sort by newest on the platform and verify employer, date, location eligibility and application route."
search-018532,Live Search,live_search,Business Intelligence Director,We Work Remotely,We Work Remotely,Data & Governance,Data & Governance,,Remote / Global,MENA,MENA,Live Search,,,2026-07-20,Live search,We Work Remotely,B,Direct organization or specialist source,Direct,64,Medium,,https://weworkremotely.com/remote-jobs/search?term=Business+Intelligence+Director,"Direct platform search for Business Intelligence Director in MENA. Sort by newest on the platform and verify employer, date, location eligibility and application route."
search-018533,Live Search,live_search,Business Intelligence Director,Remotive,Remotive,Data & Governance,Data & Governance,,Remote / Global,MENA,MENA,Live Search,,,2026-07-20,Live search,Remotive,B,Direct organization or specialist source,Direct,64,Medium,,https://remotive.com/remote-jobs/search?search=Business+Intelligence+Director,"Direct platform search for Business Intelligence Director in MENA. Sort by newest on the platform and verify employer, date, location eligibility and application route."
search-018534,Live Search,live_search,Business Intelligence Director,Remote.co,Remote.co,Data & Governance,Data & Governance,,Remote / Global,MENA,MENA,Live Search,,,2026-07-20,Live search,Remote.co,B,Direct organization or specialist source,Direct,64,Medium,,https://remote.co/remote-jobs/search/?search_keywords=Business+Intelligence+Director,"Direct platform search for Business Intelligence Director in MENA. Sort by newest on the platform and verify employer, date, location eligibility and application route."
search-018536,Live Search,live_search,Business Intelligence Director,Working Nomads,Working Nomads,Data & Governance,Data & Governance,,Remote / Global,MENA,MENA,Live Search,,,2026-07-20,Live search,Working Nomads,B,Direct organization or specialist source,Direct,64,Medium,,https://www.workingnomads.com/remote-jobs?search=Business+Intelligence+Director,"Direct platform search for Business Intelligence Director in MENA. Sort by newest on the platform and verify employer, date, location eligibility and application route."
search-018539,Live Search,live_search,Business Intelligence Director,Himalayas,Himalayas,Data & Governance,Data & Governance,,Remote / Global,MENA,MENA,Live Search,,,2026-07-20,Live search,Himalayas,B,Direct organization or specialist source,Direct,64,Medium,,https://himalayas.app/jobs?search=Business+Intelligence+Director,"Direct platform search for Business Intelligence Director in MENA. Sort by newest on the platform and verify employer, date, location eligibility and application route."
search-018543,Live Search,live_search,Business Intelligence Director,ReliefWeb,ReliefWeb,Data & Governance,Data & Governance,,Remote / Global,MENA,MENA,Live Search,,,2026-07-20,Live search,ReliefWeb,A,Official / primary source,Official,64,Medium,,https://reliefweb.int/jobs?search=Business+Intelligence+Director,"Direct platform search for Business Intelligence Director in MENA. Sort by newest on the platform and verify employer, date, location eligibility and application route."
search-018545,Live Search,live_search,Business Intelligence Director,UNjobs,UNjobs,Data & Governance,Data & Governance,,Remote / Global,MENA,MENA,Live Search,,,2026-07-20,Live search,UNjobs,B,Direct organization or specialist source,Direct,64,Medium,,https://unjobs.org/search/Business%20Intelligence%20Director,"Direct platform search for Business Intelligence Director in MENA. Sort by newest on the platform and verify employer, date, location eligibility and application route."
search-018546,Live Search,live_search,Business Intelligence Director,Upwork,Upwork,Data & Governance,Data & Governance,,Remote / Global,MENA,MENA,Live Search,,,2026-07-20,Live search,Upwork,B,Direct organization or specialist source,Direct,64,Medium,,https://www.upwork.com/nx/search/jobs/?q=Business+Intelligence+Director,"Direct project search for Business Intelligence Director in MENA. Sort by newest on the platform and verify employer, date, location eligibility and application route."
search-018547,Live Search,live_search,Business Intelligence Director,Freelancer,Freelancer,Data & Governance,Data & Governance,,Remote / Global,MENA,MENA,Live Search,,,2026-07-20,Live search,Freelancer,B,Direct organization or specialist source,Direct,64,Medium,,https://www.freelancer.com/jobs/business-intelligence-director/,"Direct project search for Business Intelligence Director in MENA. Sort by newest on the platform and verify employer, date, location eligibility and application route."
search-018549,Live Search,live_search,Business Intelligence Director,Contra,Contra,Data & Governance,Data & Governance,,Remote / Global,MENA,MENA,Live Search,,,2026-07-20,Live search,Contra,B,Direct organization or specialist source,Direct,64,Medium,,https://contra.com/opportunities?query=Business+Intelligence+Director,"Direct project search for Business Intelligence Director in MENA. Sort by newest on the platform and verify employer, date, location eligibility and application route."
job-00701,Verified Vacancy,job,Cloud Solutions Architect - Alliances,Canonical,Canonical,Solution Architecture,Solution Architecture,Technology & Cloud,Remote / Global,Worldwide,Worldwide Remote,Available,2026-07-20,,2026-07-24,Current official careers listing,Canonical,A,Official employer / primary source,Official,64,Medium,,https://canonical.com/careers/all?search=cloud,"Verify eligibility, deadline and work authorization on the linked source before applying."
search-018469,Live Search,live_search,Data Governance Manager,LinkedIn,LinkedIn,Data & Governance,Data & Governance,,Remote / Global,MENA,MENA,Live Search,,,2026-07-20,Live search,LinkedIn,B,Recognized job platform,Platform,64,Medium,,https://www.linkedin.com/jobs/search/?keywords=Data+Governance+Manager&location=Worldwide&sortBy=DD,"Direct platform search for Data Governance Manager in MENA. Sort by newest on the platform and verify employer, date, location eligibility and application route."
search-018470,Live Search,live_search,Data Governance Manager,Indeed,Indeed,Data & Governance,Data & Governance,,Remote / Global,MENA,MENA,Live Search,,,2026-07-20,Live search,Indeed,B,Recognized job platform,Platform,64,Medium,,https://www.indeed.com/jobs?q=Data+Governance+Manager&l=Worldwide&sort=date,"Direct platform search for Data Governance Manager in MENA. Sort by newest on the platform and verify employer, date, location eligibility and application route."
search-018473,Live Search,live_search,Data Governance Manager,Careerjet,Careerjet,Data & Governance,Data & Governance,,Remote / Global,MENA,MENA,Live Search,,,2026-07-20,Live search,Careerjet,C,Aggregator,Aggregator,64,Medium,,https://www.careerjet.com/search/jobs?s=Data+Governance+Manager&l=Worldwide,"Direct platform search for Data Governance Manager in MENA. Sort by newest on the platform and verify employer, date, location eligibility and application route."
search-018474,Live Search,live_search,Data Governance Manager,Talent.com,Talent.com,Data & Governance,Data & Governance,,Remote / Global,MENA,MENA,Live Search,,,2026-07-20,Live search,Talent.com,C,Aggregator,Aggregator,64,Medium,,https://www.talent.com/jobs?k=Data+Governance+Manager&l=Worldwide,"Direct platform search for Data Governance Manager in MENA. Sort by newest on the platform and verify employer, date, location eligibility and application route."
search-018475,Live Search,live_search,Data Governance Manager,Adzuna,Adzuna,Data & Governance,Data & Governance,,Remote / Global,MENA,MENA,Live Search,,,2026-07-20,Live search,Adzuna,C,Aggregator,Aggregator,64,Medium,,https://www.adzuna.com/search?q=Data+Governance+Manager&loc=Worldwide,"Direct platform search for Data Governance Manager in MENA. Sort by newest on the platform and verify employer, date, location eligibility and application route."
search-018477,Live Search,live_search,Data Governance Manager,Remote OK,Remote OK,Data & Governance,Data & Governance,,Remote / Global,MENA,MENA,Live Search,,,2026-07-20,Live search,Remote OK,B,Direct organization or specialist source,Direct,64,Medium,,https://remoteok.com/remote-data-governance-manager-jobs,"Direct platform search for Data Governance Manager in MENA. Sort by newest on the platform and verify employer, date, location eligibility and application route."
search-018478,Live Search,live_search,Data Governance Manager,We Work Remotely,We Work Remotely,Data & Governance,Data & Governance,,Remote / Global,MENA,MENA,Live Search,,,2026-07-20,Live search,We Work Remotely,B,Direct organization or specialist source,Direct,64,Medium,,https://weworkremotely.com/remote-jobs/search?term=Data+Governance+Manager,"Direct platform search for Data Governance Manager in MENA. Sort by newest on the platform and verify employer, date, location eligibility and application route."
search-018479,Live Search,live_search,Data Governance Manager,Remotive,Remotive,Data & Governance,Data & Governance,,Remote / Global,MENA,MENA,Live Search,,,2026-07-20,Live search,Remotive,B,Direct organization or specialist source,Direct,64,Medium,,https://remotive.com/remote-jobs/search?search=Data+Governance+Manager,"Direct platform search for Data Governance Manager in MENA. Sort by newest on the platform and verify employer, date, location eligibility and application route."
search-018480,Live Search,live_search,Data Governance Manager,Remote.co,Remote.co,Data & Governance,Data & Governance,,Remote / Global,MENA,MENA,Live Search,,,2026-07-20,Live search,Remote.co,B,Direct organization or specialist source,Direct,64,Medium,,https://remote.co/remote-jobs/search/?search_keywords=Data+Governance+Manager,"Direct platform search for Data Governance Manager in MENA. Sort by newest on the platform and verify employer, date, location eligibility and application route."
search-018482,Live Search,live_search,Data Governance Manager,Working Nomads,Working Nomads,Data & Governance,Data & Governance,,Remote / Global,MENA,MENA,Live Search,,,2026-07-20,Live search,Working Nomads,B,Direct organization or specialist source,Direct,64,Medium,,https://www.workingnomads.com/remote-jobs?search=Data+Governance+Manager,"Direct platform search for Data Governance Manager in MENA. Sort by newest on the platform and verify employer, date, location eligibility and application route."
search-018485,Live Search,live_search,Data Governance Manager,Himalayas,Himalayas,Data & Governance,Data & Governance,,Remote / Global,MENA,MENA,Live Search,,,2026-07-20,Live search,Himalayas,B,Direct organization or specialist source,Direct,64,Medium,,https://himalayas.app/jobs?search=Data+Governance+Manager,"Direct platform search for Data Governance Manager in MENA. Sort by newest on the platform and verify employer, date, location eligibility and application route."
search-018489,Live Search,live_search,Data Governance Manager,ReliefWeb,ReliefWeb,Data & Governance,Data & Governance,,Remote / Global,MENA,MENA,Live Search,,,2026-07-20,Live search,ReliefWeb,A,Official / primary source,Official,64,Medium,,https://reliefweb.int/jobs?search=Data+Governance+Manager,"Direct platform search for Data Governance Manager in MENA. Sort by newest on the platform and verify employer, date, location eligibility and application route."
search-018491,Live Search,live_search,Data Governance Manager,UNjobs,UNjobs,Data & Governance,Data & Governance,,Remote / Global,MENA,MENA,Live Search,,,2026-07-20,Live search,UNjobs,B,Direct organization or specialist source,Direct,64,Medium,,https://unjobs.org/search/Data%20Governance%20Manager,"Direct platform search for Data Governance Manager in MENA. Sort by newest on the platform and verify employer, date, location eligibility and application route."
search-018492,Live Search,live_search,Data Governance Manager,Upwork,Upwork,Data & Governance,Data & Governance,,Remote / Global,MENA,MENA,Live Search,,,2026-07-20,Live search,Upwork,B,Direct organization or specialist source,Direct,64,Medium,,https://www.upwork.com/nx/search/jobs/?q=Data+Governance+Manager,"Direct project search for Data Governance Manager in MENA. Sort by newest on the platform and verify employer, date, location eligibility and application route."
search-018493,Live Search,live_search,Data Governance Manager,Freelancer,Freelancer,Data & Governance,Data & Governance,,Remote / Global,MENA,MENA,Live Search,,,2026-07-20,Live search,Freelancer,B,Direct organization or specialist source,Direct,64,Medium,,https://www.freelancer.com/jobs/data-governance-manager/,"Direct project search for Data Governance Manager in MENA. Sort by newest on the platform and verify employer, date, location eligibility and application route."
search-018495,Live Search,live_search,Data Governance Manager,Contra,Contra,Data & Governance,Data & Governance,,Remote / Global,MENA,MENA,Live Search,,,2026-07-20,Live search,Contra,B,Direct organization or specialist source,Direct,64,Medium,,https://contra.com/opportunities?query=Data+Governance+Manager,"Direct project search for Data Governance Manager in MENA. Sort by newest on the platform and verify employer, date, location eligibility and application route."
job-00743,Platform-Indexed Vacancy,job,Data Governance Manager — LinkedIn Live Search,Worldwide Remote,Worldwide Remote,Live Job Search,Live Job Search,Technology & Consulting,Remote / Global,Worldwide Remote,Live / varies,Possibly Available,,,2026-07-20,Live search sorted toward newest results,LinkedIn,B,Recognized job platform,Platform,64,Medium,,https://www.linkedin.com/jobs/search/?keywords=Data+Governance+Manager&sortBy=DD&location=Worldwide+Remote,"Global remote live-search pack. This is a live search link, not one fixed vacancy."
job-00843,Platform-Indexed Vacancy,job,Data Governance Manager — LinkedIn Live Search,EMEA Remote,EMEA Remote,Live Job Search,Live Job Search,Technology & Consulting,Remote / Global,EMEA Remote,Live / varies,Possibly Available,,,2026-07-20,Live search sorted toward newest results,LinkedIn,B,Recognized job platform,Platform,64,Medium,,https://www.linkedin.com/jobs/search/?keywords=Data+Governance+Manager&sortBy=DD&location=EMEA+Remote,"Global remote live-search pack. This is a live search link, not one fixed vacancy."
job-00943,Platform-Indexed Vacancy,job,Data Governance Manager — LinkedIn Live Search,Africa Remote,Africa Remote,Live Job Search,Live Job Search,Technology & Consulting,Africa,Africa Remote,Live / varies,Possibly Available,,,2026-07-20,Live search sorted toward newest results,LinkedIn,B,Recognized job platform,Platform,64,Medium,,https://www.linkedin.com/jobs/search/?keywords=Data+Governance+Manager&sortBy=DD&location=Africa+Remote,"Global remote live-search pack. This is a live search link, not one fixed vacancy."
job-01043,Platform-Indexed Vacancy,job,Data Governance Manager — LinkedIn Live Search,Middle East Remote,Middle East Remote,Live Job Search,Live Job Search,Technology & Consulting,Remote / Global,Middle East Remote,Live / varies,Possibly Available,,,2026-07-20,Live search sorted toward newest results,LinkedIn,B,Recognized job platform,Platform,64,Medium,,https://www.linkedin.com/jobs/search/?keywords=Data+Governance+Manager&sortBy=DD&location=Middle+East+Remote,"Global remote live-search pack. This is a live search link, not one fixed vacancy."
job-00745,Platform-Indexed Vacancy,job,Data Governance Manager — RemoteOK Live Search,Worldwide Remote,Worldwide Remote,Live Job Search,Live Job Search,Technology & Consulting,Remote / Global,Worldwide Remote,Live / varies,Possibly Available,,,2026-07-20,Live search sorted toward newest results,RemoteOK,B,Direct organization or specialist source,Direct,64,Medium,,https://remoteok.com/remote-data-governance-manager-jobs,"Global remote live-search pack. This is a live search link, not one fixed vacancy."
job-00845,Platform-Indexed Vacancy,job,Data Governance Manager — RemoteOK Live Search,EMEA Remote,EMEA Remote,Live Job Search,Live Job Search,Technology & Consulting,Remote / Global,EMEA Remote,Live / varies,Possibly Available,,,2026-07-20,Live search sorted toward newest results,RemoteOK,B,Direct organization or specialist source,Direct,64,Medium,,https://remoteok.com/remote-data-governance-manager-jobs,"Global remote live-search pack. This is a live search link, not one fixed vacancy."
job-00945,Platform-Indexed Vacancy,job,Data Governance Manager — RemoteOK Live Search,Africa Remote,Africa Remote,Live Job Search,Live Job Search,Technology & Consulting,Africa,Africa Remote,Live / varies,Possibly Available,,,2026-07-20,Live search sorted toward newest results,RemoteOK,B,Direct organization or specialist source,Direct,64,Medium,,https://remoteok.com/remote-data-governance-manager-jobs,"Global remote live-search pack. This is a live search link, not one fixed vacancy."
job-01045,Platform-Indexed Vacancy,job,Data Governance Manager — RemoteOK Live Search,Middle East Remote,Middle East Remote,Live Job Search,Live Job Search,Technology & Consulting,Remote / Global,Middle East Remote,Live / varies,Possibly Available,,,2026-07-20,Live search sorted toward newest results,RemoteOK,B,Direct organization or specialist source,Direct,64,Medium,,https://remoteok.com/remote-data-governance-manager-jobs,"Global remote live-search pack. This is a live search link, not one fixed vacancy."
job-00746,Platform-Indexed Vacancy,job,Data Governance Manager — Wellfound Live Search,Worldwide Remote,Worldwide Remote,Live Job Search,Live Job Search,Technology & Consulting,Remote / Global,Worldwide Remote,Live / varies,Possibly Available,,,2026-07-20,Live search sorted toward newest results,Wellfound,B,Direct organization or specialist source,Direct,64,Medium,,https://wellfound.com/jobs?q=Data+Governance+Manager&remote=True,"Global remote live-search pack. This is a live search link, not one fixed vacancy."
job-00846,Platform-Indexed Vacancy,job,Data Governance Manager — Wellfound Live Search,EMEA Remote,EMEA Remote,Live Job Search,Live Job Search,Technology & Consulting,Remote / Global,EMEA Remote,Live / varies,Possibly Available,,,2026-07-20,Live search sorted toward newest results,Wellfound,B,Direct organization or specialist source,Direct,64,Medium,,https://wellfound.com/jobs?q=Data+Governance+Manager&remote=True,"Global remote live-search pack. This is a live search link, not one fixed vacancy."
job-00946,Platform-Indexed Vacancy,job,Data Governance Manager — Wellfound Live Search,Africa Remote,Africa Remote,Live Job Search,Live Job Search,Technology & Consulting,Africa,Africa Remote,Live / varies,Possibly Available,,,2026-07-20,Live search sorted toward newest results,Wellfound,B,Direct organization or specialist source,Direct,64,Medium,,https://wellfound.com/jobs?q=Data+Governance+Manager&remote=True,"Global remote live-search pack. This is a live search link, not one fixed vacancy."
job-01046,Platform-Indexed Vacancy,job,Data Governance Manager — Wellfound Live Search,Middle East Remote,Middle East Remote,Live Job Search,Live Job Search,Technology & Consulting,Remote / Global,Middle East Remote,Live / varies,Possibly Available,,,2026-07-20,Live search sorted toward newest results,Wellfound,B,Direct organization or specialist source,Direct,64,Medium,,https://wellfound.com/jobs?q=Data+Governance+Manager&remote=True,"Global remote live-search pack. This is a live search link, not one fixed vacancy."
job-00744,Platform-Indexed Vacancy,job,Data Governance Manager — WeWorkRemotely Live Search,Worldwide Remote,Worldwide Remote,Live Job Search,Live Job Search,Technology & Consulting,Remote / Global,Worldwide Remote,Live / varies,Possibly Available,,,2026-07-20,Live search sorted toward newest results,WeWorkRemotely,B,Direct organization or specialist source,Direct,64,Medium,,https://weworkremotely.com/remote-jobs/search?term=Data+Governance+Manager,"Global remote live-search pack. This is a live search link, not one fixed vacancy."
job-00844,Platform-Indexed Vacancy,job,Data Governance Manager — WeWorkRemotely Live Search,EMEA Remote,EMEA Remote,Live Job Search,Live Job Search,Technology & Consulting,Remote / Global,EMEA Remote,Live / varies,Possibly Available,,,2026-07-20,Live search sorted toward newest results,WeWorkRemotely,B,Direct organization or specialist source,Direct,64,Medium,,https://weworkremotely.com/remote-jobs/search?term=Data+Governance+Manager,"Global remote live-search pack. This is a live search link, not one fixed vacancy."
job-00944,Platform-Indexed Vacancy,job,Data Governance Manager — WeWorkRemotely Live Search,Africa Remote,Africa Remote,Live Job Search,Live Job Search,Technology & Consulting,Africa,Africa Remote,Live / varies,Possibly Available,,,2026-07-20,Live search sorted toward newest results,WeWorkRemotely,B,Direct organization or specialist source,Direct,64,Medium,,https://weworkremotely.com/remote-jobs/search?term=Data+Governance+Manager,"Global remote live-search pack. This is a live search link, not one fixed vacancy."
job-01044,Platform-Indexed Vacancy,job,Data Governance Manager — WeWorkRemotely Live Search,Middle East Remote,Middle East Remote,Live Job Search,Live Job Search,Technology & Consulting,Remote / Global,Middle East Remote,Live / varies,Possibly Available,,,2026-07-20,Live search sorted toward newest results,WeWorkRemotely,B,Direct organization or specialist source,Direct,64,Medium,,https://weworkremotely.com/remote-jobs/search?term=Data+Governance+Manager,"Global remote live-search pack. This is a live search link, not one fixed vacancy."
search-018037,Live Search,live_search,Digital Transformation Director,LinkedIn,LinkedIn,Digital Transformation,Digital Transformation,,Remote / Global,MENA,MENA,Live Search,,,2026-07-20,Live search,LinkedIn,B,Recognized job platform,Platform,64,Medium,,https://www.linkedin.com/jobs/search/?keywords=Digital+Transformation+Director&location=Worldwide&sortBy=DD,"Direct platform search for Digital Transformation Director in MENA. Sort by newest on the platform and verify employer, date, location eligibility and application route."
search-018038,Live Search,live_search,Digital Transformation Director,Indeed,Indeed,Digital Transformation,Digital Transformation,,Remote / Global,MENA,MENA,Live Search,,,2026-07-20,Live search,Indeed,B,Recognized job platform,Platform,64,Medium,,https://www.indeed.com/jobs?q=Digital+Transformation+Director&l=Worldwide&sort=date,"Direct platform search for Digital Transformation Director in MENA. Sort by newest on the platform and verify employer, date, location eligibility and application route."
search-018041,Live Search,live_search,Digital Transformation Director,Careerjet,Careerjet,Digital Transformation,Digital Transformation,,Remote / Global,MENA,MENA,Live Search,,,2026-07-20,Live search,Careerjet,C,Aggregator,Aggregator,64,Medium,,https://www.careerjet.com/search/jobs?s=Digital+Transformation+Director&l=Worldwide,"Direct platform search for Digital Transformation Director in MENA. Sort by newest on the platform and verify employer, date, location eligibility and application route."
search-018042,Live Search,live_search,Digital Transformation Director,Talent.com,Talent.com,Digital Transformation,Digital Transformation,,Remote / Global,MENA,MENA,Live Search,,,2026-07-20,Live search,Talent.com,C,Aggregator,Aggregator,64,Medium,,https://www.talent.com/jobs?k=Digital+Transformation+Director&l=Worldwide,"Direct platform search for Digital Transformation Director in MENA. Sort by newest on the platform and verify employer, date, location eligibility and application route."
search-018043,Live Search,live_search,Digital Transformation Director,Adzuna,Adzuna,Digital Transformation,Digital Transformation,,Remote / Global,MENA,MENA,Live Search,,,2026-07-20,Live search,Adzuna,C,Aggregator,Aggregator,64,Medium,,https://www.adzuna.com/search?q=Digital+Transformation+Director&loc=Worldwide,"Direct platform search for Digital Transformation Director in MENA. Sort by newest on the platform and verify employer, date, location eligibility and application route."
search-018045,Live Search,live_search,Digital Transformation Director,Remote OK,Remote OK,Digital Transformation,Digital Transformation,,Remote / Global,MENA,MENA,Live Search,,,2026-07-20,Live search,Remote OK,B,Direct organization or specialist source,Direct,64,Medium,,https://remoteok.com/remote-digital-transformation-director-jobs,"Direct platform search for Digital Transformation Director in MENA. Sort by newest on the platform and verify employer, date, location eligibility and application route."
search-018046,Live Search,live_search,Digital Transformation Director,We Work Remotely,We Work Remotely,Digital Transformation,Digital Transformation,,Remote / Global,MENA,MENA,Live Search,,,2026-07-20,Live search,We Work Remotely,B,Direct organization or specialist source,Direct,64,Medium,,https://weworkremotely.com/remote-jobs/search?term=Digital+Transformation+Director,"Direct platform search for Digital Transformation Director in MENA. Sort by newest on the platform and verify employer, date, location eligibility and application route."
search-018047,Live Search,live_search,Digital Transformation Director,Remotive,Remotive,Digital Transformation,Digital Transformation,,Remote / Global,MENA,MENA,Live Search,,,2026-07-20,Live search,Remotive,B,Direct organization or specialist source,Direct,64,Medium,,https://remotive.com/remote-jobs/search?search=Digital+Transformation+Director,"Direct platform search for Digital Transformation Director in MENA. Sort by newest on the platform and verify employer, date, location eligibility and application route."
search-018048,Live Search,live_search,Digital Transformation Director,Remote.co,Remote.co,Digital Transformation,Digital Transformation,,Remote / Global,MENA,MENA,Live Search,,,2026-07-20,Live search,Remote.co,B,Direct organization or specialist source,Direct,64,Medium,,https://remote.co/remote-jobs/search/?search_keywords=Digital+Transformation+Director,"Direct platform search for Digital Transformation Director in MENA. Sort by newest on the platform and verify employer, date, location eligibility and application route."
search-018050,Live Search,live_search,Digital Transformation Director,Working Nomads,Working Nomads,Digital Transformation,Digital Transformation,,Remote / Global,MENA,MENA,Live Search,,,2026-07-20,Live search,Working Nomads,B,Direct organization or specialist source,Direct,64,Medium,,https://www.workingnomads.com/remote-jobs?search=Digital+Transformation+Director,"Direct platform search for Digital Transformation Director in MENA. Sort by newest on the platform and verify employer, date, location eligibility and application route."
search-018053,Live Search,live_search,Digital Transformation Director,Himalayas,Himalayas,Digital Transformation,Digital Transformation,,Remote / Global,MENA,MENA,Live Search,,,2026-07-20,Live search,Himalayas,B,Direct organization or specialist source,Direct,64,Medium,,https://himalayas.app/jobs?search=Digital+Transformation+Director,"Direct platform search for Digital Transformation Director in MENA. Sort by newest on the platform and verify employer, date, location eligibility and application route."
search-018057,Live Search,live_search,Digital Transformation Director,ReliefWeb,ReliefWeb,Digital Transformation,Digital Transformation,,Remote / Global,MENA,MENA,Live Search,,,2026-07-20,Live search,ReliefWeb,A,Official / primary source,Official,64,Medium,,https://reliefweb.int/jobs?search=Digital+Transformation+Director,"Direct platform search for Digital Transformation Director in MENA. Sort by newest on the platform and verify employer, date, location eligibility and application route."
search-018059,Live Search,live_search,Digital Transformation Director,UNjobs,UNjobs,Digital Transformation,Digital Transformation,,Remote / Global,MENA,MENA,Live Search,,,2026-07-20,Live search,UNjobs,B,Direct organization or specialist source,Direct,64,Medium,,https://unjobs.org/search/Digital%20Transformation%20Director,"Direct platform search for Digital Transformation Director in MENA. Sort by newest on the platform and verify employer, date, location eligibility and application route."
search-018060,Live Search,live_search,Digital Transformation Director,Upwork,Upwork,Digital Transformation,Digital Transformation,,Remote / Global,MENA,MENA,Live Search,,,2026-07-20,Live search,Upwork,B,Direct organization or specialist source,Direct,64,Medium,,https://www.upwork.com/nx/search/jobs/?q=Digital+Transformation+Director,"Direct project search for Digital Transformation Director in MENA. Sort by newest on the platform and verify employer, date, location eligibility and application route."
search-018061,Live Search,live_search,Digital Transformation Director,Freelancer,Freelancer,Digital Transformation,Digital Transformation,,Remote / Global,MENA,MENA,Live Search,,,2026-07-20,Live search,Freelancer,B,Direct organization or specialist source,Direct,64,Medium,,https://www.freelancer.com/jobs/digital-transformation-director/,"Direct project search for Digital Transformation Director in MENA. Sort by newest on the platform and verify employer, date, location eligibility and application route."
search-018063,Live Search,live_search,Digital Transformation Director,Contra,Contra,Digital Transformation,Digital Transformation,,Remote / Global,MENA,MENA,Live Search,,,2026-07-20,Live search,Contra,B,Direct organization or specialist source,Direct,64,Medium,,https://contra.com/opportunities?query=Digital+Transformation+Director,"Direct project search for Digital Transformation Director in MENA. Sort by newest on the platform and verify employer, date, location eligibility and application route."
job-00711,Platform-Indexed Vacancy,job,Enterprise Architect — LinkedIn Live Search,Worldwide Remote,Worldwide Remote,Live Job Search,Live Job Search,Technology & Consulting,Remote / Global,Worldwide Remote,Live / varies,Possibly Available,,,2026-07-20,Live search sorted toward newest results,LinkedIn,B,Recognized job platform,Platform,64,Medium,,https://www.linkedin.com/jobs/search/?keywords=Enterprise+Architect&sortBy=DD&location=Worldwide+Remote,"Global remote live-search pack. This is a live search link, not one fixed vacancy."
job-00811,Platform-Indexed Vacancy,job,Enterprise Architect — LinkedIn Live Search,EMEA Remote,EMEA Remote,Live Job Search,Live Job Search,Technology & Consulting,Remote / Global,EMEA Remote,Live / varies,Possibly Available,,,2026-07-20,Live search sorted toward newest results,LinkedIn,B,Recognized job platform,Platform,64,Medium,,https://www.linkedin.com/jobs/search/?keywords=Enterprise+Architect&sortBy=DD&location=EMEA+Remote,"Global remote live-search pack. This is a live search link, not one fixed vacancy."
job-00911,Platform-Indexed Vacancy,job,Enterprise Architect — LinkedIn Live Search,Africa Remote,Africa Remote,Live Job Search,Live Job Search,Technology & Consulting,Africa,Africa Remote,Live / varies,Possibly Available,,,2026-07-20,Live search sorted toward newest results,LinkedIn,B,Recognized job platform,Platform,64,Medium,,https://www.linkedin.com/jobs/search/?keywords=Enterprise+Architect&sortBy=DD&location=Africa+Remote,"Global remote live-search pack. This is a live search link, not one fixed vacancy."
job-01011,Platform-Indexed Vacancy,job,Enterprise Architect — LinkedIn Live Search,Middle East Remote,Middle East Remote,Live Job Search,Live Job Search,Technology & Consulting,Remote / Global,Middle East Remote,Live / varies,Possibly Available,,,2026-07-20,Live search sorted toward newest results,LinkedIn,B,Recognized job platform,Platform,64,Medium,,https://www.linkedin.com/jobs/search/?keywords=Enterprise+Architect&sortBy=DD&location=Middle+East+Remote,"Global remote live-search pack. This is a live search link, not one fixed vacancy."
job-00713,Platform-Indexed Vacancy,job,Enterprise Architect — RemoteOK Live Search,Worldwide Remote,Worldwide Remote,Live Job Search,Live Job Search,Technology & Consulting,Remote / Global,Worldwide Remote,Live / varies,Possibly Available,,,2026-07-20,Live search sorted toward newest results,RemoteOK,B,Direct organization or specialist source,Direct,64,Medium,,https://remoteok.com/remote-enterprise-architect-jobs,"Global remote live-search pack. This is a live search link, not one fixed vacancy."
job-00813,Platform-Indexed Vacancy,job,Enterprise Architect — RemoteOK Live Search,EMEA Remote,EMEA Remote,Live Job Search,Live Job Search,Technology & Consulting,Remote / Global,EMEA Remote,Live / varies,Possibly Available,,,2026-07-20,Live search sorted toward newest results,RemoteOK,B,Direct organization or specialist source,Direct,64,Medium,,https://remoteok.com/remote-enterprise-architect-jobs,"Global remote live-search pack. This is a live search link, not one fixed vacancy."
job-00913,Platform-Indexed Vacancy,job,Enterprise Architect — RemoteOK Live Search,Africa Remote,Africa Remote,Live Job Search,Live Job Search,Technology & Consulting,Africa,Africa Remote,Live / varies,Possibly Available,,,2026-07-20,Live search sorted toward newest results,RemoteOK,B,Direct organization or specialist source,Direct,64,Medium,,https://remoteok.com/remote-enterprise-architect-jobs,"Global remote live-search pack. This is a live search link, not one fixed vacancy."
job-01013,Platform-Indexed Vacancy,job,Enterprise Architect — RemoteOK Live Search,Middle East Remote,Middle East Remote,Live Job Search,Live Job Search,Technology & Consulting,Remote / Global,Middle East Remote,Live / varies,Possibly Available,,,2026-07-20,Live search sorted toward newest results,RemoteOK,B,Direct organization or specialist source,Direct,64,Medium,,https://remoteok.com/remote-enterprise-architect-jobs,"Global remote live-search pack. This is a live search link, not one fixed vacancy."
job-00714,Platform-Indexed Vacancy,job,Enterprise Architect — Wellfound Live Search,Worldwide Remote,Worldwide Remote,Live Job Search,Live Job Search,Technology & Consulting,Remote / Global,Worldwide Remote,Live / varies,Possibly Available,,,2026-07-20,Live search sorted toward newest results,Wellfound,B,Direct organization or specialist source,Direct,64,Medium,,https://wellfound.com/jobs?q=Enterprise+Architect&remote=True,"Global remote live-search pack. This is a live search link, not one fixed vacancy."
job-00814,Platform-Indexed Vacancy,job,Enterprise Architect — Wellfound Live Search,EMEA Remote,EMEA Remote,Live Job Search,Live Job Search,Technology & Consulting,Remote / Global,EMEA Remote,Live / varies,Possibly Available,,,2026-07-20,Live search sorted toward newest results,Wellfound,B,Direct organization or specialist source,Direct,64,Medium,,https://wellfound.com/jobs?q=Enterprise+Architect&remote=True,"Global remote live-search pack. This is a live search link, not one fixed vacancy."
job-00914,Platform-Indexed Vacancy,job,Enterprise Architect — Wellfound Live Search,Africa Remote,Africa Remote,Live Job Search,Live Job Search,Technology & Consulting,Africa,Africa Remote,Live / varies,Possibly Available,,,2026-07-20,Live search sorted toward newest results,Wellfound,B,Direct organization or specialist source,Direct,64,Medium,,https://wellfound.com/jobs?q=Enterprise+Architect&remote=True,"Global remote live-search pack. This is a live search link, not one fixed vacancy."
job-01014,Platform-Indexed Vacancy,job,Enterprise Architect — Wellfound Live Search,Middle East Remote,Middle East Remote,Live Job Search,Live Job Search,Technology & Consulting,Remote / Global,Middle East Remote,Live / varies,Possibly Available,,,2026-07-20,Live search sorted toward newest results,Wellfound,B,Direct organization or specialist source,Direct,64,Medium,,https://wellfound.com/jobs?q=Enterprise+Architect&remote=True,"Global remote live-search pack. This is a live search link, not one fixed vacancy."
job-00712,Platform-Indexed Vacancy,job,Enterprise Architect — WeWorkRemotely Live Search,Worldwide Remote,Worldwide Remote,Live Job Search,Live Job Search,Technology & Consulting,Remote / Global,Worldwide Remote,Live / varies,Possibly Available,,,2026-07-20,Live search sorted toward newest results,WeWorkRemotely,B,Direct organization or specialist source,Direct,64,Medium,,https://weworkremotely.com/remote-jobs/search?term=Enterprise+Architect,"Global remote live-search pack. This is a live search link, not one fixed vacancy."
job-00812,Platform-Indexed Vacancy,job,Enterprise Architect — WeWorkRemotely Live Search,EMEA Remote,EMEA Remote,Live Job Search,Live Job Search,Technology & Consulting,Remote / Global,EMEA Remote,Live / varies,Possibly Available,,,2026-07-20,Live search sorted toward newest results,WeWorkRemotely,B,Direct organization or specialist source,Direct,64,Medium,,https://weworkremotely.com/remote-jobs/search?term=Enterprise+Architect,"Global remote live-search pack. This is a live search link, not one fixed vacancy."
job-00912,Platform-Indexed Vacancy,job,Enterprise Architect — WeWorkRemotely Live Search,Africa Remote,Africa Remote,Live Job Search,Live Job Search,Technology & Consulting,Africa,Africa Remote,Live / varies,Possibly Available,,,2026-07-20,Live search sorted toward newest results,WeWorkRemotely,B,Direct organization or specialist source,Direct,64,Medium,,https://weworkremotely.com/remote-jobs/search?term=Enterprise+Architect,"Global remote live-search pack. This is a live search link, not one fixed vacancy."
job-01012,Platform-Indexed Vacancy,job,Enterprise Architect — WeWorkRemotely Live Search,Middle East Remote,Middle East Remote,Live Job Search,Live Job Search,Technology & Consulting,Remote / Global,Middle East Remote,Live / varies,Possibly Available,,,2026-07-20,Live search sorted toward newest results,WeWorkRemotely,B,Direct organization or specialist source,Direct,64,Medium,,https://weworkremotely.com/remote-jobs/search?term=Enterprise+Architect,"Global remote live-search pack. This is a live search link, not one fixed vacancy."
search-017929,Live Search,live_search,Integration Architect,LinkedIn,LinkedIn,Integration Architecture,Integration Architecture,,Remote / Global,MENA,MENA,Live Search,,,2026-07-20,Live search,LinkedIn,B,Recognized job platform,Platform,64,Medium,,https://www.linkedin.com/jobs/search/?keywords=Integration+Architect&location=Worldwide&sortBy=DD,"Direct platform search for Integration Architect in MENA. Sort by newest on the platform and verify employer, date, location eligibility and application route."
search-017930,Live Search,live_search,Integration Architect,Indeed,Indeed,Integration Architecture,Integration Architecture,,Remote / Global,MENA,MENA,Live Search,,,2026-07-20,Live search,Indeed,B,Recognized job platform,Platform,64,Medium,,https://www.indeed.com/jobs?q=Integration+Architect&l=Worldwide&sort=date,"Direct platform search for Integration Architect in MENA. Sort by newest on the platform and verify employer, date, location eligibility and application route."
search-017933,Live Search,live_search,Integration Architect,Careerjet,Careerjet,Integration Architecture,Integration Architecture,,Remote / Global,MENA,MENA,Live Search,,,2026-07-20,Live search,Careerjet,C,Aggregator,Aggregator,64,Medium,,https://www.careerjet.com/search/jobs?s=Integration+Architect&l=Worldwide,"Direct platform search for Integration Architect in MENA. Sort by newest on the platform and verify employer, date, location eligibility and application route."
search-017934,Live Search,live_search,Integration Architect,Talent.com,Talent.com,Integration Architecture,Integration Architecture,,Remote / Global,MENA,MENA,Live Search,,,2026-07-20,Live search,Talent.com,C,Aggregator,Aggregator,64,Medium,,https://www.talent.com/jobs?k=Integration+Architect&l=Worldwide,"Direct platform search for Integration Architect in MENA. Sort by newest on the platform and verify employer, date, location eligibility and application route."
search-017935,Live Search,live_search,Integration Architect,Adzuna,Adzuna,Integration Architecture,Integration Architecture,,Remote / Global,MENA,MENA,Live Search,,,2026-07-20,Live search,Adzuna,C,Aggregator,Aggregator,64,Medium,,https://www.adzuna.com/search?q=Integration+Architect&loc=Worldwide,"Direct platform search for Integration Architect in MENA. Sort by newest on the platform and verify employer, date, location eligibility and application route."
search-017937,Live Search,live_search,Integration Architect,Remote OK,Remote OK,Integration Architecture,Integration Architecture,,Remote / Global,MENA,MENA,Live Search,,,2026-07-20,Live search,Remote OK,B,Direct organization or specialist source,Direct,64,Medium,,https://remoteok.com/remote-integration-architect-jobs,"Direct platform search for Integration Architect in MENA. Sort by newest on the platform and verify employer, date, location eligibility and application route."
search-017938,Live Search,live_search,Integration Architect,We Work Remotely,We Work Remotely,Integration Architecture,Integration Architecture,,Remote / Global,MENA,MENA,Live Search,,,2026-07-20,Live search,We Work Remotely,B,Direct organization or specialist source,Direct,64,Medium,,https://weworkremotely.com/remote-jobs/search?term=Integration+Architect,"Direct platform search for Integration Architect in MENA. Sort by newest on the platform and verify employer, date, location eligibility and application route."
search-017939,Live Search,live_search,Integration Architect,Remotive,Remotive,Integration Architecture,Integration Architecture,,Remote / Global,MENA,MENA,Live Search,,,2026-07-20,Live search,Remotive,B,Direct organization or specialist source,Direct,64,Medium,,https://remotive.com/remote-jobs/search?search=Integration+Architect,"Direct platform search for Integration Architect in MENA. Sort by newest on the platform and verify employer, date, location eligibility and application route."
search-017940,Live Search,live_search,Integration Architect,Remote.co,Remote.co,Integration Architecture,Integration Architecture,,Remote / Global,MENA,MENA,Live Search,,,2026-07-20,Live search,Remote.co,B,Direct organization or specialist source,Direct,64,Medium,,https://remote.co/remote-jobs/search/?search_keywords=Integration+Architect,"Direct platform search for Integration Architect in MENA. Sort by newest on the platform and verify employer, date, location eligibility and application route."
search-017942,Live Search,live_search,Integration Architect,Working Nomads,Working Nomads,Integration Architecture,Integration Architecture,,Remote / Global,MENA,MENA,Live Search,,,2026-07-20,Live search,Working Nomads,B,Direct organization or specialist source,Direct,64,Medium,,https://www.workingnomads.com/remote-jobs?search=Integration+Architect,"Direct platform search for Integration Architect in MENA. Sort by newest on the platform and verify employer, date, location eligibility and application route."
search-017945,Live Search,live_search,Integration Architect,Himalayas,Himalayas,Integration Architecture,Integration Architecture,,Remote / Global,MENA,MENA,Live Search,,,2026-07-20,Live search,Himalayas,B,Direct organization or specialist source,Direct,64,Medium,,https://himalayas.app/jobs?search=Integration+Architect,"Direct platform search for Integration Architect in MENA. Sort by newest on the platform and verify employer, date, location eligibility and application route."
search-017949,Live Search,live_search,Integration Architect,ReliefWeb,ReliefWeb,Integration Architecture,Integration Architecture,,Remote / Global,MENA,MENA,Live Search,,,2026-07-20,Live search,ReliefWeb,A,Official / primary source,Official,64,Medium,,https://reliefweb.int/jobs?search=Integration+Architect,"Direct platform search for Integration Architect in MENA. Sort by newest on the platform and verify employer, date, location eligibility and application route."
search-017951,Live Search,live_search,Integration Architect,UNjobs,UNjobs,Integration Architecture,Integration Architecture,,Remote / Global,MENA,MENA,Live Search,,,2026-07-20,Live search,UNjobs,B,Direct organization or specialist source,Direct,64,Medium,,https://unjobs.org/search/Integration%20Architect,"Direct platform search for Integration Architect in MENA. Sort by newest on the platform and verify employer, date, location eligibility and application route."
search-017952,Live Search,live_search,Integration Architect,Upwork,Upwork,Integration Architecture,Integration Architecture,,Remote / Global,MENA,MENA,Live Search,,,2026-07-20,Live search,Upwork,B,Direct organization or specialist source,Direct,64,Medium,,https://www.upwork.com/nx/search/jobs/?q=Integration+Architect,"Direct project search for Integration Architect in MENA. Sort by newest on the platform and verify employer, date, location eligibility and application route."
search-017953,Live Search,live_search,Integration Architect,Freelancer,Freelancer,Integration Architecture,Integration Architecture,,Remote / Global,MENA,MENA,Live Search,,,2026-07-20,Live search,Freelancer,B,Direct organization or specialist source,Direct,64,Medium,,https://www.freelancer.com/jobs/integration-architect/,"Direct project search for Integration Architect in MENA. Sort by newest on the platform and verify employer, date, location eligibility and application route."
search-017955,Live Search,live_search,Integration Architect,Contra,Contra,Integration Architecture,Integration Architecture,,Remote / Global,MENA,MENA,Live Search,,,2026-07-20,Live search,Contra,B,Direct organization or specialist source,Direct,64,Medium,,https://contra.com/opportunities?query=Integration+Architect,"Direct project search for Integration Architect in MENA. Sort by newest on the platform and verify employer, date, location eligibility and application route."
search-018118,Live Search,live_search,IT Director,LinkedIn,LinkedIn,Technology Leadership,Technology Leadership,,Remote / Global,MENA,MENA,Live Search,,,2026-07-20,Live search,LinkedIn,B,Recognized job platform,Platform,64,Medium,,https://www.linkedin.com/jobs/search/?keywords=IT+Director&location=Worldwide&sortBy=DD,"Direct platform search for IT Director in MENA. Sort by newest on the platform and verify employer, date, location eligibility and application route."
search-018119,Live Search,live_search,IT Director,Indeed,Indeed,Technology Leadership,Technology Leadership,,Remote / Global,MENA,MENA,Live Search,,,2026-07-20,Live search,Indeed,B,Recognized job platform,Platform,64,Medium,,https://www.indeed.com/jobs?q=IT+Director&l=Worldwide&sort=date,"Direct platform search for IT Director in MENA. Sort by newest on the platform and verify employer, date, location eligibility and application route."
search-018122,Live Search,live_search,IT Director,Careerjet,Careerjet,Technology Leadership,Technology Leadership,,Remote / Global,MENA,MENA,Live Search,,,2026-07-20,Live search,Careerjet,C,Aggregator,Aggregator,64,Medium,,https://www.careerjet.com/search/jobs?s=IT+Director&l=Worldwide,"Direct platform search for IT Director in MENA. Sort by newest on the platform and verify employer, date, location eligibility and application route."
search-018123,Live Search,live_search,IT Director,Talent.com,Talent.com,Technology Leadership,Technology Leadership,,Remote / Global,MENA,MENA,Live Search,,,2026-07-20,Live search,Talent.com,C,Aggregator,Aggregator,64,Medium,,https://www.talent.com/jobs?k=IT+Director&l=Worldwide,"Direct platform search for IT Director in MENA. Sort by newest on the platform and verify employer, date, location eligibility and application route."
search-018124,Live Search,live_search,IT Director,Adzuna,Adzuna,Technology Leadership,Technology Leadership,,Remote / Global,MENA,MENA,Live Search,,,2026-07-20,Live search,Adzuna,C,Aggregator,Aggregator,64,Medium,,https://www.adzuna.com/search?q=IT+Director&loc=Worldwide,"Direct platform search for IT Director in MENA. Sort by newest on the platform and verify employer, date, location eligibility and application route."
search-018126,Live Search,live_search,IT Director,Remote OK,Remote OK,Technology Leadership,Technology Leadership,,Remote / Global,MENA,MENA,Live Search,,,2026-07-20,Live search,Remote OK,B,Direct organization or specialist source,Direct,64,Medium,,https://remoteok.com/remote-it-director-jobs,"Direct platform search for IT Director in MENA. Sort by newest on the platform and verify employer, date, location eligibility and application route."
search-018127,Live Search,live_search,IT Director,We Work Remotely,We Work Remotely,Technology Leadership,Technology Leadership,,Remote / Global,MENA,MENA,Live Search,,,2026-07-20,Live search,We Work Remotely,B,Direct organization or specialist source,Direct,64,Medium,,https://weworkremotely.com/remote-jobs/search?term=IT+Director,"Direct platform search for IT Director in MENA. Sort by newest on the platform and verify employer, date, location eligibility and application route."
search-018128,Live Search,live_search,IT Director,Remotive,Remotive,Technology Leadership,Technology Leadership,,Remote / Global,MENA,MENA,Live Search,,,2026-07-20,Live search,Remotive,B,Direct organization or specialist source,Direct,64,Medium,,https://remotive.com/remote-jobs/search?search=IT+Director,"Direct platform search for IT Director in MENA. Sort by newest on the platform and verify employer, date, location eligibility and application route."
search-018129,Live Search,live_search,IT Director,Remote.co,Remote.co,Technology Leadership,Technology Leadership,,Remote / Global,MENA,MENA,Live Search,,,2026-07-20,Live search,Remote.co,B,Direct organization or specialist source,Direct,64,Medium,,https://remote.co/remote-jobs/search/?search_keywords=IT+Director,"Direct platform search for IT Director in MENA. Sort by newest on the platform and verify employer, date, location eligibility and application route."
search-018131,Live Search,live_search,IT Director,Working Nomads,Working Nomads,Technology Leadership,Technology Leadership,,Remote / Global,MENA,MENA,Live Search,,,2026-07-20,Live search,Working Nomads,B,Direct organization or specialist source,Direct,64,Medium,,https://www.workingnomads.com/remote-jobs?search=IT+Director,"Direct platform search for IT Director in MENA. Sort by newest on the platform and verify employer, date, location eligibility and application route."
search-018134,Live Search,live_search,IT Director,Himalayas,Himalayas,Technology Leadership,Technology Leadership,,Remote / Global,MENA,MENA,Live Search,,,2026-07-20,Live search,Himalayas,B,Direct organization or specialist source,Direct,64,Medium,,https://himalayas.app/jobs?search=IT+Director,"Direct platform search for IT Director in MENA. Sort by newest on the platform and verify employer, date, location eligibility and application route."
search-018138,Live Search,live_search,IT Director,ReliefWeb,ReliefWeb,Technology Leadership,Technology Leadership,,Remote / Global,MENA,MENA,Live Search,,,2026-07-20,Live search,ReliefWeb,A,Official / primary source,Official,64,Medium,,https://reliefweb.int/jobs?search=IT+Director,"Direct platform search for IT Director in MENA. Sort by newest on the platform and verify employer, date, location eligibility and application route."
search-018140,Live Search,live_search,IT Director,UNjobs,UNjobs,Technology Leadership,Technology Leadership,,Remote / Global,MENA,MENA,Live Search,,,2026-07-20,Live search,UNjobs,B,Direct organization or specialist source,Direct,64,Medium,,https://unjobs.org/search/IT%20Director,"Direct platform search for IT Director in MENA. Sort by newest on the platform and verify employer, date, location eligibility and application route."
search-018141,Live Search,live_search,IT Director,Upwork,Upwork,Technology Leadership,Technology Leadership,,Remote / Global,MENA,MENA,Live Search,,,2026-07-20,Live search,Upwork,B,Direct organization or specialist source,Direct,64,Medium,,https://www.upwork.com/nx/search/jobs/?q=IT+Director,"Direct project search for IT Director in MENA. Sort by newest on the platform and verify employer, date, location eligibility and application route."
search-018142,Live Search,live_search,IT Director,Freelancer,Freelancer,Technology Leadership,Technology Leadership,,Remote / Global,MENA,MENA,Live Search,,,2026-07-20,Live search,Freelancer,B,Direct organization or specialist source,Direct,64,Medium,,https://www.freelancer.com/jobs/it-director/,"Direct project search for IT Director in MENA. Sort by newest on the platform and verify employer, date, location eligibility and application route."
search-018144,Live Search,live_search,IT Director,Contra,Contra,Technology Leadership,Technology Leadership,,Remote / Global,MENA,MENA,Live Search,,,2026-07-20,Live search,Contra,B,Direct organization or specialist source,Direct,64,Medium,,https://contra.com/opportunities?query=IT+Director,"Direct project search for IT Director in MENA. Sort by newest on the platform and verify employer, date, location eligibility and application route."
job-00723,Platform-Indexed Vacancy,job,IT Director — LinkedIn Live Search,Worldwide Remote,Worldwide Remote,Live Job Search,Live Job Search,Other Multinational & Enterprise,Remote / Global,Worldwide Remote,Live / varies,Possibly Available,,,2026-07-20,Live search sorted toward newest results,LinkedIn,B,Recognized job platform,Platform,64,Medium,,https://www.linkedin.com/jobs/search/?keywords=IT+Director&sortBy=DD&location=Worldwide+Remote,"Global remote live-search pack. This is a live search link, not one fixed vacancy."
job-00823,Platform-Indexed Vacancy,job,IT Director — LinkedIn Live Search,EMEA Remote,EMEA Remote,Live Job Search,Live Job Search,Other Multinational & Enterprise,Remote / Global,EMEA Remote,Live / varies,Possibly Available,,,2026-07-20,Live search sorted toward newest results,LinkedIn,B,Recognized job platform,Platform,64,Medium,,https://www.linkedin.com/jobs/search/?keywords=IT+Director&sortBy=DD&location=EMEA+Remote,"Global remote live-search pack. This is a live search link, not one fixed vacancy."
job-00923,Platform-Indexed Vacancy,job,IT Director — LinkedIn Live Search,Africa Remote,Africa Remote,Live Job Search,Live Job Search,Other Multinational & Enterprise,Africa,Africa Remote,Live / varies,Possibly Available,,,2026-07-20,Live search sorted toward newest results,LinkedIn,B,Recognized job platform,Platform,64,Medium,,https://www.linkedin.com/jobs/search/?keywords=IT+Director&sortBy=DD&location=Africa+Remote,"Global remote live-search pack. This is a live search link, not one fixed vacancy."
job-01023,Platform-Indexed Vacancy,job,IT Director — LinkedIn Live Search,Middle East Remote,Middle East Remote,Live Job Search,Live Job Search,Other Multinational & Enterprise,Remote / Global,Middle East Remote,Live / varies,Possibly Available,,,2026-07-20,Live search sorted toward newest results,LinkedIn,B,Recognized job platform,Platform,64,Medium,,https://www.linkedin.com/jobs/search/?keywords=IT+Director&sortBy=DD&location=Middle+East+Remote,"Global remote live-search pack. This is a live search link, not one fixed vacancy."
job-00725,Platform-Indexed Vacancy,job,IT Director — RemoteOK Live Search,Worldwide Remote,Worldwide Remote,Live Job Search,Live Job Search,Other Multinational & Enterprise,Remote / Global,Worldwide Remote,Live / varies,Possibly Available,,,2026-07-20,Live search sorted toward newest results,RemoteOK,B,Direct organization or specialist source,Direct,64,Medium,,https://remoteok.com/remote-it-director-jobs,"Global remote live-search pack. This is a live search link, not one fixed vacancy."
job-00825,Platform-Indexed Vacancy,job,IT Director — RemoteOK Live Search,EMEA Remote,EMEA Remote,Live Job Search,Live Job Search,Other Multinational & Enterprise,Remote / Global,EMEA Remote,Live / varies,Possibly Available,,,2026-07-20,Live search sorted toward newest results,RemoteOK,B,Direct organization or specialist source,Direct,64,Medium,,https://remoteok.com/remote-it-director-jobs,"Global remote live-search pack. This is a live search link, not one fixed vacancy."
job-00925,Platform-Indexed Vacancy,job,IT Director — RemoteOK Live Search,Africa Remote,Africa Remote,Live Job Search,Live Job Search,Other Multinational & Enterprise,Africa,Africa Remote,Live / varies,Possibly Available,,,2026-07-20,Live search sorted toward newest results,RemoteOK,B,Direct organization or specialist source,Direct,64,Medium,,https://remoteok.com/remote-it-director-jobs,"Global remote live-search pack. This is a live search link, not one fixed vacancy."
job-01025,Platform-Indexed Vacancy,job,IT Director — RemoteOK Live Search,Middle East Remote,Middle East Remote,Live Job Search,Live Job Search,Other Multinational & Enterprise,Remote / Global,Middle East Remote,Live / varies,Possibly Available,,,2026-07-20,Live search sorted toward newest results,RemoteOK,B,Direct organization or specialist source,Direct,64,Medium,,https://remoteok.com/remote-it-director-jobs,"Global remote live-search pack. This is a live search link, not one fixed vacancy."
job-00726,Platform-Indexed Vacancy,job,IT Director — Wellfound Live Search,Worldwide Remote,Worldwide Remote,Live Job Search,Live Job Search,Other Multinational & Enterprise,Remote / Global,Worldwide Remote,Live / varies,Possibly Available,,,2026-07-20,Live search sorted toward newest results,Wellfound,B,Direct organization or specialist source,Direct,64,Medium,,https://wellfound.com/jobs?q=IT+Director&remote=True,"Global remote live-search pack. This is a live search link, not one fixed vacancy."
job-00826,Platform-Indexed Vacancy,job,IT Director — Wellfound Live Search,EMEA Remote,EMEA Remote,Live Job Search,Live Job Search,Other Multinational & Enterprise,Remote / Global,EMEA Remote,Live / varies,Possibly Available,,,2026-07-20,Live search sorted toward newest results,Wellfound,B,Direct organization or specialist source,Direct,64,Medium,,https://wellfound.com/jobs?q=IT+Director&remote=True,"Global remote live-search pack. This is a live search link, not one fixed vacancy."
job-00926,Platform-Indexed Vacancy,job,IT Director — Wellfound Live Search,Africa Remote,Africa Remote,Live Job Search,Live Job Search,Other Multinational & Enterprise,Africa,Africa Remote,Live / varies,Possibly Available,,,2026-07-20,Live search sorted toward newest results,Wellfound,B,Direct organization or specialist source,Direct,64,Medium,,https://wellfound.com/jobs?q=IT+Director&remote=True,"Global remote live-search pack. This is a live search link, not one fixed vacancy."
job-01026,Platform-Indexed Vacancy,job,IT Director — Wellfound Live Search,Middle East Remote,Middle East Remote,Live Job Search,Live Job Search,Other Multinational & Enterprise,Remote / Global,Middle East Remote,Live / varies,Possibly Available,,,2026-07-20,Live search sorted toward newest results,Wellfound,B,Direct organization or specialist source,Direct,64,Medium,,https://wellfound.com/jobs?q=IT+Director&remote=True,"Global remote live-search pack. This is a live search link, not one fixed vacancy."
job-00724,Platform-Indexed Vacancy,job,IT Director — WeWorkRemotely Live Search,Worldwide Remote,Worldwide Remote,Live Job Search,Live Job Search,Other Multinational & Enterprise,Remote / Global,Worldwide Remote,Live / varies,Possibly Available,,,2026-07-20,Live search sorted toward newest results,WeWorkRemotely,B,Direct organization or specialist source,Direct,64,Medium,,https://weworkremotely.com/remote-jobs/search?term=IT+Director,"Global remote live-search pack. This is a live search link, not one fixed vacancy."
job-00824,Platform-Indexed Vacancy,job,IT Director — WeWorkRemotely Live Search,EMEA Remote,EMEA Remote,Live Job Search,Live Job Search,Other Multinational & Enterprise,Remote / Global,EMEA Remote,Live / varies,Possibly Available,,,2026-07-20,Live search sorted toward newest results,WeWorkRemotely,B,Direct organization or specialist source,Direct,64,Medium,,https://weworkremotely.com/remote-jobs/search?term=IT+Director,"Global remote live-search pack. This is a live search link, not one fixed vacancy."
job-00924,Platform-Indexed Vacancy,job,IT Director — WeWorkRemotely Live Search,Africa Remote,Africa Remote,Live Job Search,Live Job Search,Other Multinational & Enterprise,Africa,Africa Remote,Live / varies,Possibly Available,,,2026-07-20,Live search sorted toward newest results,WeWorkRemotely,B,Direct organization or specialist source,Direct,64,Medium,,https://weworkremotely.com/remote-jobs/search?term=IT+Director,"Global remote live-search pack. This is a live search link, not one fixed vacancy."
job-01024,Platform-Indexed Vacancy,job,IT Director — WeWorkRemotely Live Search,Middle East Remote,Middle East Remote,Live Job Search,Live Job Search,Other Multinational & Enterprise,Remote / Global,Middle East Remote,Live / varies,Possibly Available,,,2026-07-20,Live search sorted toward newest results,WeWorkRemotely,B,Direct organization or specialist source,Direct,64,Medium,,https://weworkremotely.com/remote-jobs/search?term=IT+Director,"Global remote live-search pack. This is a live search link, not one fixed vacancy."
job-00705,Verified Vacancy,job,Lead Data Governance Engineer,Canonical,Canonical,Data & Governance,Data & Governance,Technology & Cloud,Remote / Global,Worldwide,EMEA Remote,Available,2026-07-20,,2026-07-24,Current official careers listing,Canonical,A,Official employer / primary source,Official,64,Medium,,https://canonical.com/careers/all?search=App,"Verify eligibility, deadline and work authorization on the linked source before applying."
search-018631,Live Search,live_search,Technical Program Manager,LinkedIn,LinkedIn,Programme & Delivery,Programme & Delivery,,Remote / Global,MENA,MENA,Live Search,,,2026-07-20,Live search,LinkedIn,B,Recognized job platform,Platform,64,Medium,,https://www.linkedin.com/jobs/search/?keywords=Technical+Program+Manager&location=Worldwide&sortBy=DD,"Direct platform search for Technical Program Manager in MENA. Sort by newest on the platform and verify employer, date, location eligibility and application route."
search-018632,Live Search,live_search,Technical Program Manager,Indeed,Indeed,Programme & Delivery,Programme & Delivery,,Remote / Global,MENA,MENA,Live Search,,,2026-07-20,Live search,Indeed,B,Recognized job platform,Platform,64,Medium,,https://www.indeed.com/jobs?q=Technical+Program+Manager&l=Worldwide&sort=date,"Direct platform search for Technical Program Manager in MENA. Sort by newest on the platform and verify employer, date, location eligibility and application route."
search-018635,Live Search,live_search,Technical Program Manager,Careerjet,Careerjet,Programme & Delivery,Programme & Delivery,,Remote / Global,MENA,MENA,Live Search,,,2026-07-20,Live search,Careerjet,C,Aggregator,Aggregator,64,Medium,,https://www.careerjet.com/search/jobs?s=Technical+Program+Manager&l=Worldwide,"Direct platform search for Technical Program Manager in MENA. Sort by newest on the platform and verify employer, date, location eligibility and application route."
search-018636,Live Search,live_search,Technical Program Manager,Talent.com,Talent.com,Programme & Delivery,Programme & Delivery,,Remote / Global,MENA,MENA,Live Search,,,2026-07-20,Live search,Talent.com,C,Aggregator,Aggregator,64,Medium,,https://www.talent.com/jobs?k=Technical+Program+Manager&l=Worldwide,"Direct platform search for Technical Program Manager in MENA. Sort by newest on the platform and verify employer, date, location eligibility and application route."
search-018637,Live Search,live_search,Technical Program Manager,Adzuna,Adzuna,Programme & Delivery,Programme & Delivery,,Remote / Global,MENA,MENA,Live Search,,,2026-07-20,Live search,Adzuna,C,Aggregator,Aggregator,64,Medium,,https://www.adzuna.com/search?q=Technical+Program+Manager&loc=Worldwide,"Direct platform search for Technical Program Manager in MENA. Sort by newest on the platform and verify employer, date, location eligibility and application route."
search-018639,Live Search,live_search,Technical Program Manager,Remote OK,Remote OK,Programme & Delivery,Programme & Delivery,,Remote / Global,MENA,MENA,Live Search,,,2026-07-20,Live search,Remote OK,B,Direct organization or specialist source,Direct,64,Medium,,https://remoteok.com/remote-technical-program-manager-jobs,"Direct platform search for Technical Program Manager in MENA. Sort by newest on the platform and verify employer, date, location eligibility and application route."
search-018640,Live Search,live_search,Technical Program Manager,We Work Remotely,We Work Remotely,Programme & Delivery,Programme & Delivery,,Remote / Global,MENA,MENA,Live Search,,,2026-07-20,Live search,We Work Remotely,B,Direct organization or specialist source,Direct,64,Medium,,https://weworkremotely.com/remote-jobs/search?term=Technical+Program+Manager,"Direct platform search for Technical Program Manager in MENA. Sort by newest on the platform and verify employer, date, location eligibility and application route."
search-018641,Live Search,live_search,Technical Program Manager,Remotive,Remotive,Programme & Delivery,Programme & Delivery,,Remote / Global,MENA,MENA,Live Search,,,2026-07-20,Live search,Remotive,B,Direct organization or specialist source,Direct,64,Medium,,https://remotive.com/remote-jobs/search?search=Technical+Program+Manager,"Direct platform search for Technical Program Manager in MENA. Sort by newest on the platform and verify employer, date, location eligibility and application route."
search-018642,Live Search,live_search,Technical Program Manager,Remote.co,Remote.co,Programme & Delivery,Programme & Delivery,,Remote / Global,MENA,MENA,Live Search,,,2026-07-20,Live search,Remote.co,B,Direct organization or specialist source,Direct,64,Medium,,https://remote.co/remote-jobs/search/?search_keywords=Technical+Program+Manager,"Direct platform search for Technical Program Manager in MENA. Sort by newest on the platform and verify employer, date, location eligibility and application route."
search-018644,Live Search,live_search,Technical Program Manager,Working Nomads,Working Nomads,Programme & Delivery,Programme & Delivery,,Remote / Global,MENA,MENA,Live Search,,,2026-07-20,Live search,Working Nomads,B,Direct organization or specialist source,Direct,64,Medium,,https://www.workingnomads.com/remote-jobs?search=Technical+Program+Manager,"Direct platform search for Technical Program Manager in MENA. Sort by newest on the platform and verify employer, date, location eligibility and application route."
search-018647,Live Search,live_search,Technical Program Manager,Himalayas,Himalayas,Programme & Delivery,Programme & Delivery,,Remote / Global,MENA,MENA,Live Search,,,2026-07-20,Live search,Himalayas,B,Direct organization or specialist source,Direct,64,Medium,,https://himalayas.app/jobs?search=Technical+Program+Manager,"Direct platform search for Technical Program Manager in MENA. Sort by newest on the platform and verify employer, date, location eligibility and application route."
search-018651,Live Search,live_search,Technical Program Manager,ReliefWeb,ReliefWeb,Programme & Delivery,Programme & Delivery,,Remote / Global,MENA,MENA,Live Search,,,2026-07-20,Live search,ReliefWeb,A,Official / primary source,Official,64,Medium,,https://reliefweb.int/jobs?search=Technical+Program+Manager,"Direct platform search for Technical Program Manager in MENA. Sort by newest on the platform and verify employer, date, location eligibility and application route."
search-018653,Live Search,live_search,Technical Program Manager,UNjobs,UNjobs,Programme & Delivery,Programme & Delivery,,Remote / Global,MENA,MENA,Live Search,,,2026-07-20,Live search,UNjobs,B,Direct organization or specialist source,Direct,64,Medium,,https://unjobs.org/search/Technical%20Program%20Manager,"Direct platform search for Technical Program Manager in MENA. Sort by newest on the platform and verify employer, date, location eligibility and application route."
search-018654,Live Search,live_search,Technical Program Manager,Upwork,Upwork,Programme & Delivery,Programme & Delivery,,Remote / Global,MENA,MENA,Live Search,,,2026-07-20,Live search,Upwork,B,Direct organization or specialist source,Direct,64,Medium,,https://www.upwork.com/nx/search/jobs/?q=Technical+Program+Manager,"Direct project search for Technical Program Manager in MENA. Sort by newest on the platform and verify employer, date, location eligibility and application route."
search-018655,Live Search,live_search,Technical Program Manager,Freelancer,Freelancer,Programme & Delivery,Programme & Delivery,,Remote / Global,MENA,MENA,Live Search,,,2026-07-20,Live search,Freelancer,B,Direct organization or specialist source,Direct,64,Medium,,https://www.freelancer.com/jobs/technical-program-manager/,"Direct project search for Technical Program Manager in MENA. Sort by newest on the platform and verify employer, date, location eligibility and application route."
search-018657,Live Search,live_search,Technical Program Manager,Contra,Contra,Programme & Delivery,Programme & Delivery,,Remote / Global,MENA,MENA,Live Search,,,2026-07-20,Live search,Contra,B,Direct organization or specialist source,Direct,64,Medium,,https://contra.com/opportunities?query=Technical+Program+Manager,"Direct project search for Technical Program Manager in MENA. Sort by newest on the platform and verify employer, date, location eligibility and application route."
job-00763,Platform-Indexed Vacancy,job,Technical Program Manager — LinkedIn Live Search,Worldwide Remote,Worldwide Remote,Live Job Search,Live Job Search,Other Multinational & Enterprise,Remote / Global,Worldwide Remote,Live / varies,Possibly Available,,,2026-07-20,Live search sorted toward newest results,LinkedIn,B,Recognized job platform,Platform,64,Medium,,https://www.linkedin.com/jobs/search/?keywords=Technical+Program+Manager&sortBy=DD&location=Worldwide+Remote,"Global remote live-search pack. This is a live search link, not one fixed vacancy."
job-00863,Platform-Indexed Vacancy,job,Technical Program Manager — LinkedIn Live Search,EMEA Remote,EMEA Remote,Live Job Search,Live Job Search,Other Multinational & Enterprise,Remote / Global,EMEA Remote,Live / varies,Possibly Available,,,2026-07-20,Live search sorted toward newest results,LinkedIn,B,Recognized job platform,Platform,64,Medium,,https://www.linkedin.com/jobs/search/?keywords=Technical+Program+Manager&sortBy=DD&location=EMEA+Remote,"Global remote live-search pack. This is a live search link, not one fixed vacancy."
job-00963,Platform-Indexed Vacancy,job,Technical Program Manager — LinkedIn Live Search,Africa Remote,Africa Remote,Live Job Search,Live Job Search,Other Multinational & Enterprise,Africa,Africa Remote,Live / varies,Possibly Available,,,2026-07-20,Live search sorted toward newest results,LinkedIn,B,Recognized job platform,Platform,64,Medium,,https://www.linkedin.com/jobs/search/?keywords=Technical+Program+Manager&sortBy=DD&location=Africa+Remote,"Global remote live-search pack. This is a live search link, not one fixed vacancy."
job-01063,Platform-Indexed Vacancy,job,Technical Program Manager — LinkedIn Live Search,Middle East Remote,Middle East Remote,Live Job Search,Live Job Search,Other Multinational & Enterprise,Remote / Global,Middle East Remote,Live / varies,Possibly Available,,,2026-07-20,Live search sorted toward newest results,LinkedIn,B,Recognized job platform,Platform,64,Medium,,https://www.linkedin.com/jobs/search/?keywords=Technical+Program+Manager&sortBy=DD&location=Middle+East+Remote,"Global remote live-search pack. This is a live search link, not one fixed vacancy."
job-00765,Platform-Indexed Vacancy,job,Technical Program Manager — RemoteOK Live Search,Worldwide Remote,Worldwide Remote,Live Job Search,Live Job Search,Other Multinational & Enterprise,Remote / Global,Worldwide Remote,Live / varies,Possibly Available,,,2026-07-20,Live search sorted toward newest results,RemoteOK,B,Direct organization or specialist source,Direct,64,Medium,,https://remoteok.com/remote-technical-program-manager-jobs,"Global remote live-search pack. This is a live search link, not one fixed vacancy."
job-00865,Platform-Indexed Vacancy,job,Technical Program Manager — RemoteOK Live Search,EMEA Remote,EMEA Remote,Live Job Search,Live Job Search,Other Multinational & Enterprise,Remote / Global,EMEA Remote,Live / varies,Possibly Available,,,2026-07-20,Live search sorted toward newest results,RemoteOK,B,Direct organization or specialist source,Direct,64,Medium,,https://remoteok.com/remote-technical-program-manager-jobs,"Global remote live-search pack. This is a live search link, not one fixed vacancy."
job-00965,Platform-Indexed Vacancy,job,Technical Program Manager — RemoteOK Live Search,Africa Remote,Africa Remote,Live Job Search,Live Job Search,Other Multinational & Enterprise,Africa,Africa Remote,Live / varies,Possibly Available,,,2026-07-20,Live search sorted toward newest results,RemoteOK,B,Direct organization or specialist source,Direct,64,Medium,,https://remoteok.com/remote-technical-program-manager-jobs,"Global remote live-search pack. This is a live search link, not one fixed vacancy."
job-01065,Platform-Indexed Vacancy,job,Technical Program Manager — RemoteOK Live Search,Middle East Remote,Middle East Remote,Live Job Search,Live Job Search,Other Multinational & Enterprise,Remote / Global,Middle East Remote,Live / varies,Possibly Available,,,2026-07-20,Live search sorted toward newest results,RemoteOK,B,Direct organization or specialist source,Direct,64,Medium,,https://remoteok.com/remote-technical-program-manager-jobs,"Global remote live-search pack. This is a live search link, not one fixed vacancy."
job-00766,Platform-Indexed Vacancy,job,Technical Program Manager — Wellfound Live Search,Worldwide Remote,Worldwide Remote,Live Job Search,Live Job Search,Other Multinational & Enterprise,Remote / Global,Worldwide Remote,Live / varies,Possibly Available,,,2026-07-20,Live search sorted toward newest results,Wellfound,B,Direct organization or specialist source,Direct,64,Medium,,https://wellfound.com/jobs?q=Technical+Program+Manager&remote=True,"Global remote live-search pack. This is a live search link, not one fixed vacancy."
job-00866,Platform-Indexed Vacancy,job,Technical Program Manager — Wellfound Live Search,EMEA Remote,EMEA Remote,Live Job Search,Live Job Search,Other Multinational & Enterprise,Remote / Global,EMEA Remote,Live / varies,Possibly Available,,,2026-07-20,Live search sorted toward newest results,Wellfound,B,Direct organization or specialist source,Direct,64,Medium,,https://wellfound.com/jobs?q=Technical+Program+Manager&remote=True,"Global remote live-search pack. This is a live search link, not one fixed vacancy."
job-00966,Platform-Indexed Vacancy,job,Technical Program Manager — Wellfound Live Search,Africa Remote,Africa Remote,Live Job Search,Live Job Search,Other Multinational & Enterprise,Africa,Africa Remote,Live / varies,Possibly Available,,,2026-07-20,Live search sorted toward newest results,Wellfound,B,Direct organization or specialist source,Direct,64,Medium,,https://wellfound.com/jobs?q=Technical+Program+Manager&remote=True,"Global remote live-search pack. This is a live search link, not one fixed vacancy."
job-01066,Platform-Indexed Vacancy,job,Technical Program Manager — Wellfound Live Search,Middle East Remote,Middle East Remote,Live Job Search,Live Job Search,Other Multinational & Enterprise,Remote / Global,Middle East Remote,Live / varies,Possibly Available,,,2026-07-20,Live search sorted toward newest results,Wellfound,B,Direct organization or specialist source,Direct,64,Medium,,https://wellfound.com/jobs?q=Technical+Program+Manager&remote=True,"Global remote live-search pack. This is a live search link, not one fixed vacancy."
job-00764,Platform-Indexed Vacancy,job,Technical Program Manager — WeWorkRemotely Live Search,Worldwide Remote,Worldwide Remote,Live Job Search,Live Job Search,Other Multinational & Enterprise,Remote / Global,Worldwide Remote,Live / varies,Possibly Available,,,2026-07-20,Live search sorted toward newest results,WeWorkRemotely,B,Direct organization or specialist source,Direct,64,Medium,,https://weworkremotely.com/remote-jobs/search?term=Technical+Program+Manager,"Global remote live-search pack. This is a live search link, not one fixed vacancy."
job-00864,Platform-Indexed Vacancy,job,Technical Program Manager — WeWorkRemotely Live Search,EMEA Remote,EMEA Remote,Live Job Search,Live Job Search,Other Multinational & Enterprise,Remote / Global,EMEA Remote,Live / varies,Possibly Available,,,2026-07-20,Live search sorted toward newest results,WeWorkRemotely,B,Direct organization or specialist source,Direct,64,Medium,,https://weworkremotely.com/remote-jobs/search?term=Technical+Program+Manager,"Global remote live-search pack. This is a live search link, not one fixed vacancy."
job-00964,Platform-Indexed Vacancy,job,Technical Program Manager — WeWorkRemotely Live Search,Africa Remote,Africa Remote,Live Job Search,Live Job Search,Other Multinational & Enterprise,Africa,Africa Remote,Live / varies,Possibly Available,,,2026-07-20,Live search sorted toward newest results,WeWorkRemotely,B,Direct organization or specialist source,Direct,64,Medium,,https://weworkremotely.com/remote-jobs/search?term=Technical+Program+Manager,"Global remote live-search pack. This is a live search link, not one fixed vacancy."
job-01064,Platform-Indexed Vacancy,job,Technical Program Manager — WeWorkRemotely Live Search,Middle East Remote,Middle East Remote,Live Job Search,Live Job Search,Other Multinational & Enterprise,Remote / Global,Middle East Remote,Live / varies,Possibly Available,,,2026-07-20,Live search sorted toward newest results,WeWorkRemotely,B,Direct organization or specialist source,Direct,64,Medium,,https://weworkremotely.com/remote-jobs/search?term=Technical+Program+Manager,"Global remote live-search pack. This is a live search link, not one fixed vacancy."
search-018226,Live Search,live_search,Technology Director,LinkedIn,LinkedIn,Technology Leadership,Technology Leadership,,Remote / Global,MENA,MENA,Live Search,,,2026-07-20,Live search,LinkedIn,B,Recognized job platform,Platform,64,Medium,,https://www.linkedin.com/jobs/search/?keywords=Technology+Director&location=Worldwide&sortBy=DD,"Direct platform search for Technology Director in MENA. Sort by newest on the platform and verify employer, date, location eligibility and application route."
search-018227,Live Search,live_search,Technology Director,Indeed,Indeed,Technology Leadership,Technology Leadership,,Remote / Global,MENA,MENA,Live Search,,,2026-07-20,Live search,Indeed,B,Recognized job platform,Platform,64,Medium,,https://www.indeed.com/jobs?q=Technology+Director&l=Worldwide&sort=date,"Direct platform search for Technology Director in MENA. Sort by newest on the platform and verify employer, date, location eligibility and application route."
search-018230,Live Search,live_search,Technology Director,Careerjet,Careerjet,Technology Leadership,Technology Leadership,,Remote / Global,MENA,MENA,Live Search,,,2026-07-20,Live search,Careerjet,C,Aggregator,Aggregator,64,Medium,,https://www.careerjet.com/search/jobs?s=Technology+Director&l=Worldwide,"Direct platform search for Technology Director in MENA. Sort by newest on the platform and verify employer, date, location eligibility and application route."
search-018231,Live Search,live_search,Technology Director,Talent.com,Talent.com,Technology Leadership,Technology Leadership,,Remote / Global,MENA,MENA,Live Search,,,2026-07-20,Live search,Talent.com,C,Aggregator,Aggregator,64,Medium,,https://www.talent.com/jobs?k=Technology+Director&l=Worldwide,"Direct platform search for Technology Director in MENA. Sort by newest on the platform and verify employer, date, location eligibility and application route."
search-018232,Live Search,live_search,Technology Director,Adzuna,Adzuna,Technology Leadership,Technology Leadership,,Remote / Global,MENA,MENA,Live Search,,,2026-07-20,Live search,Adzuna,C,Aggregator,Aggregator,64,Medium,,https://www.adzuna.com/search?q=Technology+Director&loc=Worldwide,"Direct platform search for Technology Director in MENA. Sort by newest on the platform and verify employer, date, location eligibility and application route."
search-018234,Live Search,live_search,Technology Director,Remote OK,Remote OK,Technology Leadership,Technology Leadership,,Remote / Global,MENA,MENA,Live Search,,,2026-07-20,Live search,Remote OK,B,Direct organization or specialist source,Direct,64,Medium,,https://remoteok.com/remote-technology-director-jobs,"Direct platform search for Technology Director in MENA. Sort by newest on the platform and verify employer, date, location eligibility and application route."
search-018235,Live Search,live_search,Technology Director,We Work Remotely,We Work Remotely,Technology Leadership,Technology Leadership,,Remote / Global,MENA,MENA,Live Search,,,2026-07-20,Live search,We Work Remotely,B,Direct organization or specialist source,Direct,64,Medium,,https://weworkremotely.com/remote-jobs/search?term=Technology+Director,"Direct platform search for Technology Director in MENA. Sort by newest on the platform and verify employer, date, location eligibility and application route."
search-018236,Live Search,live_search,Technology Director,Remotive,Remotive,Technology Leadership,Technology Leadership,,Remote / Global,MENA,MENA,Live Search,,,2026-07-20,Live search,Remotive,B,Direct organization or specialist source,Direct,64,Medium,,https://remotive.com/remote-jobs/search?search=Technology+Director,"Direct platform search for Technology Director in MENA. Sort by newest on the platform and verify employer, date, location eligibility and application route."
search-018237,Live Search,live_search,Technology Director,Remote.co,Remote.co,Technology Leadership,Technology Leadership,,Remote / Global,MENA,MENA,Live Search,,,2026-07-20,Live search,Remote.co,B,Direct organization or specialist source,Direct,64,Medium,,https://remote.co/remote-jobs/search/?search_keywords=Technology+Director,"Direct platform search for Technology Director in MENA. Sort by newest on the platform and verify employer, date, location eligibility and application route."
search-018239,Live Search,live_search,Technology Director,Working Nomads,Working Nomads,Technology Leadership,Technology Leadership,,Remote / Global,MENA,MENA,Live Search,,,2026-07-20,Live search,Working Nomads,B,Direct organization or specialist source,Direct,64,Medium,,https://www.workingnomads.com/remote-jobs?search=Technology+Director,"Direct platform search for Technology Director in MENA. Sort by newest on the platform and verify employer, date, location eligibility and application route."
search-018242,Live Search,live_search,Technology Director,Himalayas,Himalayas,Technology Leadership,Technology Leadership,,Remote / Global,MENA,MENA,Live Search,,,2026-07-20,Live search,Himalayas,B,Direct organization or specialist source,Direct,64,Medium,,https://himalayas.app/jobs?search=Technology+Director,"Direct platform search for Technology Director in MENA. Sort by newest on the platform and verify employer, date, location eligibility and application route."
search-018246,Live Search,live_search,Technology Director,ReliefWeb,ReliefWeb,Technology Leadership,Technology Leadership,,Remote / Global,MENA,MENA,Live Search,,,2026-07-20,Live search,ReliefWeb,A,Official / primary source,Official,64,Medium,,https://reliefweb.int/jobs?search=Technology+Director,"Direct platform search for Technology Director in MENA. Sort by newest on the platform and verify employer, date, location eligibility and application route."
search-018248,Live Search,live_search,Technology Director,UNjobs,UNjobs,Technology Leadership,Technology Leadership,,Remote / Global,MENA,MENA,Live Search,,,2026-07-20,Live search,UNjobs,B,Direct organization or specialist source,Direct,64,Medium,,https://unjobs.org/search/Technology%20Director,"Direct platform search for Technology Director in MENA. Sort by newest on the platform and verify employer, date, location eligibility and application route."
search-018249,Live Search,live_search,Technology Director,Upwork,Upwork,Technology Leadership,Technology Leadership,,Remote / Global,MENA,MENA,Live Search,,,2026-07-20,Live search,Upwork,B,Direct organization or specialist source,Direct,64,Medium,,https://www.upwork.com/nx/search/jobs/?q=Technology+Director,"Direct project search for Technology Director in MENA. Sort by newest on the platform and verify employer, date, location eligibility and application route."
search-018250,Live Search,live_search,Technology Director,Freelancer,Freelancer,Technology Leadership,Technology Leadership,,Remote / Global,MENA,MENA,Live Search,,,2026-07-20,Live search,Freelancer,B,Direct organization or specialist source,Direct,64,Medium,,https://www.freelancer.com/jobs/technology-director/,"Direct project search for Technology Director in MENA. Sort by newest on the platform and verify employer, date, location eligibility and application route."
search-018252,Live Search,live_search,Technology Director,Contra,Contra,Technology Leadership,Technology Leadership,,Remote / Global,MENA,MENA,Live Search,,,2026-07-20,Live search,Contra,B,Direct organization or specialist source,Direct,64,Medium,,https://contra.com/opportunities?query=Technology+Director,"Direct project search for Technology Director in MENA. Sort by newest on the platform and verify employer, date, location eligibility and application route."
job-00731,Platform-Indexed Vacancy,job,Technology Director — LinkedIn Live Search,Worldwide Remote,Worldwide Remote,Live Job Search,Live Job Search,Technology & Consulting,Remote / Global,Worldwide Remote,Live / varies,Possibly Available,,,2026-07-20,Live search sorted toward newest results,LinkedIn,B,Recognized job platform,Platform,64,Medium,,https://www.linkedin.com/jobs/search/?keywords=Technology+Director&sortBy=DD&location=Worldwide+Remote,"Global remote live-search pack. This is a live search link, not one fixed vacancy."
job-00831,Platform-Indexed Vacancy,job,Technology Director — LinkedIn Live Search,EMEA Remote,EMEA Remote,Live Job Search,Live Job Search,Technology & Consulting,Remote / Global,EMEA Remote,Live / varies,Possibly Available,,,2026-07-20,Live search sorted toward newest results,LinkedIn,B,Recognized job platform,Platform,64,Medium,,https://www.linkedin.com/jobs/search/?keywords=Technology+Director&sortBy=DD&location=EMEA+Remote,"Global remote live-search pack. This is a live search link, not one fixed vacancy."
job-00931,Platform-Indexed Vacancy,job,Technology Director — LinkedIn Live Search,Africa Remote,Africa Remote,Live Job Search,Live Job Search,Technology & Consulting,Africa,Africa Remote,Live / varies,Possibly Available,,,2026-07-20,Live search sorted toward newest results,LinkedIn,B,Recognized job platform,Platform,64,Medium,,https://www.linkedin.com/jobs/search/?keywords=Technology+Director&sortBy=DD&location=Africa+Remote,"Global remote live-search pack. This is a live search link, not one fixed vacancy."
job-01031,Platform-Indexed Vacancy,job,Technology Director — LinkedIn Live Search,Middle East Remote,Middle East Remote,Live Job Search,Live Job Search,Technology & Consulting,Remote / Global,Middle East Remote,Live / varies,Possibly Available,,,2026-07-20,Live search sorted toward newest results,LinkedIn,B,Recognized job platform,Platform,64,Medium,,https://www.linkedin.com/jobs/search/?keywords=Technology+Director&sortBy=DD&location=Middle+East+Remote,"Global remote live-search pack. This is a live search link, not one fixed vacancy."
job-00733,Platform-Indexed Vacancy,job,Technology Director — RemoteOK Live Search,Worldwide Remote,Worldwide Remote,Live Job Search,Live Job Search,Technology & Consulting,Remote / Global,Worldwide Remote,Live / varies,Possibly Available,,,2026-07-20,Live search sorted toward newest results,RemoteOK,B,Direct organization or specialist source,Direct,64,Medium,,https://remoteok.com/remote-technology-director-jobs,"Global remote live-search pack. This is a live search link, not one fixed vacancy."
job-00833,Platform-Indexed Vacancy,job,Technology Director — RemoteOK Live Search,EMEA Remote,EMEA Remote,Live Job Search,Live Job Search,Technology & Consulting,Remote / Global,EMEA Remote,Live / varies,Possibly Available,,,2026-07-20,Live search sorted toward newest results,RemoteOK,B,Direct organization or specialist source,Direct,64,Medium,,https://remoteok.com/remote-technology-director-jobs,"Global remote live-search pack. This is a live search link, not one fixed vacancy."
job-00933,Platform-Indexed Vacancy,job,Technology Director — RemoteOK Live Search,Africa Remote,Africa Remote,Live Job Search,Live Job Search,Technology & Consulting,Africa,Africa Remote,Live / varies,Possibly Available,,,2026-07-20,Live search sorted toward newest results,RemoteOK,B,Direct organization or specialist source,Direct,64,Medium,,https://remoteok.com/remote-technology-director-jobs,"Global remote live-search pack. This is a live search link, not one fixed vacancy."
job-01033,Platform-Indexed Vacancy,job,Technology Director — RemoteOK Live Search,Middle East Remote,Middle East Remote,Live Job Search,Live Job Search,Technology & Consulting,Remote / Global,Middle East Remote,Live / varies,Possibly Available,,,2026-07-20,Live search sorted toward newest results,RemoteOK,B,Direct organization or specialist source,Direct,64,Medium,,https://remoteok.com/remote-technology-director-jobs,"Global remote live-search pack. This is a live search link, not one fixed vacancy."
job-00734,Platform-Indexed Vacancy,job,Technology Director — Wellfound Live Search,Worldwide Remote,Worldwide Remote,Live Job Search,Live Job Search,Technology & Consulting,Remote / Global,Worldwide Remote,Live / varies,Possibly Available,,,2026-07-20,Live search sorted toward newest results,Wellfound,B,Direct organization or specialist source,Direct,64,Medium,,https://wellfound.com/jobs?q=Technology+Director&remote=True,"Global remote live-search pack. This is a live search link, not one fixed vacancy."
job-00834,Platform-Indexed Vacancy,job,Technology Director — Wellfound Live Search,EMEA Remote,EMEA Remote,Live Job Search,Live Job Search,Technology & Consulting,Remote / Global,EMEA Remote,Live / varies,Possibly Available,,,2026-07-20,Live search sorted toward newest results,Wellfound,B,Direct organization or specialist source,Direct,64,Medium,,https://wellfound.com/jobs?q=Technology+Director&remote=True,"Global remote live-search pack. This is a live search link, not one fixed vacancy."
job-00934,Platform-Indexed Vacancy,job,Technology Director — Wellfound Live Search,Africa Remote,Africa Remote,Live Job Search,Live Job Search,Technology & Consulting,Africa,Africa Remote,Live / varies,Possibly Available,,,2026-07-20,Live search sorted toward newest results,Wellfound,B,Direct organization or specialist source,Direct,64,Medium,,https://wellfound.com/jobs?q=Technology+Director&remote=True,"Global remote live-search pack. This is a live search link, not one fixed vacancy."
job-01034,Platform-Indexed Vacancy,job,Technology Director — Wellfound Live Search,Middle East Remote,Middle East Remote,Live Job Search,Live Job Search,Technology & Consulting,Remote / Global,Middle East Remote,Live / varies,Possibly Available,,,2026-07-20,Live search sorted toward newest results,Wellfound,B,Direct organization or specialist source,Direct,64,Medium,,https://wellfound.com/jobs?q=Technology+Director&remote=True,"Global remote live-search pack. This is a live search link, not one fixed vacancy."
job-00732,Platform-Indexed Vacancy,job,Technology Director — WeWorkRemotely Live Search,Worldwide Remote,Worldwide Remote,Live Job Search,Live Job Search,Technology & Consulting,Remote / Global,Worldwide Remote,Live / varies,Possibly Available,,,2026-07-20,Live search sorted toward newest results,WeWorkRemotely,B,Direct organization or specialist source,Direct,64,Medium,,https://weworkremotely.com/remote-jobs/search?term=Technology+Director,"Global remote live-search pack. This is a live search link, not one fixed vacancy."
job-00832,Platform-Indexed Vacancy,job,Technology Director — WeWorkRemotely Live Search,EMEA Remote,EMEA Remote,Live Job Search,Live Job Search,Technology & Consulting,Remote / Global,EMEA Remote,Live / varies,Possibly Available,,,2026-07-20,Live search sorted toward newest results,WeWorkRemotely,B,Direct organization or specialist source,Direct,64,Medium,,https://weworkremotely.com/remote-jobs/search?term=Technology+Director,"Global remote live-search pack. This is a live search link, not one fixed vacancy."
job-00932,Platform-Indexed Vacancy,job,Technology Director — WeWorkRemotely Live Search,Africa Remote,Africa Remote,Live Job Search,Live Job Search,Technology & Consulting,Africa,Africa Remote,Live / varies,Possibly Available,,,2026-07-20,Live search sorted toward newest results,WeWorkRemotely,B,Direct organization or specialist source,Direct,64,Medium,,https://weworkremotely.com/remote-jobs/search?term=Technology+Director,"Global remote live-search pack. This is a live search link, not one fixed vacancy."
job-01032,Platform-Indexed Vacancy,job,Technology Director — WeWorkRemotely Live Search,Middle East Remote,Middle East Remote,Live Job Search,Live Job Search,Technology & Consulting,Remote / Global,Middle East Remote,Live / varies,Possibly Available,,,2026-07-20,Live search sorted toward newest results,WeWorkRemotely,B,Direct organization or specialist source,Direct,64,Medium,,https://weworkremotely.com/remote-jobs/search?term=Technology+Director,"Global remote live-search pack. This is a live search link, not one fixed vacancy."
job-00193,Platform-Indexed Vacancy,job,"Senior Solutions Architect, MEA",GitLab,GitLab,Solution Architecture,Solution Architecture,Other Multinational & Enterprise,GCC,United Arab Emirates,Remote UAE,Possibly Available,2026-07-20,,2026-07-20,Current official jobs listing,GitLab,B,Direct organization or specialist source,Direct,63,Medium,,https://about.gitlab.com/jobs/all-jobs/,"Verify eligibility, deadline and work authorization on the linked source before applying."
search-018604,Live Search,live_search,AI Solutions Architect,LinkedIn,LinkedIn,Solution Architecture,Solution Architecture,,Remote / Global,MENA,MENA,Live Search,,,2026-07-20,Live search,LinkedIn,B,Recognized job platform,Platform,62,Medium,,https://www.linkedin.com/jobs/search/?keywords=AI+Solutions+Architect&location=Worldwide&sortBy=DD,"Direct platform search for AI Solutions Architect in MENA. Sort by newest on the platform and verify employer, date, location eligibility and application route."
search-018605,Live Search,live_search,AI Solutions Architect,Indeed,Indeed,Solution Architecture,Solution Architecture,,Remote / Global,MENA,MENA,Live Search,,,2026-07-20,Live search,Indeed,B,Recognized job platform,Platform,62,Medium,,https://www.indeed.com/jobs?q=AI+Solutions+Architect&l=Worldwide&sort=date,"Direct platform search for AI Solutions Architect in MENA. Sort by newest on the platform and verify employer, date, location eligibility and application route."
search-018608,Live Search,live_search,AI Solutions Architect,Careerjet,Careerjet,Solution Architecture,Solution Architecture,,Remote / Global,MENA,MENA,Live Search,,,2026-07-20,Live search,Careerjet,C,Aggregator,Aggregator,62,Medium,,https://www.careerjet.com/search/jobs?s=AI+Solutions+Architect&l=Worldwide,"Direct platform search for AI Solutions Architect in MENA. Sort by newest on the platform and verify employer, date, location eligibility and application route."
search-018609,Live Search,live_search,AI Solutions Architect,Talent.com,Talent.com,Solution Architecture,Solution Architecture,,Remote / Global,MENA,MENA,Live Search,,,2026-07-20,Live search,Talent.com,C,Aggregator,Aggregator,62,Medium,,https://www.talent.com/jobs?k=AI+Solutions+Architect&l=Worldwide,"Direct platform search for AI Solutions Architect in MENA. Sort by newest on the platform and verify employer, date, location eligibility and application route."
search-018610,Live Search,live_search,AI Solutions Architect,Adzuna,Adzuna,Solution Architecture,Solution Architecture,,Remote / Global,MENA,MENA,Live Search,,,2026-07-20,Live search,Adzuna,C,Aggregator,Aggregator,62,Medium,,https://www.adzuna.com/search?q=AI+Solutions+Architect&loc=Worldwide,"Direct platform search for AI Solutions Architect in MENA. Sort by newest on the platform and verify employer, date, location eligibility and application route."
search-018612,Live Search,live_search,AI Solutions Architect,Remote OK,Remote OK,Solution Architecture,Solution Architecture,,Remote / Global,MENA,MENA,Live Search,,,2026-07-20,Live search,Remote OK,B,Direct organization or specialist source,Direct,62,Medium,,https://remoteok.com/remote-ai-solutions-architect-jobs,"Direct platform search for AI Solutions Architect in MENA. Sort by newest on the platform and verify employer, date, location eligibility and application route."
search-018613,Live Search,live_search,AI Solutions Architect,We Work Remotely,We Work Remotely,Solution Architecture,Solution Architecture,,Remote / Global,MENA,MENA,Live Search,,,2026-07-20,Live search,We Work Remotely,B,Direct organization or specialist source,Direct,62,Medium,,https://weworkremotely.com/remote-jobs/search?term=AI+Solutions+Architect,"Direct platform search for AI Solutions Architect in MENA. Sort by newest on the platform and verify employer, date, location eligibility and application route."
search-018614,Live Search,live_search,AI Solutions Architect,Remotive,Remotive,Solution Architecture,Solution Architecture,,Remote / Global,MENA,MENA,Live Search,,,2026-07-20,Live search,Remotive,B,Direct organization or specialist source,Direct,62,Medium,,https://remotive.com/remote-jobs/search?search=AI+Solutions+Architect,"Direct platform search for AI Solutions Architect in MENA. Sort by newest on the platform and verify employer, date, location eligibility and application route."
search-018615,Live Search,live_search,AI Solutions Architect,Remote.co,Remote.co,Solution Architecture,Solution Architecture,,Remote / Global,MENA,MENA,Live Search,,,2026-07-20,Live search,Remote.co,B,Direct organization or specialist source,Direct,62,Medium,,https://remote.co/remote-jobs/search/?search_keywords=AI+Solutions+Architect,"Direct platform search for AI Solutions Architect in MENA. Sort by newest on the platform and verify employer, date, location eligibility and application route."
search-018617,Live Search,live_search,AI Solutions Architect,Working Nomads,Working Nomads,Solution Architecture,Solution Architecture,,Remote / Global,MENA,MENA,Live Search,,,2026-07-20,Live search,Working Nomads,B,Direct organization or specialist source,Direct,62,Medium,,https://www.workingnomads.com/remote-jobs?search=AI+Solutions+Architect,"Direct platform search for AI Solutions Architect in MENA. Sort by newest on the platform and verify employer, date, location eligibility and application route."
search-018620,Live Search,live_search,AI Solutions Architect,Himalayas,Himalayas,Solution Architecture,Solution Architecture,,Remote / Global,MENA,MENA,Live Search,,,2026-07-20,Live search,Himalayas,B,Direct organization or specialist source,Direct,62,Medium,,https://himalayas.app/jobs?search=AI+Solutions+Architect,"Direct platform search for AI Solutions Architect in MENA. Sort by newest on the platform and verify employer, date, location eligibility and application route."
search-018624,Live Search,live_search,AI Solutions Architect,ReliefWeb,ReliefWeb,Solution Architecture,Solution Architecture,,Remote / Global,MENA,MENA,Live Search,,,2026-07-20,Live search,ReliefWeb,A,Official / primary source,Official,62,Medium,,https://reliefweb.int/jobs?search=AI+Solutions+Architect,"Direct platform search for AI Solutions Architect in MENA. Sort by newest on the platform and verify employer, date, location eligibility and application route."
search-018626,Live Search,live_search,AI Solutions Architect,UNjobs,UNjobs,Solution Architecture,Solution Architecture,,Remote / Global,MENA,MENA,Live Search,,,2026-07-20,Live search,UNjobs,B,Direct organization or specialist source,Direct,62,Medium,,https://unjobs.org/search/AI%20Solutions%20Architect,"Direct platform search for AI Solutions Architect in MENA. Sort by newest on the platform and verify employer, date, location eligibility and application route."
search-018627,Live Search,live_search,AI Solutions Architect,Upwork,Upwork,Solution Architecture,Solution Architecture,,Remote / Global,MENA,MENA,Live Search,,,2026-07-20,Live search,Upwork,B,Direct organization or specialist source,Direct,62,Medium,,https://www.upwork.com/nx/search/jobs/?q=AI+Solutions+Architect,"Direct project search for AI Solutions Architect in MENA. Sort by newest on the platform and verify employer, date, location eligibility and application route."
search-018628,Live Search,live_search,AI Solutions Architect,Freelancer,Freelancer,Solution Architecture,Solution Architecture,,Remote / Global,MENA,MENA,Live Search,,,2026-07-20,Live search,Freelancer,B,Direct organization or specialist source,Direct,62,Medium,,https://www.freelancer.com/jobs/ai-solutions-architect/,"Direct project search for AI Solutions Architect in MENA. Sort by newest on the platform and verify employer, date, location eligibility and application route."
search-018630,Live Search,live_search,AI Solutions Architect,Contra,Contra,Solution Architecture,Solution Architecture,,Remote / Global,MENA,MENA,Live Search,,,2026-07-20,Live search,Contra,B,Direct organization or specialist source,Direct,62,Medium,,https://contra.com/opportunities?query=AI+Solutions+Architect,"Direct project search for AI Solutions Architect in MENA. Sort by newest on the platform and verify employer, date, location eligibility and application route."
search-018577,Live Search,live_search,AI Strategy Manager,LinkedIn,LinkedIn,IT Strategy & Governance,IT Strategy & Governance,,Remote / Global,MENA,MENA,Live Search,,,2026-07-20,Live search,LinkedIn,B,Recognized job platform,Platform,62,Medium,,https://www.linkedin.com/jobs/search/?keywords=AI+Strategy+Manager&location=Worldwide&sortBy=DD,"Direct platform search for AI Strategy Manager in MENA. Sort by newest on the platform and verify employer, date, location eligibility and application route."
search-018578,Live Search,live_search,AI Strategy Manager,Indeed,Indeed,IT Strategy & Governance,IT Strategy & Governance,,Remote / Global,MENA,MENA,Live Search,,,2026-07-20,Live search,Indeed,B,Recognized job platform,Platform,62,Medium,,https://www.indeed.com/jobs?q=AI+Strategy+Manager&l=Worldwide&sort=date,"Direct platform search for AI Strategy Manager in MENA. Sort by newest on the platform and verify employer, date, location eligibility and application route."
search-018581,Live Search,live_search,AI Strategy Manager,Careerjet,Careerjet,IT Strategy & Governance,IT Strategy & Governance,,Remote / Global,MENA,MENA,Live Search,,,2026-07-20,Live search,Careerjet,C,Aggregator,Aggregator,62,Medium,,https://www.careerjet.com/search/jobs?s=AI+Strategy+Manager&l=Worldwide,"Direct platform search for AI Strategy Manager in MENA. Sort by newest on the platform and verify employer, date, location eligibility and application route."
search-018582,Live Search,live_search,AI Strategy Manager,Talent.com,Talent.com,IT Strategy & Governance,IT Strategy & Governance,,Remote / Global,MENA,MENA,Live Search,,,2026-07-20,Live search,Talent.com,C,Aggregator,Aggregator,62,Medium,,https://www.talent.com/jobs?k=AI+Strategy+Manager&l=Worldwide,"Direct platform search for AI Strategy Manager in MENA. Sort by newest on the platform and verify employer, date, location eligibility and application route."
search-018583,Live Search,live_search,AI Strategy Manager,Adzuna,Adzuna,IT Strategy & Governance,IT Strategy & Governance,,Remote / Global,MENA,MENA,Live Search,,,2026-07-20,Live search,Adzuna,C,Aggregator,Aggregator,62,Medium,,https://www.adzuna.com/search?q=AI+Strategy+Manager&loc=Worldwide,"Direct platform search for AI Strategy Manager in MENA. Sort by newest on the platform and verify employer, date, location eligibility and application route."
search-018585,Live Search,live_search,AI Strategy Manager,Remote OK,Remote OK,IT Strategy & Governance,IT Strategy & Governance,,Remote / Global,MENA,MENA,Live Search,,,2026-07-20,Live search,Remote OK,B,Direct organization or specialist source,Direct,62,Medium,,https://remoteok.com/remote-ai-strategy-manager-jobs,"Direct platform search for AI Strategy Manager in MENA. Sort by newest on the platform and verify employer, date, location eligibility and application route."
search-018586,Live Search,live_search,AI Strategy Manager,We Work Remotely,We Work Remotely,IT Strategy & Governance,IT Strategy & Governance,,Remote / Global,MENA,MENA,Live Search,,,2026-07-20,Live search,We Work Remotely,B,Direct organization or specialist source,Direct,62,Medium,,https://weworkremotely.com/remote-jobs/search?term=AI+Strategy+Manager,"Direct platform search for AI Strategy Manager in MENA. Sort by newest on the platform and verify employer, date, location eligibility and application route."
search-018587,Live Search,live_search,AI Strategy Manager,Remotive,Remotive,IT Strategy & Governance,IT Strategy & Governance,,Remote / Global,MENA,MENA,Live Search,,,2026-07-20,Live search,Remotive,B,Direct organization or specialist source,Direct,62,Medium,,https://remotive.com/remote-jobs/search?search=AI+Strategy+Manager,"Direct platform search for AI Strategy Manager in MENA. Sort by newest on the platform and verify employer, date, location eligibility and application route."
search-018588,Live Search,live_search,AI Strategy Manager,Remote.co,Remote.co,IT Strategy & Governance,IT Strategy & Governance,,Remote / Global,MENA,MENA,Live Search,,,2026-07-20,Live search,Remote.co,B,Direct organization or specialist source,Direct,62,Medium,,https://remote.co/remote-jobs/search/?search_keywords=AI+Strategy+Manager,"Direct platform search for AI Strategy Manager in MENA. Sort by newest on the platform and verify employer, date, location eligibility and application route."
search-018590,Live Search,live_search,AI Strategy Manager,Working Nomads,Working Nomads,IT Strategy & Governance,IT Strategy & Governance,,Remote / Global,MENA,MENA,Live Search,,,2026-07-20,Live search,Working Nomads,B,Direct organization or specialist source,Direct,62,Medium,,https://www.workingnomads.com/remote-jobs?search=AI+Strategy+Manager,"Direct platform search for AI Strategy Manager in MENA. Sort by newest on the platform and verify employer, date, location eligibility and application route."
search-018593,Live Search,live_search,AI Strategy Manager,Himalayas,Himalayas,IT Strategy & Governance,IT Strategy & Governance,,Remote / Global,MENA,MENA,Live Search,,,2026-07-20,Live search,Himalayas,B,Direct organization or specialist source,Direct,62,Medium,,https://himalayas.app/jobs?search=AI+Strategy+Manager,"Direct platform search for AI Strategy Manager in MENA. Sort by newest on the platform and verify employer, date, location eligibility and application route."
search-018597,Live Search,live_search,AI Strategy Manager,ReliefWeb,ReliefWeb,IT Strategy & Governance,IT Strategy & Governance,,Remote / Global,MENA,MENA,Live Search,,,2026-07-20,Live search,ReliefWeb,A,Official / primary source,Official,62,Medium,,https://reliefweb.int/jobs?search=AI+Strategy+Manager,"Direct platform search for AI Strategy Manager in MENA. Sort by newest on the platform and verify employer, date, location eligibility and application route."
search-018599,Live Search,live_search,AI Strategy Manager,UNjobs,UNjobs,IT Strategy & Governance,IT Strategy & Governance,,Remote / Global,MENA,MENA,Live Search,,,2026-07-20,Live search,UNjobs,B,Direct organization or specialist source,Direct,62,Medium,,https://unjobs.org/search/AI%20Strategy%20Manager,"Direct platform search for AI Strategy Manager in MENA. Sort by newest on the platform and verify employer, date, location eligibility and application route."
search-018600,Live Search,live_search,AI Strategy Manager,Upwork,Upwork,IT Strategy & Governance,IT Strategy & Governance,,Remote / Global,MENA,MENA,Live Search,,,2026-07-20,Live search,Upwork,B,Direct organization or specialist source,Direct,62,Medium,,https://www.upwork.com/nx/search/jobs/?q=AI+Strategy+Manager,"Direct project search for AI Strategy Manager in MENA. Sort by newest on the platform and verify employer, date, location eligibility and application route."
search-018601,Live Search,live_search,AI Strategy Manager,Freelancer,Freelancer,IT Strategy & Governance,IT Strategy & Governance,,Remote / Global,MENA,MENA,Live Search,,,2026-07-20,Live search,Freelancer,B,Direct organization or specialist source,Direct,62,Medium,,https://www.freelancer.com/jobs/ai-strategy-manager/,"Direct project search for AI Strategy Manager in MENA. Sort by newest on the platform and verify employer, date, location eligibility and application route."
search-018603,Live Search,live_search,AI Strategy Manager,Contra,Contra,IT Strategy & Governance,IT Strategy & Governance,,Remote / Global,MENA,MENA,Live Search,,,2026-07-20,Live search,Contra,B,Direct organization or specialist source,Direct,62,Medium,,https://contra.com/opportunities?query=AI+Strategy+Manager,"Direct project search for AI Strategy Manager in MENA. Sort by newest on the platform and verify employer, date, location eligibility and application route."
search-017956,Live Search,live_search,Application Architect,LinkedIn,LinkedIn,Solution Architecture,Solution Architecture,,Remote / Global,MENA,MENA,Live Search,,,2026-07-20,Live search,LinkedIn,B,Recognized job platform,Platform,62,Medium,,https://www.linkedin.com/jobs/search/?keywords=Application+Architect&location=Worldwide&sortBy=DD,"Direct platform search for Application Architect in MENA. Sort by newest on the platform and verify employer, date, location eligibility and application route."
search-017957,Live Search,live_search,Application Architect,Indeed,Indeed,Solution Architecture,Solution Architecture,,Remote / Global,MENA,MENA,Live Search,,,2026-07-20,Live search,Indeed,B,Recognized job platform,Platform,62,Medium,,https://www.indeed.com/jobs?q=Application+Architect&l=Worldwide&sort=date,"Direct platform search for Application Architect in MENA. Sort by newest on the platform and verify employer, date, location eligibility and application route."
search-017960,Live Search,live_search,Application Architect,Careerjet,Careerjet,Solution Architecture,Solution Architecture,,Remote / Global,MENA,MENA,Live Search,,,2026-07-20,Live search,Careerjet,C,Aggregator,Aggregator,62,Medium,,https://www.careerjet.com/search/jobs?s=Application+Architect&l=Worldwide,"Direct platform search for Application Architect in MENA. Sort by newest on the platform and verify employer, date, location eligibility and application route."
search-017961,Live Search,live_search,Application Architect,Talent.com,Talent.com,Solution Architecture,Solution Architecture,,Remote / Global,MENA,MENA,Live Search,,,2026-07-20,Live search,Talent.com,C,Aggregator,Aggregator,62,Medium,,https://www.talent.com/jobs?k=Application+Architect&l=Worldwide,"Direct platform search for Application Architect in MENA. Sort by newest on the platform and verify employer, date, location eligibility and application route."
search-017962,Live Search,live_search,Application Architect,Adzuna,Adzuna,Solution Architecture,Solution Architecture,,Remote / Global,MENA,MENA,Live Search,,,2026-07-20,Live search,Adzuna,C,Aggregator,Aggregator,62,Medium,,https://www.adzuna.com/search?q=Application+Architect&loc=Worldwide,"Direct platform search for Application Architect in MENA. Sort by newest on the platform and verify employer, date, location eligibility and application route."
search-017964,Live Search,live_search,Application Architect,Remote OK,Remote OK,Solution Architecture,Solution Architecture,,Remote / Global,MENA,MENA,Live Search,,,2026-07-20,Live search,Remote OK,B,Direct organization or specialist source,Direct,62,Medium,,https://remoteok.com/remote-application-architect-jobs,"Direct platform search for Application Architect in MENA. Sort by newest on the platform and verify employer, date, location eligibility and application route."
search-017965,Live Search,live_search,Application Architect,We Work Remotely,We Work Remotely,Solution Architecture,Solution Architecture,,Remote / Global,MENA,MENA,Live Search,,,2026-07-20,Live search,We Work Remotely,B,Direct organization or specialist source,Direct,62,Medium,,https://weworkremotely.com/remote-jobs/search?term=Application+Architect,"Direct platform search for Application Architect in MENA. Sort by newest on the platform and verify employer, date, location eligibility and application route."
search-017966,Live Search,live_search,Application Architect,Remotive,Remotive,Solution Architecture,Solution Architecture,,Remote / Global,MENA,MENA,Live Search,,,2026-07-20,Live search,Remotive,B,Direct organization or specialist source,Direct,62,Medium,,https://remotive.com/remote-jobs/search?search=Application+Architect,"Direct platform search for Application Architect in MENA. Sort by newest on the platform and verify employer, date, location eligibility and application route."
search-017967,Live Search,live_search,Application Architect,Remote.co,Remote.co,Solution Architecture,Solution Architecture,,Remote / Global,MENA,MENA,Live Search,,,2026-07-20,Live search,Remote.co,B,Direct organization or specialist source,Direct,62,Medium,,https://remote.co/remote-jobs/search/?search_keywords=Application+Architect,"Direct platform search for Application Architect in MENA. Sort by newest on the platform and verify employer, date, location eligibility and application route."
search-017969,Live Search,live_search,Application Architect,Working Nomads,Working Nomads,Solution Architecture,Solution Architecture,,Remote / Global,MENA,MENA,Live Search,,,2026-07-20,Live search,Working Nomads,B,Direct organization or specialist source,Direct,62,Medium,,https://www.workingnomads.com/remote-jobs?search=Application+Architect,"Direct platform search for Application Architect in MENA. Sort by newest on the platform and verify employer, date, location eligibility and application route."
search-017972,Live Search,live_search,Application Architect,Himalayas,Himalayas,Solution Architecture,Solution Architecture,,Remote / Global,MENA,MENA,Live Search,,,2026-07-20,Live search,Himalayas,B,Direct organization or specialist source,Direct,62,Medium,,https://himalayas.app/jobs?search=Application+Architect,"Direct platform search for Application Architect in MENA. Sort by newest on the platform and verify employer, date, location eligibility and application route."
search-017976,Live Search,live_search,Application Architect,ReliefWeb,ReliefWeb,Solution Architecture,Solution Architecture,,Remote / Global,MENA,MENA,Live Search,,,2026-07-20,Live search,ReliefWeb,A,Official / primary source,Official,62,Medium,,https://reliefweb.int/jobs?search=Application+Architect,"Direct platform search for Application Architect in MENA. Sort by newest on the platform and verify employer, date, location eligibility and application route."
search-017978,Live Search,live_search,Application Architect,UNjobs,UNjobs,Solution Architecture,Solution Architecture,,Remote / Global,MENA,MENA,Live Search,,,2026-07-20,Live search,UNjobs,B,Direct organization or specialist source,Direct,62,Medium,,https://unjobs.org/search/Application%20Architect,"Direct platform search for Application Architect in MENA. Sort by newest on the platform and verify employer, date, location eligibility and application route."
search-017979,Live Search,live_search,Application Architect,Upwork,Upwork,Solution Architecture,Solution Architecture,,Remote / Global,MENA,MENA,Live Search,,,2026-07-20,Live search,Upwork,B,Direct organization or specialist source,Direct,62,Medium,,https://www.upwork.com/nx/search/jobs/?q=Application+Architect,"Direct project search for Application Architect in MENA. Sort by newest on the platform and verify employer, date, location eligibility and application route."
search-017980,Live Search,live_search,Application Architect,Freelancer,Freelancer,Solution Architecture,Solution Architecture,,Remote / Global,MENA,MENA,Live Search,,,2026-07-20,Live search,Freelancer,B,Direct organization or specialist source,Direct,62,Medium,,https://www.freelancer.com/jobs/application-architect/,"Direct project search for Application Architect in MENA. Sort by newest on the platform and verify employer, date, location eligibility and application route."
search-017982,Live Search,live_search,Application Architect,Contra,Contra,Solution Architecture,Solution Architecture,,Remote / Global,MENA,MENA,Live Search,,,2026-07-20,Live search,Contra,B,Direct organization or specialist source,Direct,62,Medium,,https://contra.com/opportunities?query=Application+Architect,"Direct project search for Application Architect in MENA. Sort by newest on the platform and verify employer, date, location eligibility and application route."
search-018334,Live Search,live_search,ERP Program Manager,LinkedIn,LinkedIn,Programme & Delivery,Programme & Delivery,,Remote / Global,MENA,MENA,Live Search,,,2026-07-20,Live search,LinkedIn,B,Recognized job platform,Platform,62,Medium,,https://www.linkedin.com/jobs/search/?keywords=ERP+Program+Manager&location=Worldwide&sortBy=DD,"Direct platform search for ERP Program Manager in MENA. Sort by newest on the platform and verify employer, date, location eligibility and application route."
search-018335,Live Search,live_search,ERP Program Manager,Indeed,Indeed,Programme & Delivery,Programme & Delivery,,Remote / Global,MENA,MENA,Live Search,,,2026-07-20,Live search,Indeed,B,Recognized job platform,Platform,62,Medium,,https://www.indeed.com/jobs?q=ERP+Program+Manager&l=Worldwide&sort=date,"Direct platform search for ERP Program Manager in MENA. Sort by newest on the platform and verify employer, date, location eligibility and application route."
search-018338,Live Search,live_search,ERP Program Manager,Careerjet,Careerjet,Programme & Delivery,Programme & Delivery,,Remote / Global,MENA,MENA,Live Search,,,2026-07-20,Live search,Careerjet,C,Aggregator,Aggregator,62,Medium,,https://www.careerjet.com/search/jobs?s=ERP+Program+Manager&l=Worldwide,"Direct platform search for ERP Program Manager in MENA. Sort by newest on the platform and verify employer, date, location eligibility and application route."
search-018339,Live Search,live_search,ERP Program Manager,Talent.com,Talent.com,Programme & Delivery,Programme & Delivery,,Remote / Global,MENA,MENA,Live Search,,,2026-07-20,Live search,Talent.com,C,Aggregator,Aggregator,62,Medium,,https://www.talent.com/jobs?k=ERP+Program+Manager&l=Worldwide,"Direct platform search for ERP Program Manager in MENA. Sort by newest on the platform and verify employer, date, location eligibility and application route."
search-018340,Live Search,live_search,ERP Program Manager,Adzuna,Adzuna,Programme & Delivery,Programme & Delivery,,Remote / Global,MENA,MENA,Live Search,,,2026-07-20,Live search,Adzuna,C,Aggregator,Aggregator,62,Medium,,https://www.adzuna.com/search?q=ERP+Program+Manager&loc=Worldwide,"Direct platform search for ERP Program Manager in MENA. Sort by newest on the platform and verify employer, date, location eligibility and application route."
search-018342,Live Search,live_search,ERP Program Manager,Remote OK,Remote OK,Programme & Delivery,Programme & Delivery,,Remote / Global,MENA,MENA,Live Search,,,2026-07-20,Live search,Remote OK,B,Direct organization or specialist source,Direct,62,Medium,,https://remoteok.com/remote-erp-program-manager-jobs,"Direct platform search for ERP Program Manager in MENA. Sort by newest on the platform and verify employer, date, location eligibility and application route."
search-018343,Live Search,live_search,ERP Program Manager,We Work Remotely,We Work Remotely,Programme & Delivery,Programme & Delivery,,Remote / Global,MENA,MENA,Live Search,,,2026-07-20,Live search,We Work Remotely,B,Direct organization or specialist source,Direct,62,Medium,,https://weworkremotely.com/remote-jobs/search?term=ERP+Program+Manager,"Direct platform search for ERP Program Manager in MENA. Sort by newest on the platform and verify employer, date, location eligibility and application route."
search-018344,Live Search,live_search,ERP Program Manager,Remotive,Remotive,Programme & Delivery,Programme & Delivery,,Remote / Global,MENA,MENA,Live Search,,,2026-07-20,Live search,Remotive,B,Direct organization or specialist source,Direct,62,Medium,,https://remotive.com/remote-jobs/search?search=ERP+Program+Manager,"Direct platform search for ERP Program Manager in MENA. Sort by newest on the platform and verify employer, date, location eligibility and application route."
search-018345,Live Search,live_search,ERP Program Manager,Remote.co,Remote.co,Programme & Delivery,Programme & Delivery,,Remote / Global,MENA,MENA,Live Search,,,2026-07-20,Live search,Remote.co,B,Direct organization or specialist source,Direct,62,Medium,,https://remote.co/remote-jobs/search/?search_keywords=ERP+Program+Manager,"Direct platform search for ERP Program Manager in MENA. Sort by newest on the platform and verify employer, date, location eligibility and application route."
search-018347,Live Search,live_search,ERP Program Manager,Working Nomads,Working Nomads,Programme & Delivery,Programme & Delivery,,Remote / Global,MENA,MENA,Live Search,,,2026-07-20,Live search,Working Nomads,B,Direct organization or specialist source,Direct,62,Medium,,https://www.workingnomads.com/remote-jobs?search=ERP+Program+Manager,"Direct platform search for ERP Program Manager in MENA. Sort by newest on the platform and verify employer, date, location eligibility and application route."
search-018350,Live Search,live_search,ERP Program Manager,Himalayas,Himalayas,Programme & Delivery,Programme & Delivery,,Remote / Global,MENA,MENA,Live Search,,,2026-07-20,Live search,Himalayas,B,Direct organization or specialist source,Direct,62,Medium,,https://himalayas.app/jobs?search=ERP+Program+Manager,"Direct platform search for ERP Program Manager in MENA. Sort by newest on the platform and verify employer, date, location eligibility and application route."
search-018354,Live Search,live_search,ERP Program Manager,ReliefWeb,ReliefWeb,Programme & Delivery,Programme & Delivery,,Remote / Global,MENA,MENA,Live Search,,,2026-07-20,Live search,ReliefWeb,A,Official / primary source,Official,62,Medium,,https://reliefweb.int/jobs?search=ERP+Program+Manager,"Direct platform search for ERP Program Manager in MENA. Sort by newest on the platform and verify employer, date, location eligibility and application route."
search-018356,Live Search,live_search,ERP Program Manager,UNjobs,UNjobs,Programme & Delivery,Programme & Delivery,,Remote / Global,MENA,MENA,Live Search,,,2026-07-20,Live search,UNjobs,B,Direct organization or specialist source,Direct,62,Medium,,https://unjobs.org/search/ERP%20Program%20Manager,"Direct platform search for ERP Program Manager in MENA. Sort by newest on the platform and verify employer, date, location eligibility and application route."
search-018357,Live Search,live_search,ERP Program Manager,Upwork,Upwork,Programme & Delivery,Programme & Delivery,,Remote / Global,MENA,MENA,Live Search,,,2026-07-20,Live search,Upwork,B,Direct organization or specialist source,Direct,62,Medium,,https://www.upwork.com/nx/search/jobs/?q=ERP+Program+Manager,"Direct project search for ERP Program Manager in MENA. Sort by newest on the platform and verify employer, date, location eligibility and application route."
search-018358,Live Search,live_search,ERP Program Manager,Freelancer,Freelancer,Programme & Delivery,Programme & Delivery,,Remote / Global,MENA,MENA,Live Search,,,2026-07-20,Live search,Freelancer,B,Direct organization or specialist source,Direct,62,Medium,,https://www.freelancer.com/jobs/erp-program-manager/,"Direct project search for ERP Program Manager in MENA. Sort by newest on the platform and verify employer, date, location eligibility and application route."
search-018360,Live Search,live_search,ERP Program Manager,Contra,Contra,Programme & Delivery,Programme & Delivery,,Remote / Global,MENA,MENA,Live Search,,,2026-07-20,Live search,Contra,B,Direct organization or specialist source,Direct,62,Medium,,https://contra.com/opportunities?query=ERP+Program+Manager,"Direct project search for ERP Program Manager in MENA. Sort by newest on the platform and verify employer, date, location eligibility and application route."
job-00803,Platform-Indexed Vacancy,job,ERP Program Manager — LinkedIn Live Search,Worldwide Remote,Worldwide Remote,Live Job Search,Live Job Search,Other Multinational & Enterprise,Remote / Global,Worldwide Remote,Live / varies,Possibly Available,,,2026-07-20,Live search sorted toward newest results,LinkedIn,B,Recognized job platform,Platform,62,Medium,,https://www.linkedin.com/jobs/search/?keywords=ERP+Program+Manager&sortBy=DD&location=Worldwide+Remote,"Global remote live-search pack. This is a live search link, not one fixed vacancy."
job-00903,Platform-Indexed Vacancy,job,ERP Program Manager — LinkedIn Live Search,EMEA Remote,EMEA Remote,Live Job Search,Live Job Search,Other Multinational & Enterprise,Remote / Global,EMEA Remote,Live / varies,Possibly Available,,,2026-07-20,Live search sorted toward newest results,LinkedIn,B,Recognized job platform,Platform,62,Medium,,https://www.linkedin.com/jobs/search/?keywords=ERP+Program+Manager&sortBy=DD&location=EMEA+Remote,"Global remote live-search pack. This is a live search link, not one fixed vacancy."
job-01003,Platform-Indexed Vacancy,job,ERP Program Manager — LinkedIn Live Search,Africa Remote,Africa Remote,Live Job Search,Live Job Search,Other Multinational & Enterprise,Africa,Africa Remote,Live / varies,Possibly Available,,,2026-07-20,Live search sorted toward newest results,LinkedIn,B,Recognized job platform,Platform,62,Medium,,https://www.linkedin.com/jobs/search/?keywords=ERP+Program+Manager&sortBy=DD&location=Africa+Remote,"Global remote live-search pack. This is a live search link, not one fixed vacancy."
job-01103,Platform-Indexed Vacancy,job,ERP Program Manager — LinkedIn Live Search,Middle East Remote,Middle East Remote,Live Job Search,Live Job Search,Other Multinational & Enterprise,Remote / Global,Middle East Remote,Live / varies,Possibly Available,,,2026-07-20,Live search sorted toward newest results,LinkedIn,B,Recognized job platform,Platform,62,Medium,,https://www.linkedin.com/jobs/search/?keywords=ERP+Program+Manager&sortBy=DD&location=Middle+East+Remote,"Global remote live-search pack. This is a live search link, not one fixed vacancy."
job-00805,Platform-Indexed Vacancy,job,ERP Program Manager — RemoteOK Live Search,Worldwide Remote,Worldwide Remote,Live Job Search,Live Job Search,Other Multinational & Enterprise,Remote / Global,Worldwide Remote,Live / varies,Possibly Available,,,2026-07-20,Live search sorted toward newest results,RemoteOK,B,Direct organization or specialist source,Direct,62,Medium,,https://remoteok.com/remote-erp-program-manager-jobs,"Global remote live-search pack. This is a live search link, not one fixed vacancy."
job-00905,Platform-Indexed Vacancy,job,ERP Program Manager — RemoteOK Live Search,EMEA Remote,EMEA Remote,Live Job Search,Live Job Search,Other Multinational & Enterprise,Remote / Global,EMEA Remote,Live / varies,Possibly Available,,,2026-07-20,Live search sorted toward newest results,RemoteOK,B,Direct organization or specialist source,Direct,62,Medium,,https://remoteok.com/remote-erp-program-manager-jobs,"Global remote live-search pack. This is a live search link, not one fixed vacancy."
job-01005,Platform-Indexed Vacancy,job,ERP Program Manager — RemoteOK Live Search,Africa Remote,Africa Remote,Live Job Search,Live Job Search,Other Multinational & Enterprise,Africa,Africa Remote,Live / varies,Possibly Available,,,2026-07-20,Live search sorted toward newest results,RemoteOK,B,Direct organization or specialist source,Direct,62,Medium,,https://remoteok.com/remote-erp-program-manager-jobs,"Global remote live-search pack. This is a live search link, not one fixed vacancy."
job-01105,Platform-Indexed Vacancy,job,ERP Program Manager — RemoteOK Live Search,Middle East Remote,Middle East Remote,Live Job Search,Live Job Search,Other Multinational & Enterprise,Remote / Global,Middle East Remote,Live / varies,Possibly Available,,,2026-07-20,Live search sorted toward newest results,RemoteOK,B,Direct organization or specialist source,Direct,62,Medium,,https://remoteok.com/remote-erp-program-manager-jobs,"Global remote live-search pack. This is a live search link, not one fixed vacancy."
job-00806,Platform-Indexed Vacancy,job,ERP Program Manager — Wellfound Live Search,Worldwide Remote,Worldwide Remote,Live Job Search,Live Job Search,Other Multinational & Enterprise,Remote / Global,Worldwide Remote,Live / varies,Possibly Available,,,2026-07-20,Live search sorted toward newest results,Wellfound,B,Direct organization or specialist source,Direct,62,Medium,,https://wellfound.com/jobs?q=ERP+Program+Manager&remote=True,"Global remote live-search pack. This is a live search link, not one fixed vacancy."
job-00906,Platform-Indexed Vacancy,job,ERP Program Manager — Wellfound Live Search,EMEA Remote,EMEA Remote,Live Job Search,Live Job Search,Other Multinational & Enterprise,Remote / Global,EMEA Remote,Live / varies,Possibly Available,,,2026-07-20,Live search sorted toward newest results,Wellfound,B,Direct organization or specialist source,Direct,62,Medium,,https://wellfound.com/jobs?q=ERP+Program+Manager&remote=True,"Global remote live-search pack. This is a live search link, not one fixed vacancy."
job-01006,Platform-Indexed Vacancy,job,ERP Program Manager — Wellfound Live Search,Africa Remote,Africa Remote,Live Job Search,Live Job Search,Other Multinational & Enterprise,Africa,Africa Remote,Live / varies,Possibly Available,,,2026-07-20,Live search sorted toward newest results,Wellfound,B,Direct organization or specialist source,Direct,62,Medium,,https://wellfound.com/jobs?q=ERP+Program+Manager&remote=True,"Global remote live-search pack. This is a live search link, not one fixed vacancy."
job-01106,Platform-Indexed Vacancy,job,ERP Program Manager — Wellfound Live Search,Middle East Remote,Middle East Remote,Live Job Search,Live Job Search,Other Multinational & Enterprise,Remote / Global,Middle East Remote,Live / varies,Possibly Available,,,2026-07-20,Live search sorted toward newest results,Wellfound,B,Direct organization or specialist source,Direct,62,Medium,,https://wellfound.com/jobs?q=ERP+Program+Manager&remote=True,"Global remote live-search pack. This is a live search link, not one fixed vacancy."
job-00804,Platform-Indexed Vacancy,job,ERP Program Manager — WeWorkRemotely Live Search,Worldwide Remote,Worldwide Remote,Live Job Search,Live Job Search,Other Multinational & Enterprise,Remote / Global,Worldwide Remote,Live / varies,Possibly Available,,,2026-07-20,Live search sorted toward newest results,WeWorkRemotely,B,Direct organization or specialist source,Direct,62,Medium,,https://weworkremotely.com/remote-jobs/search?term=ERP+Program+Manager,"Global remote live-search pack. This is a live search link, not one fixed vacancy."
job-00904,Platform-Indexed Vacancy,job,ERP Program Manager — WeWorkRemotely Live Search,EMEA Remote,EMEA Remote,Live Job Search,Live Job Search,Other Multinational & Enterprise,Remote / Global,EMEA Remote,Live / varies,Possibly Available,,,2026-07-20,Live search sorted toward newest results,WeWorkRemotely,B,Direct organization or specialist source,Direct,62,Medium,,https://weworkremotely.com/remote-jobs/search?term=ERP+Program+Manager,"Global remote live-search pack. This is a live search link, not one fixed vacancy."
job-01004,Platform-Indexed Vacancy,job,ERP Program Manager — WeWorkRemotely Live Search,Africa Remote,Africa Remote,Live Job Search,Live Job Search,Other Multinational & Enterprise,Africa,Africa Remote,Live / varies,Possibly Available,,,2026-07-20,Live search sorted toward newest results,WeWorkRemotely,B,Direct organization or specialist source,Direct,62,Medium,,https://weworkremotely.com/remote-jobs/search?term=ERP+Program+Manager,"Global remote live-search pack. This is a live search link, not one fixed vacancy."
job-01104,Platform-Indexed Vacancy,job,ERP Program Manager — WeWorkRemotely Live Search,Middle East Remote,Middle East Remote,Live Job Search,Live Job Search,Other Multinational & Enterprise,Remote / Global,Middle East Remote,Live / varies,Possibly Available,,,2026-07-20,Live search sorted toward newest results,WeWorkRemotely,B,Direct organization or specialist source,Direct,62,Medium,,https://weworkremotely.com/remote-jobs/search?term=ERP+Program+Manager,"Global remote live-search pack. This is a live search link, not one fixed vacancy."
job-00751,Platform-Indexed Vacancy,job,Healthcare IT Manager — LinkedIn Live Search,Worldwide Remote,Worldwide Remote,Live Job Search,Live Job Search,Healthcare & Life Sciences,Remote / Global,Worldwide Remote,Live / varies,Possibly Available,,,2026-07-20,Live search sorted toward newest results,LinkedIn,B,Recognized job platform,Platform,62,Medium,,https://www.linkedin.com/jobs/search/?keywords=Healthcare+IT+Manager&sortBy=DD&location=Worldwide+Remote,"Global remote live-search pack. This is a live search link, not one fixed vacancy."
job-00851,Platform-Indexed Vacancy,job,Healthcare IT Manager — LinkedIn Live Search,EMEA Remote,EMEA Remote,Live Job Search,Live Job Search,Healthcare & Life Sciences,Remote / Global,EMEA Remote,Live / varies,Possibly Available,,,2026-07-20,Live search sorted toward newest results,LinkedIn,B,Recognized job platform,Platform,62,Medium,,https://www.linkedin.com/jobs/search/?keywords=Healthcare+IT+Manager&sortBy=DD&location=EMEA+Remote,"Global remote live-search pack. This is a live search link, not one fixed vacancy."
job-00951,Platform-Indexed Vacancy,job,Healthcare IT Manager — LinkedIn Live Search,Africa Remote,Africa Remote,Live Job Search,Live Job Search,Healthcare & Life Sciences,Africa,Africa Remote,Live / varies,Possibly Available,,,2026-07-20,Live search sorted toward newest results,LinkedIn,B,Recognized job platform,Platform,62,Medium,,https://www.linkedin.com/jobs/search/?keywords=Healthcare+IT+Manager&sortBy=DD&location=Africa+Remote,"Global remote live-search pack. This is a live search link, not one fixed vacancy."
job-01051,Platform-Indexed Vacancy,job,Healthcare IT Manager — LinkedIn Live Search,Middle East Remote,Middle East Remote,Live Job Search,Live Job Search,Healthcare & Life Sciences,Remote / Global,Middle East Remote,Live / varies,Possibly Available,,,2026-07-20,Live search sorted toward newest results,LinkedIn,B,Recognized job platform,Platform,62,Medium,,https://www.linkedin.com/jobs/search/?keywords=Healthcare+IT+Manager&sortBy=DD&location=Middle+East+Remote,"Global remote live-search pack. This is a live search link, not one fixed vacancy."
job-00753,Platform-Indexed Vacancy,job,Healthcare IT Manager — RemoteOK Live Search,Worldwide Remote,Worldwide Remote,Live Job Search,Live Job Search,Healthcare & Life Sciences,Remote / Global,Worldwide Remote,Live / varies,Possibly Available,,,2026-07-20,Live search sorted toward newest results,RemoteOK,B,Direct organization or specialist source,Direct,62,Medium,,https://remoteok.com/remote-healthcare-it-manager-jobs,"Global remote live-search pack. This is a live search link, not one fixed vacancy."
job-00853,Platform-Indexed Vacancy,job,Healthcare IT Manager — RemoteOK Live Search,EMEA Remote,EMEA Remote,Live Job Search,Live Job Search,Healthcare & Life Sciences,Remote / Global,EMEA Remote,Live / varies,Possibly Available,,,2026-07-20,Live search sorted toward newest results,RemoteOK,B,Direct organization or specialist source,Direct,62,Medium,,https://remoteok.com/remote-healthcare-it-manager-jobs,"Global remote live-search pack. This is a live search link, not one fixed vacancy."
job-00953,Platform-Indexed Vacancy,job,Healthcare IT Manager — RemoteOK Live Search,Africa Remote,Africa Remote,Live Job Search,Live Job Search,Healthcare & Life Sciences,Africa,Africa Remote,Live / varies,Possibly Available,,,2026-07-20,Live search sorted toward newest results,RemoteOK,B,Direct organization or specialist source,Direct,62,Medium,,https://remoteok.com/remote-healthcare-it-manager-jobs,"Global remote live-search pack. This is a live search link, not one fixed vacancy."
job-01053,Platform-Indexed Vacancy,job,Healthcare IT Manager — RemoteOK Live Search,Middle East Remote,Middle East Remote,Live Job Search,Live Job Search,Healthcare & Life Sciences,Remote / Global,Middle East Remote,Live / varies,Possibly Available,,,2026-07-20,Live search sorted toward newest results,RemoteOK,B,Direct organization or specialist source,Direct,62,Medium,,https://remoteok.com/remote-healthcare-it-manager-jobs,"Global remote live-search pack. This is a live search link, not one fixed vacancy."
job-00754,Platform-Indexed Vacancy,job,Healthcare IT Manager — Wellfound Live Search,Worldwide Remote,Worldwide Remote,Live Job Search,Live Job Search,Healthcare & Life Sciences,Remote / Global,Worldwide Remote,Live / varies,Possibly Available,,,2026-07-20,Live search sorted toward newest results,Wellfound,B,Direct organization or specialist source,Direct,62,Medium,,https://wellfound.com/jobs?q=Healthcare+IT+Manager&remote=True,"Global remote live-search pack. This is a live search link, not one fixed vacancy."
job-00854,Platform-Indexed Vacancy,job,Healthcare IT Manager — Wellfound Live Search,EMEA Remote,EMEA Remote,Live Job Search,Live Job Search,Healthcare & Life Sciences,Remote / Global,EMEA Remote,Live / varies,Possibly Available,,,2026-07-20,Live search sorted toward newest results,Wellfound,B,Direct organization or specialist source,Direct,62,Medium,,https://wellfound.com/jobs?q=Healthcare+IT+Manager&remote=True,"Global remote live-search pack. This is a live search link, not one fixed vacancy."
job-00954,Platform-Indexed Vacancy,job,Healthcare IT Manager — Wellfound Live Search,Africa Remote,Africa Remote,Live Job Search,Live Job Search,Healthcare & Life Sciences,Africa,Africa Remote,Live / varies,Possibly Available,,,2026-07-20,Live search sorted toward newest results,Wellfound,B,Direct organization or specialist source,Direct,62,Medium,,https://wellfound.com/jobs?q=Healthcare+IT+Manager&remote=True,"Global remote live-search pack. This is a live search link, not one fixed vacancy."
job-01054,Platform-Indexed Vacancy,job,Healthcare IT Manager — Wellfound Live Search,Middle East Remote,Middle East Remote,Live Job Search,Live Job Search,Healthcare & Life Sciences,Remote / Global,Middle East Remote,Live / varies,Possibly Available,,,2026-07-20,Live search sorted toward newest results,Wellfound,B,Direct organization or specialist source,Direct,62,Medium,,https://wellfound.com/jobs?q=Healthcare+IT+Manager&remote=True,"Global remote live-search pack. This is a live search link, not one fixed vacancy."
job-00752,Platform-Indexed Vacancy,job,Healthcare IT Manager — WeWorkRemotely Live Search,Worldwide Remote,Worldwide Remote,Live Job Search,Live Job Search,Healthcare & Life Sciences,Remote / Global,Worldwide Remote,Live / varies,Possibly Available,,,2026-07-20,Live search sorted toward newest results,WeWorkRemotely,B,Direct organization or specialist source,Direct,62,Medium,,https://weworkremotely.com/remote-jobs/search?term=Healthcare+IT+Manager,"Global remote live-search pack. This is a live search link, not one fixed vacancy."
job-00852,Platform-Indexed Vacancy,job,Healthcare IT Manager — WeWorkRemotely Live Search,EMEA Remote,EMEA Remote,Live Job Search,Live Job Search,Healthcare & Life Sciences,Remote / Global,EMEA Remote,Live / varies,Possibly Available,,,2026-07-20,Live search sorted toward newest results,WeWorkRemotely,B,Direct organization or specialist source,Direct,62,Medium,,https://weworkremotely.com/remote-jobs/search?term=Healthcare+IT+Manager,"Global remote live-search pack. This is a live search link, not one fixed vacancy."
job-00952,Platform-Indexed Vacancy,job,Healthcare IT Manager — WeWorkRemotely Live Search,Africa Remote,Africa Remote,Live Job Search,Live Job Search,Healthcare & Life Sciences,Africa,Africa Remote,Live / varies,Possibly Available,,,2026-07-20,Live search sorted toward newest results,WeWorkRemotely,B,Direct organization or specialist source,Direct,62,Medium,,https://weworkremotely.com/remote-jobs/search?term=Healthcare+IT+Manager,"Global remote live-search pack. This is a live search link, not one fixed vacancy."
job-01052,Platform-Indexed Vacancy,job,Healthcare IT Manager — WeWorkRemotely Live Search,Middle East Remote,Middle East Remote,Live Job Search,Live Job Search,Healthcare & Life Sciences,Remote / Global,Middle East Remote,Live / varies,Possibly Available,,,2026-07-20,Live search sorted toward newest results,WeWorkRemotely,B,Direct organization or specialist source,Direct,62,Medium,,https://weworkremotely.com/remote-jobs/search?term=Healthcare+IT+Manager,"Global remote live-search pack. This is a live search link, not one fixed vacancy."
job-00779,Platform-Indexed Vacancy,job,Integration Architect — LinkedIn Live Search,Worldwide Remote,Worldwide Remote,Live Job Search,Live Job Search,Other Multinational & Enterprise,Remote / Global,Worldwide Remote,Live / varies,Possibly Available,,,2026-07-20,Live search sorted toward newest results,LinkedIn,B,Recognized job platform,Platform,62,Medium,,https://www.linkedin.com/jobs/search/?keywords=Integration+Architect&sortBy=DD&location=Worldwide+Remote,"Global remote live-search pack. This is a live search link, not one fixed vacancy."
job-00879,Platform-Indexed Vacancy,job,Integration Architect — LinkedIn Live Search,EMEA Remote,EMEA Remote,Live Job Search,Live Job Search,Other Multinational & Enterprise,Remote / Global,EMEA Remote,Live / varies,Possibly Available,,,2026-07-20,Live search sorted toward newest results,LinkedIn,B,Recognized job platform,Platform,62,Medium,,https://www.linkedin.com/jobs/search/?keywords=Integration+Architect&sortBy=DD&location=EMEA+Remote,"Global remote live-search pack. This is a live search link, not one fixed vacancy."
job-00979,Platform-Indexed Vacancy,job,Integration Architect — LinkedIn Live Search,Africa Remote,Africa Remote,Live Job Search,Live Job Search,Other Multinational & Enterprise,Africa,Africa Remote,Live / varies,Possibly Available,,,2026-07-20,Live search sorted toward newest results,LinkedIn,B,Recognized job platform,Platform,62,Medium,,https://www.linkedin.com/jobs/search/?keywords=Integration+Architect&sortBy=DD&location=Africa+Remote,"Global remote live-search pack. This is a live search link, not one fixed vacancy."
job-01079,Platform-Indexed Vacancy,job,Integration Architect — LinkedIn Live Search,Middle East Remote,Middle East Remote,Live Job Search,Live Job Search,Other Multinational & Enterprise,Remote / Global,Middle East Remote,Live / varies,Possibly Available,,,2026-07-20,Live search sorted toward newest results,LinkedIn,B,Recognized job platform,Platform,62,Medium,,https://www.linkedin.com/jobs/search/?keywords=Integration+Architect&sortBy=DD&location=Middle+East+Remote,"Global remote live-search pack. This is a live search link, not one fixed vacancy."
job-00781,Platform-Indexed Vacancy,job,Integration Architect — RemoteOK Live Search,Worldwide Remote,Worldwide Remote,Live Job Search,Live Job Search,Other Multinational & Enterprise,Remote / Global,Worldwide Remote,Live / varies,Possibly Available,,,2026-07-20,Live search sorted toward newest results,RemoteOK,B,Direct organization or specialist source,Direct,62,Medium,,https://remoteok.com/remote-integration-architect-jobs,"Global remote live-search pack. This is a live search link, not one fixed vacancy."
job-00881,Platform-Indexed Vacancy,job,Integration Architect — RemoteOK Live Search,EMEA Remote,EMEA Remote,Live Job Search,Live Job Search,Other Multinational & Enterprise,Remote / Global,EMEA Remote,Live / varies,Possibly Available,,,2026-07-20,Live search sorted toward newest results,RemoteOK,B,Direct organization or specialist source,Direct,62,Medium,,https://remoteok.com/remote-integration-architect-jobs,"Global remote live-search pack. This is a live search link, not one fixed vacancy."
job-00981,Platform-Indexed Vacancy,job,Integration Architect — RemoteOK Live Search,Africa Remote,Africa Remote,Live Job Search,Live Job Search,Other Multinational & Enterprise,Africa,Africa Remote,Live / varies,Possibly Available,,,2026-07-20,Live search sorted toward newest results,RemoteOK,B,Direct organization or specialist source,Direct,62,Medium,,https://remoteok.com/remote-integration-architect-jobs,"Global remote live-search pack. This is a live search link, not one fixed vacancy."
job-01081,Platform-Indexed Vacancy,job,Integration Architect — RemoteOK Live Search,Middle East Remote,Middle East Remote,Live Job Search,Live Job Search,Other Multinational & Enterprise,Remote / Global,Middle East Remote,Live / varies,Possibly Available,,,2026-07-20,Live search sorted toward newest results,RemoteOK,B,Direct organization or specialist source,Direct,62,Medium,,https://remoteok.com/remote-integration-architect-jobs,"Global remote live-search pack. This is a live search link, not one fixed vacancy."
job-00782,Platform-Indexed Vacancy,job,Integration Architect — Wellfound Live Search,Worldwide Remote,Worldwide Remote,Live Job Search,Live Job Search,Other Multinational & Enterprise,Remote / Global,Worldwide Remote,Live / varies,Possibly Available,,,2026-07-20,Live search sorted toward newest results,Wellfound,B,Direct organization or specialist source,Direct,62,Medium,,https://wellfound.com/jobs?q=Integration+Architect&remote=True,"Global remote live-search pack. This is a live search link, not one fixed vacancy."
job-00882,Platform-Indexed Vacancy,job,Integration Architect — Wellfound Live Search,EMEA Remote,EMEA Remote,Live Job Search,Live Job Search,Other Multinational & Enterprise,Remote / Global,EMEA Remote,Live / varies,Possibly Available,,,2026-07-20,Live search sorted toward newest results,Wellfound,B,Direct organization or specialist source,Direct,62,Medium,,https://wellfound.com/jobs?q=Integration+Architect&remote=True,"Global remote live-search pack. This is a live search link, not one fixed vacancy."
job-00982,Platform-Indexed Vacancy,job,Integration Architect — Wellfound Live Search,Africa Remote,Africa Remote,Live Job Search,Live Job Search,Other Multinational & Enterprise,Africa,Africa Remote,Live / varies,Possibly Available,,,2026-07-20,Live search sorted toward newest results,Wellfound,B,Direct organization or specialist source,Direct,62,Medium,,https://wellfound.com/jobs?q=Integration+Architect&remote=True,"Global remote live-search pack. This is a live search link, not one fixed vacancy."
job-01082,Platform-Indexed Vacancy,job,Integration Architect — Wellfound Live Search,Middle East Remote,Middle East Remote,Live Job Search,Live Job Search,Other Multinational & Enterprise,Remote / Global,Middle East Remote,Live / varies,Possibly Available,,,2026-07-20,Live search sorted toward newest results,Wellfound,B,Direct organization or specialist source,Direct,62,Medium,,https://wellfound.com/jobs?q=Integration+Architect&remote=True,"Global remote live-search pack. This is a live search link, not one fixed vacancy."
job-00780,Platform-Indexed Vacancy,job,Integration Architect — WeWorkRemotely Live Search,Worldwide Remote,Worldwide Remote,Live Job Search,Live Job Search,Other Multinational & Enterprise,Remote / Global,Worldwide Remote,Live / varies,Possibly Available,,,2026-07-20,Live search sorted toward newest results,WeWorkRemotely,B,Direct organization or specialist source,Direct,62,Medium,,https://weworkremotely.com/remote-jobs/search?term=Integration+Architect,"Global remote live-search pack. This is a live search link, not one fixed vacancy."
job-00880,Platform-Indexed Vacancy,job,Integration Architect — WeWorkRemotely Live Search,EMEA Remote,EMEA Remote,Live Job Search,Live Job Search,Other Multinational & Enterprise,Remote / Global,EMEA Remote,Live / varies,Possibly Available,,,2026-07-20,Live search sorted toward newest results,WeWorkRemotely,B,Direct organization or specialist source,Direct,62,Medium,,https://weworkremotely.com/remote-jobs/search?term=Integration+Architect,"Global remote live-search pack. This is a live search link, not one fixed vacancy."
job-00980,Platform-Indexed Vacancy,job,Integration Architect — WeWorkRemotely Live Search,Africa Remote,Africa Remote,Live Job Search,Live Job Search,Other Multinational & Enterprise,Africa,Africa Remote,Live / varies,Possibly Available,,,2026-07-20,Live search sorted toward newest results,WeWorkRemotely,B,Direct organization or specialist source,Direct,62,Medium,,https://weworkremotely.com/remote-jobs/search?term=Integration+Architect,"Global remote live-search pack. This is a live search link, not one fixed vacancy."
job-01080,Platform-Indexed Vacancy,job,Integration Architect — WeWorkRemotely Live Search,Middle East Remote,Middle East Remote,Live Job Search,Live Job Search,Other Multinational & Enterprise,Remote / Global,Middle East Remote,Live / varies,Possibly Available,,,2026-07-20,Live search sorted toward newest results,WeWorkRemotely,B,Direct organization or specialist source,Direct,62,Medium,,https://weworkremotely.com/remote-jobs/search?term=Integration+Architect,"Global remote live-search pack. This is a live search link, not one fixed vacancy."
search-018280,Live Search,live_search,IT Governance Manager,LinkedIn,LinkedIn,IT Strategy & Governance,IT Strategy & Governance,,Remote / Global,MENA,MENA,Live Search,,,2026-07-20,Live search,LinkedIn,B,Recognized job platform,Platform,62,Medium,,https://www.linkedin.com/jobs/search/?keywords=IT+Governance+Manager&location=Worldwide&sortBy=DD,"Direct platform search for IT Governance Manager in MENA. Sort by newest on the platform and verify employer, date, location eligibility and application route."
search-018281,Live Search,live_search,IT Governance Manager,Indeed,Indeed,IT Strategy & Governance,IT Strategy & Governance,,Remote / Global,MENA,MENA,Live Search,,,2026-07-20,Live search,Indeed,B,Recognized job platform,Platform,62,Medium,,https://www.indeed.com/jobs?q=IT+Governance+Manager&l=Worldwide&sort=date,"Direct platform search for IT Governance Manager in MENA. Sort by newest on the platform and verify employer, date, location eligibility and application route."
search-018284,Live Search,live_search,IT Governance Manager,Careerjet,Careerjet,IT Strategy & Governance,IT Strategy & Governance,,Remote / Global,MENA,MENA,Live Search,,,2026-07-20,Live search,Careerjet,C,Aggregator,Aggregator,62,Medium,,https://www.careerjet.com/search/jobs?s=IT+Governance+Manager&l=Worldwide,"Direct platform search for IT Governance Manager in MENA. Sort by newest on the platform and verify employer, date, location eligibility and application route."
search-018285,Live Search,live_search,IT Governance Manager,Talent.com,Talent.com,IT Strategy & Governance,IT Strategy & Governance,,Remote / Global,MENA,MENA,Live Search,,,2026-07-20,Live search,Talent.com,C,Aggregator,Aggregator,62,Medium,,https://www.talent.com/jobs?k=IT+Governance+Manager&l=Worldwide,"Direct platform search for IT Governance Manager in MENA. Sort by newest on the platform and verify employer, date, location eligibility and application route."
search-018286,Live Search,live_search,IT Governance Manager,Adzuna,Adzuna,IT Strategy & Governance,IT Strategy & Governance,,Remote / Global,MENA,MENA,Live Search,,,2026-07-20,Live search,Adzuna,C,Aggregator,Aggregator,62,Medium,,https://www.adzuna.com/search?q=IT+Governance+Manager&loc=Worldwide,"Direct platform search for IT Governance Manager in MENA. Sort by newest on the platform and verify employer, date, location eligibility and application route."
search-018288,Live Search,live_search,IT Governance Manager,Remote OK,Remote OK,IT Strategy & Governance,IT Strategy & Governance,,Remote / Global,MENA,MENA,Live Search,,,2026-07-20,Live search,Remote OK,B,Direct organization or specialist source,Direct,62,Medium,,https://remoteok.com/remote-it-governance-manager-jobs,"Direct platform search for IT Governance Manager in MENA. Sort by newest on the platform and verify employer, date, location eligibility and application route."
search-018289,Live Search,live_search,IT Governance Manager,We Work Remotely,We Work Remotely,IT Strategy & Governance,IT Strategy & Governance,,Remote / Global,MENA,MENA,Live Search,,,2026-07-20,Live search,We Work Remotely,B,Direct organization or specialist source,Direct,62,Medium,,https://weworkremotely.com/remote-jobs/search?term=IT+Governance+Manager,"Direct platform search for IT Governance Manager in MENA. Sort by newest on the platform and verify employer, date, location eligibility and application route."
search-018290,Live Search,live_search,IT Governance Manager,Remotive,Remotive,IT Strategy & Governance,IT Strategy & Governance,,Remote / Global,MENA,MENA,Live Search,,,2026-07-20,Live search,Remotive,B,Direct organization or specialist source,Direct,62,Medium,,https://remotive.com/remote-jobs/search?search=IT+Governance+Manager,"Direct platform search for IT Governance Manager in MENA. Sort by newest on the platform and verify employer, date, location eligibility and application route."
search-018291,Live Search,live_search,IT Governance Manager,Remote.co,Remote.co,IT Strategy & Governance,IT Strategy & Governance,,Remote / Global,MENA,MENA,Live Search,,,2026-07-20,Live search,Remote.co,B,Direct organization or specialist source,Direct,62,Medium,,https://remote.co/remote-jobs/search/?search_keywords=IT+Governance+Manager,"Direct platform search for IT Governance Manager in MENA. Sort by newest on the platform and verify employer, date, location eligibility and application route."
search-018293,Live Search,live_search,IT Governance Manager,Working Nomads,Working Nomads,IT Strategy & Governance,IT Strategy & Governance,,Remote / Global,MENA,MENA,Live Search,,,2026-07-20,Live search,Working Nomads,B,Direct organization or specialist source,Direct,62,Medium,,https://www.workingnomads.com/remote-jobs?search=IT+Governance+Manager,"Direct platform search for IT Governance Manager in MENA. Sort by newest on the platform and verify employer, date, location eligibility and application route."
search-018296,Live Search,live_search,IT Governance Manager,Himalayas,Himalayas,IT Strategy & Governance,IT Strategy & Governance,,Remote / Global,MENA,MENA,Live Search,,,2026-07-20,Live search,Himalayas,B,Direct organization or specialist source,Direct,62,Medium,,https://himalayas.app/jobs?search=IT+Governance+Manager,"Direct platform search for IT Governance Manager in MENA. Sort by newest on the platform and verify employer, date, location eligibility and application route."
search-018300,Live Search,live_search,IT Governance Manager,ReliefWeb,ReliefWeb,IT Strategy & Governance,IT Strategy & Governance,,Remote / Global,MENA,MENA,Live Search,,,2026-07-20,Live search,ReliefWeb,A,Official / primary source,Official,62,Medium,,https://reliefweb.int/jobs?search=IT+Governance+Manager,"Direct platform search for IT Governance Manager in MENA. Sort by newest on the platform and verify employer, date, location eligibility and application route."
search-018302,Live Search,live_search,IT Governance Manager,UNjobs,UNjobs,IT Strategy & Governance,IT Strategy & Governance,,Remote / Global,MENA,MENA,Live Search,,,2026-07-20,Live search,UNjobs,B,Direct organization or specialist source,Direct,62,Medium,,https://unjobs.org/search/IT%20Governance%20Manager,"Direct platform search for IT Governance Manager in MENA. Sort by newest on the platform and verify employer, date, location eligibility and application route."
search-018303,Live Search,live_search,IT Governance Manager,Upwork,Upwork,IT Strategy & Governance,IT Strategy & Governance,,Remote / Global,MENA,MENA,Live Search,,,2026-07-20,Live search,Upwork,B,Direct organization or specialist source,Direct,62,Medium,,https://www.upwork.com/nx/search/jobs/?q=IT+Governance+Manager,"Direct project search for IT Governance Manager in MENA. Sort by newest on the platform and verify employer, date, location eligibility and application route."
search-018304,Live Search,live_search,IT Governance Manager,Freelancer,Freelancer,IT Strategy & Governance,IT Strategy & Governance,,Remote / Global,MENA,MENA,Live Search,,,2026-07-20,Live search,Freelancer,B,Direct organization or specialist source,Direct,62,Medium,,https://www.freelancer.com/jobs/it-governance-manager/,"Direct project search for IT Governance Manager in MENA. Sort by newest on the platform and verify employer, date, location eligibility and application route."
search-018306,Live Search,live_search,IT Governance Manager,Contra,Contra,IT Strategy & Governance,IT Strategy & Governance,,Remote / Global,MENA,MENA,Live Search,,,2026-07-20,Live search,Contra,B,Direct organization or specialist source,Direct,62,Medium,,https://contra.com/opportunities?query=IT+Governance+Manager,"Direct project search for IT Governance Manager in MENA. Sort by newest on the platform and verify employer, date, location eligibility and application route."
search-018955,Live Search,live_search,IT Portfolio Manager,LinkedIn,LinkedIn,IT Strategy & Governance,IT Strategy & Governance,,Remote / Global,MENA,MENA,Live Search,,,2026-07-20,Live search,LinkedIn,B,Recognized job platform,Platform,62,Medium,,https://www.linkedin.com/jobs/search/?keywords=IT+Portfolio+Manager&location=Worldwide&sortBy=DD,"Direct platform search for IT Portfolio Manager in MENA. Sort by newest on the platform and verify employer, date, location eligibility and application route."
search-018956,Live Search,live_search,IT Portfolio Manager,Indeed,Indeed,IT Strategy & Governance,IT Strategy & Governance,,Remote / Global,MENA,MENA,Live Search,,,2026-07-20,Live search,Indeed,B,Recognized job platform,Platform,62,Medium,,https://www.indeed.com/jobs?q=IT+Portfolio+Manager&l=Worldwide&sort=date,"Direct platform search for IT Portfolio Manager in MENA. Sort by newest on the platform and verify employer, date, location eligibility and application route."
search-018959,Live Search,live_search,IT Portfolio Manager,Careerjet,Careerjet,IT Strategy & Governance,IT Strategy & Governance,,Remote / Global,MENA,MENA,Live Search,,,2026-07-20,Live search,Careerjet,C,Aggregator,Aggregator,62,Medium,,https://www.careerjet.com/search/jobs?s=IT+Portfolio+Manager&l=Worldwide,"Direct platform search for IT Portfolio Manager in MENA. Sort by newest on the platform and verify employer, date, location eligibility and application route."
search-018960,Live Search,live_search,IT Portfolio Manager,Talent.com,Talent.com,IT Strategy & Governance,IT Strategy & Governance,,Remote / Global,MENA,MENA,Live Search,,,2026-07-20,Live search,Talent.com,C,Aggregator,Aggregator,62,Medium,,https://www.talent.com/jobs?k=IT+Portfolio+Manager&l=Worldwide,"Direct platform search for IT Portfolio Manager in MENA. Sort by newest on the platform and verify employer, date, location eligibility and application route."
search-018961,Live Search,live_search,IT Portfolio Manager,Adzuna,Adzuna,IT Strategy & Governance,IT Strategy & Governance,,Remote / Global,MENA,MENA,Live Search,,,2026-07-20,Live search,Adzuna,C,Aggregator,Aggregator,62,Medium,,https://www.adzuna.com/search?q=IT+Portfolio+Manager&loc=Worldwide,"Direct platform search for IT Portfolio Manager in MENA. Sort by newest on the platform and verify employer, date, location eligibility and application route."
search-018963,Live Search,live_search,IT Portfolio Manager,Remote OK,Remote OK,IT Strategy & Governance,IT Strategy & Governance,,Remote / Global,MENA,MENA,Live Search,,,2026-07-20,Live search,Remote OK,B,Direct organization or specialist source,Direct,62,Medium,,https://remoteok.com/remote-it-portfolio-manager-jobs,"Direct platform search for IT Portfolio Manager in MENA. Sort by newest on the platform and verify employer, date, location eligibility and application route."
search-018964,Live Search,live_search,IT Portfolio Manager,We Work Remotely,We Work Remotely,IT Strategy & Governance,IT Strategy & Governance,,Remote / Global,MENA,MENA,Live Search,,,2026-07-20,Live search,We Work Remotely,B,Direct organization or specialist source,Direct,62,Medium,,https://weworkremotely.com/remote-jobs/search?term=IT+Portfolio+Manager,"Direct platform search for IT Portfolio Manager in MENA. Sort by newest on the platform and verify employer, date, location eligibility and application route."
search-018965,Live Search,live_search,IT Portfolio Manager,Remotive,Remotive,IT Strategy & Governance,IT Strategy & Governance,,Remote / Global,MENA,MENA,Live Search,,,2026-07-20,Live search,Remotive,B,Direct organization or specialist source,Direct,62,Medium,,https://remotive.com/remote-jobs/search?search=IT+Portfolio+Manager,"Direct platform search for IT Portfolio Manager in MENA. Sort by newest on the platform and verify employer, date, location eligibility and application route."
search-018966,Live Search,live_search,IT Portfolio Manager,Remote.co,Remote.co,IT Strategy & Governance,IT Strategy & Governance,,Remote / Global,MENA,MENA,Live Search,,,2026-07-20,Live search,Remote.co,B,Direct organization or specialist source,Direct,62,Medium,,https://remote.co/remote-jobs/search/?search_keywords=IT+Portfolio+Manager,"Direct platform search for IT Portfolio Manager in MENA. Sort by newest on the platform and verify employer, date, location eligibility and application route."
search-018968,Live Search,live_search,IT Portfolio Manager,Working Nomads,Working Nomads,IT Strategy & Governance,IT Strategy & Governance,,Remote / Global,MENA,MENA,Live Search,,,2026-07-20,Live search,Working Nomads,B,Direct organization or specialist source,Direct,62,Medium,,https://www.workingnomads.com/remote-jobs?search=IT+Portfolio+Manager,"Direct platform search for IT Portfolio Manager in MENA. Sort by newest on the platform and verify employer, date, location eligibility and application route."
search-018971,Live Search,live_search,IT Portfolio Manager,Himalayas,Himalayas,IT Strategy & Governance,IT Strategy & Governance,,Remote / Global,MENA,MENA,Live Search,,,2026-07-20,Live search,Himalayas,B,Direct organization or specialist source,Direct,62,Medium,,https://himalayas.app/jobs?search=IT+Portfolio+Manager,"Direct platform search for IT Portfolio Manager in MENA. Sort by newest on the platform and verify employer, date, location eligibility and application route."
search-018975,Live Search,live_search,IT Portfolio Manager,ReliefWeb,ReliefWeb,IT Strategy & Governance,IT Strategy & Governance,,Remote / Global,MENA,MENA,Live Search,,,2026-07-20,Live search,ReliefWeb,A,Official / primary source,Official,62,Medium,,https://reliefweb.int/jobs?search=IT+Portfolio+Manager,"Direct platform search for IT Portfolio Manager in MENA. Sort by newest on the platform and verify employer, date, location eligibility and application route."
search-018977,Live Search,live_search,IT Portfolio Manager,UNjobs,UNjobs,IT Strategy & Governance,IT Strategy & Governance,,Remote / Global,MENA,MENA,Live Search,,,2026-07-20,Live search,UNjobs,B,Direct organization or specialist source,Direct,62,Medium,,https://unjobs.org/search/IT%20Portfolio%20Manager,"Direct platform search for IT Portfolio Manager in MENA. Sort by newest on the platform and verify employer, date, location eligibility and application route."
search-018978,Live Search,live_search,IT Portfolio Manager,Upwork,Upwork,IT Strategy & Governance,IT Strategy & Governance,,Remote / Global,MENA,MENA,Live Search,,,2026-07-20,Live search,Upwork,B,Direct organization or specialist source,Direct,62,Medium,,https://www.upwork.com/nx/search/jobs/?q=IT+Portfolio+Manager,"Direct project search for IT Portfolio Manager in MENA. Sort by newest on the platform and verify employer, date, location eligibility and application route."
search-018979,Live Search,live_search,IT Portfolio Manager,Freelancer,Freelancer,IT Strategy & Governance,IT Strategy & Governance,,Remote / Global,MENA,MENA,Live Search,,,2026-07-20,Live search,Freelancer,B,Direct organization or specialist source,Direct,62,Medium,,https://www.freelancer.com/jobs/it-portfolio-manager/,"Direct project search for IT Portfolio Manager in MENA. Sort by newest on the platform and verify employer, date, location eligibility and application route."
search-018981,Live Search,live_search,IT Portfolio Manager,Contra,Contra,IT Strategy & Governance,IT Strategy & Governance,,Remote / Global,MENA,MENA,Live Search,,,2026-07-20,Live search,Contra,B,Direct organization or specialist source,Direct,62,Medium,,https://contra.com/opportunities?query=IT+Portfolio+Manager,"Direct project search for IT Portfolio Manager in MENA. Sort by newest on the platform and verify employer, date, location eligibility and application route."
search-018253,Live Search,live_search,IT Strategy Manager,LinkedIn,LinkedIn,IT Strategy & Governance,IT Strategy & Governance,,Remote / Global,MENA,MENA,Live Search,,,2026-07-20,Live search,LinkedIn,B,Recognized job platform,Platform,62,Medium,,https://www.linkedin.com/jobs/search/?keywords=IT+Strategy+Manager&location=Worldwide&sortBy=DD,"Direct platform search for IT Strategy Manager in MENA. Sort by newest on the platform and verify employer, date, location eligibility and application route."
search-018254,Live Search,live_search,IT Strategy Manager,Indeed,Indeed,IT Strategy & Governance,IT Strategy & Governance,,Remote / Global,MENA,MENA,Live Search,,,2026-07-20,Live search,Indeed,B,Recognized job platform,Platform,62,Medium,,https://www.indeed.com/jobs?q=IT+Strategy+Manager&l=Worldwide&sort=date,"Direct platform search for IT Strategy Manager in MENA. Sort by newest on the platform and verify employer, date, location eligibility and application route."
search-018257,Live Search,live_search,IT Strategy Manager,Careerjet,Careerjet,IT Strategy & Governance,IT Strategy & Governance,,Remote / Global,MENA,MENA,Live Search,,,2026-07-20,Live search,Careerjet,C,Aggregator,Aggregator,62,Medium,,https://www.careerjet.com/search/jobs?s=IT+Strategy+Manager&l=Worldwide,"Direct platform search for IT Strategy Manager in MENA. Sort by newest on the platform and verify employer, date, location eligibility and application route."
search-018258,Live Search,live_search,IT Strategy Manager,Talent.com,Talent.com,IT Strategy & Governance,IT Strategy & Governance,,Remote / Global,MENA,MENA,Live Search,,,2026-07-20,Live search,Talent.com,C,Aggregator,Aggregator,62,Medium,,https://www.talent.com/jobs?k=IT+Strategy+Manager&l=Worldwide,"Direct platform search for IT Strategy Manager in MENA. Sort by newest on the platform and verify employer, date, location eligibility and application route."
search-018259,Live Search,live_search,IT Strategy Manager,Adzuna,Adzuna,IT Strategy & Governance,IT Strategy & Governance,,Remote / Global,MENA,MENA,Live Search,,,2026-07-20,Live search,Adzuna,C,Aggregator,Aggregator,62,Medium,,https://www.adzuna.com/search?q=IT+Strategy+Manager&loc=Worldwide,"Direct platform search for IT Strategy Manager in MENA. Sort by newest on the platform and verify employer, date, location eligibility and application route."
search-018261,Live Search,live_search,IT Strategy Manager,Remote OK,Remote OK,IT Strategy & Governance,IT Strategy & Governance,,Remote / Global,MENA,MENA,Live Search,,,2026-07-20,Live search,Remote OK,B,Direct organization or specialist source,Direct,62,Medium,,https://remoteok.com/remote-it-strategy-manager-jobs,"Direct platform search for IT Strategy Manager in MENA. Sort by newest on the platform and verify employer, date, location eligibility and application route."
search-018262,Live Search,live_search,IT Strategy Manager,We Work Remotely,We Work Remotely,IT Strategy & Governance,IT Strategy & Governance,,Remote / Global,MENA,MENA,Live Search,,,2026-07-20,Live search,We Work Remotely,B,Direct organization or specialist source,Direct,62,Medium,,https://weworkremotely.com/remote-jobs/search?term=IT+Strategy+Manager,"Direct platform search for IT Strategy Manager in MENA. Sort by newest on the platform and verify employer, date, location eligibility and application route."
search-018263,Live Search,live_search,IT Strategy Manager,Remotive,Remotive,IT Strategy & Governance,IT Strategy & Governance,,Remote / Global,MENA,MENA,Live Search,,,2026-07-20,Live search,Remotive,B,Direct organization or specialist source,Direct,62,Medium,,https://remotive.com/remote-jobs/search?search=IT+Strategy+Manager,"Direct platform search for IT Strategy Manager in MENA. Sort by newest on the platform and verify employer, date, location eligibility and application route."
search-018264,Live Search,live_search,IT Strategy Manager,Remote.co,Remote.co,IT Strategy & Governance,IT Strategy & Governance,,Remote / Global,MENA,MENA,Live Search,,,2026-07-20,Live search,Remote.co,B,Direct organization or specialist source,Direct,62,Medium,,https://remote.co/remote-jobs/search/?search_keywords=IT+Strategy+Manager,"Direct platform search for IT Strategy Manager in MENA. Sort by newest on the platform and verify employer, date, location eligibility and application route."
search-018266,Live Search,live_search,IT Strategy Manager,Working Nomads,Working Nomads,IT Strategy & Governance,IT Strategy & Governance,,Remote / Global,MENA,MENA,Live Search,,,2026-07-20,Live search,Working Nomads,B,Direct organization or specialist source,Direct,62,Medium,,https://www.workingnomads.com/remote-jobs?search=IT+Strategy+Manager,"Direct platform search for IT Strategy Manager in MENA. Sort by newest on the platform and verify employer, date, location eligibility and application route."
search-018269,Live Search,live_search,IT Strategy Manager,Himalayas,Himalayas,IT Strategy & Governance,IT Strategy & Governance,,Remote / Global,MENA,MENA,Live Search,,,2026-07-20,Live search,Himalayas,B,Direct organization or specialist source,Direct,62,Medium,,https://himalayas.app/jobs?search=IT+Strategy+Manager,"Direct platform search for IT Strategy Manager in MENA. Sort by newest on the platform and verify employer, date, location eligibility and application route."
search-018273,Live Search,live_search,IT Strategy Manager,ReliefWeb,ReliefWeb,IT Strategy & Governance,IT Strategy & Governance,,Remote / Global,MENA,MENA,Live Search,,,2026-07-20,Live search,ReliefWeb,A,Official / primary source,Official,62,Medium,,https://reliefweb.int/jobs?search=IT+Strategy+Manager,"Direct platform search for IT Strategy Manager in MENA. Sort by newest on the platform and verify employer, date, location eligibility and application route."
search-018275,Live Search,live_search,IT Strategy Manager,UNjobs,UNjobs,IT Strategy & Governance,IT Strategy & Governance,,Remote / Global,MENA,MENA,Live Search,,,2026-07-20,Live search,UNjobs,B,Direct organization or specialist source,Direct,62,Medium,,https://unjobs.org/search/IT%20Strategy%20Manager,"Direct platform search for IT Strategy Manager in MENA. Sort by newest on the platform and verify employer, date, location eligibility and application route."
search-018276,Live Search,live_search,IT Strategy Manager,Upwork,Upwork,IT Strategy & Governance,IT Strategy & Governance,,Remote / Global,MENA,MENA,Live Search,,,2026-07-20,Live search,Upwork,B,Direct organization or specialist source,Direct,62,Medium,,https://www.upwork.com/nx/search/jobs/?q=IT+Strategy+Manager,"Direct project search for IT Strategy Manager in MENA. Sort by newest on the platform and verify employer, date, location eligibility and application route."
search-018277,Live Search,live_search,IT Strategy Manager,Freelancer,Freelancer,IT Strategy & Governance,IT Strategy & Governance,,Remote / Global,MENA,MENA,Live Search,,,2026-07-20,Live search,Freelancer,B,Direct organization or specialist source,Direct,62,Medium,,https://www.freelancer.com/jobs/it-strategy-manager/,"Direct project search for IT Strategy Manager in MENA. Sort by newest on the platform and verify employer, date, location eligibility and application route."
search-018279,Live Search,live_search,IT Strategy Manager,Contra,Contra,IT Strategy & Governance,IT Strategy & Governance,,Remote / Global,MENA,MENA,Live Search,,,2026-07-20,Live search,Contra,B,Direct organization or specialist source,Direct,62,Medium,,https://contra.com/opportunities?query=IT+Strategy+Manager,"Direct project search for IT Strategy Manager in MENA. Sort by newest on the platform and verify employer, date, location eligibility and application route."
search-018874,Live Search,live_search,Presales Solution Architect,LinkedIn,LinkedIn,Solution Architecture,Solution Architecture,,Remote / Global,MENA,MENA,Live Search,,,2026-07-20,Live search,LinkedIn,B,Recognized job platform,Platform,62,Medium,,https://www.linkedin.com/jobs/search/?keywords=Presales+Solution+Architect&location=Worldwide&sortBy=DD,"Direct platform search for Presales Solution Architect in MENA. Sort by newest on the platform and verify employer, date, location eligibility and application route."
search-018875,Live Search,live_search,Presales Solution Architect,Indeed,Indeed,Solution Architecture,Solution Architecture,,Remote / Global,MENA,MENA,Live Search,,,2026-07-20,Live search,Indeed,B,Recognized job platform,Platform,62,Medium,,https://www.indeed.com/jobs?q=Presales+Solution+Architect&l=Worldwide&sort=date,"Direct platform search for Presales Solution Architect in MENA. Sort by newest on the platform and verify employer, date, location eligibility and application route."
search-018878,Live Search,live_search,Presales Solution Architect,Careerjet,Careerjet,Solution Architecture,Solution Architecture,,Remote / Global,MENA,MENA,Live Search,,,2026-07-20,Live search,Careerjet,C,Aggregator,Aggregator,62,Medium,,https://www.careerjet.com/search/jobs?s=Presales+Solution+Architect&l=Worldwide,"Direct platform search for Presales Solution Architect in MENA. Sort by newest on the platform and verify employer, date, location eligibility and application route."
search-018879,Live Search,live_search,Presales Solution Architect,Talent.com,Talent.com,Solution Architecture,Solution Architecture,,Remote / Global,MENA,MENA,Live Search,,,2026-07-20,Live search,Talent.com,C,Aggregator,Aggregator,62,Medium,,https://www.talent.com/jobs?k=Presales+Solution+Architect&l=Worldwide,"Direct platform search for Presales Solution Architect in MENA. Sort by newest on the platform and verify employer, date, location eligibility and application route."
search-018880,Live Search,live_search,Presales Solution Architect,Adzuna,Adzuna,Solution Architecture,Solution Architecture,,Remote / Global,MENA,MENA,Live Search,,,2026-07-20,Live search,Adzuna,C,Aggregator,Aggregator,62,Medium,,https://www.adzuna.com/search?q=Presales+Solution+Architect&loc=Worldwide,"Direct platform search for Presales Solution Architect in MENA. Sort by newest on the platform and verify employer, date, location eligibility and application route."
search-018882,Live Search,live_search,Presales Solution Architect,Remote OK,Remote OK,Solution Architecture,Solution Architecture,,Remote / Global,MENA,MENA,Live Search,,,2026-07-20,Live search,Remote OK,B,Direct organization or specialist source,Direct,62,Medium,,https://remoteok.com/remote-presales-solution-architect-jobs,"Direct platform search for Presales Solution Architect in MENA. Sort by newest on the platform and verify employer, date, location eligibility and application route."
search-018883,Live Search,live_search,Presales Solution Architect,We Work Remotely,We Work Remotely,Solution Architecture,Solution Architecture,,Remote / Global,MENA,MENA,Live Search,,,2026-07-20,Live search,We Work Remotely,B,Direct organization or specialist source,Direct,62,Medium,,https://weworkremotely.com/remote-jobs/search?term=Presales+Solution+Architect,"Direct platform search for Presales Solution Architect in MENA. Sort by newest on the platform and verify employer, date, location eligibility and application route."
search-018884,Live Search,live_search,Presales Solution Architect,Remotive,Remotive,Solution Architecture,Solution Architecture,,Remote / Global,MENA,MENA,Live Search,,,2026-07-20,Live search,Remotive,B,Direct organization or specialist source,Direct,62,Medium,,https://remotive.com/remote-jobs/search?search=Presales+Solution+Architect,"Direct platform search for Presales Solution Architect in MENA. Sort by newest on the platform and verify employer, date, location eligibility and application route."
search-018885,Live Search,live_search,Presales Solution Architect,Remote.co,Remote.co,Solution Architecture,Solution Architecture,,Remote / Global,MENA,MENA,Live Search,,,2026-07-20,Live search,Remote.co,B,Direct organization or specialist source,Direct,62,Medium,,https://remote.co/remote-jobs/search/?search_keywords=Presales+Solution+Architect,"Direct platform search for Presales Solution Architect in MENA. Sort by newest on the platform and verify employer, date, location eligibility and application route."
search-018887,Live Search,live_search,Presales Solution Architect,Working Nomads,Working Nomads,Solution Architecture,Solution Architecture,,Remote / Global,MENA,MENA,Live Search,,,2026-07-20,Live search,Working Nomads,B,Direct organization or specialist source,Direct,62,Medium,,https://www.workingnomads.com/remote-jobs?search=Presales+Solution+Architect,"Direct platform search for Presales Solution Architect in MENA. Sort by newest on the platform and verify employer, date, location eligibility and application route."
search-018890,Live Search,live_search,Presales Solution Architect,Himalayas,Himalayas,Solution Architecture,Solution Architecture,,Remote / Global,MENA,MENA,Live Search,,,2026-07-20,Live search,Himalayas,B,Direct organization or specialist source,Direct,62,Medium,,https://himalayas.app/jobs?search=Presales+Solution+Architect,"Direct platform search for Presales Solution Architect in MENA. Sort by newest on the platform and verify employer, date, location eligibility and application route."
search-018894,Live Search,live_search,Presales Solution Architect,ReliefWeb,ReliefWeb,Solution Architecture,Solution Architecture,,Remote / Global,MENA,MENA,Live Search,,,2026-07-20,Live search,ReliefWeb,A,Official / primary source,Official,62,Medium,,https://reliefweb.int/jobs?search=Presales+Solution+Architect,"Direct platform search for Presales Solution Architect in MENA. Sort by newest on the platform and verify employer, date, location eligibility and application route."
search-018896,Live Search,live_search,Presales Solution Architect,UNjobs,UNjobs,Solution Architecture,Solution Architecture,,Remote / Global,MENA,MENA,Live Search,,,2026-07-20,Live search,UNjobs,B,Direct organization or specialist source,Direct,62,Medium,,https://unjobs.org/search/Presales%20Solution%20Architect,"Direct platform search for Presales Solution Architect in MENA. Sort by newest on the platform and verify employer, date, location eligibility and application route."
search-018897,Live Search,live_search,Presales Solution Architect,Upwork,Upwork,Solution Architecture,Solution Architecture,,Remote / Global,MENA,MENA,Live Search,,,2026-07-20,Live search,Upwork,B,Direct organization or specialist source,Direct,62,Medium,,https://www.upwork.com/nx/search/jobs/?q=Presales+Solution+Architect,"Direct project search for Presales Solution Architect in MENA. Sort by newest on the platform and verify employer, date, location eligibility and application route."
search-018898,Live Search,live_search,Presales Solution Architect,Freelancer,Freelancer,Solution Architecture,Solution Architecture,,Remote / Global,MENA,MENA,Live Search,,,2026-07-20,Live search,Freelancer,B,Direct organization or specialist source,Direct,62,Medium,,https://www.freelancer.com/jobs/presales-solution-architect/,"Direct project search for Presales Solution Architect in MENA. Sort by newest on the platform and verify employer, date, location eligibility and application route."
search-018900,Live Search,live_search,Presales Solution Architect,Contra,Contra,Solution Architecture,Solution Architecture,,Remote / Global,MENA,MENA,Live Search,,,2026-07-20,Live search,Contra,B,Direct organization or specialist source,Direct,62,Medium,,https://contra.com/opportunities?query=Presales+Solution+Architect,"Direct project search for Presales Solution Architect in MENA. Sort by newest on the platform and verify employer, date, location eligibility and application route."
job-00707,Platform-Indexed Vacancy,job,"Senior Solutions Architect, AI / Core DevOps - EMEA",GitLab,GitLab,Solution Architecture,Solution Architecture,Other Multinational & Enterprise,Remote / Global,Worldwide,Remote United Kingdom / EMEA,Possibly Available,2026-07-20,,2026-07-20,Current official jobs listing,GitLab,B,Direct organization or specialist source,Direct,62,Medium,,https://about.gitlab.com/jobs/all-jobs/,"Verify eligibility, deadline and work authorization on the linked source before applying."
search-017821,Live Search,live_search,Solution Architect,LinkedIn,LinkedIn,Solution Architecture,Solution Architecture,,Remote / Global,MENA,MENA,Live Search,,,2026-07-20,Live search,LinkedIn,B,Recognized job platform,Platform,62,Medium,,https://www.linkedin.com/jobs/search/?keywords=Solution+Architect&location=Worldwide&sortBy=DD,"Direct platform search for Solution Architect in MENA. Sort by newest on the platform and verify employer, date, location eligibility and application route."
search-017822,Live Search,live_search,Solution Architect,Indeed,Indeed,Solution Architecture,Solution Architecture,,Remote / Global,MENA,MENA,Live Search,,,2026-07-20,Live search,Indeed,B,Recognized job platform,Platform,62,Medium,,https://www.indeed.com/jobs?q=Solution+Architect&l=Worldwide&sort=date,"Direct platform search for Solution Architect in MENA. Sort by newest on the platform and verify employer, date, location eligibility and application route."
search-017825,Live Search,live_search,Solution Architect,Careerjet,Careerjet,Solution Architecture,Solution Architecture,,Remote / Global,MENA,MENA,Live Search,,,2026-07-20,Live search,Careerjet,C,Aggregator,Aggregator,62,Medium,,https://www.careerjet.com/search/jobs?s=Solution+Architect&l=Worldwide,"Direct platform search for Solution Architect in MENA. Sort by newest on the platform and verify employer, date, location eligibility and application route."
search-017826,Live Search,live_search,Solution Architect,Talent.com,Talent.com,Solution Architecture,Solution Architecture,,Remote / Global,MENA,MENA,Live Search,,,2026-07-20,Live search,Talent.com,C,Aggregator,Aggregator,62,Medium,,https://www.talent.com/jobs?k=Solution+Architect&l=Worldwide,"Direct platform search for Solution Architect in MENA. Sort by newest on the platform and verify employer, date, location eligibility and application route."
search-017827,Live Search,live_search,Solution Architect,Adzuna,Adzuna,Solution Architecture,Solution Architecture,,Remote / Global,MENA,MENA,Live Search,,,2026-07-20,Live search,Adzuna,C,Aggregator,Aggregator,62,Medium,,https://www.adzuna.com/search?q=Solution+Architect&loc=Worldwide,"Direct platform search for Solution Architect in MENA. Sort by newest on the platform and verify employer, date, location eligibility and application route."
search-017829,Live Search,live_search,Solution Architect,Remote OK,Remote OK,Solution Architecture,Solution Architecture,,Remote / Global,MENA,MENA,Live Search,,,2026-07-20,Live search,Remote OK,B,Direct organization or specialist source,Direct,62,Medium,,https://remoteok.com/remote-solution-architect-jobs,"Direct platform search for Solution Architect in MENA. Sort by newest on the platform and verify employer, date, location eligibility and application route."
search-017830,Live Search,live_search,Solution Architect,We Work Remotely,We Work Remotely,Solution Architecture,Solution Architecture,,Remote / Global,MENA,MENA,Live Search,,,2026-07-20,Live search,We Work Remotely,B,Direct organization or specialist source,Direct,62,Medium,,https://weworkremotely.com/remote-jobs/search?term=Solution+Architect,"Direct platform search for Solution Architect in MENA. Sort by newest on the platform and verify employer, date, location eligibility and application route."
search-017831,Live Search,live_search,Solution Architect,Remotive,Remotive,Solution Architecture,Solution Architecture,,Remote / Global,MENA,MENA,Live Search,,,2026-07-20,Live search,Remotive,B,Direct organization or specialist source,Direct,62,Medium,,https://remotive.com/remote-jobs/search?search=Solution+Architect,"Direct platform search for Solution Architect in MENA. Sort by newest on the platform and verify employer, date, location eligibility and application route."
search-017832,Live Search,live_search,Solution Architect,Remote.co,Remote.co,Solution Architecture,Solution Architecture,,Remote / Global,MENA,MENA,Live Search,,,2026-07-20,Live search,Remote.co,B,Direct organization or specialist source,Direct,62,Medium,,https://remote.co/remote-jobs/search/?search_keywords=Solution+Architect,"Direct platform search for Solution Architect in MENA. Sort by newest on the platform and verify employer, date, location eligibility and application route."
search-017834,Live Search,live_search,Solution Architect,Working Nomads,Working Nomads,Solution Architecture,Solution Architecture,,Remote / Global,MENA,MENA,Live Search,,,2026-07-20,Live search,Working Nomads,B,Direct organization or specialist source,Direct,62,Medium,,https://www.workingnomads.com/remote-jobs?search=Solution+Architect,"Direct platform search for Solution Architect in MENA. Sort by newest on the platform and verify employer, date, location eligibility and application route."
search-017837,Live Search,live_search,Solution Architect,Himalayas,Himalayas,Solution Architecture,Solution Architecture,,Remote / Global,MENA,MENA,Live Search,,,2026-07-20,Live search,Himalayas,B,Direct organization or specialist source,Direct,62,Medium,,https://himalayas.app/jobs?search=Solution+Architect,"Direct platform search for Solution Architect in MENA. Sort by newest on the platform and verify employer, date, location eligibility and application route."
search-017841,Live Search,live_search,Solution Architect,ReliefWeb,ReliefWeb,Solution Architecture,Solution Architecture,,Remote / Global,MENA,MENA,Live Search,,,2026-07-20,Live search,ReliefWeb,A,Official / primary source,Official,62,Medium,,https://reliefweb.int/jobs?search=Solution+Architect,"Direct platform search for Solution Architect in MENA. Sort by newest on the platform and verify employer, date, location eligibility and application route."
search-017843,Live Search,live_search,Solution Architect,UNjobs,UNjobs,Solution Architecture,Solution Architecture,,Remote / Global,MENA,MENA,Live Search,,,2026-07-20,Live search,UNjobs,B,Direct organization or specialist source,Direct,62,Medium,,https://unjobs.org/search/Solution%20Architect,"Direct platform search for Solution Architect in MENA. Sort by newest on the platform and verify employer, date, location eligibility and application route."
search-017844,Live Search,live_search,Solution Architect,Upwork,Upwork,Solution Architecture,Solution Architecture,,Remote / Global,MENA,MENA,Live Search,,,2026-07-20,Live search,Upwork,B,Direct organization or specialist source,Direct,62,Medium,,https://www.upwork.com/nx/search/jobs/?q=Solution+Architect,"Direct project search for Solution Architect in MENA. Sort by newest on the platform and verify employer, date, location eligibility and application route."
search-017845,Live Search,live_search,Solution Architect,Freelancer,Freelancer,Solution Architecture,Solution Architecture,,Remote / Global,MENA,MENA,Live Search,,,2026-07-20,Live search,Freelancer,B,Direct organization or specialist source,Direct,62,Medium,,https://www.freelancer.com/jobs/solution-architect/,"Direct project search for Solution Architect in MENA. Sort by newest on the platform and verify employer, date, location eligibility and application route."
search-017847,Live Search,live_search,Solution Architect,Contra,Contra,Solution Architecture,Solution Architecture,,Remote / Global,MENA,MENA,Live Search,,,2026-07-20,Live search,Contra,B,Direct organization or specialist source,Direct,62,Medium,,https://contra.com/opportunities?query=Solution+Architect,"Direct project search for Solution Architect in MENA. Sort by newest on the platform and verify employer, date, location eligibility and application route."
job-00700,Verified Vacancy,job,Solution Architecture Manager,Canonical,Canonical,Solution Architecture,Solution Architecture,Technology & Cloud,Remote / Global,Worldwide,Worldwide Remote,Available,2026-07-20,,2026-07-24,Current official careers listing,Canonical,A,Official employer / primary source,Official,62,Medium,,https://canonical.com/careers/all?search=public+cloud,"Verify eligibility, deadline and work authorization on the linked source before applying."
search-017794,Live Search,live_search,Solutions Architect,LinkedIn,LinkedIn,Solution Architecture,Solution Architecture,,Remote / Global,MENA,MENA,Live Search,,,2026-07-20,Live search,LinkedIn,B,Recognized job platform,Platform,62,Medium,,https://www.linkedin.com/jobs/search/?keywords=Solutions+Architect&location=Worldwide&sortBy=DD,"Direct platform search for Solutions Architect in MENA. Sort by newest on the platform and verify employer, date, location eligibility and application route."
search-017795,Live Search,live_search,Solutions Architect,Indeed,Indeed,Solution Architecture,Solution Architecture,,Remote / Global,MENA,MENA,Live Search,,,2026-07-20,Live search,Indeed,B,Recognized job platform,Platform,62,Medium,,https://www.indeed.com/jobs?q=Solutions+Architect&l=Worldwide&sort=date,"Direct platform search for Solutions Architect in MENA. Sort by newest on the platform and verify employer, date, location eligibility and application route."
search-017798,Live Search,live_search,Solutions Architect,Careerjet,Careerjet,Solution Architecture,Solution Architecture,,Remote / Global,MENA,MENA,Live Search,,,2026-07-20,Live search,Careerjet,C,Aggregator,Aggregator,62,Medium,,https://www.careerjet.com/search/jobs?s=Solutions+Architect&l=Worldwide,"Direct platform search for Solutions Architect in MENA. Sort by newest on the platform and verify employer, date, location eligibility and application route."
search-017799,Live Search,live_search,Solutions Architect,Talent.com,Talent.com,Solution Architecture,Solution Architecture,,Remote / Global,MENA,MENA,Live Search,,,2026-07-20,Live search,Talent.com,C,Aggregator,Aggregator,62,Medium,,https://www.talent.com/jobs?k=Solutions+Architect&l=Worldwide,"Direct platform search for Solutions Architect in MENA. Sort by newest on the platform and verify employer, date, location eligibility and application route."
search-017800,Live Search,live_search,Solutions Architect,Adzuna,Adzuna,Solution Architecture,Solution Architecture,,Remote / Global,MENA,MENA,Live Search,,,2026-07-20,Live search,Adzuna,C,Aggregator,Aggregator,62,Medium,,https://www.adzuna.com/search?q=Solutions+Architect&loc=Worldwide,"Direct platform search for Solutions Architect in MENA. Sort by newest on the platform and verify employer, date, location eligibility and application route."
search-017802,Live Search,live_search,Solutions Architect,Remote OK,Remote OK,Solution Architecture,Solution Architecture,,Remote / Global,MENA,MENA,Live Search,,,2026-07-20,Live search,Remote OK,B,Direct organization or specialist source,Direct,62,Medium,,https://remoteok.com/remote-solutions-architect-jobs,"Direct platform search for Solutions Architect in MENA. Sort by newest on the platform and verify employer, date, location eligibility and application route."
search-017803,Live Search,live_search,Solutions Architect,We Work Remotely,We Work Remotely,Solution Architecture,Solution Architecture,,Remote / Global,MENA,MENA,Live Search,,,2026-07-20,Live search,We Work Remotely,B,Direct organization or specialist source,Direct,62,Medium,,https://weworkremotely.com/remote-jobs/search?term=Solutions+Architect,"Direct platform search for Solutions Architect in MENA. Sort by newest on the platform and verify employer, date, location eligibility and application route."
search-017804,Live Search,live_search,Solutions Architect,Remotive,Remotive,Solution Architecture,Solution Architecture,,Remote / Global,MENA,MENA,Live Search,,,2026-07-20,Live search,Remotive,B,Direct organization or specialist source,Direct,62,Medium,,https://remotive.com/remote-jobs/search?search=Solutions+Architect,"Direct platform search for Solutions Architect in MENA. Sort by newest on the platform and verify employer, date, location eligibility and application route."
search-017805,Live Search,live_search,Solutions Architect,Remote.co,Remote.co,Solution Architecture,Solution Architecture,,Remote / Global,MENA,MENA,Live Search,,,2026-07-20,Live search,Remote.co,B,Direct organization or specialist source,Direct,62,Medium,,https://remote.co/remote-jobs/search/?search_keywords=Solutions+Architect,"Direct platform search for Solutions Architect in MENA. Sort by newest on the platform and verify employer, date, location eligibility and application route."
search-017807,Live Search,live_search,Solutions Architect,Working Nomads,Working Nomads,Solution Architecture,Solution Architecture,,Remote / Global,MENA,MENA,Live Search,,,2026-07-20,Live search,Working Nomads,B,Direct organization or specialist source,Direct,62,Medium,,https://www.workingnomads.com/remote-jobs?search=Solutions+Architect,"Direct platform search for Solutions Architect in MENA. Sort by newest on the platform and verify employer, date, location eligibility and application route."
search-017810,Live Search,live_search,Solutions Architect,Himalayas,Himalayas,Solution Architecture,Solution Architecture,,Remote / Global,MENA,MENA,Live Search,,,2026-07-20,Live search,Himalayas,B,Direct organization or specialist source,Direct,62,Medium,,https://himalayas.app/jobs?search=Solutions+Architect,"Direct platform search for Solutions Architect in MENA. Sort by newest on the platform and verify employer, date, location eligibility and application route."
search-017814,Live Search,live_search,Solutions Architect,ReliefWeb,ReliefWeb,Solution Architecture,Solution Architecture,,Remote / Global,MENA,MENA,Live Search,,,2026-07-20,Live search,ReliefWeb,A,Official / primary source,Official,62,Medium,,https://reliefweb.int/jobs?search=Solutions+Architect,"Direct platform search for Solutions Architect in MENA. Sort by newest on the platform and verify employer, date, location eligibility and application route."
search-017816,Live Search,live_search,Solutions Architect,UNjobs,UNjobs,Solution Architecture,Solution Architecture,,Remote / Global,MENA,MENA,Live Search,,,2026-07-20,Live search,UNjobs,B,Direct organization or specialist source,Direct,62,Medium,,https://unjobs.org/search/Solutions%20Architect,"Direct platform search for Solutions Architect in MENA. Sort by newest on the platform and verify employer, date, location eligibility and application route."
search-017817,Live Search,live_search,Solutions Architect,Upwork,Upwork,Solution Architecture,Solution Architecture,,Remote / Global,MENA,MENA,Live Search,,,2026-07-20,Live search,Upwork,B,Direct organization or specialist source,Direct,62,Medium,,https://www.upwork.com/nx/search/jobs/?q=Solutions+Architect,"Direct project search for Solutions Architect in MENA. Sort by newest on the platform and verify employer, date, location eligibility and application route."
search-017818,Live Search,live_search,Solutions Architect,Freelancer,Freelancer,Solution Architecture,Solution Architecture,,Remote / Global,MENA,MENA,Live Search,,,2026-07-20,Live search,Freelancer,B,Direct organization or specialist source,Direct,62,Medium,,https://www.freelancer.com/jobs/solutions-architect/,"Direct project search for Solutions Architect in MENA. Sort by newest on the platform and verify employer, date, location eligibility and application route."
search-017820,Live Search,live_search,Solutions Architect,Contra,Contra,Solution Architecture,Solution Architecture,,Remote / Global,MENA,MENA,Live Search,,,2026-07-20,Live search,Contra,B,Direct organization or specialist source,Direct,62,Medium,,https://contra.com/opportunities?query=Solutions+Architect,"Direct project search for Solutions Architect in MENA. Sort by newest on the platform and verify employer, date, location eligibility and application route."
job-00702,Verified Vacancy,job,Solutions Architect for Automotive,Canonical,Canonical,Solution Architecture,Solution Architecture,Technology & Cloud,Remote / Global,Worldwide,Worldwide Remote,Available,2026-07-20,,2026-07-24,Current official careers listing,Canonical,A,Official employer / primary source,Official,62,Medium,,https://canonical.com/careers/all?search=cloud,"Verify eligibility, deadline and work authorization on the linked source before applying."
search-018847,Live Search,live_search,Solutions Engineering Manager,LinkedIn,LinkedIn,Solution Architecture,Solution Architecture,,Remote / Global,MENA,MENA,Live Search,,,2026-07-20,Live search,LinkedIn,B,Recognized job platform,Platform,62,Medium,,https://www.linkedin.com/jobs/search/?keywords=Solutions+Engineering+Manager&location=Worldwide&sortBy=DD,"Direct platform search for Solutions Engineering Manager in MENA. Sort by newest on the platform and verify employer, date, location eligibility and application route."
search-018848,Live Search,live_search,Solutions Engineering Manager,Indeed,Indeed,Solution Architecture,Solution Architecture,,Remote / Global,MENA,MENA,Live Search,,,2026-07-20,Live search,Indeed,B,Recognized job platform,Platform,62,Medium,,https://www.indeed.com/jobs?q=Solutions+Engineering+Manager&l=Worldwide&sort=date,"Direct platform search for Solutions Engineering Manager in MENA. Sort by newest on the platform and verify employer, date, location eligibility and application route."
search-018851,Live Search,live_search,Solutions Engineering Manager,Careerjet,Careerjet,Solution Architecture,Solution Architecture,,Remote / Global,MENA,MENA,Live Search,,,2026-07-20,Live search,Careerjet,C,Aggregator,Aggregator,62,Medium,,https://www.careerjet.com/search/jobs?s=Solutions+Engineering+Manager&l=Worldwide,"Direct platform search for Solutions Engineering Manager in MENA. Sort by newest on the platform and verify employer, date, location eligibility and application route."
search-018852,Live Search,live_search,Solutions Engineering Manager,Talent.com,Talent.com,Solution Architecture,Solution Architecture,,Remote / Global,MENA,MENA,Live Search,,,2026-07-20,Live search,Talent.com,C,Aggregator,Aggregator,62,Medium,,https://www.talent.com/jobs?k=Solutions+Engineering+Manager&l=Worldwide,"Direct platform search for Solutions Engineering Manager in MENA. Sort by newest on the platform and verify employer, date, location eligibility and application route."
search-018853,Live Search,live_search,Solutions Engineering Manager,Adzuna,Adzuna,Solution Architecture,Solution Architecture,,Remote / Global,MENA,MENA,Live Search,,,2026-07-20,Live search,Adzuna,C,Aggregator,Aggregator,62,Medium,,https://www.adzuna.com/search?q=Solutions+Engineering+Manager&loc=Worldwide,"Direct platform search for Solutions Engineering Manager in MENA. Sort by newest on the platform and verify employer, date, location eligibility and application route."
search-018855,Live Search,live_search,Solutions Engineering Manager,Remote OK,Remote OK,Solution Architecture,Solution Architecture,,Remote / Global,MENA,MENA,Live Search,,,2026-07-20,Live search,Remote OK,B,Direct organization or specialist source,Direct,62,Medium,,https://remoteok.com/remote-solutions-engineering-manager-jobs,"Direct platform search for Solutions Engineering Manager in MENA. Sort by newest on the platform and verify employer, date, location eligibility and application route."
search-018856,Live Search,live_search,Solutions Engineering Manager,We Work Remotely,We Work Remotely,Solution Architecture,Solution Architecture,,Remote / Global,MENA,MENA,Live Search,,,2026-07-20,Live search,We Work Remotely,B,Direct organization or specialist source,Direct,62,Medium,,https://weworkremotely.com/remote-jobs/search?term=Solutions+Engineering+Manager,"Direct platform search for Solutions Engineering Manager in MENA. Sort by newest on the platform and verify employer, date, location eligibility and application route."
search-018857,Live Search,live_search,Solutions Engineering Manager,Remotive,Remotive,Solution Architecture,Solution Architecture,,Remote / Global,MENA,MENA,Live Search,,,2026-07-20,Live search,Remotive,B,Direct organization or specialist source,Direct,62,Medium,,https://remotive.com/remote-jobs/search?search=Solutions+Engineering+Manager,"Direct platform search for Solutions Engineering Manager in MENA. Sort by newest on the platform and verify employer, date, location eligibility and application route."
search-018858,Live Search,live_search,Solutions Engineering Manager,Remote.co,Remote.co,Solution Architecture,Solution Architecture,,Remote / Global,MENA,MENA,Live Search,,,2026-07-20,Live search,Remote.co,B,Direct organization or specialist source,Direct,62,Medium,,https://remote.co/remote-jobs/search/?search_keywords=Solutions+Engineering+Manager,"Direct platform search for Solutions Engineering Manager in MENA. Sort by newest on the platform and verify employer, date, location eligibility and application route."
search-018860,Live Search,live_search,Solutions Engineering Manager,Working Nomads,Working Nomads,Solution Architecture,Solution Architecture,,Remote / Global,MENA,MENA,Live Search,,,2026-07-20,Live search,Working Nomads,B,Direct organization or specialist source,Direct,62,Medium,,https://www.workingnomads.com/remote-jobs?search=Solutions+Engineering+Manager,"Direct platform search for Solutions Engineering Manager in MENA. Sort by newest on the platform and verify employer, date, location eligibility and application route."
search-018863,Live Search,live_search,Solutions Engineering Manager,Himalayas,Himalayas,Solution Architecture,Solution Architecture,,Remote / Global,MENA,MENA,Live Search,,,2026-07-20,Live search,Himalayas,B,Direct organization or specialist source,Direct,62,Medium,,https://himalayas.app/jobs?search=Solutions+Engineering+Manager,"Direct platform search for Solutions Engineering Manager in MENA. Sort by newest on the platform and verify employer, date, location eligibility and application route."
search-018867,Live Search,live_search,Solutions Engineering Manager,ReliefWeb,ReliefWeb,Solution Architecture,Solution Architecture,,Remote / Global,MENA,MENA,Live Search,,,2026-07-20,Live search,ReliefWeb,A,Official / primary source,Official,62,Medium,,https://reliefweb.int/jobs?search=Solutions+Engineering+Manager,"Direct platform search for Solutions Engineering Manager in MENA. Sort by newest on the platform and verify employer, date, location eligibility and application route."
search-018869,Live Search,live_search,Solutions Engineering Manager,UNjobs,UNjobs,Solution Architecture,Solution Architecture,,Remote / Global,MENA,MENA,Live Search,,,2026-07-20,Live search,UNjobs,B,Direct organization or specialist source,Direct,62,Medium,,https://unjobs.org/search/Solutions%20Engineering%20Manager,"Direct platform search for Solutions Engineering Manager in MENA. Sort by newest on the platform and verify employer, date, location eligibility and application route."
search-018870,Live Search,live_search,Solutions Engineering Manager,Upwork,Upwork,Solution Architecture,Solution Architecture,,Remote / Global,MENA,MENA,Live Search,,,2026-07-20,Live search,Upwork,B,Direct organization or specialist source,Direct,62,Medium,,https://www.upwork.com/nx/search/jobs/?q=Solutions+Engineering+Manager,"Direct project search for Solutions Engineering Manager in MENA. Sort by newest on the platform and verify employer, date, location eligibility and application route."
search-018871,Live Search,live_search,Solutions Engineering Manager,Freelancer,Freelancer,Solution Architecture,Solution Architecture,,Remote / Global,MENA,MENA,Live Search,,,2026-07-20,Live search,Freelancer,B,Direct organization or specialist source,Direct,62,Medium,,https://www.freelancer.com/jobs/solutions-engineering-manager/,"Direct project search for Solutions Engineering Manager in MENA. Sort by newest on the platform and verify employer, date, location eligibility and application route."
search-018873,Live Search,live_search,Solutions Engineering Manager,Contra,Contra,Solution Architecture,Solution Architecture,,Remote / Global,MENA,MENA,Live Search,,,2026-07-20,Live search,Contra,B,Direct organization or specialist source,Direct,62,Medium,,https://contra.com/opportunities?query=Solutions+Engineering+Manager,"Direct project search for Solutions Engineering Manager in MENA. Sort by newest on the platform and verify employer, date, location eligibility and application route."
search-017848,Live Search,live_search,Technical Architect,LinkedIn,LinkedIn,Solution Architecture,Solution Architecture,,Remote / Global,MENA,MENA,Live Search,,,2026-07-20,Live search,LinkedIn,B,Recognized job platform,Platform,62,Medium,,https://www.linkedin.com/jobs/search/?keywords=Technical+Architect&location=Worldwide&sortBy=DD,"Direct platform search for Technical Architect in MENA. Sort by newest on the platform and verify employer, date, location eligibility and application route."
search-017849,Live Search,live_search,Technical Architect,Indeed,Indeed,Solution Architecture,Solution Architecture,,Remote / Global,MENA,MENA,Live Search,,,2026-07-20,Live search,Indeed,B,Recognized job platform,Platform,62,Medium,,https://www.indeed.com/jobs?q=Technical+Architect&l=Worldwide&sort=date,"Direct platform search for Technical Architect in MENA. Sort by newest on the platform and verify employer, date, location eligibility and application route."
search-017852,Live Search,live_search,Technical Architect,Careerjet,Careerjet,Solution Architecture,Solution Architecture,,Remote / Global,MENA,MENA,Live Search,,,2026-07-20,Live search,Careerjet,C,Aggregator,Aggregator,62,Medium,,https://www.careerjet.com/search/jobs?s=Technical+Architect&l=Worldwide,"Direct platform search for Technical Architect in MENA. Sort by newest on the platform and verify employer, date, location eligibility and application route."
search-017853,Live Search,live_search,Technical Architect,Talent.com,Talent.com,Solution Architecture,Solution Architecture,,Remote / Global,MENA,MENA,Live Search,,,2026-07-20,Live search,Talent.com,C,Aggregator,Aggregator,62,Medium,,https://www.talent.com/jobs?k=Technical+Architect&l=Worldwide,"Direct platform search for Technical Architect in MENA. Sort by newest on the platform and verify employer, date, location eligibility and application route."
search-017854,Live Search,live_search,Technical Architect,Adzuna,Adzuna,Solution Architecture,Solution Architecture,,Remote / Global,MENA,MENA,Live Search,,,2026-07-20,Live search,Adzuna,C,Aggregator,Aggregator,62,Medium,,https://www.adzuna.com/search?q=Technical+Architect&loc=Worldwide,"Direct platform search for Technical Architect in MENA. Sort by newest on the platform and verify employer, date, location eligibility and application route."
search-017856,Live Search,live_search,Technical Architect,Remote OK,Remote OK,Solution Architecture,Solution Architecture,,Remote / Global,MENA,MENA,Live Search,,,2026-07-20,Live search,Remote OK,B,Direct organization or specialist source,Direct,62,Medium,,https://remoteok.com/remote-technical-architect-jobs,"Direct platform search for Technical Architect in MENA. Sort by newest on the platform and verify employer, date, location eligibility and application route."
search-017857,Live Search,live_search,Technical Architect,We Work Remotely,We Work Remotely,Solution Architecture,Solution Architecture,,Remote / Global,MENA,MENA,Live Search,,,2026-07-20,Live search,We Work Remotely,B,Direct organization or specialist source,Direct,62,Medium,,https://weworkremotely.com/remote-jobs/search?term=Technical+Architect,"Direct platform search for Technical Architect in MENA. Sort by newest on the platform and verify employer, date, location eligibility and application route."
search-017858,Live Search,live_search,Technical Architect,Remotive,Remotive,Solution Architecture,Solution Architecture,,Remote / Global,MENA,MENA,Live Search,,,2026-07-20,Live search,Remotive,B,Direct organization or specialist source,Direct,62,Medium,,https://remotive.com/remote-jobs/search?search=Technical+Architect,"Direct platform search for Technical Architect in MENA. Sort by newest on the platform and verify employer, date, location eligibility and application route."
search-017859,Live Search,live_search,Technical Architect,Remote.co,Remote.co,Solution Architecture,Solution Architecture,,Remote / Global,MENA,MENA,Live Search,,,2026-07-20,Live search,Remote.co,B,Direct organization or specialist source,Direct,62,Medium,,https://remote.co/remote-jobs/search/?search_keywords=Technical+Architect,"Direct platform search for Technical Architect in MENA. Sort by newest on the platform and verify employer, date, location eligibility and application route."
search-017861,Live Search,live_search,Technical Architect,Working Nomads,Working Nomads,Solution Architecture,Solution Architecture,,Remote / Global,MENA,MENA,Live Search,,,2026-07-20,Live search,Working Nomads,B,Direct organization or specialist source,Direct,62,Medium,,https://www.workingnomads.com/remote-jobs?search=Technical+Architect,"Direct platform search for Technical Architect in MENA. Sort by newest on the platform and verify employer, date, location eligibility and application route."
search-017864,Live Search,live_search,Technical Architect,Himalayas,Himalayas,Solution Architecture,Solution Architecture,,Remote / Global,MENA,MENA,Live Search,,,2026-07-20,Live search,Himalayas,B,Direct organization or specialist source,Direct,62,Medium,,https://himalayas.app/jobs?search=Technical+Architect,"Direct platform search for Technical Architect in MENA. Sort by newest on the platform and verify employer, date, location eligibility and application route."
search-017868,Live Search,live_search,Technical Architect,ReliefWeb,ReliefWeb,Solution Architecture,Solution Architecture,,Remote / Global,MENA,MENA,Live Search,,,2026-07-20,Live search,ReliefWeb,A,Official / primary source,Official,62,Medium,,https://reliefweb.int/jobs?search=Technical+Architect,"Direct platform search for Technical Architect in MENA. Sort by newest on the platform and verify employer, date, location eligibility and application route."
search-017870,Live Search,live_search,Technical Architect,UNjobs,UNjobs,Solution Architecture,Solution Architecture,,Remote / Global,MENA,MENA,Live Search,,,2026-07-20,Live search,UNjobs,B,Direct organization or specialist source,Direct,62,Medium,,https://unjobs.org/search/Technical%20Architect,"Direct platform search for Technical Architect in MENA. Sort by newest on the platform and verify employer, date, location eligibility and application route."
search-017871,Live Search,live_search,Technical Architect,Upwork,Upwork,Solution Architecture,Solution Architecture,,Remote / Global,MENA,MENA,Live Search,,,2026-07-20,Live search,Upwork,B,Direct organization or specialist source,Direct,62,Medium,,https://www.upwork.com/nx/search/jobs/?q=Technical+Architect,"Direct project search for Technical Architect in MENA. Sort by newest on the platform and verify employer, date, location eligibility and application route."
search-017872,Live Search,live_search,Technical Architect,Freelancer,Freelancer,Solution Architecture,Solution Architecture,,Remote / Global,MENA,MENA,Live Search,,,2026-07-20,Live search,Freelancer,B,Direct organization or specialist source,Direct,62,Medium,,https://www.freelancer.com/jobs/technical-architect/,"Direct project search for Technical Architect in MENA. Sort by newest on the platform and verify employer, date, location eligibility and application route."
search-017874,Live Search,live_search,Technical Architect,Contra,Contra,Solution Architecture,Solution Architecture,,Remote / Global,MENA,MENA,Live Search,,,2026-07-20,Live search,Contra,B,Direct organization or specialist source,Direct,62,Medium,,https://contra.com/opportunities?query=Technical+Architect,"Direct project search for Technical Architect in MENA. Sort by newest on the platform and verify employer, date, location eligibility and application route."
job-00791,Platform-Indexed Vacancy,job,AI Solution Architect — LinkedIn Live Search,Worldwide Remote,Worldwide Remote,Live Job Search,Live Job Search,Other Multinational & Enterprise,Remote / Global,Worldwide Remote,Live / varies,Possibly Available,,,2026-07-20,Live search sorted toward newest results,LinkedIn,B,Recognized job platform,Platform,61,Medium,,https://www.linkedin.com/jobs/search/?keywords=AI+Solution+Architect&sortBy=DD&location=Worldwide+Remote,"Global remote live-search pack. This is a live search link, not one fixed vacancy."
job-00891,Platform-Indexed Vacancy,job,AI Solution Architect — LinkedIn Live Search,EMEA Remote,EMEA Remote,Live Job Search,Live Job Search,Other Multinational & Enterprise,Remote / Global,EMEA Remote,Live / varies,Possibly Available,,,2026-07-20,Live search sorted toward newest results,LinkedIn,B,Recognized job platform,Platform,61,Medium,,https://www.linkedin.com/jobs/search/?keywords=AI+Solution+Architect&sortBy=DD&location=EMEA+Remote,"Global remote live-search pack. This is a live search link, not one fixed vacancy."
job-00991,Platform-Indexed Vacancy,job,AI Solution Architect — LinkedIn Live Search,Africa Remote,Africa Remote,Live Job Search,Live Job Search,Other Multinational & Enterprise,Africa,Africa Remote,Live / varies,Possibly Available,,,2026-07-20,Live search sorted toward newest results,LinkedIn,B,Recognized job platform,Platform,61,Medium,,https://www.linkedin.com/jobs/search/?keywords=AI+Solution+Architect&sortBy=DD&location=Africa+Remote,"Global remote live-search pack. This is a live search link, not one fixed vacancy."
job-01091,Platform-Indexed Vacancy,job,AI Solution Architect — LinkedIn Live Search,Middle East Remote,Middle East Remote,Live Job Search,Live Job Search,Other Multinational & Enterprise,Remote / Global,Middle East Remote,Live / varies,Possibly Available,,,2026-07-20,Live search sorted toward newest results,LinkedIn,B,Recognized job platform,Platform,61,Medium,,https://www.linkedin.com/jobs/search/?keywords=AI+Solution+Architect&sortBy=DD&location=Middle+East+Remote,"Global remote live-search pack. This is a live search link, not one fixed vacancy."
job-00793,Platform-Indexed Vacancy,job,AI Solution Architect — RemoteOK Live Search,Worldwide Remote,Worldwide Remote,Live Job Search,Live Job Search,Other Multinational & Enterprise,Remote / Global,Worldwide Remote,Live / varies,Possibly Available,,,2026-07-20,Live search sorted toward newest results,RemoteOK,B,Direct organization or specialist source,Direct,61,Medium,,https://remoteok.com/remote-ai-solution-architect-jobs,"Global remote live-search pack. This is a live search link, not one fixed vacancy."
job-00893,Platform-Indexed Vacancy,job,AI Solution Architect — RemoteOK Live Search,EMEA Remote,EMEA Remote,Live Job Search,Live Job Search,Other Multinational & Enterprise,Remote / Global,EMEA Remote,Live / varies,Possibly Available,,,2026-07-20,Live search sorted toward newest results,RemoteOK,B,Direct organization or specialist source,Direct,61,Medium,,https://remoteok.com/remote-ai-solution-architect-jobs,"Global remote live-search pack. This is a live search link, not one fixed vacancy."
job-00993,Platform-Indexed Vacancy,job,AI Solution Architect — RemoteOK Live Search,Africa Remote,Africa Remote,Live Job Search,Live Job Search,Other Multinational & Enterprise,Africa,Africa Remote,Live / varies,Possibly Available,,,2026-07-20,Live search sorted toward newest results,RemoteOK,B,Direct organization or specialist source,Direct,61,Medium,,https://remoteok.com/remote-ai-solution-architect-jobs,"Global remote live-search pack. This is a live search link, not one fixed vacancy."
job-01093,Platform-Indexed Vacancy,job,AI Solution Architect — RemoteOK Live Search,Middle East Remote,Middle East Remote,Live Job Search,Live Job Search,Other Multinational & Enterprise,Remote / Global,Middle East Remote,Live / varies,Possibly Available,,,2026-07-20,Live search sorted toward newest results,RemoteOK,B,Direct organization or specialist source,Direct,61,Medium,,https://remoteok.com/remote-ai-solution-architect-jobs,"Global remote live-search pack. This is a live search link, not one fixed vacancy."
job-00794,Platform-Indexed Vacancy,job,AI Solution Architect — Wellfound Live Search,Worldwide Remote,Worldwide Remote,Live Job Search,Live Job Search,Other Multinational & Enterprise,Remote / Global,Worldwide Remote,Live / varies,Possibly Available,,,2026-07-20,Live search sorted toward newest results,Wellfound,B,Direct organization or specialist source,Direct,61,Medium,,https://wellfound.com/jobs?q=AI+Solution+Architect&remote=True,"Global remote live-search pack. This is a live search link, not one fixed vacancy."
job-00894,Platform-Indexed Vacancy,job,AI Solution Architect — Wellfound Live Search,EMEA Remote,EMEA Remote,Live Job Search,Live Job Search,Other Multinational & Enterprise,Remote / Global,EMEA Remote,Live / varies,Possibly Available,,,2026-07-20,Live search sorted toward newest results,Wellfound,B,Direct organization or specialist source,Direct,61,Medium,,https://wellfound.com/jobs?q=AI+Solution+Architect&remote=True,"Global remote live-search pack. This is a live search link, not one fixed vacancy."
job-00994,Platform-Indexed Vacancy,job,AI Solution Architect — Wellfound Live Search,Africa Remote,Africa Remote,Live Job Search,Live Job Search,Other Multinational & Enterprise,Africa,Africa Remote,Live / varies,Possibly Available,,,2026-07-20,Live search sorted toward newest results,Wellfound,B,Direct organization or specialist source,Direct,61,Medium,,https://wellfound.com/jobs?q=AI+Solution+Architect&remote=True,"Global remote live-search pack. This is a live search link, not one fixed vacancy."
job-01094,Platform-Indexed Vacancy,job,AI Solution Architect — Wellfound Live Search,Middle East Remote,Middle East Remote,Live Job Search,Live Job Search,Other Multinational & Enterprise,Remote / Global,Middle East Remote,Live / varies,Possibly Available,,,2026-07-20,Live search sorted toward newest results,Wellfound,B,Direct organization or specialist source,Direct,61,Medium,,https://wellfound.com/jobs?q=AI+Solution+Architect&remote=True,"Global remote live-search pack. This is a live search link, not one fixed vacancy."
job-00792,Platform-Indexed Vacancy,job,AI Solution Architect — WeWorkRemotely Live Search,Worldwide Remote,Worldwide Remote,Live Job Search,Live Job Search,Other Multinational & Enterprise,Remote / Global,Worldwide Remote,Live / varies,Possibly Available,,,2026-07-20,Live search sorted toward newest results,WeWorkRemotely,B,Direct organization or specialist source,Direct,61,Medium,,https://weworkremotely.com/remote-jobs/search?term=AI+Solution+Architect,"Global remote live-search pack. This is a live search link, not one fixed vacancy."
job-00892,Platform-Indexed Vacancy,job,AI Solution Architect — WeWorkRemotely Live Search,EMEA Remote,EMEA Remote,Live Job Search,Live Job Search,Other Multinational & Enterprise,Remote / Global,EMEA Remote,Live / varies,Possibly Available,,,2026-07-20,Live search sorted toward newest results,WeWorkRemotely,B,Direct organization or specialist source,Direct,61,Medium,,https://weworkremotely.com/remote-jobs/search?term=AI+Solution+Architect,"Global remote live-search pack. This is a live search link, not one fixed vacancy."
job-00992,Platform-Indexed Vacancy,job,AI Solution Architect — WeWorkRemotely Live Search,Africa Remote,Africa Remote,Live Job Search,Live Job Search,Other Multinational & Enterprise,Africa,Africa Remote,Live / varies,Possibly Available,,,2026-07-20,Live search sorted toward newest results,WeWorkRemotely,B,Direct organization or specialist source,Direct,61,Medium,,https://weworkremotely.com/remote-jobs/search?term=AI+Solution+Architect,"Global remote live-search pack. This is a live search link, not one fixed vacancy."
job-01092,Platform-Indexed Vacancy,job,AI Solution Architect — WeWorkRemotely Live Search,Middle East Remote,Middle East Remote,Live Job Search,Live Job Search,Other Multinational & Enterprise,Remote / Global,Middle East Remote,Live / varies,Possibly Available,,,2026-07-20,Live search sorted toward newest results,WeWorkRemotely,B,Direct organization or specialist source,Direct,61,Medium,,https://weworkremotely.com/remote-jobs/search?term=AI+Solution+Architect,"Global remote live-search pack. This is a live search link, not one fixed vacancy."
search-018901,Live Search,live_search,Business Transformation Manager,LinkedIn,LinkedIn,Digital Transformation,Digital Transformation,,Remote / Global,MENA,MENA,Live Search,,,2026-07-20,Live search,LinkedIn,B,Recognized job platform,Platform,61,Medium,,https://www.linkedin.com/jobs/search/?keywords=Business+Transformation+Manager&location=Worldwide&sortBy=DD,"Direct platform search for Business Transformation Manager in MENA. Sort by newest on the platform and verify employer, date, location eligibility and application route."
search-018902,Live Search,live_search,Business Transformation Manager,Indeed,Indeed,Digital Transformation,Digital Transformation,,Remote / Global,MENA,MENA,Live Search,,,2026-07-20,Live search,Indeed,B,Recognized job platform,Platform,61,Medium,,https://www.indeed.com/jobs?q=Business+Transformation+Manager&l=Worldwide&sort=date,"Direct platform search for Business Transformation Manager in MENA. Sort by newest on the platform and verify employer, date, location eligibility and application route."
search-018905,Live Search,live_search,Business Transformation Manager,Careerjet,Careerjet,Digital Transformation,Digital Transformation,,Remote / Global,MENA,MENA,Live Search,,,2026-07-20,Live search,Careerjet,C,Aggregator,Aggregator,61,Medium,,https://www.careerjet.com/search/jobs?s=Business+Transformation+Manager&l=Worldwide,"Direct platform search for Business Transformation Manager in MENA. Sort by newest on the platform and verify employer, date, location eligibility and application route."
search-018906,Live Search,live_search,Business Transformation Manager,Talent.com,Talent.com,Digital Transformation,Digital Transformation,,Remote / Global,MENA,MENA,Live Search,,,2026-07-20,Live search,Talent.com,C,Aggregator,Aggregator,61,Medium,,https://www.talent.com/jobs?k=Business+Transformation+Manager&l=Worldwide,"Direct platform search for Business Transformation Manager in MENA. Sort by newest on the platform and verify employer, date, location eligibility and application route."
search-018907,Live Search,live_search,Business Transformation Manager,Adzuna,Adzuna,Digital Transformation,Digital Transformation,,Remote / Global,MENA,MENA,Live Search,,,2026-07-20,Live search,Adzuna,C,Aggregator,Aggregator,61,Medium,,https://www.adzuna.com/search?q=Business+Transformation+Manager&loc=Worldwide,"Direct platform search for Business Transformation Manager in MENA. Sort by newest on the platform and verify employer, date, location eligibility and application route."
search-018909,Live Search,live_search,Business Transformation Manager,Remote OK,Remote OK,Digital Transformation,Digital Transformation,,Remote / Global,MENA,MENA,Live Search,,,2026-07-20,Live search,Remote OK,B,Direct organization or specialist source,Direct,61,Medium,,https://remoteok.com/remote-business-transformation-manager-jobs,"Direct platform search for Business Transformation Manager in MENA. Sort by newest on the platform and verify employer, date, location eligibility and application route."
search-018910,Live Search,live_search,Business Transformation Manager,We Work Remotely,We Work Remotely,Digital Transformation,Digital Transformation,,Remote / Global,MENA,MENA,Live Search,,,2026-07-20,Live search,We Work Remotely,B,Direct organization or specialist source,Direct,61,Medium,,https://weworkremotely.com/remote-jobs/search?term=Business+Transformation+Manager,"Direct platform search for Business Transformation Manager in MENA. Sort by newest on the platform and verify employer, date, location eligibility and application route."
search-018911,Live Search,live_search,Business Transformation Manager,Remotive,Remotive,Digital Transformation,Digital Transformation,,Remote / Global,MENA,MENA,Live Search,,,2026-07-20,Live search,Remotive,B,Direct organization or specialist source,Direct,61,Medium,,https://remotive.com/remote-jobs/search?search=Business+Transformation+Manager,"Direct platform search for Business Transformation Manager in MENA. Sort by newest on the platform and verify employer, date, location eligibility and application route."
search-018912,Live Search,live_search,Business Transformation Manager,Remote.co,Remote.co,Digital Transformation,Digital Transformation,,Remote / Global,MENA,MENA,Live Search,,,2026-07-20,Live search,Remote.co,B,Direct organization or specialist source,Direct,61,Medium,,https://remote.co/remote-jobs/search/?search_keywords=Business+Transformation+Manager,"Direct platform search for Business Transformation Manager in MENA. Sort by newest on the platform and verify employer, date, location eligibility and application route."
search-018914,Live Search,live_search,Business Transformation Manager,Working Nomads,Working Nomads,Digital Transformation,Digital Transformation,,Remote / Global,MENA,MENA,Live Search,,,2026-07-20,Live search,Working Nomads,B,Direct organization or specialist source,Direct,61,Medium,,https://www.workingnomads.com/remote-jobs?search=Business+Transformation+Manager,"Direct platform search for Business Transformation Manager in MENA. Sort by newest on the platform and verify employer, date, location eligibility and application route."
search-018917,Live Search,live_search,Business Transformation Manager,Himalayas,Himalayas,Digital Transformation,Digital Transformation,,Remote / Global,MENA,MENA,Live Search,,,2026-07-20,Live search,Himalayas,B,Direct organization or specialist source,Direct,61,Medium,,https://himalayas.app/jobs?search=Business+Transformation+Manager,"Direct platform search for Business Transformation Manager in MENA. Sort by newest on the platform and verify employer, date, location eligibility and application route."
search-018921,Live Search,live_search,Business Transformation Manager,ReliefWeb,ReliefWeb,Digital Transformation,Digital Transformation,,Remote / Global,MENA,MENA,Live Search,,,2026-07-20,Live search,ReliefWeb,A,Official / primary source,Official,61,Medium,,https://reliefweb.int/jobs?search=Business+Transformation+Manager,"Direct platform search for Business Transformation Manager in MENA. Sort by newest on the platform and verify employer, date, location eligibility and application route."
search-018923,Live Search,live_search,Business Transformation Manager,UNjobs,UNjobs,Digital Transformation,Digital Transformation,,Remote / Global,MENA,MENA,Live Search,,,2026-07-20,Live search,UNjobs,B,Direct organization or specialist source,Direct,61,Medium,,https://unjobs.org/search/Business%20Transformation%20Manager,"Direct platform search for Business Transformation Manager in MENA. Sort by newest on the platform and verify employer, date, location eligibility and application route."
search-018924,Live Search,live_search,Business Transformation Manager,Upwork,Upwork,Digital Transformation,Digital Transformation,,Remote / Global,MENA,MENA,Live Search,,,2026-07-20,Live search,Upwork,B,Direct organization or specialist source,Direct,61,Medium,,https://www.upwork.com/nx/search/jobs/?q=Business+Transformation+Manager,"Direct project search for Business Transformation Manager in MENA. Sort by newest on the platform and verify employer, date, location eligibility and application route."
search-018925,Live Search,live_search,Business Transformation Manager,Freelancer,Freelancer,Digital Transformation,Digital Transformation,,Remote / Global,MENA,MENA,Live Search,,,2026-07-20,Live search,Freelancer,B,Direct organization or specialist source,Direct,61,Medium,,https://www.freelancer.com/jobs/business-transformation-manager/,"Direct project search for Business Transformation Manager in MENA. Sort by newest on the platform and verify employer, date, location eligibility and application route."
search-018927,Live Search,live_search,Business Transformation Manager,Contra,Contra,Digital Transformation,Digital Transformation,,Remote / Global,MENA,MENA,Live Search,,,2026-07-20,Live search,Contra,B,Direct organization or specialist source,Direct,61,Medium,,https://contra.com/opportunities?query=Business+Transformation+Manager,"Direct project search for Business Transformation Manager in MENA. Sort by newest on the platform and verify employer, date, location eligibility and application route."
search-017902,Live Search,live_search,Data Architect,LinkedIn,LinkedIn,Data & Governance,Data & Governance,,Remote / Global,MENA,MENA,Live Search,,,2026-07-20,Live search,LinkedIn,B,Recognized job platform,Platform,61,Medium,,https://www.linkedin.com/jobs/search/?keywords=Data+Architect&location=Worldwide&sortBy=DD,"Direct platform search for Data Architect in MENA. Sort by newest on the platform and verify employer, date, location eligibility and application route."
search-017903,Live Search,live_search,Data Architect,Indeed,Indeed,Data & Governance,Data & Governance,,Remote / Global,MENA,MENA,Live Search,,,2026-07-20,Live search,Indeed,B,Recognized job platform,Platform,61,Medium,,https://www.indeed.com/jobs?q=Data+Architect&l=Worldwide&sort=date,"Direct platform search for Data Architect in MENA. Sort by newest on the platform and verify employer, date, location eligibility and application route."
search-017906,Live Search,live_search,Data Architect,Careerjet,Careerjet,Data & Governance,Data & Governance,,Remote / Global,MENA,MENA,Live Search,,,2026-07-20,Live search,Careerjet,C,Aggregator,Aggregator,61,Medium,,https://www.careerjet.com/search/jobs?s=Data+Architect&l=Worldwide,"Direct platform search for Data Architect in MENA. Sort by newest on the platform and verify employer, date, location eligibility and application route."
search-017907,Live Search,live_search,Data Architect,Talent.com,Talent.com,Data & Governance,Data & Governance,,Remote / Global,MENA,MENA,Live Search,,,2026-07-20,Live search,Talent.com,C,Aggregator,Aggregator,61,Medium,,https://www.talent.com/jobs?k=Data+Architect&l=Worldwide,"Direct platform search for Data Architect in MENA. Sort by newest on the platform and verify employer, date, location eligibility and application route."
search-017908,Live Search,live_search,Data Architect,Adzuna,Adzuna,Data & Governance,Data & Governance,,Remote / Global,MENA,MENA,Live Search,,,2026-07-20,Live search,Adzuna,C,Aggregator,Aggregator,61,Medium,,https://www.adzuna.com/search?q=Data+Architect&loc=Worldwide,"Direct platform search for Data Architect in MENA. Sort by newest on the platform and verify employer, date, location eligibility and application route."
search-017910,Live Search,live_search,Data Architect,Remote OK,Remote OK,Data & Governance,Data & Governance,,Remote / Global,MENA,MENA,Live Search,,,2026-07-20,Live search,Remote OK,B,Direct organization or specialist source,Direct,61,Medium,,https://remoteok.com/remote-data-architect-jobs,"Direct platform search for Data Architect in MENA. Sort by newest on the platform and verify employer, date, location eligibility and application route."
search-017911,Live Search,live_search,Data Architect,We Work Remotely,We Work Remotely,Data & Governance,Data & Governance,,Remote / Global,MENA,MENA,Live Search,,,2026-07-20,Live search,We Work Remotely,B,Direct organization or specialist source,Direct,61,Medium,,https://weworkremotely.com/remote-jobs/search?term=Data+Architect,"Direct platform search for Data Architect in MENA. Sort by newest on the platform and verify employer, date, location eligibility and application route."
search-017912,Live Search,live_search,Data Architect,Remotive,Remotive,Data & Governance,Data & Governance,,Remote / Global,MENA,MENA,Live Search,,,2026-07-20,Live search,Remotive,B,Direct organization or specialist source,Direct,61,Medium,,https://remotive.com/remote-jobs/search?search=Data+Architect,"Direct platform search for Data Architect in MENA. Sort by newest on the platform and verify employer, date, location eligibility and application route."
search-017913,Live Search,live_search,Data Architect,Remote.co,Remote.co,Data & Governance,Data & Governance,,Remote / Global,MENA,MENA,Live Search,,,2026-07-20,Live search,Remote.co,B,Direct organization or specialist source,Direct,61,Medium,,https://remote.co/remote-jobs/search/?search_keywords=Data+Architect,"Direct platform search for Data Architect in MENA. Sort by newest on the platform and verify employer, date, location eligibility and application route."
search-017915,Live Search,live_search,Data Architect,Working Nomads,Working Nomads,Data & Governance,Data & Governance,,Remote / Global,MENA,MENA,Live Search,,,2026-07-20,Live search,Working Nomads,B,Direct organization or specialist source,Direct,61,Medium,,https://www.workingnomads.com/remote-jobs?search=Data+Architect,"Direct platform search for Data Architect in MENA. Sort by newest on the platform and verify employer, date, location eligibility and application route."
search-017918,Live Search,live_search,Data Architect,Himalayas,Himalayas,Data & Governance,Data & Governance,,Remote / Global,MENA,MENA,Live Search,,,2026-07-20,Live search,Himalayas,B,Direct organization or specialist source,Direct,61,Medium,,https://himalayas.app/jobs?search=Data+Architect,"Direct platform search for Data Architect in MENA. Sort by newest on the platform and verify employer, date, location eligibility and application route."
search-017922,Live Search,live_search,Data Architect,ReliefWeb,ReliefWeb,Data & Governance,Data & Governance,,Remote / Global,MENA,MENA,Live Search,,,2026-07-20,Live search,ReliefWeb,A,Official / primary source,Official,61,Medium,,https://reliefweb.int/jobs?search=Data+Architect,"Direct platform search for Data Architect in MENA. Sort by newest on the platform and verify employer, date, location eligibility and application route."
search-017924,Live Search,live_search,Data Architect,UNjobs,UNjobs,Data & Governance,Data & Governance,,Remote / Global,MENA,MENA,Live Search,,,2026-07-20,Live search,UNjobs,B,Direct organization or specialist source,Direct,61,Medium,,https://unjobs.org/search/Data%20Architect,"Direct platform search for Data Architect in MENA. Sort by newest on the platform and verify employer, date, location eligibility and application route."
search-017925,Live Search,live_search,Data Architect,Upwork,Upwork,Data & Governance,Data & Governance,,Remote / Global,MENA,MENA,Live Search,,,2026-07-20,Live search,Upwork,B,Direct organization or specialist source,Direct,61,Medium,,https://www.upwork.com/nx/search/jobs/?q=Data+Architect,"Direct project search for Data Architect in MENA. Sort by newest on the platform and verify employer, date, location eligibility and application route."
search-017926,Live Search,live_search,Data Architect,Freelancer,Freelancer,Data & Governance,Data & Governance,,Remote / Global,MENA,MENA,Live Search,,,2026-07-20,Live search,Freelancer,B,Direct organization or specialist source,Direct,61,Medium,,https://www.freelancer.com/jobs/data-architect/,"Direct project search for Data Architect in MENA. Sort by newest on the platform and verify employer, date, location eligibility and application route."
search-017928,Live Search,live_search,Data Architect,Contra,Contra,Data & Governance,Data & Governance,,Remote / Global,MENA,MENA,Live Search,,,2026-07-20,Live search,Contra,B,Direct organization or specialist source,Direct,61,Medium,,https://contra.com/opportunities?query=Data+Architect,"Direct project search for Data Architect in MENA. Sort by newest on the platform and verify employer, date, location eligibility and application route."
search-018496,Live Search,live_search,Data Platform Manager,LinkedIn,LinkedIn,Data & Governance,Data & Governance,,Remote / Global,MENA,MENA,Live Search,,,2026-07-20,Live search,LinkedIn,B,Recognized job platform,Platform,61,Medium,,https://www.linkedin.com/jobs/search/?keywords=Data+Platform+Manager&location=Worldwide&sortBy=DD,"Direct platform search for Data Platform Manager in MENA. Sort by newest on the platform and verify employer, date, location eligibility and application route."
search-018497,Live Search,live_search,Data Platform Manager,Indeed,Indeed,Data & Governance,Data & Governance,,Remote / Global,MENA,MENA,Live Search,,,2026-07-20,Live search,Indeed,B,Recognized job platform,Platform,61,Medium,,https://www.indeed.com/jobs?q=Data+Platform+Manager&l=Worldwide&sort=date,"Direct platform search for Data Platform Manager in MENA. Sort by newest on the platform and verify employer, date, location eligibility and application route."
search-018500,Live Search,live_search,Data Platform Manager,Careerjet,Careerjet,Data & Governance,Data & Governance,,Remote / Global,MENA,MENA,Live Search,,,2026-07-20,Live search,Careerjet,C,Aggregator,Aggregator,61,Medium,,https://www.careerjet.com/search/jobs?s=Data+Platform+Manager&l=Worldwide,"Direct platform search for Data Platform Manager in MENA. Sort by newest on the platform and verify employer, date, location eligibility and application route."
search-018501,Live Search,live_search,Data Platform Manager,Talent.com,Talent.com,Data & Governance,Data & Governance,,Remote / Global,MENA,MENA,Live Search,,,2026-07-20,Live search,Talent.com,C,Aggregator,Aggregator,61,Medium,,https://www.talent.com/jobs?k=Data+Platform+Manager&l=Worldwide,"Direct platform search for Data Platform Manager in MENA. Sort by newest on the platform and verify employer, date, location eligibility and application route."
search-018502,Live Search,live_search,Data Platform Manager,Adzuna,Adzuna,Data & Governance,Data & Governance,,Remote / Global,MENA,MENA,Live Search,,,2026-07-20,Live search,Adzuna,C,Aggregator,Aggregator,61,Medium,,https://www.adzuna.com/search?q=Data+Platform+Manager&loc=Worldwide,"Direct platform search for Data Platform Manager in MENA. Sort by newest on the platform and verify employer, date, location eligibility and application route."
search-018504,Live Search,live_search,Data Platform Manager,Remote OK,Remote OK,Data & Governance,Data & Governance,,Remote / Global,MENA,MENA,Live Search,,,2026-07-20,Live search,Remote OK,B,Direct organization or specialist source,Direct,61,Medium,,https://remoteok.com/remote-data-platform-manager-jobs,"Direct platform search for Data Platform Manager in MENA. Sort by newest on the platform and verify employer, date, location eligibility and application route."
search-018505,Live Search,live_search,Data Platform Manager,We Work Remotely,We Work Remotely,Data & Governance,Data & Governance,,Remote / Global,MENA,MENA,Live Search,,,2026-07-20,Live search,We Work Remotely,B,Direct organization or specialist source,Direct,61,Medium,,https://weworkremotely.com/remote-jobs/search?term=Data+Platform+Manager,"Direct platform search for Data Platform Manager in MENA. Sort by newest on the platform and verify employer, date, location eligibility and application route."
search-018506,Live Search,live_search,Data Platform Manager,Remotive,Remotive,Data & Governance,Data & Governance,,Remote / Global,MENA,MENA,Live Search,,,2026-07-20,Live search,Remotive,B,Direct organization or specialist source,Direct,61,Medium,,https://remotive.com/remote-jobs/search?search=Data+Platform+Manager,"Direct platform search for Data Platform Manager in MENA. Sort by newest on the platform and verify employer, date, location eligibility and application route."
search-018507,Live Search,live_search,Data Platform Manager,Remote.co,Remote.co,Data & Governance,Data & Governance,,Remote / Global,MENA,MENA,Live Search,,,2026-07-20,Live search,Remote.co,B,Direct organization or specialist source,Direct,61,Medium,,https://remote.co/remote-jobs/search/?search_keywords=Data+Platform+Manager,"Direct platform search for Data Platform Manager in MENA. Sort by newest on the platform and verify employer, date, location eligibility and application route."
search-018509,Live Search,live_search,Data Platform Manager,Working Nomads,Working Nomads,Data & Governance,Data & Governance,,Remote / Global,MENA,MENA,Live Search,,,2026-07-20,Live search,Working Nomads,B,Direct organization or specialist source,Direct,61,Medium,,https://www.workingnomads.com/remote-jobs?search=Data+Platform+Manager,"Direct platform search for Data Platform Manager in MENA. Sort by newest on the platform and verify employer, date, location eligibility and application route."
search-018512,Live Search,live_search,Data Platform Manager,Himalayas,Himalayas,Data & Governance,Data & Governance,,Remote / Global,MENA,MENA,Live Search,,,2026-07-20,Live search,Himalayas,B,Direct organization or specialist source,Direct,61,Medium,,https://himalayas.app/jobs?search=Data+Platform+Manager,"Direct platform search for Data Platform Manager in MENA. Sort by newest on the platform and verify employer, date, location eligibility and application route."
search-018516,Live Search,live_search,Data Platform Manager,ReliefWeb,ReliefWeb,Data & Governance,Data & Governance,,Remote / Global,MENA,MENA,Live Search,,,2026-07-20,Live search,ReliefWeb,A,Official / primary source,Official,61,Medium,,https://reliefweb.int/jobs?search=Data+Platform+Manager,"Direct platform search for Data Platform Manager in MENA. Sort by newest on the platform and verify employer, date, location eligibility and application route."
search-018518,Live Search,live_search,Data Platform Manager,UNjobs,UNjobs,Data & Governance,Data & Governance,,Remote / Global,MENA,MENA,Live Search,,,2026-07-20,Live search,UNjobs,B,Direct organization or specialist source,Direct,61,Medium,,https://unjobs.org/search/Data%20Platform%20Manager,"Direct platform search for Data Platform Manager in MENA. Sort by newest on the platform and verify employer, date, location eligibility and application route."
search-018519,Live Search,live_search,Data Platform Manager,Upwork,Upwork,Data & Governance,Data & Governance,,Remote / Global,MENA,MENA,Live Search,,,2026-07-20,Live search,Upwork,B,Direct organization or specialist source,Direct,61,Medium,,https://www.upwork.com/nx/search/jobs/?q=Data+Platform+Manager,"Direct project search for Data Platform Manager in MENA. Sort by newest on the platform and verify employer, date, location eligibility and application route."
search-018520,Live Search,live_search,Data Platform Manager,Freelancer,Freelancer,Data & Governance,Data & Governance,,Remote / Global,MENA,MENA,Live Search,,,2026-07-20,Live search,Freelancer,B,Direct organization or specialist source,Direct,61,Medium,,https://www.freelancer.com/jobs/data-platform-manager/,"Direct project search for Data Platform Manager in MENA. Sort by newest on the platform and verify employer, date, location eligibility and application route."
search-018522,Live Search,live_search,Data Platform Manager,Contra,Contra,Data & Governance,Data & Governance,,Remote / Global,MENA,MENA,Live Search,,,2026-07-20,Live search,Contra,B,Direct organization or specialist source,Direct,61,Medium,,https://contra.com/opportunities?query=Data+Platform+Manager,"Direct project search for Data Platform Manager in MENA. Sort by newest on the platform and verify employer, date, location eligibility and application route."
search-018064,Live Search,live_search,Digital Transformation Manager,LinkedIn,LinkedIn,Digital Transformation,Digital Transformation,,Remote / Global,MENA,MENA,Live Search,,,2026-07-20,Live search,LinkedIn,B,Recognized job platform,Platform,61,Medium,,https://www.linkedin.com/jobs/search/?keywords=Digital+Transformation+Manager&location=Worldwide&sortBy=DD,"Direct platform search for Digital Transformation Manager in MENA. Sort by newest on the platform and verify employer, date, location eligibility and application route."
search-018065,Live Search,live_search,Digital Transformation Manager,Indeed,Indeed,Digital Transformation,Digital Transformation,,Remote / Global,MENA,MENA,Live Search,,,2026-07-20,Live search,Indeed,B,Recognized job platform,Platform,61,Medium,,https://www.indeed.com/jobs?q=Digital+Transformation+Manager&l=Worldwide&sort=date,"Direct platform search for Digital Transformation Manager in MENA. Sort by newest on the platform and verify employer, date, location eligibility and application route."
search-018068,Live Search,live_search,Digital Transformation Manager,Careerjet,Careerjet,Digital Transformation,Digital Transformation,,Remote / Global,MENA,MENA,Live Search,,,2026-07-20,Live search,Careerjet,C,Aggregator,Aggregator,61,Medium,,https://www.careerjet.com/search/jobs?s=Digital+Transformation+Manager&l=Worldwide,"Direct platform search for Digital Transformation Manager in MENA. Sort by newest on the platform and verify employer, date, location eligibility and application route."
search-018069,Live Search,live_search,Digital Transformation Manager,Talent.com,Talent.com,Digital Transformation,Digital Transformation,,Remote / Global,MENA,MENA,Live Search,,,2026-07-20,Live search,Talent.com,C,Aggregator,Aggregator,61,Medium,,https://www.talent.com/jobs?k=Digital+Transformation+Manager&l=Worldwide,"Direct platform search for Digital Transformation Manager in MENA. Sort by newest on the platform and verify employer, date, location eligibility and application route."
search-018070,Live Search,live_search,Digital Transformation Manager,Adzuna,Adzuna,Digital Transformation,Digital Transformation,,Remote / Global,MENA,MENA,Live Search,,,2026-07-20,Live search,Adzuna,C,Aggregator,Aggregator,61,Medium,,https://www.adzuna.com/search?q=Digital+Transformation+Manager&loc=Worldwide,"Direct platform search for Digital Transformation Manager in MENA. Sort by newest on the platform and verify employer, date, location eligibility and application route."
search-018072,Live Search,live_search,Digital Transformation Manager,Remote OK,Remote OK,Digital Transformation,Digital Transformation,,Remote / Global,MENA,MENA,Live Search,,,2026-07-20,Live search,Remote OK,B,Direct organization or specialist source,Direct,61,Medium,,https://remoteok.com/remote-digital-transformation-manager-jobs,"Direct platform search for Digital Transformation Manager in MENA. Sort by newest on the platform and verify employer, date, location eligibility and application route."
search-018073,Live Search,live_search,Digital Transformation Manager,We Work Remotely,We Work Remotely,Digital Transformation,Digital Transformation,,Remote / Global,MENA,MENA,Live Search,,,2026-07-20,Live search,We Work Remotely,B,Direct organization or specialist source,Direct,61,Medium,,https://weworkremotely.com/remote-jobs/search?term=Digital+Transformation+Manager,"Direct platform search for Digital Transformation Manager in MENA. Sort by newest on the platform and verify employer, date, location eligibility and application route."
search-018074,Live Search,live_search,Digital Transformation Manager,Remotive,Remotive,Digital Transformation,Digital Transformation,,Remote / Global,MENA,MENA,Live Search,,,2026-07-20,Live search,Remotive,B,Direct organization or specialist source,Direct,61,Medium,,https://remotive.com/remote-jobs/search?search=Digital+Transformation+Manager,"Direct platform search for Digital Transformation Manager in MENA. Sort by newest on the platform and verify employer, date, location eligibility and application route."
search-018075,Live Search,live_search,Digital Transformation Manager,Remote.co,Remote.co,Digital Transformation,Digital Transformation,,Remote / Global,MENA,MENA,Live Search,,,2026-07-20,Live search,Remote.co,B,Direct organization or specialist source,Direct,61,Medium,,https://remote.co/remote-jobs/search/?search_keywords=Digital+Transformation+Manager,"Direct platform search for Digital Transformation Manager in MENA. Sort by newest on the platform and verify employer, date, location eligibility and application route."
search-018077,Live Search,live_search,Digital Transformation Manager,Working Nomads,Working Nomads,Digital Transformation,Digital Transformation,,Remote / Global,MENA,MENA,Live Search,,,2026-07-20,Live search,Working Nomads,B,Direct organization or specialist source,Direct,61,Medium,,https://www.workingnomads.com/remote-jobs?search=Digital+Transformation+Manager,"Direct platform search for Digital Transformation Manager in MENA. Sort by newest on the platform and verify employer, date, location eligibility and application route."
search-018080,Live Search,live_search,Digital Transformation Manager,Himalayas,Himalayas,Digital Transformation,Digital Transformation,,Remote / Global,MENA,MENA,Live Search,,,2026-07-20,Live search,Himalayas,B,Direct organization or specialist source,Direct,61,Medium,,https://himalayas.app/jobs?search=Digital+Transformation+Manager,"Direct platform search for Digital Transformation Manager in MENA. Sort by newest on the platform and verify employer, date, location eligibility and application route."
search-018084,Live Search,live_search,Digital Transformation Manager,ReliefWeb,ReliefWeb,Digital Transformation,Digital Transformation,,Remote / Global,MENA,MENA,Live Search,,,2026-07-20,Live search,ReliefWeb,A,Official / primary source,Official,61,Medium,,https://reliefweb.int/jobs?search=Digital+Transformation+Manager,"Direct platform search for Digital Transformation Manager in MENA. Sort by newest on the platform and verify employer, date, location eligibility and application route."
search-018086,Live Search,live_search,Digital Transformation Manager,UNjobs,UNjobs,Digital Transformation,Digital Transformation,,Remote / Global,MENA,MENA,Live Search,,,2026-07-20,Live search,UNjobs,B,Direct organization or specialist source,Direct,61,Medium,,https://unjobs.org/search/Digital%20Transformation%20Manager,"Direct platform search for Digital Transformation Manager in MENA. Sort by newest on the platform and verify employer, date, location eligibility and application route."
search-018087,Live Search,live_search,Digital Transformation Manager,Upwork,Upwork,Digital Transformation,Digital Transformation,,Remote / Global,MENA,MENA,Live Search,,,2026-07-20,Live search,Upwork,B,Direct organization or specialist source,Direct,61,Medium,,https://www.upwork.com/nx/search/jobs/?q=Digital+Transformation+Manager,"Direct project search for Digital Transformation Manager in MENA. Sort by newest on the platform and verify employer, date, location eligibility and application route."
search-018088,Live Search,live_search,Digital Transformation Manager,Freelancer,Freelancer,Digital Transformation,Digital Transformation,,Remote / Global,MENA,MENA,Live Search,,,2026-07-20,Live search,Freelancer,B,Direct organization or specialist source,Direct,61,Medium,,https://www.freelancer.com/jobs/digital-transformation-manager/,"Direct project search for Digital Transformation Manager in MENA. Sort by newest on the platform and verify employer, date, location eligibility and application route."
search-018090,Live Search,live_search,Digital Transformation Manager,Contra,Contra,Digital Transformation,Digital Transformation,,Remote / Global,MENA,MENA,Live Search,,,2026-07-20,Live search,Contra,B,Direct organization or specialist source,Direct,61,Medium,,https://contra.com/opportunities?query=Digital+Transformation+Manager,"Direct project search for Digital Transformation Manager in MENA. Sort by newest on the platform and verify employer, date, location eligibility and application route."
job-00719,Platform-Indexed Vacancy,job,Digital Transformation Manager — LinkedIn Live Search,Worldwide Remote,Worldwide Remote,Live Job Search,Live Job Search,Technology & Consulting,Remote / Global,Worldwide Remote,Live / varies,Possibly Available,,,2026-07-20,Live search sorted toward newest results,LinkedIn,B,Recognized job platform,Platform,61,Medium,,https://www.linkedin.com/jobs/search/?keywords=Digital+Transformation+Manager&sortBy=DD&location=Worldwide+Remote,"Global remote live-search pack. This is a live search link, not one fixed vacancy."
job-00819,Platform-Indexed Vacancy,job,Digital Transformation Manager — LinkedIn Live Search,EMEA Remote,EMEA Remote,Live Job Search,Live Job Search,Technology & Consulting,Remote / Global,EMEA Remote,Live / varies,Possibly Available,,,2026-07-20,Live search sorted toward newest results,LinkedIn,B,Recognized job platform,Platform,61,Medium,,https://www.linkedin.com/jobs/search/?keywords=Digital+Transformation+Manager&sortBy=DD&location=EMEA+Remote,"Global remote live-search pack. This is a live search link, not one fixed vacancy."
job-00919,Platform-Indexed Vacancy,job,Digital Transformation Manager — LinkedIn Live Search,Africa Remote,Africa Remote,Live Job Search,Live Job Search,Technology & Consulting,Africa,Africa Remote,Live / varies,Possibly Available,,,2026-07-20,Live search sorted toward newest results,LinkedIn,B,Recognized job platform,Platform,61,Medium,,https://www.linkedin.com/jobs/search/?keywords=Digital+Transformation+Manager&sortBy=DD&location=Africa+Remote,"Global remote live-search pack. This is a live search link, not one fixed vacancy."
job-01019,Platform-Indexed Vacancy,job,Digital Transformation Manager — LinkedIn Live Search,Middle East Remote,Middle East Remote,Live Job Search,Live Job Search,Technology & Consulting,Remote / Global,Middle East Remote,Live / varies,Possibly Available,,,2026-07-20,Live search sorted toward newest results,LinkedIn,B,Recognized job platform,Platform,61,Medium,,https://www.linkedin.com/jobs/search/?keywords=Digital+Transformation+Manager&sortBy=DD&location=Middle+East+Remote,"Global remote live-search pack. This is a live search link, not one fixed vacancy."
job-00721,Platform-Indexed Vacancy,job,Digital Transformation Manager — RemoteOK Live Search,Worldwide Remote,Worldwide Remote,Live Job Search,Live Job Search,Technology & Consulting,Remote / Global,Worldwide Remote,Live / varies,Possibly Available,,,2026-07-20,Live search sorted toward newest results,RemoteOK,B,Direct organization or specialist source,Direct,61,Medium,,https://remoteok.com/remote-digital-transformation-manager-jobs,"Global remote live-search pack. This is a live search link, not one fixed vacancy."
job-00821,Platform-Indexed Vacancy,job,Digital Transformation Manager — RemoteOK Live Search,EMEA Remote,EMEA Remote,Live Job Search,Live Job Search,Technology & Consulting,Remote / Global,EMEA Remote,Live / varies,Possibly Available,,,2026-07-20,Live search sorted toward newest results,RemoteOK,B,Direct organization or specialist source,Direct,61,Medium,,https://remoteok.com/remote-digital-transformation-manager-jobs,"Global remote live-search pack. This is a live search link, not one fixed vacancy."
job-00921,Platform-Indexed Vacancy,job,Digital Transformation Manager — RemoteOK Live Search,Africa Remote,Africa Remote,Live Job Search,Live Job Search,Technology & Consulting,Africa,Africa Remote,Live / varies,Possibly Available,,,2026-07-20,Live search sorted toward newest results,RemoteOK,B,Direct organization or specialist source,Direct,61,Medium,,https://remoteok.com/remote-digital-transformation-manager-jobs,"Global remote live-search pack. This is a live search link, not one fixed vacancy."
job-01021,Platform-Indexed Vacancy,job,Digital Transformation Manager — RemoteOK Live Search,Middle East Remote,Middle East Remote,Live Job Search,Live Job Search,Technology & Consulting,Remote / Global,Middle East Remote,Live / varies,Possibly Available,,,2026-07-20,Live search sorted toward newest results,RemoteOK,B,Direct organization or specialist source,Direct,61,Medium,,https://remoteok.com/remote-digital-transformation-manager-jobs,"Global remote live-search pack. This is a live search link, not one fixed vacancy."
job-00722,Platform-Indexed Vacancy,job,Digital Transformation Manager — Wellfound Live Search,Worldwide Remote,Worldwide Remote,Live Job Search,Live Job Search,Technology & Consulting,Remote / Global,Worldwide Remote,Live / varies,Possibly Available,,,2026-07-20,Live search sorted toward newest results,Wellfound,B,Direct organization or specialist source,Direct,61,Medium,,https://wellfound.com/jobs?q=Digital+Transformation+Manager&remote=True,"Global remote live-search pack. This is a live search link, not one fixed vacancy."
job-00822,Platform-Indexed Vacancy,job,Digital Transformation Manager — Wellfound Live Search,EMEA Remote,EMEA Remote,Live Job Search,Live Job Search,Technology & Consulting,Remote / Global,EMEA Remote,Live / varies,Possibly Available,,,2026-07-20,Live search sorted toward newest results,Wellfound,B,Direct organization or specialist source,Direct,61,Medium,,https://wellfound.com/jobs?q=Digital+Transformation+Manager&remote=True,"Global remote live-search pack. This is a live search link, not one fixed vacancy."
job-00922,Platform-Indexed Vacancy,job,Digital Transformation Manager — Wellfound Live Search,Africa Remote,Africa Remote,Live Job Search,Live Job Search,Technology & Consulting,Africa,Africa Remote,Live / varies,Possibly Available,,,2026-07-20,Live search sorted toward newest results,Wellfound,B,Direct organization or specialist source,Direct,61,Medium,,https://wellfound.com/jobs?q=Digital+Transformation+Manager&remote=True,"Global remote live-search pack. This is a live search link, not one fixed vacancy."
job-01022,Platform-Indexed Vacancy,job,Digital Transformation Manager — Wellfound Live Search,Middle East Remote,Middle East Remote,Live Job Search,Live Job Search,Technology & Consulting,Remote / Global,Middle East Remote,Live / varies,Possibly Available,,,2026-07-20,Live search sorted toward newest results,Wellfound,B,Direct organization or specialist source,Direct,61,Medium,,https://wellfound.com/jobs?q=Digital+Transformation+Manager&remote=True,"Global remote live-search pack. This is a live search link, not one fixed vacancy."
job-00720,Platform-Indexed Vacancy,job,Digital Transformation Manager — WeWorkRemotely Live Search,Worldwide Remote,Worldwide Remote,Live Job Search,Live Job Search,Technology & Consulting,Remote / Global,Worldwide Remote,Live / varies,Possibly Available,,,2026-07-20,Live search sorted toward newest results,WeWorkRemotely,B,Direct organization or specialist source,Direct,61,Medium,,https://weworkremotely.com/remote-jobs/search?term=Digital+Transformation+Manager,"Global remote live-search pack. This is a live search link, not one fixed vacancy."
job-00820,Platform-Indexed Vacancy,job,Digital Transformation Manager — WeWorkRemotely Live Search,EMEA Remote,EMEA Remote,Live Job Search,Live Job Search,Technology & Consulting,Remote / Global,EMEA Remote,Live / varies,Possibly Available,,,2026-07-20,Live search sorted toward newest results,WeWorkRemotely,B,Direct organization or specialist source,Direct,61,Medium,,https://weworkremotely.com/remote-jobs/search?term=Digital+Transformation+Manager,"Global remote live-search pack. This is a live search link, not one fixed vacancy."
job-00920,Platform-Indexed Vacancy,job,Digital Transformation Manager — WeWorkRemotely Live Search,Africa Remote,Africa Remote,Live Job Search,Live Job Search,Technology & Consulting,Africa,Africa Remote,Live / varies,Possibly Available,,,2026-07-20,Live search sorted toward newest results,WeWorkRemotely,B,Direct organization or specialist source,Direct,61,Medium,,https://weworkremotely.com/remote-jobs/search?term=Digital+Transformation+Manager,"Global remote live-search pack. This is a live search link, not one fixed vacancy."
job-01020,Platform-Indexed Vacancy,job,Digital Transformation Manager — WeWorkRemotely Live Search,Middle East Remote,Middle East Remote,Live Job Search,Live Job Search,Technology & Consulting,Remote / Global,Middle East Remote,Live / varies,Possibly Available,,,2026-07-20,Live search sorted toward newest results,WeWorkRemotely,B,Direct organization or specialist source,Direct,61,Medium,,https://weworkremotely.com/remote-jobs/search?term=Digital+Transformation+Manager,"Global remote live-search pack. This is a live search link, not one fixed vacancy."
job-00706,Verified Vacancy,job,Engineering Manager - Data Platform,Canonical,Canonical,Data & Governance,Data & Governance,Technology & Cloud,Remote / Global,Worldwide,Worldwide Remote,Available,2026-07-20,,2026-07-24,Current official careers listing,Canonical,A,Official employer / primary source,Official,61,Medium,,https://canonical.com/careers/all?search=App,"Verify eligibility, deadline and work authorization on the linked source before applying."
search-018091,Live Search,live_search,Head of Digital Transformation,LinkedIn,LinkedIn,Digital Transformation,Digital Transformation,,Remote / Global,MENA,MENA,Live Search,,,2026-07-20,Live search,LinkedIn,B,Recognized job platform,Platform,61,Medium,,https://www.linkedin.com/jobs/search/?keywords=Head+of+Digital+Transformation&location=Worldwide&sortBy=DD,"Direct platform search for Head of Digital Transformation in MENA. Sort by newest on the platform and verify employer, date, location eligibility and application route."
search-018092,Live Search,live_search,Head of Digital Transformation,Indeed,Indeed,Digital Transformation,Digital Transformation,,Remote / Global,MENA,MENA,Live Search,,,2026-07-20,Live search,Indeed,B,Recognized job platform,Platform,61,Medium,,https://www.indeed.com/jobs?q=Head+of+Digital+Transformation&l=Worldwide&sort=date,"Direct platform search for Head of Digital Transformation in MENA. Sort by newest on the platform and verify employer, date, location eligibility and application route."
search-018095,Live Search,live_search,Head of Digital Transformation,Careerjet,Careerjet,Digital Transformation,Digital Transformation,,Remote / Global,MENA,MENA,Live Search,,,2026-07-20,Live search,Careerjet,C,Aggregator,Aggregator,61,Medium,,https://www.careerjet.com/search/jobs?s=Head+of+Digital+Transformation&l=Worldwide,"Direct platform search for Head of Digital Transformation in MENA. Sort by newest on the platform and verify employer, date, location eligibility and application route."
search-018096,Live Search,live_search,Head of Digital Transformation,Talent.com,Talent.com,Digital Transformation,Digital Transformation,,Remote / Global,MENA,MENA,Live Search,,,2026-07-20,Live search,Talent.com,C,Aggregator,Aggregator,61,Medium,,https://www.talent.com/jobs?k=Head+of+Digital+Transformation&l=Worldwide,"Direct platform search for Head of Digital Transformation in MENA. Sort by newest on the platform and verify employer, date, location eligibility and application route."
search-018097,Live Search,live_search,Head of Digital Transformation,Adzuna,Adzuna,Digital Transformation,Digital Transformation,,Remote / Global,MENA,MENA,Live Search,,,2026-07-20,Live search,Adzuna,C,Aggregator,Aggregator,61,Medium,,https://www.adzuna.com/search?q=Head+of+Digital+Transformation&loc=Worldwide,"Direct platform search for Head of Digital Transformation in MENA. Sort by newest on the platform and verify employer, date, location eligibility and application route."
search-018099,Live Search,live_search,Head of Digital Transformation,Remote OK,Remote OK,Digital Transformation,Digital Transformation,,Remote / Global,MENA,MENA,Live Search,,,2026-07-20,Live search,Remote OK,B,Direct organization or specialist source,Direct,61,Medium,,https://remoteok.com/remote-head-of-digital-transformation-jobs,"Direct platform search for Head of Digital Transformation in MENA. Sort by newest on the platform and verify employer, date, location eligibility and application route."
search-018100,Live Search,live_search,Head of Digital Transformation,We Work Remotely,We Work Remotely,Digital Transformation,Digital Transformation,,Remote / Global,MENA,MENA,Live Search,,,2026-07-20,Live search,We Work Remotely,B,Direct organization or specialist source,Direct,61,Medium,,https://weworkremotely.com/remote-jobs/search?term=Head+of+Digital+Transformation,"Direct platform search for Head of Digital Transformation in MENA. Sort by newest on the platform and verify employer, date, location eligibility and application route."
search-018101,Live Search,live_search,Head of Digital Transformation,Remotive,Remotive,Digital Transformation,Digital Transformation,,Remote / Global,MENA,MENA,Live Search,,,2026-07-20,Live search,Remotive,B,Direct organization or specialist source,Direct,61,Medium,,https://remotive.com/remote-jobs/search?search=Head+of+Digital+Transformation,"Direct platform search for Head of Digital Transformation in MENA. Sort by newest on the platform and verify employer, date, location eligibility and application route."
search-018102,Live Search,live_search,Head of Digital Transformation,Remote.co,Remote.co,Digital Transformation,Digital Transformation,,Remote / Global,MENA,MENA,Live Search,,,2026-07-20,Live search,Remote.co,B,Direct organization or specialist source,Direct,61,Medium,,https://remote.co/remote-jobs/search/?search_keywords=Head+of+Digital+Transformation,"Direct platform search for Head of Digital Transformation in MENA. Sort by newest on the platform and verify employer, date, location eligibility and application route."
search-018104,Live Search,live_search,Head of Digital Transformation,Working Nomads,Working Nomads,Digital Transformation,Digital Transformation,,Remote / Global,MENA,MENA,Live Search,,,2026-07-20,Live search,Working Nomads,B,Direct organization or specialist source,Direct,61,Medium,,https://www.workingnomads.com/remote-jobs?search=Head+of+Digital+Transformation,"Direct platform search for Head of Digital Transformation in MENA. Sort by newest on the platform and verify employer, date, location eligibility and application route."
search-018107,Live Search,live_search,Head of Digital Transformation,Himalayas,Himalayas,Digital Transformation,Digital Transformation,,Remote / Global,MENA,MENA,Live Search,,,2026-07-20,Live search,Himalayas,B,Direct organization or specialist source,Direct,61,Medium,,https://himalayas.app/jobs?search=Head+of+Digital+Transformation,"Direct platform search for Head of Digital Transformation in MENA. Sort by newest on the platform and verify employer, date, location eligibility and application route."
search-018111,Live Search,live_search,Head of Digital Transformation,ReliefWeb,ReliefWeb,Digital Transformation,Digital Transformation,,Remote / Global,MENA,MENA,Live Search,,,2026-07-20,Live search,ReliefWeb,A,Official / primary source,Official,61,Medium,,https://reliefweb.int/jobs?search=Head+of+Digital+Transformation,"Direct platform search for Head of Digital Transformation in MENA. Sort by newest on the platform and verify employer, date, location eligibility and application route."
search-018113,Live Search,live_search,Head of Digital Transformation,UNjobs,UNjobs,Digital Transformation,Digital Transformation,,Remote / Global,MENA,MENA,Live Search,,,2026-07-20,Live search,UNjobs,B,Direct organization or specialist source,Direct,61,Medium,,https://unjobs.org/search/Head%20of%20Digital%20Transformation,"Direct platform search for Head of Digital Transformation in MENA. Sort by newest on the platform and verify employer, date, location eligibility and application route."
search-018114,Live Search,live_search,Head of Digital Transformation,Upwork,Upwork,Digital Transformation,Digital Transformation,,Remote / Global,MENA,MENA,Live Search,,,2026-07-20,Live search,Upwork,B,Direct organization or specialist source,Direct,61,Medium,,https://www.upwork.com/nx/search/jobs/?q=Head+of+Digital+Transformation,"Direct project search for Head of Digital Transformation in MENA. Sort by newest on the platform and verify employer, date, location eligibility and application route."
search-018115,Live Search,live_search,Head of Digital Transformation,Freelancer,Freelancer,Digital Transformation,Digital Transformation,,Remote / Global,MENA,MENA,Live Search,,,2026-07-20,Live search,Freelancer,B,Direct organization or specialist source,Direct,61,Medium,,https://www.freelancer.com/jobs/head-of-digital-transformation/,"Direct project search for Head of Digital Transformation in MENA. Sort by newest on the platform and verify employer, date, location eligibility and application route."
search-018117,Live Search,live_search,Head of Digital Transformation,Contra,Contra,Digital Transformation,Digital Transformation,,Remote / Global,MENA,MENA,Live Search,,,2026-07-20,Live search,Contra,B,Direct organization or specialist source,Direct,61,Medium,,https://contra.com/opportunities?query=Head+of+Digital+Transformation,"Direct project search for Head of Digital Transformation in MENA. Sort by newest on the platform and verify employer, date, location eligibility and application route."
search-018145,Live Search,live_search,Head of IT,LinkedIn,LinkedIn,Technology Leadership,Technology Leadership,,Remote / Global,MENA,MENA,Live Search,,,2026-07-20,Live search,LinkedIn,B,Recognized job platform,Platform,61,Medium,,https://www.linkedin.com/jobs/search/?keywords=Head+of+IT&location=Worldwide&sortBy=DD,"Direct platform search for Head of IT in MENA. Sort by newest on the platform and verify employer, date, location eligibility and application route."
search-018146,Live Search,live_search,Head of IT,Indeed,Indeed,Technology Leadership,Technology Leadership,,Remote / Global,MENA,MENA,Live Search,,,2026-07-20,Live search,Indeed,B,Recognized job platform,Platform,61,Medium,,https://www.indeed.com/jobs?q=Head+of+IT&l=Worldwide&sort=date,"Direct platform search for Head of IT in MENA. Sort by newest on the platform and verify employer, date, location eligibility and application route."
search-018149,Live Search,live_search,Head of IT,Careerjet,Careerjet,Technology Leadership,Technology Leadership,,Remote / Global,MENA,MENA,Live Search,,,2026-07-20,Live search,Careerjet,C,Aggregator,Aggregator,61,Medium,,https://www.careerjet.com/search/jobs?s=Head+of+IT&l=Worldwide,"Direct platform search for Head of IT in MENA. Sort by newest on the platform and verify employer, date, location eligibility and application route."
search-018150,Live Search,live_search,Head of IT,Talent.com,Talent.com,Technology Leadership,Technology Leadership,,Remote / Global,MENA,MENA,Live Search,,,2026-07-20,Live search,Talent.com,C,Aggregator,Aggregator,61,Medium,,https://www.talent.com/jobs?k=Head+of+IT&l=Worldwide,"Direct platform search for Head of IT in MENA. Sort by newest on the platform and verify employer, date, location eligibility and application route."
search-018151,Live Search,live_search,Head of IT,Adzuna,Adzuna,Technology Leadership,Technology Leadership,,Remote / Global,MENA,MENA,Live Search,,,2026-07-20,Live search,Adzuna,C,Aggregator,Aggregator,61,Medium,,https://www.adzuna.com/search?q=Head+of+IT&loc=Worldwide,"Direct platform search for Head of IT in MENA. Sort by newest on the platform and verify employer, date, location eligibility and application route."
search-018153,Live Search,live_search,Head of IT,Remote OK,Remote OK,Technology Leadership,Technology Leadership,,Remote / Global,MENA,MENA,Live Search,,,2026-07-20,Live search,Remote OK,B,Direct organization or specialist source,Direct,61,Medium,,https://remoteok.com/remote-head-of-it-jobs,"Direct platform search for Head of IT in MENA. Sort by newest on the platform and verify employer, date, location eligibility and application route."
search-018154,Live Search,live_search,Head of IT,We Work Remotely,We Work Remotely,Technology Leadership,Technology Leadership,,Remote / Global,MENA,MENA,Live Search,,,2026-07-20,Live search,We Work Remotely,B,Direct organization or specialist source,Direct,61,Medium,,https://weworkremotely.com/remote-jobs/search?term=Head+of+IT,"Direct platform search for Head of IT in MENA. Sort by newest on the platform and verify employer, date, location eligibility and application route."
search-018155,Live Search,live_search,Head of IT,Remotive,Remotive,Technology Leadership,Technology Leadership,,Remote / Global,MENA,MENA,Live Search,,,2026-07-20,Live search,Remotive,B,Direct organization or specialist source,Direct,61,Medium,,https://remotive.com/remote-jobs/search?search=Head+of+IT,"Direct platform search for Head of IT in MENA. Sort by newest on the platform and verify employer, date, location eligibility and application route."
search-018156,Live Search,live_search,Head of IT,Remote.co,Remote.co,Technology Leadership,Technology Leadership,,Remote / Global,MENA,MENA,Live Search,,,2026-07-20,Live search,Remote.co,B,Direct organization or specialist source,Direct,61,Medium,,https://remote.co/remote-jobs/search/?search_keywords=Head+of+IT,"Direct platform search for Head of IT in MENA. Sort by newest on the platform and verify employer, date, location eligibility and application route."
search-018158,Live Search,live_search,Head of IT,Working Nomads,Working Nomads,Technology Leadership,Technology Leadership,,Remote / Global,MENA,MENA,Live Search,,,2026-07-20,Live search,Working Nomads,B,Direct organization or specialist source,Direct,61,Medium,,https://www.workingnomads.com/remote-jobs?search=Head+of+IT,"Direct platform search for Head of IT in MENA. Sort by newest on the platform and verify employer, date, location eligibility and application route."
search-018161,Live Search,live_search,Head of IT,Himalayas,Himalayas,Technology Leadership,Technology Leadership,,Remote / Global,MENA,MENA,Live Search,,,2026-07-20,Live search,Himalayas,B,Direct organization or specialist source,Direct,61,Medium,,https://himalayas.app/jobs?search=Head+of+IT,"Direct platform search for Head of IT in MENA. Sort by newest on the platform and verify employer, date, location eligibility and application route."
search-018165,Live Search,live_search,Head of IT,ReliefWeb,ReliefWeb,Technology Leadership,Technology Leadership,,Remote / Global,MENA,MENA,Live Search,,,2026-07-20,Live search,ReliefWeb,A,Official / primary source,Official,61,Medium,,https://reliefweb.int/jobs?search=Head+of+IT,"Direct platform search for Head of IT in MENA. Sort by newest on the platform and verify employer, date, location eligibility and application route."
search-018167,Live Search,live_search,Head of IT,UNjobs,UNjobs,Technology Leadership,Technology Leadership,,Remote / Global,MENA,MENA,Live Search,,,2026-07-20,Live search,UNjobs,B,Direct organization or specialist source,Direct,61,Medium,,https://unjobs.org/search/Head%20of%20IT,"Direct platform search for Head of IT in MENA. Sort by newest on the platform and verify employer, date, location eligibility and application route."
search-018168,Live Search,live_search,Head of IT,Upwork,Upwork,Technology Leadership,Technology Leadership,,Remote / Global,MENA,MENA,Live Search,,,2026-07-20,Live search,Upwork,B,Direct organization or specialist source,Direct,61,Medium,,https://www.upwork.com/nx/search/jobs/?q=Head+of+IT,"Direct project search for Head of IT in MENA. Sort by newest on the platform and verify employer, date, location eligibility and application route."
search-018169,Live Search,live_search,Head of IT,Freelancer,Freelancer,Technology Leadership,Technology Leadership,,Remote / Global,MENA,MENA,Live Search,,,2026-07-20,Live search,Freelancer,B,Direct organization or specialist source,Direct,61,Medium,,https://www.freelancer.com/jobs/head-of-it/,"Direct project search for Head of IT in MENA. Sort by newest on the platform and verify employer, date, location eligibility and application route."
search-018171,Live Search,live_search,Head of IT,Contra,Contra,Technology Leadership,Technology Leadership,,Remote / Global,MENA,MENA,Live Search,,,2026-07-20,Live search,Contra,B,Direct organization or specialist source,Direct,61,Medium,,https://contra.com/opportunities?query=Head+of+IT,"Direct project search for Head of IT in MENA. Sort by newest on the platform and verify employer, date, location eligibility and application route."
search-018658,Live Search,live_search,IT Program Manager,LinkedIn,LinkedIn,Programme & Delivery,Programme & Delivery,,Remote / Global,MENA,MENA,Live Search,,,2026-07-20,Live search,LinkedIn,B,Recognized job platform,Platform,61,Medium,,https://www.linkedin.com/jobs/search/?keywords=IT+Program+Manager&location=Worldwide&sortBy=DD,"Direct platform search for IT Program Manager in MENA. Sort by newest on the platform and verify employer, date, location eligibility and application route."
search-018659,Live Search,live_search,IT Program Manager,Indeed,Indeed,Programme & Delivery,Programme & Delivery,,Remote / Global,MENA,MENA,Live Search,,,2026-07-20,Live search,Indeed,B,Recognized job platform,Platform,61,Medium,,https://www.indeed.com/jobs?q=IT+Program+Manager&l=Worldwide&sort=date,"Direct platform search for IT Program Manager in MENA. Sort by newest on the platform and verify employer, date, location eligibility and application route."
search-018662,Live Search,live_search,IT Program Manager,Careerjet,Careerjet,Programme & Delivery,Programme & Delivery,,Remote / Global,MENA,MENA,Live Search,,,2026-07-20,Live search,Careerjet,C,Aggregator,Aggregator,61,Medium,,https://www.careerjet.com/search/jobs?s=IT+Program+Manager&l=Worldwide,"Direct platform search for IT Program Manager in MENA. Sort by newest on the platform and verify employer, date, location eligibility and application route."
search-018663,Live Search,live_search,IT Program Manager,Talent.com,Talent.com,Programme & Delivery,Programme & Delivery,,Remote / Global,MENA,MENA,Live Search,,,2026-07-20,Live search,Talent.com,C,Aggregator,Aggregator,61,Medium,,https://www.talent.com/jobs?k=IT+Program+Manager&l=Worldwide,"Direct platform search for IT Program Manager in MENA. Sort by newest on the platform and verify employer, date, location eligibility and application route."
search-018664,Live Search,live_search,IT Program Manager,Adzuna,Adzuna,Programme & Delivery,Programme & Delivery,,Remote / Global,MENA,MENA,Live Search,,,2026-07-20,Live search,Adzuna,C,Aggregator,Aggregator,61,Medium,,https://www.adzuna.com/search?q=IT+Program+Manager&loc=Worldwide,"Direct platform search for IT Program Manager in MENA. Sort by newest on the platform and verify employer, date, location eligibility and application route."
search-018666,Live Search,live_search,IT Program Manager,Remote OK,Remote OK,Programme & Delivery,Programme & Delivery,,Remote / Global,MENA,MENA,Live Search,,,2026-07-20,Live search,Remote OK,B,Direct organization or specialist source,Direct,61,Medium,,https://remoteok.com/remote-it-program-manager-jobs,"Direct platform search for IT Program Manager in MENA. Sort by newest on the platform and verify employer, date, location eligibility and application route."
search-018667,Live Search,live_search,IT Program Manager,We Work Remotely,We Work Remotely,Programme & Delivery,Programme & Delivery,,Remote / Global,MENA,MENA,Live Search,,,2026-07-20,Live search,We Work Remotely,B,Direct organization or specialist source,Direct,61,Medium,,https://weworkremotely.com/remote-jobs/search?term=IT+Program+Manager,"Direct platform search for IT Program Manager in MENA. Sort by newest on the platform and verify employer, date, location eligibility and application route."
search-018668,Live Search,live_search,IT Program Manager,Remotive,Remotive,Programme & Delivery,Programme & Delivery,,Remote / Global,MENA,MENA,Live Search,,,2026-07-20,Live search,Remotive,B,Direct organization or specialist source,Direct,61,Medium,,https://remotive.com/remote-jobs/search?search=IT+Program+Manager,"Direct platform search for IT Program Manager in MENA. Sort by newest on the platform and verify employer, date, location eligibility and application route."
search-018669,Live Search,live_search,IT Program Manager,Remote.co,Remote.co,Programme & Delivery,Programme & Delivery,,Remote / Global,MENA,MENA,Live Search,,,2026-07-20,Live search,Remote.co,B,Direct organization or specialist source,Direct,61,Medium,,https://remote.co/remote-jobs/search/?search_keywords=IT+Program+Manager,"Direct platform search for IT Program Manager in MENA. Sort by newest on the platform and verify employer, date, location eligibility and application route."
search-018671,Live Search,live_search,IT Program Manager,Working Nomads,Working Nomads,Programme & Delivery,Programme & Delivery,,Remote / Global,MENA,MENA,Live Search,,,2026-07-20,Live search,Working Nomads,B,Direct organization or specialist source,Direct,61,Medium,,https://www.workingnomads.com/remote-jobs?search=IT+Program+Manager,"Direct platform search for IT Program Manager in MENA. Sort by newest on the platform and verify employer, date, location eligibility and application route."
search-018674,Live Search,live_search,IT Program Manager,Himalayas,Himalayas,Programme & Delivery,Programme & Delivery,,Remote / Global,MENA,MENA,Live Search,,,2026-07-20,Live search,Himalayas,B,Direct organization or specialist source,Direct,61,Medium,,https://himalayas.app/jobs?search=IT+Program+Manager,"Direct platform search for IT Program Manager in MENA. Sort by newest on the platform and verify employer, date, location eligibility and application route."
search-018678,Live Search,live_search,IT Program Manager,ReliefWeb,ReliefWeb,Programme & Delivery,Programme & Delivery,,Remote / Global,MENA,MENA,Live Search,,,2026-07-20,Live search,ReliefWeb,A,Official / primary source,Official,61,Medium,,https://reliefweb.int/jobs?search=IT+Program+Manager,"Direct platform search for IT Program Manager in MENA. Sort by newest on the platform and verify employer, date, location eligibility and application route."
search-018680,Live Search,live_search,IT Program Manager,UNjobs,UNjobs,Programme & Delivery,Programme & Delivery,,Remote / Global,MENA,MENA,Live Search,,,2026-07-20,Live search,UNjobs,B,Direct organization or specialist source,Direct,61,Medium,,https://unjobs.org/search/IT%20Program%20Manager,"Direct platform search for IT Program Manager in MENA. Sort by newest on the platform and verify employer, date, location eligibility and application route."
search-018681,Live Search,live_search,IT Program Manager,Upwork,Upwork,Programme & Delivery,Programme & Delivery,,Remote / Global,MENA,MENA,Live Search,,,2026-07-20,Live search,Upwork,B,Direct organization or specialist source,Direct,61,Medium,,https://www.upwork.com/nx/search/jobs/?q=IT+Program+Manager,"Direct project search for IT Program Manager in MENA. Sort by newest on the platform and verify employer, date, location eligibility and application route."
search-018682,Live Search,live_search,IT Program Manager,Freelancer,Freelancer,Programme & Delivery,Programme & Delivery,,Remote / Global,MENA,MENA,Live Search,,,2026-07-20,Live search,Freelancer,B,Direct organization or specialist source,Direct,61,Medium,,https://www.freelancer.com/jobs/it-program-manager/,"Direct project search for IT Program Manager in MENA. Sort by newest on the platform and verify employer, date, location eligibility and application route."
search-018684,Live Search,live_search,IT Program Manager,Contra,Contra,Programme & Delivery,Programme & Delivery,,Remote / Global,MENA,MENA,Live Search,,,2026-07-20,Live search,Contra,B,Direct organization or specialist source,Direct,61,Medium,,https://contra.com/opportunities?query=IT+Program+Manager,"Direct project search for IT Program Manager in MENA. Sort by newest on the platform and verify employer, date, location eligibility and application route."
job-00735,Platform-Indexed Vacancy,job,IT Strategy Manager — LinkedIn Live Search,Worldwide Remote,Worldwide Remote,Live Job Search,Live Job Search,Other Multinational & Enterprise,Remote / Global,Worldwide Remote,Live / varies,Possibly Available,,,2026-07-20,Live search sorted toward newest results,LinkedIn,B,Recognized job platform,Platform,61,Medium,,https://www.linkedin.com/jobs/search/?keywords=IT+Strategy+Manager&sortBy=DD&location=Worldwide+Remote,"Global remote live-search pack. This is a live search link, not one fixed vacancy."
job-00835,Platform-Indexed Vacancy,job,IT Strategy Manager — LinkedIn Live Search,EMEA Remote,EMEA Remote,Live Job Search,Live Job Search,Other Multinational & Enterprise,Remote / Global,EMEA Remote,Live / varies,Possibly Available,,,2026-07-20,Live search sorted toward newest results,LinkedIn,B,Recognized job platform,Platform,61,Medium,,https://www.linkedin.com/jobs/search/?keywords=IT+Strategy+Manager&sortBy=DD&location=EMEA+Remote,"Global remote live-search pack. This is a live search link, not one fixed vacancy."
job-00935,Platform-Indexed Vacancy,job,IT Strategy Manager — LinkedIn Live Search,Africa Remote,Africa Remote,Live Job Search,Live Job Search,Other Multinational & Enterprise,Africa,Africa Remote,Live / varies,Possibly Available,,,2026-07-20,Live search sorted toward newest results,LinkedIn,B,Recognized job platform,Platform,61,Medium,,https://www.linkedin.com/jobs/search/?keywords=IT+Strategy+Manager&sortBy=DD&location=Africa+Remote,"Global remote live-search pack. This is a live search link, not one fixed vacancy."
job-01035,Platform-Indexed Vacancy,job,IT Strategy Manager — LinkedIn Live Search,Middle East Remote,Middle East Remote,Live Job Search,Live Job Search,Other Multinational & Enterprise,Remote / Global,Middle East Remote,Live / varies,Possibly Available,,,2026-07-20,Live search sorted toward newest results,LinkedIn,B,Recognized job platform,Platform,61,Medium,,https://www.linkedin.com/jobs/search/?keywords=IT+Strategy+Manager&sortBy=DD&location=Middle+East+Remote,"Global remote live-search pack. This is a live search link, not one fixed vacancy."
job-00737,Platform-Indexed Vacancy,job,IT Strategy Manager — RemoteOK Live Search,Worldwide Remote,Worldwide Remote,Live Job Search,Live Job Search,Other Multinational & Enterprise,Remote / Global,Worldwide Remote,Live / varies,Possibly Available,,,2026-07-20,Live search sorted toward newest results,RemoteOK,B,Direct organization or specialist source,Direct,61,Medium,,https://remoteok.com/remote-it-strategy-manager-jobs,"Global remote live-search pack. This is a live search link, not one fixed vacancy."
job-00837,Platform-Indexed Vacancy,job,IT Strategy Manager — RemoteOK Live Search,EMEA Remote,EMEA Remote,Live Job Search,Live Job Search,Other Multinational & Enterprise,Remote / Global,EMEA Remote,Live / varies,Possibly Available,,,2026-07-20,Live search sorted toward newest results,RemoteOK,B,Direct organization or specialist source,Direct,61,Medium,,https://remoteok.com/remote-it-strategy-manager-jobs,"Global remote live-search pack. This is a live search link, not one fixed vacancy."
job-00937,Platform-Indexed Vacancy,job,IT Strategy Manager — RemoteOK Live Search,Africa Remote,Africa Remote,Live Job Search,Live Job Search,Other Multinational & Enterprise,Africa,Africa Remote,Live / varies,Possibly Available,,,2026-07-20,Live search sorted toward newest results,RemoteOK,B,Direct organization or specialist source,Direct,61,Medium,,https://remoteok.com/remote-it-strategy-manager-jobs,"Global remote live-search pack. This is a live search link, not one fixed vacancy."
job-01037,Platform-Indexed Vacancy,job,IT Strategy Manager — RemoteOK Live Search,Middle East Remote,Middle East Remote,Live Job Search,Live Job Search,Other Multinational & Enterprise,Remote / Global,Middle East Remote,Live / varies,Possibly Available,,,2026-07-20,Live search sorted toward newest results,RemoteOK,B,Direct organization or specialist source,Direct,61,Medium,,https://remoteok.com/remote-it-strategy-manager-jobs,"Global remote live-search pack. This is a live search link, not one fixed vacancy."
job-00738,Platform-Indexed Vacancy,job,IT Strategy Manager — Wellfound Live Search,Worldwide Remote,Worldwide Remote,Live Job Search,Live Job Search,Other Multinational & Enterprise,Remote / Global,Worldwide Remote,Live / varies,Possibly Available,,,2026-07-20,Live search sorted toward newest results,Wellfound,B,Direct organization or specialist source,Direct,61,Medium,,https://wellfound.com/jobs?q=IT+Strategy+Manager&remote=True,"Global remote live-search pack. This is a live search link, not one fixed vacancy."
job-00838,Platform-Indexed Vacancy,job,IT Strategy Manager — Wellfound Live Search,EMEA Remote,EMEA Remote,Live Job Search,Live Job Search,Other Multinational & Enterprise,Remote / Global,EMEA Remote,Live / varies,Possibly Available,,,2026-07-20,Live search sorted toward newest results,Wellfound,B,Direct organization or specialist source,Direct,61,Medium,,https://wellfound.com/jobs?q=IT+Strategy+Manager&remote=True,"Global remote live-search pack. This is a live search link, not one fixed vacancy."
job-00938,Platform-Indexed Vacancy,job,IT Strategy Manager — Wellfound Live Search,Africa Remote,Africa Remote,Live Job Search,Live Job Search,Other Multinational & Enterprise,Africa,Africa Remote,Live / varies,Possibly Available,,,2026-07-20,Live search sorted toward newest results,Wellfound,B,Direct organization or specialist source,Direct,61,Medium,,https://wellfound.com/jobs?q=IT+Strategy+Manager&remote=True,"Global remote live-search pack. This is a live search link, not one fixed vacancy."
job-01038,Platform-Indexed Vacancy,job,IT Strategy Manager — Wellfound Live Search,Middle East Remote,Middle East Remote,Live Job Search,Live Job Search,Other Multinational & Enterprise,Remote / Global,Middle East Remote,Live / varies,Possibly Available,,,2026-07-20,Live search sorted toward newest results,Wellfound,B,Direct organization or specialist source,Direct,61,Medium,,https://wellfound.com/jobs?q=IT+Strategy+Manager&remote=True,"Global remote live-search pack. This is a live search link, not one fixed vacancy."
job-00736,Platform-Indexed Vacancy,job,IT Strategy Manager — WeWorkRemotely Live Search,Worldwide Remote,Worldwide Remote,Live Job Search,Live Job Search,Other Multinational & Enterprise,Remote / Global,Worldwide Remote,Live / varies,Possibly Available,,,2026-07-20,Live search sorted toward newest results,WeWorkRemotely,B,Direct organization or specialist source,Direct,61,Medium,,https://weworkremotely.com/remote-jobs/search?term=IT+Strategy+Manager,"Global remote live-search pack. This is a live search link, not one fixed vacancy."
job-00836,Platform-Indexed Vacancy,job,IT Strategy Manager — WeWorkRemotely Live Search,EMEA Remote,EMEA Remote,Live Job Search,Live Job Search,Other Multinational & Enterprise,Remote / Global,EMEA Remote,Live / varies,Possibly Available,,,2026-07-20,Live search sorted toward newest results,WeWorkRemotely,B,Direct organization or specialist source,Direct,61,Medium,,https://weworkremotely.com/remote-jobs/search?term=IT+Strategy+Manager,"Global remote live-search pack. This is a live search link, not one fixed vacancy."
job-00936,Platform-Indexed Vacancy,job,IT Strategy Manager — WeWorkRemotely Live Search,Africa Remote,Africa Remote,Live Job Search,Live Job Search,Other Multinational & Enterprise,Africa,Africa Remote,Live / varies,Possibly Available,,,2026-07-20,Live search sorted toward newest results,WeWorkRemotely,B,Direct organization or specialist source,Direct,61,Medium,,https://weworkremotely.com/remote-jobs/search?term=IT+Strategy+Manager,"Global remote live-search pack. This is a live search link, not one fixed vacancy."
job-01036,Platform-Indexed Vacancy,job,IT Strategy Manager — WeWorkRemotely Live Search,Middle East Remote,Middle East Remote,Live Job Search,Live Job Search,Other Multinational & Enterprise,Remote / Global,Middle East Remote,Live / varies,Possibly Available,,,2026-07-20,Live search sorted toward newest results,WeWorkRemotely,B,Direct organization or specialist source,Direct,61,Medium,,https://weworkremotely.com/remote-jobs/search?term=IT+Strategy+Manager,"Global remote live-search pack. This is a live search link, not one fixed vacancy."
search-018685,Live Search,live_search,PMO Director,LinkedIn,LinkedIn,Technology Leadership,Technology Leadership,,Remote / Global,MENA,MENA,Live Search,,,2026-07-20,Live search,LinkedIn,B,Recognized job platform,Platform,61,Medium,,https://www.linkedin.com/jobs/search/?keywords=PMO+Director&location=Worldwide&sortBy=DD,"Direct platform search for PMO Director in MENA. Sort by newest on the platform and verify employer, date, location eligibility and application route."
search-018686,Live Search,live_search,PMO Director,Indeed,Indeed,Technology Leadership,Technology Leadership,,Remote / Global,MENA,MENA,Live Search,,,2026-07-20,Live search,Indeed,B,Recognized job platform,Platform,61,Medium,,https://www.indeed.com/jobs?q=PMO+Director&l=Worldwide&sort=date,"Direct platform search for PMO Director in MENA. Sort by newest on the platform and verify employer, date, location eligibility and application route."
search-018689,Live Search,live_search,PMO Director,Careerjet,Careerjet,Technology Leadership,Technology Leadership,,Remote / Global,MENA,MENA,Live Search,,,2026-07-20,Live search,Careerjet,C,Aggregator,Aggregator,61,Medium,,https://www.careerjet.com/search/jobs?s=PMO+Director&l=Worldwide,"Direct platform search for PMO Director in MENA. Sort by newest on the platform and verify employer, date, location eligibility and application route."
search-018690,Live Search,live_search,PMO Director,Talent.com,Talent.com,Technology Leadership,Technology Leadership,,Remote / Global,MENA,MENA,Live Search,,,2026-07-20,Live search,Talent.com,C,Aggregator,Aggregator,61,Medium,,https://www.talent.com/jobs?k=PMO+Director&l=Worldwide,"Direct platform search for PMO Director in MENA. Sort by newest on the platform and verify employer, date, location eligibility and application route."
search-018691,Live Search,live_search,PMO Director,Adzuna,Adzuna,Technology Leadership,Technology Leadership,,Remote / Global,MENA,MENA,Live Search,,,2026-07-20,Live search,Adzuna,C,Aggregator,Aggregator,61,Medium,,https://www.adzuna.com/search?q=PMO+Director&loc=Worldwide,"Direct platform search for PMO Director in MENA. Sort by newest on the platform and verify employer, date, location eligibility and application route."
search-018693,Live Search,live_search,PMO Director,Remote OK,Remote OK,Technology Leadership,Technology Leadership,,Remote / Global,MENA,MENA,Live Search,,,2026-07-20,Live search,Remote OK,B,Direct organization or specialist source,Direct,61,Medium,,https://remoteok.com/remote-pmo-director-jobs,"Direct platform search for PMO Director in MENA. Sort by newest on the platform and verify employer, date, location eligibility and application route."
search-018694,Live Search,live_search,PMO Director,We Work Remotely,We Work Remotely,Technology Leadership,Technology Leadership,,Remote / Global,MENA,MENA,Live Search,,,2026-07-20,Live search,We Work Remotely,B,Direct organization or specialist source,Direct,61,Medium,,https://weworkremotely.com/remote-jobs/search?term=PMO+Director,"Direct platform search for PMO Director in MENA. Sort by newest on the platform and verify employer, date, location eligibility and application route."
search-018695,Live Search,live_search,PMO Director,Remotive,Remotive,Technology Leadership,Technology Leadership,,Remote / Global,MENA,MENA,Live Search,,,2026-07-20,Live search,Remotive,B,Direct organization or specialist source,Direct,61,Medium,,https://remotive.com/remote-jobs/search?search=PMO+Director,"Direct platform search for PMO Director in MENA. Sort by newest on the platform and verify employer, date, location eligibility and application route."
search-018696,Live Search,live_search,PMO Director,Remote.co,Remote.co,Technology Leadership,Technology Leadership,,Remote / Global,MENA,MENA,Live Search,,,2026-07-20,Live search,Remote.co,B,Direct organization or specialist source,Direct,61,Medium,,https://remote.co/remote-jobs/search/?search_keywords=PMO+Director,"Direct platform search for PMO Director in MENA. Sort by newest on the platform and verify employer, date, location eligibility and application route."
search-018698,Live Search,live_search,PMO Director,Working Nomads,Working Nomads,Technology Leadership,Technology Leadership,,Remote / Global,MENA,MENA,Live Search,,,2026-07-20,Live search,Working Nomads,B,Direct organization or specialist source,Direct,61,Medium,,https://www.workingnomads.com/remote-jobs?search=PMO+Director,"Direct platform search for PMO Director in MENA. Sort by newest on the platform and verify employer, date, location eligibility and application route."
search-018701,Live Search,live_search,PMO Director,Himalayas,Himalayas,Technology Leadership,Technology Leadership,,Remote / Global,MENA,MENA,Live Search,,,2026-07-20,Live search,Himalayas,B,Direct organization or specialist source,Direct,61,Medium,,https://himalayas.app/jobs?search=PMO+Director,"Direct platform search for PMO Director in MENA. Sort by newest on the platform and verify employer, date, location eligibility and application route."
search-018705,Live Search,live_search,PMO Director,ReliefWeb,ReliefWeb,Technology Leadership,Technology Leadership,,Remote / Global,MENA,MENA,Live Search,,,2026-07-20,Live search,ReliefWeb,A,Official / primary source,Official,61,Medium,,https://reliefweb.int/jobs?search=PMO+Director,"Direct platform search for PMO Director in MENA. Sort by newest on the platform and verify employer, date, location eligibility and application route."
search-018707,Live Search,live_search,PMO Director,UNjobs,UNjobs,Technology Leadership,Technology Leadership,,Remote / Global,MENA,MENA,Live Search,,,2026-07-20,Live search,UNjobs,B,Direct organization or specialist source,Direct,61,Medium,,https://unjobs.org/search/PMO%20Director,"Direct platform search for PMO Director in MENA. Sort by newest on the platform and verify employer, date, location eligibility and application route."
search-018708,Live Search,live_search,PMO Director,Upwork,Upwork,Technology Leadership,Technology Leadership,,Remote / Global,MENA,MENA,Live Search,,,2026-07-20,Live search,Upwork,B,Direct organization or specialist source,Direct,61,Medium,,https://www.upwork.com/nx/search/jobs/?q=PMO+Director,"Direct project search for PMO Director in MENA. Sort by newest on the platform and verify employer, date, location eligibility and application route."
search-018709,Live Search,live_search,PMO Director,Freelancer,Freelancer,Technology Leadership,Technology Leadership,,Remote / Global,MENA,MENA,Live Search,,,2026-07-20,Live search,Freelancer,B,Direct organization or specialist source,Direct,61,Medium,,https://www.freelancer.com/jobs/pmo-director/,"Direct project search for PMO Director in MENA. Sort by newest on the platform and verify employer, date, location eligibility and application route."
search-018711,Live Search,live_search,PMO Director,Contra,Contra,Technology Leadership,Technology Leadership,,Remote / Global,MENA,MENA,Live Search,,,2026-07-20,Live search,Contra,B,Direct organization or specialist source,Direct,61,Medium,,https://contra.com/opportunities?query=PMO+Director,"Direct project search for PMO Director in MENA. Sort by newest on the platform and verify employer, date, location eligibility and application route."
search-018982,Live Search,live_search,Product Director,LinkedIn,LinkedIn,Technology Leadership,Technology Leadership,,Remote / Global,MENA,MENA,Live Search,,,2026-07-20,Live search,LinkedIn,B,Recognized job platform,Platform,61,Medium,,https://www.linkedin.com/jobs/search/?keywords=Product+Director&location=Worldwide&sortBy=DD,"Direct platform search for Product Director in MENA. Sort by newest on the platform and verify employer, date, location eligibility and application route."
search-018983,Live Search,live_search,Product Director,Indeed,Indeed,Technology Leadership,Technology Leadership,,Remote / Global,MENA,MENA,Live Search,,,2026-07-20,Live search,Indeed,B,Recognized job platform,Platform,61,Medium,,https://www.indeed.com/jobs?q=Product+Director&l=Worldwide&sort=date,"Direct platform search for Product Director in MENA. Sort by newest on the platform and verify employer, date, location eligibility and application route."
search-018986,Live Search,live_search,Product Director,Careerjet,Careerjet,Technology Leadership,Technology Leadership,,Remote / Global,MENA,MENA,Live Search,,,2026-07-20,Live search,Careerjet,C,Aggregator,Aggregator,61,Medium,,https://www.careerjet.com/search/jobs?s=Product+Director&l=Worldwide,"Direct platform search for Product Director in MENA. Sort by newest on the platform and verify employer, date, location eligibility and application route."
search-018987,Live Search,live_search,Product Director,Talent.com,Talent.com,Technology Leadership,Technology Leadership,,Remote / Global,MENA,MENA,Live Search,,,2026-07-20,Live search,Talent.com,C,Aggregator,Aggregator,61,Medium,,https://www.talent.com/jobs?k=Product+Director&l=Worldwide,"Direct platform search for Product Director in MENA. Sort by newest on the platform and verify employer, date, location eligibility and application route."
search-018988,Live Search,live_search,Product Director,Adzuna,Adzuna,Technology Leadership,Technology Leadership,,Remote / Global,MENA,MENA,Live Search,,,2026-07-20,Live search,Adzuna,C,Aggregator,Aggregator,61,Medium,,https://www.adzuna.com/search?q=Product+Director&loc=Worldwide,"Direct platform search for Product Director in MENA. Sort by newest on the platform and verify employer, date, location eligibility and application route."
search-018990,Live Search,live_search,Product Director,Remote OK,Remote OK,Technology Leadership,Technology Leadership,,Remote / Global,MENA,MENA,Live Search,,,2026-07-20,Live search,Remote OK,B,Direct organization or specialist source,Direct,61,Medium,,https://remoteok.com/remote-product-director-jobs,"Direct platform search for Product Director in MENA. Sort by newest on the platform and verify employer, date, location eligibility and application route."
search-018991,Live Search,live_search,Product Director,We Work Remotely,We Work Remotely,Technology Leadership,Technology Leadership,,Remote / Global,MENA,MENA,Live Search,,,2026-07-20,Live search,We Work Remotely,B,Direct organization or specialist source,Direct,61,Medium,,https://weworkremotely.com/remote-jobs/search?term=Product+Director,"Direct platform search for Product Director in MENA. Sort by newest on the platform and verify employer, date, location eligibility and application route."
search-018992,Live Search,live_search,Product Director,Remotive,Remotive,Technology Leadership,Technology Leadership,,Remote / Global,MENA,MENA,Live Search,,,2026-07-20,Live search,Remotive,B,Direct organization or specialist source,Direct,61,Medium,,https://remotive.com/remote-jobs/search?search=Product+Director,"Direct platform search for Product Director in MENA. Sort by newest on the platform and verify employer, date, location eligibility and application route."
search-018993,Live Search,live_search,Product Director,Remote.co,Remote.co,Technology Leadership,Technology Leadership,,Remote / Global,MENA,MENA,Live Search,,,2026-07-20,Live search,Remote.co,B,Direct organization or specialist source,Direct,61,Medium,,https://remote.co/remote-jobs/search/?search_keywords=Product+Director,"Direct platform search for Product Director in MENA. Sort by newest on the platform and verify employer, date, location eligibility and application route."
search-018995,Live Search,live_search,Product Director,Working Nomads,Working Nomads,Technology Leadership,Technology Leadership,,Remote / Global,MENA,MENA,Live Search,,,2026-07-20,Live search,Working Nomads,B,Direct organization or specialist source,Direct,61,Medium,,https://www.workingnomads.com/remote-jobs?search=Product+Director,"Direct platform search for Product Director in MENA. Sort by newest on the platform and verify employer, date, location eligibility and application route."
search-018998,Live Search,live_search,Product Director,Himalayas,Himalayas,Technology Leadership,Technology Leadership,,Remote / Global,MENA,MENA,Live Search,,,2026-07-20,Live search,Himalayas,B,Direct organization or specialist source,Direct,61,Medium,,https://himalayas.app/jobs?search=Product+Director,"Direct platform search for Product Director in MENA. Sort by newest on the platform and verify employer, date, location eligibility and application route."
search-019002,Live Search,live_search,Product Director,ReliefWeb,ReliefWeb,Technology Leadership,Technology Leadership,,Remote / Global,MENA,MENA,Live Search,,,2026-07-20,Live search,ReliefWeb,A,Official / primary source,Official,61,Medium,,https://reliefweb.int/jobs?search=Product+Director,"Direct platform search for Product Director in MENA. Sort by newest on the platform and verify employer, date, location eligibility and application route."
search-019004,Live Search,live_search,Product Director,UNjobs,UNjobs,Technology Leadership,Technology Leadership,,Remote / Global,MENA,MENA,Live Search,,,2026-07-20,Live search,UNjobs,B,Direct organization or specialist source,Direct,61,Medium,,https://unjobs.org/search/Product%20Director,"Direct platform search for Product Director in MENA. Sort by newest on the platform and verify employer, date, location eligibility and application route."
search-019005,Live Search,live_search,Product Director,Upwork,Upwork,Technology Leadership,Technology Leadership,,Remote / Global,MENA,MENA,Live Search,,,2026-07-20,Live search,Upwork,B,Direct organization or specialist source,Direct,61,Medium,,https://www.upwork.com/nx/search/jobs/?q=Product+Director,"Direct project search for Product Director in MENA. Sort by newest on the platform and verify employer, date, location eligibility and application route."
search-019006,Live Search,live_search,Product Director,Freelancer,Freelancer,Technology Leadership,Technology Leadership,,Remote / Global,MENA,MENA,Live Search,,,2026-07-20,Live search,Freelancer,B,Direct organization or specialist source,Direct,61,Medium,,https://www.freelancer.com/jobs/product-director/,"Direct project search for Product Director in MENA. Sort by newest on the platform and verify employer, date, location eligibility and application route."
search-019008,Live Search,live_search,Product Director,Contra,Contra,Technology Leadership,Technology Leadership,,Remote / Global,MENA,MENA,Live Search,,,2026-07-20,Live search,Contra,B,Direct organization or specialist source,Direct,61,Medium,,https://contra.com/opportunities?query=Product+Director,"Direct project search for Product Director in MENA. Sort by newest on the platform and verify employer, date, location eligibility and application route."
search-018361,Live Search,live_search,SAP Program Manager,LinkedIn,LinkedIn,Programme & Delivery,Programme & Delivery,,Remote / Global,MENA,MENA,Live Search,,,2026-07-20,Live search,LinkedIn,B,Recognized job platform,Platform,61,Medium,,https://www.linkedin.com/jobs/search/?keywords=SAP+Program+Manager&location=Worldwide&sortBy=DD,"Direct platform search for SAP Program Manager in MENA. Sort by newest on the platform and verify employer, date, location eligibility and application route."
search-018362,Live Search,live_search,SAP Program Manager,Indeed,Indeed,Programme & Delivery,Programme & Delivery,,Remote / Global,MENA,MENA,Live Search,,,2026-07-20,Live search,Indeed,B,Recognized job platform,Platform,61,Medium,,https://www.indeed.com/jobs?q=SAP+Program+Manager&l=Worldwide&sort=date,"Direct platform search for SAP Program Manager in MENA. Sort by newest on the platform and verify employer, date, location eligibility and application route."
search-018365,Live Search,live_search,SAP Program Manager,Careerjet,Careerjet,Programme & Delivery,Programme & Delivery,,Remote / Global,MENA,MENA,Live Search,,,2026-07-20,Live search,Careerjet,C,Aggregator,Aggregator,61,Medium,,https://www.careerjet.com/search/jobs?s=SAP+Program+Manager&l=Worldwide,"Direct platform search for SAP Program Manager in MENA. Sort by newest on the platform and verify employer, date, location eligibility and application route."
search-018366,Live Search,live_search,SAP Program Manager,Talent.com,Talent.com,Programme & Delivery,Programme & Delivery,,Remote / Global,MENA,MENA,Live Search,,,2026-07-20,Live search,Talent.com,C,Aggregator,Aggregator,61,Medium,,https://www.talent.com/jobs?k=SAP+Program+Manager&l=Worldwide,"Direct platform search for SAP Program Manager in MENA. Sort by newest on the platform and verify employer, date, location eligibility and application route."
search-018367,Live Search,live_search,SAP Program Manager,Adzuna,Adzuna,Programme & Delivery,Programme & Delivery,,Remote / Global,MENA,MENA,Live Search,,,2026-07-20,Live search,Adzuna,C,Aggregator,Aggregator,61,Medium,,https://www.adzuna.com/search?q=SAP+Program+Manager&loc=Worldwide,"Direct platform search for SAP Program Manager in MENA. Sort by newest on the platform and verify employer, date, location eligibility and application route."
search-018369,Live Search,live_search,SAP Program Manager,Remote OK,Remote OK,Programme & Delivery,Programme & Delivery,,Remote / Global,MENA,MENA,Live Search,,,2026-07-20,Live search,Remote OK,B,Direct organization or specialist source,Direct,61,Medium,,https://remoteok.com/remote-sap-program-manager-jobs,"Direct platform search for SAP Program Manager in MENA. Sort by newest on the platform and verify employer, date, location eligibility and application route."
search-018370,Live Search,live_search,SAP Program Manager,We Work Remotely,We Work Remotely,Programme & Delivery,Programme & Delivery,,Remote / Global,MENA,MENA,Live Search,,,2026-07-20,Live search,We Work Remotely,B,Direct organization or specialist source,Direct,61,Medium,,https://weworkremotely.com/remote-jobs/search?term=SAP+Program+Manager,"Direct platform search for SAP Program Manager in MENA. Sort by newest on the platform and verify employer, date, location eligibility and application route."
search-018371,Live Search,live_search,SAP Program Manager,Remotive,Remotive,Programme & Delivery,Programme & Delivery,,Remote / Global,MENA,MENA,Live Search,,,2026-07-20,Live search,Remotive,B,Direct organization or specialist source,Direct,61,Medium,,https://remotive.com/remote-jobs/search?search=SAP+Program+Manager,"Direct platform search for SAP Program Manager in MENA. Sort by newest on the platform and verify employer, date, location eligibility and application route."
search-018372,Live Search,live_search,SAP Program Manager,Remote.co,Remote.co,Programme & Delivery,Programme & Delivery,,Remote / Global,MENA,MENA,Live Search,,,2026-07-20,Live search,Remote.co,B,Direct organization or specialist source,Direct,61,Medium,,https://remote.co/remote-jobs/search/?search_keywords=SAP+Program+Manager,"Direct platform search for SAP Program Manager in MENA. Sort by newest on the platform and verify employer, date, location eligibility and application route."
search-018374,Live Search,live_search,SAP Program Manager,Working Nomads,Working Nomads,Programme & Delivery,Programme & Delivery,,Remote / Global,MENA,MENA,Live Search,,,2026-07-20,Live search,Working Nomads,B,Direct organization or specialist source,Direct,61,Medium,,https://www.workingnomads.com/remote-jobs?search=SAP+Program+Manager,"Direct platform search for SAP Program Manager in MENA. Sort by newest on the platform and verify employer, date, location eligibility and application route."
search-018377,Live Search,live_search,SAP Program Manager,Himalayas,Himalayas,Programme & Delivery,Programme & Delivery,,Remote / Global,MENA,MENA,Live Search,,,2026-07-20,Live search,Himalayas,B,Direct organization or specialist source,Direct,61,Medium,,https://himalayas.app/jobs?search=SAP+Program+Manager,"Direct platform search for SAP Program Manager in MENA. Sort by newest on the platform and verify employer, date, location eligibility and application route."
search-018381,Live Search,live_search,SAP Program Manager,ReliefWeb,ReliefWeb,Programme & Delivery,Programme & Delivery,,Remote / Global,MENA,MENA,Live Search,,,2026-07-20,Live search,ReliefWeb,A,Official / primary source,Official,61,Medium,,https://reliefweb.int/jobs?search=SAP+Program+Manager,"Direct platform search for SAP Program Manager in MENA. Sort by newest on the platform and verify employer, date, location eligibility and application route."
search-018383,Live Search,live_search,SAP Program Manager,UNjobs,UNjobs,Programme & Delivery,Programme & Delivery,,Remote / Global,MENA,MENA,Live Search,,,2026-07-20,Live search,UNjobs,B,Direct organization or specialist source,Direct,61,Medium,,https://unjobs.org/search/SAP%20Program%20Manager,"Direct platform search for SAP Program Manager in MENA. Sort by newest on the platform and verify employer, date, location eligibility and application route."
search-018384,Live Search,live_search,SAP Program Manager,Upwork,Upwork,Programme & Delivery,Programme & Delivery,,Remote / Global,MENA,MENA,Live Search,,,2026-07-20,Live search,Upwork,B,Direct organization or specialist source,Direct,61,Medium,,https://www.upwork.com/nx/search/jobs/?q=SAP+Program+Manager,"Direct project search for SAP Program Manager in MENA. Sort by newest on the platform and verify employer, date, location eligibility and application route."
search-018385,Live Search,live_search,SAP Program Manager,Freelancer,Freelancer,Programme & Delivery,Programme & Delivery,,Remote / Global,MENA,MENA,Live Search,,,2026-07-20,Live search,Freelancer,B,Direct organization or specialist source,Direct,61,Medium,,https://www.freelancer.com/jobs/sap-program-manager/,"Direct project search for SAP Program Manager in MENA. Sort by newest on the platform and verify employer, date, location eligibility and application route."
search-018387,Live Search,live_search,SAP Program Manager,Contra,Contra,Programme & Delivery,Programme & Delivery,,Remote / Global,MENA,MENA,Live Search,,,2026-07-20,Live search,Contra,B,Direct organization or specialist source,Direct,61,Medium,,https://contra.com/opportunities?query=SAP+Program+Manager,"Direct project search for SAP Program Manager in MENA. Sort by newest on the platform and verify employer, date, location eligibility and application route."
search-018820,Live Search,live_search,Service Delivery Manager,LinkedIn,LinkedIn,Programme & Delivery,Programme & Delivery,,Remote / Global,MENA,MENA,Live Search,,,2026-07-20,Live search,LinkedIn,B,Recognized job platform,Platform,61,Medium,,https://www.linkedin.com/jobs/search/?keywords=Service+Delivery+Manager&location=Worldwide&sortBy=DD,"Direct platform search for Service Delivery Manager in MENA. Sort by newest on the platform and verify employer, date, location eligibility and application route."
search-018821,Live Search,live_search,Service Delivery Manager,Indeed,Indeed,Programme & Delivery,Programme & Delivery,,Remote / Global,MENA,MENA,Live Search,,,2026-07-20,Live search,Indeed,B,Recognized job platform,Platform,61,Medium,,https://www.indeed.com/jobs?q=Service+Delivery+Manager&l=Worldwide&sort=date,"Direct platform search for Service Delivery Manager in MENA. Sort by newest on the platform and verify employer, date, location eligibility and application route."
search-018824,Live Search,live_search,Service Delivery Manager,Careerjet,Careerjet,Programme & Delivery,Programme & Delivery,,Remote / Global,MENA,MENA,Live Search,,,2026-07-20,Live search,Careerjet,C,Aggregator,Aggregator,61,Medium,,https://www.careerjet.com/search/jobs?s=Service+Delivery+Manager&l=Worldwide,"Direct platform search for Service Delivery Manager in MENA. Sort by newest on the platform and verify employer, date, location eligibility and application route."
search-018825,Live Search,live_search,Service Delivery Manager,Talent.com,Talent.com,Programme & Delivery,Programme & Delivery,,Remote / Global,MENA,MENA,Live Search,,,2026-07-20,Live search,Talent.com,C,Aggregator,Aggregator,61,Medium,,https://www.talent.com/jobs?k=Service+Delivery+Manager&l=Worldwide,"Direct platform search for Service Delivery Manager in MENA. Sort by newest on the platform and verify employer, date, location eligibility and application route."
search-018826,Live Search,live_search,Service Delivery Manager,Adzuna,Adzuna,Programme & Delivery,Programme & Delivery,,Remote / Global,MENA,MENA,Live Search,,,2026-07-20,Live search,Adzuna,C,Aggregator,Aggregator,61,Medium,,https://www.adzuna.com/search?q=Service+Delivery+Manager&loc=Worldwide,"Direct platform search for Service Delivery Manager in MENA. Sort by newest on the platform and verify employer, date, location eligibility and application route."
search-018828,Live Search,live_search,Service Delivery Manager,Remote OK,Remote OK,Programme & Delivery,Programme & Delivery,,Remote / Global,MENA,MENA,Live Search,,,2026-07-20,Live search,Remote OK,B,Direct organization or specialist source,Direct,61,Medium,,https://remoteok.com/remote-service-delivery-manager-jobs,"Direct platform search for Service Delivery Manager in MENA. Sort by newest on the platform and verify employer, date, location eligibility and application route."
search-018829,Live Search,live_search,Service Delivery Manager,We Work Remotely,We Work Remotely,Programme & Delivery,Programme & Delivery,,Remote / Global,MENA,MENA,Live Search,,,2026-07-20,Live search,We Work Remotely,B,Direct organization or specialist source,Direct,61,Medium,,https://weworkremotely.com/remote-jobs/search?term=Service+Delivery+Manager,"Direct platform search for Service Delivery Manager in MENA. Sort by newest on the platform and verify employer, date, location eligibility and application route."
search-018830,Live Search,live_search,Service Delivery Manager,Remotive,Remotive,Programme & Delivery,Programme & Delivery,,Remote / Global,MENA,MENA,Live Search,,,2026-07-20,Live search,Remotive,B,Direct organization or specialist source,Direct,61,Medium,,https://remotive.com/remote-jobs/search?search=Service+Delivery+Manager,"Direct platform search for Service Delivery Manager in MENA. Sort by newest on the platform and verify employer, date, location eligibility and application route."
search-018831,Live Search,live_search,Service Delivery Manager,Remote.co,Remote.co,Programme & Delivery,Programme & Delivery,,Remote / Global,MENA,MENA,Live Search,,,2026-07-20,Live search,Remote.co,B,Direct organization or specialist source,Direct,61,Medium,,https://remote.co/remote-jobs/search/?search_keywords=Service+Delivery+Manager,"Direct platform search for Service Delivery Manager in MENA. Sort by newest on the platform and verify employer, date, location eligibility and application route."
search-018833,Live Search,live_search,Service Delivery Manager,Working Nomads,Working Nomads,Programme & Delivery,Programme & Delivery,,Remote / Global,MENA,MENA,Live Search,,,2026-07-20,Live search,Working Nomads,B,Direct organization or specialist source,Direct,61,Medium,,https://www.workingnomads.com/remote-jobs?search=Service+Delivery+Manager,"Direct platform search for Service Delivery Manager in MENA. Sort by newest on the platform and verify employer, date, location eligibility and application route."
search-018836,Live Search,live_search,Service Delivery Manager,Himalayas,Himalayas,Programme & Delivery,Programme & Delivery,,Remote / Global,MENA,MENA,Live Search,,,2026-07-20,Live search,Himalayas,B,Direct organization or specialist source,Direct,61,Medium,,https://himalayas.app/jobs?search=Service+Delivery+Manager,"Direct platform search for Service Delivery Manager in MENA. Sort by newest on the platform and verify employer, date, location eligibility and application route."
search-018840,Live Search,live_search,Service Delivery Manager,ReliefWeb,ReliefWeb,Programme & Delivery,Programme & Delivery,,Remote / Global,MENA,MENA,Live Search,,,2026-07-20,Live search,ReliefWeb,A,Official / primary source,Official,61,Medium,,https://reliefweb.int/jobs?search=Service+Delivery+Manager,"Direct platform search for Service Delivery Manager in MENA. Sort by newest on the platform and verify employer, date, location eligibility and application route."
search-018842,Live Search,live_search,Service Delivery Manager,UNjobs,UNjobs,Programme & Delivery,Programme & Delivery,,Remote / Global,MENA,MENA,Live Search,,,2026-07-20,Live search,UNjobs,B,Direct organization or specialist source,Direct,61,Medium,,https://unjobs.org/search/Service%20Delivery%20Manager,"Direct platform search for Service Delivery Manager in MENA. Sort by newest on the platform and verify employer, date, location eligibility and application route."
search-018843,Live Search,live_search,Service Delivery Manager,Upwork,Upwork,Programme & Delivery,Programme & Delivery,,Remote / Global,MENA,MENA,Live Search,,,2026-07-20,Live search,Upwork,B,Direct organization or specialist source,Direct,61,Medium,,https://www.upwork.com/nx/search/jobs/?q=Service+Delivery+Manager,"Direct project search for Service Delivery Manager in MENA. Sort by newest on the platform and verify employer, date, location eligibility and application route."
search-018844,Live Search,live_search,Service Delivery Manager,Freelancer,Freelancer,Programme & Delivery,Programme & Delivery,,Remote / Global,MENA,MENA,Live Search,,,2026-07-20,Live search,Freelancer,B,Direct organization or specialist source,Direct,61,Medium,,https://www.freelancer.com/jobs/service-delivery-manager/,"Direct project search for Service Delivery Manager in MENA. Sort by newest on the platform and verify employer, date, location eligibility and application route."
search-018846,Live Search,live_search,Service Delivery Manager,Contra,Contra,Programme & Delivery,Programme & Delivery,,Remote / Global,MENA,MENA,Live Search,,,2026-07-20,Live search,Contra,B,Direct organization or specialist source,Direct,61,Medium,,https://contra.com/opportunities?query=Service+Delivery+Manager,"Direct project search for Service Delivery Manager in MENA. Sort by newest on the platform and verify employer, date, location eligibility and application route."
job-00715,Platform-Indexed Vacancy,job,Solution Architect — LinkedIn Live Search,Worldwide Remote,Worldwide Remote,Live Job Search,Live Job Search,Other Multinational & Enterprise,Remote / Global,Worldwide Remote,Live / varies,Possibly Available,,,2026-07-20,Live search sorted toward newest results,LinkedIn,B,Recognized job platform,Platform,61,Medium,,https://www.linkedin.com/jobs/search/?keywords=Solution+Architect&sortBy=DD&location=Worldwide+Remote,"Global remote live-search pack. This is a live search link, not one fixed vacancy."
job-00815,Platform-Indexed Vacancy,job,Solution Architect — LinkedIn Live Search,EMEA Remote,EMEA Remote,Live Job Search,Live Job Search,Other Multinational & Enterprise,Remote / Global,EMEA Remote,Live / varies,Possibly Available,,,2026-07-20,Live search sorted toward newest results,LinkedIn,B,Recognized job platform,Platform,61,Medium,,https://www.linkedin.com/jobs/search/?keywords=Solution+Architect&sortBy=DD&location=EMEA+Remote,"Global remote live-search pack. This is a live search link, not one fixed vacancy."
job-00915,Platform-Indexed Vacancy,job,Solution Architect — LinkedIn Live Search,Africa Remote,Africa Remote,Live Job Search,Live Job Search,Other Multinational & Enterprise,Africa,Africa Remote,Live / varies,Possibly Available,,,2026-07-20,Live search sorted toward newest results,LinkedIn,B,Recognized job platform,Platform,61,Medium,,https://www.linkedin.com/jobs/search/?keywords=Solution+Architect&sortBy=DD&location=Africa+Remote,"Global remote live-search pack. This is a live search link, not one fixed vacancy."
job-01015,Platform-Indexed Vacancy,job,Solution Architect — LinkedIn Live Search,Middle East Remote,Middle East Remote,Live Job Search,Live Job Search,Other Multinational & Enterprise,Remote / Global,Middle East Remote,Live / varies,Possibly Available,,,2026-07-20,Live search sorted toward newest results,LinkedIn,B,Recognized job platform,Platform,61,Medium,,https://www.linkedin.com/jobs/search/?keywords=Solution+Architect&sortBy=DD&location=Middle+East+Remote,"Global remote live-search pack. This is a live search link, not one fixed vacancy."
job-00717,Platform-Indexed Vacancy,job,Solution Architect — RemoteOK Live Search,Worldwide Remote,Worldwide Remote,Live Job Search,Live Job Search,Other Multinational & Enterprise,Remote / Global,Worldwide Remote,Live / varies,Possibly Available,,,2026-07-20,Live search sorted toward newest results,RemoteOK,B,Direct organization or specialist source,Direct,61,Medium,,https://remoteok.com/remote-solution-architect-jobs,"Global remote live-search pack. This is a live search link, not one fixed vacancy."
job-00817,Platform-Indexed Vacancy,job,Solution Architect — RemoteOK Live Search,EMEA Remote,EMEA Remote,Live Job Search,Live Job Search,Other Multinational & Enterprise,Remote / Global,EMEA Remote,Live / varies,Possibly Available,,,2026-07-20,Live search sorted toward newest results,RemoteOK,B,Direct organization or specialist source,Direct,61,Medium,,https://remoteok.com/remote-solution-architect-jobs,"Global remote live-search pack. This is a live search link, not one fixed vacancy."
job-00917,Platform-Indexed Vacancy,job,Solution Architect — RemoteOK Live Search,Africa Remote,Africa Remote,Live Job Search,Live Job Search,Other Multinational & Enterprise,Africa,Africa Remote,Live / varies,Possibly Available,,,2026-07-20,Live search sorted toward newest results,RemoteOK,B,Direct organization or specialist source,Direct,61,Medium,,https://remoteok.com/remote-solution-architect-jobs,"Global remote live-search pack. This is a live search link, not one fixed vacancy."
job-01017,Platform-Indexed Vacancy,job,Solution Architect — RemoteOK Live Search,Middle East Remote,Middle East Remote,Live Job Search,Live Job Search,Other Multinational & Enterprise,Remote / Global,Middle East Remote,Live / varies,Possibly Available,,,2026-07-20,Live search sorted toward newest results,RemoteOK,B,Direct organization or specialist source,Direct,61,Medium,,https://remoteok.com/remote-solution-architect-jobs,"Global remote live-search pack. This is a live search link, not one fixed vacancy."
job-00718,Platform-Indexed Vacancy,job,Solution Architect — Wellfound Live Search,Worldwide Remote,Worldwide Remote,Live Job Search,Live Job Search,Other Multinational & Enterprise,Remote / Global,Worldwide Remote,Live / varies,Possibly Available,,,2026-07-20,Live search sorted toward newest results,Wellfound,B,Direct organization or specialist source,Direct,61,Medium,,https://wellfound.com/jobs?q=Solution+Architect&remote=True,"Global remote live-search pack. This is a live search link, not one fixed vacancy."
job-00818,Platform-Indexed Vacancy,job,Solution Architect — Wellfound Live Search,EMEA Remote,EMEA Remote,Live Job Search,Live Job Search,Other Multinational & Enterprise,Remote / Global,EMEA Remote,Live / varies,Possibly Available,,,2026-07-20,Live search sorted toward newest results,Wellfound,B,Direct organization or specialist source,Direct,61,Medium,,https://wellfound.com/jobs?q=Solution+Architect&remote=True,"Global remote live-search pack. This is a live search link, not one fixed vacancy."
job-00918,Platform-Indexed Vacancy,job,Solution Architect — Wellfound Live Search,Africa Remote,Africa Remote,Live Job Search,Live Job Search,Other Multinational & Enterprise,Africa,Africa Remote,Live / varies,Possibly Available,,,2026-07-20,Live search sorted toward newest results,Wellfound,B,Direct organization or specialist source,Direct,61,Medium,,https://wellfound.com/jobs?q=Solution+Architect&remote=True,"Global remote live-search pack. This is a live search link, not one fixed vacancy."
job-01018,Platform-Indexed Vacancy,job,Solution Architect — Wellfound Live Search,Middle East Remote,Middle East Remote,Live Job Search,Live Job Search,Other Multinational & Enterprise,Remote / Global,Middle East Remote,Live / varies,Possibly Available,,,2026-07-20,Live search sorted toward newest results,Wellfound,B,Direct organization or specialist source,Direct,61,Medium,,https://wellfound.com/jobs?q=Solution+Architect&remote=True,"Global remote live-search pack. This is a live search link, not one fixed vacancy."
job-00716,Platform-Indexed Vacancy,job,Solution Architect — WeWorkRemotely Live Search,Worldwide Remote,Worldwide Remote,Live Job Search,Live Job Search,Other Multinational & Enterprise,Remote / Global,Worldwide Remote,Live / varies,Possibly Available,,,2026-07-20,Live search sorted toward newest results,WeWorkRemotely,B,Direct organization or specialist source,Direct,61,Medium,,https://weworkremotely.com/remote-jobs/search?term=Solution+Architect,"Global remote live-search pack. This is a live search link, not one fixed vacancy."
job-00816,Platform-Indexed Vacancy,job,Solution Architect — WeWorkRemotely Live Search,EMEA Remote,EMEA Remote,Live Job Search,Live Job Search,Other Multinational & Enterprise,Remote / Global,EMEA Remote,Live / varies,Possibly Available,,,2026-07-20,Live search sorted toward newest results,WeWorkRemotely,B,Direct organization or specialist source,Direct,61,Medium,,https://weworkremotely.com/remote-jobs/search?term=Solution+Architect,"Global remote live-search pack. This is a live search link, not one fixed vacancy."
job-00916,Platform-Indexed Vacancy,job,Solution Architect — WeWorkRemotely Live Search,Africa Remote,Africa Remote,Live Job Search,Live Job Search,Other Multinational & Enterprise,Africa,Africa Remote,Live / varies,Possibly Available,,,2026-07-20,Live search sorted toward newest results,WeWorkRemotely,B,Direct organization or specialist source,Direct,61,Medium,,https://weworkremotely.com/remote-jobs/search?term=Solution+Architect,"Global remote live-search pack. This is a live search link, not one fixed vacancy."
job-01016,Platform-Indexed Vacancy,job,Solution Architect — WeWorkRemotely Live Search,Middle East Remote,Middle East Remote,Live Job Search,Live Job Search,Other Multinational & Enterprise,Remote / Global,Middle East Remote,Live / varies,Possibly Available,,,2026-07-20,Live search sorted toward newest results,WeWorkRemotely,B,Direct organization or specialist source,Direct,61,Medium,,https://weworkremotely.com/remote-jobs/search?term=Solution+Architect,"Global remote live-search pack. This is a live search link, not one fixed vacancy."
search-018739,Live Search,live_search,Systems Manager,LinkedIn,LinkedIn,IT Operations,IT Operations,,Remote / Global,MENA,MENA,Live Search,,,2026-07-20,Live search,LinkedIn,B,Recognized job platform,Platform,61,Medium,,https://www.linkedin.com/jobs/search/?keywords=Systems+Manager&location=Worldwide&sortBy=DD,"Direct platform search for Systems Manager in MENA. Sort by newest on the platform and verify employer, date, location eligibility and application route."
search-018740,Live Search,live_search,Systems Manager,Indeed,Indeed,IT Operations,IT Operations,,Remote / Global,MENA,MENA,Live Search,,,2026-07-20,Live search,Indeed,B,Recognized job platform,Platform,61,Medium,,https://www.indeed.com/jobs?q=Systems+Manager&l=Worldwide&sort=date,"Direct platform search for Systems Manager in MENA. Sort by newest on the platform and verify employer, date, location eligibility and application route."
search-018743,Live Search,live_search,Systems Manager,Careerjet,Careerjet,IT Operations,IT Operations,,Remote / Global,MENA,MENA,Live Search,,,2026-07-20,Live search,Careerjet,C,Aggregator,Aggregator,61,Medium,,https://www.careerjet.com/search/jobs?s=Systems+Manager&l=Worldwide,"Direct platform search for Systems Manager in MENA. Sort by newest on the platform and verify employer, date, location eligibility and application route."
search-018744,Live Search,live_search,Systems Manager,Talent.com,Talent.com,IT Operations,IT Operations,,Remote / Global,MENA,MENA,Live Search,,,2026-07-20,Live search,Talent.com,C,Aggregator,Aggregator,61,Medium,,https://www.talent.com/jobs?k=Systems+Manager&l=Worldwide,"Direct platform search for Systems Manager in MENA. Sort by newest on the platform and verify employer, date, location eligibility and application route."
search-018745,Live Search,live_search,Systems Manager,Adzuna,Adzuna,IT Operations,IT Operations,,Remote / Global,MENA,MENA,Live Search,,,2026-07-20,Live search,Adzuna,C,Aggregator,Aggregator,61,Medium,,https://www.adzuna.com/search?q=Systems+Manager&loc=Worldwide,"Direct platform search for Systems Manager in MENA. Sort by newest on the platform and verify employer, date, location eligibility and application route."
search-018747,Live Search,live_search,Systems Manager,Remote OK,Remote OK,IT Operations,IT Operations,,Remote / Global,MENA,MENA,Live Search,,,2026-07-20,Live search,Remote OK,B,Direct organization or specialist source,Direct,61,Medium,,https://remoteok.com/remote-systems-manager-jobs,"Direct platform search for Systems Manager in MENA. Sort by newest on the platform and verify employer, date, location eligibility and application route."
search-018748,Live Search,live_search,Systems Manager,We Work Remotely,We Work Remotely,IT Operations,IT Operations,,Remote / Global,MENA,MENA,Live Search,,,2026-07-20,Live search,We Work Remotely,B,Direct organization or specialist source,Direct,61,Medium,,https://weworkremotely.com/remote-jobs/search?term=Systems+Manager,"Direct platform search for Systems Manager in MENA. Sort by newest on the platform and verify employer, date, location eligibility and application route."
search-018749,Live Search,live_search,Systems Manager,Remotive,Remotive,IT Operations,IT Operations,,Remote / Global,MENA,MENA,Live Search,,,2026-07-20,Live search,Remotive,B,Direct organization or specialist source,Direct,61,Medium,,https://remotive.com/remote-jobs/search?search=Systems+Manager,"Direct platform search for Systems Manager in MENA. Sort by newest on the platform and verify employer, date, location eligibility and application route."
search-018750,Live Search,live_search,Systems Manager,Remote.co,Remote.co,IT Operations,IT Operations,,Remote / Global,MENA,MENA,Live Search,,,2026-07-20,Live search,Remote.co,B,Direct organization or specialist source,Direct,61,Medium,,https://remote.co/remote-jobs/search/?search_keywords=Systems+Manager,"Direct platform search for Systems Manager in MENA. Sort by newest on the platform and verify employer, date, location eligibility and application route."
search-018752,Live Search,live_search,Systems Manager,Working Nomads,Working Nomads,IT Operations,IT Operations,,Remote / Global,MENA,MENA,Live Search,,,2026-07-20,Live search,Working Nomads,B,Direct organization or specialist source,Direct,61,Medium,,https://www.workingnomads.com/remote-jobs?search=Systems+Manager,"Direct platform search for Systems Manager in MENA. Sort by newest on the platform and verify employer, date, location eligibility and application route."
search-018755,Live Search,live_search,Systems Manager,Himalayas,Himalayas,IT Operations,IT Operations,,Remote / Global,MENA,MENA,Live Search,,,2026-07-20,Live search,Himalayas,B,Direct organization or specialist source,Direct,61,Medium,,https://himalayas.app/jobs?search=Systems+Manager,"Direct platform search for Systems Manager in MENA. Sort by newest on the platform and verify employer, date, location eligibility and application route."
search-018759,Live Search,live_search,Systems Manager,ReliefWeb,ReliefWeb,IT Operations,IT Operations,,Remote / Global,MENA,MENA,Live Search,,,2026-07-20,Live search,ReliefWeb,A,Official / primary source,Official,61,Medium,,https://reliefweb.int/jobs?search=Systems+Manager,"Direct platform search for Systems Manager in MENA. Sort by newest on the platform and verify employer, date, location eligibility and application route."
search-018761,Live Search,live_search,Systems Manager,UNjobs,UNjobs,IT Operations,IT Operations,,Remote / Global,MENA,MENA,Live Search,,,2026-07-20,Live search,UNjobs,B,Direct organization or specialist source,Direct,61,Medium,,https://unjobs.org/search/Systems%20Manager,"Direct platform search for Systems Manager in MENA. Sort by newest on the platform and verify employer, date, location eligibility and application route."
search-018762,Live Search,live_search,Systems Manager,Upwork,Upwork,IT Operations,IT Operations,,Remote / Global,MENA,MENA,Live Search,,,2026-07-20,Live search,Upwork,B,Direct organization or specialist source,Direct,61,Medium,,https://www.upwork.com/nx/search/jobs/?q=Systems+Manager,"Direct project search for Systems Manager in MENA. Sort by newest on the platform and verify employer, date, location eligibility and application route."
search-018763,Live Search,live_search,Systems Manager,Freelancer,Freelancer,IT Operations,IT Operations,,Remote / Global,MENA,MENA,Live Search,,,2026-07-20,Live search,Freelancer,B,Direct organization or specialist source,Direct,61,Medium,,https://www.freelancer.com/jobs/systems-manager/,"Direct project search for Systems Manager in MENA. Sort by newest on the platform and verify employer, date, location eligibility and application route."
search-018765,Live Search,live_search,Systems Manager,Contra,Contra,IT Operations,IT Operations,,Remote / Global,MENA,MENA,Live Search,,,2026-07-20,Live search,Contra,B,Direct organization or specialist source,Direct,61,Medium,,https://contra.com/opportunities?query=Systems+Manager,"Direct project search for Systems Manager in MENA. Sort by newest on the platform and verify employer, date, location eligibility and application route."
search-018712,Live Search,live_search,Technology Delivery Manager,LinkedIn,LinkedIn,Programme & Delivery,Programme & Delivery,,Remote / Global,MENA,MENA,Live Search,,,2026-07-20,Live search,LinkedIn,B,Recognized job platform,Platform,61,Medium,,https://www.linkedin.com/jobs/search/?keywords=Technology+Delivery+Manager&location=Worldwide&sortBy=DD,"Direct platform search for Technology Delivery Manager in MENA. Sort by newest on the platform and verify employer, date, location eligibility and application route."
search-018713,Live Search,live_search,Technology Delivery Manager,Indeed,Indeed,Programme & Delivery,Programme & Delivery,,Remote / Global,MENA,MENA,Live Search,,,2026-07-20,Live search,Indeed,B,Recognized job platform,Platform,61,Medium,,https://www.indeed.com/jobs?q=Technology+Delivery+Manager&l=Worldwide&sort=date,"Direct platform search for Technology Delivery Manager in MENA. Sort by newest on the platform and verify employer, date, location eligibility and application route."
search-018716,Live Search,live_search,Technology Delivery Manager,Careerjet,Careerjet,Programme & Delivery,Programme & Delivery,,Remote / Global,MENA,MENA,Live Search,,,2026-07-20,Live search,Careerjet,C,Aggregator,Aggregator,61,Medium,,https://www.careerjet.com/search/jobs?s=Technology+Delivery+Manager&l=Worldwide,"Direct platform search for Technology Delivery Manager in MENA. Sort by newest on the platform and verify employer, date, location eligibility and application route."
search-018717,Live Search,live_search,Technology Delivery Manager,Talent.com,Talent.com,Programme & Delivery,Programme & Delivery,,Remote / Global,MENA,MENA,Live Search,,,2026-07-20,Live search,Talent.com,C,Aggregator,Aggregator,61,Medium,,https://www.talent.com/jobs?k=Technology+Delivery+Manager&l=Worldwide,"Direct platform search for Technology Delivery Manager in MENA. Sort by newest on the platform and verify employer, date, location eligibility and application route."
search-018718,Live Search,live_search,Technology Delivery Manager,Adzuna,Adzuna,Programme & Delivery,Programme & Delivery,,Remote / Global,MENA,MENA,Live Search,,,2026-07-20,Live search,Adzuna,C,Aggregator,Aggregator,61,Medium,,https://www.adzuna.com/search?q=Technology+Delivery+Manager&loc=Worldwide,"Direct platform search for Technology Delivery Manager in MENA. Sort by newest on the platform and verify employer, date, location eligibility and application route."
search-018720,Live Search,live_search,Technology Delivery Manager,Remote OK,Remote OK,Programme & Delivery,Programme & Delivery,,Remote / Global,MENA,MENA,Live Search,,,2026-07-20,Live search,Remote OK,B,Direct organization or specialist source,Direct,61,Medium,,https://remoteok.com/remote-technology-delivery-manager-jobs,"Direct platform search for Technology Delivery Manager in MENA. Sort by newest on the platform and verify employer, date, location eligibility and application route."
search-018721,Live Search,live_search,Technology Delivery Manager,We Work Remotely,We Work Remotely,Programme & Delivery,Programme & Delivery,,Remote / Global,MENA,MENA,Live Search,,,2026-07-20,Live search,We Work Remotely,B,Direct organization or specialist source,Direct,61,Medium,,https://weworkremotely.com/remote-jobs/search?term=Technology+Delivery+Manager,"Direct platform search for Technology Delivery Manager in MENA. Sort by newest on the platform and verify employer, date, location eligibility and application route."
search-018722,Live Search,live_search,Technology Delivery Manager,Remotive,Remotive,Programme & Delivery,Programme & Delivery,,Remote / Global,MENA,MENA,Live Search,,,2026-07-20,Live search,Remotive,B,Direct organization or specialist source,Direct,61,Medium,,https://remotive.com/remote-jobs/search?search=Technology+Delivery+Manager,"Direct platform search for Technology Delivery Manager in MENA. Sort by newest on the platform and verify employer, date, location eligibility and application route."
search-018723,Live Search,live_search,Technology Delivery Manager,Remote.co,Remote.co,Programme & Delivery,Programme & Delivery,,Remote / Global,MENA,MENA,Live Search,,,2026-07-20,Live search,Remote.co,B,Direct organization or specialist source,Direct,61,Medium,,https://remote.co/remote-jobs/search/?search_keywords=Technology+Delivery+Manager,"Direct platform search for Technology Delivery Manager in MENA. Sort by newest on the platform and verify employer, date, location eligibility and application route."
search-018725,Live Search,live_search,Technology Delivery Manager,Working Nomads,Working Nomads,Programme & Delivery,Programme & Delivery,,Remote / Global,MENA,MENA,Live Search,,,2026-07-20,Live search,Working Nomads,B,Direct organization or specialist source,Direct,61,Medium,,https://www.workingnomads.com/remote-jobs?search=Technology+Delivery+Manager,"Direct platform search for Technology Delivery Manager in MENA. Sort by newest on the platform and verify employer, date, location eligibility and application route."
search-018728,Live Search,live_search,Technology Delivery Manager,Himalayas,Himalayas,Programme & Delivery,Programme & Delivery,,Remote / Global,MENA,MENA,Live Search,,,2026-07-20,Live search,Himalayas,B,Direct organization or specialist source,Direct,61,Medium,,https://himalayas.app/jobs?search=Technology+Delivery+Manager,"Direct platform search for Technology Delivery Manager in MENA. Sort by newest on the platform and verify employer, date, location eligibility and application route."
search-018732,Live Search,live_search,Technology Delivery Manager,ReliefWeb,ReliefWeb,Programme & Delivery,Programme & Delivery,,Remote / Global,MENA,MENA,Live Search,,,2026-07-20,Live search,ReliefWeb,A,Official / primary source,Official,61,Medium,,https://reliefweb.int/jobs?search=Technology+Delivery+Manager,"Direct platform search for Technology Delivery Manager in MENA. Sort by newest on the platform and verify employer, date, location eligibility and application route."
search-018734,Live Search,live_search,Technology Delivery Manager,UNjobs,UNjobs,Programme & Delivery,Programme & Delivery,,Remote / Global,MENA,MENA,Live Search,,,2026-07-20,Live search,UNjobs,B,Direct organization or specialist source,Direct,61,Medium,,https://unjobs.org/search/Technology%20Delivery%20Manager,"Direct platform search for Technology Delivery Manager in MENA. Sort by newest on the platform and verify employer, date, location eligibility and application route."
search-018735,Live Search,live_search,Technology Delivery Manager,Upwork,Upwork,Programme & Delivery,Programme & Delivery,,Remote / Global,MENA,MENA,Live Search,,,2026-07-20,Live search,Upwork,B,Direct organization or specialist source,Direct,61,Medium,,https://www.upwork.com/nx/search/jobs/?q=Technology+Delivery+Manager,"Direct project search for Technology Delivery Manager in MENA. Sort by newest on the platform and verify employer, date, location eligibility and application route."
search-018736,Live Search,live_search,Technology Delivery Manager,Freelancer,Freelancer,Programme & Delivery,Programme & Delivery,,Remote / Global,MENA,MENA,Live Search,,,2026-07-20,Live search,Freelancer,B,Direct organization or specialist source,Direct,61,Medium,,https://www.freelancer.com/jobs/technology-delivery-manager/,"Direct project search for Technology Delivery Manager in MENA. Sort by newest on the platform and verify employer, date, location eligibility and application route."
search-018738,Live Search,live_search,Technology Delivery Manager,Contra,Contra,Programme & Delivery,Programme & Delivery,,Remote / Global,MENA,MENA,Live Search,,,2026-07-20,Live search,Contra,B,Direct organization or specialist source,Direct,61,Medium,,https://contra.com/opportunities?query=Technology+Delivery+Manager,"Direct project search for Technology Delivery Manager in MENA. Sort by newest on the platform and verify employer, date, location eligibility and application route."
search-018307,Live Search,live_search,Enterprise Applications Manager,LinkedIn,LinkedIn,Enterprise Applications,Enterprise Applications,,Remote / Global,MENA,MENA,Live Search,,,2026-07-20,Live search,LinkedIn,B,Recognized job platform,Platform,60,Medium,,https://www.linkedin.com/jobs/search/?keywords=Enterprise+Applications+Manager&location=Worldwide&sortBy=DD,"Direct platform search for Enterprise Applications Manager in MENA. Sort by newest on the platform and verify employer, date, location eligibility and application route."
search-018308,Live Search,live_search,Enterprise Applications Manager,Indeed,Indeed,Enterprise Applications,Enterprise Applications,,Remote / Global,MENA,MENA,Live Search,,,2026-07-20,Live search,Indeed,B,Recognized job platform,Platform,60,Medium,,https://www.indeed.com/jobs?q=Enterprise+Applications+Manager&l=Worldwide&sort=date,"Direct platform search for Enterprise Applications Manager in MENA. Sort by newest on the platform and verify employer, date, location eligibility and application route."
search-018311,Live Search,live_search,Enterprise Applications Manager,Careerjet,Careerjet,Enterprise Applications,Enterprise Applications,,Remote / Global,MENA,MENA,Live Search,,,2026-07-20,Live search,Careerjet,C,Aggregator,Aggregator,60,Medium,,https://www.careerjet.com/search/jobs?s=Enterprise+Applications+Manager&l=Worldwide,"Direct platform search for Enterprise Applications Manager in MENA. Sort by newest on the platform and verify employer, date, location eligibility and application route."
search-018312,Live Search,live_search,Enterprise Applications Manager,Talent.com,Talent.com,Enterprise Applications,Enterprise Applications,,Remote / Global,MENA,MENA,Live Search,,,2026-07-20,Live search,Talent.com,C,Aggregator,Aggregator,60,Medium,,https://www.talent.com/jobs?k=Enterprise+Applications+Manager&l=Worldwide,"Direct platform search for Enterprise Applications Manager in MENA. Sort by newest on the platform and verify employer, date, location eligibility and application route."
search-018313,Live Search,live_search,Enterprise Applications Manager,Adzuna,Adzuna,Enterprise Applications,Enterprise Applications,,Remote / Global,MENA,MENA,Live Search,,,2026-07-20,Live search,Adzuna,C,Aggregator,Aggregator,60,Medium,,https://www.adzuna.com/search?q=Enterprise+Applications+Manager&loc=Worldwide,"Direct platform search for Enterprise Applications Manager in MENA. Sort by newest on the platform and verify employer, date, location eligibility and application route."
search-018315,Live Search,live_search,Enterprise Applications Manager,Remote OK,Remote OK,Enterprise Applications,Enterprise Applications,,Remote / Global,MENA,MENA,Live Search,,,2026-07-20,Live search,Remote OK,B,Direct organization or specialist source,Direct,60,Medium,,https://remoteok.com/remote-enterprise-applications-manager-jobs,"Direct platform search for Enterprise Applications Manager in MENA. Sort by newest on the platform and verify employer, date, location eligibility and application route."
search-018316,Live Search,live_search,Enterprise Applications Manager,We Work Remotely,We Work Remotely,Enterprise Applications,Enterprise Applications,,Remote / Global,MENA,MENA,Live Search,,,2026-07-20,Live search,We Work Remotely,B,Direct organization or specialist source,Direct,60,Medium,,https://weworkremotely.com/remote-jobs/search?term=Enterprise+Applications+Manager,"Direct platform search for Enterprise Applications Manager in MENA. Sort by newest on the platform and verify employer, date, location eligibility and application route."
search-018317,Live Search,live_search,Enterprise Applications Manager,Remotive,Remotive,Enterprise Applications,Enterprise Applications,,Remote / Global,MENA,MENA,Live Search,,,2026-07-20,Live search,Remotive,B,Direct organization or specialist source,Direct,60,Medium,,https://remotive.com/remote-jobs/search?search=Enterprise+Applications+Manager,"Direct platform search for Enterprise Applications Manager in MENA. Sort by newest on the platform and verify employer, date, location eligibility and application route."
search-018318,Live Search,live_search,Enterprise Applications Manager,Remote.co,Remote.co,Enterprise Applications,Enterprise Applications,,Remote / Global,MENA,MENA,Live Search,,,2026-07-20,Live search,Remote.co,B,Direct organization or specialist source,Direct,60,Medium,,https://remote.co/remote-jobs/search/?search_keywords=Enterprise+Applications+Manager,"Direct platform search for Enterprise Applications Manager in MENA. Sort by newest on the platform and verify employer, date, location eligibility and application route."
search-018320,Live Search,live_search,Enterprise Applications Manager,Working Nomads,Working Nomads,Enterprise Applications,Enterprise Applications,,Remote / Global,MENA,MENA,Live Search,,,2026-07-20,Live search,Working Nomads,B,Direct organization or specialist source,Direct,60,Medium,,https://www.workingnomads.com/remote-jobs?search=Enterprise+Applications+Manager,"Direct platform search for Enterprise Applications Manager in MENA. Sort by newest on the platform and verify employer, date, location eligibility and application route."
search-018323,Live Search,live_search,Enterprise Applications Manager,Himalayas,Himalayas,Enterprise Applications,Enterprise Applications,,Remote / Global,MENA,MENA,Live Search,,,2026-07-20,Live search,Himalayas,B,Direct organization or specialist source,Direct,60,Medium,,https://himalayas.app/jobs?search=Enterprise+Applications+Manager,"Direct platform search for Enterprise Applications Manager in MENA. Sort by newest on the platform and verify employer, date, location eligibility and application route."
search-018327,Live Search,live_search,Enterprise Applications Manager,ReliefWeb,ReliefWeb,Enterprise Applications,Enterprise Applications,,Remote / Global,MENA,MENA,Live Search,,,2026-07-20,Live search,ReliefWeb,A,Official / primary source,Official,60,Medium,,https://reliefweb.int/jobs?search=Enterprise+Applications+Manager,"Direct platform search for Enterprise Applications Manager in MENA. Sort by newest on the platform and verify employer, date, location eligibility and application route."
search-018329,Live Search,live_search,Enterprise Applications Manager,UNjobs,UNjobs,Enterprise Applications,Enterprise Applications,,Remote / Global,MENA,MENA,Live Search,,,2026-07-20,Live search,UNjobs,B,Direct organization or specialist source,Direct,60,Medium,,https://unjobs.org/search/Enterprise%20Applications%20Manager,"Direct platform search for Enterprise Applications Manager in MENA. Sort by newest on the platform and verify employer, date, location eligibility and application route."
search-018330,Live Search,live_search,Enterprise Applications Manager,Upwork,Upwork,Enterprise Applications,Enterprise Applications,,Remote / Global,MENA,MENA,Live Search,,,2026-07-20,Live search,Upwork,B,Direct organization or specialist source,Direct,60,Medium,,https://www.upwork.com/nx/search/jobs/?q=Enterprise+Applications+Manager,"Direct project search for Enterprise Applications Manager in MENA. Sort by newest on the platform and verify employer, date, location eligibility and application route."
search-018331,Live Search,live_search,Enterprise Applications Manager,Freelancer,Freelancer,Enterprise Applications,Enterprise Applications,,Remote / Global,MENA,MENA,Live Search,,,2026-07-20,Live search,Freelancer,B,Direct organization or specialist source,Direct,60,Medium,,https://www.freelancer.com/jobs/enterprise-applications-manager/,"Direct project search for Enterprise Applications Manager in MENA. Sort by newest on the platform and verify employer, date, location eligibility and application route."
search-018333,Live Search,live_search,Enterprise Applications Manager,Contra,Contra,Enterprise Applications,Enterprise Applications,,Remote / Global,MENA,MENA,Live Search,,,2026-07-20,Live search,Contra,B,Direct organization or specialist source,Direct,60,Medium,,https://contra.com/opportunities?query=Enterprise+Applications+Manager,"Direct project search for Enterprise Applications Manager in MENA. Sort by newest on the platform and verify employer, date, location eligibility and application route."
job-00783,Platform-Indexed Vacancy,job,Enterprise Applications Manager — LinkedIn Live Search,Worldwide Remote,Worldwide Remote,Live Job Search,Live Job Search,Technology & Consulting,Remote / Global,Worldwide Remote,Live / varies,Possibly Available,,,2026-07-20,Live search sorted toward newest results,LinkedIn,B,Recognized job platform,Platform,60,Medium,,https://www.linkedin.com/jobs/search/?keywords=Enterprise+Applications+Manager&sortBy=DD&location=Worldwide+Remote,"Global remote live-search pack. This is a live search link, not one fixed vacancy."
job-00883,Platform-Indexed Vacancy,job,Enterprise Applications Manager — LinkedIn Live Search,EMEA Remote,EMEA Remote,Live Job Search,Live Job Search,Technology & Consulting,Remote / Global,EMEA Remote,Live / varies,Possibly Available,,,2026-07-20,Live search sorted toward newest results,LinkedIn,B,Recognized job platform,Platform,60,Medium,,https://www.linkedin.com/jobs/search/?keywords=Enterprise+Applications+Manager&sortBy=DD&location=EMEA+Remote,"Global remote live-search pack. This is a live search link, not one fixed vacancy."
job-00983,Platform-Indexed Vacancy,job,Enterprise Applications Manager — LinkedIn Live Search,Africa Remote,Africa Remote,Live Job Search,Live Job Search,Technology & Consulting,Africa,Africa Remote,Live / varies,Possibly Available,,,2026-07-20,Live search sorted toward newest results,LinkedIn,B,Recognized job platform,Platform,60,Medium,,https://www.linkedin.com/jobs/search/?keywords=Enterprise+Applications+Manager&sortBy=DD&location=Africa+Remote,"Global remote live-search pack. This is a live search link, not one fixed vacancy."
job-01083,Platform-Indexed Vacancy,job,Enterprise Applications Manager — LinkedIn Live Search,Middle East Remote,Middle East Remote,Live Job Search,Live Job Search,Technology & Consulting,Remote / Global,Middle East Remote,Live / varies,Possibly Available,,,2026-07-20,Live search sorted toward newest results,LinkedIn,B,Recognized job platform,Platform,60,Medium,,https://www.linkedin.com/jobs/search/?keywords=Enterprise+Applications+Manager&sortBy=DD&location=Middle+East+Remote,"Global remote live-search pack. This is a live search link, not one fixed vacancy."
job-00785,Platform-Indexed Vacancy,job,Enterprise Applications Manager — RemoteOK Live Search,Worldwide Remote,Worldwide Remote,Live Job Search,Live Job Search,Technology & Consulting,Remote / Global,Worldwide Remote,Live / varies,Possibly Available,,,2026-07-20,Live search sorted toward newest results,RemoteOK,B,Direct organization or specialist source,Direct,60,Medium,,https://remoteok.com/remote-enterprise-applications-manager-jobs,"Global remote live-search pack. This is a live search link, not one fixed vacancy."
job-00885,Platform-Indexed Vacancy,job,Enterprise Applications Manager — RemoteOK Live Search,EMEA Remote,EMEA Remote,Live Job Search,Live Job Search,Technology & Consulting,Remote / Global,EMEA Remote,Live / varies,Possibly Available,,,2026-07-20,Live search sorted toward newest results,RemoteOK,B,Direct organization or specialist source,Direct,60,Medium,,https://remoteok.com/remote-enterprise-applications-manager-jobs,"Global remote live-search pack. This is a live search link, not one fixed vacancy."
job-00985,Platform-Indexed Vacancy,job,Enterprise Applications Manager — RemoteOK Live Search,Africa Remote,Africa Remote,Live Job Search,Live Job Search,Technology & Consulting,Africa,Africa Remote,Live / varies,Possibly Available,,,2026-07-20,Live search sorted toward newest results,RemoteOK,B,Direct organization or specialist source,Direct,60,Medium,,https://remoteok.com/remote-enterprise-applications-manager-jobs,"Global remote live-search pack. This is a live search link, not one fixed vacancy."
job-01085,Platform-Indexed Vacancy,job,Enterprise Applications Manager — RemoteOK Live Search,Middle East Remote,Middle East Remote,Live Job Search,Live Job Search,Technology & Consulting,Remote / Global,Middle East Remote,Live / varies,Possibly Available,,,2026-07-20,Live search sorted toward newest results,RemoteOK,B,Direct organization or specialist source,Direct,60,Medium,,https://remoteok.com/remote-enterprise-applications-manager-jobs,"Global remote live-search pack. This is a live search link, not one fixed vacancy."
job-00786,Platform-Indexed Vacancy,job,Enterprise Applications Manager — Wellfound Live Search,Worldwide Remote,Worldwide Remote,Live Job Search,Live Job Search,Technology & Consulting,Remote / Global,Worldwide Remote,Live / varies,Possibly Available,,,2026-07-20,Live search sorted toward newest results,Wellfound,B,Direct organization or specialist source,Direct,60,Medium,,https://wellfound.com/jobs?q=Enterprise+Applications+Manager&remote=True,"Global remote live-search pack. This is a live search link, not one fixed vacancy."
job-00886,Platform-Indexed Vacancy,job,Enterprise Applications Manager — Wellfound Live Search,EMEA Remote,EMEA Remote,Live Job Search,Live Job Search,Technology & Consulting,Remote / Global,EMEA Remote,Live / varies,Possibly Available,,,2026-07-20,Live search sorted toward newest results,Wellfound,B,Direct organization or specialist source,Direct,60,Medium,,https://wellfound.com/jobs?q=Enterprise+Applications+Manager&remote=True,"Global remote live-search pack. This is a live search link, not one fixed vacancy."
job-00986,Platform-Indexed Vacancy,job,Enterprise Applications Manager — Wellfound Live Search,Africa Remote,Africa Remote,Live Job Search,Live Job Search,Technology & Consulting,Africa,Africa Remote,Live / varies,Possibly Available,,,2026-07-20,Live search sorted toward newest results,Wellfound,B,Direct organization or specialist source,Direct,60,Medium,,https://wellfound.com/jobs?q=Enterprise+Applications+Manager&remote=True,"Global remote live-search pack. This is a live search link, not one fixed vacancy."
job-01086,Platform-Indexed Vacancy,job,Enterprise Applications Manager — Wellfound Live Search,Middle East Remote,Middle East Remote,Live Job Search,Live Job Search,Technology & Consulting,Remote / Global,Middle East Remote,Live / varies,Possibly Available,,,2026-07-20,Live search sorted toward newest results,Wellfound,B,Direct organization or specialist source,Direct,60,Medium,,https://wellfound.com/jobs?q=Enterprise+Applications+Manager&remote=True,"Global remote live-search pack. This is a live search link, not one fixed vacancy."
job-00784,Platform-Indexed Vacancy,job,Enterprise Applications Manager — WeWorkRemotely Live Search,Worldwide Remote,Worldwide Remote,Live Job Search,Live Job Search,Technology & Consulting,Remote / Global,Worldwide Remote,Live / varies,Possibly Available,,,2026-07-20,Live search sorted toward newest results,WeWorkRemotely,B,Direct organization or specialist source,Direct,60,Medium,,https://weworkremotely.com/remote-jobs/search?term=Enterprise+Applications+Manager,"Global remote live-search pack. This is a live search link, not one fixed vacancy."
job-00884,Platform-Indexed Vacancy,job,Enterprise Applications Manager — WeWorkRemotely Live Search,EMEA Remote,EMEA Remote,Live Job Search,Live Job Search,Technology & Consulting,Remote / Global,EMEA Remote,Live / varies,Possibly Available,,,2026-07-20,Live search sorted toward newest results,WeWorkRemotely,B,Direct organization or specialist source,Direct,60,Medium,,https://weworkremotely.com/remote-jobs/search?term=Enterprise+Applications+Manager,"Global remote live-search pack. This is a live search link, not one fixed vacancy."
job-00984,Platform-Indexed Vacancy,job,Enterprise Applications Manager — WeWorkRemotely Live Search,Africa Remote,Africa Remote,Live Job Search,Live Job Search,Technology & Consulting,Africa,Africa Remote,Live / varies,Possibly Available,,,2026-07-20,Live search sorted toward newest results,WeWorkRemotely,B,Direct organization or specialist source,Direct,60,Medium,,https://weworkremotely.com/remote-jobs/search?term=Enterprise+Applications+Manager,"Global remote live-search pack. This is a live search link, not one fixed vacancy."
job-01084,Platform-Indexed Vacancy,job,Enterprise Applications Manager — WeWorkRemotely Live Search,Middle East Remote,Middle East Remote,Live Job Search,Live Job Search,Technology & Consulting,Remote / Global,Middle East Remote,Live / varies,Possibly Available,,,2026-07-20,Live search sorted toward newest results,WeWorkRemotely,B,Direct organization or specialist source,Direct,60,Medium,,https://weworkremotely.com/remote-jobs/search?term=Enterprise+Applications+Manager,"Global remote live-search pack. This is a live search link, not one fixed vacancy."
job-00747,Platform-Indexed Vacancy,job,Chief Data Officer — LinkedIn Live Search,Worldwide Remote,Worldwide Remote,Live Job Search,Live Job Search,Technology & Consulting,Remote / Global,Worldwide Remote,Live / varies,Possibly Available,,,2026-07-20,Live search sorted toward newest results,LinkedIn,B,Recognized job platform,Platform,59,Low,,https://www.linkedin.com/jobs/search/?keywords=Chief+Data+Officer&sortBy=DD&location=Worldwide+Remote,"Global remote live-search pack. This is a live search link, not one fixed vacancy."
job-00847,Platform-Indexed Vacancy,job,Chief Data Officer — LinkedIn Live Search,EMEA Remote,EMEA Remote,Live Job Search,Live Job Search,Technology & Consulting,Remote / Global,EMEA Remote,Live / varies,Possibly Available,,,2026-07-20,Live search sorted toward newest results,LinkedIn,B,Recognized job platform,Platform,59,Low,,https://www.linkedin.com/jobs/search/?keywords=Chief+Data+Officer&sortBy=DD&location=EMEA+Remote,"Global remote live-search pack. This is a live search link, not one fixed vacancy."
job-00947,Platform-Indexed Vacancy,job,Chief Data Officer — LinkedIn Live Search,Africa Remote,Africa Remote,Live Job Search,Live Job Search,Technology & Consulting,Africa,Africa Remote,Live / varies,Possibly Available,,,2026-07-20,Live search sorted toward newest results,LinkedIn,B,Recognized job platform,Platform,59,Low,,https://www.linkedin.com/jobs/search/?keywords=Chief+Data+Officer&sortBy=DD&location=Africa+Remote,"Global remote live-search pack. This is a live search link, not one fixed vacancy."
job-01047,Platform-Indexed Vacancy,job,Chief Data Officer — LinkedIn Live Search,Middle East Remote,Middle East Remote,Live Job Search,Live Job Search,Technology & Consulting,Remote / Global,Middle East Remote,Live / varies,Possibly Available,,,2026-07-20,Live search sorted toward newest results,LinkedIn,B,Recognized job platform,Platform,59,Low,,https://www.linkedin.com/jobs/search/?keywords=Chief+Data+Officer&sortBy=DD&location=Middle+East+Remote,"Global remote live-search pack. This is a live search link, not one fixed vacancy."
job-00749,Platform-Indexed Vacancy,job,Chief Data Officer — RemoteOK Live Search,Worldwide Remote,Worldwide Remote,Live Job Search,Live Job Search,Technology & Consulting,Remote / Global,Worldwide Remote,Live / varies,Possibly Available,,,2026-07-20,Live search sorted toward newest results,RemoteOK,B,Direct organization or specialist source,Direct,59,Low,,https://remoteok.com/remote-chief-data-officer-jobs,"Global remote live-search pack. This is a live search link, not one fixed vacancy."
job-00849,Platform-Indexed Vacancy,job,Chief Data Officer — RemoteOK Live Search,EMEA Remote,EMEA Remote,Live Job Search,Live Job Search,Technology & Consulting,Remote / Global,EMEA Remote,Live / varies,Possibly Available,,,2026-07-20,Live search sorted toward newest results,RemoteOK,B,Direct organization or specialist source,Direct,59,Low,,https://remoteok.com/remote-chief-data-officer-jobs,"Global remote live-search pack. This is a live search link, not one fixed vacancy."
job-00949,Platform-Indexed Vacancy,job,Chief Data Officer — RemoteOK Live Search,Africa Remote,Africa Remote,Live Job Search,Live Job Search,Technology & Consulting,Africa,Africa Remote,Live / varies,Possibly Available,,,2026-07-20,Live search sorted toward newest results,RemoteOK,B,Direct organization or specialist source,Direct,59,Low,,https://remoteok.com/remote-chief-data-officer-jobs,"Global remote live-search pack. This is a live search link, not one fixed vacancy."
job-01049,Platform-Indexed Vacancy,job,Chief Data Officer — RemoteOK Live Search,Middle East Remote,Middle East Remote,Live Job Search,Live Job Search,Technology & Consulting,Remote / Global,Middle East Remote,Live / varies,Possibly Available,,,2026-07-20,Live search sorted toward newest results,RemoteOK,B,Direct organization or specialist source,Direct,59,Low,,https://remoteok.com/remote-chief-data-officer-jobs,"Global remote live-search pack. This is a live search link, not one fixed vacancy."
job-00750,Platform-Indexed Vacancy,job,Chief Data Officer — Wellfound Live Search,Worldwide Remote,Worldwide Remote,Live Job Search,Live Job Search,Technology & Consulting,Remote / Global,Worldwide Remote,Live / varies,Possibly Available,,,2026-07-20,Live search sorted toward newest results,Wellfound,B,Direct organization or specialist source,Direct,59,Low,,https://wellfound.com/jobs?q=Chief+Data+Officer&remote=True,"Global remote live-search pack. This is a live search link, not one fixed vacancy."
job-00850,Platform-Indexed Vacancy,job,Chief Data Officer — Wellfound Live Search,EMEA Remote,EMEA Remote,Live Job Search,Live Job Search,Technology & Consulting,Remote / Global,EMEA Remote,Live / varies,Possibly Available,,,2026-07-20,Live search sorted toward newest results,Wellfound,B,Direct organization or specialist source,Direct,59,Low,,https://wellfound.com/jobs?q=Chief+Data+Officer&remote=True,"Global remote live-search pack. This is a live search link, not one fixed vacancy."
job-00950,Platform-Indexed Vacancy,job,Chief Data Officer — Wellfound Live Search,Africa Remote,Africa Remote,Live Job Search,Live Job Search,Technology & Consulting,Africa,Africa Remote,Live / varies,Possibly Available,,,2026-07-20,Live search sorted toward newest results,Wellfound,B,Direct organization or specialist source,Direct,59,Low,,https://wellfound.com/jobs?q=Chief+Data+Officer&remote=True,"Global remote live-search pack. This is a live search link, not one fixed vacancy."
job-01050,Platform-Indexed Vacancy,job,Chief Data Officer — Wellfound Live Search,Middle East Remote,Middle East Remote,Live Job Search,Live Job Search,Technology & Consulting,Remote / Global,Middle East Remote,Live / varies,Possibly Available,,,2026-07-20,Live search sorted toward newest results,Wellfound,B,Direct organization or specialist source,Direct,59,Low,,https://wellfound.com/jobs?q=Chief+Data+Officer&remote=True,"Global remote live-search pack. This is a live search link, not one fixed vacancy."
job-00748,Platform-Indexed Vacancy,job,Chief Data Officer — WeWorkRemotely Live Search,Worldwide Remote,Worldwide Remote,Live Job Search,Live Job Search,Technology & Consulting,Remote / Global,Worldwide Remote,Live / varies,Possibly Available,,,2026-07-20,Live search sorted toward newest results,WeWorkRemotely,B,Direct organization or specialist source,Direct,59,Low,,https://weworkremotely.com/remote-jobs/search?term=Chief+Data+Officer,"Global remote live-search pack. This is a live search link, not one fixed vacancy."
job-00848,Platform-Indexed Vacancy,job,Chief Data Officer — WeWorkRemotely Live Search,EMEA Remote,EMEA Remote,Live Job Search,Live Job Search,Technology & Consulting,Remote / Global,EMEA Remote,Live / varies,Possibly Available,,,2026-07-20,Live search sorted toward newest results,WeWorkRemotely,B,Direct organization or specialist source,Direct,59,Low,,https://weworkremotely.com/remote-jobs/search?term=Chief+Data+Officer,"Global remote live-search pack. This is a live search link, not one fixed vacancy."
job-00948,Platform-Indexed Vacancy,job,Chief Data Officer — WeWorkRemotely Live Search,Africa Remote,Africa Remote,Live Job Search,Live Job Search,Technology & Consulting,Africa,Africa Remote,Live / varies,Possibly Available,,,2026-07-20,Live search sorted toward newest results,WeWorkRemotely,B,Direct organization or specialist source,Direct,59,Low,,https://weworkremotely.com/remote-jobs/search?term=Chief+Data+Officer,"Global remote live-search pack. This is a live search link, not one fixed vacancy."
job-01048,Platform-Indexed Vacancy,job,Chief Data Officer — WeWorkRemotely Live Search,Middle East Remote,Middle East Remote,Live Job Search,Live Job Search,Technology & Consulting,Remote / Global,Middle East Remote,Live / varies,Possibly Available,,,2026-07-20,Live search sorted toward newest results,WeWorkRemotely,B,Direct organization or specialist source,Direct,59,Low,,https://weworkremotely.com/remote-jobs/search?term=Chief+Data+Officer,"Global remote live-search pack. This is a live search link, not one fixed vacancy."
search-017875,Live Search,live_search,Cloud Architect,LinkedIn,LinkedIn,Cloud & Infrastructure,Cloud & Infrastructure,,Remote / Global,MENA,MENA,Live Search,,,2026-07-20,Live search,LinkedIn,B,Recognized job platform,Platform,59,Low,,https://www.linkedin.com/jobs/search/?keywords=Cloud+Architect&location=Worldwide&sortBy=DD,"Direct platform search for Cloud Architect in MENA. Sort by newest on the platform and verify employer, date, location eligibility and application route."
search-017876,Live Search,live_search,Cloud Architect,Indeed,Indeed,Cloud & Infrastructure,Cloud & Infrastructure,,Remote / Global,MENA,MENA,Live Search,,,2026-07-20,Live search,Indeed,B,Recognized job platform,Platform,59,Low,,https://www.indeed.com/jobs?q=Cloud+Architect&l=Worldwide&sort=date,"Direct platform search for Cloud Architect in MENA. Sort by newest on the platform and verify employer, date, location eligibility and application route."
search-017879,Live Search,live_search,Cloud Architect,Careerjet,Careerjet,Cloud & Infrastructure,Cloud & Infrastructure,,Remote / Global,MENA,MENA,Live Search,,,2026-07-20,Live search,Careerjet,C,Aggregator,Aggregator,59,Low,,https://www.careerjet.com/search/jobs?s=Cloud+Architect&l=Worldwide,"Direct platform search for Cloud Architect in MENA. Sort by newest on the platform and verify employer, date, location eligibility and application route."
search-017880,Live Search,live_search,Cloud Architect,Talent.com,Talent.com,Cloud & Infrastructure,Cloud & Infrastructure,,Remote / Global,MENA,MENA,Live Search,,,2026-07-20,Live search,Talent.com,C,Aggregator,Aggregator,59,Low,,https://www.talent.com/jobs?k=Cloud+Architect&l=Worldwide,"Direct platform search for Cloud Architect in MENA. Sort by newest on the platform and verify employer, date, location eligibility and application route."
search-017881,Live Search,live_search,Cloud Architect,Adzuna,Adzuna,Cloud & Infrastructure,Cloud & Infrastructure,,Remote / Global,MENA,MENA,Live Search,,,2026-07-20,Live search,Adzuna,C,Aggregator,Aggregator,59,Low,,https://www.adzuna.com/search?q=Cloud+Architect&loc=Worldwide,"Direct platform search for Cloud Architect in MENA. Sort by newest on the platform and verify employer, date, location eligibility and application route."
search-017883,Live Search,live_search,Cloud Architect,Remote OK,Remote OK,Cloud & Infrastructure,Cloud & Infrastructure,,Remote / Global,MENA,MENA,Live Search,,,2026-07-20,Live search,Remote OK,B,Direct organization or specialist source,Direct,59,Low,,https://remoteok.com/remote-cloud-architect-jobs,"Direct platform search for Cloud Architect in MENA. Sort by newest on the platform and verify employer, date, location eligibility and application route."
search-017884,Live Search,live_search,Cloud Architect,We Work Remotely,We Work Remotely,Cloud & Infrastructure,Cloud & Infrastructure,,Remote / Global,MENA,MENA,Live Search,,,2026-07-20,Live search,We Work Remotely,B,Direct organization or specialist source,Direct,59,Low,,https://weworkremotely.com/remote-jobs/search?term=Cloud+Architect,"Direct platform search for Cloud Architect in MENA. Sort by newest on the platform and verify employer, date, location eligibility and application route."
search-017885,Live Search,live_search,Cloud Architect,Remotive,Remotive,Cloud & Infrastructure,Cloud & Infrastructure,,Remote / Global,MENA,MENA,Live Search,,,2026-07-20,Live search,Remotive,B,Direct organization or specialist source,Direct,59,Low,,https://remotive.com/remote-jobs/search?search=Cloud+Architect,"Direct platform search for Cloud Architect in MENA. Sort by newest on the platform and verify employer, date, location eligibility and application route."
search-017886,Live Search,live_search,Cloud Architect,Remote.co,Remote.co,Cloud & Infrastructure,Cloud & Infrastructure,,Remote / Global,MENA,MENA,Live Search,,,2026-07-20,Live search,Remote.co,B,Direct organization or specialist source,Direct,59,Low,,https://remote.co/remote-jobs/search/?search_keywords=Cloud+Architect,"Direct platform search for Cloud Architect in MENA. Sort by newest on the platform and verify employer, date, location eligibility and application route."
search-017888,Live Search,live_search,Cloud Architect,Working Nomads,Working Nomads,Cloud & Infrastructure,Cloud & Infrastructure,,Remote / Global,MENA,MENA,Live Search,,,2026-07-20,Live search,Working Nomads,B,Direct organization or specialist source,Direct,59,Low,,https://www.workingnomads.com/remote-jobs?search=Cloud+Architect,"Direct platform search for Cloud Architect in MENA. Sort by newest on the platform and verify employer, date, location eligibility and application route."
search-017891,Live Search,live_search,Cloud Architect,Himalayas,Himalayas,Cloud & Infrastructure,Cloud & Infrastructure,,Remote / Global,MENA,MENA,Live Search,,,2026-07-20,Live search,Himalayas,B,Direct organization or specialist source,Direct,59,Low,,https://himalayas.app/jobs?search=Cloud+Architect,"Direct platform search for Cloud Architect in MENA. Sort by newest on the platform and verify employer, date, location eligibility and application route."
search-017895,Live Search,live_search,Cloud Architect,ReliefWeb,ReliefWeb,Cloud & Infrastructure,Cloud & Infrastructure,,Remote / Global,MENA,MENA,Live Search,,,2026-07-20,Live search,ReliefWeb,A,Official / primary source,Official,59,Low,,https://reliefweb.int/jobs?search=Cloud+Architect,"Direct platform search for Cloud Architect in MENA. Sort by newest on the platform and verify employer, date, location eligibility and application route."
search-017897,Live Search,live_search,Cloud Architect,UNjobs,UNjobs,Cloud & Infrastructure,Cloud & Infrastructure,,Remote / Global,MENA,MENA,Live Search,,,2026-07-20,Live search,UNjobs,B,Direct organization or specialist source,Direct,59,Low,,https://unjobs.org/search/Cloud%20Architect,"Direct platform search for Cloud Architect in MENA. Sort by newest on the platform and verify employer, date, location eligibility and application route."
search-017898,Live Search,live_search,Cloud Architect,Upwork,Upwork,Cloud & Infrastructure,Cloud & Infrastructure,,Remote / Global,MENA,MENA,Live Search,,,2026-07-20,Live search,Upwork,B,Direct organization or specialist source,Direct,59,Low,,https://www.upwork.com/nx/search/jobs/?q=Cloud+Architect,"Direct project search for Cloud Architect in MENA. Sort by newest on the platform and verify employer, date, location eligibility and application route."
search-017899,Live Search,live_search,Cloud Architect,Freelancer,Freelancer,Cloud & Infrastructure,Cloud & Infrastructure,,Remote / Global,MENA,MENA,Live Search,,,2026-07-20,Live search,Freelancer,B,Direct organization or specialist source,Direct,59,Low,,https://www.freelancer.com/jobs/cloud-architect/,"Direct project search for Cloud Architect in MENA. Sort by newest on the platform and verify employer, date, location eligibility and application route."
search-017901,Live Search,live_search,Cloud Architect,Contra,Contra,Cloud & Infrastructure,Cloud & Infrastructure,,Remote / Global,MENA,MENA,Live Search,,,2026-07-20,Live search,Contra,B,Direct organization or specialist source,Direct,59,Low,,https://contra.com/opportunities?query=Cloud+Architect,"Direct project search for Cloud Architect in MENA. Sort by newest on the platform and verify employer, date, location eligibility and application route."
job-00775,Platform-Indexed Vacancy,job,Cloud Architect — LinkedIn Live Search,Worldwide Remote,Worldwide Remote,Live Job Search,Live Job Search,Technology & Consulting,Remote / Global,Worldwide Remote,Live / varies,Possibly Available,,,2026-07-20,Live search sorted toward newest results,LinkedIn,B,Recognized job platform,Platform,59,Low,,https://www.linkedin.com/jobs/search/?keywords=Cloud+Architect&sortBy=DD&location=Worldwide+Remote,"Global remote live-search pack. This is a live search link, not one fixed vacancy."
job-00875,Platform-Indexed Vacancy,job,Cloud Architect — LinkedIn Live Search,EMEA Remote,EMEA Remote,Live Job Search,Live Job Search,Technology & Consulting,Remote / Global,EMEA Remote,Live / varies,Possibly Available,,,2026-07-20,Live search sorted toward newest results,LinkedIn,B,Recognized job platform,Platform,59,Low,,https://www.linkedin.com/jobs/search/?keywords=Cloud+Architect&sortBy=DD&location=EMEA+Remote,"Global remote live-search pack. This is a live search link, not one fixed vacancy."
job-00975,Platform-Indexed Vacancy,job,Cloud Architect — LinkedIn Live Search,Africa Remote,Africa Remote,Live Job Search,Live Job Search,Technology & Consulting,Africa,Africa Remote,Live / varies,Possibly Available,,,2026-07-20,Live search sorted toward newest results,LinkedIn,B,Recognized job platform,Platform,59,Low,,https://www.linkedin.com/jobs/search/?keywords=Cloud+Architect&sortBy=DD&location=Africa+Remote,"Global remote live-search pack. This is a live search link, not one fixed vacancy."
job-01075,Platform-Indexed Vacancy,job,Cloud Architect — LinkedIn Live Search,Middle East Remote,Middle East Remote,Live Job Search,Live Job Search,Technology & Consulting,Remote / Global,Middle East Remote,Live / varies,Possibly Available,,,2026-07-20,Live search sorted toward newest results,LinkedIn,B,Recognized job platform,Platform,59,Low,,https://www.linkedin.com/jobs/search/?keywords=Cloud+Architect&sortBy=DD&location=Middle+East+Remote,"Global remote live-search pack. This is a live search link, not one fixed vacancy."
job-00777,Platform-Indexed Vacancy,job,Cloud Architect — RemoteOK Live Search,Worldwide Remote,Worldwide Remote,Live Job Search,Live Job Search,Technology & Consulting,Remote / Global,Worldwide Remote,Live / varies,Possibly Available,,,2026-07-20,Live search sorted toward newest results,RemoteOK,B,Direct organization or specialist source,Direct,59,Low,,https://remoteok.com/remote-cloud-architect-jobs,"Global remote live-search pack. This is a live search link, not one fixed vacancy."
job-00877,Platform-Indexed Vacancy,job,Cloud Architect — RemoteOK Live Search,EMEA Remote,EMEA Remote,Live Job Search,Live Job Search,Technology & Consulting,Remote / Global,EMEA Remote,Live / varies,Possibly Available,,,2026-07-20,Live search sorted toward newest results,RemoteOK,B,Direct organization or specialist source,Direct,59,Low,,https://remoteok.com/remote-cloud-architect-jobs,"Global remote live-search pack. This is a live search link, not one fixed vacancy."
job-00977,Platform-Indexed Vacancy,job,Cloud Architect — RemoteOK Live Search,Africa Remote,Africa Remote,Live Job Search,Live Job Search,Technology & Consulting,Africa,Africa Remote,Live / varies,Possibly Available,,,2026-07-20,Live search sorted toward newest results,RemoteOK,B,Direct organization or specialist source,Direct,59,Low,,https://remoteok.com/remote-cloud-architect-jobs,"Global remote live-search pack. This is a live search link, not one fixed vacancy."
job-01077,Platform-Indexed Vacancy,job,Cloud Architect — RemoteOK Live Search,Middle East Remote,Middle East Remote,Live Job Search,Live Job Search,Technology & Consulting,Remote / Global,Middle East Remote,Live / varies,Possibly Available,,,2026-07-20,Live search sorted toward newest results,RemoteOK,B,Direct organization or specialist source,Direct,59,Low,,https://remoteok.com/remote-cloud-architect-jobs,"Global remote live-search pack. This is a live search link, not one fixed vacancy."
job-00778,Platform-Indexed Vacancy,job,Cloud Architect — Wellfound Live Search,Worldwide Remote,Worldwide Remote,Live Job Search,Live Job Search,Technology & Consulting,Remote / Global,Worldwide Remote,Live / varies,Possibly Available,,,2026-07-20,Live search sorted toward newest results,Wellfound,B,Direct organization or specialist source,Direct,59,Low,,https://wellfound.com/jobs?q=Cloud+Architect&remote=True,"Global remote live-search pack. This is a live search link, not one fixed vacancy."
job-00878,Platform-Indexed Vacancy,job,Cloud Architect — Wellfound Live Search,EMEA Remote,EMEA Remote,Live Job Search,Live Job Search,Technology & Consulting,Remote / Global,EMEA Remote,Live / varies,Possibly Available,,,2026-07-20,Live search sorted toward newest results,Wellfound,B,Direct organization or specialist source,Direct,59,Low,,https://wellfound.com/jobs?q=Cloud+Architect&remote=True,"Global remote live-search pack. This is a live search link, not one fixed vacancy."
job-00978,Platform-Indexed Vacancy,job,Cloud Architect — Wellfound Live Search,Africa Remote,Africa Remote,Live Job Search,Live Job Search,Technology & Consulting,Africa,Africa Remote,Live / varies,Possibly Available,,,2026-07-20,Live search sorted toward newest results,Wellfound,B,Direct organization or specialist source,Direct,59,Low,,https://wellfound.com/jobs?q=Cloud+Architect&remote=True,"Global remote live-search pack. This is a live search link, not one fixed vacancy."
job-01078,Platform-Indexed Vacancy,job,Cloud Architect — Wellfound Live Search,Middle East Remote,Middle East Remote,Live Job Search,Live Job Search,Technology & Consulting,Remote / Global,Middle East Remote,Live / varies,Possibly Available,,,2026-07-20,Live search sorted toward newest results,Wellfound,B,Direct organization or specialist source,Direct,59,Low,,https://wellfound.com/jobs?q=Cloud+Architect&remote=True,"Global remote live-search pack. This is a live search link, not one fixed vacancy."
job-00776,Platform-Indexed Vacancy,job,Cloud Architect — WeWorkRemotely Live Search,Worldwide Remote,Worldwide Remote,Live Job Search,Live Job Search,Technology & Consulting,Remote / Global,Worldwide Remote,Live / varies,Possibly Available,,,2026-07-20,Live search sorted toward newest results,WeWorkRemotely,B,Direct organization or specialist source,Direct,59,Low,,https://weworkremotely.com/remote-jobs/search?term=Cloud+Architect,"Global remote live-search pack. This is a live search link, not one fixed vacancy."
job-00876,Platform-Indexed Vacancy,job,Cloud Architect — WeWorkRemotely Live Search,EMEA Remote,EMEA Remote,Live Job Search,Live Job Search,Technology & Consulting,Remote / Global,EMEA Remote,Live / varies,Possibly Available,,,2026-07-20,Live search sorted toward newest results,WeWorkRemotely,B,Direct organization or specialist source,Direct,59,Low,,https://weworkremotely.com/remote-jobs/search?term=Cloud+Architect,"Global remote live-search pack. This is a live search link, not one fixed vacancy."
job-00976,Platform-Indexed Vacancy,job,Cloud Architect — WeWorkRemotely Live Search,Africa Remote,Africa Remote,Live Job Search,Live Job Search,Technology & Consulting,Africa,Africa Remote,Live / varies,Possibly Available,,,2026-07-20,Live search sorted toward newest results,WeWorkRemotely,B,Direct organization or specialist source,Direct,59,Low,,https://weworkremotely.com/remote-jobs/search?term=Cloud+Architect,"Global remote live-search pack. This is a live search link, not one fixed vacancy."
job-01076,Platform-Indexed Vacancy,job,Cloud Architect — WeWorkRemotely Live Search,Middle East Remote,Middle East Remote,Live Job Search,Live Job Search,Technology & Consulting,Remote / Global,Middle East Remote,Live / varies,Possibly Available,,,2026-07-20,Live search sorted toward newest results,WeWorkRemotely,B,Direct organization or specialist source,Direct,59,Low,,https://weworkremotely.com/remote-jobs/search?term=Cloud+Architect,"Global remote live-search pack. This is a live search link, not one fixed vacancy."
job-00704,Verified Vacancy,job,Cloud Field Engineering Manager,Canonical,Canonical,IT Leadership,IT Leadership,Technology & Cloud,Remote / Global,Worldwide,Worldwide Remote,Available,2026-07-20,,2026-07-24,Current official careers listing,Canonical,A,Official employer / primary source,Official,59,Low,,https://canonical.com/careers/all?search=cloud,"Verify eligibility, deadline and work authorization on the linked source before applying."
job-00703,Verified Vacancy,job,Cloud Professional Services Manager,Canonical,Canonical,IT Leadership,IT Leadership,Technology & Cloud,Remote / Global,Worldwide,Worldwide Remote,Available,2026-07-20,,2026-07-24,Current official careers listing,Canonical,A,Official employer / primary source,Official,59,Low,,https://canonical.com/careers/all?search=Home+based,"Verify eligibility, deadline and work authorization on the linked source before applying."
job-00739,Platform-Indexed Vacancy,job,Data Architect — LinkedIn Live Search,Worldwide Remote,Worldwide Remote,Live Job Search,Live Job Search,Technology & Consulting,Remote / Global,Worldwide Remote,Live / varies,Possibly Available,,,2026-07-20,Live search sorted toward newest results,LinkedIn,B,Recognized job platform,Platform,59,Low,,https://www.linkedin.com/jobs/search/?keywords=Data+Architect&sortBy=DD&location=Worldwide+Remote,"Global remote live-search pack. This is a live search link, not one fixed vacancy."
job-00839,Platform-Indexed Vacancy,job,Data Architect — LinkedIn Live Search,EMEA Remote,EMEA Remote,Live Job Search,Live Job Search,Technology & Consulting,Remote / Global,EMEA Remote,Live / varies,Possibly Available,,,2026-07-20,Live search sorted toward newest results,LinkedIn,B,Recognized job platform,Platform,59,Low,,https://www.linkedin.com/jobs/search/?keywords=Data+Architect&sortBy=DD&location=EMEA+Remote,"Global remote live-search pack. This is a live search link, not one fixed vacancy."
job-00939,Platform-Indexed Vacancy,job,Data Architect — LinkedIn Live Search,Africa Remote,Africa Remote,Live Job Search,Live Job Search,Technology & Consulting,Africa,Africa Remote,Live / varies,Possibly Available,,,2026-07-20,Live search sorted toward newest results,LinkedIn,B,Recognized job platform,Platform,59,Low,,https://www.linkedin.com/jobs/search/?keywords=Data+Architect&sortBy=DD&location=Africa+Remote,"Global remote live-search pack. This is a live search link, not one fixed vacancy."
job-01039,Platform-Indexed Vacancy,job,Data Architect — LinkedIn Live Search,Middle East Remote,Middle East Remote,Live Job Search,Live Job Search,Technology & Consulting,Remote / Global,Middle East Remote,Live / varies,Possibly Available,,,2026-07-20,Live search sorted toward newest results,LinkedIn,B,Recognized job platform,Platform,59,Low,,https://www.linkedin.com/jobs/search/?keywords=Data+Architect&sortBy=DD&location=Middle+East+Remote,"Global remote live-search pack. This is a live search link, not one fixed vacancy."
job-00741,Platform-Indexed Vacancy,job,Data Architect — RemoteOK Live Search,Worldwide Remote,Worldwide Remote,Live Job Search,Live Job Search,Technology & Consulting,Remote / Global,Worldwide Remote,Live / varies,Possibly Available,,,2026-07-20,Live search sorted toward newest results,RemoteOK,B,Direct organization or specialist source,Direct,59,Low,,https://remoteok.com/remote-data-architect-jobs,"Global remote live-search pack. This is a live search link, not one fixed vacancy."
job-00841,Platform-Indexed Vacancy,job,Data Architect — RemoteOK Live Search,EMEA Remote,EMEA Remote,Live Job Search,Live Job Search,Technology & Consulting,Remote / Global,EMEA Remote,Live / varies,Possibly Available,,,2026-07-20,Live search sorted toward newest results,RemoteOK,B,Direct organization or specialist source,Direct,59,Low,,https://remoteok.com/remote-data-architect-jobs,"Global remote live-search pack. This is a live search link, not one fixed vacancy."
job-00941,Platform-Indexed Vacancy,job,Data Architect — RemoteOK Live Search,Africa Remote,Africa Remote,Live Job Search,Live Job Search,Technology & Consulting,Africa,Africa Remote,Live / varies,Possibly Available,,,2026-07-20,Live search sorted toward newest results,RemoteOK,B,Direct organization or specialist source,Direct,59,Low,,https://remoteok.com/remote-data-architect-jobs,"Global remote live-search pack. This is a live search link, not one fixed vacancy."
job-01041,Platform-Indexed Vacancy,job,Data Architect — RemoteOK Live Search,Middle East Remote,Middle East Remote,Live Job Search,Live Job Search,Technology & Consulting,Remote / Global,Middle East Remote,Live / varies,Possibly Available,,,2026-07-20,Live search sorted toward newest results,RemoteOK,B,Direct organization or specialist source,Direct,59,Low,,https://remoteok.com/remote-data-architect-jobs,"Global remote live-search pack. This is a live search link, not one fixed vacancy."
job-00742,Platform-Indexed Vacancy,job,Data Architect — Wellfound Live Search,Worldwide Remote,Worldwide Remote,Live Job Search,Live Job Search,Technology & Consulting,Remote / Global,Worldwide Remote,Live / varies,Possibly Available,,,2026-07-20,Live search sorted toward newest results,Wellfound,B,Direct organization or specialist source,Direct,59,Low,,https://wellfound.com/jobs?q=Data+Architect&remote=True,"Global remote live-search pack. This is a live search link, not one fixed vacancy."
job-00842,Platform-Indexed Vacancy,job,Data Architect — Wellfound Live Search,EMEA Remote,EMEA Remote,Live Job Search,Live Job Search,Technology & Consulting,Remote / Global,EMEA Remote,Live / varies,Possibly Available,,,2026-07-20,Live search sorted toward newest results,Wellfound,B,Direct organization or specialist source,Direct,59,Low,,https://wellfound.com/jobs?q=Data+Architect&remote=True,"Global remote live-search pack. This is a live search link, not one fixed vacancy."
job-00942,Platform-Indexed Vacancy,job,Data Architect — Wellfound Live Search,Africa Remote,Africa Remote,Live Job Search,Live Job Search,Technology & Consulting,Africa,Africa Remote,Live / varies,Possibly Available,,,2026-07-20,Live search sorted toward newest results,Wellfound,B,Direct organization or specialist source,Direct,59,Low,,https://wellfound.com/jobs?q=Data+Architect&remote=True,"Global remote live-search pack. This is a live search link, not one fixed vacancy."
job-01042,Platform-Indexed Vacancy,job,Data Architect — Wellfound Live Search,Middle East Remote,Middle East Remote,Live Job Search,Live Job Search,Technology & Consulting,Remote / Global,Middle East Remote,Live / varies,Possibly Available,,,2026-07-20,Live search sorted toward newest results,Wellfound,B,Direct organization or specialist source,Direct,59,Low,,https://wellfound.com/jobs?q=Data+Architect&remote=True,"Global remote live-search pack. This is a live search link, not one fixed vacancy."
job-00740,Platform-Indexed Vacancy,job,Data Architect — WeWorkRemotely Live Search,Worldwide Remote,Worldwide Remote,Live Job Search,Live Job Search,Technology & Consulting,Remote / Global,Worldwide Remote,Live / varies,Possibly Available,,,2026-07-20,Live search sorted toward newest results,WeWorkRemotely,B,Direct organization or specialist source,Direct,59,Low,,https://weworkremotely.com/remote-jobs/search?term=Data+Architect,"Global remote live-search pack. This is a live search link, not one fixed vacancy."
job-00840,Platform-Indexed Vacancy,job,Data Architect — WeWorkRemotely Live Search,EMEA Remote,EMEA Remote,Live Job Search,Live Job Search,Technology & Consulting,Remote / Global,EMEA Remote,Live / varies,Possibly Available,,,2026-07-20,Live search sorted toward newest results,WeWorkRemotely,B,Direct organization or specialist source,Direct,59,Low,,https://weworkremotely.com/remote-jobs/search?term=Data+Architect,"Global remote live-search pack. This is a live search link, not one fixed vacancy."
job-00940,Platform-Indexed Vacancy,job,Data Architect — WeWorkRemotely Live Search,Africa Remote,Africa Remote,Live Job Search,Live Job Search,Technology & Consulting,Africa,Africa Remote,Live / varies,Possibly Available,,,2026-07-20,Live search sorted toward newest results,WeWorkRemotely,B,Direct organization or specialist source,Direct,59,Low,,https://weworkremotely.com/remote-jobs/search?term=Data+Architect,"Global remote live-search pack. This is a live search link, not one fixed vacancy."
job-01040,Platform-Indexed Vacancy,job,Data Architect — WeWorkRemotely Live Search,Middle East Remote,Middle East Remote,Live Job Search,Live Job Search,Technology & Consulting,Remote / Global,Middle East Remote,Live / varies,Possibly Available,,,2026-07-20,Live search sorted toward newest results,WeWorkRemotely,B,Direct organization or specialist source,Direct,59,Low,,https://weworkremotely.com/remote-jobs/search?term=Data+Architect,"Global remote live-search pack. This is a live search link, not one fixed vacancy."
search-018010,Live Search,live_search,Infrastructure Architect,LinkedIn,LinkedIn,Cloud & Infrastructure,Cloud & Infrastructure,,Remote / Global,MENA,MENA,Live Search,,,2026-07-20,Live search,LinkedIn,B,Recognized job platform,Platform,59,Low,,https://www.linkedin.com/jobs/search/?keywords=Infrastructure+Architect&location=Worldwide&sortBy=DD,"Direct platform search for Infrastructure Architect in MENA. Sort by newest on the platform and verify employer, date, location eligibility and application route."
search-018011,Live Search,live_search,Infrastructure Architect,Indeed,Indeed,Cloud & Infrastructure,Cloud & Infrastructure,,Remote / Global,MENA,MENA,Live Search,,,2026-07-20,Live search,Indeed,B,Recognized job platform,Platform,59,Low,,https://www.indeed.com/jobs?q=Infrastructure+Architect&l=Worldwide&sort=date,"Direct platform search for Infrastructure Architect in MENA. Sort by newest on the platform and verify employer, date, location eligibility and application route."
search-018014,Live Search,live_search,Infrastructure Architect,Careerjet,Careerjet,Cloud & Infrastructure,Cloud & Infrastructure,,Remote / Global,MENA,MENA,Live Search,,,2026-07-20,Live search,Careerjet,C,Aggregator,Aggregator,59,Low,,https://www.careerjet.com/search/jobs?s=Infrastructure+Architect&l=Worldwide,"Direct platform search for Infrastructure Architect in MENA. Sort by newest on the platform and verify employer, date, location eligibility and application route."
search-018015,Live Search,live_search,Infrastructure Architect,Talent.com,Talent.com,Cloud & Infrastructure,Cloud & Infrastructure,,Remote / Global,MENA,MENA,Live Search,,,2026-07-20,Live search,Talent.com,C,Aggregator,Aggregator,59,Low,,https://www.talent.com/jobs?k=Infrastructure+Architect&l=Worldwide,"Direct platform search for Infrastructure Architect in MENA. Sort by newest on the platform and verify employer, date, location eligibility and application route."
search-018016,Live Search,live_search,Infrastructure Architect,Adzuna,Adzuna,Cloud & Infrastructure,Cloud & Infrastructure,,Remote / Global,MENA,MENA,Live Search,,,2026-07-20,Live search,Adzuna,C,Aggregator,Aggregator,59,Low,,https://www.adzuna.com/search?q=Infrastructure+Architect&loc=Worldwide,"Direct platform search for Infrastructure Architect in MENA. Sort by newest on the platform and verify employer, date, location eligibility and application route."
search-018018,Live Search,live_search,Infrastructure Architect,Remote OK,Remote OK,Cloud & Infrastructure,Cloud & Infrastructure,,Remote / Global,MENA,MENA,Live Search,,,2026-07-20,Live search,Remote OK,B,Direct organization or specialist source,Direct,59,Low,,https://remoteok.com/remote-infrastructure-architect-jobs,"Direct platform search for Infrastructure Architect in MENA. Sort by newest on the platform and verify employer, date, location eligibility and application route."
search-018019,Live Search,live_search,Infrastructure Architect,We Work Remotely,We Work Remotely,Cloud & Infrastructure,Cloud & Infrastructure,,Remote / Global,MENA,MENA,Live Search,,,2026-07-20,Live search,We Work Remotely,B,Direct organization or specialist source,Direct,59,Low,,https://weworkremotely.com/remote-jobs/search?term=Infrastructure+Architect,"Direct platform search for Infrastructure Architect in MENA. Sort by newest on the platform and verify employer, date, location eligibility and application route."
search-018020,Live Search,live_search,Infrastructure Architect,Remotive,Remotive,Cloud & Infrastructure,Cloud & Infrastructure,,Remote / Global,MENA,MENA,Live Search,,,2026-07-20,Live search,Remotive,B,Direct organization or specialist source,Direct,59,Low,,https://remotive.com/remote-jobs/search?search=Infrastructure+Architect,"Direct platform search for Infrastructure Architect in MENA. Sort by newest on the platform and verify employer, date, location eligibility and application route."
search-018021,Live Search,live_search,Infrastructure Architect,Remote.co,Remote.co,Cloud & Infrastructure,Cloud & Infrastructure,,Remote / Global,MENA,MENA,Live Search,,,2026-07-20,Live search,Remote.co,B,Direct organization or specialist source,Direct,59,Low,,https://remote.co/remote-jobs/search/?search_keywords=Infrastructure+Architect,"Direct platform search for Infrastructure Architect in MENA. Sort by newest on the platform and verify employer, date, location eligibility and application route."
search-018023,Live Search,live_search,Infrastructure Architect,Working Nomads,Working Nomads,Cloud & Infrastructure,Cloud & Infrastructure,,Remote / Global,MENA,MENA,Live Search,,,2026-07-20,Live search,Working Nomads,B,Direct organization or specialist source,Direct,59,Low,,https://www.workingnomads.com/remote-jobs?search=Infrastructure+Architect,"Direct platform search for Infrastructure Architect in MENA. Sort by newest on the platform and verify employer, date, location eligibility and application route."
search-018026,Live Search,live_search,Infrastructure Architect,Himalayas,Himalayas,Cloud & Infrastructure,Cloud & Infrastructure,,Remote / Global,MENA,MENA,Live Search,,,2026-07-20,Live search,Himalayas,B,Direct organization or specialist source,Direct,59,Low,,https://himalayas.app/jobs?search=Infrastructure+Architect,"Direct platform search for Infrastructure Architect in MENA. Sort by newest on the platform and verify employer, date, location eligibility and application route."
search-018030,Live Search,live_search,Infrastructure Architect,ReliefWeb,ReliefWeb,Cloud & Infrastructure,Cloud & Infrastructure,,Remote / Global,MENA,MENA,Live Search,,,2026-07-20,Live search,ReliefWeb,A,Official / primary source,Official,59,Low,,https://reliefweb.int/jobs?search=Infrastructure+Architect,"Direct platform search for Infrastructure Architect in MENA. Sort by newest on the platform and verify employer, date, location eligibility and application route."
search-018032,Live Search,live_search,Infrastructure Architect,UNjobs,UNjobs,Cloud & Infrastructure,Cloud & Infrastructure,,Remote / Global,MENA,MENA,Live Search,,,2026-07-20,Live search,UNjobs,B,Direct organization or specialist source,Direct,59,Low,,https://unjobs.org/search/Infrastructure%20Architect,"Direct platform search for Infrastructure Architect in MENA. Sort by newest on the platform and verify employer, date, location eligibility and application route."
search-018033,Live Search,live_search,Infrastructure Architect,Upwork,Upwork,Cloud & Infrastructure,Cloud & Infrastructure,,Remote / Global,MENA,MENA,Live Search,,,2026-07-20,Live search,Upwork,B,Direct organization or specialist source,Direct,59,Low,,https://www.upwork.com/nx/search/jobs/?q=Infrastructure+Architect,"Direct project search for Infrastructure Architect in MENA. Sort by newest on the platform and verify employer, date, location eligibility and application route."
search-018034,Live Search,live_search,Infrastructure Architect,Freelancer,Freelancer,Cloud & Infrastructure,Cloud & Infrastructure,,Remote / Global,MENA,MENA,Live Search,,,2026-07-20,Live search,Freelancer,B,Direct organization or specialist source,Direct,59,Low,,https://www.freelancer.com/jobs/infrastructure-architect/,"Direct project search for Infrastructure Architect in MENA. Sort by newest on the platform and verify employer, date, location eligibility and application route."
search-018036,Live Search,live_search,Infrastructure Architect,Contra,Contra,Cloud & Infrastructure,Cloud & Infrastructure,,Remote / Global,MENA,MENA,Live Search,,,2026-07-20,Live search,Contra,B,Direct organization or specialist source,Direct,59,Low,,https://contra.com/opportunities?query=Infrastructure+Architect,"Direct project search for Infrastructure Architect in MENA. Sort by newest on the platform and verify employer, date, location eligibility and application route."
job-00795,Platform-Indexed Vacancy,job,Business Transformation Manager — LinkedIn Live Search,Worldwide Remote,Worldwide Remote,Live Job Search,Live Job Search,Other Multinational & Enterprise,Remote / Global,Worldwide Remote,Live / varies,Possibly Available,,,2026-07-20,Live search sorted toward newest results,LinkedIn,B,Recognized job platform,Platform,57,Low,,https://www.linkedin.com/jobs/search/?keywords=Business+Transformation+Manager&sortBy=DD&location=Worldwide+Remote,"Global remote live-search pack. This is a live search link, not one fixed vacancy."
job-00895,Platform-Indexed Vacancy,job,Business Transformation Manager — LinkedIn Live Search,EMEA Remote,EMEA Remote,Live Job Search,Live Job Search,Other Multinational & Enterprise,Remote / Global,EMEA Remote,Live / varies,Possibly Available,,,2026-07-20,Live search sorted toward newest results,LinkedIn,B,Recognized job platform,Platform,57,Low,,https://www.linkedin.com/jobs/search/?keywords=Business+Transformation+Manager&sortBy=DD&location=EMEA+Remote,"Global remote live-search pack. This is a live search link, not one fixed vacancy."
job-00995,Platform-Indexed Vacancy,job,Business Transformation Manager — LinkedIn Live Search,Africa Remote,Africa Remote,Live Job Search,Live Job Search,Other Multinational & Enterprise,Africa,Africa Remote,Live / varies,Possibly Available,,,2026-07-20,Live search sorted toward newest results,LinkedIn,B,Recognized job platform,Platform,57,Low,,https://www.linkedin.com/jobs/search/?keywords=Business+Transformation+Manager&sortBy=DD&location=Africa+Remote,"Global remote live-search pack. This is a live search link, not one fixed vacancy."
job-01095,Platform-Indexed Vacancy,job,Business Transformation Manager — LinkedIn Live Search,Middle East Remote,Middle East Remote,Live Job Search,Live Job Search,Other Multinational & Enterprise,Remote / Global,Middle East Remote,Live / varies,Possibly Available,,,2026-07-20,Live search sorted toward newest results,LinkedIn,B,Recognized job platform,Platform,57,Low,,https://www.linkedin.com/jobs/search/?keywords=Business+Transformation+Manager&sortBy=DD&location=Middle+East+Remote,"Global remote live-search pack. This is a live search link, not one fixed vacancy."
job-00797,Platform-Indexed Vacancy,job,Business Transformation Manager — RemoteOK Live Search,Worldwide Remote,Worldwide Remote,Live Job Search,Live Job Search,Other Multinational & Enterprise,Remote / Global,Worldwide Remote,Live / varies,Possibly Available,,,2026-07-20,Live search sorted toward newest results,RemoteOK,B,Direct organization or specialist source,Direct,57,Low,,https://remoteok.com/remote-business-transformation-manager-jobs,"Global remote live-search pack. This is a live search link, not one fixed vacancy."
job-00897,Platform-Indexed Vacancy,job,Business Transformation Manager — RemoteOK Live Search,EMEA Remote,EMEA Remote,Live Job Search,Live Job Search,Other Multinational & Enterprise,Remote / Global,EMEA Remote,Live / varies,Possibly Available,,,2026-07-20,Live search sorted toward newest results,RemoteOK,B,Direct organization or specialist source,Direct,57,Low,,https://remoteok.com/remote-business-transformation-manager-jobs,"Global remote live-search pack. This is a live search link, not one fixed vacancy."
job-00997,Platform-Indexed Vacancy,job,Business Transformation Manager — RemoteOK Live Search,Africa Remote,Africa Remote,Live Job Search,Live Job Search,Other Multinational & Enterprise,Africa,Africa Remote,Live / varies,Possibly Available,,,2026-07-20,Live search sorted toward newest results,RemoteOK,B,Direct organization or specialist source,Direct,57,Low,,https://remoteok.com/remote-business-transformation-manager-jobs,"Global remote live-search pack. This is a live search link, not one fixed vacancy."
job-01097,Platform-Indexed Vacancy,job,Business Transformation Manager — RemoteOK Live Search,Middle East Remote,Middle East Remote,Live Job Search,Live Job Search,Other Multinational & Enterprise,Remote / Global,Middle East Remote,Live / varies,Possibly Available,,,2026-07-20,Live search sorted toward newest results,RemoteOK,B,Direct organization or specialist source,Direct,57,Low,,https://remoteok.com/remote-business-transformation-manager-jobs,"Global remote live-search pack. This is a live search link, not one fixed vacancy."
job-00798,Platform-Indexed Vacancy,job,Business Transformation Manager — Wellfound Live Search,Worldwide Remote,Worldwide Remote,Live Job Search,Live Job Search,Other Multinational & Enterprise,Remote / Global,Worldwide Remote,Live / varies,Possibly Available,,,2026-07-20,Live search sorted toward newest results,Wellfound,B,Direct organization or specialist source,Direct,57,Low,,https://wellfound.com/jobs?q=Business+Transformation+Manager&remote=True,"Global remote live-search pack. This is a live search link, not one fixed vacancy."
job-00898,Platform-Indexed Vacancy,job,Business Transformation Manager — Wellfound Live Search,EMEA Remote,EMEA Remote,Live Job Search,Live Job Search,Other Multinational & Enterprise,Remote / Global,EMEA Remote,Live / varies,Possibly Available,,,2026-07-20,Live search sorted toward newest results,Wellfound,B,Direct organization or specialist source,Direct,57,Low,,https://wellfound.com/jobs?q=Business+Transformation+Manager&remote=True,"Global remote live-search pack. This is a live search link, not one fixed vacancy."
job-00998,Platform-Indexed Vacancy,job,Business Transformation Manager — Wellfound Live Search,Africa Remote,Africa Remote,Live Job Search,Live Job Search,Other Multinational & Enterprise,Africa,Africa Remote,Live / varies,Possibly Available,,,2026-07-20,Live search sorted toward newest results,Wellfound,B,Direct organization or specialist source,Direct,57,Low,,https://wellfound.com/jobs?q=Business+Transformation+Manager&remote=True,"Global remote live-search pack. This is a live search link, not one fixed vacancy."
job-01098,Platform-Indexed Vacancy,job,Business Transformation Manager — Wellfound Live Search,Middle East Remote,Middle East Remote,Live Job Search,Live Job Search,Other Multinational & Enterprise,Remote / Global,Middle East Remote,Live / varies,Possibly Available,,,2026-07-20,Live search sorted toward newest results,Wellfound,B,Direct organization or specialist source,Direct,57,Low,,https://wellfound.com/jobs?q=Business+Transformation+Manager&remote=True,"Global remote live-search pack. This is a live search link, not one fixed vacancy."
job-00796,Platform-Indexed Vacancy,job,Business Transformation Manager — WeWorkRemotely Live Search,Worldwide Remote,Worldwide Remote,Live Job Search,Live Job Search,Other Multinational & Enterprise,Remote / Global,Worldwide Remote,Live / varies,Possibly Available,,,2026-07-20,Live search sorted toward newest results,WeWorkRemotely,B,Direct organization or specialist source,Direct,57,Low,,https://weworkremotely.com/remote-jobs/search?term=Business+Transformation+Manager,"Global remote live-search pack. This is a live search link, not one fixed vacancy."
job-00896,Platform-Indexed Vacancy,job,Business Transformation Manager — WeWorkRemotely Live Search,EMEA Remote,EMEA Remote,Live Job Search,Live Job Search,Other Multinational & Enterprise,Remote / Global,EMEA Remote,Live / varies,Possibly Available,,,2026-07-20,Live search sorted toward newest results,WeWorkRemotely,B,Direct organization or specialist source,Direct,57,Low,,https://weworkremotely.com/remote-jobs/search?term=Business+Transformation+Manager,"Global remote live-search pack. This is a live search link, not one fixed vacancy."
job-00996,Platform-Indexed Vacancy,job,Business Transformation Manager — WeWorkRemotely Live Search,Africa Remote,Africa Remote,Live Job Search,Live Job Search,Other Multinational & Enterprise,Africa,Africa Remote,Live / varies,Possibly Available,,,2026-07-20,Live search sorted toward newest results,WeWorkRemotely,B,Direct organization or specialist source,Direct,57,Low,,https://weworkremotely.com/remote-jobs/search?term=Business+Transformation+Manager,"Global remote live-search pack. This is a live search link, not one fixed vacancy."
job-01096,Platform-Indexed Vacancy,job,Business Transformation Manager — WeWorkRemotely Live Search,Middle East Remote,Middle East Remote,Live Job Search,Live Job Search,Other Multinational & Enterprise,Remote / Global,Middle East Remote,Live / varies,Possibly Available,,,2026-07-20,Live search sorted toward newest results,WeWorkRemotely,B,Direct organization or specialist source,Direct,57,Low,,https://weworkremotely.com/remote-jobs/search?term=Business+Transformation+Manager,"Global remote live-search pack. This is a live search link, not one fixed vacancy."
search-018172,Live Search,live_search,Chief Information Officer,LinkedIn,LinkedIn,Technology Leadership,Technology Leadership,,Remote / Global,MENA,MENA,Live Search,,,2026-07-20,Live search,LinkedIn,B,Recognized job platform,Platform,57,Low,,https://www.linkedin.com/jobs/search/?keywords=Chief+Information+Officer&location=Worldwide&sortBy=DD,"Direct platform search for Chief Information Officer in MENA. Sort by newest on the platform and verify employer, date, location eligibility and application route."
search-018173,Live Search,live_search,Chief Information Officer,Indeed,Indeed,Technology Leadership,Technology Leadership,,Remote / Global,MENA,MENA,Live Search,,,2026-07-20,Live search,Indeed,B,Recognized job platform,Platform,57,Low,,https://www.indeed.com/jobs?q=Chief+Information+Officer&l=Worldwide&sort=date,"Direct platform search for Chief Information Officer in MENA. Sort by newest on the platform and verify employer, date, location eligibility and application route."
search-018176,Live Search,live_search,Chief Information Officer,Careerjet,Careerjet,Technology Leadership,Technology Leadership,,Remote / Global,MENA,MENA,Live Search,,,2026-07-20,Live search,Careerjet,C,Aggregator,Aggregator,57,Low,,https://www.careerjet.com/search/jobs?s=Chief+Information+Officer&l=Worldwide,"Direct platform search for Chief Information Officer in MENA. Sort by newest on the platform and verify employer, date, location eligibility and application route."
search-018177,Live Search,live_search,Chief Information Officer,Talent.com,Talent.com,Technology Leadership,Technology Leadership,,Remote / Global,MENA,MENA,Live Search,,,2026-07-20,Live search,Talent.com,C,Aggregator,Aggregator,57,Low,,https://www.talent.com/jobs?k=Chief+Information+Officer&l=Worldwide,"Direct platform search for Chief Information Officer in MENA. Sort by newest on the platform and verify employer, date, location eligibility and application route."
search-018178,Live Search,live_search,Chief Information Officer,Adzuna,Adzuna,Technology Leadership,Technology Leadership,,Remote / Global,MENA,MENA,Live Search,,,2026-07-20,Live search,Adzuna,C,Aggregator,Aggregator,57,Low,,https://www.adzuna.com/search?q=Chief+Information+Officer&loc=Worldwide,"Direct platform search for Chief Information Officer in MENA. Sort by newest on the platform and verify employer, date, location eligibility and application route."
search-018180,Live Search,live_search,Chief Information Officer,Remote OK,Remote OK,Technology Leadership,Technology Leadership,,Remote / Global,MENA,MENA,Live Search,,,2026-07-20,Live search,Remote OK,B,Direct organization or specialist source,Direct,57,Low,,https://remoteok.com/remote-chief-information-officer-jobs,"Direct platform search for Chief Information Officer in MENA. Sort by newest on the platform and verify employer, date, location eligibility and application route."
search-018181,Live Search,live_search,Chief Information Officer,We Work Remotely,We Work Remotely,Technology Leadership,Technology Leadership,,Remote / Global,MENA,MENA,Live Search,,,2026-07-20,Live search,We Work Remotely,B,Direct organization or specialist source,Direct,57,Low,,https://weworkremotely.com/remote-jobs/search?term=Chief+Information+Officer,"Direct platform search for Chief Information Officer in MENA. Sort by newest on the platform and verify employer, date, location eligibility and application route."
search-018182,Live Search,live_search,Chief Information Officer,Remotive,Remotive,Technology Leadership,Technology Leadership,,Remote / Global,MENA,MENA,Live Search,,,2026-07-20,Live search,Remotive,B,Direct organization or specialist source,Direct,57,Low,,https://remotive.com/remote-jobs/search?search=Chief+Information+Officer,"Direct platform search for Chief Information Officer in MENA. Sort by newest on the platform and verify employer, date, location eligibility and application route."
search-018183,Live Search,live_search,Chief Information Officer,Remote.co,Remote.co,Technology Leadership,Technology Leadership,,Remote / Global,MENA,MENA,Live Search,,,2026-07-20,Live search,Remote.co,B,Direct organization or specialist source,Direct,57,Low,,https://remote.co/remote-jobs/search/?search_keywords=Chief+Information+Officer,"Direct platform search for Chief Information Officer in MENA. Sort by newest on the platform and verify employer, date, location eligibility and application route."
search-018185,Live Search,live_search,Chief Information Officer,Working Nomads,Working Nomads,Technology Leadership,Technology Leadership,,Remote / Global,MENA,MENA,Live Search,,,2026-07-20,Live search,Working Nomads,B,Direct organization or specialist source,Direct,57,Low,,https://www.workingnomads.com/remote-jobs?search=Chief+Information+Officer,"Direct platform search for Chief Information Officer in MENA. Sort by newest on the platform and verify employer, date, location eligibility and application route."
search-018188,Live Search,live_search,Chief Information Officer,Himalayas,Himalayas,Technology Leadership,Technology Leadership,,Remote / Global,MENA,MENA,Live Search,,,2026-07-20,Live search,Himalayas,B,Direct organization or specialist source,Direct,57,Low,,https://himalayas.app/jobs?search=Chief+Information+Officer,"Direct platform search for Chief Information Officer in MENA. Sort by newest on the platform and verify employer, date, location eligibility and application route."
search-018192,Live Search,live_search,Chief Information Officer,ReliefWeb,ReliefWeb,Technology Leadership,Technology Leadership,,Remote / Global,MENA,MENA,Live Search,,,2026-07-20,Live search,ReliefWeb,A,Official / primary source,Official,57,Low,,https://reliefweb.int/jobs?search=Chief+Information+Officer,"Direct platform search for Chief Information Officer in MENA. Sort by newest on the platform and verify employer, date, location eligibility and application route."
search-018194,Live Search,live_search,Chief Information Officer,UNjobs,UNjobs,Technology Leadership,Technology Leadership,,Remote / Global,MENA,MENA,Live Search,,,2026-07-20,Live search,UNjobs,B,Direct organization or specialist source,Direct,57,Low,,https://unjobs.org/search/Chief%20Information%20Officer,"Direct platform search for Chief Information Officer in MENA. Sort by newest on the platform and verify employer, date, location eligibility and application route."
search-018195,Live Search,live_search,Chief Information Officer,Upwork,Upwork,Technology Leadership,Technology Leadership,,Remote / Global,MENA,MENA,Live Search,,,2026-07-20,Live search,Upwork,B,Direct organization or specialist source,Direct,57,Low,,https://www.upwork.com/nx/search/jobs/?q=Chief+Information+Officer,"Direct project search for Chief Information Officer in MENA. Sort by newest on the platform and verify employer, date, location eligibility and application route."
search-018196,Live Search,live_search,Chief Information Officer,Freelancer,Freelancer,Technology Leadership,Technology Leadership,,Remote / Global,MENA,MENA,Live Search,,,2026-07-20,Live search,Freelancer,B,Direct organization or specialist source,Direct,57,Low,,https://www.freelancer.com/jobs/chief-information-officer/,"Direct project search for Chief Information Officer in MENA. Sort by newest on the platform and verify employer, date, location eligibility and application route."
search-018198,Live Search,live_search,Chief Information Officer,Contra,Contra,Technology Leadership,Technology Leadership,,Remote / Global,MENA,MENA,Live Search,,,2026-07-20,Live search,Contra,B,Direct organization or specialist source,Direct,57,Low,,https://contra.com/opportunities?query=Chief+Information+Officer,"Direct project search for Chief Information Officer in MENA. Sort by newest on the platform and verify employer, date, location eligibility and application route."
search-018199,Live Search,live_search,Chief Technology Officer,LinkedIn,LinkedIn,Technology Leadership,Technology Leadership,,Remote / Global,MENA,MENA,Live Search,,,2026-07-20,Live search,LinkedIn,B,Recognized job platform,Platform,57,Low,,https://www.linkedin.com/jobs/search/?keywords=Chief+Technology+Officer&location=Worldwide&sortBy=DD,"Direct platform search for Chief Technology Officer in MENA. Sort by newest on the platform and verify employer, date, location eligibility and application route."
search-018200,Live Search,live_search,Chief Technology Officer,Indeed,Indeed,Technology Leadership,Technology Leadership,,Remote / Global,MENA,MENA,Live Search,,,2026-07-20,Live search,Indeed,B,Recognized job platform,Platform,57,Low,,https://www.indeed.com/jobs?q=Chief+Technology+Officer&l=Worldwide&sort=date,"Direct platform search for Chief Technology Officer in MENA. Sort by newest on the platform and verify employer, date, location eligibility and application route."
search-018203,Live Search,live_search,Chief Technology Officer,Careerjet,Careerjet,Technology Leadership,Technology Leadership,,Remote / Global,MENA,MENA,Live Search,,,2026-07-20,Live search,Careerjet,C,Aggregator,Aggregator,57,Low,,https://www.careerjet.com/search/jobs?s=Chief+Technology+Officer&l=Worldwide,"Direct platform search for Chief Technology Officer in MENA. Sort by newest on the platform and verify employer, date, location eligibility and application route."
search-018204,Live Search,live_search,Chief Technology Officer,Talent.com,Talent.com,Technology Leadership,Technology Leadership,,Remote / Global,MENA,MENA,Live Search,,,2026-07-20,Live search,Talent.com,C,Aggregator,Aggregator,57,Low,,https://www.talent.com/jobs?k=Chief+Technology+Officer&l=Worldwide,"Direct platform search for Chief Technology Officer in MENA. Sort by newest on the platform and verify employer, date, location eligibility and application route."
search-018205,Live Search,live_search,Chief Technology Officer,Adzuna,Adzuna,Technology Leadership,Technology Leadership,,Remote / Global,MENA,MENA,Live Search,,,2026-07-20,Live search,Adzuna,C,Aggregator,Aggregator,57,Low,,https://www.adzuna.com/search?q=Chief+Technology+Officer&loc=Worldwide,"Direct platform search for Chief Technology Officer in MENA. Sort by newest on the platform and verify employer, date, location eligibility and application route."
search-018207,Live Search,live_search,Chief Technology Officer,Remote OK,Remote OK,Technology Leadership,Technology Leadership,,Remote / Global,MENA,MENA,Live Search,,,2026-07-20,Live search,Remote OK,B,Direct organization or specialist source,Direct,57,Low,,https://remoteok.com/remote-chief-technology-officer-jobs,"Direct platform search for Chief Technology Officer in MENA. Sort by newest on the platform and verify employer, date, location eligibility and application route."
search-018208,Live Search,live_search,Chief Technology Officer,We Work Remotely,We Work Remotely,Technology Leadership,Technology Leadership,,Remote / Global,MENA,MENA,Live Search,,,2026-07-20,Live search,We Work Remotely,B,Direct organization or specialist source,Direct,57,Low,,https://weworkremotely.com/remote-jobs/search?term=Chief+Technology+Officer,"Direct platform search for Chief Technology Officer in MENA. Sort by newest on the platform and verify employer, date, location eligibility and application route."
search-018209,Live Search,live_search,Chief Technology Officer,Remotive,Remotive,Technology Leadership,Technology Leadership,,Remote / Global,MENA,MENA,Live Search,,,2026-07-20,Live search,Remotive,B,Direct organization or specialist source,Direct,57,Low,,https://remotive.com/remote-jobs/search?search=Chief+Technology+Officer,"Direct platform search for Chief Technology Officer in MENA. Sort by newest on the platform and verify employer, date, location eligibility and application route."
search-018210,Live Search,live_search,Chief Technology Officer,Remote.co,Remote.co,Technology Leadership,Technology Leadership,,Remote / Global,MENA,MENA,Live Search,,,2026-07-20,Live search,Remote.co,B,Direct organization or specialist source,Direct,57,Low,,https://remote.co/remote-jobs/search/?search_keywords=Chief+Technology+Officer,"Direct platform search for Chief Technology Officer in MENA. Sort by newest on the platform and verify employer, date, location eligibility and application route."
search-018212,Live Search,live_search,Chief Technology Officer,Working Nomads,Working Nomads,Technology Leadership,Technology Leadership,,Remote / Global,MENA,MENA,Live Search,,,2026-07-20,Live search,Working Nomads,B,Direct organization or specialist source,Direct,57,Low,,https://www.workingnomads.com/remote-jobs?search=Chief+Technology+Officer,"Direct platform search for Chief Technology Officer in MENA. Sort by newest on the platform and verify employer, date, location eligibility and application route."
search-018215,Live Search,live_search,Chief Technology Officer,Himalayas,Himalayas,Technology Leadership,Technology Leadership,,Remote / Global,MENA,MENA,Live Search,,,2026-07-20,Live search,Himalayas,B,Direct organization or specialist source,Direct,57,Low,,https://himalayas.app/jobs?search=Chief+Technology+Officer,"Direct platform search for Chief Technology Officer in MENA. Sort by newest on the platform and verify employer, date, location eligibility and application route."
search-018219,Live Search,live_search,Chief Technology Officer,ReliefWeb,ReliefWeb,Technology Leadership,Technology Leadership,,Remote / Global,MENA,MENA,Live Search,,,2026-07-20,Live search,ReliefWeb,A,Official / primary source,Official,57,Low,,https://reliefweb.int/jobs?search=Chief+Technology+Officer,"Direct platform search for Chief Technology Officer in MENA. Sort by newest on the platform and verify employer, date, location eligibility and application route."
search-018221,Live Search,live_search,Chief Technology Officer,UNjobs,UNjobs,Technology Leadership,Technology Leadership,,Remote / Global,MENA,MENA,Live Search,,,2026-07-20,Live search,UNjobs,B,Direct organization or specialist source,Direct,57,Low,,https://unjobs.org/search/Chief%20Technology%20Officer,"Direct platform search for Chief Technology Officer in MENA. Sort by newest on the platform and verify employer, date, location eligibility and application route."
search-018222,Live Search,live_search,Chief Technology Officer,Upwork,Upwork,Technology Leadership,Technology Leadership,,Remote / Global,MENA,MENA,Live Search,,,2026-07-20,Live search,Upwork,B,Direct organization or specialist source,Direct,57,Low,,https://www.upwork.com/nx/search/jobs/?q=Chief+Technology+Officer,"Direct project search for Chief Technology Officer in MENA. Sort by newest on the platform and verify employer, date, location eligibility and application route."
search-018223,Live Search,live_search,Chief Technology Officer,Freelancer,Freelancer,Technology Leadership,Technology Leadership,,Remote / Global,MENA,MENA,Live Search,,,2026-07-20,Live search,Freelancer,B,Direct organization or specialist source,Direct,57,Low,,https://www.freelancer.com/jobs/chief-technology-officer/,"Direct project search for Chief Technology Officer in MENA. Sort by newest on the platform and verify employer, date, location eligibility and application route."
search-018225,Live Search,live_search,Chief Technology Officer,Contra,Contra,Technology Leadership,Technology Leadership,,Remote / Global,MENA,MENA,Live Search,,,2026-07-20,Live search,Contra,B,Direct organization or specialist source,Direct,57,Low,,https://contra.com/opportunities?query=Chief+Technology+Officer,"Direct project search for Chief Technology Officer in MENA. Sort by newest on the platform and verify employer, date, location eligibility and application route."
job-00787,Platform-Indexed Vacancy,job,Cybersecurity Manager — LinkedIn Live Search,Worldwide Remote,Worldwide Remote,Live Job Search,Live Job Search,Technology & Consulting,Remote / Global,Worldwide Remote,Live / varies,Possibly Available,,,2026-07-20,Live search sorted toward newest results,LinkedIn,B,Recognized job platform,Platform,57,Low,,https://www.linkedin.com/jobs/search/?keywords=Cybersecurity+Manager&sortBy=DD&location=Worldwide+Remote,"Global remote live-search pack. This is a live search link, not one fixed vacancy."
job-00887,Platform-Indexed Vacancy,job,Cybersecurity Manager — LinkedIn Live Search,EMEA Remote,EMEA Remote,Live Job Search,Live Job Search,Technology & Consulting,Remote / Global,EMEA Remote,Live / varies,Possibly Available,,,2026-07-20,Live search sorted toward newest results,LinkedIn,B,Recognized job platform,Platform,57,Low,,https://www.linkedin.com/jobs/search/?keywords=Cybersecurity+Manager&sortBy=DD&location=EMEA+Remote,"Global remote live-search pack. This is a live search link, not one fixed vacancy."
job-00987,Platform-Indexed Vacancy,job,Cybersecurity Manager — LinkedIn Live Search,Africa Remote,Africa Remote,Live Job Search,Live Job Search,Technology & Consulting,Africa,Africa Remote,Live / varies,Possibly Available,,,2026-07-20,Live search sorted toward newest results,LinkedIn,B,Recognized job platform,Platform,57,Low,,https://www.linkedin.com/jobs/search/?keywords=Cybersecurity+Manager&sortBy=DD&location=Africa+Remote,"Global remote live-search pack. This is a live search link, not one fixed vacancy."
job-01087,Platform-Indexed Vacancy,job,Cybersecurity Manager — LinkedIn Live Search,Middle East Remote,Middle East Remote,Live Job Search,Live Job Search,Technology & Consulting,Remote / Global,Middle East Remote,Live / varies,Possibly Available,,,2026-07-20,Live search sorted toward newest results,LinkedIn,B,Recognized job platform,Platform,57,Low,,https://www.linkedin.com/jobs/search/?keywords=Cybersecurity+Manager&sortBy=DD&location=Middle+East+Remote,"Global remote live-search pack. This is a live search link, not one fixed vacancy."
job-00789,Platform-Indexed Vacancy,job,Cybersecurity Manager — RemoteOK Live Search,Worldwide Remote,Worldwide Remote,Live Job Search,Live Job Search,Technology & Consulting,Remote / Global,Worldwide Remote,Live / varies,Possibly Available,,,2026-07-20,Live search sorted toward newest results,RemoteOK,B,Direct organization or specialist source,Direct,57,Low,,https://remoteok.com/remote-cybersecurity-manager-jobs,"Global remote live-search pack. This is a live search link, not one fixed vacancy."
job-00889,Platform-Indexed Vacancy,job,Cybersecurity Manager — RemoteOK Live Search,EMEA Remote,EMEA Remote,Live Job Search,Live Job Search,Technology & Consulting,Remote / Global,EMEA Remote,Live / varies,Possibly Available,,,2026-07-20,Live search sorted toward newest results,RemoteOK,B,Direct organization or specialist source,Direct,57,Low,,https://remoteok.com/remote-cybersecurity-manager-jobs,"Global remote live-search pack. This is a live search link, not one fixed vacancy."
job-00989,Platform-Indexed Vacancy,job,Cybersecurity Manager — RemoteOK Live Search,Africa Remote,Africa Remote,Live Job Search,Live Job Search,Technology & Consulting,Africa,Africa Remote,Live / varies,Possibly Available,,,2026-07-20,Live search sorted toward newest results,RemoteOK,B,Direct organization or specialist source,Direct,57,Low,,https://remoteok.com/remote-cybersecurity-manager-jobs,"Global remote live-search pack. This is a live search link, not one fixed vacancy."
job-01089,Platform-Indexed Vacancy,job,Cybersecurity Manager — RemoteOK Live Search,Middle East Remote,Middle East Remote,Live Job Search,Live Job Search,Technology & Consulting,Remote / Global,Middle East Remote,Live / varies,Possibly Available,,,2026-07-20,Live search sorted toward newest results,RemoteOK,B,Direct organization or specialist source,Direct,57,Low,,https://remoteok.com/remote-cybersecurity-manager-jobs,"Global remote live-search pack. This is a live search link, not one fixed vacancy."
job-00790,Platform-Indexed Vacancy,job,Cybersecurity Manager — Wellfound Live Search,Worldwide Remote,Worldwide Remote,Live Job Search,Live Job Search,Technology & Consulting,Remote / Global,Worldwide Remote,Live / varies,Possibly Available,,,2026-07-20,Live search sorted toward newest results,Wellfound,B,Direct organization or specialist source,Direct,57,Low,,https://wellfound.com/jobs?q=Cybersecurity+Manager&remote=True,"Global remote live-search pack. This is a live search link, not one fixed vacancy."
job-00890,Platform-Indexed Vacancy,job,Cybersecurity Manager — Wellfound Live Search,EMEA Remote,EMEA Remote,Live Job Search,Live Job Search,Technology & Consulting,Remote / Global,EMEA Remote,Live / varies,Possibly Available,,,2026-07-20,Live search sorted toward newest results,Wellfound,B,Direct organization or specialist source,Direct,57,Low,,https://wellfound.com/jobs?q=Cybersecurity+Manager&remote=True,"Global remote live-search pack. This is a live search link, not one fixed vacancy."
job-00990,Platform-Indexed Vacancy,job,Cybersecurity Manager — Wellfound Live Search,Africa Remote,Africa Remote,Live Job Search,Live Job Search,Technology & Consulting,Africa,Africa Remote,Live / varies,Possibly Available,,,2026-07-20,Live search sorted toward newest results,Wellfound,B,Direct organization or specialist source,Direct,57,Low,,https://wellfound.com/jobs?q=Cybersecurity+Manager&remote=True,"Global remote live-search pack. This is a live search link, not one fixed vacancy."
job-01090,Platform-Indexed Vacancy,job,Cybersecurity Manager — Wellfound Live Search,Middle East Remote,Middle East Remote,Live Job Search,Live Job Search,Technology & Consulting,Remote / Global,Middle East Remote,Live / varies,Possibly Available,,,2026-07-20,Live search sorted toward newest results,Wellfound,B,Direct organization or specialist source,Direct,57,Low,,https://wellfound.com/jobs?q=Cybersecurity+Manager&remote=True,"Global remote live-search pack. This is a live search link, not one fixed vacancy."
job-00788,Platform-Indexed Vacancy,job,Cybersecurity Manager — WeWorkRemotely Live Search,Worldwide Remote,Worldwide Remote,Live Job Search,Live Job Search,Technology & Consulting,Remote / Global,Worldwide Remote,Live / varies,Possibly Available,,,2026-07-20,Live search sorted toward newest results,WeWorkRemotely,B,Direct organization or specialist source,Direct,57,Low,,https://weworkremotely.com/remote-jobs/search?term=Cybersecurity+Manager,"Global remote live-search pack. This is a live search link, not one fixed vacancy."
job-00888,Platform-Indexed Vacancy,job,Cybersecurity Manager — WeWorkRemotely Live Search,EMEA Remote,EMEA Remote,Live Job Search,Live Job Search,Technology & Consulting,Remote / Global,EMEA Remote,Live / varies,Possibly Available,,,2026-07-20,Live search sorted toward newest results,WeWorkRemotely,B,Direct organization or specialist source,Direct,57,Low,,https://weworkremotely.com/remote-jobs/search?term=Cybersecurity+Manager,"Global remote live-search pack. This is a live search link, not one fixed vacancy."
job-00988,Platform-Indexed Vacancy,job,Cybersecurity Manager — WeWorkRemotely Live Search,Africa Remote,Africa Remote,Live Job Search,Live Job Search,Technology & Consulting,Africa,Africa Remote,Live / varies,Possibly Available,,,2026-07-20,Live search sorted toward newest results,WeWorkRemotely,B,Direct organization or specialist source,Direct,57,Low,,https://weworkremotely.com/remote-jobs/search?term=Cybersecurity+Manager,"Global remote live-search pack. This is a live search link, not one fixed vacancy."
job-01088,Platform-Indexed Vacancy,job,Cybersecurity Manager — WeWorkRemotely Live Search,Middle East Remote,Middle East Remote,Live Job Search,Live Job Search,Technology & Consulting,Remote / Global,Middle East Remote,Live / varies,Possibly Available,,,2026-07-20,Live search sorted toward newest results,WeWorkRemotely,B,Direct organization or specialist source,Direct,57,Low,,https://weworkremotely.com/remote-jobs/search?term=Cybersecurity+Manager,"Global remote live-search pack. This is a live search link, not one fixed vacancy."
job-00759,Platform-Indexed Vacancy,job,Digital Health — LinkedIn Live Search,Worldwide Remote,Worldwide Remote,Live Job Search,Live Job Search,Healthcare & Life Sciences,Remote / Global,Worldwide Remote,Live / varies,Possibly Available,,,2026-07-20,Live search sorted toward newest results,LinkedIn,B,Recognized job platform,Platform,57,Low,,https://www.linkedin.com/jobs/search/?keywords=Digital+Health&sortBy=DD&location=Worldwide+Remote,"Global remote live-search pack. This is a live search link, not one fixed vacancy."
job-00859,Platform-Indexed Vacancy,job,Digital Health — LinkedIn Live Search,EMEA Remote,EMEA Remote,Live Job Search,Live Job Search,Healthcare & Life Sciences,Remote / Global,EMEA Remote,Live / varies,Possibly Available,,,2026-07-20,Live search sorted toward newest results,LinkedIn,B,Recognized job platform,Platform,57,Low,,https://www.linkedin.com/jobs/search/?keywords=Digital+Health&sortBy=DD&location=EMEA+Remote,"Global remote live-search pack. This is a live search link, not one fixed vacancy."
job-00959,Platform-Indexed Vacancy,job,Digital Health — LinkedIn Live Search,Africa Remote,Africa Remote,Live Job Search,Live Job Search,Healthcare & Life Sciences,Africa,Africa Remote,Live / varies,Possibly Available,,,2026-07-20,Live search sorted toward newest results,LinkedIn,B,Recognized job platform,Platform,57,Low,,https://www.linkedin.com/jobs/search/?keywords=Digital+Health&sortBy=DD&location=Africa+Remote,"Global remote live-search pack. This is a live search link, not one fixed vacancy."
job-01059,Platform-Indexed Vacancy,job,Digital Health — LinkedIn Live Search,Middle East Remote,Middle East Remote,Live Job Search,Live Job Search,Healthcare & Life Sciences,Remote / Global,Middle East Remote,Live / varies,Possibly Available,,,2026-07-20,Live search sorted toward newest results,LinkedIn,B,Recognized job platform,Platform,57,Low,,https://www.linkedin.com/jobs/search/?keywords=Digital+Health&sortBy=DD&location=Middle+East+Remote,"Global remote live-search pack. This is a live search link, not one fixed vacancy."
job-00761,Platform-Indexed Vacancy,job,Digital Health — RemoteOK Live Search,Worldwide Remote,Worldwide Remote,Live Job Search,Live Job Search,Healthcare & Life Sciences,Remote / Global,Worldwide Remote,Live / varies,Possibly Available,,,2026-07-20,Live search sorted toward newest results,RemoteOK,B,Direct organization or specialist source,Direct,57,Low,,https://remoteok.com/remote-digital-health-jobs,"Global remote live-search pack. This is a live search link, not one fixed vacancy."
job-00861,Platform-Indexed Vacancy,job,Digital Health — RemoteOK Live Search,EMEA Remote,EMEA Remote,Live Job Search,Live Job Search,Healthcare & Life Sciences,Remote / Global,EMEA Remote,Live / varies,Possibly Available,,,2026-07-20,Live search sorted toward newest results,RemoteOK,B,Direct organization or specialist source,Direct,57,Low,,https://remoteok.com/remote-digital-health-jobs,"Global remote live-search pack. This is a live search link, not one fixed vacancy."
job-00961,Platform-Indexed Vacancy,job,Digital Health — RemoteOK Live Search,Africa Remote,Africa Remote,Live Job Search,Live Job Search,Healthcare & Life Sciences,Africa,Africa Remote,Live / varies,Possibly Available,,,2026-07-20,Live search sorted toward newest results,RemoteOK,B,Direct organization or specialist source,Direct,57,Low,,https://remoteok.com/remote-digital-health-jobs,"Global remote live-search pack. This is a live search link, not one fixed vacancy."
job-01061,Platform-Indexed Vacancy,job,Digital Health — RemoteOK Live Search,Middle East Remote,Middle East Remote,Live Job Search,Live Job Search,Healthcare & Life Sciences,Remote / Global,Middle East Remote,Live / varies,Possibly Available,,,2026-07-20,Live search sorted toward newest results,RemoteOK,B,Direct organization or specialist source,Direct,57,Low,,https://remoteok.com/remote-digital-health-jobs,"Global remote live-search pack. This is a live search link, not one fixed vacancy."
job-00762,Platform-Indexed Vacancy,job,Digital Health — Wellfound Live Search,Worldwide Remote,Worldwide Remote,Live Job Search,Live Job Search,Healthcare & Life Sciences,Remote / Global,Worldwide Remote,Live / varies,Possibly Available,,,2026-07-20,Live search sorted toward newest results,Wellfound,B,Direct organization or specialist source,Direct,57,Low,,https://wellfound.com/jobs?q=Digital+Health&remote=True,"Global remote live-search pack. This is a live search link, not one fixed vacancy."
job-00862,Platform-Indexed Vacancy,job,Digital Health — Wellfound Live Search,EMEA Remote,EMEA Remote,Live Job Search,Live Job Search,Healthcare & Life Sciences,Remote / Global,EMEA Remote,Live / varies,Possibly Available,,,2026-07-20,Live search sorted toward newest results,Wellfound,B,Direct organization or specialist source,Direct,57,Low,,https://wellfound.com/jobs?q=Digital+Health&remote=True,"Global remote live-search pack. This is a live search link, not one fixed vacancy."
job-00962,Platform-Indexed Vacancy,job,Digital Health — Wellfound Live Search,Africa Remote,Africa Remote,Live Job Search,Live Job Search,Healthcare & Life Sciences,Africa,Africa Remote,Live / varies,Possibly Available,,,2026-07-20,Live search sorted toward newest results,Wellfound,B,Direct organization or specialist source,Direct,57,Low,,https://wellfound.com/jobs?q=Digital+Health&remote=True,"Global remote live-search pack. This is a live search link, not one fixed vacancy."
job-01062,Platform-Indexed Vacancy,job,Digital Health — Wellfound Live Search,Middle East Remote,Middle East Remote,Live Job Search,Live Job Search,Healthcare & Life Sciences,Remote / Global,Middle East Remote,Live / varies,Possibly Available,,,2026-07-20,Live search sorted toward newest results,Wellfound,B,Direct organization or specialist source,Direct,57,Low,,https://wellfound.com/jobs?q=Digital+Health&remote=True,"Global remote live-search pack. This is a live search link, not one fixed vacancy."
job-00760,Platform-Indexed Vacancy,job,Digital Health — WeWorkRemotely Live Search,Worldwide Remote,Worldwide Remote,Live Job Search,Live Job Search,Healthcare & Life Sciences,Remote / Global,Worldwide Remote,Live / varies,Possibly Available,,,2026-07-20,Live search sorted toward newest results,WeWorkRemotely,B,Direct organization or specialist source,Direct,57,Low,,https://weworkremotely.com/remote-jobs/search?term=Digital+Health,"Global remote live-search pack. This is a live search link, not one fixed vacancy."
job-00860,Platform-Indexed Vacancy,job,Digital Health — WeWorkRemotely Live Search,EMEA Remote,EMEA Remote,Live Job Search,Live Job Search,Healthcare & Life Sciences,Remote / Global,EMEA Remote,Live / varies,Possibly Available,,,2026-07-20,Live search sorted toward newest results,WeWorkRemotely,B,Direct organization or specialist source,Direct,57,Low,,https://weworkremotely.com/remote-jobs/search?term=Digital+Health,"Global remote live-search pack. This is a live search link, not one fixed vacancy."
job-00960,Platform-Indexed Vacancy,job,Digital Health — WeWorkRemotely Live Search,Africa Remote,Africa Remote,Live Job Search,Live Job Search,Healthcare & Life Sciences,Africa,Africa Remote,Live / varies,Possibly Available,,,2026-07-20,Live search sorted toward newest results,WeWorkRemotely,B,Direct organization or specialist source,Direct,57,Low,,https://weworkremotely.com/remote-jobs/search?term=Digital+Health,"Global remote live-search pack. This is a live search link, not one fixed vacancy."
job-01060,Platform-Indexed Vacancy,job,Digital Health — WeWorkRemotely Live Search,Middle East Remote,Middle East Remote,Live Job Search,Live Job Search,Healthcare & Life Sciences,Remote / Global,Middle East Remote,Live / varies,Possibly Available,,,2026-07-20,Live search sorted toward newest results,WeWorkRemotely,B,Direct organization or specialist source,Direct,57,Low,,https://weworkremotely.com/remote-jobs/search?term=Digital+Health,"Global remote live-search pack. This is a live search link, not one fixed vacancy."
search-019009,Live Search,live_search,Digital Product Manager,LinkedIn,LinkedIn,Digital Product,Digital Product,,Remote / Global,MENA,MENA,Live Search,,,2026-07-20,Live search,LinkedIn,B,Recognized job platform,Platform,57,Low,,https://www.linkedin.com/jobs/search/?keywords=Digital+Product+Manager&location=Worldwide&sortBy=DD,"Direct platform search for Digital Product Manager in MENA. Sort by newest on the platform and verify employer, date, location eligibility and application route."
search-019010,Live Search,live_search,Digital Product Manager,Indeed,Indeed,Digital Product,Digital Product,,Remote / Global,MENA,MENA,Live Search,,,2026-07-20,Live search,Indeed,B,Recognized job platform,Platform,57,Low,,https://www.indeed.com/jobs?q=Digital+Product+Manager&l=Worldwide&sort=date,"Direct platform search for Digital Product Manager in MENA. Sort by newest on the platform and verify employer, date, location eligibility and application route."
search-019013,Live Search,live_search,Digital Product Manager,Careerjet,Careerjet,Digital Product,Digital Product,,Remote / Global,MENA,MENA,Live Search,,,2026-07-20,Live search,Careerjet,C,Aggregator,Aggregator,57,Low,,https://www.careerjet.com/search/jobs?s=Digital+Product+Manager&l=Worldwide,"Direct platform search for Digital Product Manager in MENA. Sort by newest on the platform and verify employer, date, location eligibility and application route."
search-019014,Live Search,live_search,Digital Product Manager,Talent.com,Talent.com,Digital Product,Digital Product,,Remote / Global,MENA,MENA,Live Search,,,2026-07-20,Live search,Talent.com,C,Aggregator,Aggregator,57,Low,,https://www.talent.com/jobs?k=Digital+Product+Manager&l=Worldwide,"Direct platform search for Digital Product Manager in MENA. Sort by newest on the platform and verify employer, date, location eligibility and application route."
search-019015,Live Search,live_search,Digital Product Manager,Adzuna,Adzuna,Digital Product,Digital Product,,Remote / Global,MENA,MENA,Live Search,,,2026-07-20,Live search,Adzuna,C,Aggregator,Aggregator,57,Low,,https://www.adzuna.com/search?q=Digital+Product+Manager&loc=Worldwide,"Direct platform search for Digital Product Manager in MENA. Sort by newest on the platform and verify employer, date, location eligibility and application route."
search-019017,Live Search,live_search,Digital Product Manager,Remote OK,Remote OK,Digital Product,Digital Product,,Remote / Global,MENA,MENA,Live Search,,,2026-07-20,Live search,Remote OK,B,Direct organization or specialist source,Direct,57,Low,,https://remoteok.com/remote-digital-product-manager-jobs,"Direct platform search for Digital Product Manager in MENA. Sort by newest on the platform and verify employer, date, location eligibility and application route."
search-019018,Live Search,live_search,Digital Product Manager,We Work Remotely,We Work Remotely,Digital Product,Digital Product,,Remote / Global,MENA,MENA,Live Search,,,2026-07-20,Live search,We Work Remotely,B,Direct organization or specialist source,Direct,57,Low,,https://weworkremotely.com/remote-jobs/search?term=Digital+Product+Manager,"Direct platform search for Digital Product Manager in MENA. Sort by newest on the platform and verify employer, date, location eligibility and application route."
search-019019,Live Search,live_search,Digital Product Manager,Remotive,Remotive,Digital Product,Digital Product,,Remote / Global,MENA,MENA,Live Search,,,2026-07-20,Live search,Remotive,B,Direct organization or specialist source,Direct,57,Low,,https://remotive.com/remote-jobs/search?search=Digital+Product+Manager,"Direct platform search for Digital Product Manager in MENA. Sort by newest on the platform and verify employer, date, location eligibility and application route."
search-019020,Live Search,live_search,Digital Product Manager,Remote.co,Remote.co,Digital Product,Digital Product,,Remote / Global,MENA,MENA,Live Search,,,2026-07-20,Live search,Remote.co,B,Direct organization or specialist source,Direct,57,Low,,https://remote.co/remote-jobs/search/?search_keywords=Digital+Product+Manager,"Direct platform search for Digital Product Manager in MENA. Sort by newest on the platform and verify employer, date, location eligibility and application route."
search-019022,Live Search,live_search,Digital Product Manager,Working Nomads,Working Nomads,Digital Product,Digital Product,,Remote / Global,MENA,MENA,Live Search,,,2026-07-20,Live search,Working Nomads,B,Direct organization or specialist source,Direct,57,Low,,https://www.workingnomads.com/remote-jobs?search=Digital+Product+Manager,"Direct platform search for Digital Product Manager in MENA. Sort by newest on the platform and verify employer, date, location eligibility and application route."
search-019025,Live Search,live_search,Digital Product Manager,Himalayas,Himalayas,Digital Product,Digital Product,,Remote / Global,MENA,MENA,Live Search,,,2026-07-20,Live search,Himalayas,B,Direct organization or specialist source,Direct,57,Low,,https://himalayas.app/jobs?search=Digital+Product+Manager,"Direct platform search for Digital Product Manager in MENA. Sort by newest on the platform and verify employer, date, location eligibility and application route."
search-019029,Live Search,live_search,Digital Product Manager,ReliefWeb,ReliefWeb,Digital Product,Digital Product,,Remote / Global,MENA,MENA,Live Search,,,2026-07-20,Live search,ReliefWeb,A,Official / primary source,Official,57,Low,,https://reliefweb.int/jobs?search=Digital+Product+Manager,"Direct platform search for Digital Product Manager in MENA. Sort by newest on the platform and verify employer, date, location eligibility and application route."
search-019031,Live Search,live_search,Digital Product Manager,UNjobs,UNjobs,Digital Product,Digital Product,,Remote / Global,MENA,MENA,Live Search,,,2026-07-20,Live search,UNjobs,B,Direct organization or specialist source,Direct,57,Low,,https://unjobs.org/search/Digital%20Product%20Manager,"Direct platform search for Digital Product Manager in MENA. Sort by newest on the platform and verify employer, date, location eligibility and application route."
search-019032,Live Search,live_search,Digital Product Manager,Upwork,Upwork,Digital Product,Digital Product,,Remote / Global,MENA,MENA,Live Search,,,2026-07-20,Live search,Upwork,B,Direct organization or specialist source,Direct,57,Low,,https://www.upwork.com/nx/search/jobs/?q=Digital+Product+Manager,"Direct project search for Digital Product Manager in MENA. Sort by newest on the platform and verify employer, date, location eligibility and application route."
search-019033,Live Search,live_search,Digital Product Manager,Freelancer,Freelancer,Digital Product,Digital Product,,Remote / Global,MENA,MENA,Live Search,,,2026-07-20,Live search,Freelancer,B,Direct organization or specialist source,Direct,57,Low,,https://www.freelancer.com/jobs/digital-product-manager/,"Direct project search for Digital Product Manager in MENA. Sort by newest on the platform and verify employer, date, location eligibility and application route."
search-019035,Live Search,live_search,Digital Product Manager,Contra,Contra,Digital Product,Digital Product,,Remote / Global,MENA,MENA,Live Search,,,2026-07-20,Live search,Contra,B,Direct organization or specialist source,Direct,57,Low,,https://contra.com/opportunities?query=Digital+Product+Manager,"Direct project search for Digital Product Manager in MENA. Sort by newest on the platform and verify employer, date, location eligibility and application route."
job-00727,Platform-Indexed Vacancy,job,Head of Technology — LinkedIn Live Search,Worldwide Remote,Worldwide Remote,Live Job Search,Live Job Search,Technology & Consulting,Remote / Global,Worldwide Remote,Live / varies,Possibly Available,,,2026-07-20,Live search sorted toward newest results,LinkedIn,B,Recognized job platform,Platform,57,Low,,https://www.linkedin.com/jobs/search/?keywords=Head+of+Technology&sortBy=DD&location=Worldwide+Remote,"Global remote live-search pack. This is a live search link, not one fixed vacancy."
job-00827,Platform-Indexed Vacancy,job,Head of Technology — LinkedIn Live Search,EMEA Remote,EMEA Remote,Live Job Search,Live Job Search,Technology & Consulting,Remote / Global,EMEA Remote,Live / varies,Possibly Available,,,2026-07-20,Live search sorted toward newest results,LinkedIn,B,Recognized job platform,Platform,57,Low,,https://www.linkedin.com/jobs/search/?keywords=Head+of+Technology&sortBy=DD&location=EMEA+Remote,"Global remote live-search pack. This is a live search link, not one fixed vacancy."
job-00927,Platform-Indexed Vacancy,job,Head of Technology — LinkedIn Live Search,Africa Remote,Africa Remote,Live Job Search,Live Job Search,Technology & Consulting,Africa,Africa Remote,Live / varies,Possibly Available,,,2026-07-20,Live search sorted toward newest results,LinkedIn,B,Recognized job platform,Platform,57,Low,,https://www.linkedin.com/jobs/search/?keywords=Head+of+Technology&sortBy=DD&location=Africa+Remote,"Global remote live-search pack. This is a live search link, not one fixed vacancy."
job-01027,Platform-Indexed Vacancy,job,Head of Technology — LinkedIn Live Search,Middle East Remote,Middle East Remote,Live Job Search,Live Job Search,Technology & Consulting,Remote / Global,Middle East Remote,Live / varies,Possibly Available,,,2026-07-20,Live search sorted toward newest results,LinkedIn,B,Recognized job platform,Platform,57,Low,,https://www.linkedin.com/jobs/search/?keywords=Head+of+Technology&sortBy=DD&location=Middle+East+Remote,"Global remote live-search pack. This is a live search link, not one fixed vacancy."
job-00729,Platform-Indexed Vacancy,job,Head of Technology — RemoteOK Live Search,Worldwide Remote,Worldwide Remote,Live Job Search,Live Job Search,Technology & Consulting,Remote / Global,Worldwide Remote,Live / varies,Possibly Available,,,2026-07-20,Live search sorted toward newest results,RemoteOK,B,Direct organization or specialist source,Direct,57,Low,,https://remoteok.com/remote-head-of-technology-jobs,"Global remote live-search pack. This is a live search link, not one fixed vacancy."
job-00829,Platform-Indexed Vacancy,job,Head of Technology — RemoteOK Live Search,EMEA Remote,EMEA Remote,Live Job Search,Live Job Search,Technology & Consulting,Remote / Global,EMEA Remote,Live / varies,Possibly Available,,,2026-07-20,Live search sorted toward newest results,RemoteOK,B,Direct organization or specialist source,Direct,57,Low,,https://remoteok.com/remote-head-of-technology-jobs,"Global remote live-search pack. This is a live search link, not one fixed vacancy."
job-00929,Platform-Indexed Vacancy,job,Head of Technology — RemoteOK Live Search,Africa Remote,Africa Remote,Live Job Search,Live Job Search,Technology & Consulting,Africa,Africa Remote,Live / varies,Possibly Available,,,2026-07-20,Live search sorted toward newest results,RemoteOK,B,Direct organization or specialist source,Direct,57,Low,,https://remoteok.com/remote-head-of-technology-jobs,"Global remote live-search pack. This is a live search link, not one fixed vacancy."
job-01029,Platform-Indexed Vacancy,job,Head of Technology — RemoteOK Live Search,Middle East Remote,Middle East Remote,Live Job Search,Live Job Search,Technology & Consulting,Remote / Global,Middle East Remote,Live / varies,Possibly Available,,,2026-07-20,Live search sorted toward newest results,RemoteOK,B,Direct organization or specialist source,Direct,57,Low,,https://remoteok.com/remote-head-of-technology-jobs,"Global remote live-search pack. This is a live search link, not one fixed vacancy."
job-00730,Platform-Indexed Vacancy,job,Head of Technology — Wellfound Live Search,Worldwide Remote,Worldwide Remote,Live Job Search,Live Job Search,Technology & Consulting,Remote / Global,Worldwide Remote,Live / varies,Possibly Available,,,2026-07-20,Live search sorted toward newest results,Wellfound,B,Direct organization or specialist source,Direct,57,Low,,https://wellfound.com/jobs?q=Head+of+Technology&remote=True,"Global remote live-search pack. This is a live search link, not one fixed vacancy."
job-00830,Platform-Indexed Vacancy,job,Head of Technology — Wellfound Live Search,EMEA Remote,EMEA Remote,Live Job Search,Live Job Search,Technology & Consulting,Remote / Global,EMEA Remote,Live / varies,Possibly Available,,,2026-07-20,Live search sorted toward newest results,Wellfound,B,Direct organization or specialist source,Direct,57,Low,,https://wellfound.com/jobs?q=Head+of+Technology&remote=True,"Global remote live-search pack. This is a live search link, not one fixed vacancy."
job-00930,Platform-Indexed Vacancy,job,Head of Technology — Wellfound Live Search,Africa Remote,Africa Remote,Live Job Search,Live Job Search,Technology & Consulting,Africa,Africa Remote,Live / varies,Possibly Available,,,2026-07-20,Live search sorted toward newest results,Wellfound,B,Direct organization or specialist source,Direct,57,Low,,https://wellfound.com/jobs?q=Head+of+Technology&remote=True,"Global remote live-search pack. This is a live search link, not one fixed vacancy."
job-01030,Platform-Indexed Vacancy,job,Head of Technology — Wellfound Live Search,Middle East Remote,Middle East Remote,Live Job Search,Live Job Search,Technology & Consulting,Remote / Global,Middle East Remote,Live / varies,Possibly Available,,,2026-07-20,Live search sorted toward newest results,Wellfound,B,Direct organization or specialist source,Direct,57,Low,,https://wellfound.com/jobs?q=Head+of+Technology&remote=True,"Global remote live-search pack. This is a live search link, not one fixed vacancy."
job-00728,Platform-Indexed Vacancy,job,Head of Technology — WeWorkRemotely Live Search,Worldwide Remote,Worldwide Remote,Live Job Search,Live Job Search,Technology & Consulting,Remote / Global,Worldwide Remote,Live / varies,Possibly Available,,,2026-07-20,Live search sorted toward newest results,WeWorkRemotely,B,Direct organization or specialist source,Direct,57,Low,,https://weworkremotely.com/remote-jobs/search?term=Head+of+Technology,"Global remote live-search pack. This is a live search link, not one fixed vacancy."
job-00828,Platform-Indexed Vacancy,job,Head of Technology — WeWorkRemotely Live Search,EMEA Remote,EMEA Remote,Live Job Search,Live Job Search,Technology & Consulting,Remote / Global,EMEA Remote,Live / varies,Possibly Available,,,2026-07-20,Live search sorted toward newest results,WeWorkRemotely,B,Direct organization or specialist source,Direct,57,Low,,https://weworkremotely.com/remote-jobs/search?term=Head+of+Technology,"Global remote live-search pack. This is a live search link, not one fixed vacancy."
job-00928,Platform-Indexed Vacancy,job,Head of Technology — WeWorkRemotely Live Search,Africa Remote,Africa Remote,Live Job Search,Live Job Search,Technology & Consulting,Africa,Africa Remote,Live / varies,Possibly Available,,,2026-07-20,Live search sorted toward newest results,WeWorkRemotely,B,Direct organization or specialist source,Direct,57,Low,,https://weworkremotely.com/remote-jobs/search?term=Head+of+Technology,"Global remote live-search pack. This is a live search link, not one fixed vacancy."
job-01028,Platform-Indexed Vacancy,job,Head of Technology — WeWorkRemotely Live Search,Middle East Remote,Middle East Remote,Live Job Search,Live Job Search,Technology & Consulting,Remote / Global,Middle East Remote,Live / varies,Possibly Available,,,2026-07-20,Live search sorted toward newest results,WeWorkRemotely,B,Direct organization or specialist source,Direct,57,Low,,https://weworkremotely.com/remote-jobs/search?term=Head+of+Technology,"Global remote live-search pack. This is a live search link, not one fixed vacancy."
job-00807,Platform-Indexed Vacancy,job,ICT Manager — LinkedIn Live Search,Worldwide Remote,Worldwide Remote,Live Job Search,Live Job Search,Other Multinational & Enterprise,Remote / Global,Worldwide Remote,Live / varies,Possibly Available,,,2026-07-20,Live search sorted toward newest results,LinkedIn,B,Recognized job platform,Platform,57,Low,,https://www.linkedin.com/jobs/search/?keywords=ICT+Manager&sortBy=DD&location=Worldwide+Remote,"Global remote live-search pack. This is a live search link, not one fixed vacancy."
job-00907,Platform-Indexed Vacancy,job,ICT Manager — LinkedIn Live Search,EMEA Remote,EMEA Remote,Live Job Search,Live Job Search,Other Multinational & Enterprise,Remote / Global,EMEA Remote,Live / varies,Possibly Available,,,2026-07-20,Live search sorted toward newest results,LinkedIn,B,Recognized job platform,Platform,57,Low,,https://www.linkedin.com/jobs/search/?keywords=ICT+Manager&sortBy=DD&location=EMEA+Remote,"Global remote live-search pack. This is a live search link, not one fixed vacancy."
job-01007,Platform-Indexed Vacancy,job,ICT Manager — LinkedIn Live Search,Africa Remote,Africa Remote,Live Job Search,Live Job Search,Other Multinational & Enterprise,Africa,Africa Remote,Live / varies,Possibly Available,,,2026-07-20,Live search sorted toward newest results,LinkedIn,B,Recognized job platform,Platform,57,Low,,https://www.linkedin.com/jobs/search/?keywords=ICT+Manager&sortBy=DD&location=Africa+Remote,"Global remote live-search pack. This is a live search link, not one fixed vacancy."
job-01107,Platform-Indexed Vacancy,job,ICT Manager — LinkedIn Live Search,Middle East Remote,Middle East Remote,Live Job Search,Live Job Search,Other Multinational & Enterprise,Remote / Global,Middle East Remote,Live / varies,Possibly Available,,,2026-07-20,Live search sorted toward newest results,LinkedIn,B,Recognized job platform,Platform,57,Low,,https://www.linkedin.com/jobs/search/?keywords=ICT+Manager&sortBy=DD&location=Middle+East+Remote,"Global remote live-search pack. This is a live search link, not one fixed vacancy."
job-00809,Platform-Indexed Vacancy,job,ICT Manager — RemoteOK Live Search,Worldwide Remote,Worldwide Remote,Live Job Search,Live Job Search,Other Multinational & Enterprise,Remote / Global,Worldwide Remote,Live / varies,Possibly Available,,,2026-07-20,Live search sorted toward newest results,RemoteOK,B,Direct organization or specialist source,Direct,57,Low,,https://remoteok.com/remote-ict-manager-jobs,"Global remote live-search pack. This is a live search link, not one fixed vacancy."
job-00909,Platform-Indexed Vacancy,job,ICT Manager — RemoteOK Live Search,EMEA Remote,EMEA Remote,Live Job Search,Live Job Search,Other Multinational & Enterprise,Remote / Global,EMEA Remote,Live / varies,Possibly Available,,,2026-07-20,Live search sorted toward newest results,RemoteOK,B,Direct organization or specialist source,Direct,57,Low,,https://remoteok.com/remote-ict-manager-jobs,"Global remote live-search pack. This is a live search link, not one fixed vacancy."
job-01009,Platform-Indexed Vacancy,job,ICT Manager — RemoteOK Live Search,Africa Remote,Africa Remote,Live Job Search,Live Job Search,Other Multinational & Enterprise,Africa,Africa Remote,Live / varies,Possibly Available,,,2026-07-20,Live search sorted toward newest results,RemoteOK,B,Direct organization or specialist source,Direct,57,Low,,https://remoteok.com/remote-ict-manager-jobs,"Global remote live-search pack. This is a live search link, not one fixed vacancy."
job-01109,Platform-Indexed Vacancy,job,ICT Manager — RemoteOK Live Search,Middle East Remote,Middle East Remote,Live Job Search,Live Job Search,Other Multinational & Enterprise,Remote / Global,Middle East Remote,Live / varies,Possibly Available,,,2026-07-20,Live search sorted toward newest results,RemoteOK,B,Direct organization or specialist source,Direct,57,Low,,https://remoteok.com/remote-ict-manager-jobs,"Global remote live-search pack. This is a live search link, not one fixed vacancy."
job-00810,Platform-Indexed Vacancy,job,ICT Manager — Wellfound Live Search,Worldwide Remote,Worldwide Remote,Live Job Search,Live Job Search,Other Multinational & Enterprise,Remote / Global,Worldwide Remote,Live / varies,Possibly Available,,,2026-07-20,Live search sorted toward newest results,Wellfound,B,Direct organization or specialist source,Direct,57,Low,,https://wellfound.com/jobs?q=ICT+Manager&remote=True,"Global remote live-search pack. This is a live search link, not one fixed vacancy."
job-00910,Platform-Indexed Vacancy,job,ICT Manager — Wellfound Live Search,EMEA Remote,EMEA Remote,Live Job Search,Live Job Search,Other Multinational & Enterprise,Remote / Global,EMEA Remote,Live / varies,Possibly Available,,,2026-07-20,Live search sorted toward newest results,Wellfound,B,Direct organization or specialist source,Direct,57,Low,,https://wellfound.com/jobs?q=ICT+Manager&remote=True,"Global remote live-search pack. This is a live search link, not one fixed vacancy."
job-01010,Platform-Indexed Vacancy,job,ICT Manager — Wellfound Live Search,Africa Remote,Africa Remote,Live Job Search,Live Job Search,Other Multinational & Enterprise,Africa,Africa Remote,Live / varies,Possibly Available,,,2026-07-20,Live search sorted toward newest results,Wellfound,B,Direct organization or specialist source,Direct,57,Low,,https://wellfound.com/jobs?q=ICT+Manager&remote=True,"Global remote live-search pack. This is a live search link, not one fixed vacancy."
job-01110,Platform-Indexed Vacancy,job,ICT Manager — Wellfound Live Search,Middle East Remote,Middle East Remote,Live Job Search,Live Job Search,Other Multinational & Enterprise,Remote / Global,Middle East Remote,Live / varies,Possibly Available,,,2026-07-20,Live search sorted toward newest results,Wellfound,B,Direct organization or specialist source,Direct,57,Low,,https://wellfound.com/jobs?q=ICT+Manager&remote=True,"Global remote live-search pack. This is a live search link, not one fixed vacancy."
job-00808,Platform-Indexed Vacancy,job,ICT Manager — WeWorkRemotely Live Search,Worldwide Remote,Worldwide Remote,Live Job Search,Live Job Search,Other Multinational & Enterprise,Remote / Global,Worldwide Remote,Live / varies,Possibly Available,,,2026-07-20,Live search sorted toward newest results,WeWorkRemotely,B,Direct organization or specialist source,Direct,57,Low,,https://weworkremotely.com/remote-jobs/search?term=ICT+Manager,"Global remote live-search pack. This is a live search link, not one fixed vacancy."
job-00908,Platform-Indexed Vacancy,job,ICT Manager — WeWorkRemotely Live Search,EMEA Remote,EMEA Remote,Live Job Search,Live Job Search,Other Multinational & Enterprise,Remote / Global,EMEA Remote,Live / varies,Possibly Available,,,2026-07-20,Live search sorted toward newest results,WeWorkRemotely,B,Direct organization or specialist source,Direct,57,Low,,https://weworkremotely.com/remote-jobs/search?term=ICT+Manager,"Global remote live-search pack. This is a live search link, not one fixed vacancy."
job-01008,Platform-Indexed Vacancy,job,ICT Manager — WeWorkRemotely Live Search,Africa Remote,Africa Remote,Live Job Search,Live Job Search,Other Multinational & Enterprise,Africa,Africa Remote,Live / varies,Possibly Available,,,2026-07-20,Live search sorted toward newest results,WeWorkRemotely,B,Direct organization or specialist source,Direct,57,Low,,https://weworkremotely.com/remote-jobs/search?term=ICT+Manager,"Global remote live-search pack. This is a live search link, not one fixed vacancy."
job-01108,Platform-Indexed Vacancy,job,ICT Manager — WeWorkRemotely Live Search,Middle East Remote,Middle East Remote,Live Job Search,Live Job Search,Other Multinational & Enterprise,Remote / Global,Middle East Remote,Live / varies,Possibly Available,,,2026-07-20,Live search sorted toward newest results,WeWorkRemotely,B,Direct organization or specialist source,Direct,57,Low,,https://weworkremotely.com/remote-jobs/search?term=ICT+Manager,"Global remote live-search pack. This is a live search link, not one fixed vacancy."
search-018766,Live Search,live_search,Infrastructure Manager,LinkedIn,LinkedIn,Technology & Digital,Technology & Digital,,Remote / Global,MENA,MENA,Live Search,,,2026-07-20,Live search,LinkedIn,B,Recognized job platform,Platform,57,Low,,https://www.linkedin.com/jobs/search/?keywords=Infrastructure+Manager&location=Worldwide&sortBy=DD,"Direct platform search for Infrastructure Manager in MENA. Sort by newest on the platform and verify employer, date, location eligibility and application route."
search-018767,Live Search,live_search,Infrastructure Manager,Indeed,Indeed,Technology & Digital,Technology & Digital,,Remote / Global,MENA,MENA,Live Search,,,2026-07-20,Live search,Indeed,B,Recognized job platform,Platform,57,Low,,https://www.indeed.com/jobs?q=Infrastructure+Manager&l=Worldwide&sort=date,"Direct platform search for Infrastructure Manager in MENA. Sort by newest on the platform and verify employer, date, location eligibility and application route."
search-018770,Live Search,live_search,Infrastructure Manager,Careerjet,Careerjet,Technology & Digital,Technology & Digital,,Remote / Global,MENA,MENA,Live Search,,,2026-07-20,Live search,Careerjet,C,Aggregator,Aggregator,57,Low,,https://www.careerjet.com/search/jobs?s=Infrastructure+Manager&l=Worldwide,"Direct platform search for Infrastructure Manager in MENA. Sort by newest on the platform and verify employer, date, location eligibility and application route."
search-018771,Live Search,live_search,Infrastructure Manager,Talent.com,Talent.com,Technology & Digital,Technology & Digital,,Remote / Global,MENA,MENA,Live Search,,,2026-07-20,Live search,Talent.com,C,Aggregator,Aggregator,57,Low,,https://www.talent.com/jobs?k=Infrastructure+Manager&l=Worldwide,"Direct platform search for Infrastructure Manager in MENA. Sort by newest on the platform and verify employer, date, location eligibility and application route."
search-018772,Live Search,live_search,Infrastructure Manager,Adzuna,Adzuna,Technology & Digital,Technology & Digital,,Remote / Global,MENA,MENA,Live Search,,,2026-07-20,Live search,Adzuna,C,Aggregator,Aggregator,57,Low,,https://www.adzuna.com/search?q=Infrastructure+Manager&loc=Worldwide,"Direct platform search for Infrastructure Manager in MENA. Sort by newest on the platform and verify employer, date, location eligibility and application route."
search-018774,Live Search,live_search,Infrastructure Manager,Remote OK,Remote OK,Technology & Digital,Technology & Digital,,Remote / Global,MENA,MENA,Live Search,,,2026-07-20,Live search,Remote OK,B,Direct organization or specialist source,Direct,57,Low,,https://remoteok.com/remote-infrastructure-manager-jobs,"Direct platform search for Infrastructure Manager in MENA. Sort by newest on the platform and verify employer, date, location eligibility and application route."
search-018775,Live Search,live_search,Infrastructure Manager,We Work Remotely,We Work Remotely,Technology & Digital,Technology & Digital,,Remote / Global,MENA,MENA,Live Search,,,2026-07-20,Live search,We Work Remotely,B,Direct organization or specialist source,Direct,57,Low,,https://weworkremotely.com/remote-jobs/search?term=Infrastructure+Manager,"Direct platform search for Infrastructure Manager in MENA. Sort by newest on the platform and verify employer, date, location eligibility and application route."
search-018776,Live Search,live_search,Infrastructure Manager,Remotive,Remotive,Technology & Digital,Technology & Digital,,Remote / Global,MENA,MENA,Live Search,,,2026-07-20,Live search,Remotive,B,Direct organization or specialist source,Direct,57,Low,,https://remotive.com/remote-jobs/search?search=Infrastructure+Manager,"Direct platform search for Infrastructure Manager in MENA. Sort by newest on the platform and verify employer, date, location eligibility and application route."
search-018777,Live Search,live_search,Infrastructure Manager,Remote.co,Remote.co,Technology & Digital,Technology & Digital,,Remote / Global,MENA,MENA,Live Search,,,2026-07-20,Live search,Remote.co,B,Direct organization or specialist source,Direct,57,Low,,https://remote.co/remote-jobs/search/?search_keywords=Infrastructure+Manager,"Direct platform search for Infrastructure Manager in MENA. Sort by newest on the platform and verify employer, date, location eligibility and application route."
search-018779,Live Search,live_search,Infrastructure Manager,Working Nomads,Working Nomads,Technology & Digital,Technology & Digital,,Remote / Global,MENA,MENA,Live Search,,,2026-07-20,Live search,Working Nomads,B,Direct organization or specialist source,Direct,57,Low,,https://www.workingnomads.com/remote-jobs?search=Infrastructure+Manager,"Direct platform search for Infrastructure Manager in MENA. Sort by newest on the platform and verify employer, date, location eligibility and application route."
search-018782,Live Search,live_search,Infrastructure Manager,Himalayas,Himalayas,Technology & Digital,Technology & Digital,,Remote / Global,MENA,MENA,Live Search,,,2026-07-20,Live search,Himalayas,B,Direct organization or specialist source,Direct,57,Low,,https://himalayas.app/jobs?search=Infrastructure+Manager,"Direct platform search for Infrastructure Manager in MENA. Sort by newest on the platform and verify employer, date, location eligibility and application route."
search-018786,Live Search,live_search,Infrastructure Manager,ReliefWeb,ReliefWeb,Technology & Digital,Technology & Digital,,Remote / Global,MENA,MENA,Live Search,,,2026-07-20,Live search,ReliefWeb,A,Official / primary source,Official,57,Low,,https://reliefweb.int/jobs?search=Infrastructure+Manager,"Direct platform search for Infrastructure Manager in MENA. Sort by newest on the platform and verify employer, date, location eligibility and application route."
search-018788,Live Search,live_search,Infrastructure Manager,UNjobs,UNjobs,Technology & Digital,Technology & Digital,,Remote / Global,MENA,MENA,Live Search,,,2026-07-20,Live search,UNjobs,B,Direct organization or specialist source,Direct,57,Low,,https://unjobs.org/search/Infrastructure%20Manager,"Direct platform search for Infrastructure Manager in MENA. Sort by newest on the platform and verify employer, date, location eligibility and application route."
search-018789,Live Search,live_search,Infrastructure Manager,Upwork,Upwork,Technology & Digital,Technology & Digital,,Remote / Global,MENA,MENA,Live Search,,,2026-07-20,Live search,Upwork,B,Direct organization or specialist source,Direct,57,Low,,https://www.upwork.com/nx/search/jobs/?q=Infrastructure+Manager,"Direct project search for Infrastructure Manager in MENA. Sort by newest on the platform and verify employer, date, location eligibility and application route."
search-018790,Live Search,live_search,Infrastructure Manager,Freelancer,Freelancer,Technology & Digital,Technology & Digital,,Remote / Global,MENA,MENA,Live Search,,,2026-07-20,Live search,Freelancer,B,Direct organization or specialist source,Direct,57,Low,,https://www.freelancer.com/jobs/infrastructure-manager/,"Direct project search for Infrastructure Manager in MENA. Sort by newest on the platform and verify employer, date, location eligibility and application route."
search-018792,Live Search,live_search,Infrastructure Manager,Contra,Contra,Technology & Digital,Technology & Digital,,Remote / Global,MENA,MENA,Live Search,,,2026-07-20,Live search,Contra,B,Direct organization or specialist source,Direct,57,Low,,https://contra.com/opportunities?query=Infrastructure+Manager,"Direct project search for Infrastructure Manager in MENA. Sort by newest on the platform and verify employer, date, location eligibility and application route."
search-018793,Live Search,live_search,IT Operations Manager,LinkedIn,LinkedIn,IT Operations,IT Operations,,Remote / Global,MENA,MENA,Live Search,,,2026-07-20,Live search,LinkedIn,B,Recognized job platform,Platform,57,Low,,https://www.linkedin.com/jobs/search/?keywords=IT+Operations+Manager&location=Worldwide&sortBy=DD,"Direct platform search for IT Operations Manager in MENA. Sort by newest on the platform and verify employer, date, location eligibility and application route."
search-018794,Live Search,live_search,IT Operations Manager,Indeed,Indeed,IT Operations,IT Operations,,Remote / Global,MENA,MENA,Live Search,,,2026-07-20,Live search,Indeed,B,Recognized job platform,Platform,57,Low,,https://www.indeed.com/jobs?q=IT+Operations+Manager&l=Worldwide&sort=date,"Direct platform search for IT Operations Manager in MENA. Sort by newest on the platform and verify employer, date, location eligibility and application route."
search-018797,Live Search,live_search,IT Operations Manager,Careerjet,Careerjet,IT Operations,IT Operations,,Remote / Global,MENA,MENA,Live Search,,,2026-07-20,Live search,Careerjet,C,Aggregator,Aggregator,57,Low,,https://www.careerjet.com/search/jobs?s=IT+Operations+Manager&l=Worldwide,"Direct platform search for IT Operations Manager in MENA. Sort by newest on the platform and verify employer, date, location eligibility and application route."
search-018798,Live Search,live_search,IT Operations Manager,Talent.com,Talent.com,IT Operations,IT Operations,,Remote / Global,MENA,MENA,Live Search,,,2026-07-20,Live search,Talent.com,C,Aggregator,Aggregator,57,Low,,https://www.talent.com/jobs?k=IT+Operations+Manager&l=Worldwide,"Direct platform search for IT Operations Manager in MENA. Sort by newest on the platform and verify employer, date, location eligibility and application route."
search-018799,Live Search,live_search,IT Operations Manager,Adzuna,Adzuna,IT Operations,IT Operations,,Remote / Global,MENA,MENA,Live Search,,,2026-07-20,Live search,Adzuna,C,Aggregator,Aggregator,57,Low,,https://www.adzuna.com/search?q=IT+Operations+Manager&loc=Worldwide,"Direct platform search for IT Operations Manager in MENA. Sort by newest on the platform and verify employer, date, location eligibility and application route."
search-018801,Live Search,live_search,IT Operations Manager,Remote OK,Remote OK,IT Operations,IT Operations,,Remote / Global,MENA,MENA,Live Search,,,2026-07-20,Live search,Remote OK,B,Direct organization or specialist source,Direct,57,Low,,https://remoteok.com/remote-it-operations-manager-jobs,"Direct platform search for IT Operations Manager in MENA. Sort by newest on the platform and verify employer, date, location eligibility and application route."
search-018802,Live Search,live_search,IT Operations Manager,We Work Remotely,We Work Remotely,IT Operations,IT Operations,,Remote / Global,MENA,MENA,Live Search,,,2026-07-20,Live search,We Work Remotely,B,Direct organization or specialist source,Direct,57,Low,,https://weworkremotely.com/remote-jobs/search?term=IT+Operations+Manager,"Direct platform search for IT Operations Manager in MENA. Sort by newest on the platform and verify employer, date, location eligibility and application route."
search-018803,Live Search,live_search,IT Operations Manager,Remotive,Remotive,IT Operations,IT Operations,,Remote / Global,MENA,MENA,Live Search,,,2026-07-20,Live search,Remotive,B,Direct organization or specialist source,Direct,57,Low,,https://remotive.com/remote-jobs/search?search=IT+Operations+Manager,"Direct platform search for IT Operations Manager in MENA. Sort by newest on the platform and verify employer, date, location eligibility and application route."
search-018804,Live Search,live_search,IT Operations Manager,Remote.co,Remote.co,IT Operations,IT Operations,,Remote / Global,MENA,MENA,Live Search,,,2026-07-20,Live search,Remote.co,B,Direct organization or specialist source,Direct,57,Low,,https://remote.co/remote-jobs/search/?search_keywords=IT+Operations+Manager,"Direct platform search for IT Operations Manager in MENA. Sort by newest on the platform and verify employer, date, location eligibility and application route."
search-018806,Live Search,live_search,IT Operations Manager,Working Nomads,Working Nomads,IT Operations,IT Operations,,Remote / Global,MENA,MENA,Live Search,,,2026-07-20,Live search,Working Nomads,B,Direct organization or specialist source,Direct,57,Low,,https://www.workingnomads.com/remote-jobs?search=IT+Operations+Manager,"Direct platform search for IT Operations Manager in MENA. Sort by newest on the platform and verify employer, date, location eligibility and application route."
search-018809,Live Search,live_search,IT Operations Manager,Himalayas,Himalayas,IT Operations,IT Operations,,Remote / Global,MENA,MENA,Live Search,,,2026-07-20,Live search,Himalayas,B,Direct organization or specialist source,Direct,57,Low,,https://himalayas.app/jobs?search=IT+Operations+Manager,"Direct platform search for IT Operations Manager in MENA. Sort by newest on the platform and verify employer, date, location eligibility and application route."
search-018813,Live Search,live_search,IT Operations Manager,ReliefWeb,ReliefWeb,IT Operations,IT Operations,,Remote / Global,MENA,MENA,Live Search,,,2026-07-20,Live search,ReliefWeb,A,Official / primary source,Official,57,Low,,https://reliefweb.int/jobs?search=IT+Operations+Manager,"Direct platform search for IT Operations Manager in MENA. Sort by newest on the platform and verify employer, date, location eligibility and application route."
search-018815,Live Search,live_search,IT Operations Manager,UNjobs,UNjobs,IT Operations,IT Operations,,Remote / Global,MENA,MENA,Live Search,,,2026-07-20,Live search,UNjobs,B,Direct organization or specialist source,Direct,57,Low,,https://unjobs.org/search/IT%20Operations%20Manager,"Direct platform search for IT Operations Manager in MENA. Sort by newest on the platform and verify employer, date, location eligibility and application route."
search-018816,Live Search,live_search,IT Operations Manager,Upwork,Upwork,IT Operations,IT Operations,,Remote / Global,MENA,MENA,Live Search,,,2026-07-20,Live search,Upwork,B,Direct organization or specialist source,Direct,57,Low,,https://www.upwork.com/nx/search/jobs/?q=IT+Operations+Manager,"Direct project search for IT Operations Manager in MENA. Sort by newest on the platform and verify employer, date, location eligibility and application route."
search-018817,Live Search,live_search,IT Operations Manager,Freelancer,Freelancer,IT Operations,IT Operations,,Remote / Global,MENA,MENA,Live Search,,,2026-07-20,Live search,Freelancer,B,Direct organization or specialist source,Direct,57,Low,,https://www.freelancer.com/jobs/it-operations-manager/,"Direct project search for IT Operations Manager in MENA. Sort by newest on the platform and verify employer, date, location eligibility and application route."
search-018819,Live Search,live_search,IT Operations Manager,Contra,Contra,IT Operations,IT Operations,,Remote / Global,MENA,MENA,Live Search,,,2026-07-20,Live search,Contra,B,Direct organization or specialist source,Direct,57,Low,,https://contra.com/opportunities?query=IT+Operations+Manager,"Direct project search for IT Operations Manager in MENA. Sort by newest on the platform and verify employer, date, location eligibility and application route."
job-00767,Platform-Indexed Vacancy,job,IT Portfolio Manager — LinkedIn Live Search,Worldwide Remote,Worldwide Remote,Live Job Search,Live Job Search,Supply Chain & Logistics,Remote / Global,Worldwide Remote,Live / varies,Possibly Available,,,2026-07-20,Live search sorted toward newest results,LinkedIn,B,Recognized job platform,Platform,57,Low,,https://www.linkedin.com/jobs/search/?keywords=IT+Portfolio+Manager&sortBy=DD&location=Worldwide+Remote,"Global remote live-search pack. This is a live search link, not one fixed vacancy."
job-00867,Platform-Indexed Vacancy,job,IT Portfolio Manager — LinkedIn Live Search,EMEA Remote,EMEA Remote,Live Job Search,Live Job Search,Supply Chain & Logistics,Remote / Global,EMEA Remote,Live / varies,Possibly Available,,,2026-07-20,Live search sorted toward newest results,LinkedIn,B,Recognized job platform,Platform,57,Low,,https://www.linkedin.com/jobs/search/?keywords=IT+Portfolio+Manager&sortBy=DD&location=EMEA+Remote,"Global remote live-search pack. This is a live search link, not one fixed vacancy."
job-00967,Platform-Indexed Vacancy,job,IT Portfolio Manager — LinkedIn Live Search,Africa Remote,Africa Remote,Live Job Search,Live Job Search,Supply Chain & Logistics,Africa,Africa Remote,Live / varies,Possibly Available,,,2026-07-20,Live search sorted toward newest results,LinkedIn,B,Recognized job platform,Platform,57,Low,,https://www.linkedin.com/jobs/search/?keywords=IT+Portfolio+Manager&sortBy=DD&location=Africa+Remote,"Global remote live-search pack. This is a live search link, not one fixed vacancy."
job-01067,Platform-Indexed Vacancy,job,IT Portfolio Manager — LinkedIn Live Search,Middle East Remote,Middle East Remote,Live Job Search,Live Job Search,Supply Chain & Logistics,Remote / Global,Middle East Remote,Live / varies,Possibly Available,,,2026-07-20,Live search sorted toward newest results,LinkedIn,B,Recognized job platform,Platform,57,Low,,https://www.linkedin.com/jobs/search/?keywords=IT+Portfolio+Manager&sortBy=DD&location=Middle+East+Remote,"Global remote live-search pack. This is a live search link, not one fixed vacancy."
job-00769,Platform-Indexed Vacancy,job,IT Portfolio Manager — RemoteOK Live Search,Worldwide Remote,Worldwide Remote,Live Job Search,Live Job Search,Supply Chain & Logistics,Remote / Global,Worldwide Remote,Live / varies,Possibly Available,,,2026-07-20,Live search sorted toward newest results,RemoteOK,B,Direct organization or specialist source,Direct,57,Low,,https://remoteok.com/remote-it-portfolio-manager-jobs,"Global remote live-search pack. This is a live search link, not one fixed vacancy."
job-00869,Platform-Indexed Vacancy,job,IT Portfolio Manager — RemoteOK Live Search,EMEA Remote,EMEA Remote,Live Job Search,Live Job Search,Supply Chain & Logistics,Remote / Global,EMEA Remote,Live / varies,Possibly Available,,,2026-07-20,Live search sorted toward newest results,RemoteOK,B,Direct organization or specialist source,Direct,57,Low,,https://remoteok.com/remote-it-portfolio-manager-jobs,"Global remote live-search pack. This is a live search link, not one fixed vacancy."
job-00969,Platform-Indexed Vacancy,job,IT Portfolio Manager — RemoteOK Live Search,Africa Remote,Africa Remote,Live Job Search,Live Job Search,Supply Chain & Logistics,Africa,Africa Remote,Live / varies,Possibly Available,,,2026-07-20,Live search sorted toward newest results,RemoteOK,B,Direct organization or specialist source,Direct,57,Low,,https://remoteok.com/remote-it-portfolio-manager-jobs,"Global remote live-search pack. This is a live search link, not one fixed vacancy."
job-01069,Platform-Indexed Vacancy,job,IT Portfolio Manager — RemoteOK Live Search,Middle East Remote,Middle East Remote,Live Job Search,Live Job Search,Supply Chain & Logistics,Remote / Global,Middle East Remote,Live / varies,Possibly Available,,,2026-07-20,Live search sorted toward newest results,RemoteOK,B,Direct organization or specialist source,Direct,57,Low,,https://remoteok.com/remote-it-portfolio-manager-jobs,"Global remote live-search pack. This is a live search link, not one fixed vacancy."
job-00770,Platform-Indexed Vacancy,job,IT Portfolio Manager — Wellfound Live Search,Worldwide Remote,Worldwide Remote,Live Job Search,Live Job Search,Supply Chain & Logistics,Remote / Global,Worldwide Remote,Live / varies,Possibly Available,,,2026-07-20,Live search sorted toward newest results,Wellfound,B,Direct organization or specialist source,Direct,57,Low,,https://wellfound.com/jobs?q=IT+Portfolio+Manager&remote=True,"Global remote live-search pack. This is a live search link, not one fixed vacancy."
job-00870,Platform-Indexed Vacancy,job,IT Portfolio Manager — Wellfound Live Search,EMEA Remote,EMEA Remote,Live Job Search,Live Job Search,Supply Chain & Logistics,Remote / Global,EMEA Remote,Live / varies,Possibly Available,,,2026-07-20,Live search sorted toward newest results,Wellfound,B,Direct organization or specialist source,Direct,57,Low,,https://wellfound.com/jobs?q=IT+Portfolio+Manager&remote=True,"Global remote live-search pack. This is a live search link, not one fixed vacancy."
job-00970,Platform-Indexed Vacancy,job,IT Portfolio Manager — Wellfound Live Search,Africa Remote,Africa Remote,Live Job Search,Live Job Search,Supply Chain & Logistics,Africa,Africa Remote,Live / varies,Possibly Available,,,2026-07-20,Live search sorted toward newest results,Wellfound,B,Direct organization or specialist source,Direct,57,Low,,https://wellfound.com/jobs?q=IT+Portfolio+Manager&remote=True,"Global remote live-search pack. This is a live search link, not one fixed vacancy."
job-01070,Platform-Indexed Vacancy,job,IT Portfolio Manager — Wellfound Live Search,Middle East Remote,Middle East Remote,Live Job Search,Live Job Search,Supply Chain & Logistics,Remote / Global,Middle East Remote,Live / varies,Possibly Available,,,2026-07-20,Live search sorted toward newest results,Wellfound,B,Direct organization or specialist source,Direct,57,Low,,https://wellfound.com/jobs?q=IT+Portfolio+Manager&remote=True,"Global remote live-search pack. This is a live search link, not one fixed vacancy."
job-00768,Platform-Indexed Vacancy,job,IT Portfolio Manager — WeWorkRemotely Live Search,Worldwide Remote,Worldwide Remote,Live Job Search,Live Job Search,Supply Chain & Logistics,Remote / Global,Worldwide Remote,Live / varies,Possibly Available,,,2026-07-20,Live search sorted toward newest results,WeWorkRemotely,B,Direct organization or specialist source,Direct,57,Low,,https://weworkremotely.com/remote-jobs/search?term=IT+Portfolio+Manager,"Global remote live-search pack. This is a live search link, not one fixed vacancy."
job-00868,Platform-Indexed Vacancy,job,IT Portfolio Manager — WeWorkRemotely Live Search,EMEA Remote,EMEA Remote,Live Job Search,Live Job Search,Supply Chain & Logistics,Remote / Global,EMEA Remote,Live / varies,Possibly Available,,,2026-07-20,Live search sorted toward newest results,WeWorkRemotely,B,Direct organization or specialist source,Direct,57,Low,,https://weworkremotely.com/remote-jobs/search?term=IT+Portfolio+Manager,"Global remote live-search pack. This is a live search link, not one fixed vacancy."
job-00968,Platform-Indexed Vacancy,job,IT Portfolio Manager — WeWorkRemotely Live Search,Africa Remote,Africa Remote,Live Job Search,Live Job Search,Supply Chain & Logistics,Africa,Africa Remote,Live / varies,Possibly Available,,,2026-07-20,Live search sorted toward newest results,WeWorkRemotely,B,Direct organization or specialist source,Direct,57,Low,,https://weworkremotely.com/remote-jobs/search?term=IT+Portfolio+Manager,"Global remote live-search pack. This is a live search link, not one fixed vacancy."
job-01068,Platform-Indexed Vacancy,job,IT Portfolio Manager — WeWorkRemotely Live Search,Middle East Remote,Middle East Remote,Live Job Search,Live Job Search,Supply Chain & Logistics,Remote / Global,Middle East Remote,Live / varies,Possibly Available,,,2026-07-20,Live search sorted toward newest results,WeWorkRemotely,B,Direct organization or specialist source,Direct,57,Low,,https://weworkremotely.com/remote-jobs/search?term=IT+Portfolio+Manager,"Global remote live-search pack. This is a live search link, not one fixed vacancy."
job-00771,Platform-Indexed Vacancy,job,PMO Manager — LinkedIn Live Search,Worldwide Remote,Worldwide Remote,Live Job Search,Live Job Search,Other Multinational & Enterprise,Remote / Global,Worldwide Remote,Live / varies,Possibly Available,,,2026-07-20,Live search sorted toward newest results,LinkedIn,B,Recognized job platform,Platform,57,Low,,https://www.linkedin.com/jobs/search/?keywords=PMO+Manager&sortBy=DD&location=Worldwide+Remote,"Global remote live-search pack. This is a live search link, not one fixed vacancy."
job-00871,Platform-Indexed Vacancy,job,PMO Manager — LinkedIn Live Search,EMEA Remote,EMEA Remote,Live Job Search,Live Job Search,Other Multinational & Enterprise,Remote / Global,EMEA Remote,Live / varies,Possibly Available,,,2026-07-20,Live search sorted toward newest results,LinkedIn,B,Recognized job platform,Platform,57,Low,,https://www.linkedin.com/jobs/search/?keywords=PMO+Manager&sortBy=DD&location=EMEA+Remote,"Global remote live-search pack. This is a live search link, not one fixed vacancy."
job-00971,Platform-Indexed Vacancy,job,PMO Manager — LinkedIn Live Search,Africa Remote,Africa Remote,Live Job Search,Live Job Search,Other Multinational & Enterprise,Africa,Africa Remote,Live / varies,Possibly Available,,,2026-07-20,Live search sorted toward newest results,LinkedIn,B,Recognized job platform,Platform,57,Low,,https://www.linkedin.com/jobs/search/?keywords=PMO+Manager&sortBy=DD&location=Africa+Remote,"Global remote live-search pack. This is a live search link, not one fixed vacancy."
job-01071,Platform-Indexed Vacancy,job,PMO Manager — LinkedIn Live Search,Middle East Remote,Middle East Remote,Live Job Search,Live Job Search,Other Multinational & Enterprise,Remote / Global,Middle East Remote,Live / varies,Possibly Available,,,2026-07-20,Live search sorted toward newest results,LinkedIn,B,Recognized job platform,Platform,57,Low,,https://www.linkedin.com/jobs/search/?keywords=PMO+Manager&sortBy=DD&location=Middle+East+Remote,"Global remote live-search pack. This is a live search link, not one fixed vacancy."
job-00773,Platform-Indexed Vacancy,job,PMO Manager — RemoteOK Live Search,Worldwide Remote,Worldwide Remote,Live Job Search,Live Job Search,Other Multinational & Enterprise,Remote / Global,Worldwide Remote,Live / varies,Possibly Available,,,2026-07-20,Live search sorted toward newest results,RemoteOK,B,Direct organization or specialist source,Direct,57,Low,,https://remoteok.com/remote-pmo-manager-jobs,"Global remote live-search pack. This is a live search link, not one fixed vacancy."
job-00873,Platform-Indexed Vacancy,job,PMO Manager — RemoteOK Live Search,EMEA Remote,EMEA Remote,Live Job Search,Live Job Search,Other Multinational & Enterprise,Remote / Global,EMEA Remote,Live / varies,Possibly Available,,,2026-07-20,Live search sorted toward newest results,RemoteOK,B,Direct organization or specialist source,Direct,57,Low,,https://remoteok.com/remote-pmo-manager-jobs,"Global remote live-search pack. This is a live search link, not one fixed vacancy."
job-00973,Platform-Indexed Vacancy,job,PMO Manager — RemoteOK Live Search,Africa Remote,Africa Remote,Live Job Search,Live Job Search,Other Multinational & Enterprise,Africa,Africa Remote,Live / varies,Possibly Available,,,2026-07-20,Live search sorted toward newest results,RemoteOK,B,Direct organization or specialist source,Direct,57,Low,,https://remoteok.com/remote-pmo-manager-jobs,"Global remote live-search pack. This is a live search link, not one fixed vacancy."
job-01073,Platform-Indexed Vacancy,job,PMO Manager — RemoteOK Live Search,Middle East Remote,Middle East Remote,Live Job Search,Live Job Search,Other Multinational & Enterprise,Remote / Global,Middle East Remote,Live / varies,Possibly Available,,,2026-07-20,Live search sorted toward newest results,RemoteOK,B,Direct organization or specialist source,Direct,57,Low,,https://remoteok.com/remote-pmo-manager-jobs,"Global remote live-search pack. This is a live search link, not one fixed vacancy."
job-00774,Platform-Indexed Vacancy,job,PMO Manager — Wellfound Live Search,Worldwide Remote,Worldwide Remote,Live Job Search,Live Job Search,Other Multinational & Enterprise,Remote / Global,Worldwide Remote,Live / varies,Possibly Available,,,2026-07-20,Live search sorted toward newest results,Wellfound,B,Direct organization or specialist source,Direct,57,Low,,https://wellfound.com/jobs?q=PMO+Manager&remote=True,"Global remote live-search pack. This is a live search link, not one fixed vacancy."
job-00874,Platform-Indexed Vacancy,job,PMO Manager — Wellfound Live Search,EMEA Remote,EMEA Remote,Live Job Search,Live Job Search,Other Multinational & Enterprise,Remote / Global,EMEA Remote,Live / varies,Possibly Available,,,2026-07-20,Live search sorted toward newest results,Wellfound,B,Direct organization or specialist source,Direct,57,Low,,https://wellfound.com/jobs?q=PMO+Manager&remote=True,"Global remote live-search pack. This is a live search link, not one fixed vacancy."
job-00974,Platform-Indexed Vacancy,job,PMO Manager — Wellfound Live Search,Africa Remote,Africa Remote,Live Job Search,Live Job Search,Other Multinational & Enterprise,Africa,Africa Remote,Live / varies,Possibly Available,,,2026-07-20,Live search sorted toward newest results,Wellfound,B,Direct organization or specialist source,Direct,57,Low,,https://wellfound.com/jobs?q=PMO+Manager&remote=True,"Global remote live-search pack. This is a live search link, not one fixed vacancy."
job-01074,Platform-Indexed Vacancy,job,PMO Manager — Wellfound Live Search,Middle East Remote,Middle East Remote,Live Job Search,Live Job Search,Other Multinational & Enterprise,Remote / Global,Middle East Remote,Live / varies,Possibly Available,,,2026-07-20,Live search sorted toward newest results,Wellfound,B,Direct organization or specialist source,Direct,57,Low,,https://wellfound.com/jobs?q=PMO+Manager&remote=True,"Global remote live-search pack. This is a live search link, not one fixed vacancy."
job-00772,Platform-Indexed Vacancy,job,PMO Manager — WeWorkRemotely Live Search,Worldwide Remote,Worldwide Remote,Live Job Search,Live Job Search,Other Multinational & Enterprise,Remote / Global,Worldwide Remote,Live / varies,Possibly Available,,,2026-07-20,Live search sorted toward newest results,WeWorkRemotely,B,Direct organization or specialist source,Direct,57,Low,,https://weworkremotely.com/remote-jobs/search?term=PMO+Manager,"Global remote live-search pack. This is a live search link, not one fixed vacancy."
job-00872,Platform-Indexed Vacancy,job,PMO Manager — WeWorkRemotely Live Search,EMEA Remote,EMEA Remote,Live Job Search,Live Job Search,Other Multinational & Enterprise,Remote / Global,EMEA Remote,Live / varies,Possibly Available,,,2026-07-20,Live search sorted toward newest results,WeWorkRemotely,B,Direct organization or specialist source,Direct,57,Low,,https://weworkremotely.com/remote-jobs/search?term=PMO+Manager,"Global remote live-search pack. This is a live search link, not one fixed vacancy."
job-00972,Platform-Indexed Vacancy,job,PMO Manager — WeWorkRemotely Live Search,Africa Remote,Africa Remote,Live Job Search,Live Job Search,Other Multinational & Enterprise,Africa,Africa Remote,Live / varies,Possibly Available,,,2026-07-20,Live search sorted toward newest results,WeWorkRemotely,B,Direct organization or specialist source,Direct,57,Low,,https://weworkremotely.com/remote-jobs/search?term=PMO+Manager,"Global remote live-search pack. This is a live search link, not one fixed vacancy."
job-01072,Platform-Indexed Vacancy,job,PMO Manager — WeWorkRemotely Live Search,Middle East Remote,Middle East Remote,Live Job Search,Live Job Search,Other Multinational & Enterprise,Remote / Global,Middle East Remote,Live / varies,Possibly Available,,,2026-07-20,Live search sorted toward newest results,WeWorkRemotely,B,Direct organization or specialist source,Direct,57,Low,,https://weworkremotely.com/remote-jobs/search?term=PMO+Manager,"Global remote live-search pack. This is a live search link, not one fixed vacancy."
search-017983,Live Search,live_search,Security Architect,LinkedIn,LinkedIn,Cybersecurity,Cybersecurity,,Remote / Global,MENA,MENA,Live Search,,,2026-07-20,Live search,LinkedIn,B,Recognized job platform,Platform,57,Low,,https://www.linkedin.com/jobs/search/?keywords=Security+Architect&location=Worldwide&sortBy=DD,"Direct platform search for Security Architect in MENA. Sort by newest on the platform and verify employer, date, location eligibility and application route."
search-017984,Live Search,live_search,Security Architect,Indeed,Indeed,Cybersecurity,Cybersecurity,,Remote / Global,MENA,MENA,Live Search,,,2026-07-20,Live search,Indeed,B,Recognized job platform,Platform,57,Low,,https://www.indeed.com/jobs?q=Security+Architect&l=Worldwide&sort=date,"Direct platform search for Security Architect in MENA. Sort by newest on the platform and verify employer, date, location eligibility and application route."
search-017987,Live Search,live_search,Security Architect,Careerjet,Careerjet,Cybersecurity,Cybersecurity,,Remote / Global,MENA,MENA,Live Search,,,2026-07-20,Live search,Careerjet,C,Aggregator,Aggregator,57,Low,,https://www.careerjet.com/search/jobs?s=Security+Architect&l=Worldwide,"Direct platform search for Security Architect in MENA. Sort by newest on the platform and verify employer, date, location eligibility and application route."
search-017988,Live Search,live_search,Security Architect,Talent.com,Talent.com,Cybersecurity,Cybersecurity,,Remote / Global,MENA,MENA,Live Search,,,2026-07-20,Live search,Talent.com,C,Aggregator,Aggregator,57,Low,,https://www.talent.com/jobs?k=Security+Architect&l=Worldwide,"Direct platform search for Security Architect in MENA. Sort by newest on the platform and verify employer, date, location eligibility and application route."
search-017989,Live Search,live_search,Security Architect,Adzuna,Adzuna,Cybersecurity,Cybersecurity,,Remote / Global,MENA,MENA,Live Search,,,2026-07-20,Live search,Adzuna,C,Aggregator,Aggregator,57,Low,,https://www.adzuna.com/search?q=Security+Architect&loc=Worldwide,"Direct platform search for Security Architect in MENA. Sort by newest on the platform and verify employer, date, location eligibility and application route."
search-017991,Live Search,live_search,Security Architect,Remote OK,Remote OK,Cybersecurity,Cybersecurity,,Remote / Global,MENA,MENA,Live Search,,,2026-07-20,Live search,Remote OK,B,Direct organization or specialist source,Direct,57,Low,,https://remoteok.com/remote-security-architect-jobs,"Direct platform search for Security Architect in MENA. Sort by newest on the platform and verify employer, date, location eligibility and application route."
search-017992,Live Search,live_search,Security Architect,We Work Remotely,We Work Remotely,Cybersecurity,Cybersecurity,,Remote / Global,MENA,MENA,Live Search,,,2026-07-20,Live search,We Work Remotely,B,Direct organization or specialist source,Direct,57,Low,,https://weworkremotely.com/remote-jobs/search?term=Security+Architect,"Direct platform search for Security Architect in MENA. Sort by newest on the platform and verify employer, date, location eligibility and application route."
search-017993,Live Search,live_search,Security Architect,Remotive,Remotive,Cybersecurity,Cybersecurity,,Remote / Global,MENA,MENA,Live Search,,,2026-07-20,Live search,Remotive,B,Direct organization or specialist source,Direct,57,Low,,https://remotive.com/remote-jobs/search?search=Security+Architect,"Direct platform search for Security Architect in MENA. Sort by newest on the platform and verify employer, date, location eligibility and application route."
search-017994,Live Search,live_search,Security Architect,Remote.co,Remote.co,Cybersecurity,Cybersecurity,,Remote / Global,MENA,MENA,Live Search,,,2026-07-20,Live search,Remote.co,B,Direct organization or specialist source,Direct,57,Low,,https://remote.co/remote-jobs/search/?search_keywords=Security+Architect,"Direct platform search for Security Architect in MENA. Sort by newest on the platform and verify employer, date, location eligibility and application route."
search-017996,Live Search,live_search,Security Architect,Working Nomads,Working Nomads,Cybersecurity,Cybersecurity,,Remote / Global,MENA,MENA,Live Search,,,2026-07-20,Live search,Working Nomads,B,Direct organization or specialist source,Direct,57,Low,,https://www.workingnomads.com/remote-jobs?search=Security+Architect,"Direct platform search for Security Architect in MENA. Sort by newest on the platform and verify employer, date, location eligibility and application route."
search-017999,Live Search,live_search,Security Architect,Himalayas,Himalayas,Cybersecurity,Cybersecurity,,Remote / Global,MENA,MENA,Live Search,,,2026-07-20,Live search,Himalayas,B,Direct organization or specialist source,Direct,57,Low,,https://himalayas.app/jobs?search=Security+Architect,"Direct platform search for Security Architect in MENA. Sort by newest on the platform and verify employer, date, location eligibility and application route."
search-018003,Live Search,live_search,Security Architect,ReliefWeb,ReliefWeb,Cybersecurity,Cybersecurity,,Remote / Global,MENA,MENA,Live Search,,,2026-07-20,Live search,ReliefWeb,A,Official / primary source,Official,57,Low,,https://reliefweb.int/jobs?search=Security+Architect,"Direct platform search for Security Architect in MENA. Sort by newest on the platform and verify employer, date, location eligibility and application route."
search-018005,Live Search,live_search,Security Architect,UNjobs,UNjobs,Cybersecurity,Cybersecurity,,Remote / Global,MENA,MENA,Live Search,,,2026-07-20,Live search,UNjobs,B,Direct organization or specialist source,Direct,57,Low,,https://unjobs.org/search/Security%20Architect,"Direct platform search for Security Architect in MENA. Sort by newest on the platform and verify employer, date, location eligibility and application route."
search-018006,Live Search,live_search,Security Architect,Upwork,Upwork,Cybersecurity,Cybersecurity,,Remote / Global,MENA,MENA,Live Search,,,2026-07-20,Live search,Upwork,B,Direct organization or specialist source,Direct,57,Low,,https://www.upwork.com/nx/search/jobs/?q=Security+Architect,"Direct project search for Security Architect in MENA. Sort by newest on the platform and verify employer, date, location eligibility and application route."
search-018007,Live Search,live_search,Security Architect,Freelancer,Freelancer,Cybersecurity,Cybersecurity,,Remote / Global,MENA,MENA,Live Search,,,2026-07-20,Live search,Freelancer,B,Direct organization or specialist source,Direct,57,Low,,https://www.freelancer.com/jobs/security-architect/,"Direct project search for Security Architect in MENA. Sort by newest on the platform and verify employer, date, location eligibility and application route."
search-018009,Live Search,live_search,Security Architect,Contra,Contra,Cybersecurity,Cybersecurity,,Remote / Global,MENA,MENA,Live Search,,,2026-07-20,Live search,Contra,B,Direct organization or specialist source,Direct,57,Low,,https://contra.com/opportunities?query=Security+Architect,"Direct project search for Security Architect in MENA. Sort by newest on the platform and verify employer, date, location eligibility and application route."
job-00799,Platform-Indexed Vacancy,job,ServiceNow Architect — LinkedIn Live Search,Worldwide Remote,Worldwide Remote,Live Job Search,Live Job Search,Other Multinational & Enterprise,Remote / Global,Worldwide Remote,Live / varies,Possibly Available,,,2026-07-20,Live search sorted toward newest results,LinkedIn,B,Recognized job platform,Platform,57,Low,,https://www.linkedin.com/jobs/search/?keywords=ServiceNow+Architect&sortBy=DD&location=Worldwide+Remote,"Global remote live-search pack. This is a live search link, not one fixed vacancy."
job-00899,Platform-Indexed Vacancy,job,ServiceNow Architect — LinkedIn Live Search,EMEA Remote,EMEA Remote,Live Job Search,Live Job Search,Other Multinational & Enterprise,Remote / Global,EMEA Remote,Live / varies,Possibly Available,,,2026-07-20,Live search sorted toward newest results,LinkedIn,B,Recognized job platform,Platform,57,Low,,https://www.linkedin.com/jobs/search/?keywords=ServiceNow+Architect&sortBy=DD&location=EMEA+Remote,"Global remote live-search pack. This is a live search link, not one fixed vacancy."
job-00999,Platform-Indexed Vacancy,job,ServiceNow Architect — LinkedIn Live Search,Africa Remote,Africa Remote,Live Job Search,Live Job Search,Other Multinational & Enterprise,Africa,Africa Remote,Live / varies,Possibly Available,,,2026-07-20,Live search sorted toward newest results,LinkedIn,B,Recognized job platform,Platform,57,Low,,https://www.linkedin.com/jobs/search/?keywords=ServiceNow+Architect&sortBy=DD&location=Africa+Remote,"Global remote live-search pack. This is a live search link, not one fixed vacancy."
job-01099,Platform-Indexed Vacancy,job,ServiceNow Architect — LinkedIn Live Search,Middle East Remote,Middle East Remote,Live Job Search,Live Job Search,Other Multinational & Enterprise,Remote / Global,Middle East Remote,Live / varies,Possibly Available,,,2026-07-20,Live search sorted toward newest results,LinkedIn,B,Recognized job platform,Platform,57,Low,,https://www.linkedin.com/jobs/search/?keywords=ServiceNow+Architect&sortBy=DD&location=Middle+East+Remote,"Global remote live-search pack. This is a live search link, not one fixed vacancy."
job-00801,Platform-Indexed Vacancy,job,ServiceNow Architect — RemoteOK Live Search,Worldwide Remote,Worldwide Remote,Live Job Search,Live Job Search,Other Multinational & Enterprise,Remote / Global,Worldwide Remote,Live / varies,Possibly Available,,,2026-07-20,Live search sorted toward newest results,RemoteOK,B,Direct organization or specialist source,Direct,57,Low,,https://remoteok.com/remote-servicenow-architect-jobs,"Global remote live-search pack. This is a live search link, not one fixed vacancy."
job-00901,Platform-Indexed Vacancy,job,ServiceNow Architect — RemoteOK Live Search,EMEA Remote,EMEA Remote,Live Job Search,Live Job Search,Other Multinational & Enterprise,Remote / Global,EMEA Remote,Live / varies,Possibly Available,,,2026-07-20,Live search sorted toward newest results,RemoteOK,B,Direct organization or specialist source,Direct,57,Low,,https://remoteok.com/remote-servicenow-architect-jobs,"Global remote live-search pack. This is a live search link, not one fixed vacancy."
job-01001,Platform-Indexed Vacancy,job,ServiceNow Architect — RemoteOK Live Search,Africa Remote,Africa Remote,Live Job Search,Live Job Search,Other Multinational & Enterprise,Africa,Africa Remote,Live / varies,Possibly Available,,,2026-07-20,Live search sorted toward newest results,RemoteOK,B,Direct organization or specialist source,Direct,57,Low,,https://remoteok.com/remote-servicenow-architect-jobs,"Global remote live-search pack. This is a live search link, not one fixed vacancy."
job-01101,Platform-Indexed Vacancy,job,ServiceNow Architect — RemoteOK Live Search,Middle East Remote,Middle East Remote,Live Job Search,Live Job Search,Other Multinational & Enterprise,Remote / Global,Middle East Remote,Live / varies,Possibly Available,,,2026-07-20,Live search sorted toward newest results,RemoteOK,B,Direct organization or specialist source,Direct,57,Low,,https://remoteok.com/remote-servicenow-architect-jobs,"Global remote live-search pack. This is a live search link, not one fixed vacancy."
job-00802,Platform-Indexed Vacancy,job,ServiceNow Architect — Wellfound Live Search,Worldwide Remote,Worldwide Remote,Live Job Search,Live Job Search,Other Multinational & Enterprise,Remote / Global,Worldwide Remote,Live / varies,Possibly Available,,,2026-07-20,Live search sorted toward newest results,Wellfound,B,Direct organization or specialist source,Direct,57,Low,,https://wellfound.com/jobs?q=ServiceNow+Architect&remote=True,"Global remote live-search pack. This is a live search link, not one fixed vacancy."
job-00902,Platform-Indexed Vacancy,job,ServiceNow Architect — Wellfound Live Search,EMEA Remote,EMEA Remote,Live Job Search,Live Job Search,Other Multinational & Enterprise,Remote / Global,EMEA Remote,Live / varies,Possibly Available,,,2026-07-20,Live search sorted toward newest results,Wellfound,B,Direct organization or specialist source,Direct,57,Low,,https://wellfound.com/jobs?q=ServiceNow+Architect&remote=True,"Global remote live-search pack. This is a live search link, not one fixed vacancy."
job-01002,Platform-Indexed Vacancy,job,ServiceNow Architect — Wellfound Live Search,Africa Remote,Africa Remote,Live Job Search,Live Job Search,Other Multinational & Enterprise,Africa,Africa Remote,Live / varies,Possibly Available,,,2026-07-20,Live search sorted toward newest results,Wellfound,B,Direct organization or specialist source,Direct,57,Low,,https://wellfound.com/jobs?q=ServiceNow+Architect&remote=True,"Global remote live-search pack. This is a live search link, not one fixed vacancy."
job-01102,Platform-Indexed Vacancy,job,ServiceNow Architect — Wellfound Live Search,Middle East Remote,Middle East Remote,Live Job Search,Live Job Search,Other Multinational & Enterprise,Remote / Global,Middle East Remote,Live / varies,Possibly Available,,,2026-07-20,Live search sorted toward newest results,Wellfound,B,Direct organization or specialist source,Direct,57,Low,,https://wellfound.com/jobs?q=ServiceNow+Architect&remote=True,"Global remote live-search pack. This is a live search link, not one fixed vacancy."
job-00800,Platform-Indexed Vacancy,job,ServiceNow Architect — WeWorkRemotely Live Search,Worldwide Remote,Worldwide Remote,Live Job Search,Live Job Search,Other Multinational & Enterprise,Remote / Global,Worldwide Remote,Live / varies,Possibly Available,,,2026-07-20,Live search sorted toward newest results,WeWorkRemotely,B,Direct organization or specialist source,Direct,57,Low,,https://weworkremotely.com/remote-jobs/search?term=ServiceNow+Architect,"Global remote live-search pack. This is a live search link, not one fixed vacancy."
job-00900,Platform-Indexed Vacancy,job,ServiceNow Architect — WeWorkRemotely Live Search,EMEA Remote,EMEA Remote,Live Job Search,Live Job Search,Other Multinational & Enterprise,Remote / Global,EMEA Remote,Live / varies,Possibly Available,,,2026-07-20,Live search sorted toward newest results,WeWorkRemotely,B,Direct organization or specialist source,Direct,57,Low,,https://weworkremotely.com/remote-jobs/search?term=ServiceNow+Architect,"Global remote live-search pack. This is a live search link, not one fixed vacancy."
job-01000,Platform-Indexed Vacancy,job,ServiceNow Architect — WeWorkRemotely Live Search,Africa Remote,Africa Remote,Live Job Search,Live Job Search,Other Multinational & Enterprise,Africa,Africa Remote,Live / varies,Possibly Available,,,2026-07-20,Live search sorted toward newest results,WeWorkRemotely,B,Direct organization or specialist source,Direct,57,Low,,https://weworkremotely.com/remote-jobs/search?term=ServiceNow+Architect,"Global remote live-search pack. This is a live search link, not one fixed vacancy."
job-01100,Platform-Indexed Vacancy,job,ServiceNow Architect — WeWorkRemotely Live Search,Middle East Remote,Middle East Remote,Live Job Search,Live Job Search,Other Multinational & Enterprise,Remote / Global,Middle East Remote,Live / varies,Possibly Available,,,2026-07-20,Live search sorted toward newest results,WeWorkRemotely,B,Direct organization or specialist source,Direct,57,Low,,https://weworkremotely.com/remote-jobs/search?term=ServiceNow+Architect,"Global remote live-search pack. This is a live search link, not one fixed vacancy."
job-00755,Platform-Indexed Vacancy,job,Health Informatics — LinkedIn Live Search,Worldwide Remote,Worldwide Remote,Live Job Search,Live Job Search,Healthcare & Life Sciences,Remote / Global,Worldwide Remote,Live / varies,Possibly Available,,,2026-07-20,Live search sorted toward newest results,LinkedIn,B,Recognized job platform,Platform,53,Low,,https://www.linkedin.com/jobs/search/?keywords=Health+Informatics&sortBy=DD&location=Worldwide+Remote,"Global remote live-search pack. This is a live search link, not one fixed vacancy."
job-00855,Platform-Indexed Vacancy,job,Health Informatics — LinkedIn Live Search,EMEA Remote,EMEA Remote,Live Job Search,Live Job Search,Healthcare & Life Sciences,Remote / Global,EMEA Remote,Live / varies,Possibly Available,,,2026-07-20,Live search sorted toward newest results,LinkedIn,B,Recognized job platform,Platform,53,Low,,https://www.linkedin.com/jobs/search/?keywords=Health+Informatics&sortBy=DD&location=EMEA+Remote,"Global remote live-search pack. This is a live search link, not one fixed vacancy."
job-00955,Platform-Indexed Vacancy,job,Health Informatics — LinkedIn Live Search,Africa Remote,Africa Remote,Live Job Search,Live Job Search,Healthcare & Life Sciences,Africa,Africa Remote,Live / varies,Possibly Available,,,2026-07-20,Live search sorted toward newest results,LinkedIn,B,Recognized job platform,Platform,53,Low,,https://www.linkedin.com/jobs/search/?keywords=Health+Informatics&sortBy=DD&location=Africa+Remote,"Global remote live-search pack. This is a live search link, not one fixed vacancy."
job-01055,Platform-Indexed Vacancy,job,Health Informatics — LinkedIn Live Search,Middle East Remote,Middle East Remote,Live Job Search,Live Job Search,Healthcare & Life Sciences,Remote / Global,Middle East Remote,Live / varies,Possibly Available,,,2026-07-20,Live search sorted toward newest results,LinkedIn,B,Recognized job platform,Platform,53,Low,,https://www.linkedin.com/jobs/search/?keywords=Health+Informatics&sortBy=DD&location=Middle+East+Remote,"Global remote live-search pack. This is a live search link, not one fixed vacancy."
job-00757,Platform-Indexed Vacancy,job,Health Informatics — RemoteOK Live Search,Worldwide Remote,Worldwide Remote,Live Job Search,Live Job Search,Healthcare & Life Sciences,Remote / Global,Worldwide Remote,Live / varies,Possibly Available,,,2026-07-20,Live search sorted toward newest results,RemoteOK,B,Direct organization or specialist source,Direct,53,Low,,https://remoteok.com/remote-health-informatics-jobs,"Global remote live-search pack. This is a live search link, not one fixed vacancy."
job-00857,Platform-Indexed Vacancy,job,Health Informatics — RemoteOK Live Search,EMEA Remote,EMEA Remote,Live Job Search,Live Job Search,Healthcare & Life Sciences,Remote / Global,EMEA Remote,Live / varies,Possibly Available,,,2026-07-20,Live search sorted toward newest results,RemoteOK,B,Direct organization or specialist source,Direct,53,Low,,https://remoteok.com/remote-health-informatics-jobs,"Global remote live-search pack. This is a live search link, not one fixed vacancy."
job-00957,Platform-Indexed Vacancy,job,Health Informatics — RemoteOK Live Search,Africa Remote,Africa Remote,Live Job Search,Live Job Search,Healthcare & Life Sciences,Africa,Africa Remote,Live / varies,Possibly Available,,,2026-07-20,Live search sorted toward newest results,RemoteOK,B,Direct organization or specialist source,Direct,53,Low,,https://remoteok.com/remote-health-informatics-jobs,"Global remote live-search pack. This is a live search link, not one fixed vacancy."
job-01057,Platform-Indexed Vacancy,job,Health Informatics — RemoteOK Live Search,Middle East Remote,Middle East Remote,Live Job Search,Live Job Search,Healthcare & Life Sciences,Remote / Global,Middle East Remote,Live / varies,Possibly Available,,,2026-07-20,Live search sorted toward newest results,RemoteOK,B,Direct organization or specialist source,Direct,53,Low,,https://remoteok.com/remote-health-informatics-jobs,"Global remote live-search pack. This is a live search link, not one fixed vacancy."
job-00758,Platform-Indexed Vacancy,job,Health Informatics — Wellfound Live Search,Worldwide Remote,Worldwide Remote,Live Job Search,Live Job Search,Healthcare & Life Sciences,Remote / Global,Worldwide Remote,Live / varies,Possibly Available,,,2026-07-20,Live search sorted toward newest results,Wellfound,B,Direct organization or specialist source,Direct,53,Low,,https://wellfound.com/jobs?q=Health+Informatics&remote=True,"Global remote live-search pack. This is a live search link, not one fixed vacancy."
job-00858,Platform-Indexed Vacancy,job,Health Informatics — Wellfound Live Search,EMEA Remote,EMEA Remote,Live Job Search,Live Job Search,Healthcare & Life Sciences,Remote / Global,EMEA Remote,Live / varies,Possibly Available,,,2026-07-20,Live search sorted toward newest results,Wellfound,B,Direct organization or specialist source,Direct,53,Low,,https://wellfound.com/jobs?q=Health+Informatics&remote=True,"Global remote live-search pack. This is a live search link, not one fixed vacancy."
job-00958,Platform-Indexed Vacancy,job,Health Informatics — Wellfound Live Search,Africa Remote,Africa Remote,Live Job Search,Live Job Search,Healthcare & Life Sciences,Africa,Africa Remote,Live / varies,Possibly Available,,,2026-07-20,Live search sorted toward newest results,Wellfound,B,Direct organization or specialist source,Direct,53,Low,,https://wellfound.com/jobs?q=Health+Informatics&remote=True,"Global remote live-search pack. This is a live search link, not one fixed vacancy."
job-01058,Platform-Indexed Vacancy,job,Health Informatics — Wellfound Live Search,Middle East Remote,Middle East Remote,Live Job Search,Live Job Search,Healthcare & Life Sciences,Remote / Global,Middle East Remote,Live / varies,Possibly Available,,,2026-07-20,Live search sorted toward newest results,Wellfound,B,Direct organization or specialist source,Direct,53,Low,,https://wellfound.com/jobs?q=Health+Informatics&remote=True,"Global remote live-search pack. This is a live search link, not one fixed vacancy."
job-00756,Platform-Indexed Vacancy,job,Health Informatics — WeWorkRemotely Live Search,Worldwide Remote,Worldwide Remote,Live Job Search,Live Job Search,Healthcare & Life Sciences,Remote / Global,Worldwide Remote,Live / varies,Possibly Available,,,2026-07-20,Live search sorted toward newest results,WeWorkRemotely,B,Direct organization or specialist source,Direct,53,Low,,https://weworkremotely.com/remote-jobs/search?term=Health+Informatics,"Global remote live-search pack. This is a live search link, not one fixed vacancy."
job-00856,Platform-Indexed Vacancy,job,Health Informatics — WeWorkRemotely Live Search,EMEA Remote,EMEA Remote,Live Job Search,Live Job Search,Healthcare & Life Sciences,Remote / Global,EMEA Remote,Live / varies,Possibly Available,,,2026-07-20,Live search sorted toward newest results,WeWorkRemotely,B,Direct organization or specialist source,Direct,53,Low,,https://weworkremotely.com/remote-jobs/search?term=Health+Informatics,"Global remote live-search pack. This is a live search link, not one fixed vacancy."
job-00956,Platform-Indexed Vacancy,job,Health Informatics — WeWorkRemotely Live Search,Africa Remote,Africa Remote,Live Job Search,Live Job Search,Healthcare & Life Sciences,Africa,Africa Remote,Live / varies,Possibly Available,,,2026-07-20,Live search sorted toward newest results,WeWorkRemotely,B,Direct organization or specialist source,Direct,53,Low,,https://weworkremotely.com/remote-jobs/search?term=Health+Informatics,"Global remote live-search pack. This is a live search link, not one fixed vacancy."
job-01056,Platform-Indexed Vacancy,job,Health Informatics — WeWorkRemotely Live Search,Middle East Remote,Middle East Remote,Live Job Search,Live Job Search,Healthcare & Life Sciences,Remote / Global,Middle East Remote,Live / varies,Possibly Available,,,2026-07-20,Live search sorted toward newest results,WeWorkRemotely,B,Direct organization or specialist source,Direct,53,Low,,https://weworkremotely.com/remote-jobs/search?term=Health+Informatics,"Global remote live-search pack. This is a live search link, not one fixed vacancy."
job-01129,Platform-Indexed Vacancy,job,Director of Enterprise Architecture,OneSource Virtual,OneSource Virtual,Enterprise Architecture,Enterprise Architecture,Technology & Consulting,Remote / Global,United States,Remote / Verify,Expired,,,2026-07-20,Open page checked 18 Jul 2026,Company career network,B,Direct organization or specialist source,Direct,70,Medium,,https://careers.ta.com/companies/onesource-virtual-2/jobs/69576711-director-of-enterprise-architecture,Confirm location and work authorization
job-01126,Platform-Indexed Vacancy,job,"Director, Solutions Architecture - Enterprise & Strategic",ClickHouse,ClickHouse,Solution Architecture,Solution Architecture,Technology & Consulting,Remote / Global,United States,Remote-friendly,Expired,,,2026-07-20,Open page checked 18 Jul 2026,Official employer ATS,A,Official / primary source,Official,70,Medium,,https://boards.greenhouse.io/clickhouse/jobs/6006037004,US role; remote-friendly company
job-01130,Platform-Indexed Vacancy,job,"Senior Director, Enterprise Architecture",Foot Locker,Foot Locker,Enterprise Architecture,Enterprise Architecture,Technology & Consulting,Remote / Global,United States,Fully remote,Expired,,,2026-07-20,Open page checked 18 Jul 2026,Official employer,B,Direct organization or specialist source,Direct,70,Medium,,https://careers.footlocker.com/jobs/68535?lang=en-us,US only
job-01127,Platform-Indexed Vacancy,job,Enterprise Architect,Element Solutions,Element Solutions,Enterprise Architecture,Enterprise Architecture,Technology & Consulting,Remote / Global,United States,Remote,Expired,,,2026-07-20,Open page checked 18 Jul 2026,Official employer ATS,A,Official / primary source,Official,68,Medium,,https://jobs.lever.co/elementsolutions/d19d53b2-af7b-483e-adac-eb4d326a885d,US government-contract environment
job-01146,Platform-Indexed Vacancy,job,Pre-Sales Enterprise Architect,NTT DATA,NTT DATA,Enterprise Architecture,Enterprise Architecture,Technology & Consulting,Remote / Global,Germany,Remote,Expired,,,2026-07-20,Current remote-job aggregator listing,Remote job board,B,Direct organization or specialist source,Direct,68,Medium,,https://www.remoterocketship.com/jobs/enterprise-architect/,Germany; German language likely required
job-01143,Platform-Indexed Vacancy,job,Architect,Jobgether client,Jobgether client,Enterprise Architecture,Enterprise Architecture,Technology & Consulting,Remote / Global,Turkey,Remote,Expired,,,2026-07-20,Shown on current remote job board,Remote job board,A,Official / primary source,Official,66,Medium,,https://jobs.lever.co/jobgether?location=Turkey,Remote role tied to Turkey
job-01156,Platform-Indexed Vacancy,job,Architect - AI Trainer,10x Team,10x Team,Enterprise Architecture,Enterprise Architecture,Technology & Consulting,Remote / Global,Remote / Verify Countries,Fully remote freelance,Expired,,,2026-07-20,Posted 7 Jul 2026,Official ATS,B,Direct organization or specialist source,Direct,66,Medium,,https://jobs.ashbyhq.com/10xteam/f16425b1-895d-4103-9006-90a2ef8a27fa,Confirm accepted countries; 8–20 hours/week
job-01128,Platform-Indexed Vacancy,job,Business Architect,Ibility,Ibility,Enterprise Architecture,Enterprise Architecture,Technology & Consulting,Remote / Global,United States / Verify,Remote,Expired,,,2026-07-20,Open page checked 18 Jul 2026,Official employer ATS,A,Official / primary source,Official,66,Medium,,https://jobs.lever.co/ibility/b1c4684e-b4ee-42f3-9b6a-ec60cf9875fd,US-oriented role; TOGAF/FEAF experience requested
job-01141,Platform-Indexed Vacancy,job,Data Catalog & Data Governance Specialist,Jobgether client,Jobgether client,Data Architecture & Governance,Data Architecture & Governance,Technology & Consulting,Remote / Global,Belgium,Remote contract,Expired,,,2026-07-20,Shown on current remote job board,Remote job board,A,Official / primary source,Official,66,Medium,,https://jobs.lever.co/jobgether?location=Belgium,Belgium-based contract
job-01144,Platform-Indexed Vacancy,job,Enterprise Architect,Best Buy Canada,Best Buy Canada,Enterprise Architecture,Enterprise Architecture,Technology & Consulting,Remote / Global,Canada,Remote,Expired,,,2026-07-20,Current remote-job aggregator listing,Remote job board,B,Direct organization or specialist source,Direct,66,Medium,,https://www.remoterocketship.com/jobs/enterprise-architect/,Canada remote
job-01145,Platform-Indexed Vacancy,job,Enterprise Architect,Wandelbots,Wandelbots,Enterprise Architecture,Enterprise Architecture,Technology & Consulting,Remote / Global,Germany,Remote,Expired,,,2026-07-20,Current remote-job aggregator listing,Remote job board,B,Direct organization or specialist source,Direct,66,Medium,,https://www.remoterocketship.com/jobs/enterprise-architect/,Germany remote
job-01131,Platform-Indexed Vacancy,job,"Manager, Enterprise Architecture",Adobe,Adobe,Enterprise Architecture,Enterprise Architecture,Technology & Consulting,Remote / Global,United States,Remote,Expired,,,2026-07-20,Listing page checked 18 Jul 2026,Official employer,B,Direct organization or specialist source,Direct,66,Medium,,https://careers.adobe.com/us/en/job/R167331/Manager-Enterprise-Architecture,Remote California / US eligibility
job-01132,Platform-Indexed Vacancy,job,"Senior Manager, Enterprise Architecture",Adobe,Adobe,Enterprise Architecture,Enterprise Architecture,Technology & Consulting,Remote / Global,United States,Remote / Flexible,Expired,,,2026-07-20,Listing page checked 18 Jul 2026,Official employer,B,Direct organization or specialist source,Direct,66,Medium,,https://careers.adobe.com/us/en/job/R168299/Senior-Manager-of-Enterprise-Architecture,US hiring eligibility
job-00117,Platform-Indexed Vacancy,job,AI Solution Architect,CodeNinja,CodeNinja,Solution Architecture,Solution Architecture,Other Multinational & Enterprise,Egypt,Egypt,Remote,Expired,,,2026-07-20,2026-07-12,Workable,A,Official / primary source,Official,64,Medium,,https://jobs.workable.com/view/2LNtkwJTBYeMQNxCZNYQii/remote-ai-solution-architect-in-egypt-at-codeninja,Remote Egypt
job-00118,Platform-Indexed Vacancy,job,Eskadenia Solutions Architect,Müller’s Solutions,Müller’s Solutions,Solution Architecture,Solution Architecture,Other Multinational & Enterprise,Egypt,Egypt,Cairo / Remote,Expired,,,2026-07-20,2026-07-16,Workable,A,Official / primary source,Official,64,Medium,,https://jobs.workable.com/view/gBESCNVFPomv8EGGT9en18/remote-eskadenia-solutions-architect-in-cairo-at-m%C3%BCller%60s-solutions,Remote Cairo
job-01155,Platform-Indexed Vacancy,job,Innovation Director - AI Trainer,10x Team,10x Team,Digital Transformation & Strategy,Digital Transformation & Strategy,Technology & Consulting,Remote / Global,Remote / Verify Countries,Fully remote freelance,Expired,,,2026-07-20,Open page checked 18 Jul 2026,Official ATS,B,Direct organization or specialist source,Direct,64,Medium,,https://jobs.ashbyhq.com/10xteam/e688f787-9daf-4785-960a-dbcc5c6a2faa,Confirm accepted countries; 8–20 hours/week
job-01125,Platform-Indexed Vacancy,job,Machine Learning Principal Solutions Architect,phData,phData,Solution Architecture,Solution Architecture,Technology & Consulting,Remote / Global,United States,Remote,Expired,,,2026-07-20,Open page checked 18 Jul 2026,Official employer ATS,A,Official / primary source,Official,64,Medium,,https://boards.greenhouse.io/phdata/jobs/7390457,US hiring eligibility
job-01151,Platform-Indexed Vacancy,job,Presales Consultant,Müller's Solutions,Müller's Solutions,Solution Architecture,Solution Architecture,Technology & Consulting,Egypt,Egypt,Remote,Expired,,,2026-07-20,Open page checked 18 Jul 2026,Official ATS,A,Official / primary source,Official,64,Medium,,https://jobs.workable.com/view/qbthsnFBmPkWV9WthvjQpq/presales-consultant-%28remote%29-in-cairo-at-m%C3%BCller%60s-solutions,Remote role associated with Cairo
job-01124,Platform-Indexed Vacancy,job,Solutions Architect - Pre-Sales,BlueCloud Services,BlueCloud Services,Solution Architecture,Solution Architecture,Technology & Consulting,Remote / Global,United States,Remote,Expired,,,2026-07-20,Posted 7 Jul 2026,Official employer ATS,A,Official / primary source,Official,64,Medium,,https://jobs.lever.co/blue/639d784c-c45c-48c6-8636-cacfec1d2d3c,US remote; Northeast preferred
job-01120,Platform-Indexed Vacancy,job,"Solutions Architect, Integrations",Sardine,Sardine,Solution Architecture,Solution Architecture,Other Multinational & Enterprise,Remote / Global,UK / European Union,Remote,Expired,,,2026-07-20,Shown on current employer job board,Official employer board,B,Direct organization or specialist source,Direct,64,Medium,,https://jobs.ashbyhq.com/sardine,UK or listed European countries
job-01136,Platform-Indexed Vacancy,job,Azure Data Architect,Lingaro,Lingaro,Data Architecture & Governance,Data Architecture & Governance,Technology & Consulting,Remote / Global,Poland,Remote,Expired,,,2026-07-20,Shown on current employer job board,Official employer board,A,Official / primary source,Official,62,Medium,,https://jobs.lever.co/lingarogroup,Remote within Poland
job-01116,Platform-Indexed Vacancy,job,Consulting Architect - Search,Elastic,Elastic,Solution Architecture,Solution Architecture,Technology & Consulting,Remote / Global,India,Remote,Expired,,,2026-07-20,Open page checked 18 Jul 2026,Official employer,B,Direct organization or specialist source,Direct,62,Medium,,https://jobs.elastic.co/jobs/csg/india/consulting-architect-search/7447236,Remote role based in India
job-01137,Platform-Indexed Vacancy,job,GCP Data Architect,Lingaro,Lingaro,Data Architecture & Governance,Data Architecture & Governance,Technology & Consulting,Remote / Global,Europe / Poland,Remote,Expired,,,2026-07-20,Shown on current employer job board,Official employer board,A,Official / primary source,Official,62,Medium,,https://jobs.lever.co/lingarogroup,European/Polish hiring location
job-01113,Platform-Indexed Vacancy,job,IoT Solutions Architecture Manager,Canonical,Canonical,Solution Architecture,Solution Architecture,Technology & Cloud,Remote / Global,Americas / EMEA / APAC,Remote,Expired,,,2026-07-24,Open page checked 18 Jul 2026,Official employer,A,Official employer / primary source,Official,62,Medium,,https://canonical.com/careers/6587365,Search result showed Americas role; other geographies may be recruited separately
job-01139,Platform-Indexed Vacancy,job,Mendix Solution Architect,Lingaro,Lingaro,Solution Architecture,Solution Architecture,Other Multinational & Enterprise,Remote / Global,Poland,Remote,Expired,,,2026-07-20,Shown on current employer job board,Official employer board,A,Official / primary source,Official,62,Medium,,https://jobs.lever.co/lingarogroup,Remote within Poland
job-01121,Platform-Indexed Vacancy,job,Sales Engineer - EMEA,Socket,Socket,Solution Architecture,Solution Architecture,Supply Chain & Logistics,Remote / Global,EMEA,Remote-first,Expired,,,2026-07-20,Open page checked 18 Jul 2026,Official employer ATS,B,Direct organization or specialist source,Direct,62,Medium,,https://jobs.ashbyhq.com/socket/b88a5ea5-fb24-4e42-b567-072bf14a14ba,EMEA; confirm country support
job-01140,Platform-Indexed Vacancy,job,Senior AI Solution Architect,Jobgether client,Jobgether client,Solution Architecture,Solution Architecture,Other Multinational & Enterprise,Remote / Global,Belgium,Remote,Expired,,,2026-07-20,Shown on current remote job board,Remote job board,A,Official / primary source,Official,62,Medium,,https://jobs.lever.co/jobgether?location=Belgium,Remote role tied to Belgium
job-01123,Platform-Indexed Vacancy,job,Senior Solution Architect,Sanity,Sanity,Solution Architecture,Solution Architecture,Other Multinational & Enterprise,Remote / Global,United States / Canada,Remote,Expired,,,2026-07-20,Open page checked 18 Jul 2026,Official employer ATS,B,Direct organization or specialist source,Direct,62,Medium,,https://jobs.ashbyhq.com/sanity/2efeec05-9eb0-4864-b505-62e952d685d7,Remote in the US or Canada
job-01117,Platform-Indexed Vacancy,job,Senior Solution Architect - EMEA North,Camunda,Camunda,Solution Architecture,Solution Architecture,Other Multinational & Enterprise,Remote / Global,EMEA North / UK,Remote-first,Expired,,,2026-07-20,Open page checked 18 Jul 2026,Official employer ATS,B,Direct organization or specialist source,Direct,62,Medium,,https://jobs.ashbyhq.com/camunda/cfafe271-e3e9-4a00-8c0b-39ea10890d8a,Remote-first role based in London / EMEA North
job-01114,Platform-Indexed Vacancy,job,Senior Solutions Architect,GitLab,GitLab,Solution Architecture,Solution Architecture,Other Multinational & Enterprise,Remote / Global,Germany,Remote,Expired,,,2026-07-20,Shown on current GitLab jobs board,Official employer board,B,Direct organization or specialist source,Direct,62,Medium,,https://about.gitlab.com/jobs/all-jobs/,Remote within Germany
job-01119,Platform-Indexed Vacancy,job,Senior Solutions Architect - Europe,Deepgram,Deepgram,Solution Architecture,Solution Architecture,Other Multinational & Enterprise,Remote / Global,European Union,Remote,Expired,,,2026-07-20,Shown on current employer job board,Official employer board,B,Direct organization or specialist source,Direct,62,Medium,,https://jobs.ashbyhq.com/Deepgram?employmentType=FullTime,EU remote
job-01138,Platform-Indexed Vacancy,job,Solution Architect,Lingaro,Lingaro,Solution Architecture,Solution Architecture,Other Multinational & Enterprise,Remote / Global,Poland,Remote,Expired,,,2026-07-20,Shown on current employer job board,Official employer board,A,Official / primary source,Official,62,Medium,,https://jobs.lever.co/lingarogroup,Remote within Poland
job-01115,Platform-Indexed Vacancy,job,Solutions Architect,GitLab,GitLab,Solution Architecture,Solution Architecture,Supply Chain & Logistics,Remote / Global,Remote - Multiple Regions,Remote,Expired,,,2026-07-20,Current GitLab job-board listing,Official employer board,B,Direct organization or specialist source,Direct,62,Medium,,https://about.gitlab.com/jobs/all-jobs/,Use GitLab location filter and confirm Egypt is supported
job-01122,Platform-Indexed Vacancy,job,Solutions Architect - East Asia,Cape,Cape,Solution Architecture,Solution Architecture,Other Multinational & Enterprise,Remote / Global,East Asia,Remote,Expired,,,2026-07-20,Open page checked 18 Jul 2026,Official employer ATS,B,Direct organization or specialist source,Direct,62,Medium,,https://jobs.ashbyhq.com/cape/b693064d-36d2-4035-ace2-a26aa910961e,East Asia regional role
job-01150,Platform-Indexed Vacancy,job,Strategic Partnerships Lead - Banking Distribution COO,JUMO,JUMO,Digital Transformation & Strategy,Digital Transformation & Strategy,Technology & Consulting,Remote / Global,UTC 0 to UTC+3 / Selected countries,Remote-first,Expired,,,2026-07-20,Shown on current employer job board,Official employer ATS,A,Official / primary source,Official,62,Medium,,https://boards.greenhouse.io/jumo/jobs/7870659,Job board references remote hiring within UTC 0 to UTC+3; confirm Egypt eligibility
job-01153,Platform-Indexed Vacancy,job,AI Strategy Manager - Strategic Operations & Business Transformation,Human Intelligence,Human Intelligence,Digital Transformation & Strategy,Digital Transformation & Strategy,Technology & Consulting,Remote / Global,Indonesia / Verify,Remote,Expired,,,2026-07-20,Posted 16 Jul 2026,Official ATS,A,Official / primary source,Official,61,Medium,,https://jobs.workable.com/view/hgG7eFbC7SCYe8KfNHBtMv/remote-ai-strategy-manager-%7C-strategic-operations-%26-business-transformation-in-jakarta-at-human-intelligence,Remote role linked to Jakarta
job-00697,Platform-Indexed Vacancy,job,Digital Transformation Manager,Seven Blocks,Seven Blocks,Digital Transformation & Strategy,Digital Transformation & Strategy,Technology & Consulting,GCC,Bahrain,Remote - Bahrain,Expired,,,2026-07-20,Recent listing,LinkedIn,B,Recognized job platform,Platform,61,Medium,,https://bh.linkedin.com/jobs/view/digital-transformation-manager-at-seven-blocks-%E2%84%A2-4429602278,Remote role based in Bahrain
job-01135,Platform-Indexed Vacancy,job,Oracle Cloud Senior Consultant - PPM,Highstreet IT Solutions,Highstreet IT Solutions,Enterprise Applications & Software,Enterprise Applications & Software,Supply Chain & Logistics,Remote / Global,United States / Verify,Remote / Client delivery,Expired,,,2026-07-20,Open page checked 18 Jul 2026,Official employer ATS,A,Official / primary source,Official,60,Medium,,https://jobs.lever.co/highstreetit/caf00c7d-6be8-4dd3-8e0d-9300e6c59ce0,Confirm supported work location
job-01147,Platform-Indexed Vacancy,job,Senior Business Analyst - Digital Transformation,SSC HR Solutions,SSC HR Solutions,Digital Transformation & Strategy,Digital Transformation & Strategy,Technology & Consulting,Egypt,Egypt,Remote,Expired,,,2026-07-20,Posted 18 Jul 2026,Official ATS,A,Official / primary source,Official,60,Medium,,https://jobs.workable.com/view/wsPs2e4w3rx9Keer3PZj6X/remote-senior-business-analyst-%28digital-transformation%29-in-egypt-at-ssc-hr-solutions,Remote Egypt role
job-01134,Platform-Indexed Vacancy,job,Senior Enterprise Infrastructure Manager,Turning Point,Turning Point,IT Leadership & Management,IT Leadership & Management,Technology & Consulting,Remote / Global,United Kingdom,Flexible remote,Expired,,,2026-07-20,Listing page checked 18 Jul 2026,Official employer,B,Direct organization or specialist source,Direct,60,Medium,,https://careers.turning-point.co.uk/jobs/job/Senior-Enterprise-Infrastructure-Manager/12775,UK role with occasional London/Manchester travel
job-01111,Platform-Indexed Vacancy,job,Software Architect - Containers / Virtualisation,Canonical,Canonical,"Cloud, Infrastructure & IT Operations","Cloud, Infrastructure & IT Operations",Technology & Cloud,Remote / Global,EMEA & Americas,Home based,Expired,,,2026-07-24,Current - checked 2026-07-20,Canonical,A,Official employer / primary source,Official,59,Low,,https://canonical.com/careers/5881447/software-architect-containers-virtualisation-remote,EMEA / Americas remote
job-01133,Platform-Indexed Vacancy,job,"Director, IT",Life360,Life360,IT Leadership & Management,IT Leadership & Management,Other Multinational & Enterprise,Other,United States / Verify,Distributed workforce,Expired,,,2026-07-20,Open page checked 18 Jul 2026,Official employer ATS,A,Official / primary source,Official,57,Low,,https://boards.greenhouse.io/life360/jobs/8636922002,Confirm remote location and work authorization
job-01149,Platform-Indexed Vacancy,job,Partner Integrations Specialist,JUMO,JUMO,Integration & Enterprise Applications,Integration & Enterprise Applications,Technology & Consulting,Africa,South Africa,Remote-first,Expired,,,2026-07-20,Shown on current employer job board,Official employer ATS,A,Official / primary source,Official,57,Low,,https://boards.greenhouse.io/jumo/jobs/7870659,Based in South Africa
job-01154,Platform-Indexed Vacancy,job,Software Architect - AI Trainer,10x Team,10x Team,Other Technology Role,Other Technology Role,Technology & Consulting,Remote / Global,European Union / United Kingdom,Remote freelance,Expired,,,2026-07-20,Open page checked 18 Jul 2026,Official ATS,B,Direct organization or specialist source,Direct,57,Low,,https://jobs.ashbyhq.com/10xteam/cf3c449d-0a87-46f8-b0a8-c274a01fe7d4,Candidates based in the EU or UK; 8–20 hours/week
job-01118,Platform-Indexed Vacancy,job,Technical Account Manager - EMEA North,Camunda,Camunda,Business Analysis & Process Improvement,Business Analysis & Process Improvement,Other Multinational & Enterprise,Remote / Global,EMEA North,Remote-first,Expired,,,2026-07-20,Open page checked 18 Jul 2026,Official employer ATS,B,Direct organization or specialist source,Direct,57,Low,,https://jobs.ashbyhq.com/camunda/155e2fbf-e2f8-45be-b086-a3373e90c599,Confirm eligible EMEA hiring countries
job-01152,Platform-Indexed Vacancy,job,Technical Project Manager - Business Analysis & AI Delivery,Human Intelligence,Human Intelligence,"Program, Project & Delivery Management","Program, Project & Delivery Management",Other Multinational & Enterprise,Remote / Global,Mexico / Verify,Remote,Expired,,,2026-07-20,Posted 17 Jul 2026,Official ATS,A,Official / primary source,Official,57,Low,,https://jobs.workable.com/view/8uSjcYnBX3rSEYMksw9y7z/remote-technical-project-manager-%7C-business-analysis-%26-ai-delivery-in-guadalajara-at-human-intelligence,Remote role linked to Guadalajara
job-01142,Platform-Indexed Vacancy,job,Ubuntu Engineering Manager,Jobgether client,Jobgether client,IT Leadership & Management,IT Leadership & Management,Energy & Infrastructure,Remote / Global,Belgium,Remote,Expired,,,2026-07-20,Shown on current remote job board,Remote job board,A,Official / primary source,Official,57,Low,,https://jobs.lever.co/jobgether?location=Belgium,Belgium-based remote role
job-01148,Platform-Indexed Vacancy,job,MEL System Development and Implementation,CGIAR,CGIAR,Digital Transformation & Strategy,Digital Transformation & Strategy,Technology & Consulting,Africa,Africa / Kenya,Remote / Nairobi-linked,Expired,,,2026-07-20,Posted 4 Jul 2026,Official ATS,A,Official / primary source,Official,55,Low,,https://jobs.workable.com/view/iAPwEMD3yUkepNnYUoQ7pW/remote-mel-system-development-and-implementation-in-nairobi-at-cgiar,Consultancy/assignment; verify eligible countries
job-00666,Platform-Indexed Vacancy,job,Digital Solutions Enterprise Architect,Omnix International,Omnix International,Enterprise Architecture,Enterprise Architecture,Technology & Consulting,Egypt,GCC / Egypt,Remote from Egypt + GCC travel,Expired,,,2026-07-20,Recent listing,LinkedIn,B,Recognized job platform,Platform,42,Low,,https://eg.linkedin.com/jobs/view/digital-solutions-enterprise-architect-at-omnix-international-4427184102,Regular GCC travel
