"id","title","subtitle","type","region","country","location","fit","status","posted","checked","notes","source","url"
"1","Chief Information Officer","LinkedIn","Live Platform Search","Egypt","Egypt","","Medium","Monitoring","","2026-07-20","Live search for Chief Information Officer in Egypt using LinkedIn.","Generated search matrix","https://www.linkedin.com/jobs/search/?keywords=Chief%20Information%20Officer&location=Egypt&sortBy=DD"
"2","Chief Information Officer","Indeed","Live Platform Search","Egypt","Egypt","","Medium","Monitoring","","2026-07-20","Live search for Chief Information Officer in Egypt using Indeed.","Generated search matrix","https://www.indeed.com/jobs?q=Chief%20Information%20Officer&l=Egypt&sort=date"
"3","Chief Information Officer","Glassdoor","Live Platform Search","Egypt","Egypt","","Medium","Monitoring","","2026-07-20","Live search for Chief Information Officer in Egypt using Glassdoor.","Generated search matrix","https://www.google.com/search?q=site%3Aglassdoor.com%2FJob%20%22Chief%20Information%20Officer%22%20%22Egypt%22%20jobs"
"4","Chief Information Officer","Bayt","Live Platform Search","Egypt","Egypt","","Medium","Monitoring","","2026-07-20","Live search for Chief Information Officer in Egypt using Bayt.","Generated search matrix","https://www.bayt.com/en/international/jobs/chief-information-officer-jobs/"
"5","Chief Information Officer","GulfTalent","Live Platform Search","Egypt","Egypt","","Medium","Monitoring","","2026-07-20","Live search for Chief Information Officer in Egypt using GulfTalent.","Generated search matrix","https://www.google.com/search?q=site%3Agulftalent.com%20%22Chief%20Information%20Officer%22%20%22Egypt%22%20jobs"
"6","Chief Information Officer","Naukrigulf","Live Platform Search","Egypt","Egypt","","Medium","Monitoring","","2026-07-20","Live search for Chief Information Officer in Egypt using Naukrigulf.","Generated search matrix","https://www.google.com/search?q=site%3Anaukrigulf.com%20%22Chief%20Information%20Officer%22%20%22Egypt%22%20jobs"
"7","Chief Information Officer","WUZZUF","Live Platform Search","Egypt","Egypt","","Medium","Monitoring","","2026-07-20","Live search for Chief Information Officer in Egypt using WUZZUF.","Generated search matrix","https://wuzzuf.net/search/jobs/?q=Chief%20Information%20Officer&a=hpb"
"8","Chief Information Officer","Careerjet","Live Platform Search","Egypt","Egypt","","Medium","Monitoring","","2026-07-20","Live search for Chief Information Officer in Egypt using Careerjet.","Generated search matrix","https://www.careerjet.com/search/jobs?s=Chief%20Information%20Officer&l=Egypt"
"9","Chief Information Officer","Jooble","Live Platform Search","Egypt","Egypt","","Medium","Monitoring","","2026-07-20","Live search for Chief Information Officer in Egypt using Jooble.","Generated search matrix","https://jooble.org/SearchResult?rgns=Egypt&ukw=Chief%20Information%20Officer"
"10","Chief Information Officer","Jobberman","Live Platform Search","Egypt","Egypt","","Medium","Monitoring","","2026-07-20","Live search for Chief Information Officer in Egypt using Jobberman.","Generated search matrix","https://www.google.com/search?q=site%3Ajobberman.com%20%22Chief%20Information%20Officer%22%20%22Egypt%22%20jobs"
"11","Chief Information Officer","BrighterMonday","Live Platform Search","Egypt","Egypt","","Medium","Monitoring","","2026-07-20","Live search for Chief Information Officer in Egypt using BrighterMonday.","Generated search matrix","https://www.google.com/search?q=site%3Abrightermonday.co.ke%20%22Chief%20Information%20Officer%22%20%22Egypt%22%20jobs"
"12","Chief Information Officer","Devex","Live Platform Search","Egypt","Egypt","","Medium","Monitoring","","2026-07-20","Live search for Chief Information Officer in Egypt using Devex.","Generated search matrix","https://www.google.com/search?q=site%3Adevex.com%2Fjobs%20%22Chief%20Information%20Officer%22%20%22Egypt%22%20jobs"
"13","Chief Information Officer","ReliefWeb","Live Platform Search","Egypt","Egypt","","Medium","Monitoring","","2026-07-20","Live search for Chief Information Officer in Egypt using ReliefWeb.","Generated search matrix","https://reliefweb.int/jobs?search=Chief%20Information%20Officer%20Egypt"
"14","Chief Information Officer","Google Jobs","Live Platform Search","Egypt","Egypt","","Medium","Monitoring","","2026-07-20","Live search for Chief Information Officer in Egypt using Google Jobs.","Generated search matrix","https://www.google.com/search?q=Chief%20Information%20Officer%20jobs%20Egypt"
"541","Chief Technology Officer","LinkedIn","Live Platform Search","Egypt","Egypt","","High","Monitoring","","2026-07-20","Live search for Chief Technology Officer in Egypt using LinkedIn.","Generated search matrix","https://www.linkedin.com/jobs/search/?keywords=Chief%20Technology%20Officer&location=Egypt&sortBy=DD"
"542","Chief Technology Officer","Indeed","Live Platform Search","Egypt","Egypt","","High","Monitoring","","2026-07-20","Live search for Chief Technology Officer in Egypt using Indeed.","Generated search matrix","https://www.indeed.com/jobs?q=Chief%20Technology%20Officer&l=Egypt&sort=date"
"543","Chief Technology Officer","Glassdoor","Live Platform Search","Egypt","Egypt","","High","Monitoring","","2026-07-20","Live search for Chief Technology Officer in Egypt using Glassdoor.","Generated search matrix","https://www.google.com/search?q=site%3Aglassdoor.com%2FJob%20%22Chief%20Technology%20Officer%22%20%22Egypt%22%20jobs"
"544","Chief Technology Officer","Bayt","Live Platform Search","Egypt","Egypt","","High","Monitoring","","2026-07-20","Live search for Chief Technology Officer in Egypt using Bayt.","Generated search matrix","https://www.bayt.com/en/international/jobs/chief-technology-officer-jobs/"
"545","Chief Technology Officer","GulfTalent","Live Platform Search","Egypt","Egypt","","High","Monitoring","","2026-07-20","Live search for Chief Technology Officer in Egypt using GulfTalent.","Generated search matrix","https://www.google.com/search?q=site%3Agulftalent.com%20%22Chief%20Technology%20Officer%22%20%22Egypt%22%20jobs"
"546","Chief Technology Officer","Naukrigulf","Live Platform Search","Egypt","Egypt","","High","Monitoring","","2026-07-20","Live search for Chief Technology Officer in Egypt using Naukrigulf.","Generated search matrix","https://www.google.com/search?q=site%3Anaukrigulf.com%20%22Chief%20Technology%20Officer%22%20%22Egypt%22%20jobs"
"547","Chief Technology Officer","WUZZUF","Live Platform Search","Egypt","Egypt","","High","Monitoring","","2026-07-20","Live search for Chief Technology Officer in Egypt using WUZZUF.","Generated search matrix","https://wuzzuf.net/search/jobs/?q=Chief%20Technology%20Officer&a=hpb"
"548","Chief Technology Officer","Careerjet","Live Platform Search","Egypt","Egypt","","High","Monitoring","","2026-07-20","Live search for Chief Technology Officer in Egypt using Careerjet.","Generated search matrix","https://www.careerjet.com/search/jobs?s=Chief%20Technology%20Officer&l=Egypt"
"549","Chief Technology Officer","Jooble","Live Platform Search","Egypt","Egypt","","High","Monitoring","","2026-07-20","Live search for Chief Technology Officer in Egypt using Jooble.","Generated search matrix","https://jooble.org/SearchResult?rgns=Egypt&ukw=Chief%20Technology%20Officer"
"550","Chief Technology Officer","Jobberman","Live Platform Search","Egypt","Egypt","","High","Monitoring","","2026-07-20","Live search for Chief Technology Officer in Egypt using Jobberman.","Generated search matrix","https://www.google.com/search?q=site%3Ajobberman.com%20%22Chief%20Technology%20Officer%22%20%22Egypt%22%20jobs"
"551","Chief Technology Officer","BrighterMonday","Live Platform Search","Egypt","Egypt","","High","Monitoring","","2026-07-20","Live search for Chief Technology Officer in Egypt using BrighterMonday.","Generated search matrix","https://www.google.com/search?q=site%3Abrightermonday.co.ke%20%22Chief%20Technology%20Officer%22%20%22Egypt%22%20jobs"
"552","Chief Technology Officer","Devex","Live Platform Search","Egypt","Egypt","","High","Monitoring","","2026-07-20","Live search for Chief Technology Officer in Egypt using Devex.","Generated search matrix","https://www.google.com/search?q=site%3Adevex.com%2Fjobs%20%22Chief%20Technology%20Officer%22%20%22Egypt%22%20jobs"
"553","Chief Technology Officer","ReliefWeb","Live Platform Search","Egypt","Egypt","","High","Monitoring","","2026-07-20","Live search for Chief Technology Officer in Egypt using ReliefWeb.","Generated search matrix","https://reliefweb.int/jobs?search=Chief%20Technology%20Officer%20Egypt"
"554","Chief Technology Officer","Google Jobs","Live Platform Search","Egypt","Egypt","","High","Monitoring","","2026-07-20","Live search for Chief Technology Officer in Egypt using Google Jobs.","Generated search matrix","https://www.google.com/search?q=Chief%20Technology%20Officer%20jobs%20Egypt"
"1101","IT Director","LinkedIn","Live Platform Search","Egypt","Egypt","","High","Monitoring","","2026-07-20","Live search for IT Director in Egypt using LinkedIn.","Generated search matrix","https://www.linkedin.com/jobs/search/?keywords=IT%20Director&location=Egypt&sortBy=DD"
"1102","IT Director","Indeed","Live Platform Search","Egypt","Egypt","","High","Monitoring","","2026-07-20","Live search for IT Director in Egypt using Indeed.","Generated search matrix","https://www.indeed.com/jobs?q=IT%20Director&l=Egypt&sort=date"
"1103","IT Director","Glassdoor","Live Platform Search","Egypt","Egypt","","High","Monitoring","","2026-07-20","Live search for IT Director in Egypt using Glassdoor.","Generated search matrix","https://www.google.com/search?q=site%3Aglassdoor.com%2FJob%20%22IT%20Director%22%20%22Egypt%22%20jobs"
"1104","IT Director","Bayt","Live Platform Search","Egypt","Egypt","","High","Monitoring","","2026-07-20","Live search for IT Director in Egypt using Bayt.","Generated search matrix","https://www.bayt.com/en/international/jobs/it-director-jobs/"
"1105","IT Director","GulfTalent","Live Platform Search","Egypt","Egypt","","High","Monitoring","","2026-07-20","Live search for IT Director in Egypt using GulfTalent.","Generated search matrix","https://www.google.com/search?q=site%3Agulftalent.com%20%22IT%20Director%22%20%22Egypt%22%20jobs"
"1106","IT Director","Naukrigulf","Live Platform Search","Egypt","Egypt","","High","Monitoring","","2026-07-20","Live search for IT Director in Egypt using Naukrigulf.","Generated search matrix","https://www.google.com/search?q=site%3Anaukrigulf.com%20%22IT%20Director%22%20%22Egypt%22%20jobs"
"1107","IT Director","WUZZUF","Live Platform Search","Egypt","Egypt","","High","Monitoring","","2026-07-20","Live search for IT Director in Egypt using WUZZUF.","Generated search matrix","https://wuzzuf.net/search/jobs/?q=IT%20Director&a=hpb"
"1108","IT Director","Careerjet","Live Platform Search","Egypt","Egypt","","High","Monitoring","","2026-07-20","Live search for IT Director in Egypt using Careerjet.","Generated search matrix","https://www.careerjet.com/search/jobs?s=IT%20Director&l=Egypt"
"1109","IT Director","Jooble","Live Platform Search","Egypt","Egypt","","High","Monitoring","","2026-07-20","Live search for IT Director in Egypt using Jooble.","Generated search matrix","https://jooble.org/SearchResult?rgns=Egypt&ukw=IT%20Director"
"1110","IT Director","Jobberman","Live Platform Search","Egypt","Egypt","","High","Monitoring","","2026-07-20","Live search for IT Director in Egypt using Jobberman.","Generated search matrix","https://www.google.com/search?q=site%3Ajobberman.com%20%22IT%20Director%22%20%22Egypt%22%20jobs"
"1111","IT Director","BrighterMonday","Live Platform Search","Egypt","Egypt","","High","Monitoring","","2026-07-20","Live search for IT Director in Egypt using BrighterMonday.","Generated search matrix","https://www.google.com/search?q=site%3Abrightermonday.co.ke%20%22IT%20Director%22%20%22Egypt%22%20jobs"
"1112","IT Director","Devex","Live Platform Search","Egypt","Egypt","","High","Monitoring","","2026-07-20","Live search for IT Director in Egypt using Devex.","Generated search matrix","https://www.google.com/search?q=site%3Adevex.com%2Fjobs%20%22IT%20Director%22%20%22Egypt%22%20jobs"
"1113","IT Director","ReliefWeb","Live Platform Search","Egypt","Egypt","","High","Monitoring","","2026-07-20","Live search for IT Director in Egypt using ReliefWeb.","Generated search matrix","https://reliefweb.int/jobs?search=IT%20Director%20Egypt"
"1114","IT Director","Google Jobs","Live Platform Search","Egypt","Egypt","","High","Monitoring","","2026-07-20","Live search for IT Director in Egypt using Google Jobs.","Generated search matrix","https://www.google.com/search?q=IT%20Director%20jobs%20Egypt"
"1661","Director of Digital Transformation","LinkedIn","Live Platform Search","Egypt","Egypt","","High","Monitoring","","2026-07-20","Live search for Director of Digital Transformation in Egypt using LinkedIn.","Generated search matrix","https://www.linkedin.com/jobs/search/?keywords=Director%20of%20Digital%20Transformation&location=Egypt&sortBy=DD"
"1662","Director of Digital Transformation","Indeed","Live Platform Search","Egypt","Egypt","","High","Monitoring","","2026-07-20","Live search for Director of Digital Transformation in Egypt using Indeed.","Generated search matrix","https://www.indeed.com/jobs?q=Director%20of%20Digital%20Transformation&l=Egypt&sort=date"
"1663","Director of Digital Transformation","Glassdoor","Live Platform Search","Egypt","Egypt","","High","Monitoring","","2026-07-20","Live search for Director of Digital Transformation in Egypt using Glassdoor.","Generated search matrix","https://www.google.com/search?q=site%3Aglassdoor.com%2FJob%20%22Director%20of%20Digital%20Transformation%22%20%22Egypt%22%20jobs"
"1664","Director of Digital Transformation","Bayt","Live Platform Search","Egypt","Egypt","","High","Monitoring","","2026-07-20","Live search for Director of Digital Transformation in Egypt using Bayt.","Generated search matrix","https://www.bayt.com/en/international/jobs/director-of-digital-transformation-jobs/"
"1665","Director of Digital Transformation","GulfTalent","Live Platform Search","Egypt","Egypt","","High","Monitoring","","2026-07-20","Live search for Director of Digital Transformation in Egypt using GulfTalent.","Generated search matrix","https://www.google.com/search?q=site%3Agulftalent.com%20%22Director%20of%20Digital%20Transformation%22%20%22Egypt%22%20jobs"
"1666","Director of Digital Transformation","Naukrigulf","Live Platform Search","Egypt","Egypt","","High","Monitoring","","2026-07-20","Live search for Director of Digital Transformation in Egypt using Naukrigulf.","Generated search matrix","https://www.google.com/search?q=site%3Anaukrigulf.com%20%22Director%20of%20Digital%20Transformation%22%20%22Egypt%22%20jobs"
"1667","Director of Digital Transformation","WUZZUF","Live Platform Search","Egypt","Egypt","","High","Monitoring","","2026-07-20","Live search for Director of Digital Transformation in Egypt using WUZZUF.","Generated search matrix","https://wuzzuf.net/search/jobs/?q=Director%20of%20Digital%20Transformation&a=hpb"
"1668","Director of Digital Transformation","Careerjet","Live Platform Search","Egypt","Egypt","","High","Monitoring","","2026-07-20","Live search for Director of Digital Transformation in Egypt using Careerjet.","Generated search matrix","https://www.careerjet.com/search/jobs?s=Director%20of%20Digital%20Transformation&l=Egypt"
"1669","Director of Digital Transformation","Jooble","Live Platform Search","Egypt","Egypt","","High","Monitoring","","2026-07-20","Live search for Director of Digital Transformation in Egypt using Jooble.","Generated search matrix","https://jooble.org/SearchResult?rgns=Egypt&ukw=Director%20of%20Digital%20Transformation"
"1670","Director of Digital Transformation","Jobberman","Live Platform Search","Egypt","Egypt","","High","Monitoring","","2026-07-20","Live search for Director of Digital Transformation in Egypt using Jobberman.","Generated search matrix","https://www.google.com/search?q=site%3Ajobberman.com%20%22Director%20of%20Digital%20Transformation%22%20%22Egypt%22%20jobs"
"1671","Director of Digital Transformation","BrighterMonday","Live Platform Search","Egypt","Egypt","","High","Monitoring","","2026-07-20","Live search for Director of Digital Transformation in Egypt using BrighterMonday.","Generated search matrix","https://www.google.com/search?q=site%3Abrightermonday.co.ke%20%22Director%20of%20Digital%20Transformation%22%20%22Egypt%22%20jobs"
"1672","Director of Digital Transformation","Devex","Live Platform Search","Egypt","Egypt","","High","Monitoring","","2026-07-20","Live search for Director of Digital Transformation in Egypt using Devex.","Generated search matrix","https://www.google.com/search?q=site%3Adevex.com%2Fjobs%20%22Director%20of%20Digital%20Transformation%22%20%22Egypt%22%20jobs"
"1673","Director of Digital Transformation","ReliefWeb","Live Platform Search","Egypt","Egypt","","High","Monitoring","","2026-07-20","Live search for Director of Digital Transformation in Egypt using ReliefWeb.","Generated search matrix","https://reliefweb.int/jobs?search=Director%20of%20Digital%20Transformation%20Egypt"
"1674","Director of Digital Transformation","Google Jobs","Live Platform Search","Egypt","Egypt","","High","Monitoring","","2026-07-20","Live search for Director of Digital Transformation in Egypt using Google Jobs.","Generated search matrix","https://www.google.com/search?q=Director%20of%20Digital%20Transformation%20jobs%20Egypt"
"2221","Head of Information Systems","LinkedIn","Live Platform Search","Egypt","Egypt","","High","Monitoring","","2026-07-20","Live search for Head of Information Systems in Egypt using LinkedIn.","Generated search matrix","https://www.linkedin.com/jobs/search/?keywords=Head%20of%20Information%20Systems&location=Egypt&sortBy=DD"
"2222","Head of Information Systems","Indeed","Live Platform Search","Egypt","Egypt","","High","Monitoring","","2026-07-20","Live search for Head of Information Systems in Egypt using Indeed.","Generated search matrix","https://www.indeed.com/jobs?q=Head%20of%20Information%20Systems&l=Egypt&sort=date"
"2223","Head of Information Systems","Glassdoor","Live Platform Search","Egypt","Egypt","","High","Monitoring","","2026-07-20","Live search for Head of Information Systems in Egypt using Glassdoor.","Generated search matrix","https://www.google.com/search?q=site%3Aglassdoor.com%2FJob%20%22Head%20of%20Information%20Systems%22%20%22Egypt%22%20jobs"
"2224","Head of Information Systems","Bayt","Live Platform Search","Egypt","Egypt","","High","Monitoring","","2026-07-20","Live search for Head of Information Systems in Egypt using Bayt.","Generated search matrix","https://www.bayt.com/en/international/jobs/head-of-information-systems-jobs/"
"2225","Head of Information Systems","GulfTalent","Live Platform Search","Egypt","Egypt","","High","Monitoring","","2026-07-20","Live search for Head of Information Systems in Egypt using GulfTalent.","Generated search matrix","https://www.google.com/search?q=site%3Agulftalent.com%20%22Head%20of%20Information%20Systems%22%20%22Egypt%22%20jobs"
"2226","Head of Information Systems","Naukrigulf","Live Platform Search","Egypt","Egypt","","High","Monitoring","","2026-07-20","Live search for Head of Information Systems in Egypt using Naukrigulf.","Generated search matrix","https://www.google.com/search?q=site%3Anaukrigulf.com%20%22Head%20of%20Information%20Systems%22%20%22Egypt%22%20jobs"
"2227","Head of Information Systems","WUZZUF","Live Platform Search","Egypt","Egypt","","High","Monitoring","","2026-07-20","Live search for Head of Information Systems in Egypt using WUZZUF.","Generated search matrix","https://wuzzuf.net/search/jobs/?q=Head%20of%20Information%20Systems&a=hpb"
"2228","Head of Information Systems","Careerjet","Live Platform Search","Egypt","Egypt","","High","Monitoring","","2026-07-20","Live search for Head of Information Systems in Egypt using Careerjet.","Generated search matrix","https://www.careerjet.com/search/jobs?s=Head%20of%20Information%20Systems&l=Egypt"
"2229","Head of Information Systems","Jooble","Live Platform Search","Egypt","Egypt","","High","Monitoring","","2026-07-20","Live search for Head of Information Systems in Egypt using Jooble.","Generated search matrix","https://jooble.org/SearchResult?rgns=Egypt&ukw=Head%20of%20Information%20Systems"
"2230","Head of Information Systems","Jobberman","Live Platform Search","Egypt","Egypt","","High","Monitoring","","2026-07-20","Live search for Head of Information Systems in Egypt using Jobberman.","Generated search matrix","https://www.google.com/search?q=site%3Ajobberman.com%20%22Head%20of%20Information%20Systems%22%20%22Egypt%22%20jobs"
"2231","Head of Information Systems","BrighterMonday","Live Platform Search","Egypt","Egypt","","High","Monitoring","","2026-07-20","Live search for Head of Information Systems in Egypt using BrighterMonday.","Generated search matrix","https://www.google.com/search?q=site%3Abrightermonday.co.ke%20%22Head%20of%20Information%20Systems%22%20%22Egypt%22%20jobs"
"2232","Head of Information Systems","Devex","Live Platform Search","Egypt","Egypt","","High","Monitoring","","2026-07-20","Live search for Head of Information Systems in Egypt using Devex.","Generated search matrix","https://www.google.com/search?q=site%3Adevex.com%2Fjobs%20%22Head%20of%20Information%20Systems%22%20%22Egypt%22%20jobs"
"2233","Head of Information Systems","ReliefWeb","Live Platform Search","Egypt","Egypt","","High","Monitoring","","2026-07-20","Live search for Head of Information Systems in Egypt using ReliefWeb.","Generated search matrix","https://reliefweb.int/jobs?search=Head%20of%20Information%20Systems%20Egypt"
"2234","Head of Information Systems","Google Jobs","Live Platform Search","Egypt","Egypt","","High","Monitoring","","2026-07-20","Live search for Head of Information Systems in Egypt using Google Jobs.","Generated search matrix","https://www.google.com/search?q=Head%20of%20Information%20Systems%20jobs%20Egypt"
"2781","Head of Enterprise Applications","LinkedIn","Live Platform Search","Egypt","Egypt","","High","Monitoring","","2026-07-20","Live search for Head of Enterprise Applications in Egypt using LinkedIn.","Generated search matrix","https://www.linkedin.com/jobs/search/?keywords=Head%20of%20Enterprise%20Applications&location=Egypt&sortBy=DD"
"2782","Head of Enterprise Applications","Indeed","Live Platform Search","Egypt","Egypt","","High","Monitoring","","2026-07-20","Live search for Head of Enterprise Applications in Egypt using Indeed.","Generated search matrix","https://www.indeed.com/jobs?q=Head%20of%20Enterprise%20Applications&l=Egypt&sort=date"
"2783","Head of Enterprise Applications","Glassdoor","Live Platform Search","Egypt","Egypt","","High","Monitoring","","2026-07-20","Live search for Head of Enterprise Applications in Egypt using Glassdoor.","Generated search matrix","https://www.google.com/search?q=site%3Aglassdoor.com%2FJob%20%22Head%20of%20Enterprise%20Applications%22%20%22Egypt%22%20jobs"
"2784","Head of Enterprise Applications","Bayt","Live Platform Search","Egypt","Egypt","","High","Monitoring","","2026-07-20","Live search for Head of Enterprise Applications in Egypt using Bayt.","Generated search matrix","https://www.bayt.com/en/international/jobs/head-of-enterprise-applications-jobs/"
"2785","Head of Enterprise Applications","GulfTalent","Live Platform Search","Egypt","Egypt","","High","Monitoring","","2026-07-20","Live search for Head of Enterprise Applications in Egypt using GulfTalent.","Generated search matrix","https://www.google.com/search?q=site%3Agulftalent.com%20%22Head%20of%20Enterprise%20Applications%22%20%22Egypt%22%20jobs"
"2786","Head of Enterprise Applications","Naukrigulf","Live Platform Search","Egypt","Egypt","","High","Monitoring","","2026-07-20","Live search for Head of Enterprise Applications in Egypt using Naukrigulf.","Generated search matrix","https://www.google.com/search?q=site%3Anaukrigulf.com%20%22Head%20of%20Enterprise%20Applications%22%20%22Egypt%22%20jobs"
"2787","Head of Enterprise Applications","WUZZUF","Live Platform Search","Egypt","Egypt","","High","Monitoring","","2026-07-20","Live search for Head of Enterprise Applications in Egypt using WUZZUF.","Generated search matrix","https://wuzzuf.net/search/jobs/?q=Head%20of%20Enterprise%20Applications&a=hpb"
"2788","Head of Enterprise Applications","Careerjet","Live Platform Search","Egypt","Egypt","","High","Monitoring","","2026-07-20","Live search for Head of Enterprise Applications in Egypt using Careerjet.","Generated search matrix","https://www.careerjet.com/search/jobs?s=Head%20of%20Enterprise%20Applications&l=Egypt"
"2789","Head of Enterprise Applications","Jooble","Live Platform Search","Egypt","Egypt","","High","Monitoring","","2026-07-20","Live search for Head of Enterprise Applications in Egypt using Jooble.","Generated search matrix","https://jooble.org/SearchResult?rgns=Egypt&ukw=Head%20of%20Enterprise%20Applications"
"2790","Head of Enterprise Applications","Jobberman","Live Platform Search","Egypt","Egypt","","High","Monitoring","","2026-07-20","Live search for Head of Enterprise Applications in Egypt using Jobberman.","Generated search matrix","https://www.google.com/search?q=site%3Ajobberman.com%20%22Head%20of%20Enterprise%20Applications%22%20%22Egypt%22%20jobs"
"2791","Head of Enterprise Applications","BrighterMonday","Live Platform Search","Egypt","Egypt","","High","Monitoring","","2026-07-20","Live search for Head of Enterprise Applications in Egypt using BrighterMonday.","Generated search matrix","https://www.google.com/search?q=site%3Abrightermonday.co.ke%20%22Head%20of%20Enterprise%20Applications%22%20%22Egypt%22%20jobs"
"2792","Head of Enterprise Applications","Devex","Live Platform Search","Egypt","Egypt","","High","Monitoring","","2026-07-20","Live search for Head of Enterprise Applications in Egypt using Devex.","Generated search matrix","https://www.google.com/search?q=site%3Adevex.com%2Fjobs%20%22Head%20of%20Enterprise%20Applications%22%20%22Egypt%22%20jobs"
"2793","Head of Enterprise Applications","ReliefWeb","Live Platform Search","Egypt","Egypt","","High","Monitoring","","2026-07-20","Live search for Head of Enterprise Applications in Egypt using ReliefWeb.","Generated search matrix","https://reliefweb.int/jobs?search=Head%20of%20Enterprise%20Applications%20Egypt"
"2794","Head of Enterprise Applications","Google Jobs","Live Platform Search","Egypt","Egypt","","High","Monitoring","","2026-07-20","Live search for Head of Enterprise Applications in Egypt using Google Jobs.","Generated search matrix","https://www.google.com/search?q=Head%20of%20Enterprise%20Applications%20jobs%20Egypt"
"3341","Head of Digital Transformation","LinkedIn","Live Platform Search","Egypt","Egypt","","High","Monitoring","","2026-07-20","Live search for Head of Digital Transformation in Egypt using LinkedIn.","Generated search matrix","https://www.linkedin.com/jobs/search/?keywords=Head%20of%20Digital%20Transformation&location=Egypt&sortBy=DD"
"3342","Head of Digital Transformation","Indeed","Live Platform Search","Egypt","Egypt","","High","Monitoring","","2026-07-20","Live search for Head of Digital Transformation in Egypt using Indeed.","Generated search matrix","https://www.indeed.com/jobs?q=Head%20of%20Digital%20Transformation&l=Egypt&sort=date"
"3343","Head of Digital Transformation","Glassdoor","Live Platform Search","Egypt","Egypt","","High","Monitoring","","2026-07-20","Live search for Head of Digital Transformation in Egypt using Glassdoor.","Generated search matrix","https://www.google.com/search?q=site%3Aglassdoor.com%2FJob%20%22Head%20of%20Digital%20Transformation%22%20%22Egypt%22%20jobs"
"3344","Head of Digital Transformation","Bayt","Live Platform Search","Egypt","Egypt","","High","Monitoring","","2026-07-20","Live search for Head of Digital Transformation in Egypt using Bayt.","Generated search matrix","https://www.bayt.com/en/international/jobs/head-of-digital-transformation-jobs/"
"3345","Head of Digital Transformation","GulfTalent","Live Platform Search","Egypt","Egypt","","High","Monitoring","","2026-07-20","Live search for Head of Digital Transformation in Egypt using GulfTalent.","Generated search matrix","https://www.google.com/search?q=site%3Agulftalent.com%20%22Head%20of%20Digital%20Transformation%22%20%22Egypt%22%20jobs"
"3346","Head of Digital Transformation","Naukrigulf","Live Platform Search","Egypt","Egypt","","High","Monitoring","","2026-07-20","Live search for Head of Digital Transformation in Egypt using Naukrigulf.","Generated search matrix","https://www.google.com/search?q=site%3Anaukrigulf.com%20%22Head%20of%20Digital%20Transformation%22%20%22Egypt%22%20jobs"
"3347","Head of Digital Transformation","WUZZUF","Live Platform Search","Egypt","Egypt","","High","Monitoring","","2026-07-20","Live search for Head of Digital Transformation in Egypt using WUZZUF.","Generated search matrix","https://wuzzuf.net/search/jobs/?q=Head%20of%20Digital%20Transformation&a=hpb"
"3348","Head of Digital Transformation","Careerjet","Live Platform Search","Egypt","Egypt","","High","Monitoring","","2026-07-20","Live search for Head of Digital Transformation in Egypt using Careerjet.","Generated search matrix","https://www.careerjet.com/search/jobs?s=Head%20of%20Digital%20Transformation&l=Egypt"
"3349","Head of Digital Transformation","Jooble","Live Platform Search","Egypt","Egypt","","High","Monitoring","","2026-07-20","Live search for Head of Digital Transformation in Egypt using Jooble.","Generated search matrix","https://jooble.org/SearchResult?rgns=Egypt&ukw=Head%20of%20Digital%20Transformation"
"3350","Head of Digital Transformation","Jobberman","Live Platform Search","Egypt","Egypt","","High","Monitoring","","2026-07-20","Live search for Head of Digital Transformation in Egypt using Jobberman.","Generated search matrix","https://www.google.com/search?q=site%3Ajobberman.com%20%22Head%20of%20Digital%20Transformation%22%20%22Egypt%22%20jobs"
"3351","Head of Digital Transformation","BrighterMonday","Live Platform Search","Egypt","Egypt","","High","Monitoring","","2026-07-20","Live search for Head of Digital Transformation in Egypt using BrighterMonday.","Generated search matrix","https://www.google.com/search?q=site%3Abrightermonday.co.ke%20%22Head%20of%20Digital%20Transformation%22%20%22Egypt%22%20jobs"
"3352","Head of Digital Transformation","Devex","Live Platform Search","Egypt","Egypt","","High","Monitoring","","2026-07-20","Live search for Head of Digital Transformation in Egypt using Devex.","Generated search matrix","https://www.google.com/search?q=site%3Adevex.com%2Fjobs%20%22Head%20of%20Digital%20Transformation%22%20%22Egypt%22%20jobs"
"3353","Head of Digital Transformation","ReliefWeb","Live Platform Search","Egypt","Egypt","","High","Monitoring","","2026-07-20","Live search for Head of Digital Transformation in Egypt using ReliefWeb.","Generated search matrix","https://reliefweb.int/jobs?search=Head%20of%20Digital%20Transformation%20Egypt"
"3354","Head of Digital Transformation","Google Jobs","Live Platform Search","Egypt","Egypt","","High","Monitoring","","2026-07-20","Live search for Head of Digital Transformation in Egypt using Google Jobs.","Generated search matrix","https://www.google.com/search?q=Head%20of%20Digital%20Transformation%20jobs%20Egypt"
"3901","Enterprise Architect","LinkedIn","Live Platform Search","Egypt","Egypt","","High","Monitoring","","2026-07-20","Live search for Enterprise Architect in Egypt using LinkedIn.","Generated search matrix","https://www.linkedin.com/jobs/search/?keywords=Enterprise%20Architect&location=Egypt&sortBy=DD"
"3902","Enterprise Architect","Indeed","Live Platform Search","Egypt","Egypt","","High","Monitoring","","2026-07-20","Live search for Enterprise Architect in Egypt using Indeed.","Generated search matrix","https://www.indeed.com/jobs?q=Enterprise%20Architect&l=Egypt&sort=date"
"3903","Enterprise Architect","Glassdoor","Live Platform Search","Egypt","Egypt","","High","Monitoring","","2026-07-20","Live search for Enterprise Architect in Egypt using Glassdoor.","Generated search matrix","https://www.google.com/search?q=site%3Aglassdoor.com%2FJob%20%22Enterprise%20Architect%22%20%22Egypt%22%20jobs"
"3904","Enterprise Architect","Bayt","Live Platform Search","Egypt","Egypt","","High","Monitoring","","2026-07-20","Live search for Enterprise Architect in Egypt using Bayt.","Generated search matrix","https://www.bayt.com/en/international/jobs/enterprise-architect-jobs/"
"3905","Enterprise Architect","GulfTalent","Live Platform Search","Egypt","Egypt","","High","Monitoring","","2026-07-20","Live search for Enterprise Architect in Egypt using GulfTalent.","Generated search matrix","https://www.google.com/search?q=site%3Agulftalent.com%20%22Enterprise%20Architect%22%20%22Egypt%22%20jobs"
"3906","Enterprise Architect","Naukrigulf","Live Platform Search","Egypt","Egypt","","High","Monitoring","","2026-07-20","Live search for Enterprise Architect in Egypt using Naukrigulf.","Generated search matrix","https://www.google.com/search?q=site%3Anaukrigulf.com%20%22Enterprise%20Architect%22%20%22Egypt%22%20jobs"
"3907","Enterprise Architect","WUZZUF","Live Platform Search","Egypt","Egypt","","High","Monitoring","","2026-07-20","Live search for Enterprise Architect in Egypt using WUZZUF.","Generated search matrix","https://wuzzuf.net/search/jobs/?q=Enterprise%20Architect&a=hpb"
"3908","Enterprise Architect","Careerjet","Live Platform Search","Egypt","Egypt","","High","Monitoring","","2026-07-20","Live search for Enterprise Architect in Egypt using Careerjet.","Generated search matrix","https://www.careerjet.com/search/jobs?s=Enterprise%20Architect&l=Egypt"
"3909","Enterprise Architect","Jooble","Live Platform Search","Egypt","Egypt","","High","Monitoring","","2026-07-20","Live search for Enterprise Architect in Egypt using Jooble.","Generated search matrix","https://jooble.org/SearchResult?rgns=Egypt&ukw=Enterprise%20Architect"
"3910","Enterprise Architect","Jobberman","Live Platform Search","Egypt","Egypt","","High","Monitoring","","2026-07-20","Live search for Enterprise Architect in Egypt using Jobberman.","Generated search matrix","https://www.google.com/search?q=site%3Ajobberman.com%20%22Enterprise%20Architect%22%20%22Egypt%22%20jobs"
"3911","Enterprise Architect","BrighterMonday","Live Platform Search","Egypt","Egypt","","High","Monitoring","","2026-07-20","Live search for Enterprise Architect in Egypt using BrighterMonday.","Generated search matrix","https://www.google.com/search?q=site%3Abrightermonday.co.ke%20%22Enterprise%20Architect%22%20%22Egypt%22%20jobs"
"3912","Enterprise Architect","Devex","Live Platform Search","Egypt","Egypt","","High","Monitoring","","2026-07-20","Live search for Enterprise Architect in Egypt using Devex.","Generated search matrix","https://www.google.com/search?q=site%3Adevex.com%2Fjobs%20%22Enterprise%20Architect%22%20%22Egypt%22%20jobs"
"3913","Enterprise Architect","ReliefWeb","Live Platform Search","Egypt","Egypt","","High","Monitoring","","2026-07-20","Live search for Enterprise Architect in Egypt using ReliefWeb.","Generated search matrix","https://reliefweb.int/jobs?search=Enterprise%20Architect%20Egypt"
"3914","Enterprise Architect","Google Jobs","Live Platform Search","Egypt","Egypt","","High","Monitoring","","2026-07-20","Live search for Enterprise Architect in Egypt using Google Jobs.","Generated search matrix","https://www.google.com/search?q=Enterprise%20Architect%20jobs%20Egypt"
"4461","Solution Architect","LinkedIn","Live Platform Search","Egypt","Egypt","","High","Monitoring","","2026-07-20","Live search for Solution Architect in Egypt using LinkedIn.","Generated search matrix","https://www.linkedin.com/jobs/search/?keywords=Solution%20Architect&location=Egypt&sortBy=DD"
"4462","Solution Architect","Indeed","Live Platform Search","Egypt","Egypt","","High","Monitoring","","2026-07-20","Live search for Solution Architect in Egypt using Indeed.","Generated search matrix","https://www.indeed.com/jobs?q=Solution%20Architect&l=Egypt&sort=date"
"4463","Solution Architect","Glassdoor","Live Platform Search","Egypt","Egypt","","High","Monitoring","","2026-07-20","Live search for Solution Architect in Egypt using Glassdoor.","Generated search matrix","https://www.google.com/search?q=site%3Aglassdoor.com%2FJob%20%22Solution%20Architect%22%20%22Egypt%22%20jobs"
"4464","Solution Architect","Bayt","Live Platform Search","Egypt","Egypt","","High","Monitoring","","2026-07-20","Live search for Solution Architect in Egypt using Bayt.","Generated search matrix","https://www.bayt.com/en/international/jobs/solution-architect-jobs/"
"4465","Solution Architect","GulfTalent","Live Platform Search","Egypt","Egypt","","High","Monitoring","","2026-07-20","Live search for Solution Architect in Egypt using GulfTalent.","Generated search matrix","https://www.google.com/search?q=site%3Agulftalent.com%20%22Solution%20Architect%22%20%22Egypt%22%20jobs"
"4466","Solution Architect","Naukrigulf","Live Platform Search","Egypt","Egypt","","High","Monitoring","","2026-07-20","Live search for Solution Architect in Egypt using Naukrigulf.","Generated search matrix","https://www.google.com/search?q=site%3Anaukrigulf.com%20%22Solution%20Architect%22%20%22Egypt%22%20jobs"
"4467","Solution Architect","WUZZUF","Live Platform Search","Egypt","Egypt","","High","Monitoring","","2026-07-20","Live search for Solution Architect in Egypt using WUZZUF.","Generated search matrix","https://wuzzuf.net/search/jobs/?q=Solution%20Architect&a=hpb"
"4468","Solution Architect","Careerjet","Live Platform Search","Egypt","Egypt","","High","Monitoring","","2026-07-20","Live search for Solution Architect in Egypt using Careerjet.","Generated search matrix","https://www.careerjet.com/search/jobs?s=Solution%20Architect&l=Egypt"
"4469","Solution Architect","Jooble","Live Platform Search","Egypt","Egypt","","High","Monitoring","","2026-07-20","Live search for Solution Architect in Egypt using Jooble.","Generated search matrix","https://jooble.org/SearchResult?rgns=Egypt&ukw=Solution%20Architect"
"4470","Solution Architect","Jobberman","Live Platform Search","Egypt","Egypt","","High","Monitoring","","2026-07-20","Live search for Solution Architect in Egypt using Jobberman.","Generated search matrix","https://www.google.com/search?q=site%3Ajobberman.com%20%22Solution%20Architect%22%20%22Egypt%22%20jobs"
"4471","Solution Architect","BrighterMonday","Live Platform Search","Egypt","Egypt","","High","Monitoring","","2026-07-20","Live search for Solution Architect in Egypt using BrighterMonday.","Generated search matrix","https://www.google.com/search?q=site%3Abrightermonday.co.ke%20%22Solution%20Architect%22%20%22Egypt%22%20jobs"
"4472","Solution Architect","Devex","Live Platform Search","Egypt","Egypt","","High","Monitoring","","2026-07-20","Live search for Solution Architect in Egypt using Devex.","Generated search matrix","https://www.google.com/search?q=site%3Adevex.com%2Fjobs%20%22Solution%20Architect%22%20%22Egypt%22%20jobs"
"4473","Solution Architect","ReliefWeb","Live Platform Search","Egypt","Egypt","","High","Monitoring","","2026-07-20","Live search for Solution Architect in Egypt using ReliefWeb.","Generated search matrix","https://reliefweb.int/jobs?search=Solution%20Architect%20Egypt"
"4474","Solution Architect","Google Jobs","Live Platform Search","Egypt","Egypt","","High","Monitoring","","2026-07-20","Live search for Solution Architect in Egypt using Google Jobs.","Generated search matrix","https://www.google.com/search?q=Solution%20Architect%20jobs%20Egypt"
"5021","Business Architect","LinkedIn","Live Platform Search","Egypt","Egypt","","High","Monitoring","","2026-07-20","Live search for Business Architect in Egypt using LinkedIn.","Generated search matrix","https://www.linkedin.com/jobs/search/?keywords=Business%20Architect&location=Egypt&sortBy=DD"
"5022","Business Architect","Indeed","Live Platform Search","Egypt","Egypt","","High","Monitoring","","2026-07-20","Live search for Business Architect in Egypt using Indeed.","Generated search matrix","https://www.indeed.com/jobs?q=Business%20Architect&l=Egypt&sort=date"
"5023","Business Architect","Glassdoor","Live Platform Search","Egypt","Egypt","","High","Monitoring","","2026-07-20","Live search for Business Architect in Egypt using Glassdoor.","Generated search matrix","https://www.google.com/search?q=site%3Aglassdoor.com%2FJob%20%22Business%20Architect%22%20%22Egypt%22%20jobs"
"5024","Business Architect","Bayt","Live Platform Search","Egypt","Egypt","","High","Monitoring","","2026-07-20","Live search for Business Architect in Egypt using Bayt.","Generated search matrix","https://www.bayt.com/en/international/jobs/business-architect-jobs/"
"5025","Business Architect","GulfTalent","Live Platform Search","Egypt","Egypt","","High","Monitoring","","2026-07-20","Live search for Business Architect in Egypt using GulfTalent.","Generated search matrix","https://www.google.com/search?q=site%3Agulftalent.com%20%22Business%20Architect%22%20%22Egypt%22%20jobs"
"5026","Business Architect","Naukrigulf","Live Platform Search","Egypt","Egypt","","High","Monitoring","","2026-07-20","Live search for Business Architect in Egypt using Naukrigulf.","Generated search matrix","https://www.google.com/search?q=site%3Anaukrigulf.com%20%22Business%20Architect%22%20%22Egypt%22%20jobs"
"5027","Business Architect","WUZZUF","Live Platform Search","Egypt","Egypt","","High","Monitoring","","2026-07-20","Live search for Business Architect in Egypt using WUZZUF.","Generated search matrix","https://wuzzuf.net/search/jobs/?q=Business%20Architect&a=hpb"
"5028","Business Architect","Careerjet","Live Platform Search","Egypt","Egypt","","High","Monitoring","","2026-07-20","Live search for Business Architect in Egypt using Careerjet.","Generated search matrix","https://www.careerjet.com/search/jobs?s=Business%20Architect&l=Egypt"
"5029","Business Architect","Jooble","Live Platform Search","Egypt","Egypt","","High","Monitoring","","2026-07-20","Live search for Business Architect in Egypt using Jooble.","Generated search matrix","https://jooble.org/SearchResult?rgns=Egypt&ukw=Business%20Architect"
"5030","Business Architect","Jobberman","Live Platform Search","Egypt","Egypt","","High","Monitoring","","2026-07-20","Live search for Business Architect in Egypt using Jobberman.","Generated search matrix","https://www.google.com/search?q=site%3Ajobberman.com%20%22Business%20Architect%22%20%22Egypt%22%20jobs"
"5031","Business Architect","BrighterMonday","Live Platform Search","Egypt","Egypt","","High","Monitoring","","2026-07-20","Live search for Business Architect in Egypt using BrighterMonday.","Generated search matrix","https://www.google.com/search?q=site%3Abrightermonday.co.ke%20%22Business%20Architect%22%20%22Egypt%22%20jobs"
"5032","Business Architect","Devex","Live Platform Search","Egypt","Egypt","","High","Monitoring","","2026-07-20","Live search for Business Architect in Egypt using Devex.","Generated search matrix","https://www.google.com/search?q=site%3Adevex.com%2Fjobs%20%22Business%20Architect%22%20%22Egypt%22%20jobs"
"5033","Business Architect","ReliefWeb","Live Platform Search","Egypt","Egypt","","High","Monitoring","","2026-07-20","Live search for Business Architect in Egypt using ReliefWeb.","Generated search matrix","https://reliefweb.int/jobs?search=Business%20Architect%20Egypt"
"5034","Business Architect","Google Jobs","Live Platform Search","Egypt","Egypt","","High","Monitoring","","2026-07-20","Live search for Business Architect in Egypt using Google Jobs.","Generated search matrix","https://www.google.com/search?q=Business%20Architect%20jobs%20Egypt"
"5581","Technology Architect","LinkedIn","Live Platform Search","Egypt","Egypt","","High","Monitoring","","2026-07-20","Live search for Technology Architect in Egypt using LinkedIn.","Generated search matrix","https://www.linkedin.com/jobs/search/?keywords=Technology%20Architect&location=Egypt&sortBy=DD"
"5582","Technology Architect","Indeed","Live Platform Search","Egypt","Egypt","","High","Monitoring","","2026-07-20","Live search for Technology Architect in Egypt using Indeed.","Generated search matrix","https://www.indeed.com/jobs?q=Technology%20Architect&l=Egypt&sort=date"
"5583","Technology Architect","Glassdoor","Live Platform Search","Egypt","Egypt","","High","Monitoring","","2026-07-20","Live search for Technology Architect in Egypt using Glassdoor.","Generated search matrix","https://www.google.com/search?q=site%3Aglassdoor.com%2FJob%20%22Technology%20Architect%22%20%22Egypt%22%20jobs"
"5584","Technology Architect","Bayt","Live Platform Search","Egypt","Egypt","","High","Monitoring","","2026-07-20","Live search for Technology Architect in Egypt using Bayt.","Generated search matrix","https://www.bayt.com/en/international/jobs/technology-architect-jobs/"
"5585","Technology Architect","GulfTalent","Live Platform Search","Egypt","Egypt","","High","Monitoring","","2026-07-20","Live search for Technology Architect in Egypt using GulfTalent.","Generated search matrix","https://www.google.com/search?q=site%3Agulftalent.com%20%22Technology%20Architect%22%20%22Egypt%22%20jobs"
"5586","Technology Architect","Naukrigulf","Live Platform Search","Egypt","Egypt","","High","Monitoring","","2026-07-20","Live search for Technology Architect in Egypt using Naukrigulf.","Generated search matrix","https://www.google.com/search?q=site%3Anaukrigulf.com%20%22Technology%20Architect%22%20%22Egypt%22%20jobs"
"5587","Technology Architect","WUZZUF","Live Platform Search","Egypt","Egypt","","High","Monitoring","","2026-07-20","Live search for Technology Architect in Egypt using WUZZUF.","Generated search matrix","https://wuzzuf.net/search/jobs/?q=Technology%20Architect&a=hpb"
"5588","Technology Architect","Careerjet","Live Platform Search","Egypt","Egypt","","High","Monitoring","","2026-07-20","Live search for Technology Architect in Egypt using Careerjet.","Generated search matrix","https://www.careerjet.com/search/jobs?s=Technology%20Architect&l=Egypt"
"5589","Technology Architect","Jooble","Live Platform Search","Egypt","Egypt","","High","Monitoring","","2026-07-20","Live search for Technology Architect in Egypt using Jooble.","Generated search matrix","https://jooble.org/SearchResult?rgns=Egypt&ukw=Technology%20Architect"
"5590","Technology Architect","Jobberman","Live Platform Search","Egypt","Egypt","","High","Monitoring","","2026-07-20","Live search for Technology Architect in Egypt using Jobberman.","Generated search matrix","https://www.google.com/search?q=site%3Ajobberman.com%20%22Technology%20Architect%22%20%22Egypt%22%20jobs"
"5591","Technology Architect","BrighterMonday","Live Platform Search","Egypt","Egypt","","High","Monitoring","","2026-07-20","Live search for Technology Architect in Egypt using BrighterMonday.","Generated search matrix","https://www.google.com/search?q=site%3Abrightermonday.co.ke%20%22Technology%20Architect%22%20%22Egypt%22%20jobs"
"5592","Technology Architect","Devex","Live Platform Search","Egypt","Egypt","","High","Monitoring","","2026-07-20","Live search for Technology Architect in Egypt using Devex.","Generated search matrix","https://www.google.com/search?q=site%3Adevex.com%2Fjobs%20%22Technology%20Architect%22%20%22Egypt%22%20jobs"
"5593","Technology Architect","ReliefWeb","Live Platform Search","Egypt","Egypt","","High","Monitoring","","2026-07-20","Live search for Technology Architect in Egypt using ReliefWeb.","Generated search matrix","https://reliefweb.int/jobs?search=Technology%20Architect%20Egypt"
"5594","Technology Architect","Google Jobs","Live Platform Search","Egypt","Egypt","","High","Monitoring","","2026-07-20","Live search for Technology Architect in Egypt using Google Jobs.","Generated search matrix","https://www.google.com/search?q=Technology%20Architect%20jobs%20Egypt"
"6141","Data Architect","LinkedIn","Live Platform Search","Egypt","Egypt","","High","Monitoring","","2026-07-20","Live search for Data Architect in Egypt using LinkedIn.","Generated search matrix","https://www.linkedin.com/jobs/search/?keywords=Data%20Architect&location=Egypt&sortBy=DD"
"6142","Data Architect","Indeed","Live Platform Search","Egypt","Egypt","","High","Monitoring","","2026-07-20","Live search for Data Architect in Egypt using Indeed.","Generated search matrix","https://www.indeed.com/jobs?q=Data%20Architect&l=Egypt&sort=date"
"6143","Data Architect","Glassdoor","Live Platform Search","Egypt","Egypt","","High","Monitoring","","2026-07-20","Live search for Data Architect in Egypt using Glassdoor.","Generated search matrix","https://www.google.com/search?q=site%3Aglassdoor.com%2FJob%20%22Data%20Architect%22%20%22Egypt%22%20jobs"
"6144","Data Architect","Bayt","Live Platform Search","Egypt","Egypt","","High","Monitoring","","2026-07-20","Live search for Data Architect in Egypt using Bayt.","Generated search matrix","https://www.bayt.com/en/international/jobs/data-architect-jobs/"
"6145","Data Architect","GulfTalent","Live Platform Search","Egypt","Egypt","","High","Monitoring","","2026-07-20","Live search for Data Architect in Egypt using GulfTalent.","Generated search matrix","https://www.google.com/search?q=site%3Agulftalent.com%20%22Data%20Architect%22%20%22Egypt%22%20jobs"
"6146","Data Architect","Naukrigulf","Live Platform Search","Egypt","Egypt","","High","Monitoring","","2026-07-20","Live search for Data Architect in Egypt using Naukrigulf.","Generated search matrix","https://www.google.com/search?q=site%3Anaukrigulf.com%20%22Data%20Architect%22%20%22Egypt%22%20jobs"
"6147","Data Architect","WUZZUF","Live Platform Search","Egypt","Egypt","","High","Monitoring","","2026-07-20","Live search for Data Architect in Egypt using WUZZUF.","Generated search matrix","https://wuzzuf.net/search/jobs/?q=Data%20Architect&a=hpb"
"6148","Data Architect","Careerjet","Live Platform Search","Egypt","Egypt","","High","Monitoring","","2026-07-20","Live search for Data Architect in Egypt using Careerjet.","Generated search matrix","https://www.careerjet.com/search/jobs?s=Data%20Architect&l=Egypt"
"6149","Data Architect","Jooble","Live Platform Search","Egypt","Egypt","","High","Monitoring","","2026-07-20","Live search for Data Architect in Egypt using Jooble.","Generated search matrix","https://jooble.org/SearchResult?rgns=Egypt&ukw=Data%20Architect"
"6150","Data Architect","Jobberman","Live Platform Search","Egypt","Egypt","","High","Monitoring","","2026-07-20","Live search for Data Architect in Egypt using Jobberman.","Generated search matrix","https://www.google.com/search?q=site%3Ajobberman.com%20%22Data%20Architect%22%20%22Egypt%22%20jobs"
"6151","Data Architect","BrighterMonday","Live Platform Search","Egypt","Egypt","","High","Monitoring","","2026-07-20","Live search for Data Architect in Egypt using BrighterMonday.","Generated search matrix","https://www.google.com/search?q=site%3Abrightermonday.co.ke%20%22Data%20Architect%22%20%22Egypt%22%20jobs"
"6152","Data Architect","Devex","Live Platform Search","Egypt","Egypt","","High","Monitoring","","2026-07-20","Live search for Data Architect in Egypt using Devex.","Generated search matrix","https://www.google.com/search?q=site%3Adevex.com%2Fjobs%20%22Data%20Architect%22%20%22Egypt%22%20jobs"
"6153","Data Architect","ReliefWeb","Live Platform Search","Egypt","Egypt","","High","Monitoring","","2026-07-20","Live search for Data Architect in Egypt using ReliefWeb.","Generated search matrix","https://reliefweb.int/jobs?search=Data%20Architect%20Egypt"
"6154","Data Architect","Google Jobs","Live Platform Search","Egypt","Egypt","","High","Monitoring","","2026-07-20","Live search for Data Architect in Egypt using Google Jobs.","Generated search matrix","https://www.google.com/search?q=Data%20Architect%20jobs%20Egypt"
"6701","Cloud Architect","LinkedIn","Live Platform Search","Egypt","Egypt","","High","Monitoring","","2026-07-20","Live search for Cloud Architect in Egypt using LinkedIn.","Generated search matrix","https://www.linkedin.com/jobs/search/?keywords=Cloud%20Architect&location=Egypt&sortBy=DD"
"6702","Cloud Architect","Indeed","Live Platform Search","Egypt","Egypt","","High","Monitoring","","2026-07-20","Live search for Cloud Architect in Egypt using Indeed.","Generated search matrix","https://www.indeed.com/jobs?q=Cloud%20Architect&l=Egypt&sort=date"
"6703","Cloud Architect","Glassdoor","Live Platform Search","Egypt","Egypt","","High","Monitoring","","2026-07-20","Live search for Cloud Architect in Egypt using Glassdoor.","Generated search matrix","https://www.google.com/search?q=site%3Aglassdoor.com%2FJob%20%22Cloud%20Architect%22%20%22Egypt%22%20jobs"
"6704","Cloud Architect","Bayt","Live Platform Search","Egypt","Egypt","","High","Monitoring","","2026-07-20","Live search for Cloud Architect in Egypt using Bayt.","Generated search matrix","https://www.bayt.com/en/international/jobs/cloud-architect-jobs/"
"6705","Cloud Architect","GulfTalent","Live Platform Search","Egypt","Egypt","","High","Monitoring","","2026-07-20","Live search for Cloud Architect in Egypt using GulfTalent.","Generated search matrix","https://www.google.com/search?q=site%3Agulftalent.com%20%22Cloud%20Architect%22%20%22Egypt%22%20jobs"
"6706","Cloud Architect","Naukrigulf","Live Platform Search","Egypt","Egypt","","High","Monitoring","","2026-07-20","Live search for Cloud Architect in Egypt using Naukrigulf.","Generated search matrix","https://www.google.com/search?q=site%3Anaukrigulf.com%20%22Cloud%20Architect%22%20%22Egypt%22%20jobs"
"6707","Cloud Architect","WUZZUF","Live Platform Search","Egypt","Egypt","","High","Monitoring","","2026-07-20","Live search for Cloud Architect in Egypt using WUZZUF.","Generated search matrix","https://wuzzuf.net/search/jobs/?q=Cloud%20Architect&a=hpb"
"6708","Cloud Architect","Careerjet","Live Platform Search","Egypt","Egypt","","High","Monitoring","","2026-07-20","Live search for Cloud Architect in Egypt using Careerjet.","Generated search matrix","https://www.careerjet.com/search/jobs?s=Cloud%20Architect&l=Egypt"
"6709","Cloud Architect","Jooble","Live Platform Search","Egypt","Egypt","","High","Monitoring","","2026-07-20","Live search for Cloud Architect in Egypt using Jooble.","Generated search matrix","https://jooble.org/SearchResult?rgns=Egypt&ukw=Cloud%20Architect"
"6710","Cloud Architect","Jobberman","Live Platform Search","Egypt","Egypt","","High","Monitoring","","2026-07-20","Live search for Cloud Architect in Egypt using Jobberman.","Generated search matrix","https://www.google.com/search?q=site%3Ajobberman.com%20%22Cloud%20Architect%22%20%22Egypt%22%20jobs"
"6711","Cloud Architect","BrighterMonday","Live Platform Search","Egypt","Egypt","","High","Monitoring","","2026-07-20","Live search for Cloud Architect in Egypt using BrighterMonday.","Generated search matrix","https://www.google.com/search?q=site%3Abrightermonday.co.ke%20%22Cloud%20Architect%22%20%22Egypt%22%20jobs"
"6712","Cloud Architect","Devex","Live Platform Search","Egypt","Egypt","","High","Monitoring","","2026-07-20","Live search for Cloud Architect in Egypt using Devex.","Generated search matrix","https://www.google.com/search?q=site%3Adevex.com%2Fjobs%20%22Cloud%20Architect%22%20%22Egypt%22%20jobs"
"6713","Cloud Architect","ReliefWeb","Live Platform Search","Egypt","Egypt","","High","Monitoring","","2026-07-20","Live search for Cloud Architect in Egypt using ReliefWeb.","Generated search matrix","https://reliefweb.int/jobs?search=Cloud%20Architect%20Egypt"
"6714","Cloud Architect","Google Jobs","Live Platform Search","Egypt","Egypt","","High","Monitoring","","2026-07-20","Live search for Cloud Architect in Egypt using Google Jobs.","Generated search matrix","https://www.google.com/search?q=Cloud%20Architect%20jobs%20Egypt"
"7261","Integration Architect","LinkedIn","Live Platform Search","Egypt","Egypt","","High","Monitoring","","2026-07-20","Live search for Integration Architect in Egypt using LinkedIn.","Generated search matrix","https://www.linkedin.com/jobs/search/?keywords=Integration%20Architect&location=Egypt&sortBy=DD"
"7262","Integration Architect","Indeed","Live Platform Search","Egypt","Egypt","","High","Monitoring","","2026-07-20","Live search for Integration Architect in Egypt using Indeed.","Generated search matrix","https://www.indeed.com/jobs?q=Integration%20Architect&l=Egypt&sort=date"
"7263","Integration Architect","Glassdoor","Live Platform Search","Egypt","Egypt","","High","Monitoring","","2026-07-20","Live search for Integration Architect in Egypt using Glassdoor.","Generated search matrix","https://www.google.com/search?q=site%3Aglassdoor.com%2FJob%20%22Integration%20Architect%22%20%22Egypt%22%20jobs"
"7264","Integration Architect","Bayt","Live Platform Search","Egypt","Egypt","","High","Monitoring","","2026-07-20","Live search for Integration Architect in Egypt using Bayt.","Generated search matrix","https://www.bayt.com/en/international/jobs/integration-architect-jobs/"
"7265","Integration Architect","GulfTalent","Live Platform Search","Egypt","Egypt","","High","Monitoring","","2026-07-20","Live search for Integration Architect in Egypt using GulfTalent.","Generated search matrix","https://www.google.com/search?q=site%3Agulftalent.com%20%22Integration%20Architect%22%20%22Egypt%22%20jobs"
"7266","Integration Architect","Naukrigulf","Live Platform Search","Egypt","Egypt","","High","Monitoring","","2026-07-20","Live search for Integration Architect in Egypt using Naukrigulf.","Generated search matrix","https://www.google.com/search?q=site%3Anaukrigulf.com%20%22Integration%20Architect%22%20%22Egypt%22%20jobs"
"7267","Integration Architect","WUZZUF","Live Platform Search","Egypt","Egypt","","High","Monitoring","","2026-07-20","Live search for Integration Architect in Egypt using WUZZUF.","Generated search matrix","https://wuzzuf.net/search/jobs/?q=Integration%20Architect&a=hpb"
"7268","Integration Architect","Careerjet","Live Platform Search","Egypt","Egypt","","High","Monitoring","","2026-07-20","Live search for Integration Architect in Egypt using Careerjet.","Generated search matrix","https://www.careerjet.com/search/jobs?s=Integration%20Architect&l=Egypt"
"7269","Integration Architect","Jooble","Live Platform Search","Egypt","Egypt","","High","Monitoring","","2026-07-20","Live search for Integration Architect in Egypt using Jooble.","Generated search matrix","https://jooble.org/SearchResult?rgns=Egypt&ukw=Integration%20Architect"
"7270","Integration Architect","Jobberman","Live Platform Search","Egypt","Egypt","","High","Monitoring","","2026-07-20","Live search for Integration Architect in Egypt using Jobberman.","Generated search matrix","https://www.google.com/search?q=site%3Ajobberman.com%20%22Integration%20Architect%22%20%22Egypt%22%20jobs"
"7271","Integration Architect","BrighterMonday","Live Platform Search","Egypt","Egypt","","High","Monitoring","","2026-07-20","Live search for Integration Architect in Egypt using BrighterMonday.","Generated search matrix","https://www.google.com/search?q=site%3Abrightermonday.co.ke%20%22Integration%20Architect%22%20%22Egypt%22%20jobs"
"7272","Integration Architect","Devex","Live Platform Search","Egypt","Egypt","","High","Monitoring","","2026-07-20","Live search for Integration Architect in Egypt using Devex.","Generated search matrix","https://www.google.com/search?q=site%3Adevex.com%2Fjobs%20%22Integration%20Architect%22%20%22Egypt%22%20jobs"
"7273","Integration Architect","ReliefWeb","Live Platform Search","Egypt","Egypt","","High","Monitoring","","2026-07-20","Live search for Integration Architect in Egypt using ReliefWeb.","Generated search matrix","https://reliefweb.int/jobs?search=Integration%20Architect%20Egypt"
"7274","Integration Architect","Google Jobs","Live Platform Search","Egypt","Egypt","","High","Monitoring","","2026-07-20","Live search for Integration Architect in Egypt using Google Jobs.","Generated search matrix","https://www.google.com/search?q=Integration%20Architect%20jobs%20Egypt"
"7821","Applications Manager","LinkedIn","Live Platform Search","Egypt","Egypt","","High","Monitoring","","2026-07-20","Live search for Applications Manager in Egypt using LinkedIn.","Generated search matrix","https://www.linkedin.com/jobs/search/?keywords=Applications%20Manager&location=Egypt&sortBy=DD"
"7822","Applications Manager","Indeed","Live Platform Search","Egypt","Egypt","","High","Monitoring","","2026-07-20","Live search for Applications Manager in Egypt using Indeed.","Generated search matrix","https://www.indeed.com/jobs?q=Applications%20Manager&l=Egypt&sort=date"
"7823","Applications Manager","Glassdoor","Live Platform Search","Egypt","Egypt","","High","Monitoring","","2026-07-20","Live search for Applications Manager in Egypt using Glassdoor.","Generated search matrix","https://www.google.com/search?q=site%3Aglassdoor.com%2FJob%20%22Applications%20Manager%22%20%22Egypt%22%20jobs"
"7824","Applications Manager","Bayt","Live Platform Search","Egypt","Egypt","","High","Monitoring","","2026-07-20","Live search for Applications Manager in Egypt using Bayt.","Generated search matrix","https://www.bayt.com/en/international/jobs/applications-manager-jobs/"
"7825","Applications Manager","GulfTalent","Live Platform Search","Egypt","Egypt","","High","Monitoring","","2026-07-20","Live search for Applications Manager in Egypt using GulfTalent.","Generated search matrix","https://www.google.com/search?q=site%3Agulftalent.com%20%22Applications%20Manager%22%20%22Egypt%22%20jobs"
"7826","Applications Manager","Naukrigulf","Live Platform Search","Egypt","Egypt","","High","Monitoring","","2026-07-20","Live search for Applications Manager in Egypt using Naukrigulf.","Generated search matrix","https://www.google.com/search?q=site%3Anaukrigulf.com%20%22Applications%20Manager%22%20%22Egypt%22%20jobs"
"7827","Applications Manager","WUZZUF","Live Platform Search","Egypt","Egypt","","High","Monitoring","","2026-07-20","Live search for Applications Manager in Egypt using WUZZUF.","Generated search matrix","https://wuzzuf.net/search/jobs/?q=Applications%20Manager&a=hpb"
"7828","Applications Manager","Careerjet","Live Platform Search","Egypt","Egypt","","High","Monitoring","","2026-07-20","Live search for Applications Manager in Egypt using Careerjet.","Generated search matrix","https://www.careerjet.com/search/jobs?s=Applications%20Manager&l=Egypt"
"7829","Applications Manager","Jooble","Live Platform Search","Egypt","Egypt","","High","Monitoring","","2026-07-20","Live search for Applications Manager in Egypt using Jooble.","Generated search matrix","https://jooble.org/SearchResult?rgns=Egypt&ukw=Applications%20Manager"
"7830","Applications Manager","Jobberman","Live Platform Search","Egypt","Egypt","","High","Monitoring","","2026-07-20","Live search for Applications Manager in Egypt using Jobberman.","Generated search matrix","https://www.google.com/search?q=site%3Ajobberman.com%20%22Applications%20Manager%22%20%22Egypt%22%20jobs"
"7831","Applications Manager","BrighterMonday","Live Platform Search","Egypt","Egypt","","High","Monitoring","","2026-07-20","Live search for Applications Manager in Egypt using BrighterMonday.","Generated search matrix","https://www.google.com/search?q=site%3Abrightermonday.co.ke%20%22Applications%20Manager%22%20%22Egypt%22%20jobs"
"7832","Applications Manager","Devex","Live Platform Search","Egypt","Egypt","","High","Monitoring","","2026-07-20","Live search for Applications Manager in Egypt using Devex.","Generated search matrix","https://www.google.com/search?q=site%3Adevex.com%2Fjobs%20%22Applications%20Manager%22%20%22Egypt%22%20jobs"
"7833","Applications Manager","ReliefWeb","Live Platform Search","Egypt","Egypt","","High","Monitoring","","2026-07-20","Live search for Applications Manager in Egypt using ReliefWeb.","Generated search matrix","https://reliefweb.int/jobs?search=Applications%20Manager%20Egypt"
"7834","Applications Manager","Google Jobs","Live Platform Search","Egypt","Egypt","","High","Monitoring","","2026-07-20","Live search for Applications Manager in Egypt using Google Jobs.","Generated search matrix","https://www.google.com/search?q=Applications%20Manager%20jobs%20Egypt"
"8381","Enterprise Applications Manager","LinkedIn","Live Platform Search","Egypt","Egypt","","High","Monitoring","","2026-07-20","Live search for Enterprise Applications Manager in Egypt using LinkedIn.","Generated search matrix","https://www.linkedin.com/jobs/search/?keywords=Enterprise%20Applications%20Manager&location=Egypt&sortBy=DD"
"8382","Enterprise Applications Manager","Indeed","Live Platform Search","Egypt","Egypt","","High","Monitoring","","2026-07-20","Live search for Enterprise Applications Manager in Egypt using Indeed.","Generated search matrix","https://www.indeed.com/jobs?q=Enterprise%20Applications%20Manager&l=Egypt&sort=date"
"8383","Enterprise Applications Manager","Glassdoor","Live Platform Search","Egypt","Egypt","","High","Monitoring","","2026-07-20","Live search for Enterprise Applications Manager in Egypt using Glassdoor.","Generated search matrix","https://www.google.com/search?q=site%3Aglassdoor.com%2FJob%20%22Enterprise%20Applications%20Manager%22%20%22Egypt%22%20jobs"
"8384","Enterprise Applications Manager","Bayt","Live Platform Search","Egypt","Egypt","","High","Monitoring","","2026-07-20","Live search for Enterprise Applications Manager in Egypt using Bayt.","Generated search matrix","https://www.bayt.com/en/international/jobs/enterprise-applications-manager-jobs/"
"8385","Enterprise Applications Manager","GulfTalent","Live Platform Search","Egypt","Egypt","","High","Monitoring","","2026-07-20","Live search for Enterprise Applications Manager in Egypt using GulfTalent.","Generated search matrix","https://www.google.com/search?q=site%3Agulftalent.com%20%22Enterprise%20Applications%20Manager%22%20%22Egypt%22%20jobs"
"8386","Enterprise Applications Manager","Naukrigulf","Live Platform Search","Egypt","Egypt","","High","Monitoring","","2026-07-20","Live search for Enterprise Applications Manager in Egypt using Naukrigulf.","Generated search matrix","https://www.google.com/search?q=site%3Anaukrigulf.com%20%22Enterprise%20Applications%20Manager%22%20%22Egypt%22%20jobs"
"8387","Enterprise Applications Manager","WUZZUF","Live Platform Search","Egypt","Egypt","","High","Monitoring","","2026-07-20","Live search for Enterprise Applications Manager in Egypt using WUZZUF.","Generated search matrix","https://wuzzuf.net/search/jobs/?q=Enterprise%20Applications%20Manager&a=hpb"
"8388","Enterprise Applications Manager","Careerjet","Live Platform Search","Egypt","Egypt","","High","Monitoring","","2026-07-20","Live search for Enterprise Applications Manager in Egypt using Careerjet.","Generated search matrix","https://www.careerjet.com/search/jobs?s=Enterprise%20Applications%20Manager&l=Egypt"
"8389","Enterprise Applications Manager","Jooble","Live Platform Search","Egypt","Egypt","","High","Monitoring","","2026-07-20","Live search for Enterprise Applications Manager in Egypt using Jooble.","Generated search matrix","https://jooble.org/SearchResult?rgns=Egypt&ukw=Enterprise%20Applications%20Manager"
"8390","Enterprise Applications Manager","Jobberman","Live Platform Search","Egypt","Egypt","","High","Monitoring","","2026-07-20","Live search for Enterprise Applications Manager in Egypt using Jobberman.","Generated search matrix","https://www.google.com/search?q=site%3Ajobberman.com%20%22Enterprise%20Applications%20Manager%22%20%22Egypt%22%20jobs"
"8391","Enterprise Applications Manager","BrighterMonday","Live Platform Search","Egypt","Egypt","","High","Monitoring","","2026-07-20","Live search for Enterprise Applications Manager in Egypt using BrighterMonday.","Generated search matrix","https://www.google.com/search?q=site%3Abrightermonday.co.ke%20%22Enterprise%20Applications%20Manager%22%20%22Egypt%22%20jobs"
"8392","Enterprise Applications Manager","Devex","Live Platform Search","Egypt","Egypt","","High","Monitoring","","2026-07-20","Live search for Enterprise Applications Manager in Egypt using Devex.","Generated search matrix","https://www.google.com/search?q=site%3Adevex.com%2Fjobs%20%22Enterprise%20Applications%20Manager%22%20%22Egypt%22%20jobs"
"8393","Enterprise Applications Manager","ReliefWeb","Live Platform Search","Egypt","Egypt","","High","Monitoring","","2026-07-20","Live search for Enterprise Applications Manager in Egypt using ReliefWeb.","Generated search matrix","https://reliefweb.int/jobs?search=Enterprise%20Applications%20Manager%20Egypt"
"8394","Enterprise Applications Manager","Google Jobs","Live Platform Search","Egypt","Egypt","","High","Monitoring","","2026-07-20","Live search for Enterprise Applications Manager in Egypt using Google Jobs.","Generated search matrix","https://www.google.com/search?q=Enterprise%20Applications%20Manager%20jobs%20Egypt"
"8941","Systems Manager","LinkedIn","Live Platform Search","Egypt","Egypt","","High","Monitoring","","2026-07-20","Live search for Systems Manager in Egypt using LinkedIn.","Generated search matrix","https://www.linkedin.com/jobs/search/?keywords=Systems%20Manager&location=Egypt&sortBy=DD"
"8942","Systems Manager","Indeed","Live Platform Search","Egypt","Egypt","","High","Monitoring","","2026-07-20","Live search for Systems Manager in Egypt using Indeed.","Generated search matrix","https://www.indeed.com/jobs?q=Systems%20Manager&l=Egypt&sort=date"
"8943","Systems Manager","Glassdoor","Live Platform Search","Egypt","Egypt","","High","Monitoring","","2026-07-20","Live search for Systems Manager in Egypt using Glassdoor.","Generated search matrix","https://www.google.com/search?q=site%3Aglassdoor.com%2FJob%20%22Systems%20Manager%22%20%22Egypt%22%20jobs"
"8944","Systems Manager","Bayt","Live Platform Search","Egypt","Egypt","","High","Monitoring","","2026-07-20","Live search for Systems Manager in Egypt using Bayt.","Generated search matrix","https://www.bayt.com/en/international/jobs/systems-manager-jobs/"
"8945","Systems Manager","GulfTalent","Live Platform Search","Egypt","Egypt","","High","Monitoring","","2026-07-20","Live search for Systems Manager in Egypt using GulfTalent.","Generated search matrix","https://www.google.com/search?q=site%3Agulftalent.com%20%22Systems%20Manager%22%20%22Egypt%22%20jobs"
"8946","Systems Manager","Naukrigulf","Live Platform Search","Egypt","Egypt","","High","Monitoring","","2026-07-20","Live search for Systems Manager in Egypt using Naukrigulf.","Generated search matrix","https://www.google.com/search?q=site%3Anaukrigulf.com%20%22Systems%20Manager%22%20%22Egypt%22%20jobs"
"8947","Systems Manager","WUZZUF","Live Platform Search","Egypt","Egypt","","High","Monitoring","","2026-07-20","Live search for Systems Manager in Egypt using WUZZUF.","Generated search matrix","https://wuzzuf.net/search/jobs/?q=Systems%20Manager&a=hpb"
"8948","Systems Manager","Careerjet","Live Platform Search","Egypt","Egypt","","High","Monitoring","","2026-07-20","Live search for Systems Manager in Egypt using Careerjet.","Generated search matrix","https://www.careerjet.com/search/jobs?s=Systems%20Manager&l=Egypt"
"8949","Systems Manager","Jooble","Live Platform Search","Egypt","Egypt","","High","Monitoring","","2026-07-20","Live search for Systems Manager in Egypt using Jooble.","Generated search matrix","https://jooble.org/SearchResult?rgns=Egypt&ukw=Systems%20Manager"
"8950","Systems Manager","Jobberman","Live Platform Search","Egypt","Egypt","","High","Monitoring","","2026-07-20","Live search for Systems Manager in Egypt using Jobberman.","Generated search matrix","https://www.google.com/search?q=site%3Ajobberman.com%20%22Systems%20Manager%22%20%22Egypt%22%20jobs"
"8951","Systems Manager","BrighterMonday","Live Platform Search","Egypt","Egypt","","High","Monitoring","","2026-07-20","Live search for Systems Manager in Egypt using BrighterMonday.","Generated search matrix","https://www.google.com/search?q=site%3Abrightermonday.co.ke%20%22Systems%20Manager%22%20%22Egypt%22%20jobs"
"8952","Systems Manager","Devex","Live Platform Search","Egypt","Egypt","","High","Monitoring","","2026-07-20","Live search for Systems Manager in Egypt using Devex.","Generated search matrix","https://www.google.com/search?q=site%3Adevex.com%2Fjobs%20%22Systems%20Manager%22%20%22Egypt%22%20jobs"
"8953","Systems Manager","ReliefWeb","Live Platform Search","Egypt","Egypt","","High","Monitoring","","2026-07-20","Live search for Systems Manager in Egypt using ReliefWeb.","Generated search matrix","https://reliefweb.int/jobs?search=Systems%20Manager%20Egypt"
"8954","Systems Manager","Google Jobs","Live Platform Search","Egypt","Egypt","","High","Monitoring","","2026-07-20","Live search for Systems Manager in Egypt using Google Jobs.","Generated search matrix","https://www.google.com/search?q=Systems%20Manager%20jobs%20Egypt"
"9501","Information Systems Manager","LinkedIn","Live Platform Search","Egypt","Egypt","","High","Monitoring","","2026-07-20","Live search for Information Systems Manager in Egypt using LinkedIn.","Generated search matrix","https://www.linkedin.com/jobs/search/?keywords=Information%20Systems%20Manager&location=Egypt&sortBy=DD"
"9502","Information Systems Manager","Indeed","Live Platform Search","Egypt","Egypt","","High","Monitoring","","2026-07-20","Live search for Information Systems Manager in Egypt using Indeed.","Generated search matrix","https://www.indeed.com/jobs?q=Information%20Systems%20Manager&l=Egypt&sort=date"
"9503","Information Systems Manager","Glassdoor","Live Platform Search","Egypt","Egypt","","High","Monitoring","","2026-07-20","Live search for Information Systems Manager in Egypt using Glassdoor.","Generated search matrix","https://www.google.com/search?q=site%3Aglassdoor.com%2FJob%20%22Information%20Systems%20Manager%22%20%22Egypt%22%20jobs"
"9504","Information Systems Manager","Bayt","Live Platform Search","Egypt","Egypt","","High","Monitoring","","2026-07-20","Live search for Information Systems Manager in Egypt using Bayt.","Generated search matrix","https://www.bayt.com/en/international/jobs/information-systems-manager-jobs/"
"9505","Information Systems Manager","GulfTalent","Live Platform Search","Egypt","Egypt","","High","Monitoring","","2026-07-20","Live search for Information Systems Manager in Egypt using GulfTalent.","Generated search matrix","https://www.google.com/search?q=site%3Agulftalent.com%20%22Information%20Systems%20Manager%22%20%22Egypt%22%20jobs"
"9506","Information Systems Manager","Naukrigulf","Live Platform Search","Egypt","Egypt","","High","Monitoring","","2026-07-20","Live search for Information Systems Manager in Egypt using Naukrigulf.","Generated search matrix","https://www.google.com/search?q=site%3Anaukrigulf.com%20%22Information%20Systems%20Manager%22%20%22Egypt%22%20jobs"
"9507","Information Systems Manager","WUZZUF","Live Platform Search","Egypt","Egypt","","High","Monitoring","","2026-07-20","Live search for Information Systems Manager in Egypt using WUZZUF.","Generated search matrix","https://wuzzuf.net/search/jobs/?q=Information%20Systems%20Manager&a=hpb"
"9508","Information Systems Manager","Careerjet","Live Platform Search","Egypt","Egypt","","High","Monitoring","","2026-07-20","Live search for Information Systems Manager in Egypt using Careerjet.","Generated search matrix","https://www.careerjet.com/search/jobs?s=Information%20Systems%20Manager&l=Egypt"
"9509","Information Systems Manager","Jooble","Live Platform Search","Egypt","Egypt","","High","Monitoring","","2026-07-20","Live search for Information Systems Manager in Egypt using Jooble.","Generated search matrix","https://jooble.org/SearchResult?rgns=Egypt&ukw=Information%20Systems%20Manager"
"9510","Information Systems Manager","Jobberman","Live Platform Search","Egypt","Egypt","","High","Monitoring","","2026-07-20","Live search for Information Systems Manager in Egypt using Jobberman.","Generated search matrix","https://www.google.com/search?q=site%3Ajobberman.com%20%22Information%20Systems%20Manager%22%20%22Egypt%22%20jobs"
"9511","Information Systems Manager","BrighterMonday","Live Platform Search","Egypt","Egypt","","High","Monitoring","","2026-07-20","Live search for Information Systems Manager in Egypt using BrighterMonday.","Generated search matrix","https://www.google.com/search?q=site%3Abrightermonday.co.ke%20%22Information%20Systems%20Manager%22%20%22Egypt%22%20jobs"
"9512","Information Systems Manager","Devex","Live Platform Search","Egypt","Egypt","","High","Monitoring","","2026-07-20","Live search for Information Systems Manager in Egypt using Devex.","Generated search matrix","https://www.google.com/search?q=site%3Adevex.com%2Fjobs%20%22Information%20Systems%20Manager%22%20%22Egypt%22%20jobs"
"9513","Information Systems Manager","ReliefWeb","Live Platform Search","Egypt","Egypt","","High","Monitoring","","2026-07-20","Live search for Information Systems Manager in Egypt using ReliefWeb.","Generated search matrix","https://reliefweb.int/jobs?search=Information%20Systems%20Manager%20Egypt"
"9514","Information Systems Manager","Google Jobs","Live Platform Search","Egypt","Egypt","","High","Monitoring","","2026-07-20","Live search for Information Systems Manager in Egypt using Google Jobs.","Generated search matrix","https://www.google.com/search?q=Information%20Systems%20Manager%20jobs%20Egypt"
"10061","IT Operations Manager","LinkedIn","Live Platform Search","Egypt","Egypt","","High","Monitoring","","2026-07-20","Live search for IT Operations Manager in Egypt using LinkedIn.","Generated search matrix","https://www.linkedin.com/jobs/search/?keywords=IT%20Operations%20Manager&location=Egypt&sortBy=DD"
"10062","IT Operations Manager","Indeed","Live Platform Search","Egypt","Egypt","","High","Monitoring","","2026-07-20","Live search for IT Operations Manager in Egypt using Indeed.","Generated search matrix","https://www.indeed.com/jobs?q=IT%20Operations%20Manager&l=Egypt&sort=date"
"10063","IT Operations Manager","Glassdoor","Live Platform Search","Egypt","Egypt","","High","Monitoring","","2026-07-20","Live search for IT Operations Manager in Egypt using Glassdoor.","Generated search matrix","https://www.google.com/search?q=site%3Aglassdoor.com%2FJob%20%22IT%20Operations%20Manager%22%20%22Egypt%22%20jobs"
"10064","IT Operations Manager","Bayt","Live Platform Search","Egypt","Egypt","","High","Monitoring","","2026-07-20","Live search for IT Operations Manager in Egypt using Bayt.","Generated search matrix","https://www.bayt.com/en/international/jobs/it-operations-manager-jobs/"
"10065","IT Operations Manager","GulfTalent","Live Platform Search","Egypt","Egypt","","High","Monitoring","","2026-07-20","Live search for IT Operations Manager in Egypt using GulfTalent.","Generated search matrix","https://www.google.com/search?q=site%3Agulftalent.com%20%22IT%20Operations%20Manager%22%20%22Egypt%22%20jobs"
"10066","IT Operations Manager","Naukrigulf","Live Platform Search","Egypt","Egypt","","High","Monitoring","","2026-07-20","Live search for IT Operations Manager in Egypt using Naukrigulf.","Generated search matrix","https://www.google.com/search?q=site%3Anaukrigulf.com%20%22IT%20Operations%20Manager%22%20%22Egypt%22%20jobs"
"10067","IT Operations Manager","WUZZUF","Live Platform Search","Egypt","Egypt","","High","Monitoring","","2026-07-20","Live search for IT Operations Manager in Egypt using WUZZUF.","Generated search matrix","https://wuzzuf.net/search/jobs/?q=IT%20Operations%20Manager&a=hpb"
"10068","IT Operations Manager","Careerjet","Live Platform Search","Egypt","Egypt","","High","Monitoring","","2026-07-20","Live search for IT Operations Manager in Egypt using Careerjet.","Generated search matrix","https://www.careerjet.com/search/jobs?s=IT%20Operations%20Manager&l=Egypt"
"10069","IT Operations Manager","Jooble","Live Platform Search","Egypt","Egypt","","High","Monitoring","","2026-07-20","Live search for IT Operations Manager in Egypt using Jooble.","Generated search matrix","https://jooble.org/SearchResult?rgns=Egypt&ukw=IT%20Operations%20Manager"
"10070","IT Operations Manager","Jobberman","Live Platform Search","Egypt","Egypt","","High","Monitoring","","2026-07-20","Live search for IT Operations Manager in Egypt using Jobberman.","Generated search matrix","https://www.google.com/search?q=site%3Ajobberman.com%20%22IT%20Operations%20Manager%22%20%22Egypt%22%20jobs"
"10071","IT Operations Manager","BrighterMonday","Live Platform Search","Egypt","Egypt","","High","Monitoring","","2026-07-20","Live search for IT Operations Manager in Egypt using BrighterMonday.","Generated search matrix","https://www.google.com/search?q=site%3Abrightermonday.co.ke%20%22IT%20Operations%20Manager%22%20%22Egypt%22%20jobs"
"10072","IT Operations Manager","Devex","Live Platform Search","Egypt","Egypt","","High","Monitoring","","2026-07-20","Live search for IT Operations Manager in Egypt using Devex.","Generated search matrix","https://www.google.com/search?q=site%3Adevex.com%2Fjobs%20%22IT%20Operations%20Manager%22%20%22Egypt%22%20jobs"
"10073","IT Operations Manager","ReliefWeb","Live Platform Search","Egypt","Egypt","","High","Monitoring","","2026-07-20","Live search for IT Operations Manager in Egypt using ReliefWeb.","Generated search matrix","https://reliefweb.int/jobs?search=IT%20Operations%20Manager%20Egypt"
"10074","IT Operations Manager","Google Jobs","Live Platform Search","Egypt","Egypt","","High","Monitoring","","2026-07-20","Live search for IT Operations Manager in Egypt using Google Jobs.","Generated search matrix","https://www.google.com/search?q=IT%20Operations%20Manager%20jobs%20Egypt"
"10621","Infrastructure Manager","LinkedIn","Live Platform Search","Egypt","Egypt","","Medium","Monitoring","","2026-07-20","Live search for Infrastructure Manager in Egypt using LinkedIn.","Generated search matrix","https://www.linkedin.com/jobs/search/?keywords=Infrastructure%20Manager&location=Egypt&sortBy=DD"
"10622","Infrastructure Manager","Indeed","Live Platform Search","Egypt","Egypt","","Medium","Monitoring","","2026-07-20","Live search for Infrastructure Manager in Egypt using Indeed.","Generated search matrix","https://www.indeed.com/jobs?q=Infrastructure%20Manager&l=Egypt&sort=date"
"10623","Infrastructure Manager","Glassdoor","Live Platform Search","Egypt","Egypt","","Medium","Monitoring","","2026-07-20","Live search for Infrastructure Manager in Egypt using Glassdoor.","Generated search matrix","https://www.google.com/search?q=site%3Aglassdoor.com%2FJob%20%22Infrastructure%20Manager%22%20%22Egypt%22%20jobs"
"10624","Infrastructure Manager","Bayt","Live Platform Search","Egypt","Egypt","","Medium","Monitoring","","2026-07-20","Live search for Infrastructure Manager in Egypt using Bayt.","Generated search matrix","https://www.bayt.com/en/international/jobs/infrastructure-manager-jobs/"
"10625","Infrastructure Manager","GulfTalent","Live Platform Search","Egypt","Egypt","","Medium","Monitoring","","2026-07-20","Live search for Infrastructure Manager in Egypt using GulfTalent.","Generated search matrix","https://www.google.com/search?q=site%3Agulftalent.com%20%22Infrastructure%20Manager%22%20%22Egypt%22%20jobs"
"10626","Infrastructure Manager","Naukrigulf","Live Platform Search","Egypt","Egypt","","Medium","Monitoring","","2026-07-20","Live search for Infrastructure Manager in Egypt using Naukrigulf.","Generated search matrix","https://www.google.com/search?q=site%3Anaukrigulf.com%20%22Infrastructure%20Manager%22%20%22Egypt%22%20jobs"
"10627","Infrastructure Manager","WUZZUF","Live Platform Search","Egypt","Egypt","","Medium","Monitoring","","2026-07-20","Live search for Infrastructure Manager in Egypt using WUZZUF.","Generated search matrix","https://wuzzuf.net/search/jobs/?q=Infrastructure%20Manager&a=hpb"
"10628","Infrastructure Manager","Careerjet","Live Platform Search","Egypt","Egypt","","Medium","Monitoring","","2026-07-20","Live search for Infrastructure Manager in Egypt using Careerjet.","Generated search matrix","https://www.careerjet.com/search/jobs?s=Infrastructure%20Manager&l=Egypt"
"10629","Infrastructure Manager","Jooble","Live Platform Search","Egypt","Egypt","","Medium","Monitoring","","2026-07-20","Live search for Infrastructure Manager in Egypt using Jooble.","Generated search matrix","https://jooble.org/SearchResult?rgns=Egypt&ukw=Infrastructure%20Manager"
"10630","Infrastructure Manager","Jobberman","Live Platform Search","Egypt","Egypt","","Medium","Monitoring","","2026-07-20","Live search for Infrastructure Manager in Egypt using Jobberman.","Generated search matrix","https://www.google.com/search?q=site%3Ajobberman.com%20%22Infrastructure%20Manager%22%20%22Egypt%22%20jobs"
"10631","Infrastructure Manager","BrighterMonday","Live Platform Search","Egypt","Egypt","","Medium","Monitoring","","2026-07-20","Live search for Infrastructure Manager in Egypt using BrighterMonday.","Generated search matrix","https://www.google.com/search?q=site%3Abrightermonday.co.ke%20%22Infrastructure%20Manager%22%20%22Egypt%22%20jobs"
"10632","Infrastructure Manager","Devex","Live Platform Search","Egypt","Egypt","","Medium","Monitoring","","2026-07-20","Live search for Infrastructure Manager in Egypt using Devex.","Generated search matrix","https://www.google.com/search?q=site%3Adevex.com%2Fjobs%20%22Infrastructure%20Manager%22%20%22Egypt%22%20jobs"
"10633","Infrastructure Manager","ReliefWeb","Live Platform Search","Egypt","Egypt","","Medium","Monitoring","","2026-07-20","Live search for Infrastructure Manager in Egypt using ReliefWeb.","Generated search matrix","https://reliefweb.int/jobs?search=Infrastructure%20Manager%20Egypt"
"10634","Infrastructure Manager","Google Jobs","Live Platform Search","Egypt","Egypt","","Medium","Monitoring","","2026-07-20","Live search for Infrastructure Manager in Egypt using Google Jobs.","Generated search matrix","https://www.google.com/search?q=Infrastructure%20Manager%20jobs%20Egypt"
"11181","Digital Transformation Manager","LinkedIn","Live Platform Search","Egypt","Egypt","","High","Monitoring","","2026-07-20","Live search for Digital Transformation Manager in Egypt using LinkedIn.","Generated search matrix","https://www.linkedin.com/jobs/search/?keywords=Digital%20Transformation%20Manager&location=Egypt&sortBy=DD"
"11182","Digital Transformation Manager","Indeed","Live Platform Search","Egypt","Egypt","","High","Monitoring","","2026-07-20","Live search for Digital Transformation Manager in Egypt using Indeed.","Generated search matrix","https://www.indeed.com/jobs?q=Digital%20Transformation%20Manager&l=Egypt&sort=date"
"11183","Digital Transformation Manager","Glassdoor","Live Platform Search","Egypt","Egypt","","High","Monitoring","","2026-07-20","Live search for Digital Transformation Manager in Egypt using Glassdoor.","Generated search matrix","https://www.google.com/search?q=site%3Aglassdoor.com%2FJob%20%22Digital%20Transformation%20Manager%22%20%22Egypt%22%20jobs"
"11184","Digital Transformation Manager","Bayt","Live Platform Search","Egypt","Egypt","","High","Monitoring","","2026-07-20","Live search for Digital Transformation Manager in Egypt using Bayt.","Generated search matrix","https://www.bayt.com/en/international/jobs/digital-transformation-manager-jobs/"
"11185","Digital Transformation Manager","GulfTalent","Live Platform Search","Egypt","Egypt","","High","Monitoring","","2026-07-20","Live search for Digital Transformation Manager in Egypt using GulfTalent.","Generated search matrix","https://www.google.com/search?q=site%3Agulftalent.com%20%22Digital%20Transformation%20Manager%22%20%22Egypt%22%20jobs"
"11186","Digital Transformation Manager","Naukrigulf","Live Platform Search","Egypt","Egypt","","High","Monitoring","","2026-07-20","Live search for Digital Transformation Manager in Egypt using Naukrigulf.","Generated search matrix","https://www.google.com/search?q=site%3Anaukrigulf.com%20%22Digital%20Transformation%20Manager%22%20%22Egypt%22%20jobs"
"11187","Digital Transformation Manager","WUZZUF","Live Platform Search","Egypt","Egypt","","High","Monitoring","","2026-07-20","Live search for Digital Transformation Manager in Egypt using WUZZUF.","Generated search matrix","https://wuzzuf.net/search/jobs/?q=Digital%20Transformation%20Manager&a=hpb"
"11188","Digital Transformation Manager","Careerjet","Live Platform Search","Egypt","Egypt","","High","Monitoring","","2026-07-20","Live search for Digital Transformation Manager in Egypt using Careerjet.","Generated search matrix","https://www.careerjet.com/search/jobs?s=Digital%20Transformation%20Manager&l=Egypt"
"11189","Digital Transformation Manager","Jooble","Live Platform Search","Egypt","Egypt","","High","Monitoring","","2026-07-20","Live search for Digital Transformation Manager in Egypt using Jooble.","Generated search matrix","https://jooble.org/SearchResult?rgns=Egypt&ukw=Digital%20Transformation%20Manager"
"11190","Digital Transformation Manager","Jobberman","Live Platform Search","Egypt","Egypt","","High","Monitoring","","2026-07-20","Live search for Digital Transformation Manager in Egypt using Jobberman.","Generated search matrix","https://www.google.com/search?q=site%3Ajobberman.com%20%22Digital%20Transformation%20Manager%22%20%22Egypt%22%20jobs"
"11191","Digital Transformation Manager","BrighterMonday","Live Platform Search","Egypt","Egypt","","High","Monitoring","","2026-07-20","Live search for Digital Transformation Manager in Egypt using BrighterMonday.","Generated search matrix","https://www.google.com/search?q=site%3Abrightermonday.co.ke%20%22Digital%20Transformation%20Manager%22%20%22Egypt%22%20jobs"
"11192","Digital Transformation Manager","Devex","Live Platform Search","Egypt","Egypt","","High","Monitoring","","2026-07-20","Live search for Digital Transformation Manager in Egypt using Devex.","Generated search matrix","https://www.google.com/search?q=site%3Adevex.com%2Fjobs%20%22Digital%20Transformation%20Manager%22%20%22Egypt%22%20jobs"
"11193","Digital Transformation Manager","ReliefWeb","Live Platform Search","Egypt","Egypt","","High","Monitoring","","2026-07-20","Live search for Digital Transformation Manager in Egypt using ReliefWeb.","Generated search matrix","https://reliefweb.int/jobs?search=Digital%20Transformation%20Manager%20Egypt"
"11194","Digital Transformation Manager","Google Jobs","Live Platform Search","Egypt","Egypt","","High","Monitoring","","2026-07-20","Live search for Digital Transformation Manager in Egypt using Google Jobs.","Generated search matrix","https://www.google.com/search?q=Digital%20Transformation%20Manager%20jobs%20Egypt"
"11741","Digital Program Manager","LinkedIn","Live Platform Search","Egypt","Egypt","","High","Monitoring","","2026-07-20","Live search for Digital Program Manager in Egypt using LinkedIn.","Generated search matrix","https://www.linkedin.com/jobs/search/?keywords=Digital%20Program%20Manager&location=Egypt&sortBy=DD"
"11742","Digital Program Manager","Indeed","Live Platform Search","Egypt","Egypt","","High","Monitoring","","2026-07-20","Live search for Digital Program Manager in Egypt using Indeed.","Generated search matrix","https://www.indeed.com/jobs?q=Digital%20Program%20Manager&l=Egypt&sort=date"
"11743","Digital Program Manager","Glassdoor","Live Platform Search","Egypt","Egypt","","High","Monitoring","","2026-07-20","Live search for Digital Program Manager in Egypt using Glassdoor.","Generated search matrix","https://www.google.com/search?q=site%3Aglassdoor.com%2FJob%20%22Digital%20Program%20Manager%22%20%22Egypt%22%20jobs"
"11744","Digital Program Manager","Bayt","Live Platform Search","Egypt","Egypt","","High","Monitoring","","2026-07-20","Live search for Digital Program Manager in Egypt using Bayt.","Generated search matrix","https://www.bayt.com/en/international/jobs/digital-program-manager-jobs/"
"11745","Digital Program Manager","GulfTalent","Live Platform Search","Egypt","Egypt","","High","Monitoring","","2026-07-20","Live search for Digital Program Manager in Egypt using GulfTalent.","Generated search matrix","https://www.google.com/search?q=site%3Agulftalent.com%20%22Digital%20Program%20Manager%22%20%22Egypt%22%20jobs"
"11746","Digital Program Manager","Naukrigulf","Live Platform Search","Egypt","Egypt","","High","Monitoring","","2026-07-20","Live search for Digital Program Manager in Egypt using Naukrigulf.","Generated search matrix","https://www.google.com/search?q=site%3Anaukrigulf.com%20%22Digital%20Program%20Manager%22%20%22Egypt%22%20jobs"
"11747","Digital Program Manager","WUZZUF","Live Platform Search","Egypt","Egypt","","High","Monitoring","","2026-07-20","Live search for Digital Program Manager in Egypt using WUZZUF.","Generated search matrix","https://wuzzuf.net/search/jobs/?q=Digital%20Program%20Manager&a=hpb"
"11748","Digital Program Manager","Careerjet","Live Platform Search","Egypt","Egypt","","High","Monitoring","","2026-07-20","Live search for Digital Program Manager in Egypt using Careerjet.","Generated search matrix","https://www.careerjet.com/search/jobs?s=Digital%20Program%20Manager&l=Egypt"
"11749","Digital Program Manager","Jooble","Live Platform Search","Egypt","Egypt","","High","Monitoring","","2026-07-20","Live search for Digital Program Manager in Egypt using Jooble.","Generated search matrix","https://jooble.org/SearchResult?rgns=Egypt&ukw=Digital%20Program%20Manager"
"11750","Digital Program Manager","Jobberman","Live Platform Search","Egypt","Egypt","","High","Monitoring","","2026-07-20","Live search for Digital Program Manager in Egypt using Jobberman.","Generated search matrix","https://www.google.com/search?q=site%3Ajobberman.com%20%22Digital%20Program%20Manager%22%20%22Egypt%22%20jobs"
"11751","Digital Program Manager","BrighterMonday","Live Platform Search","Egypt","Egypt","","High","Monitoring","","2026-07-20","Live search for Digital Program Manager in Egypt using BrighterMonday.","Generated search matrix","https://www.google.com/search?q=site%3Abrightermonday.co.ke%20%22Digital%20Program%20Manager%22%20%22Egypt%22%20jobs"
"11752","Digital Program Manager","Devex","Live Platform Search","Egypt","Egypt","","High","Monitoring","","2026-07-20","Live search for Digital Program Manager in Egypt using Devex.","Generated search matrix","https://www.google.com/search?q=site%3Adevex.com%2Fjobs%20%22Digital%20Program%20Manager%22%20%22Egypt%22%20jobs"
"11753","Digital Program Manager","ReliefWeb","Live Platform Search","Egypt","Egypt","","High","Monitoring","","2026-07-20","Live search for Digital Program Manager in Egypt using ReliefWeb.","Generated search matrix","https://reliefweb.int/jobs?search=Digital%20Program%20Manager%20Egypt"
"11754","Digital Program Manager","Google Jobs","Live Platform Search","Egypt","Egypt","","High","Monitoring","","2026-07-20","Live search for Digital Program Manager in Egypt using Google Jobs.","Generated search matrix","https://www.google.com/search?q=Digital%20Program%20Manager%20jobs%20Egypt"
"12301","Technology Program Manager","LinkedIn","Live Platform Search","Egypt","Egypt","","High","Monitoring","","2026-07-20","Live search for Technology Program Manager in Egypt using LinkedIn.","Generated search matrix","https://www.linkedin.com/jobs/search/?keywords=Technology%20Program%20Manager&location=Egypt&sortBy=DD"
"12302","Technology Program Manager","Indeed","Live Platform Search","Egypt","Egypt","","High","Monitoring","","2026-07-20","Live search for Technology Program Manager in Egypt using Indeed.","Generated search matrix","https://www.indeed.com/jobs?q=Technology%20Program%20Manager&l=Egypt&sort=date"
"12303","Technology Program Manager","Glassdoor","Live Platform Search","Egypt","Egypt","","High","Monitoring","","2026-07-20","Live search for Technology Program Manager in Egypt using Glassdoor.","Generated search matrix","https://www.google.com/search?q=site%3Aglassdoor.com%2FJob%20%22Technology%20Program%20Manager%22%20%22Egypt%22%20jobs"
"12304","Technology Program Manager","Bayt","Live Platform Search","Egypt","Egypt","","High","Monitoring","","2026-07-20","Live search for Technology Program Manager in Egypt using Bayt.","Generated search matrix","https://www.bayt.com/en/international/jobs/technology-program-manager-jobs/"
"12305","Technology Program Manager","GulfTalent","Live Platform Search","Egypt","Egypt","","High","Monitoring","","2026-07-20","Live search for Technology Program Manager in Egypt using GulfTalent.","Generated search matrix","https://www.google.com/search?q=site%3Agulftalent.com%20%22Technology%20Program%20Manager%22%20%22Egypt%22%20jobs"
"12306","Technology Program Manager","Naukrigulf","Live Platform Search","Egypt","Egypt","","High","Monitoring","","2026-07-20","Live search for Technology Program Manager in Egypt using Naukrigulf.","Generated search matrix","https://www.google.com/search?q=site%3Anaukrigulf.com%20%22Technology%20Program%20Manager%22%20%22Egypt%22%20jobs"
"12307","Technology Program Manager","WUZZUF","Live Platform Search","Egypt","Egypt","","High","Monitoring","","2026-07-20","Live search for Technology Program Manager in Egypt using WUZZUF.","Generated search matrix","https://wuzzuf.net/search/jobs/?q=Technology%20Program%20Manager&a=hpb"
"12308","Technology Program Manager","Careerjet","Live Platform Search","Egypt","Egypt","","High","Monitoring","","2026-07-20","Live search for Technology Program Manager in Egypt using Careerjet.","Generated search matrix","https://www.careerjet.com/search/jobs?s=Technology%20Program%20Manager&l=Egypt"
"12309","Technology Program Manager","Jooble","Live Platform Search","Egypt","Egypt","","High","Monitoring","","2026-07-20","Live search for Technology Program Manager in Egypt using Jooble.","Generated search matrix","https://jooble.org/SearchResult?rgns=Egypt&ukw=Technology%20Program%20Manager"
"12310","Technology Program Manager","Jobberman","Live Platform Search","Egypt","Egypt","","High","Monitoring","","2026-07-20","Live search for Technology Program Manager in Egypt using Jobberman.","Generated search matrix","https://www.google.com/search?q=site%3Ajobberman.com%20%22Technology%20Program%20Manager%22%20%22Egypt%22%20jobs"
"12311","Technology Program Manager","BrighterMonday","Live Platform Search","Egypt","Egypt","","High","Monitoring","","2026-07-20","Live search for Technology Program Manager in Egypt using BrighterMonday.","Generated search matrix","https://www.google.com/search?q=site%3Abrightermonday.co.ke%20%22Technology%20Program%20Manager%22%20%22Egypt%22%20jobs"
"12312","Technology Program Manager","Devex","Live Platform Search","Egypt","Egypt","","High","Monitoring","","2026-07-20","Live search for Technology Program Manager in Egypt using Devex.","Generated search matrix","https://www.google.com/search?q=site%3Adevex.com%2Fjobs%20%22Technology%20Program%20Manager%22%20%22Egypt%22%20jobs"
"12313","Technology Program Manager","ReliefWeb","Live Platform Search","Egypt","Egypt","","High","Monitoring","","2026-07-20","Live search for Technology Program Manager in Egypt using ReliefWeb.","Generated search matrix","https://reliefweb.int/jobs?search=Technology%20Program%20Manager%20Egypt"
"12314","Technology Program Manager","Google Jobs","Live Platform Search","Egypt","Egypt","","High","Monitoring","","2026-07-20","Live search for Technology Program Manager in Egypt using Google Jobs.","Generated search matrix","https://www.google.com/search?q=Technology%20Program%20Manager%20jobs%20Egypt"
"12861","IT Program Manager","LinkedIn","Live Platform Search","Egypt","Egypt","","High","Monitoring","","2026-07-20","Live search for IT Program Manager in Egypt using LinkedIn.","Generated search matrix","https://www.linkedin.com/jobs/search/?keywords=IT%20Program%20Manager&location=Egypt&sortBy=DD"
"12862","IT Program Manager","Indeed","Live Platform Search","Egypt","Egypt","","High","Monitoring","","2026-07-20","Live search for IT Program Manager in Egypt using Indeed.","Generated search matrix","https://www.indeed.com/jobs?q=IT%20Program%20Manager&l=Egypt&sort=date"
"12863","IT Program Manager","Glassdoor","Live Platform Search","Egypt","Egypt","","High","Monitoring","","2026-07-20","Live search for IT Program Manager in Egypt using Glassdoor.","Generated search matrix","https://www.google.com/search?q=site%3Aglassdoor.com%2FJob%20%22IT%20Program%20Manager%22%20%22Egypt%22%20jobs"
"12864","IT Program Manager","Bayt","Live Platform Search","Egypt","Egypt","","High","Monitoring","","2026-07-20","Live search for IT Program Manager in Egypt using Bayt.","Generated search matrix","https://www.bayt.com/en/international/jobs/it-program-manager-jobs/"
"12865","IT Program Manager","GulfTalent","Live Platform Search","Egypt","Egypt","","High","Monitoring","","2026-07-20","Live search for IT Program Manager in Egypt using GulfTalent.","Generated search matrix","https://www.google.com/search?q=site%3Agulftalent.com%20%22IT%20Program%20Manager%22%20%22Egypt%22%20jobs"
"12866","IT Program Manager","Naukrigulf","Live Platform Search","Egypt","Egypt","","High","Monitoring","","2026-07-20","Live search for IT Program Manager in Egypt using Naukrigulf.","Generated search matrix","https://www.google.com/search?q=site%3Anaukrigulf.com%20%22IT%20Program%20Manager%22%20%22Egypt%22%20jobs"
"12867","IT Program Manager","WUZZUF","Live Platform Search","Egypt","Egypt","","High","Monitoring","","2026-07-20","Live search for IT Program Manager in Egypt using WUZZUF.","Generated search matrix","https://wuzzuf.net/search/jobs/?q=IT%20Program%20Manager&a=hpb"
"12868","IT Program Manager","Careerjet","Live Platform Search","Egypt","Egypt","","High","Monitoring","","2026-07-20","Live search for IT Program Manager in Egypt using Careerjet.","Generated search matrix","https://www.careerjet.com/search/jobs?s=IT%20Program%20Manager&l=Egypt"
"12869","IT Program Manager","Jooble","Live Platform Search","Egypt","Egypt","","High","Monitoring","","2026-07-20","Live search for IT Program Manager in Egypt using Jooble.","Generated search matrix","https://jooble.org/SearchResult?rgns=Egypt&ukw=IT%20Program%20Manager"
"12870","IT Program Manager","Jobberman","Live Platform Search","Egypt","Egypt","","High","Monitoring","","2026-07-20","Live search for IT Program Manager in Egypt using Jobberman.","Generated search matrix","https://www.google.com/search?q=site%3Ajobberman.com%20%22IT%20Program%20Manager%22%20%22Egypt%22%20jobs"
"12871","IT Program Manager","BrighterMonday","Live Platform Search","Egypt","Egypt","","High","Monitoring","","2026-07-20","Live search for IT Program Manager in Egypt using BrighterMonday.","Generated search matrix","https://www.google.com/search?q=site%3Abrightermonday.co.ke%20%22IT%20Program%20Manager%22%20%22Egypt%22%20jobs"
"12872","IT Program Manager","Devex","Live Platform Search","Egypt","Egypt","","High","Monitoring","","2026-07-20","Live search for IT Program Manager in Egypt using Devex.","Generated search matrix","https://www.google.com/search?q=site%3Adevex.com%2Fjobs%20%22IT%20Program%20Manager%22%20%22Egypt%22%20jobs"
"12873","IT Program Manager","ReliefWeb","Live Platform Search","Egypt","Egypt","","High","Monitoring","","2026-07-20","Live search for IT Program Manager in Egypt using ReliefWeb.","Generated search matrix","https://reliefweb.int/jobs?search=IT%20Program%20Manager%20Egypt"
"12874","IT Program Manager","Google Jobs","Live Platform Search","Egypt","Egypt","","High","Monitoring","","2026-07-20","Live search for IT Program Manager in Egypt using Google Jobs.","Generated search matrix","https://www.google.com/search?q=IT%20Program%20Manager%20jobs%20Egypt"
"13421","IT Governance Manager","LinkedIn","Live Platform Search","Egypt","Egypt","","High","Monitoring","","2026-07-20","Live search for IT Governance Manager in Egypt using LinkedIn.","Generated search matrix","https://www.linkedin.com/jobs/search/?keywords=IT%20Governance%20Manager&location=Egypt&sortBy=DD"
"13422","IT Governance Manager","Indeed","Live Platform Search","Egypt","Egypt","","High","Monitoring","","2026-07-20","Live search for IT Governance Manager in Egypt using Indeed.","Generated search matrix","https://www.indeed.com/jobs?q=IT%20Governance%20Manager&l=Egypt&sort=date"
"13423","IT Governance Manager","Glassdoor","Live Platform Search","Egypt","Egypt","","High","Monitoring","","2026-07-20","Live search for IT Governance Manager in Egypt using Glassdoor.","Generated search matrix","https://www.google.com/search?q=site%3Aglassdoor.com%2FJob%20%22IT%20Governance%20Manager%22%20%22Egypt%22%20jobs"
"13424","IT Governance Manager","Bayt","Live Platform Search","Egypt","Egypt","","High","Monitoring","","2026-07-20","Live search for IT Governance Manager in Egypt using Bayt.","Generated search matrix","https://www.bayt.com/en/international/jobs/it-governance-manager-jobs/"
"13425","IT Governance Manager","GulfTalent","Live Platform Search","Egypt","Egypt","","High","Monitoring","","2026-07-20","Live search for IT Governance Manager in Egypt using GulfTalent.","Generated search matrix","https://www.google.com/search?q=site%3Agulftalent.com%20%22IT%20Governance%20Manager%22%20%22Egypt%22%20jobs"
"13426","IT Governance Manager","Naukrigulf","Live Platform Search","Egypt","Egypt","","High","Monitoring","","2026-07-20","Live search for IT Governance Manager in Egypt using Naukrigulf.","Generated search matrix","https://www.google.com/search?q=site%3Anaukrigulf.com%20%22IT%20Governance%20Manager%22%20%22Egypt%22%20jobs"
"13427","IT Governance Manager","WUZZUF","Live Platform Search","Egypt","Egypt","","High","Monitoring","","2026-07-20","Live search for IT Governance Manager in Egypt using WUZZUF.","Generated search matrix","https://wuzzuf.net/search/jobs/?q=IT%20Governance%20Manager&a=hpb"
"13428","IT Governance Manager","Careerjet","Live Platform Search","Egypt","Egypt","","High","Monitoring","","2026-07-20","Live search for IT Governance Manager in Egypt using Careerjet.","Generated search matrix","https://www.careerjet.com/search/jobs?s=IT%20Governance%20Manager&l=Egypt"
"13429","IT Governance Manager","Jooble","Live Platform Search","Egypt","Egypt","","High","Monitoring","","2026-07-20","Live search for IT Governance Manager in Egypt using Jooble.","Generated search matrix","https://jooble.org/SearchResult?rgns=Egypt&ukw=IT%20Governance%20Manager"
"13430","IT Governance Manager","Jobberman","Live Platform Search","Egypt","Egypt","","High","Monitoring","","2026-07-20","Live search for IT Governance Manager in Egypt using Jobberman.","Generated search matrix","https://www.google.com/search?q=site%3Ajobberman.com%20%22IT%20Governance%20Manager%22%20%22Egypt%22%20jobs"
"13431","IT Governance Manager","BrighterMonday","Live Platform Search","Egypt","Egypt","","High","Monitoring","","2026-07-20","Live search for IT Governance Manager in Egypt using BrighterMonday.","Generated search matrix","https://www.google.com/search?q=site%3Abrightermonday.co.ke%20%22IT%20Governance%20Manager%22%20%22Egypt%22%20jobs"
"13432","IT Governance Manager","Devex","Live Platform Search","Egypt","Egypt","","High","Monitoring","","2026-07-20","Live search for IT Governance Manager in Egypt using Devex.","Generated search matrix","https://www.google.com/search?q=site%3Adevex.com%2Fjobs%20%22IT%20Governance%20Manager%22%20%22Egypt%22%20jobs"
"13433","IT Governance Manager","ReliefWeb","Live Platform Search","Egypt","Egypt","","High","Monitoring","","2026-07-20","Live search for IT Governance Manager in Egypt using ReliefWeb.","Generated search matrix","https://reliefweb.int/jobs?search=IT%20Governance%20Manager%20Egypt"
"13434","IT Governance Manager","Google Jobs","Live Platform Search","Egypt","Egypt","","High","Monitoring","","2026-07-20","Live search for IT Governance Manager in Egypt using Google Jobs.","Generated search matrix","https://www.google.com/search?q=IT%20Governance%20Manager%20jobs%20Egypt"
"13981","Data Governance Lead","LinkedIn","Live Platform Search","Egypt","Egypt","","High","Monitoring","","2026-07-20","Live search for Data Governance Lead in Egypt using LinkedIn.","Generated search matrix","https://www.linkedin.com/jobs/search/?keywords=Data%20Governance%20Lead&location=Egypt&sortBy=DD"
"13982","Data Governance Lead","Indeed","Live Platform Search","Egypt","Egypt","","High","Monitoring","","2026-07-20","Live search for Data Governance Lead in Egypt using Indeed.","Generated search matrix","https://www.indeed.com/jobs?q=Data%20Governance%20Lead&l=Egypt&sort=date"
"13983","Data Governance Lead","Glassdoor","Live Platform Search","Egypt","Egypt","","High","Monitoring","","2026-07-20","Live search for Data Governance Lead in Egypt using Glassdoor.","Generated search matrix","https://www.google.com/search?q=site%3Aglassdoor.com%2FJob%20%22Data%20Governance%20Lead%22%20%22Egypt%22%20jobs"
"13984","Data Governance Lead","Bayt","Live Platform Search","Egypt","Egypt","","High","Monitoring","","2026-07-20","Live search for Data Governance Lead in Egypt using Bayt.","Generated search matrix","https://www.bayt.com/en/international/jobs/data-governance-lead-jobs/"
"13985","Data Governance Lead","GulfTalent","Live Platform Search","Egypt","Egypt","","High","Monitoring","","2026-07-20","Live search for Data Governance Lead in Egypt using GulfTalent.","Generated search matrix","https://www.google.com/search?q=site%3Agulftalent.com%20%22Data%20Governance%20Lead%22%20%22Egypt%22%20jobs"
"13986","Data Governance Lead","Naukrigulf","Live Platform Search","Egypt","Egypt","","High","Monitoring","","2026-07-20","Live search for Data Governance Lead in Egypt using Naukrigulf.","Generated search matrix","https://www.google.com/search?q=site%3Anaukrigulf.com%20%22Data%20Governance%20Lead%22%20%22Egypt%22%20jobs"
"13987","Data Governance Lead","WUZZUF","Live Platform Search","Egypt","Egypt","","High","Monitoring","","2026-07-20","Live search for Data Governance Lead in Egypt using WUZZUF.","Generated search matrix","https://wuzzuf.net/search/jobs/?q=Data%20Governance%20Lead&a=hpb"
"13988","Data Governance Lead","Careerjet","Live Platform Search","Egypt","Egypt","","High","Monitoring","","2026-07-20","Live search for Data Governance Lead in Egypt using Careerjet.","Generated search matrix","https://www.careerjet.com/search/jobs?s=Data%20Governance%20Lead&l=Egypt"
"13989","Data Governance Lead","Jooble","Live Platform Search","Egypt","Egypt","","High","Monitoring","","2026-07-20","Live search for Data Governance Lead in Egypt using Jooble.","Generated search matrix","https://jooble.org/SearchResult?rgns=Egypt&ukw=Data%20Governance%20Lead"
"13990","Data Governance Lead","Jobberman","Live Platform Search","Egypt","Egypt","","High","Monitoring","","2026-07-20","Live search for Data Governance Lead in Egypt using Jobberman.","Generated search matrix","https://www.google.com/search?q=site%3Ajobberman.com%20%22Data%20Governance%20Lead%22%20%22Egypt%22%20jobs"
"13991","Data Governance Lead","BrighterMonday","Live Platform Search","Egypt","Egypt","","High","Monitoring","","2026-07-20","Live search for Data Governance Lead in Egypt using BrighterMonday.","Generated search matrix","https://www.google.com/search?q=site%3Abrightermonday.co.ke%20%22Data%20Governance%20Lead%22%20%22Egypt%22%20jobs"
"13992","Data Governance Lead","Devex","Live Platform Search","Egypt","Egypt","","High","Monitoring","","2026-07-20","Live search for Data Governance Lead in Egypt using Devex.","Generated search matrix","https://www.google.com/search?q=site%3Adevex.com%2Fjobs%20%22Data%20Governance%20Lead%22%20%22Egypt%22%20jobs"
"13993","Data Governance Lead","ReliefWeb","Live Platform Search","Egypt","Egypt","","High","Monitoring","","2026-07-20","Live search for Data Governance Lead in Egypt using ReliefWeb.","Generated search matrix","https://reliefweb.int/jobs?search=Data%20Governance%20Lead%20Egypt"
"13994","Data Governance Lead","Google Jobs","Live Platform Search","Egypt","Egypt","","High","Monitoring","","2026-07-20","Live search for Data Governance Lead in Egypt using Google Jobs.","Generated search matrix","https://www.google.com/search?q=Data%20Governance%20Lead%20jobs%20Egypt"
"14541","AI Governance Lead","LinkedIn","Live Platform Search","Egypt","Egypt","","Medium","Monitoring","","2026-07-20","Live search for AI Governance Lead in Egypt using LinkedIn.","Generated search matrix","https://www.linkedin.com/jobs/search/?keywords=AI%20Governance%20Lead&location=Egypt&sortBy=DD"
"14542","AI Governance Lead","Indeed","Live Platform Search","Egypt","Egypt","","Medium","Monitoring","","2026-07-20","Live search for AI Governance Lead in Egypt using Indeed.","Generated search matrix","https://www.indeed.com/jobs?q=AI%20Governance%20Lead&l=Egypt&sort=date"
"14543","AI Governance Lead","Glassdoor","Live Platform Search","Egypt","Egypt","","Medium","Monitoring","","2026-07-20","Live search for AI Governance Lead in Egypt using Glassdoor.","Generated search matrix","https://www.google.com/search?q=site%3Aglassdoor.com%2FJob%20%22AI%20Governance%20Lead%22%20%22Egypt%22%20jobs"
"14544","AI Governance Lead","Bayt","Live Platform Search","Egypt","Egypt","","Medium","Monitoring","","2026-07-20","Live search for AI Governance Lead in Egypt using Bayt.","Generated search matrix","https://www.bayt.com/en/international/jobs/ai-governance-lead-jobs/"
"14545","AI Governance Lead","GulfTalent","Live Platform Search","Egypt","Egypt","","Medium","Monitoring","","2026-07-20","Live search for AI Governance Lead in Egypt using GulfTalent.","Generated search matrix","https://www.google.com/search?q=site%3Agulftalent.com%20%22AI%20Governance%20Lead%22%20%22Egypt%22%20jobs"
"14546","AI Governance Lead","Naukrigulf","Live Platform Search","Egypt","Egypt","","Medium","Monitoring","","2026-07-20","Live search for AI Governance Lead in Egypt using Naukrigulf.","Generated search matrix","https://www.google.com/search?q=site%3Anaukrigulf.com%20%22AI%20Governance%20Lead%22%20%22Egypt%22%20jobs"
"14547","AI Governance Lead","WUZZUF","Live Platform Search","Egypt","Egypt","","Medium","Monitoring","","2026-07-20","Live search for AI Governance Lead in Egypt using WUZZUF.","Generated search matrix","https://wuzzuf.net/search/jobs/?q=AI%20Governance%20Lead&a=hpb"
"14548","AI Governance Lead","Careerjet","Live Platform Search","Egypt","Egypt","","Medium","Monitoring","","2026-07-20","Live search for AI Governance Lead in Egypt using Careerjet.","Generated search matrix","https://www.careerjet.com/search/jobs?s=AI%20Governance%20Lead&l=Egypt"
"14549","AI Governance Lead","Jooble","Live Platform Search","Egypt","Egypt","","Medium","Monitoring","","2026-07-20","Live search for AI Governance Lead in Egypt using Jooble.","Generated search matrix","https://jooble.org/SearchResult?rgns=Egypt&ukw=AI%20Governance%20Lead"
"14550","AI Governance Lead","Jobberman","Live Platform Search","Egypt","Egypt","","Medium","Monitoring","","2026-07-20","Live search for AI Governance Lead in Egypt using Jobberman.","Generated search matrix","https://www.google.com/search?q=site%3Ajobberman.com%20%22AI%20Governance%20Lead%22%20%22Egypt%22%20jobs"
"14551","AI Governance Lead","BrighterMonday","Live Platform Search","Egypt","Egypt","","Medium","Monitoring","","2026-07-20","Live search for AI Governance Lead in Egypt using BrighterMonday.","Generated search matrix","https://www.google.com/search?q=site%3Abrightermonday.co.ke%20%22AI%20Governance%20Lead%22%20%22Egypt%22%20jobs"
"14552","AI Governance Lead","Devex","Live Platform Search","Egypt","Egypt","","Medium","Monitoring","","2026-07-20","Live search for AI Governance Lead in Egypt using Devex.","Generated search matrix","https://www.google.com/search?q=site%3Adevex.com%2Fjobs%20%22AI%20Governance%20Lead%22%20%22Egypt%22%20jobs"
"14553","AI Governance Lead","ReliefWeb","Live Platform Search","Egypt","Egypt","","Medium","Monitoring","","2026-07-20","Live search for AI Governance Lead in Egypt using ReliefWeb.","Generated search matrix","https://reliefweb.int/jobs?search=AI%20Governance%20Lead%20Egypt"
"14554","AI Governance Lead","Google Jobs","Live Platform Search","Egypt","Egypt","","Medium","Monitoring","","2026-07-20","Live search for AI Governance Lead in Egypt using Google Jobs.","Generated search matrix","https://www.google.com/search?q=AI%20Governance%20Lead%20jobs%20Egypt"
"15101","Cybersecurity Governance Manager","LinkedIn","Live Platform Search","Egypt","Egypt","","High","Monitoring","","2026-07-20","Live search for Cybersecurity Governance Manager in Egypt using LinkedIn.","Generated search matrix","https://www.linkedin.com/jobs/search/?keywords=Cybersecurity%20Governance%20Manager&location=Egypt&sortBy=DD"
"15102","Cybersecurity Governance Manager","Indeed","Live Platform Search","Egypt","Egypt","","High","Monitoring","","2026-07-20","Live search for Cybersecurity Governance Manager in Egypt using Indeed.","Generated search matrix","https://www.indeed.com/jobs?q=Cybersecurity%20Governance%20Manager&l=Egypt&sort=date"
"15103","Cybersecurity Governance Manager","Glassdoor","Live Platform Search","Egypt","Egypt","","High","Monitoring","","2026-07-20","Live search for Cybersecurity Governance Manager in Egypt using Glassdoor.","Generated search matrix","https://www.google.com/search?q=site%3Aglassdoor.com%2FJob%20%22Cybersecurity%20Governance%20Manager%22%20%22Egypt%22%20jobs"
"15104","Cybersecurity Governance Manager","Bayt","Live Platform Search","Egypt","Egypt","","High","Monitoring","","2026-07-20","Live search for Cybersecurity Governance Manager in Egypt using Bayt.","Generated search matrix","https://www.bayt.com/en/international/jobs/cybersecurity-governance-manager-jobs/"
"15105","Cybersecurity Governance Manager","GulfTalent","Live Platform Search","Egypt","Egypt","","High","Monitoring","","2026-07-20","Live search for Cybersecurity Governance Manager in Egypt using GulfTalent.","Generated search matrix","https://www.google.com/search?q=site%3Agulftalent.com%20%22Cybersecurity%20Governance%20Manager%22%20%22Egypt%22%20jobs"
"15106","Cybersecurity Governance Manager","Naukrigulf","Live Platform Search","Egypt","Egypt","","High","Monitoring","","2026-07-20","Live search for Cybersecurity Governance Manager in Egypt using Naukrigulf.","Generated search matrix","https://www.google.com/search?q=site%3Anaukrigulf.com%20%22Cybersecurity%20Governance%20Manager%22%20%22Egypt%22%20jobs"
"15107","Cybersecurity Governance Manager","WUZZUF","Live Platform Search","Egypt","Egypt","","High","Monitoring","","2026-07-20","Live search for Cybersecurity Governance Manager in Egypt using WUZZUF.","Generated search matrix","https://wuzzuf.net/search/jobs/?q=Cybersecurity%20Governance%20Manager&a=hpb"
"15108","Cybersecurity Governance Manager","Careerjet","Live Platform Search","Egypt","Egypt","","High","Monitoring","","2026-07-20","Live search for Cybersecurity Governance Manager in Egypt using Careerjet.","Generated search matrix","https://www.careerjet.com/search/jobs?s=Cybersecurity%20Governance%20Manager&l=Egypt"
"15109","Cybersecurity Governance Manager","Jooble","Live Platform Search","Egypt","Egypt","","High","Monitoring","","2026-07-20","Live search for Cybersecurity Governance Manager in Egypt using Jooble.","Generated search matrix","https://jooble.org/SearchResult?rgns=Egypt&ukw=Cybersecurity%20Governance%20Manager"
"15110","Cybersecurity Governance Manager","Jobberman","Live Platform Search","Egypt","Egypt","","High","Monitoring","","2026-07-20","Live search for Cybersecurity Governance Manager in Egypt using Jobberman.","Generated search matrix","https://www.google.com/search?q=site%3Ajobberman.com%20%22Cybersecurity%20Governance%20Manager%22%20%22Egypt%22%20jobs"
"15111","Cybersecurity Governance Manager","BrighterMonday","Live Platform Search","Egypt","Egypt","","High","Monitoring","","2026-07-20","Live search for Cybersecurity Governance Manager in Egypt using BrighterMonday.","Generated search matrix","https://www.google.com/search?q=site%3Abrightermonday.co.ke%20%22Cybersecurity%20Governance%20Manager%22%20%22Egypt%22%20jobs"
"15112","Cybersecurity Governance Manager","Devex","Live Platform Search","Egypt","Egypt","","High","Monitoring","","2026-07-20","Live search for Cybersecurity Governance Manager in Egypt using Devex.","Generated search matrix","https://www.google.com/search?q=site%3Adevex.com%2Fjobs%20%22Cybersecurity%20Governance%20Manager%22%20%22Egypt%22%20jobs"
"15113","Cybersecurity Governance Manager","ReliefWeb","Live Platform Search","Egypt","Egypt","","High","Monitoring","","2026-07-20","Live search for Cybersecurity Governance Manager in Egypt using ReliefWeb.","Generated search matrix","https://reliefweb.int/jobs?search=Cybersecurity%20Governance%20Manager%20Egypt"
"15114","Cybersecurity Governance Manager","Google Jobs","Live Platform Search","Egypt","Egypt","","High","Monitoring","","2026-07-20","Live search for Cybersecurity Governance Manager in Egypt using Google Jobs.","Generated search matrix","https://www.google.com/search?q=Cybersecurity%20Governance%20Manager%20jobs%20Egypt"
"15661","Healthcare IT Manager","LinkedIn","Live Platform Search","Egypt","Egypt","","High","Monitoring","","2026-07-20","Live search for Healthcare IT Manager in Egypt using LinkedIn.","Generated search matrix","https://www.linkedin.com/jobs/search/?keywords=Healthcare%20IT%20Manager&location=Egypt&sortBy=DD"
"15662","Healthcare IT Manager","Indeed","Live Platform Search","Egypt","Egypt","","High","Monitoring","","2026-07-20","Live search for Healthcare IT Manager in Egypt using Indeed.","Generated search matrix","https://www.indeed.com/jobs?q=Healthcare%20IT%20Manager&l=Egypt&sort=date"
"15663","Healthcare IT Manager","Glassdoor","Live Platform Search","Egypt","Egypt","","High","Monitoring","","2026-07-20","Live search for Healthcare IT Manager in Egypt using Glassdoor.","Generated search matrix","https://www.google.com/search?q=site%3Aglassdoor.com%2FJob%20%22Healthcare%20IT%20Manager%22%20%22Egypt%22%20jobs"
"15664","Healthcare IT Manager","Bayt","Live Platform Search","Egypt","Egypt","","High","Monitoring","","2026-07-20","Live search for Healthcare IT Manager in Egypt using Bayt.","Generated search matrix","https://www.bayt.com/en/international/jobs/healthcare-it-manager-jobs/"
"15665","Healthcare IT Manager","GulfTalent","Live Platform Search","Egypt","Egypt","","High","Monitoring","","2026-07-20","Live search for Healthcare IT Manager in Egypt using GulfTalent.","Generated search matrix","https://www.google.com/search?q=site%3Agulftalent.com%20%22Healthcare%20IT%20Manager%22%20%22Egypt%22%20jobs"
"15666","Healthcare IT Manager","Naukrigulf","Live Platform Search","Egypt","Egypt","","High","Monitoring","","2026-07-20","Live search for Healthcare IT Manager in Egypt using Naukrigulf.","Generated search matrix","https://www.google.com/search?q=site%3Anaukrigulf.com%20%22Healthcare%20IT%20Manager%22%20%22Egypt%22%20jobs"
"15667","Healthcare IT Manager","WUZZUF","Live Platform Search","Egypt","Egypt","","High","Monitoring","","2026-07-20","Live search for Healthcare IT Manager in Egypt using WUZZUF.","Generated search matrix","https://wuzzuf.net/search/jobs/?q=Healthcare%20IT%20Manager&a=hpb"
"15668","Healthcare IT Manager","Careerjet","Live Platform Search","Egypt","Egypt","","High","Monitoring","","2026-07-20","Live search for Healthcare IT Manager in Egypt using Careerjet.","Generated search matrix","https://www.careerjet.com/search/jobs?s=Healthcare%20IT%20Manager&l=Egypt"
"15669","Healthcare IT Manager","Jooble","Live Platform Search","Egypt","Egypt","","High","Monitoring","","2026-07-20","Live search for Healthcare IT Manager in Egypt using Jooble.","Generated search matrix","https://jooble.org/SearchResult?rgns=Egypt&ukw=Healthcare%20IT%20Manager"
"15670","Healthcare IT Manager","Jobberman","Live Platform Search","Egypt","Egypt","","High","Monitoring","","2026-07-20","Live search for Healthcare IT Manager in Egypt using Jobberman.","Generated search matrix","https://www.google.com/search?q=site%3Ajobberman.com%20%22Healthcare%20IT%20Manager%22%20%22Egypt%22%20jobs"
"15671","Healthcare IT Manager","BrighterMonday","Live Platform Search","Egypt","Egypt","","High","Monitoring","","2026-07-20","Live search for Healthcare IT Manager in Egypt using BrighterMonday.","Generated search matrix","https://www.google.com/search?q=site%3Abrightermonday.co.ke%20%22Healthcare%20IT%20Manager%22%20%22Egypt%22%20jobs"
"15672","Healthcare IT Manager","Devex","Live Platform Search","Egypt","Egypt","","High","Monitoring","","2026-07-20","Live search for Healthcare IT Manager in Egypt using Devex.","Generated search matrix","https://www.google.com/search?q=site%3Adevex.com%2Fjobs%20%22Healthcare%20IT%20Manager%22%20%22Egypt%22%20jobs"
"15673","Healthcare IT Manager","ReliefWeb","Live Platform Search","Egypt","Egypt","","High","Monitoring","","2026-07-20","Live search for Healthcare IT Manager in Egypt using ReliefWeb.","Generated search matrix","https://reliefweb.int/jobs?search=Healthcare%20IT%20Manager%20Egypt"
"15674","Healthcare IT Manager","Google Jobs","Live Platform Search","Egypt","Egypt","","High","Monitoring","","2026-07-20","Live search for Healthcare IT Manager in Egypt using Google Jobs.","Generated search matrix","https://www.google.com/search?q=Healthcare%20IT%20Manager%20jobs%20Egypt"
"16221","Health Information Systems Manager","LinkedIn","Live Platform Search","Egypt","Egypt","","High","Monitoring","","2026-07-20","Live search for Health Information Systems Manager in Egypt using LinkedIn.","Generated search matrix","https://www.linkedin.com/jobs/search/?keywords=Health%20Information%20Systems%20Manager&location=Egypt&sortBy=DD"
"16222","Health Information Systems Manager","Indeed","Live Platform Search","Egypt","Egypt","","High","Monitoring","","2026-07-20","Live search for Health Information Systems Manager in Egypt using Indeed.","Generated search matrix","https://www.indeed.com/jobs?q=Health%20Information%20Systems%20Manager&l=Egypt&sort=date"
"16223","Health Information Systems Manager","Glassdoor","Live Platform Search","Egypt","Egypt","","High","Monitoring","","2026-07-20","Live search for Health Information Systems Manager in Egypt using Glassdoor.","Generated search matrix","https://www.google.com/search?q=site%3Aglassdoor.com%2FJob%20%22Health%20Information%20Systems%20Manager%22%20%22Egypt%22%20jobs"
"16224","Health Information Systems Manager","Bayt","Live Platform Search","Egypt","Egypt","","High","Monitoring","","2026-07-20","Live search for Health Information Systems Manager in Egypt using Bayt.","Generated search matrix","https://www.bayt.com/en/international/jobs/health-information-systems-manager-jobs/"
"16225","Health Information Systems Manager","GulfTalent","Live Platform Search","Egypt","Egypt","","High","Monitoring","","2026-07-20","Live search for Health Information Systems Manager in Egypt using GulfTalent.","Generated search matrix","https://www.google.com/search?q=site%3Agulftalent.com%20%22Health%20Information%20Systems%20Manager%22%20%22Egypt%22%20jobs"
"16226","Health Information Systems Manager","Naukrigulf","Live Platform Search","Egypt","Egypt","","High","Monitoring","","2026-07-20","Live search for Health Information Systems Manager in Egypt using Naukrigulf.","Generated search matrix","https://www.google.com/search?q=site%3Anaukrigulf.com%20%22Health%20Information%20Systems%20Manager%22%20%22Egypt%22%20jobs"
"16227","Health Information Systems Manager","WUZZUF","Live Platform Search","Egypt","Egypt","","High","Monitoring","","2026-07-20","Live search for Health Information Systems Manager in Egypt using WUZZUF.","Generated search matrix","https://wuzzuf.net/search/jobs/?q=Health%20Information%20Systems%20Manager&a=hpb"
"16228","Health Information Systems Manager","Careerjet","Live Platform Search","Egypt","Egypt","","High","Monitoring","","2026-07-20","Live search for Health Information Systems Manager in Egypt using Careerjet.","Generated search matrix","https://www.careerjet.com/search/jobs?s=Health%20Information%20Systems%20Manager&l=Egypt"
"16229","Health Information Systems Manager","Jooble","Live Platform Search","Egypt","Egypt","","High","Monitoring","","2026-07-20","Live search for Health Information Systems Manager in Egypt using Jooble.","Generated search matrix","https://jooble.org/SearchResult?rgns=Egypt&ukw=Health%20Information%20Systems%20Manager"
"16230","Health Information Systems Manager","Jobberman","Live Platform Search","Egypt","Egypt","","High","Monitoring","","2026-07-20","Live search for Health Information Systems Manager in Egypt using Jobberman.","Generated search matrix","https://www.google.com/search?q=site%3Ajobberman.com%20%22Health%20Information%20Systems%20Manager%22%20%22Egypt%22%20jobs"
"16231","Health Information Systems Manager","BrighterMonday","Live Platform Search","Egypt","Egypt","","High","Monitoring","","2026-07-20","Live search for Health Information Systems Manager in Egypt using BrighterMonday.","Generated search matrix","https://www.google.com/search?q=site%3Abrightermonday.co.ke%20%22Health%20Information%20Systems%20Manager%22%20%22Egypt%22%20jobs"
"16232","Health Information Systems Manager","Devex","Live Platform Search","Egypt","Egypt","","High","Monitoring","","2026-07-20","Live search for Health Information Systems Manager in Egypt using Devex.","Generated search matrix","https://www.google.com/search?q=site%3Adevex.com%2Fjobs%20%22Health%20Information%20Systems%20Manager%22%20%22Egypt%22%20jobs"
"16233","Health Information Systems Manager","ReliefWeb","Live Platform Search","Egypt","Egypt","","High","Monitoring","","2026-07-20","Live search for Health Information Systems Manager in Egypt using ReliefWeb.","Generated search matrix","https://reliefweb.int/jobs?search=Health%20Information%20Systems%20Manager%20Egypt"
"16234","Health Information Systems Manager","Google Jobs","Live Platform Search","Egypt","Egypt","","High","Monitoring","","2026-07-20","Live search for Health Information Systems Manager in Egypt using Google Jobs.","Generated search matrix","https://www.google.com/search?q=Health%20Information%20Systems%20Manager%20jobs%20Egypt"
"16781","Digital Health Manager","LinkedIn","Live Platform Search","Egypt","Egypt","","High","Monitoring","","2026-07-20","Live search for Digital Health Manager in Egypt using LinkedIn.","Generated search matrix","https://www.linkedin.com/jobs/search/?keywords=Digital%20Health%20Manager&location=Egypt&sortBy=DD"
"16782","Digital Health Manager","Indeed","Live Platform Search","Egypt","Egypt","","High","Monitoring","","2026-07-20","Live search for Digital Health Manager in Egypt using Indeed.","Generated search matrix","https://www.indeed.com/jobs?q=Digital%20Health%20Manager&l=Egypt&sort=date"
"16783","Digital Health Manager","Glassdoor","Live Platform Search","Egypt","Egypt","","High","Monitoring","","2026-07-20","Live search for Digital Health Manager in Egypt using Glassdoor.","Generated search matrix","https://www.google.com/search?q=site%3Aglassdoor.com%2FJob%20%22Digital%20Health%20Manager%22%20%22Egypt%22%20jobs"
"16784","Digital Health Manager","Bayt","Live Platform Search","Egypt","Egypt","","High","Monitoring","","2026-07-20","Live search for Digital Health Manager in Egypt using Bayt.","Generated search matrix","https://www.bayt.com/en/international/jobs/digital-health-manager-jobs/"
"16785","Digital Health Manager","GulfTalent","Live Platform Search","Egypt","Egypt","","High","Monitoring","","2026-07-20","Live search for Digital Health Manager in Egypt using GulfTalent.","Generated search matrix","https://www.google.com/search?q=site%3Agulftalent.com%20%22Digital%20Health%20Manager%22%20%22Egypt%22%20jobs"
"16786","Digital Health Manager","Naukrigulf","Live Platform Search","Egypt","Egypt","","High","Monitoring","","2026-07-20","Live search for Digital Health Manager in Egypt using Naukrigulf.","Generated search matrix","https://www.google.com/search?q=site%3Anaukrigulf.com%20%22Digital%20Health%20Manager%22%20%22Egypt%22%20jobs"
"16787","Digital Health Manager","WUZZUF","Live Platform Search","Egypt","Egypt","","High","Monitoring","","2026-07-20","Live search for Digital Health Manager in Egypt using WUZZUF.","Generated search matrix","https://wuzzuf.net/search/jobs/?q=Digital%20Health%20Manager&a=hpb"
"16788","Digital Health Manager","Careerjet","Live Platform Search","Egypt","Egypt","","High","Monitoring","","2026-07-20","Live search for Digital Health Manager in Egypt using Careerjet.","Generated search matrix","https://www.careerjet.com/search/jobs?s=Digital%20Health%20Manager&l=Egypt"
"16789","Digital Health Manager","Jooble","Live Platform Search","Egypt","Egypt","","High","Monitoring","","2026-07-20","Live search for Digital Health Manager in Egypt using Jooble.","Generated search matrix","https://jooble.org/SearchResult?rgns=Egypt&ukw=Digital%20Health%20Manager"
"16790","Digital Health Manager","Jobberman","Live Platform Search","Egypt","Egypt","","High","Monitoring","","2026-07-20","Live search for Digital Health Manager in Egypt using Jobberman.","Generated search matrix","https://www.google.com/search?q=site%3Ajobberman.com%20%22Digital%20Health%20Manager%22%20%22Egypt%22%20jobs"
"16791","Digital Health Manager","BrighterMonday","Live Platform Search","Egypt","Egypt","","High","Monitoring","","2026-07-20","Live search for Digital Health Manager in Egypt using BrighterMonday.","Generated search matrix","https://www.google.com/search?q=site%3Abrightermonday.co.ke%20%22Digital%20Health%20Manager%22%20%22Egypt%22%20jobs"
"16792","Digital Health Manager","Devex","Live Platform Search","Egypt","Egypt","","High","Monitoring","","2026-07-20","Live search for Digital Health Manager in Egypt using Devex.","Generated search matrix","https://www.google.com/search?q=site%3Adevex.com%2Fjobs%20%22Digital%20Health%20Manager%22%20%22Egypt%22%20jobs"
"16793","Digital Health Manager","ReliefWeb","Live Platform Search","Egypt","Egypt","","High","Monitoring","","2026-07-20","Live search for Digital Health Manager in Egypt using ReliefWeb.","Generated search matrix","https://reliefweb.int/jobs?search=Digital%20Health%20Manager%20Egypt"
"16794","Digital Health Manager","Google Jobs","Live Platform Search","Egypt","Egypt","","High","Monitoring","","2026-07-20","Live search for Digital Health Manager in Egypt using Google Jobs.","Generated search matrix","https://www.google.com/search?q=Digital%20Health%20Manager%20jobs%20Egypt"
"17341","Medical Technology Manager","LinkedIn","Live Platform Search","Egypt","Egypt","","High","Monitoring","","2026-07-20","Live search for Medical Technology Manager in Egypt using LinkedIn.","Generated search matrix","https://www.linkedin.com/jobs/search/?keywords=Medical%20Technology%20Manager&location=Egypt&sortBy=DD"
"17342","Medical Technology Manager","Indeed","Live Platform Search","Egypt","Egypt","","High","Monitoring","","2026-07-20","Live search for Medical Technology Manager in Egypt using Indeed.","Generated search matrix","https://www.indeed.com/jobs?q=Medical%20Technology%20Manager&l=Egypt&sort=date"
"17343","Medical Technology Manager","Glassdoor","Live Platform Search","Egypt","Egypt","","High","Monitoring","","2026-07-20","Live search for Medical Technology Manager in Egypt using Glassdoor.","Generated search matrix","https://www.google.com/search?q=site%3Aglassdoor.com%2FJob%20%22Medical%20Technology%20Manager%22%20%22Egypt%22%20jobs"
"17344","Medical Technology Manager","Bayt","Live Platform Search","Egypt","Egypt","","High","Monitoring","","2026-07-20","Live search for Medical Technology Manager in Egypt using Bayt.","Generated search matrix","https://www.bayt.com/en/international/jobs/medical-technology-manager-jobs/"
"17345","Medical Technology Manager","GulfTalent","Live Platform Search","Egypt","Egypt","","High","Monitoring","","2026-07-20","Live search for Medical Technology Manager in Egypt using GulfTalent.","Generated search matrix","https://www.google.com/search?q=site%3Agulftalent.com%20%22Medical%20Technology%20Manager%22%20%22Egypt%22%20jobs"
"17346","Medical Technology Manager","Naukrigulf","Live Platform Search","Egypt","Egypt","","High","Monitoring","","2026-07-20","Live search for Medical Technology Manager in Egypt using Naukrigulf.","Generated search matrix","https://www.google.com/search?q=site%3Anaukrigulf.com%20%22Medical%20Technology%20Manager%22%20%22Egypt%22%20jobs"
"17347","Medical Technology Manager","WUZZUF","Live Platform Search","Egypt","Egypt","","High","Monitoring","","2026-07-20","Live search for Medical Technology Manager in Egypt using WUZZUF.","Generated search matrix","https://wuzzuf.net/search/jobs/?q=Medical%20Technology%20Manager&a=hpb"
"17348","Medical Technology Manager","Careerjet","Live Platform Search","Egypt","Egypt","","High","Monitoring","","2026-07-20","Live search for Medical Technology Manager in Egypt using Careerjet.","Generated search matrix","https://www.careerjet.com/search/jobs?s=Medical%20Technology%20Manager&l=Egypt"
"17349","Medical Technology Manager","Jooble","Live Platform Search","Egypt","Egypt","","High","Monitoring","","2026-07-20","Live search for Medical Technology Manager in Egypt using Jooble.","Generated search matrix","https://jooble.org/SearchResult?rgns=Egypt&ukw=Medical%20Technology%20Manager"
"17350","Medical Technology Manager","Jobberman","Live Platform Search","Egypt","Egypt","","High","Monitoring","","2026-07-20","Live search for Medical Technology Manager in Egypt using Jobberman.","Generated search matrix","https://www.google.com/search?q=site%3Ajobberman.com%20%22Medical%20Technology%20Manager%22%20%22Egypt%22%20jobs"
"17351","Medical Technology Manager","BrighterMonday","Live Platform Search","Egypt","Egypt","","High","Monitoring","","2026-07-20","Live search for Medical Technology Manager in Egypt using BrighterMonday.","Generated search matrix","https://www.google.com/search?q=site%3Abrightermonday.co.ke%20%22Medical%20Technology%20Manager%22%20%22Egypt%22%20jobs"
"17352","Medical Technology Manager","Devex","Live Platform Search","Egypt","Egypt","","High","Monitoring","","2026-07-20","Live search for Medical Technology Manager in Egypt using Devex.","Generated search matrix","https://www.google.com/search?q=site%3Adevex.com%2Fjobs%20%22Medical%20Technology%20Manager%22%20%22Egypt%22%20jobs"
"17353","Medical Technology Manager","ReliefWeb","Live Platform Search","Egypt","Egypt","","High","Monitoring","","2026-07-20","Live search for Medical Technology Manager in Egypt using ReliefWeb.","Generated search matrix","https://reliefweb.int/jobs?search=Medical%20Technology%20Manager%20Egypt"
"17354","Medical Technology Manager","Google Jobs","Live Platform Search","Egypt","Egypt","","High","Monitoring","","2026-07-20","Live search for Medical Technology Manager in Egypt using Google Jobs.","Generated search matrix","https://www.google.com/search?q=Medical%20Technology%20Manager%20jobs%20Egypt"
"17901","ERP Manager","LinkedIn","Live Platform Search","Egypt","Egypt","","High","Monitoring","","2026-07-20","Live search for ERP Manager in Egypt using LinkedIn.","Generated search matrix","https://www.linkedin.com/jobs/search/?keywords=ERP%20Manager&location=Egypt&sortBy=DD"
"17902","ERP Manager","Indeed","Live Platform Search","Egypt","Egypt","","High","Monitoring","","2026-07-20","Live search for ERP Manager in Egypt using Indeed.","Generated search matrix","https://www.indeed.com/jobs?q=ERP%20Manager&l=Egypt&sort=date"
"17903","ERP Manager","Glassdoor","Live Platform Search","Egypt","Egypt","","High","Monitoring","","2026-07-20","Live search for ERP Manager in Egypt using Glassdoor.","Generated search matrix","https://www.google.com/search?q=site%3Aglassdoor.com%2FJob%20%22ERP%20Manager%22%20%22Egypt%22%20jobs"
"17904","ERP Manager","Bayt","Live Platform Search","Egypt","Egypt","","High","Monitoring","","2026-07-20","Live search for ERP Manager in Egypt using Bayt.","Generated search matrix","https://www.bayt.com/en/international/jobs/erp-manager-jobs/"
"17905","ERP Manager","GulfTalent","Live Platform Search","Egypt","Egypt","","High","Monitoring","","2026-07-20","Live search for ERP Manager in Egypt using GulfTalent.","Generated search matrix","https://www.google.com/search?q=site%3Agulftalent.com%20%22ERP%20Manager%22%20%22Egypt%22%20jobs"
"17906","ERP Manager","Naukrigulf","Live Platform Search","Egypt","Egypt","","High","Monitoring","","2026-07-20","Live search for ERP Manager in Egypt using Naukrigulf.","Generated search matrix","https://www.google.com/search?q=site%3Anaukrigulf.com%20%22ERP%20Manager%22%20%22Egypt%22%20jobs"
"17907","ERP Manager","WUZZUF","Live Platform Search","Egypt","Egypt","","High","Monitoring","","2026-07-20","Live search for ERP Manager in Egypt using WUZZUF.","Generated search matrix","https://wuzzuf.net/search/jobs/?q=ERP%20Manager&a=hpb"
"17908","ERP Manager","Careerjet","Live Platform Search","Egypt","Egypt","","High","Monitoring","","2026-07-20","Live search for ERP Manager in Egypt using Careerjet.","Generated search matrix","https://www.careerjet.com/search/jobs?s=ERP%20Manager&l=Egypt"
"17909","ERP Manager","Jooble","Live Platform Search","Egypt","Egypt","","High","Monitoring","","2026-07-20","Live search for ERP Manager in Egypt using Jooble.","Generated search matrix","https://jooble.org/SearchResult?rgns=Egypt&ukw=ERP%20Manager"
"17910","ERP Manager","Jobberman","Live Platform Search","Egypt","Egypt","","High","Monitoring","","2026-07-20","Live search for ERP Manager in Egypt using Jobberman.","Generated search matrix","https://www.google.com/search?q=site%3Ajobberman.com%20%22ERP%20Manager%22%20%22Egypt%22%20jobs"
"17911","ERP Manager","BrighterMonday","Live Platform Search","Egypt","Egypt","","High","Monitoring","","2026-07-20","Live search for ERP Manager in Egypt using BrighterMonday.","Generated search matrix","https://www.google.com/search?q=site%3Abrightermonday.co.ke%20%22ERP%20Manager%22%20%22Egypt%22%20jobs"
"17912","ERP Manager","Devex","Live Platform Search","Egypt","Egypt","","High","Monitoring","","2026-07-20","Live search for ERP Manager in Egypt using Devex.","Generated search matrix","https://www.google.com/search?q=site%3Adevex.com%2Fjobs%20%22ERP%20Manager%22%20%22Egypt%22%20jobs"
"17913","ERP Manager","ReliefWeb","Live Platform Search","Egypt","Egypt","","High","Monitoring","","2026-07-20","Live search for ERP Manager in Egypt using ReliefWeb.","Generated search matrix","https://reliefweb.int/jobs?search=ERP%20Manager%20Egypt"
"17914","ERP Manager","Google Jobs","Live Platform Search","Egypt","Egypt","","High","Monitoring","","2026-07-20","Live search for ERP Manager in Egypt using Google Jobs.","Generated search matrix","https://www.google.com/search?q=ERP%20Manager%20jobs%20Egypt"
"18461","CRM Manager","LinkedIn","Live Platform Search","Egypt","Egypt","","High","Monitoring","","2026-07-20","Live search for CRM Manager in Egypt using LinkedIn.","Generated search matrix","https://www.linkedin.com/jobs/search/?keywords=CRM%20Manager&location=Egypt&sortBy=DD"
"18462","CRM Manager","Indeed","Live Platform Search","Egypt","Egypt","","High","Monitoring","","2026-07-20","Live search for CRM Manager in Egypt using Indeed.","Generated search matrix","https://www.indeed.com/jobs?q=CRM%20Manager&l=Egypt&sort=date"
"18463","CRM Manager","Glassdoor","Live Platform Search","Egypt","Egypt","","High","Monitoring","","2026-07-20","Live search for CRM Manager in Egypt using Glassdoor.","Generated search matrix","https://www.google.com/search?q=site%3Aglassdoor.com%2FJob%20%22CRM%20Manager%22%20%22Egypt%22%20jobs"
"18464","CRM Manager","Bayt","Live Platform Search","Egypt","Egypt","","High","Monitoring","","2026-07-20","Live search for CRM Manager in Egypt using Bayt.","Generated search matrix","https://www.bayt.com/en/international/jobs/crm-manager-jobs/"
"18465","CRM Manager","GulfTalent","Live Platform Search","Egypt","Egypt","","High","Monitoring","","2026-07-20","Live search for CRM Manager in Egypt using GulfTalent.","Generated search matrix","https://www.google.com/search?q=site%3Agulftalent.com%20%22CRM%20Manager%22%20%22Egypt%22%20jobs"
"18466","CRM Manager","Naukrigulf","Live Platform Search","Egypt","Egypt","","High","Monitoring","","2026-07-20","Live search for CRM Manager in Egypt using Naukrigulf.","Generated search matrix","https://www.google.com/search?q=site%3Anaukrigulf.com%20%22CRM%20Manager%22%20%22Egypt%22%20jobs"
"18467","CRM Manager","WUZZUF","Live Platform Search","Egypt","Egypt","","High","Monitoring","","2026-07-20","Live search for CRM Manager in Egypt using WUZZUF.","Generated search matrix","https://wuzzuf.net/search/jobs/?q=CRM%20Manager&a=hpb"
"18468","CRM Manager","Careerjet","Live Platform Search","Egypt","Egypt","","High","Monitoring","","2026-07-20","Live search for CRM Manager in Egypt using Careerjet.","Generated search matrix","https://www.careerjet.com/search/jobs?s=CRM%20Manager&l=Egypt"
"18469","CRM Manager","Jooble","Live Platform Search","Egypt","Egypt","","High","Monitoring","","2026-07-20","Live search for CRM Manager in Egypt using Jooble.","Generated search matrix","https://jooble.org/SearchResult?rgns=Egypt&ukw=CRM%20Manager"
"18470","CRM Manager","Jobberman","Live Platform Search","Egypt","Egypt","","High","Monitoring","","2026-07-20","Live search for CRM Manager in Egypt using Jobberman.","Generated search matrix","https://www.google.com/search?q=site%3Ajobberman.com%20%22CRM%20Manager%22%20%22Egypt%22%20jobs"
"18471","CRM Manager","BrighterMonday","Live Platform Search","Egypt","Egypt","","High","Monitoring","","2026-07-20","Live search for CRM Manager in Egypt using BrighterMonday.","Generated search matrix","https://www.google.com/search?q=site%3Abrightermonday.co.ke%20%22CRM%20Manager%22%20%22Egypt%22%20jobs"
"18472","CRM Manager","Devex","Live Platform Search","Egypt","Egypt","","High","Monitoring","","2026-07-20","Live search for CRM Manager in Egypt using Devex.","Generated search matrix","https://www.google.com/search?q=site%3Adevex.com%2Fjobs%20%22CRM%20Manager%22%20%22Egypt%22%20jobs"
"18473","CRM Manager","ReliefWeb","Live Platform Search","Egypt","Egypt","","High","Monitoring","","2026-07-20","Live search for CRM Manager in Egypt using ReliefWeb.","Generated search matrix","https://reliefweb.int/jobs?search=CRM%20Manager%20Egypt"
"18474","CRM Manager","Google Jobs","Live Platform Search","Egypt","Egypt","","High","Monitoring","","2026-07-20","Live search for CRM Manager in Egypt using Google Jobs.","Generated search matrix","https://www.google.com/search?q=CRM%20Manager%20jobs%20Egypt"
"19021","Business Intelligence Manager","LinkedIn","Live Platform Search","Egypt","Egypt","","High","Monitoring","","2026-07-20","Live search for Business Intelligence Manager in Egypt using LinkedIn.","Generated search matrix","https://www.linkedin.com/jobs/search/?keywords=Business%20Intelligence%20Manager&location=Egypt&sortBy=DD"
"19022","Business Intelligence Manager","Indeed","Live Platform Search","Egypt","Egypt","","High","Monitoring","","2026-07-20","Live search for Business Intelligence Manager in Egypt using Indeed.","Generated search matrix","https://www.indeed.com/jobs?q=Business%20Intelligence%20Manager&l=Egypt&sort=date"
"19023","Business Intelligence Manager","Glassdoor","Live Platform Search","Egypt","Egypt","","High","Monitoring","","2026-07-20","Live search for Business Intelligence Manager in Egypt using Glassdoor.","Generated search matrix","https://www.google.com/search?q=site%3Aglassdoor.com%2FJob%20%22Business%20Intelligence%20Manager%22%20%22Egypt%22%20jobs"
"19024","Business Intelligence Manager","Bayt","Live Platform Search","Egypt","Egypt","","High","Monitoring","","2026-07-20","Live search for Business Intelligence Manager in Egypt using Bayt.","Generated search matrix","https://www.bayt.com/en/international/jobs/business-intelligence-manager-jobs/"
"19025","Business Intelligence Manager","GulfTalent","Live Platform Search","Egypt","Egypt","","High","Monitoring","","2026-07-20","Live search for Business Intelligence Manager in Egypt using GulfTalent.","Generated search matrix","https://www.google.com/search?q=site%3Agulftalent.com%20%22Business%20Intelligence%20Manager%22%20%22Egypt%22%20jobs"
"19026","Business Intelligence Manager","Naukrigulf","Live Platform Search","Egypt","Egypt","","High","Monitoring","","2026-07-20","Live search for Business Intelligence Manager in Egypt using Naukrigulf.","Generated search matrix","https://www.google.com/search?q=site%3Anaukrigulf.com%20%22Business%20Intelligence%20Manager%22%20%22Egypt%22%20jobs"
"19027","Business Intelligence Manager","WUZZUF","Live Platform Search","Egypt","Egypt","","High","Monitoring","","2026-07-20","Live search for Business Intelligence Manager in Egypt using WUZZUF.","Generated search matrix","https://wuzzuf.net/search/jobs/?q=Business%20Intelligence%20Manager&a=hpb"
"19028","Business Intelligence Manager","Careerjet","Live Platform Search","Egypt","Egypt","","High","Monitoring","","2026-07-20","Live search for Business Intelligence Manager in Egypt using Careerjet.","Generated search matrix","https://www.careerjet.com/search/jobs?s=Business%20Intelligence%20Manager&l=Egypt"
"19029","Business Intelligence Manager","Jooble","Live Platform Search","Egypt","Egypt","","High","Monitoring","","2026-07-20","Live search for Business Intelligence Manager in Egypt using Jooble.","Generated search matrix","https://jooble.org/SearchResult?rgns=Egypt&ukw=Business%20Intelligence%20Manager"
"19030","Business Intelligence Manager","Jobberman","Live Platform Search","Egypt","Egypt","","High","Monitoring","","2026-07-20","Live search for Business Intelligence Manager in Egypt using Jobberman.","Generated search matrix","https://www.google.com/search?q=site%3Ajobberman.com%20%22Business%20Intelligence%20Manager%22%20%22Egypt%22%20jobs"
"19031","Business Intelligence Manager","BrighterMonday","Live Platform Search","Egypt","Egypt","","High","Monitoring","","2026-07-20","Live search for Business Intelligence Manager in Egypt using BrighterMonday.","Generated search matrix","https://www.google.com/search?q=site%3Abrightermonday.co.ke%20%22Business%20Intelligence%20Manager%22%20%22Egypt%22%20jobs"
"19032","Business Intelligence Manager","Devex","Live Platform Search","Egypt","Egypt","","High","Monitoring","","2026-07-20","Live search for Business Intelligence Manager in Egypt using Devex.","Generated search matrix","https://www.google.com/search?q=site%3Adevex.com%2Fjobs%20%22Business%20Intelligence%20Manager%22%20%22Egypt%22%20jobs"
"19033","Business Intelligence Manager","ReliefWeb","Live Platform Search","Egypt","Egypt","","High","Monitoring","","2026-07-20","Live search for Business Intelligence Manager in Egypt using ReliefWeb.","Generated search matrix","https://reliefweb.int/jobs?search=Business%20Intelligence%20Manager%20Egypt"
"19034","Business Intelligence Manager","Google Jobs","Live Platform Search","Egypt","Egypt","","High","Monitoring","","2026-07-20","Live search for Business Intelligence Manager in Egypt using Google Jobs.","Generated search matrix","https://www.google.com/search?q=Business%20Intelligence%20Manager%20jobs%20Egypt"
"19581","Data Platform Manager","LinkedIn","Live Platform Search","Egypt","Egypt","","High","Monitoring","","2026-07-20","Live search for Data Platform Manager in Egypt using LinkedIn.","Generated search matrix","https://www.linkedin.com/jobs/search/?keywords=Data%20Platform%20Manager&location=Egypt&sortBy=DD"
"19582","Data Platform Manager","Indeed","Live Platform Search","Egypt","Egypt","","High","Monitoring","","2026-07-20","Live search for Data Platform Manager in Egypt using Indeed.","Generated search matrix","https://www.indeed.com/jobs?q=Data%20Platform%20Manager&l=Egypt&sort=date"
"19583","Data Platform Manager","Glassdoor","Live Platform Search","Egypt","Egypt","","High","Monitoring","","2026-07-20","Live search for Data Platform Manager in Egypt using Glassdoor.","Generated search matrix","https://www.google.com/search?q=site%3Aglassdoor.com%2FJob%20%22Data%20Platform%20Manager%22%20%22Egypt%22%20jobs"
"19584","Data Platform Manager","Bayt","Live Platform Search","Egypt","Egypt","","High","Monitoring","","2026-07-20","Live search for Data Platform Manager in Egypt using Bayt.","Generated search matrix","https://www.bayt.com/en/international/jobs/data-platform-manager-jobs/"
"19585","Data Platform Manager","GulfTalent","Live Platform Search","Egypt","Egypt","","High","Monitoring","","2026-07-20","Live search for Data Platform Manager in Egypt using GulfTalent.","Generated search matrix","https://www.google.com/search?q=site%3Agulftalent.com%20%22Data%20Platform%20Manager%22%20%22Egypt%22%20jobs"
"19586","Data Platform Manager","Naukrigulf","Live Platform Search","Egypt","Egypt","","High","Monitoring","","2026-07-20","Live search for Data Platform Manager in Egypt using Naukrigulf.","Generated search matrix","https://www.google.com/search?q=site%3Anaukrigulf.com%20%22Data%20Platform%20Manager%22%20%22Egypt%22%20jobs"
"19587","Data Platform Manager","WUZZUF","Live Platform Search","Egypt","Egypt","","High","Monitoring","","2026-07-20","Live search for Data Platform Manager in Egypt using WUZZUF.","Generated search matrix","https://wuzzuf.net/search/jobs/?q=Data%20Platform%20Manager&a=hpb"
"19588","Data Platform Manager","Careerjet","Live Platform Search","Egypt","Egypt","","High","Monitoring","","2026-07-20","Live search for Data Platform Manager in Egypt using Careerjet.","Generated search matrix","https://www.careerjet.com/search/jobs?s=Data%20Platform%20Manager&l=Egypt"
"19589","Data Platform Manager","Jooble","Live Platform Search","Egypt","Egypt","","High","Monitoring","","2026-07-20","Live search for Data Platform Manager in Egypt using Jooble.","Generated search matrix","https://jooble.org/SearchResult?rgns=Egypt&ukw=Data%20Platform%20Manager"
"19590","Data Platform Manager","Jobberman","Live Platform Search","Egypt","Egypt","","High","Monitoring","","2026-07-20","Live search for Data Platform Manager in Egypt using Jobberman.","Generated search matrix","https://www.google.com/search?q=site%3Ajobberman.com%20%22Data%20Platform%20Manager%22%20%22Egypt%22%20jobs"
"19591","Data Platform Manager","BrighterMonday","Live Platform Search","Egypt","Egypt","","High","Monitoring","","2026-07-20","Live search for Data Platform Manager in Egypt using BrighterMonday.","Generated search matrix","https://www.google.com/search?q=site%3Abrightermonday.co.ke%20%22Data%20Platform%20Manager%22%20%22Egypt%22%20jobs"
"19592","Data Platform Manager","Devex","Live Platform Search","Egypt","Egypt","","High","Monitoring","","2026-07-20","Live search for Data Platform Manager in Egypt using Devex.","Generated search matrix","https://www.google.com/search?q=site%3Adevex.com%2Fjobs%20%22Data%20Platform%20Manager%22%20%22Egypt%22%20jobs"
"19593","Data Platform Manager","ReliefWeb","Live Platform Search","Egypt","Egypt","","High","Monitoring","","2026-07-20","Live search for Data Platform Manager in Egypt using ReliefWeb.","Generated search matrix","https://reliefweb.int/jobs?search=Data%20Platform%20Manager%20Egypt"
"19594","Data Platform Manager","Google Jobs","Live Platform Search","Egypt","Egypt","","High","Monitoring","","2026-07-20","Live search for Data Platform Manager in Egypt using Google Jobs.","Generated search matrix","https://www.google.com/search?q=Data%20Platform%20Manager%20jobs%20Egypt"
"20141","Data Warehouse Manager","LinkedIn","Live Platform Search","Egypt","Egypt","","High","Monitoring","","2026-07-20","Live search for Data Warehouse Manager in Egypt using LinkedIn.","Generated search matrix","https://www.linkedin.com/jobs/search/?keywords=Data%20Warehouse%20Manager&location=Egypt&sortBy=DD"
"20142","Data Warehouse Manager","Indeed","Live Platform Search","Egypt","Egypt","","High","Monitoring","","2026-07-20","Live search for Data Warehouse Manager in Egypt using Indeed.","Generated search matrix","https://www.indeed.com/jobs?q=Data%20Warehouse%20Manager&l=Egypt&sort=date"
"20143","Data Warehouse Manager","Glassdoor","Live Platform Search","Egypt","Egypt","","High","Monitoring","","2026-07-20","Live search for Data Warehouse Manager in Egypt using Glassdoor.","Generated search matrix","https://www.google.com/search?q=site%3Aglassdoor.com%2FJob%20%22Data%20Warehouse%20Manager%22%20%22Egypt%22%20jobs"
"20144","Data Warehouse Manager","Bayt","Live Platform Search","Egypt","Egypt","","High","Monitoring","","2026-07-20","Live search for Data Warehouse Manager in Egypt using Bayt.","Generated search matrix","https://www.bayt.com/en/international/jobs/data-warehouse-manager-jobs/"
"20145","Data Warehouse Manager","GulfTalent","Live Platform Search","Egypt","Egypt","","High","Monitoring","","2026-07-20","Live search for Data Warehouse Manager in Egypt using GulfTalent.","Generated search matrix","https://www.google.com/search?q=site%3Agulftalent.com%20%22Data%20Warehouse%20Manager%22%20%22Egypt%22%20jobs"
"20146","Data Warehouse Manager","Naukrigulf","Live Platform Search","Egypt","Egypt","","High","Monitoring","","2026-07-20","Live search for Data Warehouse Manager in Egypt using Naukrigulf.","Generated search matrix","https://www.google.com/search?q=site%3Anaukrigulf.com%20%22Data%20Warehouse%20Manager%22%20%22Egypt%22%20jobs"
"20147","Data Warehouse Manager","WUZZUF","Live Platform Search","Egypt","Egypt","","High","Monitoring","","2026-07-20","Live search for Data Warehouse Manager in Egypt using WUZZUF.","Generated search matrix","https://wuzzuf.net/search/jobs/?q=Data%20Warehouse%20Manager&a=hpb"
"20148","Data Warehouse Manager","Careerjet","Live Platform Search","Egypt","Egypt","","High","Monitoring","","2026-07-20","Live search for Data Warehouse Manager in Egypt using Careerjet.","Generated search matrix","https://www.careerjet.com/search/jobs?s=Data%20Warehouse%20Manager&l=Egypt"
"20149","Data Warehouse Manager","Jooble","Live Platform Search","Egypt","Egypt","","High","Monitoring","","2026-07-20","Live search for Data Warehouse Manager in Egypt using Jooble.","Generated search matrix","https://jooble.org/SearchResult?rgns=Egypt&ukw=Data%20Warehouse%20Manager"
"20150","Data Warehouse Manager","Jobberman","Live Platform Search","Egypt","Egypt","","High","Monitoring","","2026-07-20","Live search for Data Warehouse Manager in Egypt using Jobberman.","Generated search matrix","https://www.google.com/search?q=site%3Ajobberman.com%20%22Data%20Warehouse%20Manager%22%20%22Egypt%22%20jobs"
"20151","Data Warehouse Manager","BrighterMonday","Live Platform Search","Egypt","Egypt","","High","Monitoring","","2026-07-20","Live search for Data Warehouse Manager in Egypt using BrighterMonday.","Generated search matrix","https://www.google.com/search?q=site%3Abrightermonday.co.ke%20%22Data%20Warehouse%20Manager%22%20%22Egypt%22%20jobs"
"20152","Data Warehouse Manager","Devex","Live Platform Search","Egypt","Egypt","","High","Monitoring","","2026-07-20","Live search for Data Warehouse Manager in Egypt using Devex.","Generated search matrix","https://www.google.com/search?q=site%3Adevex.com%2Fjobs%20%22Data%20Warehouse%20Manager%22%20%22Egypt%22%20jobs"
"20153","Data Warehouse Manager","ReliefWeb","Live Platform Search","Egypt","Egypt","","High","Monitoring","","2026-07-20","Live search for Data Warehouse Manager in Egypt using ReliefWeb.","Generated search matrix","https://reliefweb.int/jobs?search=Data%20Warehouse%20Manager%20Egypt"
"20154","Data Warehouse Manager","Google Jobs","Live Platform Search","Egypt","Egypt","","High","Monitoring","","2026-07-20","Live search for Data Warehouse Manager in Egypt using Google Jobs.","Generated search matrix","https://www.google.com/search?q=Data%20Warehouse%20Manager%20jobs%20Egypt"
"20701","Technology Delivery Manager","LinkedIn","Live Platform Search","Egypt","Egypt","","High","Monitoring","","2026-07-20","Live search for Technology Delivery Manager in Egypt using LinkedIn.","Generated search matrix","https://www.linkedin.com/jobs/search/?keywords=Technology%20Delivery%20Manager&location=Egypt&sortBy=DD"
"20702","Technology Delivery Manager","Indeed","Live Platform Search","Egypt","Egypt","","High","Monitoring","","2026-07-20","Live search for Technology Delivery Manager in Egypt using Indeed.","Generated search matrix","https://www.indeed.com/jobs?q=Technology%20Delivery%20Manager&l=Egypt&sort=date"
"20703","Technology Delivery Manager","Glassdoor","Live Platform Search","Egypt","Egypt","","High","Monitoring","","2026-07-20","Live search for Technology Delivery Manager in Egypt using Glassdoor.","Generated search matrix","https://www.google.com/search?q=site%3Aglassdoor.com%2FJob%20%22Technology%20Delivery%20Manager%22%20%22Egypt%22%20jobs"
"20704","Technology Delivery Manager","Bayt","Live Platform Search","Egypt","Egypt","","High","Monitoring","","2026-07-20","Live search for Technology Delivery Manager in Egypt using Bayt.","Generated search matrix","https://www.bayt.com/en/international/jobs/technology-delivery-manager-jobs/"
"20705","Technology Delivery Manager","GulfTalent","Live Platform Search","Egypt","Egypt","","High","Monitoring","","2026-07-20","Live search for Technology Delivery Manager in Egypt using GulfTalent.","Generated search matrix","https://www.google.com/search?q=site%3Agulftalent.com%20%22Technology%20Delivery%20Manager%22%20%22Egypt%22%20jobs"
"20706","Technology Delivery Manager","Naukrigulf","Live Platform Search","Egypt","Egypt","","High","Monitoring","","2026-07-20","Live search for Technology Delivery Manager in Egypt using Naukrigulf.","Generated search matrix","https://www.google.com/search?q=site%3Anaukrigulf.com%20%22Technology%20Delivery%20Manager%22%20%22Egypt%22%20jobs"
"20707","Technology Delivery Manager","WUZZUF","Live Platform Search","Egypt","Egypt","","High","Monitoring","","2026-07-20","Live search for Technology Delivery Manager in Egypt using WUZZUF.","Generated search matrix","https://wuzzuf.net/search/jobs/?q=Technology%20Delivery%20Manager&a=hpb"
"20708","Technology Delivery Manager","Careerjet","Live Platform Search","Egypt","Egypt","","High","Monitoring","","2026-07-20","Live search for Technology Delivery Manager in Egypt using Careerjet.","Generated search matrix","https://www.careerjet.com/search/jobs?s=Technology%20Delivery%20Manager&l=Egypt"
"20709","Technology Delivery Manager","Jooble","Live Platform Search","Egypt","Egypt","","High","Monitoring","","2026-07-20","Live search for Technology Delivery Manager in Egypt using Jooble.","Generated search matrix","https://jooble.org/SearchResult?rgns=Egypt&ukw=Technology%20Delivery%20Manager"
"20710","Technology Delivery Manager","Jobberman","Live Platform Search","Egypt","Egypt","","High","Monitoring","","2026-07-20","Live search for Technology Delivery Manager in Egypt using Jobberman.","Generated search matrix","https://www.google.com/search?q=site%3Ajobberman.com%20%22Technology%20Delivery%20Manager%22%20%22Egypt%22%20jobs"
"20711","Technology Delivery Manager","BrighterMonday","Live Platform Search","Egypt","Egypt","","High","Monitoring","","2026-07-20","Live search for Technology Delivery Manager in Egypt using BrighterMonday.","Generated search matrix","https://www.google.com/search?q=site%3Abrightermonday.co.ke%20%22Technology%20Delivery%20Manager%22%20%22Egypt%22%20jobs"
"20712","Technology Delivery Manager","Devex","Live Platform Search","Egypt","Egypt","","High","Monitoring","","2026-07-20","Live search for Technology Delivery Manager in Egypt using Devex.","Generated search matrix","https://www.google.com/search?q=site%3Adevex.com%2Fjobs%20%22Technology%20Delivery%20Manager%22%20%22Egypt%22%20jobs"
"20713","Technology Delivery Manager","ReliefWeb","Live Platform Search","Egypt","Egypt","","High","Monitoring","","2026-07-20","Live search for Technology Delivery Manager in Egypt using ReliefWeb.","Generated search matrix","https://reliefweb.int/jobs?search=Technology%20Delivery%20Manager%20Egypt"
"20714","Technology Delivery Manager","Google Jobs","Live Platform Search","Egypt","Egypt","","High","Monitoring","","2026-07-20","Live search for Technology Delivery Manager in Egypt using Google Jobs.","Generated search matrix","https://www.google.com/search?q=Technology%20Delivery%20Manager%20jobs%20Egypt"
"21261","IT Service Delivery Manager","LinkedIn","Live Platform Search","Egypt","Egypt","","High","Monitoring","","2026-07-20","Live search for IT Service Delivery Manager in Egypt using LinkedIn.","Generated search matrix","https://www.linkedin.com/jobs/search/?keywords=IT%20Service%20Delivery%20Manager&location=Egypt&sortBy=DD"
"21262","IT Service Delivery Manager","Indeed","Live Platform Search","Egypt","Egypt","","High","Monitoring","","2026-07-20","Live search for IT Service Delivery Manager in Egypt using Indeed.","Generated search matrix","https://www.indeed.com/jobs?q=IT%20Service%20Delivery%20Manager&l=Egypt&sort=date"
"21263","IT Service Delivery Manager","Glassdoor","Live Platform Search","Egypt","Egypt","","High","Monitoring","","2026-07-20","Live search for IT Service Delivery Manager in Egypt using Glassdoor.","Generated search matrix","https://www.google.com/search?q=site%3Aglassdoor.com%2FJob%20%22IT%20Service%20Delivery%20Manager%22%20%22Egypt%22%20jobs"
"21264","IT Service Delivery Manager","Bayt","Live Platform Search","Egypt","Egypt","","High","Monitoring","","2026-07-20","Live search for IT Service Delivery Manager in Egypt using Bayt.","Generated search matrix","https://www.bayt.com/en/international/jobs/it-service-delivery-manager-jobs/"
"21265","IT Service Delivery Manager","GulfTalent","Live Platform Search","Egypt","Egypt","","High","Monitoring","","2026-07-20","Live search for IT Service Delivery Manager in Egypt using GulfTalent.","Generated search matrix","https://www.google.com/search?q=site%3Agulftalent.com%20%22IT%20Service%20Delivery%20Manager%22%20%22Egypt%22%20jobs"
"21266","IT Service Delivery Manager","Naukrigulf","Live Platform Search","Egypt","Egypt","","High","Monitoring","","2026-07-20","Live search for IT Service Delivery Manager in Egypt using Naukrigulf.","Generated search matrix","https://www.google.com/search?q=site%3Anaukrigulf.com%20%22IT%20Service%20Delivery%20Manager%22%20%22Egypt%22%20jobs"
"21267","IT Service Delivery Manager","WUZZUF","Live Platform Search","Egypt","Egypt","","High","Monitoring","","2026-07-20","Live search for IT Service Delivery Manager in Egypt using WUZZUF.","Generated search matrix","https://wuzzuf.net/search/jobs/?q=IT%20Service%20Delivery%20Manager&a=hpb"
"21268","IT Service Delivery Manager","Careerjet","Live Platform Search","Egypt","Egypt","","High","Monitoring","","2026-07-20","Live search for IT Service Delivery Manager in Egypt using Careerjet.","Generated search matrix","https://www.careerjet.com/search/jobs?s=IT%20Service%20Delivery%20Manager&l=Egypt"
"21269","IT Service Delivery Manager","Jooble","Live Platform Search","Egypt","Egypt","","High","Monitoring","","2026-07-20","Live search for IT Service Delivery Manager in Egypt using Jooble.","Generated search matrix","https://jooble.org/SearchResult?rgns=Egypt&ukw=IT%20Service%20Delivery%20Manager"
"21270","IT Service Delivery Manager","Jobberman","Live Platform Search","Egypt","Egypt","","High","Monitoring","","2026-07-20","Live search for IT Service Delivery Manager in Egypt using Jobberman.","Generated search matrix","https://www.google.com/search?q=site%3Ajobberman.com%20%22IT%20Service%20Delivery%20Manager%22%20%22Egypt%22%20jobs"
"21271","IT Service Delivery Manager","BrighterMonday","Live Platform Search","Egypt","Egypt","","High","Monitoring","","2026-07-20","Live search for IT Service Delivery Manager in Egypt using BrighterMonday.","Generated search matrix","https://www.google.com/search?q=site%3Abrightermonday.co.ke%20%22IT%20Service%20Delivery%20Manager%22%20%22Egypt%22%20jobs"
"21272","IT Service Delivery Manager","Devex","Live Platform Search","Egypt","Egypt","","High","Monitoring","","2026-07-20","Live search for IT Service Delivery Manager in Egypt using Devex.","Generated search matrix","https://www.google.com/search?q=site%3Adevex.com%2Fjobs%20%22IT%20Service%20Delivery%20Manager%22%20%22Egypt%22%20jobs"
"21273","IT Service Delivery Manager","ReliefWeb","Live Platform Search","Egypt","Egypt","","High","Monitoring","","2026-07-20","Live search for IT Service Delivery Manager in Egypt using ReliefWeb.","Generated search matrix","https://reliefweb.int/jobs?search=IT%20Service%20Delivery%20Manager%20Egypt"
"21274","IT Service Delivery Manager","Google Jobs","Live Platform Search","Egypt","Egypt","","High","Monitoring","","2026-07-20","Live search for IT Service Delivery Manager in Egypt using Google Jobs.","Generated search matrix","https://www.google.com/search?q=IT%20Service%20Delivery%20Manager%20jobs%20Egypt"
"21821","Technical Project Manager","LinkedIn","Live Platform Search","Egypt","Egypt","","High","Monitoring","","2026-07-20","Live search for Technical Project Manager in Egypt using LinkedIn.","Generated search matrix","https://www.linkedin.com/jobs/search/?keywords=Technical%20Project%20Manager&location=Egypt&sortBy=DD"
"21822","Technical Project Manager","Indeed","Live Platform Search","Egypt","Egypt","","High","Monitoring","","2026-07-20","Live search for Technical Project Manager in Egypt using Indeed.","Generated search matrix","https://www.indeed.com/jobs?q=Technical%20Project%20Manager&l=Egypt&sort=date"
"21823","Technical Project Manager","Glassdoor","Live Platform Search","Egypt","Egypt","","High","Monitoring","","2026-07-20","Live search for Technical Project Manager in Egypt using Glassdoor.","Generated search matrix","https://www.google.com/search?q=site%3Aglassdoor.com%2FJob%20%22Technical%20Project%20Manager%22%20%22Egypt%22%20jobs"
"21824","Technical Project Manager","Bayt","Live Platform Search","Egypt","Egypt","","High","Monitoring","","2026-07-20","Live search for Technical Project Manager in Egypt using Bayt.","Generated search matrix","https://www.bayt.com/en/international/jobs/technical-project-manager-jobs/"
"21825","Technical Project Manager","GulfTalent","Live Platform Search","Egypt","Egypt","","High","Monitoring","","2026-07-20","Live search for Technical Project Manager in Egypt using GulfTalent.","Generated search matrix","https://www.google.com/search?q=site%3Agulftalent.com%20%22Technical%20Project%20Manager%22%20%22Egypt%22%20jobs"
"21826","Technical Project Manager","Naukrigulf","Live Platform Search","Egypt","Egypt","","High","Monitoring","","2026-07-20","Live search for Technical Project Manager in Egypt using Naukrigulf.","Generated search matrix","https://www.google.com/search?q=site%3Anaukrigulf.com%20%22Technical%20Project%20Manager%22%20%22Egypt%22%20jobs"
"21827","Technical Project Manager","WUZZUF","Live Platform Search","Egypt","Egypt","","High","Monitoring","","2026-07-20","Live search for Technical Project Manager in Egypt using WUZZUF.","Generated search matrix","https://wuzzuf.net/search/jobs/?q=Technical%20Project%20Manager&a=hpb"
"21828","Technical Project Manager","Careerjet","Live Platform Search","Egypt","Egypt","","High","Monitoring","","2026-07-20","Live search for Technical Project Manager in Egypt using Careerjet.","Generated search matrix","https://www.careerjet.com/search/jobs?s=Technical%20Project%20Manager&l=Egypt"
"21829","Technical Project Manager","Jooble","Live Platform Search","Egypt","Egypt","","High","Monitoring","","2026-07-20","Live search for Technical Project Manager in Egypt using Jooble.","Generated search matrix","https://jooble.org/SearchResult?rgns=Egypt&ukw=Technical%20Project%20Manager"
"21830","Technical Project Manager","Jobberman","Live Platform Search","Egypt","Egypt","","High","Monitoring","","2026-07-20","Live search for Technical Project Manager in Egypt using Jobberman.","Generated search matrix","https://www.google.com/search?q=site%3Ajobberman.com%20%22Technical%20Project%20Manager%22%20%22Egypt%22%20jobs"
"21831","Technical Project Manager","BrighterMonday","Live Platform Search","Egypt","Egypt","","High","Monitoring","","2026-07-20","Live search for Technical Project Manager in Egypt using BrighterMonday.","Generated search matrix","https://www.google.com/search?q=site%3Abrightermonday.co.ke%20%22Technical%20Project%20Manager%22%20%22Egypt%22%20jobs"
"21832","Technical Project Manager","Devex","Live Platform Search","Egypt","Egypt","","High","Monitoring","","2026-07-20","Live search for Technical Project Manager in Egypt using Devex.","Generated search matrix","https://www.google.com/search?q=site%3Adevex.com%2Fjobs%20%22Technical%20Project%20Manager%22%20%22Egypt%22%20jobs"
"21833","Technical Project Manager","ReliefWeb","Live Platform Search","Egypt","Egypt","","High","Monitoring","","2026-07-20","Live search for Technical Project Manager in Egypt using ReliefWeb.","Generated search matrix","https://reliefweb.int/jobs?search=Technical%20Project%20Manager%20Egypt"
"21834","Technical Project Manager","Google Jobs","Live Platform Search","Egypt","Egypt","","High","Monitoring","","2026-07-20","Live search for Technical Project Manager in Egypt using Google Jobs.","Generated search matrix","https://www.google.com/search?q=Technical%20Project%20Manager%20jobs%20Egypt"
"22381","Program Management Office Lead","LinkedIn","Live Platform Search","Egypt","Egypt","","High","Monitoring","","2026-07-20","Live search for Program Management Office Lead in Egypt using LinkedIn.","Generated search matrix","https://www.linkedin.com/jobs/search/?keywords=Program%20Management%20Office%20Lead&location=Egypt&sortBy=DD"
"22382","Program Management Office Lead","Indeed","Live Platform Search","Egypt","Egypt","","High","Monitoring","","2026-07-20","Live search for Program Management Office Lead in Egypt using Indeed.","Generated search matrix","https://www.indeed.com/jobs?q=Program%20Management%20Office%20Lead&l=Egypt&sort=date"
"22383","Program Management Office Lead","Glassdoor","Live Platform Search","Egypt","Egypt","","High","Monitoring","","2026-07-20","Live search for Program Management Office Lead in Egypt using Glassdoor.","Generated search matrix","https://www.google.com/search?q=site%3Aglassdoor.com%2FJob%20%22Program%20Management%20Office%20Lead%22%20%22Egypt%22%20jobs"
"22384","Program Management Office Lead","Bayt","Live Platform Search","Egypt","Egypt","","High","Monitoring","","2026-07-20","Live search for Program Management Office Lead in Egypt using Bayt.","Generated search matrix","https://www.bayt.com/en/international/jobs/program-management-office-lead-jobs/"
"22385","Program Management Office Lead","GulfTalent","Live Platform Search","Egypt","Egypt","","High","Monitoring","","2026-07-20","Live search for Program Management Office Lead in Egypt using GulfTalent.","Generated search matrix","https://www.google.com/search?q=site%3Agulftalent.com%20%22Program%20Management%20Office%20Lead%22%20%22Egypt%22%20jobs"
"22386","Program Management Office Lead","Naukrigulf","Live Platform Search","Egypt","Egypt","","High","Monitoring","","2026-07-20","Live search for Program Management Office Lead in Egypt using Naukrigulf.","Generated search matrix","https://www.google.com/search?q=site%3Anaukrigulf.com%20%22Program%20Management%20Office%20Lead%22%20%22Egypt%22%20jobs"
"22387","Program Management Office Lead","WUZZUF","Live Platform Search","Egypt","Egypt","","High","Monitoring","","2026-07-20","Live search for Program Management Office Lead in Egypt using WUZZUF.","Generated search matrix","https://wuzzuf.net/search/jobs/?q=Program%20Management%20Office%20Lead&a=hpb"
"22388","Program Management Office Lead","Careerjet","Live Platform Search","Egypt","Egypt","","High","Monitoring","","2026-07-20","Live search for Program Management Office Lead in Egypt using Careerjet.","Generated search matrix","https://www.careerjet.com/search/jobs?s=Program%20Management%20Office%20Lead&l=Egypt"
"22389","Program Management Office Lead","Jooble","Live Platform Search","Egypt","Egypt","","High","Monitoring","","2026-07-20","Live search for Program Management Office Lead in Egypt using Jooble.","Generated search matrix","https://jooble.org/SearchResult?rgns=Egypt&ukw=Program%20Management%20Office%20Lead"
"22390","Program Management Office Lead","Jobberman","Live Platform Search","Egypt","Egypt","","High","Monitoring","","2026-07-20","Live search for Program Management Office Lead in Egypt using Jobberman.","Generated search matrix","https://www.google.com/search?q=site%3Ajobberman.com%20%22Program%20Management%20Office%20Lead%22%20%22Egypt%22%20jobs"
"22391","Program Management Office Lead","BrighterMonday","Live Platform Search","Egypt","Egypt","","High","Monitoring","","2026-07-20","Live search for Program Management Office Lead in Egypt using BrighterMonday.","Generated search matrix","https://www.google.com/search?q=site%3Abrightermonday.co.ke%20%22Program%20Management%20Office%20Lead%22%20%22Egypt%22%20jobs"
"22392","Program Management Office Lead","Devex","Live Platform Search","Egypt","Egypt","","High","Monitoring","","2026-07-20","Live search for Program Management Office Lead in Egypt using Devex.","Generated search matrix","https://www.google.com/search?q=site%3Adevex.com%2Fjobs%20%22Program%20Management%20Office%20Lead%22%20%22Egypt%22%20jobs"
"22393","Program Management Office Lead","ReliefWeb","Live Platform Search","Egypt","Egypt","","High","Monitoring","","2026-07-20","Live search for Program Management Office Lead in Egypt using ReliefWeb.","Generated search matrix","https://reliefweb.int/jobs?search=Program%20Management%20Office%20Lead%20Egypt"
"22394","Program Management Office Lead","Google Jobs","Live Platform Search","Egypt","Egypt","","High","Monitoring","","2026-07-20","Live search for Program Management Office Lead in Egypt using Google Jobs.","Generated search matrix","https://www.google.com/search?q=Program%20Management%20Office%20Lead%20jobs%20Egypt"
"22941","Technology Strategy Manager","LinkedIn","Live Platform Search","Egypt","Egypt","","High","Monitoring","","2026-07-20","Live search for Technology Strategy Manager in Egypt using LinkedIn.","Generated search matrix","https://www.linkedin.com/jobs/search/?keywords=Technology%20Strategy%20Manager&location=Egypt&sortBy=DD"
"22942","Technology Strategy Manager","Indeed","Live Platform Search","Egypt","Egypt","","High","Monitoring","","2026-07-20","Live search for Technology Strategy Manager in Egypt using Indeed.","Generated search matrix","https://www.indeed.com/jobs?q=Technology%20Strategy%20Manager&l=Egypt&sort=date"
"22943","Technology Strategy Manager","Glassdoor","Live Platform Search","Egypt","Egypt","","High","Monitoring","","2026-07-20","Live search for Technology Strategy Manager in Egypt using Glassdoor.","Generated search matrix","https://www.google.com/search?q=site%3Aglassdoor.com%2FJob%20%22Technology%20Strategy%20Manager%22%20%22Egypt%22%20jobs"
"22944","Technology Strategy Manager","Bayt","Live Platform Search","Egypt","Egypt","","High","Monitoring","","2026-07-20","Live search for Technology Strategy Manager in Egypt using Bayt.","Generated search matrix","https://www.bayt.com/en/international/jobs/technology-strategy-manager-jobs/"
"22945","Technology Strategy Manager","GulfTalent","Live Platform Search","Egypt","Egypt","","High","Monitoring","","2026-07-20","Live search for Technology Strategy Manager in Egypt using GulfTalent.","Generated search matrix","https://www.google.com/search?q=site%3Agulftalent.com%20%22Technology%20Strategy%20Manager%22%20%22Egypt%22%20jobs"
"22946","Technology Strategy Manager","Naukrigulf","Live Platform Search","Egypt","Egypt","","High","Monitoring","","2026-07-20","Live search for Technology Strategy Manager in Egypt using Naukrigulf.","Generated search matrix","https://www.google.com/search?q=site%3Anaukrigulf.com%20%22Technology%20Strategy%20Manager%22%20%22Egypt%22%20jobs"
"22947","Technology Strategy Manager","WUZZUF","Live Platform Search","Egypt","Egypt","","High","Monitoring","","2026-07-20","Live search for Technology Strategy Manager in Egypt using WUZZUF.","Generated search matrix","https://wuzzuf.net/search/jobs/?q=Technology%20Strategy%20Manager&a=hpb"
"22948","Technology Strategy Manager","Careerjet","Live Platform Search","Egypt","Egypt","","High","Monitoring","","2026-07-20","Live search for Technology Strategy Manager in Egypt using Careerjet.","Generated search matrix","https://www.careerjet.com/search/jobs?s=Technology%20Strategy%20Manager&l=Egypt"
"22949","Technology Strategy Manager","Jooble","Live Platform Search","Egypt","Egypt","","High","Monitoring","","2026-07-20","Live search for Technology Strategy Manager in Egypt using Jooble.","Generated search matrix","https://jooble.org/SearchResult?rgns=Egypt&ukw=Technology%20Strategy%20Manager"
"22950","Technology Strategy Manager","Jobberman","Live Platform Search","Egypt","Egypt","","High","Monitoring","","2026-07-20","Live search for Technology Strategy Manager in Egypt using Jobberman.","Generated search matrix","https://www.google.com/search?q=site%3Ajobberman.com%20%22Technology%20Strategy%20Manager%22%20%22Egypt%22%20jobs"
"22951","Technology Strategy Manager","BrighterMonday","Live Platform Search","Egypt","Egypt","","High","Monitoring","","2026-07-20","Live search for Technology Strategy Manager in Egypt using BrighterMonday.","Generated search matrix","https://www.google.com/search?q=site%3Abrightermonday.co.ke%20%22Technology%20Strategy%20Manager%22%20%22Egypt%22%20jobs"
"22952","Technology Strategy Manager","Devex","Live Platform Search","Egypt","Egypt","","High","Monitoring","","2026-07-20","Live search for Technology Strategy Manager in Egypt using Devex.","Generated search matrix","https://www.google.com/search?q=site%3Adevex.com%2Fjobs%20%22Technology%20Strategy%20Manager%22%20%22Egypt%22%20jobs"
"22953","Technology Strategy Manager","ReliefWeb","Live Platform Search","Egypt","Egypt","","High","Monitoring","","2026-07-20","Live search for Technology Strategy Manager in Egypt using ReliefWeb.","Generated search matrix","https://reliefweb.int/jobs?search=Technology%20Strategy%20Manager%20Egypt"
"22954","Technology Strategy Manager","Google Jobs","Live Platform Search","Egypt","Egypt","","High","Monitoring","","2026-07-20","Live search for Technology Strategy Manager in Egypt using Google Jobs.","Generated search matrix","https://www.google.com/search?q=Technology%20Strategy%20Manager%20jobs%20Egypt"
"23501","ICT Manager","LinkedIn","Live Platform Search","Egypt","Egypt","","High","Monitoring","","2026-07-20","Live search for ICT Manager in Egypt using LinkedIn.","Generated search matrix","https://www.linkedin.com/jobs/search/?keywords=ICT%20Manager&location=Egypt&sortBy=DD"
"23502","ICT Manager","Indeed","Live Platform Search","Egypt","Egypt","","High","Monitoring","","2026-07-20","Live search for ICT Manager in Egypt using Indeed.","Generated search matrix","https://www.indeed.com/jobs?q=ICT%20Manager&l=Egypt&sort=date"
"23503","ICT Manager","Glassdoor","Live Platform Search","Egypt","Egypt","","High","Monitoring","","2026-07-20","Live search for ICT Manager in Egypt using Glassdoor.","Generated search matrix","https://www.google.com/search?q=site%3Aglassdoor.com%2FJob%20%22ICT%20Manager%22%20%22Egypt%22%20jobs"
"23504","ICT Manager","Bayt","Live Platform Search","Egypt","Egypt","","High","Monitoring","","2026-07-20","Live search for ICT Manager in Egypt using Bayt.","Generated search matrix","https://www.bayt.com/en/international/jobs/ict-manager-jobs/"
"23505","ICT Manager","GulfTalent","Live Platform Search","Egypt","Egypt","","High","Monitoring","","2026-07-20","Live search for ICT Manager in Egypt using GulfTalent.","Generated search matrix","https://www.google.com/search?q=site%3Agulftalent.com%20%22ICT%20Manager%22%20%22Egypt%22%20jobs"
"23506","ICT Manager","Naukrigulf","Live Platform Search","Egypt","Egypt","","High","Monitoring","","2026-07-20","Live search for ICT Manager in Egypt using Naukrigulf.","Generated search matrix","https://www.google.com/search?q=site%3Anaukrigulf.com%20%22ICT%20Manager%22%20%22Egypt%22%20jobs"
"23507","ICT Manager","WUZZUF","Live Platform Search","Egypt","Egypt","","High","Monitoring","","2026-07-20","Live search for ICT Manager in Egypt using WUZZUF.","Generated search matrix","https://wuzzuf.net/search/jobs/?q=ICT%20Manager&a=hpb"
"23508","ICT Manager","Careerjet","Live Platform Search","Egypt","Egypt","","High","Monitoring","","2026-07-20","Live search for ICT Manager in Egypt using Careerjet.","Generated search matrix","https://www.careerjet.com/search/jobs?s=ICT%20Manager&l=Egypt"
"23509","ICT Manager","Jooble","Live Platform Search","Egypt","Egypt","","High","Monitoring","","2026-07-20","Live search for ICT Manager in Egypt using Jooble.","Generated search matrix","https://jooble.org/SearchResult?rgns=Egypt&ukw=ICT%20Manager"
"23510","ICT Manager","Jobberman","Live Platform Search","Egypt","Egypt","","High","Monitoring","","2026-07-20","Live search for ICT Manager in Egypt using Jobberman.","Generated search matrix","https://www.google.com/search?q=site%3Ajobberman.com%20%22ICT%20Manager%22%20%22Egypt%22%20jobs"
"23511","ICT Manager","BrighterMonday","Live Platform Search","Egypt","Egypt","","High","Monitoring","","2026-07-20","Live search for ICT Manager in Egypt using BrighterMonday.","Generated search matrix","https://www.google.com/search?q=site%3Abrightermonday.co.ke%20%22ICT%20Manager%22%20%22Egypt%22%20jobs"
"23512","ICT Manager","Devex","Live Platform Search","Egypt","Egypt","","High","Monitoring","","2026-07-20","Live search for ICT Manager in Egypt using Devex.","Generated search matrix","https://www.google.com/search?q=site%3Adevex.com%2Fjobs%20%22ICT%20Manager%22%20%22Egypt%22%20jobs"
"23513","ICT Manager","ReliefWeb","Live Platform Search","Egypt","Egypt","","High","Monitoring","","2026-07-20","Live search for ICT Manager in Egypt using ReliefWeb.","Generated search matrix","https://reliefweb.int/jobs?search=ICT%20Manager%20Egypt"
"23514","ICT Manager","Google Jobs","Live Platform Search","Egypt","Egypt","","High","Monitoring","","2026-07-20","Live search for ICT Manager in Egypt using Google Jobs.","Generated search matrix","https://www.google.com/search?q=ICT%20Manager%20jobs%20Egypt"
"24061","Regional IT Manager","LinkedIn","Live Platform Search","Egypt","Egypt","","High","Monitoring","","2026-07-20","Live search for Regional IT Manager in Egypt using LinkedIn.","Generated search matrix","https://www.linkedin.com/jobs/search/?keywords=Regional%20IT%20Manager&location=Egypt&sortBy=DD"
"24062","Regional IT Manager","Indeed","Live Platform Search","Egypt","Egypt","","High","Monitoring","","2026-07-20","Live search for Regional IT Manager in Egypt using Indeed.","Generated search matrix","https://www.indeed.com/jobs?q=Regional%20IT%20Manager&l=Egypt&sort=date"
"24063","Regional IT Manager","Glassdoor","Live Platform Search","Egypt","Egypt","","High","Monitoring","","2026-07-20","Live search for Regional IT Manager in Egypt using Glassdoor.","Generated search matrix","https://www.google.com/search?q=site%3Aglassdoor.com%2FJob%20%22Regional%20IT%20Manager%22%20%22Egypt%22%20jobs"
"24064","Regional IT Manager","Bayt","Live Platform Search","Egypt","Egypt","","High","Monitoring","","2026-07-20","Live search for Regional IT Manager in Egypt using Bayt.","Generated search matrix","https://www.bayt.com/en/international/jobs/regional-it-manager-jobs/"
"24065","Regional IT Manager","GulfTalent","Live Platform Search","Egypt","Egypt","","High","Monitoring","","2026-07-20","Live search for Regional IT Manager in Egypt using GulfTalent.","Generated search matrix","https://www.google.com/search?q=site%3Agulftalent.com%20%22Regional%20IT%20Manager%22%20%22Egypt%22%20jobs"
"24066","Regional IT Manager","Naukrigulf","Live Platform Search","Egypt","Egypt","","High","Monitoring","","2026-07-20","Live search for Regional IT Manager in Egypt using Naukrigulf.","Generated search matrix","https://www.google.com/search?q=site%3Anaukrigulf.com%20%22Regional%20IT%20Manager%22%20%22Egypt%22%20jobs"
"24067","Regional IT Manager","WUZZUF","Live Platform Search","Egypt","Egypt","","High","Monitoring","","2026-07-20","Live search for Regional IT Manager in Egypt using WUZZUF.","Generated search matrix","https://wuzzuf.net/search/jobs/?q=Regional%20IT%20Manager&a=hpb"
"24068","Regional IT Manager","Careerjet","Live Platform Search","Egypt","Egypt","","High","Monitoring","","2026-07-20","Live search for Regional IT Manager in Egypt using Careerjet.","Generated search matrix","https://www.careerjet.com/search/jobs?s=Regional%20IT%20Manager&l=Egypt"
"24069","Regional IT Manager","Jooble","Live Platform Search","Egypt","Egypt","","High","Monitoring","","2026-07-20","Live search for Regional IT Manager in Egypt using Jooble.","Generated search matrix","https://jooble.org/SearchResult?rgns=Egypt&ukw=Regional%20IT%20Manager"
"24070","Regional IT Manager","Jobberman","Live Platform Search","Egypt","Egypt","","High","Monitoring","","2026-07-20","Live search for Regional IT Manager in Egypt using Jobberman.","Generated search matrix","https://www.google.com/search?q=site%3Ajobberman.com%20%22Regional%20IT%20Manager%22%20%22Egypt%22%20jobs"
"24071","Regional IT Manager","BrighterMonday","Live Platform Search","Egypt","Egypt","","High","Monitoring","","2026-07-20","Live search for Regional IT Manager in Egypt using BrighterMonday.","Generated search matrix","https://www.google.com/search?q=site%3Abrightermonday.co.ke%20%22Regional%20IT%20Manager%22%20%22Egypt%22%20jobs"
"24072","Regional IT Manager","Devex","Live Platform Search","Egypt","Egypt","","High","Monitoring","","2026-07-20","Live search for Regional IT Manager in Egypt using Devex.","Generated search matrix","https://www.google.com/search?q=site%3Adevex.com%2Fjobs%20%22Regional%20IT%20Manager%22%20%22Egypt%22%20jobs"
"24073","Regional IT Manager","ReliefWeb","Live Platform Search","Egypt","Egypt","","High","Monitoring","","2026-07-20","Live search for Regional IT Manager in Egypt using ReliefWeb.","Generated search matrix","https://reliefweb.int/jobs?search=Regional%20IT%20Manager%20Egypt"
"24074","Regional IT Manager","Google Jobs","Live Platform Search","Egypt","Egypt","","High","Monitoring","","2026-07-20","Live search for Regional IT Manager in Egypt using Google Jobs.","Generated search matrix","https://www.google.com/search?q=Regional%20IT%20Manager%20jobs%20Egypt"
"24621","Country IT Manager","LinkedIn","Live Platform Search","Egypt","Egypt","","High","Monitoring","","2026-07-20","Live search for Country IT Manager in Egypt using LinkedIn.","Generated search matrix","https://www.linkedin.com/jobs/search/?keywords=Country%20IT%20Manager&location=Egypt&sortBy=DD"
"24622","Country IT Manager","Indeed","Live Platform Search","Egypt","Egypt","","High","Monitoring","","2026-07-20","Live search for Country IT Manager in Egypt using Indeed.","Generated search matrix","https://www.indeed.com/jobs?q=Country%20IT%20Manager&l=Egypt&sort=date"
"24623","Country IT Manager","Glassdoor","Live Platform Search","Egypt","Egypt","","High","Monitoring","","2026-07-20","Live search for Country IT Manager in Egypt using Glassdoor.","Generated search matrix","https://www.google.com/search?q=site%3Aglassdoor.com%2FJob%20%22Country%20IT%20Manager%22%20%22Egypt%22%20jobs"
"24624","Country IT Manager","Bayt","Live Platform Search","Egypt","Egypt","","High","Monitoring","","2026-07-20","Live search for Country IT Manager in Egypt using Bayt.","Generated search matrix","https://www.bayt.com/en/international/jobs/country-it-manager-jobs/"
"24625","Country IT Manager","GulfTalent","Live Platform Search","Egypt","Egypt","","High","Monitoring","","2026-07-20","Live search for Country IT Manager in Egypt using GulfTalent.","Generated search matrix","https://www.google.com/search?q=site%3Agulftalent.com%20%22Country%20IT%20Manager%22%20%22Egypt%22%20jobs"
"24626","Country IT Manager","Naukrigulf","Live Platform Search","Egypt","Egypt","","High","Monitoring","","2026-07-20","Live search for Country IT Manager in Egypt using Naukrigulf.","Generated search matrix","https://www.google.com/search?q=site%3Anaukrigulf.com%20%22Country%20IT%20Manager%22%20%22Egypt%22%20jobs"
"24627","Country IT Manager","WUZZUF","Live Platform Search","Egypt","Egypt","","High","Monitoring","","2026-07-20","Live search for Country IT Manager in Egypt using WUZZUF.","Generated search matrix","https://wuzzuf.net/search/jobs/?q=Country%20IT%20Manager&a=hpb"
"24628","Country IT Manager","Careerjet","Live Platform Search","Egypt","Egypt","","High","Monitoring","","2026-07-20","Live search for Country IT Manager in Egypt using Careerjet.","Generated search matrix","https://www.careerjet.com/search/jobs?s=Country%20IT%20Manager&l=Egypt"
"24629","Country IT Manager","Jooble","Live Platform Search","Egypt","Egypt","","High","Monitoring","","2026-07-20","Live search for Country IT Manager in Egypt using Jooble.","Generated search matrix","https://jooble.org/SearchResult?rgns=Egypt&ukw=Country%20IT%20Manager"
"24630","Country IT Manager","Jobberman","Live Platform Search","Egypt","Egypt","","High","Monitoring","","2026-07-20","Live search for Country IT Manager in Egypt using Jobberman.","Generated search matrix","https://www.google.com/search?q=site%3Ajobberman.com%20%22Country%20IT%20Manager%22%20%22Egypt%22%20jobs"
"24631","Country IT Manager","BrighterMonday","Live Platform Search","Egypt","Egypt","","High","Monitoring","","2026-07-20","Live search for Country IT Manager in Egypt using BrighterMonday.","Generated search matrix","https://www.google.com/search?q=site%3Abrightermonday.co.ke%20%22Country%20IT%20Manager%22%20%22Egypt%22%20jobs"
"24632","Country IT Manager","Devex","Live Platform Search","Egypt","Egypt","","High","Monitoring","","2026-07-20","Live search for Country IT Manager in Egypt using Devex.","Generated search matrix","https://www.google.com/search?q=site%3Adevex.com%2Fjobs%20%22Country%20IT%20Manager%22%20%22Egypt%22%20jobs"
"24633","Country IT Manager","ReliefWeb","Live Platform Search","Egypt","Egypt","","High","Monitoring","","2026-07-20","Live search for Country IT Manager in Egypt using ReliefWeb.","Generated search matrix","https://reliefweb.int/jobs?search=Country%20IT%20Manager%20Egypt"
"24634","Country IT Manager","Google Jobs","Live Platform Search","Egypt","Egypt","","High","Monitoring","","2026-07-20","Live search for Country IT Manager in Egypt using Google Jobs.","Generated search matrix","https://www.google.com/search?q=Country%20IT%20Manager%20jobs%20Egypt"
"25181","Technical Team Lead","LinkedIn","Live Platform Search","Egypt","Egypt","","High","Monitoring","","2026-07-20","Live search for Technical Team Lead in Egypt using LinkedIn.","Generated search matrix","https://www.linkedin.com/jobs/search/?keywords=Technical%20Team%20Lead&location=Egypt&sortBy=DD"
"25182","Technical Team Lead","Indeed","Live Platform Search","Egypt","Egypt","","High","Monitoring","","2026-07-20","Live search for Technical Team Lead in Egypt using Indeed.","Generated search matrix","https://www.indeed.com/jobs?q=Technical%20Team%20Lead&l=Egypt&sort=date"
"25183","Technical Team Lead","Glassdoor","Live Platform Search","Egypt","Egypt","","High","Monitoring","","2026-07-20","Live search for Technical Team Lead in Egypt using Glassdoor.","Generated search matrix","https://www.google.com/search?q=site%3Aglassdoor.com%2FJob%20%22Technical%20Team%20Lead%22%20%22Egypt%22%20jobs"
"25184","Technical Team Lead","Bayt","Live Platform Search","Egypt","Egypt","","High","Monitoring","","2026-07-20","Live search for Technical Team Lead in Egypt using Bayt.","Generated search matrix","https://www.bayt.com/en/international/jobs/technical-team-lead-jobs/"
"25185","Technical Team Lead","GulfTalent","Live Platform Search","Egypt","Egypt","","High","Monitoring","","2026-07-20","Live search for Technical Team Lead in Egypt using GulfTalent.","Generated search matrix","https://www.google.com/search?q=site%3Agulftalent.com%20%22Technical%20Team%20Lead%22%20%22Egypt%22%20jobs"
"25186","Technical Team Lead","Naukrigulf","Live Platform Search","Egypt","Egypt","","High","Monitoring","","2026-07-20","Live search for Technical Team Lead in Egypt using Naukrigulf.","Generated search matrix","https://www.google.com/search?q=site%3Anaukrigulf.com%20%22Technical%20Team%20Lead%22%20%22Egypt%22%20jobs"
"25187","Technical Team Lead","WUZZUF","Live Platform Search","Egypt","Egypt","","High","Monitoring","","2026-07-20","Live search for Technical Team Lead in Egypt using WUZZUF.","Generated search matrix","https://wuzzuf.net/search/jobs/?q=Technical%20Team%20Lead&a=hpb"
"25188","Technical Team Lead","Careerjet","Live Platform Search","Egypt","Egypt","","High","Monitoring","","2026-07-20","Live search for Technical Team Lead in Egypt using Careerjet.","Generated search matrix","https://www.careerjet.com/search/jobs?s=Technical%20Team%20Lead&l=Egypt"
"25189","Technical Team Lead","Jooble","Live Platform Search","Egypt","Egypt","","High","Monitoring","","2026-07-20","Live search for Technical Team Lead in Egypt using Jooble.","Generated search matrix","https://jooble.org/SearchResult?rgns=Egypt&ukw=Technical%20Team%20Lead"
"25190","Technical Team Lead","Jobberman","Live Platform Search","Egypt","Egypt","","High","Monitoring","","2026-07-20","Live search for Technical Team Lead in Egypt using Jobberman.","Generated search matrix","https://www.google.com/search?q=site%3Ajobberman.com%20%22Technical%20Team%20Lead%22%20%22Egypt%22%20jobs"
"25191","Technical Team Lead","BrighterMonday","Live Platform Search","Egypt","Egypt","","High","Monitoring","","2026-07-20","Live search for Technical Team Lead in Egypt using BrighterMonday.","Generated search matrix","https://www.google.com/search?q=site%3Abrightermonday.co.ke%20%22Technical%20Team%20Lead%22%20%22Egypt%22%20jobs"
"25192","Technical Team Lead","Devex","Live Platform Search","Egypt","Egypt","","High","Monitoring","","2026-07-20","Live search for Technical Team Lead in Egypt using Devex.","Generated search matrix","https://www.google.com/search?q=site%3Adevex.com%2Fjobs%20%22Technical%20Team%20Lead%22%20%22Egypt%22%20jobs"
"25193","Technical Team Lead","ReliefWeb","Live Platform Search","Egypt","Egypt","","High","Monitoring","","2026-07-20","Live search for Technical Team Lead in Egypt using ReliefWeb.","Generated search matrix","https://reliefweb.int/jobs?search=Technical%20Team%20Lead%20Egypt"
"25194","Technical Team Lead","Google Jobs","Live Platform Search","Egypt","Egypt","","High","Monitoring","","2026-07-20","Live search for Technical Team Lead in Egypt using Google Jobs.","Generated search matrix","https://www.google.com/search?q=Technical%20Team%20Lead%20jobs%20Egypt"
